elapsed_s,publish_time_s,odometry_time_s,commissioned_delay_ms,x_m,y_m,yaw_rad,speed_mps,yaw_rate_radps,progress_m,lateral_error_m,yaw_error_rad,reference_speed_mps,published_speed_command_mps,published_steering_command_rad,next_speed_command_mps,next_steering_command_rad,solver_success,solver_status,solver_iterations,solver_time_s,mpc_total_compute_s,cycle_compute_s,deadline_met,constraint_violation,fallback_reason
0.0,14.712,14.703,4.483333399999999,0.116741229243149,-2.0033737053257465,-0.0019450441377520012,0.00021919662623494924,8.091370276926468e-07,-0.010981495877940626,7.904786072297353e-06,0.0001137786881704006,0.5,0.0,0.0,0.2761044384881118,-0.010445487696349403,True,Solve_Succeeded,3,0.028640600998187438,0.03165856099803932,0.03226035900297575,True,4.5632115874762354e-07,
0.1,14.812,14.805,4.483333399999999,0.11666033682194998,-2.0033735150813445,-0.0019450530509325542,0.00021920278025848433,8.061657279778284e-07,-0.011062390480714118,7.928452840844605e-06,0.00011461498872840153,0.5,0.2761044384881118,-0.010445487696349403,0.5018608037702884,-0.017200524365692423,True,Solve_Succeeded,2,0.02155831099662464,0.024055021996900905,0.024326699000084773,True,4.382868386614348e-07,
0.2,14.912,14.907,4.483333399999999,0.1172717157363794,-2.0033746436125655,-0.0019472746576957678,0.015382095357732288,-7.895393336702127e-05,-0.010450995167168105,8.057208513524443e-06,0.00010600821904723336,0.5,0.5018608037702884,-0.017200524365692423,0.6821592955689956,-0.021851272734931065,True,Solve_Succeeded,2,0.018790986003295984,0.021559875000093598,0.02180434700130718,True,3.5116011384419683e-07,
0.3,15.012,15.009,4.483333399999999,0.12016465922896336,-2.003380245780325,-0.001972287855626732,0.04428639709642062,-0.00045821526161505453,-0.007557955848606789,8.351471437405998e-06,5.0871925513028705e-05,0.54166666667,0.6821592955689956,-0.021851272734931065,0.8433410286360371,-0.025490710570383712,True,Solve_Succeeded,2,0.022303254998405464,0.026716075000877026,0.02737510599399684,True,1.682366363997545e-07,
0.4,15.112,15.111,4.483333399999999,0.1265432491472951,-2.0033930059256466,-0.0020539161717600058,0.08322869737232962,-0.0011561146250622498,-0.0011790408956012723,8.28572071419649e-06,-9.664645326670166e-05,0.7222222222266667,0.8433410286360371,-0.025490710570383712,1.0557230018963821,-0.029855043267342365,True,Solve_Succeeded,3,0.0315410709954449,0.03634072899876628,0.036692644003778696,True,3.172062470078495e-08,
0.5,15.212,15.179,4.483333399999999,0.13318983886446012,-2.0034069269194377,-0.002154153668356078,0.11465156335881574,-0.0017899597187449124,0.005467653299664294,7.1476219323576905e-06,-0.00026490711880793787,0.9027777777833333,1.0557230018963821,-0.029855043267342365,1.3108366129098337,-0.034175942729315865,True,Solve_Succeeded,3,0.03023912600474432,0.03451874700112967,0.03581034800299676,True,4.3639319071104734e-08,
0.6,15.312,15.281,4.483333399999999,0.14741629608286655,-2.0034391306061714,-0.002392754028098173,0.16893746453541772,-0.0029869935526664923,0.01969415127023205,7.927623187885785e-07,-0.0006478038402680099,1.08333333334,1.3108366129098337,-0.034175942729315865,1.5903367568276903,-0.03757074204408377,True,Solve_Succeeded,3,0.031063369002367835,0.036031595001986716,0.03638597499957541,True,4.7205560872259194e-08,
0.7,15.412,15.383,4.483333399999999,0.16777785823842217,-2.0034915425169477,-0.002777130210507424,0.23538480233561268,-0.004689926753673518,0.04005575185388544,-1.8166671728039988e-05,-0.0012356367429894504,1.2638888888966666,1.5903367568276903,-0.03757074204408377,1.8851741151767119,-0.03992706744487335,True,Solve_Succeeded,3,0.03449970899964683,0.039728044997900724,0.04012222399614984,True,6.151177639338133e-08,
0.8,15.512,15.485,4.483333399999999,0.195597989222699,-2.0035766366551555,-0.0033621871414319707,0.31531482727100063,-0.006910802206023711,0.06787596351706136,-6.417703689856833e-05,-0.00209280354699024,1.4444444444533333,1.8851741151767119,-0.03992706744487335,2.188322211123507,-0.04117786176466259,True,Solve_Succeeded,2,0.022854712995467708,0.026753653000923805,0.027235077999648638,True,6.766681427516907e-06,
0.9,15.612,15.587,4.483333399999999,0.23229261865724715,-2.0037149710016435,-0.004197637593223522,0.40931791385464017,-0.009559610302940622,0.1045706842818474,-0.00016236138886742153,-0.003276701068330965,1.62500000001,2.188322211123507,-0.04117786176466259,2.4946645797891804,-0.04135533871900513,True,Solve_Succeeded,2,0.024599418000434525,0.029170413996325806,0.029708197005675174,True,7.41207219334683e-06,
1.0,15.712,15.689,4.483333399999999,0.279290227841011,-2.0039382090397795,-0.005317509489617174,0.5171907296497301,-0.012437415403184004,0.15156832899802625,-0.0003524692665402771,-0.004825270727403681,1.8055555555666667,2.4946645797891804,-0.04135533871900513,2.800814053274139,-0.04057861556597083,True,Solve_Succeeded,3,0.033501201003673486,0.037328164995415136,0.03770732400153065,True,4.259316360170169e-08,
1.1,15.812,15.791,4.483333399999999,0.3379907102822617,-2.0042917292023623,-0.006735314477653555,0.6385441478063689,-0.015359244473377711,0.21026862710268107,-0.0006921383912450006,-0.006750381142465324,1.9861111111233336,2.800814053274139,-0.04057861556597083,3.1041969068336983,-0.038986252925073996,True,Solve_Succeeded,3,0.03387373000441585,0.037693718004447874,0.03813600099965697,True,1.3051536784749438e-08,
1.2,15.912,15.893,4.483333399999999,0.40974027349485087,-2.0048363203952135,-0.008443352383853336,0.7727469206832588,-0.018098111385353374,0.282017462088669,-0.0012587921686433921,-0.009035274993740499,2.16666666668,3.1041969068336983,-0.038986252925073996,3.402359597372809,-0.03669735369996058,True,Solve_Succeeded,3,0.03111329300008947,0.03492506600014167,0.03547879400139209,True,1.7576164290281563e-08,
1.3,16.012,15.995,4.483333399999999,0.49581224173185334,-2.0056484459129336,-0.010414980788060593,0.919016659659033,-0.020506584308707897,0.368087589758723,-0.0021493944865310153,-0.011634791189328322,2.3472222222366668,3.402359597372809,-0.03669735369996058,3.6924400311642436,-0.033763024355343806,True,Solve_Succeeded,3,0.03380967699922621,0.03734328900463879,0.037749647002783604,True,3.5547788754896985e-08,
1.4,16.112,16.097,4.483333399999999,0.5973782803119216,-2.006818800136972,-0.012606159028847999,1.076243907640213,-0.02240579191242773,0.46964987709347394,-0.00347743301131276,-0.01447454739207267,2.5277777777933332,3.6924400311642436,-0.033763024355343806,3.9714505539784133,-0.030199811607512086,True,Solve_Succeeded,3,0.032269681003526784,0.03527699400001438,0.03559874000347918,True,1.810283556540137e-08,
1.5,16.212,16.199,4.483333399999999,0.7154641047517354,-2.0084483572418246,-0.01495450830876643,1.2424134080100455,-0.023612892523690768,0.5877291059432296,-0.005365880122235255,-0.01744736738453134,2.70833333335,3.9714505539784133,-0.030199811607512086,4.237190493423268,-0.02603998635277851,True,Solve_Succeeded,3,0.03422571299597621,0.03939974699460436,0.040146660001482815,True,3.9892657774254366e-08,
1.6,16.312,16.301,4.483333399999999,0.8508819328263336,-2.0106411264844293,-0.017375225535409346,1.4158046067749048,-0.023876572420721397,0.7231367826523978,-0.007934853811372287,-0.02040645865232313,2.8888888889066666,4.237190493423268,-0.02603998635277851,4.4888047508044,-0.02136687390728822,True,Solve_Succeeded,3,0.034747558005619794,0.039492089999839664,0.04013094899710268,True,1.0279708001969065e-07,
1.7,16.412,16.403,4.483333399999999,1.0039223993684283,-2.013492776972914,-0.019839071273726958,1.5897960462986778,-0.023512296799812395,0.8761637282796253,-0.011282018793640821,-0.02324063944320441,3.0694444444633335,4.4888047508044,-0.02136687390728822,4.728054916733142,-0.016325401637146002,True,Solve_Succeeded,3,0.03209840199997416,0.0350600499950815,0.03532768799777841,True,2.1051477827049316e-07,
1.8,16.512,16.505,4.483333399999999,1.1753598712116848,-2.0170968427296683,-0.022099676826209357,1.7742238685315932,-0.020903569678733722,1.0475863916291366,-0.015482703828536157,-0.025601908038693742,3.25000000002,4.728054916733142,-0.016325401637146002,4.95499811149099,-0.011177268796579215,True,Solve_Succeeded,3,0.0305417249983293,0.035144615001627244,0.03565182599413674,True,6.12373511841221e-07,
1.9,16.614,16.607,4.483333399999999,1.3657882634173553,-2.0214974550955267,-0.023995959718865936,1.9621189501183522,-0.016823748799277113,1.2380043215221324,-0.02052886679495511,-0.02720016072517774,3.430555555576667,4.95499811149099,-0.011177268796579215,5.161426821255131,-0.006117656658892251,True,Solve_Succeeded,5,0.04629499300062889,0.04953318300249521,0.04992533699987689,True,8.905121127941739e-07,
2.0,16.712,16.709,4.483333399999999,1.575163146946576,-2.02669723599488,-0.02556795569960738,2.147991665324541,-0.0127719112612839,1.447381588719192,-0.026323550530507778,-0.028007800058810678,3.6111111111333334,5.161426821255131,-0.006117656658892251,5.326559195708736,-0.0013258167367005869,True,Solve_Succeeded,4,0.043236609002633486,0.046825801000522915,0.047552035000990145,True,2.597060788644967e-07,
2.1,16.812,16.811,4.483333399999999,1.8039255247007104,-2.0326718899414216,-0.02650575600981466,2.3398405884382725,-0.006170542544157409,1.6761587335107544,-0.032752152468496644,-0.028030310894117023,3.7916666666900007,5.326559195708736,-0.0013258167367005869,5.443371505836113,0.002742197387989078,True,Solve_Succeeded,6,0.056740661995718256,0.0599609060009243,0.0602792049976415,True,1.0778089826841628e-07,
2.2,16.912,16.879,4.483333399999999,1.9672754895640518,-2.0370267723066564,-0.02671481515996082,2.4678565426766035,-6.0676286362719493e-05,1.839526793605877,-0.03730161026034706,-0.02757071257961368,3.972222222246667,5.443371505836113,0.002742197387989078,5.49999769034782,0.0048896748944826955,True,Solve_Succeeded,5,0.04185734900238458,0.04492467700038105,0.045408682999550365,True,1.3290408863483302e-07,
2.3,17.012,16.981,4.483333399999999,2.228379254010184,-2.0439818003537114,-0.02641314269281206,2.655272568513992,0.006918883175160844,2.100672929076227,-0.044338359437188,-0.02617949878073403,4.152777777803333,5.49999769034782,0.0048896748944826955,5.499999910933942,0.006868744033030869,True,Solve_Succeeded,6,0.0506423429978895,0.054904696000448894,0.05524218299979111,True,3.9694075012528906e-08,
2.4,17.112,17.083,4.483333399999999,2.5082889479673094,-2.051253143979982,-0.025431251571812488,2.8358075739207553,0.012503186056220163,2.380645324469148,-0.05137845345148813,-0.024010182465971766,4.33333333336,5.499999910933942,0.006868744033030869,5.500000023925078,0.008329881121805525,True,Solve_Succeeded,6,0.05175207000138471,0.05443096999806585,0.05499415800295537,True,4.3665842190248336e-08,
2.5,17.212,17.185,4.483333399999999,2.806135682207146,-2.058616736710206,-0.023921092767424896,3.0061959907403235,0.017404116360006612,2.678576305697682,-0.05812933314738491,-0.021227680237238606,4.513888888916667,5.500000023925078,0.008329881121805525,5.499999679216428,0.008951098398368766,True,Solve_Succeeded,6,0.05765427600272233,0.06067543700191891,0.060945090001041535,True,1.4610358838859422e-07,
2.6,17.312,17.287,4.483333399999999,3.1208137469785373,-2.0658414881156757,-0.021908764136950625,3.16578281360701,0.02228948198479758,2.993358741008245,-0.06429564199553267,-0.017877929054008073,4.6944444444733335,5.499999679216428,0.008951098398368766,5.500000007101739,0.008616437677556484,True,Solve_Succeeded,7,0.061832860999857076,0.0661876750018564,0.06661154200264718,True,5.534325742758035e-08,
2.7,17.412,17.389,4.483333399999999,3.4512584277155423,-2.0726949040070215,-0.019589737408356792,3.315249733135482,0.022055312796346635,3.323922767736817,-0.06959030079329964,-0.014204180818722881,4.87500000003,5.500000007101739,0.008616437677556484,5.4999991152191985,0.00849401071573898,True,Solve_Succeeded,6,0.05355491999944206,0.056240368001454044,0.056513256997277495,True,3.1340566586379737e-08,
2.8,17.512,17.491,4.483333399999999,3.796461813463674,-2.079022495534927,-0.017083105308472867,3.455001192124306,0.022964186067284734,3.6692506778484164,-0.07383205415966644,-0.010406022933249957,5.0555555555866665,5.4999991152191985,0.00849401071573898,5.500000052188459,0.00726049974612263,True,Solve_Succeeded,7,0.055970594999962486,0.05887208499916596,0.0591392719943542,True,5.2188458887769684e-08,
2.9,17.612,17.593,4.483333399999999,4.155459482573502,-2.084707208628144,-0.014603142053518538,3.585586026039279,0.022788248599357765,4.0283712370713465,-0.0768987437427542,-0.006718690451544719,5.236111111143334,5.500000052188459,0.00726049974612263,5.500000042941663,0.006226192536327468,True,Solve_Succeeded,6,0.05047090000152821,0.05341487600526307,0.05374912600382231,True,4.294166267015953e-08,
3.0,17.712,17.695,4.483333399999999,4.527327433599518,-2.0900064889754026,-0.015302175477487258,3.707295805455328,-0.06377539700527034,4.400356951654178,-0.07905566510803241,-0.006311384461571546,5.4166666667,5.500000042941663,0.006226192536327468,5.500000021885561,0.02687195668796862,True,Solve_Succeeded,6,0.05035039700305788,0.0536252460005926,0.053995296999346465,True,4.31289034485971e-08,
3.1,17.812,17.797,4.483333399999999,4.9102871146780505,-2.0980326153595983,-0.027850947023926168,3.809148971598869,-0.15690752592689242,4.783455782514365,-0.08344438851801449,-0.01787263272167057,5.4166666667,5.500000021885561,0.02687195668796862,5.500000032996572,0.04810598659472352,True,Solve_Succeeded,6,0.050265265999769326,0.053406892002385575,0.05368422999890754,True,3.299657169719694e-08,
3.2,17.912,17.899,4.483333399999999,5.3035846833825,-2.1121141076815304,-0.0428330527027572,3.9121728493875647,-0.11747125032576111,5.176954246195143,-0.09342727359148968,-0.03199933205947228,5.4166666667,5.500000032996572,0.04810598659472352,5.500000020869736,0.052242707555167585,True,Solve_Succeeded,6,0.052558926996425726,0.05603102999884868,0.056354968997766264,True,2.454027309313489e-08,
3.3,18.012,18.001,4.483333399999999,5.707073810490567,-2.131417033898096,-0.0510291249622274,4.01200810506615,-0.029723458037373914,5.580705858475302,-0.1082085844025982,-0.03948372678520369,5.4166666667,5.500000020869736,0.052242707555167585,5.500000003133295,0.054010637793642846,True,Solve_Succeeded,6,0.05063328199321404,0.05335765199561138,0.053618537000147626,True,1.270143012988001e-08,
3.4,18.112,18.103,4.483333399999999,6.120337334624106,-2.1525895922333156,-0.04974484065021475,4.103735686351334,0.0686541852999137,5.994255498678145,-0.12448761176411287,-0.037643598931652325,5.4166666667,5.500000003133295,0.054010637793642846,5.5000000151557575,0.051869156859438464,True,Solve_Succeeded,6,0.05350767300114967,0.056507717999920715,0.05702106499666115,True,3.041361553712818e-07,
3.5,18.212,18.205,4.483333399999999,6.542670179436021,-2.171290652841504,-0.03755544528345322,4.186018016753605,0.1566270537442507,6.416837276784865,-0.13798830786844538,-0.025066170412102233,5.4166666667,5.5000000151557575,0.051869156859438464,5.500000054991686,0.036677602902090496,True,Solve_Succeeded,7,0.05775558599998476,0.061383591004414484,0.061801567004295066,True,5.4991685871641494e-08,
3.6,18.312,18.307,4.483333399999999,6.973530873117289,-2.184968024296474,-0.025200653939746527,4.268777616092361,0.13934515222579336,6.847865775721948,-0.14623178068865506,-0.01250221480920228,5.4166666667,5.500000054991686,0.036677602902090496,5.499999829475879,0.035691914691973955,True,Solve_Succeeded,6,0.05318851700576488,0.056598686998768244,0.05706602500140434,True,9.865595007596539e-08,
3.7,18.412,18.409,4.483333399999999,7.413002837973222,-2.1934366914908114,-0.013918712696366933,4.352584339838593,0.09928748401154404,7.287412775698969,-0.14910782732455988,-0.0012006050175086512,5.4166666667,5.499999829475879,0.035691914691973955,5.500000053948229,0.028878555254908716,True,Solve_Succeeded,7,0.06034950700268382,0.06401558300422039,0.06442858900118154,True,5.3948228995182035e-08,
3.8,18.512,18.511,4.483333399999999,7.860469286628104,-2.1972028586679517,-0.0019201775035781075,4.419797081684211,0.0812092150945719,7.7348686989425035,-0.14721348733679515,0.010646878853488676,5.4166666667,5.500000053948229,0.028878555254908716,5.499999998731792,0.017075785210868975,True,Solve_Succeeded,6,0.05095510100363754,0.054944013005297165,0.055562114001077134,True,4.9302687266106204e-08,
3.9,18.612,18.579,4.483333399999999,8.162659273727476,-2.197009634975588,0.0032008793617139017,4.469523358753164,0.07363952839045272,8.037016641648762,-0.1432395385903966,0.015657947845886838,5.4166666667,5.499999998731792,0.017075785210868975,5.500000013609755,0.00824407528906168,True,Solve_Succeeded,6,0.05295350699452683,0.056114343999070115,0.056874836001952644,True,1.3609755100674192e-08,
4.0,18.712,18.681,4.483333399999999,8.62197362035304,-2.1939493537586863,0.009599613685626252,4.538407368301849,0.04105177131579013,8.496236602399112,-0.13449378891777644,0.02190329838500451,5.4166666667,5.500000013609755,0.00824407528906168,5.499999966536014,0.007411314132630092,True,Solve_Succeeded,6,0.0521175760004553,0.055725215999700595,0.0561020000022836,True,9.85484591708996e-08,
4.1,18.812,18.783,4.483333399999999,9.088072054271837,-2.188667714055175,0.012761014782879691,4.602597908216392,0.017732096093299347,8.962217653783162,-0.12351093343615968,0.02492606107824144,5.4166666667,5.499999966536014,0.007411314132630092,5.499999930666256,0.00406937641836081,True,Solve_Succeeded,6,0.06399943699943833,0.0665311010016012,0.06678572399687255,True,2.1312413675474194e-08,
4.2,18.912,18.885,4.483333399999999,9.560458947101838,-2.18237246659896,0.013806674502418941,4.6620644408452945,0.008914434954403128,9.434479297572341,-0.11149942784446491,0.025848700440540922,5.4166666667,5.499999930666256,0.00406937641836081,5.4999999495646295,0.0009457617236202951,True,Solve_Succeeded,6,0.05319292499916628,0.056476509002095554,0.05676679200405488,True,1.4707913787082765e-08,
4.3,19.012,18.987,4.483333399999999,10.038726330323037,-2.175598128047036,0.014423100504133222,4.718153785621717,0.0031959601822775215,9.912619877173718,-0.09899261832379039,0.026358518689276432,5.4166666667,5.4999999495646295,0.0009457617236202951,5.499999927673077,-0.0014778909046476653,True,Solve_Succeeded,6,0.05780713200510945,0.06331397299800301,0.06412849699700018,True,3.0013822538421664e-09,
4.4,19.112,19.089,4.483333399999999,10.52255049675897,-2.16860256412066,0.014443152680454483,4.771077642562848,-0.0003248416716772858,10.396318374192614,-0.08624542909502331,0.026289104426910015,5.4166666667,5.499999927673077,-0.0014778909046476653,5.499999897365927,-0.00418891854559471,True,Solve_Succeeded,6,0.06327860100282123,0.06679579999763519,0.06740963199990802,True,1.3512480023791795e-09,
4.5,19.212,19.191,4.483333399999999,11.011609843044207,-2.161573960880827,0.014230127817682566,4.8207888595639465,-0.00509036446097953,10.88525488744709,-0.07344236476968906,0.026004441006917508,5.4166666667,5.499999897365927,-0.00418891854559471,5.5000000523685575,-0.006309655989400833,True,Solve_Succeeded,7,0.06589924100262579,0.06975167200289434,0.07021031700423919,True,5.236855749046754e-08,
4.6,19.312,19.293,4.483333399999999,11.505578323471727,-2.15472895812798,0.013336435734677504,4.867264173426378,-0.01253854903291892,11.37910530233567,-0.06079575356263241,0.02505758181878241,5.4166666667,5.5000000523685575,-0.006309655989400833,5.500000051963113,-0.007489302905534438,True,Solve_Succeeded,7,0.06314233600278385,0.06743533299595583,0.06784835900180042,True,5.196311292365863e-08,
4.7,19.412,19.395,4.483333399999999,12.004136735057543,-2.148452212118716,0.011692118493848666,4.910700351271565,-0.018937422332350396,11.877554238096085,-0.04868521115930169,0.023379166588120122,5.4166666667,5.500000051963113,-0.007489302905534438,5.4999998175141505,-0.00837147950927744,True,Solve_Succeeded,6,0.057511699000315275,0.061036117003823165,0.06145333000313258,True,9.593291494525147e-09,
4.8,19.512,19.497,4.483333399999999,12.506991457051472,-2.1431084001104668,0.009461097737389079,4.951318904348714,-0.022818574312853716,12.380311624352201,-0.03746948783584535,0.02113366892730657,5.4166666667,5.4999998175141505,-0.00837147950927744,5.500000051320661,-0.008860228156817885,True,Solve_Succeeded,7,0.0627971210051328,0.0671340289991349,0.06777219499781495,True,5.1320660610088e-08,
4.9,19.612,19.599,4.483333399999999,13.013864351322175,-2.1389503839090804,0.006881967716060531,4.989309030968332,-0.025346677941326244,12.887101609822102,-0.02739480518978621,0.018560192839552236,5.4166666667,5.500000051320661,-0.008860228156817885,5.499999781697694,-0.008772219533953565,True,Solve_Succeeded,6,0.058529987996735144,0.06210036200354807,0.06273727000370855,True,1.6626226617688644e-08,
5.0,19.712,19.701,4.483333399999999,13.524497685256238,-2.136138549549406,0.004098338066913945,5.024908762443049,-0.026744964442124458,13.397667776146308,-0.01861418275997526,0.015802817653366656,5.4166666667,5.499999781697694,-0.008772219533953565,5.50000005175196,-0.008269497685108795,True,Solve_Succeeded,7,0.060438827000325546,0.06367893599963281,0.06433160700544249,True,5.175196005069438e-08,
5.1,19.812,19.803,4.483333399999999,14.038655274669685,-2.1347635519406047,0.0012536169492295731,5.058324366750276,-0.026625784136282124,13.911774584473612,-0.011210210669179125,0.01300538430187795,5.4166666667,5.50000005175196,-0.008269497685108795,5.500000053603681,-0.0075407156388205224,True,Solve_Succeeded,7,0.0558326960017439,0.060231596005905885,0.06064502200024435,True,5.3603680605363024e-08,
5.2,19.912,19.905,4.483333399999999,14.556118908894899,-2.134835857730851,-0.0014994145917179205,5.089717755696262,-0.025178048858769984,14.42920369356195,-0.005184674260759116,0.01032107254576282,5.4166666667,5.500000053603681,-0.0075407156388205224,5.500000051221985,-0.006672496958278618,True,Solve_Succeeded,7,0.060919272000319324,0.06402455400530016,0.06437035700218985,True,5.1221984875837734e-08,
5.3,20.012,20.007,4.483333399999999,15.07668562620034,-2.1362941741699957,-0.004049952501386441,5.119229138503946,-0.022585731210406673,14.949751324047094,-0.0004670506488403045,0.007861053387033983,5.4166666667,5.500000051221985,-0.006672496958278618,5.49999998566278,-0.005813481632199641,True,Maximum_CpuTime_Exceeded,6,0.0710144440017757,0.07501970299927052,0.0755032779998146,True,2.266825571695108e-08,
5.4,20.112,20.109,4.483333399999999,15.600166471401877,-2.139028742886608,-0.006345659912972904,5.146978363857685,-0.020071862674352806,15.473227262834046,0.0030621507385507514,0.005678001006178176,5.4166666667,5.49999998566278,-0.005813481632199641,5.499999645330358,-0.004787105813178063,True,Maximum_CpuTime_Exceeded,6,0.06493105600384297,0.07136102399817901,0.07183546100714011,True,3.368695391915775e-07,
5.5,20.212,20.211,4.483333399999999,16.126386720634894,-2.1429088735348447,-0.008355117208715034,5.173097258136376,-0.01756014782584893,15.999455379865116,0.005543828349256859,0.0038036450990528783,5.4166666667,5.499999645330358,-0.004787105813178063,5.499999834797808,-0.0037845529535266765,True,Maximum_CpuTime_Exceeded,6,0.06865761700464645,0.07553179400565568,0.07631891999335494,True,9.215081439908066e-08,
5.6,20.312,20.279,4.483333399999999,16.47864155783421,-2.1460639331983096,-0.00953277089429525,5.189652291433407,-0.01572330971061493,16.35172185394763,0.006689676380644257,0.0027286708314132827,5.4166666667,5.499999834797808,-0.0037845529535266765,5.499999818068257,-0.0026237367976160502,True,Maximum_CpuTime_Exceeded,6,0.06518284200137714,0.0692261869990034,0.06965695200051414,True,2.70690813763963e-07,
5.7,20.412,20.381,4.483333399999999,17.009068399132932,-2.1515269302020896,-0.011009729425377354,5.2131799510330135,-0.012665742520976003,16.882174498481927,0.007775202300413681,0.0014201068130784839,5.4166666667,5.499999818068257,-0.0026237367976160502,5.499999888607122,-0.001959914630214292,True,Solve_Succeeded,6,0.06598225999914575,0.07171907799784094,0.07217801500519272,True,3.3292446957239644e-08,
5.8,20.512,20.483,4.483333399999999,17.541811067309055,-2.1577102057008952,-0.012139677833836383,5.235244063236975,-0.009402000753227927,17.41495152464566,0.008257961795129238,0.0004530883420931428,5.4166666667,5.499999888607122,-0.001959914630214292,5.499999888607122,-0.001959914630214292,False,Maximum_CpuTime_Exceeded,6,0.0794440690006013,0.08553387600113638,0.08625955900060944,False,7.860076773575923e-07,computation_deadline_missed
5.9,20.612,20.585,4.483333399999999,18.076729214897057,-2.164406360296278,-0.012816254625673405,5.255966911168328,-0.00477579702527346,17.94991029792147,0.0083398929690171,-6.942941227630964e-05,5.4166666667,5.499999888607122,-0.001959914630214292,5.4999975677227075,-0.0019037088477875839,True,Maximum_CpuTime_Exceeded,5,0.06554209000023548,0.07596261100115953,0.07633474600152113,True,2.2341829489729665e-08,
6.0,20.712,20.687,4.483333399999999,18.613692746837724,-2.1713909577632577,-0.013153546814292769,5.275424465040417,-0.0022832316204764213,18.48691804298496,0.008239632447591145,-0.00026168193107818123,5.4166666667,5.4999975677227075,-0.0019037088477875839,5.4999988308643255,-0.0019785470271390412,True,Solve_Succeeded,5,0.056236894997709896,0.06127149700478185,0.06161667899868917,True,1.299329861481624e-07,
6.1,20.812,20.789,4.483333399999999,19.152574201792977,-2.17853473576323,-0.013350671428163801,5.29361608791836,-0.0017811014092263136,19.02584571522582,0.008080493117561352,-0.00032292489128070076,5.4166666667,5.4999988308643255,-0.0019785470271390412,5.499999852882969,-0.0019192680787222503,True,Solve_Succeeded,6,0.06945085999905132,0.07387888000084786,0.07462044700514525,True,2.5579845797096823e-08,
6.2,20.912,20.891,4.483333399999999,19.693249247863996,-2.1858038594831344,-0.013542795084186095,5.310650033837171,-0.0021376105558119996,19.566568579904043,0.007890230389370445,-0.0003884538733930319,5.4166666667,5.499999852882969,-0.0019192680787222503,5.499999327729965,-0.0017563668342484855,True,Solve_Succeeded,5,0.0622887530043954,0.06680087199492846,0.06726469400018686,True,1.6617311970890114e-08,
6.3,21.012,20.993,4.483333399999999,20.235606096199934,-2.1932154283908463,-0.013800307308336385,5.326634248234538,-0.0029352223891877835,20.108975101866292,0.007645669897389205,-0.0005287761666821385,5.4166666667,5.499999327729965,-0.0017563668342484855,5.499964128236702,-0.0013870997772837748,True,Solve_Succeeded,3,0.03576531499857083,0.039479232000303455,0.03975585899752332,True,9.884750085120686e-08,
6.4,21.112,21.095,4.483333399999999,20.779538407027665,-2.2008097538132056,-0.014127825648490269,5.341597719635093,-0.0033579471336599325,20.652959511407595,0.00730035039901043,-0.0007486184248910698,5.4166666667,5.499964128236702,-0.0013870997772837748,5.499980347156389,-0.0009694507381468023,True,Solve_Succeeded,3,0.039551159999973606,0.04415187299309764,0.044895086000906304,True,7.22721873458454e-08,
6.5,21.212,21.197,4.483333399999999,21.32494585142723,-2.208605013210513,-0.01443765380654839,5.355628290082499,-0.0025502127813111534,21.198421764129268,0.006829885509002658,-0.0009603852812100198,5.4166666667,5.499980347156389,-0.0009694507381468023,5.499999794044123,-0.0007547062345379194,True,Solve_Succeeded,3,0.03926263799803564,0.042370194001705386,0.04285410900047282,True,2.1082686707529774e-08,
6.6,21.313,21.299,4.483333399999999,21.871738043147523,-2.2165573276186974,-0.014614817708629504,5.368797855188251,-0.0008887890407103021,21.745270916624975,0.006271947819976968,-0.001049195383106119,5.4166666667,5.499999794044123,-0.0007547062345379194,5.4994769634589264,-0.0007738186556775719,True,Solve_Succeeded,2,0.025204441000823863,0.029251235995616298,0.029577091001556255,True,4.777279549728064e-08,
6.7,21.412,21.401,4.483333399999999,22.419829748260568,-2.2245817479367433,-0.014649434470741086,5.381129343991011,9.007357455099694e-05,22.293420596198775,0.005705231777404429,-0.0010052517598313614,5.4166666667,5.4994769634589264,-0.0007738186556775719,5.494844705360436,-0.0007681606739062413,True,Solve_Succeeded,2,0.027044455004215706,0.030655244998342823,0.03155006200540811,True,5.571384420477443e-08,
6.8,21.512,21.503,4.483333399999999,22.96913702990876,-2.232630092900452,-0.014653051111261358,5.392648131000959,-2.7915113146070383e-05,22.84278620300635,0.005171579985249699,-0.0009401812460118028,5.4166666667,5.494844705360436,-0.0007681606739062413,5.486834493667599,-0.0006243288602661985,True,Solve_Succeeded,2,0.020498472003964707,0.023309019998123404,0.02404724799998803,True,4.053600211051389e-08,
6.9,21.612,21.605,4.483333399999999,23.51957042599701,-2.240697414492735,-0.014657493359333754,5.4031952614635035,-5.004445525662527e-05,23.393278196113254,0.004669432913551068,-0.0008858840795549251,5.4166666667,5.486834493667599,-0.0006243288602661985,5.476247985261994,-0.0005575745226147517,True,Solve_Succeeded,2,0.021861405999516137,0.025300788001914043,0.0260554240012425,True,2.7045732764463537e-08,
7.0,21.712,21.707,4.483333399999999,24.071021889665854,-2.248781766407278,-0.014660988453737018,5.412608908007901,-3.902379872433543e-05,23.944788494149215,0.004193882778619957,-0.0008406572973201198,5.4166666667,5.476247985261994,-0.0005575745226147517,5.463833714810109,-0.00045506525106984183,True,Solve_Succeeded,2,0.021587750998151023,0.02530161199683789,0.025790466999751516,True,1.923010639615086e-08,
7.1,21.812,21.809,4.483333399999999,24.62337026044643,-2.2568810659936913,-0.014664023218819714,5.420790804697856,-4.326825506565482e-05,24.497195903123806,0.0037398920095509827,-0.0008050507493606064,5.4166666667,5.463833714810109,-0.00045506525106984183,5.450316787942321,-0.0003372333073409377,True,Solve_Succeeded,2,0.02655780799977947,0.030725292999704834,0.031011097998998594,True,5.309464867764291e-09,
7.2,21.912,21.911,4.483333399999999,25.176487412077734,-2.2649932697910913,-0.01466677323845235,5.427698994344993,-3.4046344013247155e-05,25.050372265855923,0.0033022116937816122,-0.0007792947753268025,5.4166666667,5.450316787942321,-0.0003372333073409377,5.435937604609539,-0.0002071895055746182,True,Solve_Succeeded,1,0.01700104800693225,0.02332676199876005,0.023855350002122577,True,4.032447717960963e-07,
7.3,22.012,21.979,4.483333399999999,25.545594848884935,-2.2704075154889307,-0.01466820059887745,5.431515766845538,-2.4999059570670332e-05,25.419519257358907,0.0030168986954876255,-0.0007673718257131083,5.4166666667,5.435937604609539,-0.0002071895055746182,5.422452293274144,-5.482304077303943e-05,True,Solve_Succeeded,1,0.014663262998510618,0.01767215199652128,0.01806919700175058,True,1.8495959253073124e-07,
7.4,22.112,22.081,4.483333399999999,26.099704159040183,-2.27853628579415,-0.014669795143791884,5.4363009705180465,-3.375330988788033e-05,25.97368799541351,0.0025949080462667378,-0.0007574495363217616,5.4166666667,5.422452293274144,-5.482304077303943e-05,5.409217150270091,0.00011661387673784365,True,Solve_Succeeded,1,0.01548733399977209,0.020092771999770775,0.020435429003555328,True,2.1328440702461648e-07,
7.5,22.212,22.183,4.483333399999999,26.65424088589165,-2.286672066644466,-0.014670736186237994,5.439927247159447,-2.176977905725012e-05,26.528284238259925,0.002175400980939075,-0.0007571103217803368,5.4166666667,5.409217150270091,0.00011661387673784365,5.3969060410335,0.00030391649044421735,True,Solve_Succeeded,2,0.020780029000889044,0.023797439003828913,0.02410234099806985,True,2.1323334209455425e-09,
7.6,22.312,22.285,4.483333399999999,27.209091906348842,-2.2948127653230572,-0.014670918754572444,5.442487241271587,-1.0381869628349125e-05,27.083194831779235,0.0017532142661109648,-0.0007662708513927544,5.4166666667,5.3969060410335,0.00030391649044421735,5.3855080242079,0.0005118919184583496,True,Solve_Succeeded,2,0.020980240995413624,0.02430031099356711,0.02487739999924088,True,1.8826442627073448e-09,
7.7,22.412,22.387,4.483333399999999,27.764154410544084,-2.3029563659147554,-0.01467016884689244,5.444101988053626,-7.504822384615436e-06,27.63831693492839,0.0013232329428578102,-0.0007847711430340031,5.4166666667,5.3855080242079,0.0005118919184583496,5.375229392758832,0.0007412691321229672,True,Solve_Succeeded,2,0.023907183000119403,0.027277950997813605,0.027637983002932742,True,1.743650557273213e-09,
7.8,22.512,22.489,4.483333399999999,28.319337743484493,-2.3111005089440053,-0.014663254925838453,5.4448822596250865,0.00015041211461024487,28.19355985497347,0.0008808460790186313,-0.000807387116375546,5.4166666667,5.375229392758832,0.0007412691321229672,5.36621214045246,0.0009413506077142453,True,Solve_Succeeded,2,0.023505010998633225,0.026509381998039316,0.026800227002240717,True,1.6248113965389166e-09,
7.9,22.612,22.591,4.483333399999999,28.874562363223273,-2.319235249795021,-0.014630284791368348,5.444935371795916,0.000510775130285713,28.748843905655797,0.000429181246713479,-0.0008142284905565072,5.4166666667,5.36621214045246,0.0009413506077142453,5.35853836726127,0.0010805682624670965,True,Solve_Succeeded,2,0.025344013003632426,0.030577462996006943,0.030974381996202283,True,1.5557306554114803e-09,
8.0,22.712,22.693,4.483333399999999,29.42976043133389,-2.3273428867660204,-0.01457120371738148,5.444383055345146,0.000625056451780964,29.304100996761697,-2.0709013718053075e-05,-0.0008052379938409837,5.4166666667,5.35853836726127,0.0010805682624670965,5.352218163358769,0.0012604349605373673,True,Solve_Succeeded,2,0.02251545200124383,0.025482082994130906,0.025817404995905235,True,1.5430643429681368e-09,
8.1,22.812,22.795,4.483333399999999,29.98487723360809,-2.3354158289808784,-0.014513839037571212,5.443360938314432,0.0005180436312285228,29.859276302455,-0.0004676894221519114,-0.0008082372171454177,5.4166666667,5.352218163358769,0.0012604349605373673,5.347216947216205,0.001472535938626827,True,Solve_Succeeded,2,0.018266924998897593,0.021381118000135757,0.021731054002884775,True,1.5264793873370763e-09,
8.2,22.912,22.897,4.483333399999999,30.539871186879484,-2.3434573474025577,-0.014461306693410655,5.441987714346993,0.0005205055528625077,30.414328276312762,-0.0009212906532995893,-0.000826334390522529,5.4166666667,5.347216947216205,0.001472535938626827,5.343466554994227,0.001656331752262257,True,Solve_Succeeded,2,0.027913948004425038,0.03142732899868861,0.03196783699968364,True,1.5176526702020965e-09,
8.3,23.012,22.999,4.483333399999999,31.094711368980814,-2.3514639010386986,-0.014392150794654047,5.440352297928791,0.0008055257448477731,30.9692259393258,-0.0013839915461291215,-0.0008369135998411611,5.4166666667,5.343466554994227,0.001656331752262257,5.340655971635044,0.0017615479311271945,True,Solve_Succeeded,1,0.02079558499826817,0.02545488399482565,0.025951242001610808,True,2.1198251864973372e-07,
8.4,23.112,23.101,4.483333399999999,31.649375722374884,-2.3594235343423744,-0.01430431691788252,5.438545303441164,0.0008286489168741027,31.523947085895035,-0.0018460526046217768,-0.0008256501328170341,5.4166666667,5.340655971635044,0.0017615479311271945,5.338917588850673,0.001914601005019282,True,Solve_Succeeded,1,0.020058465001056902,0.025181450000673067,0.025928251998266205,True,6.21125639810316e-07,
8.5,23.212,23.203,4.483333399999999,32.20385568332846,-2.3673323004802413,-0.01422374997034243,5.43671987238394,0.0007376087993323794,32.07848311577324,-0.002300410312515075,-0.0008151831187890921,5.4166666667,5.338917588850673,0.001914601005019282,5.338097845352511,0.0020639772481202837,True,Solve_Succeeded,1,0.021602187000098638,0.02485244800482178,0.02552836900576949,True,5.858194844776676e-07,
8.6,23.312,23.305,4.483333399999999,32.75814550909471,-2.3751964363222617,-0.014147489664768568,5.4348300105409555,0.0008293161874433346,32.63282838351865,-0.0027497647013196144,-0.0008025558254520036,5.4166666667,5.338097845352511,0.0020639772481202837,5.33808878727531,0.0021619826490328763,True,Solve_Succeeded,1,0.01998056300362805,0.02413556499959668,0.02483762699557701,True,4.894834200186438e-07,
8.7,23.412,23.407,4.483333399999999,33.312244654188845,-2.3830116960803864,-0.014056906701158261,5.432976312542144,0.0008986710191368406,33.18698229955493,-0.003186269699828884,-0.0007691435445953791,5.4166666667,5.33808878727531,0.0021619826490328763,5.338749766669151,0.002252424580624269,True,Solve_Succeeded,1,0.014874678003252484,0.01955602700036252,0.01995937400351977,True,6.884431238418642e-07,
8.8,23.512,23.509,4.483333399999999,33.86616024754343,-2.390770465621914,-0.01395580630789784,5.431226117364452,0.0009708352898072036,33.74095190405979,-0.0035986158350133687,-0.0007187570592498484,5.4166666667,5.338749766669151,0.002252424580624269,5.3399450098803705,0.002305107371337806,True,Solve_Succeeded,1,0.013086874998407438,0.016486850996443536,0.016848995997861493,True,6.272306274368589e-07,
8.9,23.612,23.611,4.483333399999999,34.419906042167916,-2.3984707355882873,-0.013849198757600482,5.429630281884313,0.0012115671376849752,34.29475093570488,-0.003981018305175082,-0.0006564126463203188,5.4166666667,5.3399450098803705,0.002305107371337806,5.341543776292455,0.0022854337367130256,True,Solve_Succeeded,1,0.01705606799805537,0.020142445995588787,0.020672162005212158,True,4.825263655305889e-07,
9.0,23.712,23.679,4.483333399999999,34.78898359950407,-2.4035664282810396,-0.01376044805647701,5.428657254055505,0.0013856953947512136,34.66386348987133,-0.00421212061858218,-0.0005935898228563839,5.4166666667,5.341543776292455,0.0022854337367130256,5.343472742700091,0.0022318478360548195,True,Solve_Succeeded,2,0.01955117000034079,0.02359231900481973,0.024749164003878832,True,1.8228227816052822e-09,
9.1,23.812,23.781,4.483333399999999,35.342479193779084,-2.411141745671863,-0.013607654380121298,5.427258433863863,0.001471591317947682,35.217410695359675,-0.004508769197687355,-0.00047432045958579165,5.4166666667,5.343472742700091,0.0022318478360548195,5.345649550582259,0.0021325781725572233,True,Solve_Succeeded,2,0.0205357470040326,0.024370679006096907,0.024804947002849076,True,1.8698260717542325e-09,
9.2,23.912,23.883,4.483333399999999,35.895837281962336,-2.4186256204535064,-0.013437883014877455,5.425947674991148,0.0015945341423250223,35.77081921868068,-0.0047325626069186786,-0.0003316366426285681,5.4166666667,5.345649550582259,0.0021325781725572233,5.347767726094072,0.0019589737828006326,True,Solve_Succeeded,1,0.016479013000207487,0.01937864500359865,0.019753313004912343,True,3.1062789407343416e-07,
9.3,24.012,23.985,4.483333399999999,36.4490702754443,-2.426010630759934,-0.013257207334539663,5.424794161022774,0.001680841645401322,36.32410138377631,-0.004872348744180276,-0.00017161655218172686,5.4166666667,5.347767726094072,0.0019589737828006326,5.350008507608614,0.0017397328252276034,True,Solve_Succeeded,1,0.014296620000095572,0.017106230996432714,0.01736297799652675,True,2.7094355470325127e-07,
9.4,24.112,24.087,4.483333399999999,37.00219801287541,-2.4332921859273977,-0.013069061180572142,5.423862318749028,0.001860934990694107,36.87727697586878,-0.004919715284839965,2.301310385607533e-06,5.4166666667,5.350008507608614,0.0017397328252276034,5.352280978992491,0.0014322005084223578,True,Solve_Succeeded,1,0.013334831004613079,0.0169939900006284,0.017271709002670832,True,1.0496557312222876e-07,
9.5,24.212,24.189,4.483333399999999,37.55524571887071,-2.4404668921432124,-0.012875090159103571,5.42320310042089,0.001825232625181756,37.43037117808091,-0.00486738178633286,0.000188467276096475,5.4166666667,5.352280978992491,0.0014322005084223578,5.3544720939461055,0.001128845192925661,True,Solve_Succeeded,1,0.015497375999984797,0.019427471001108643,0.019841048000671435,True,1.4695631733729897e-07,
9.6,24.312,24.291,4.483333399999999,38.10824275931239,-2.4475322258639207,-0.012677060668913028,5.4228452556798015,0.0019723541221681744,37.98341332213967,-0.004708888310386988,0.00038511178960701047,5.4166666667,5.3544720939461055,0.001128845192925661,5.356502205335784,0.0007054568045702553,True,Solve_Succeeded,1,0.015044074003526475,0.019629510999948252,0.020210417998896446,True,1.3277785182452817e-07,
9.7,24.412,24.393,4.483333399999999,38.66121995508377,-2.4545001939841056,-0.012546324447297953,5.422764932427354,0.001129853344162521,38.53643438061678,-0.004452287957417763,0.0005208810665505922,5.4166666667,5.356502205335784,0.0007054568045702553,5.3585004136590415,0.0005741300747243524,True,Solve_Succeeded,2,0.02242097499402007,0.024736719999054912,0.025269994002883323,True,2.245816865809047e-09,
9.8,24.512,24.495,4.483333399999999,39.214198750207146,-2.4614339206638474,-0.012546661166756077,5.422854614592051,7.546557735488052e-05,39.08945661482217,-0.0041568704030247785,0.0005319943173532817,5.4166666667,5.3585004136590415,0.0005741300747243524,5.359906914949788,0.0005614286834986343,True,Solve_Succeeded,1,0.013178346998756751,0.01675168500514701,0.01701305100141326,True,3.833684107945601e-07,
9.9,24.612,24.597,4.483333399999999,39.767193522970025,-2.4683803772636796,-0.012571409646329737,5.423075959352306,-8.489024537239562e-05,39.64249500984413,-0.0038658662783787293,0.0005251120848796063,5.4166666667,5.359906914949788,0.0005614286834986343,5.361040211305192,0.0004051559676451848,True,Solve_Succeeded,1,0.011012016999302432,0.013613697003165726,0.014084206995903514,True,6.758428749975565e-08,
10.0,24.712,24.699,4.483333399999999,40.32021521485131,-2.475333148783841,-0.012568867955034493,5.423378185046434,0.00021857441040985177,40.195560416793285,-0.003569168809330824,0.0005519358748772712,5.4166666667,5.361040211305192,0.0004051559676451848,5.361911066991623,0.00017774539776632117,True,Solve_Succeeded,1,0.012504954996984452,0.015480623995244969,0.01582701800361974,True,2.5829305805302738e-08,
10.1,24.812,24.801,4.483333399999999,40.873270735198865,-2.4822828242600012,-0.012563708082328874,5.42373558853259,9.927099180183225e-05,40.748659614755304,-0.003253727509971858,0.0005877932493509858,5.4166666667,5.361911066991623,0.00017774539776632117,5.36252761200622,3.5596552335229734e-05,True,Solve_Succeeded,1,0.014623390998167451,0.01763172600476537,0.018001636999542825,True,9.187848082348182e-08,
10.2,24.912,24.903,4.483333399999999,41.42636487163214,-2.4892313606063263,-0.012562317271191685,5.424129095840887,4.0845842275752134e-05,41.301797409204525,-0.002917885794268243,0.0006262964101864509,5.4166666667,5.36252761200622,3.5596552335229734e-05,5.362935956527799,-0.00017558031731314838,True,Solve_Succeeded,1,0.012533282999356743,0.015675324997573625,0.01607979000255,True,2.9195279083182868e-08,
10.3,25.012,25.005,4.483333399999999,41.97950002652192,-2.4961804679674757,-0.012563487599141013,5.424537676040154,2.4457822871790536e-05,41.854976216755816,-0.0025597709793165604,0.000668652468515038,5.4166666667,5.362935956527799,-0.00017558031731314838,5.3631550525022424,-0.0003964051389607804,True,Solve_Succeeded,1,0.012692904005234595,0.01579143200069666,0.016156012999999803,True,7.913653732316561e-09,
10.4,25.112,25.107,4.483333399999999,42.53267703316445,-2.503131045903651,-0.012565205471023895,5.424947351643768,0.00012618081379677605,42.408196873634715,-0.0021767201213956705,0.0007168738910883366,5.4166666667,5.3631550525022424,-0.0003964051389607804,5.363210893383389,-0.0006530271787222452,True,Solve_Succeeded,1,0.014621202004491352,0.018500490994483698,0.01882259800186148,True,1.2002200833194365e-07,
10.5,25.212,25.209,4.483333399999999,43.0858953763512,-2.510083089649165,-0.012567209429347827,5.425347547600172,6.555635720354065e-06,42.96145885455534,-0.0017651837843961412,0.0007712206219743535,5.4166666667,5.363210893383389,-0.0006530271787222452,5.363107622821135,-0.0008238058489759563,True,Solve_Succeeded,1,0.01337666100153001,0.016165346001798753,0.01647575899551157,True,1.040797095619439e-06,
10.6,25.312,25.311,4.483333399999999,43.63915345123049,-2.5170370467986616,-0.012570614579109941,5.42572667566364,-1.1431118140110656e-05,43.51476054948894,-0.00132207966198011,0.0008305756119480687,5.4166666667,5.363107622821135,-0.0008238058489759563,5.36286578575564,-0.0009511312146688356,True,Solve_Succeeded,1,0.013003697000385728,0.015378633994259872,0.015624109000782482,True,1.8008279827341767e-06,
10.7,25.412,25.379,4.483333399999999,44.00801300288412,-2.5216745522147326,-0.012573575890707078,5.425961608695532,6.275543124358227e-05,43.883649171668196,-0.0010078733505205553,0.0008730140238968238,5.4166666667,5.36286578575564,-0.0009511312146688356,5.36253620292878,-0.0009323883274018935,True,Solve_Succeeded,1,0.014175034004438203,0.017190305996336974,0.017769596001016907,True,3.7650800219779512e-06,
10.8,25.512,25.481,4.483333399999999,44.56133112551988,-2.528633539307261,-0.012580287153901634,5.4262868276825795,-7.963761653123211e-05,44.437010881585906,-0.0005061901468374591,0.0009397396778900204,5.4166666667,5.36253620292878,-0.0009323883274018935,5.362309801599926,-0.0005981805859592067,True,Solve_Succeeded,2,0.021889536998060066,0.026647997001418844,0.02694757899735123,True,2.2323218829001235e-09,
10.9,25.612,25.583,4.483333399999999,45.11468047804597,-2.5355970559507752,-0.012585992331101133,5.426574996465369,1.292686184390409e-05,44.99040380317735,3.379596575651434e-05,0.0010138732740483415,5.4166666667,5.362309801599926,-0.0005981805859592067,5.361916124837483,1.4010081233170035e-05,True,Solve_Succeeded,2,0.022882436998770572,0.025755173002835363,0.026245993001793977,True,2.175074342858352e-09,
11.0,25.712,25.685,4.483333399999999,45.66805733583097,-2.5425630081932393,-0.012589133737981931,5.426829498883248,-7.10060303642797e-05,45.54382416696359,0.0006176746527959642,0.0010969687698001963,5.4166666667,5.361916124837483,1.4010081233170035e-05,5.36137405373466,0.0011499064515260104,True,Solve_Succeeded,2,0.021436016002553515,0.02434196999820415,0.02466654199815821,True,2.24183960284563e-09,
11.1,25.812,25.787,4.483333399999999,46.2214582667885,-2.5495304652522566,-0.012589790202316858,5.427046588385346,-2.9698864674882228e-05,46.09726850946431,0.0012498739566867898,0.001188943213339639,5.4166666667,5.36137405373466,0.0011499064515260104,5.360741234444545,0.002795049960538041,True,Solve_Succeeded,2,0.023861602996475995,0.02905201700195903,0.029598968001664616,True,2.257184661402789e-09,
11.2,25.912,25.889,4.483333399999999,46.77487889770074,-2.556497089016336,-0.012580147552130981,5.427208181337604,0.00029771436841715304,46.650732741960596,0.0019087594019625643,0.0011216845428772115,5.4166666667,5.360741234444545,0.002795049960538041,5.360110533903853,0.005026120185246712,True,Solve_Succeeded,2,0.021787502999359276,0.026752206998935435,0.027241438001510687,True,2.357486650339524e-09,
11.3,26.012,25.991,4.483333399999999,47.32830940296999,-2.563440391675506,-0.012472858168972497,5.427184434851463,0.0017621603898634946,47.20420779812098,0.0024172988067828615,0.0006726106678770302,5.4166666667,5.360110533903853,0.005026120185246712,5.359662620330171,0.007614927836365224,True,Solve_Succeeded,2,0.024898522002331447,0.02878130199678708,0.02908857900183648,True,2.3646480329375663e-09,
11.4,26.112,26.093,4.483333399999999,47.88172103571618,-2.570282232714214,-0.01224987087398565,5.426799252321788,0.00212718884836821,47.75766433389911,0.0025848354771954764,-0.00014601556636294893,5.4166666667,5.359662620330171,0.007614927836365224,5.35971336780154,0.011223659185530527,True,Solve_Succeeded,2,0.022923522999917623,0.026296366995666176,0.02669473299465608,True,3.191391151347034e-09,
11.5,26.212,26.195,4.483333399999999,48.438498161545446,-2.57684893510314,-0.012089724711905983,5.450366235611391,-0.011868345529037743,48.31448397522729,0.0023522687197344884,-0.0015236704519655895,5.4166666667,5.35971336780154,0.011223659185530527,5.3511511989714124,0.01961612038902362,True,Solve_Succeeded,2,0.024274702998809516,0.0277340370012098,0.028080251002393197,True,1.2134036192490427e-07,
11.6,26.312,26.297,4.483333399999999,48.98209355149476,-2.5839239363286173,-0.01356262660583865,5.373250324543203,-0.0441260598804506,48.85812510620745,0.0005054044539903698,-0.004972333583779269,5.4166666667,5.3511511989714124,0.01961612038902362,5.378963435799619,0.03411975842506562,True,Solve_Succeeded,3,0.031140253006014973,0.03448040199873503,0.03523997200682061,True,4.3343059767021893e-10,
11.7,26.412,26.399,4.483333399999999,49.529500142755445,-2.5927344072549405,-0.018078633435952035,5.364869484156795,-0.012313036775121175,49.40557722733172,-0.004255088692204385,-0.011952028369724615,5.4166666667,5.378963435799619,0.03411975842506562,5.406022496093367,0.038107612146946454,True,Solve_Succeeded,2,0.021449646999826655,0.02381901199987624,0.024293398993904702,True,8.83750763819302e-08,
11.8,26.512,26.501,4.483333399999999,50.07129977326869,-2.6017904764555984,-0.012067066847545849,5.175362934295732,0.12857375775528737,49.94739162700479,-0.010758188950422982,-0.0088477573973745,5.4166666667,5.406022496093367,0.038107612146946454,5.466923061629841,0.006779357238517836,True,Solve_Succeeded,6,0.056596745998831466,0.059215060005954,0.05967536800017115,True,2.9137622092889615e-08,
11.9,26.612,26.603,4.483333399999999,50.61473103807968,-2.613086646972788,0.0012228307748035066,5.3973407983772415,0.061353989417326324,50.490785668466316,-0.021203356957232338,0.0010571126103662836,5.4166666667,5.466923061629841,0.006779357238517836,5.460862625031962,0.024053229878181065,True,Solve_Succeeded,3,0.030443486000876874,0.03362286199990194,0.03407747999881394,True,2.7529664339831506e-08,
12.0,26.712,26.705,4.483333399999999,51.15658606088446,-2.6125967799104655,0.001596492826642379,5.304230413926243,0.051765742656898935,51.03255817895104,-0.02182345235876609,-0.002412708131052479,5.4166666667,5.460862625031962,0.024053229878181065,5.483882637006656,0.023232302586103315,True,Solve_Succeeded,2,0.020514051997452043,0.02404924699658295,0.024357055997825228,True,1.194380538471762e-06,
12.1,26.812,26.807,4.483333399999999,51.69698906875089,-2.6128737690619053,-0.003428558929528957,5.2795416885708075,0.020798330678718092,51.57284810676794,-0.025407778026932726,-0.01173740220926387,5.4166666667,5.483882637006656,0.023232302586103315,5.499087353634682,0.04258336630101319,True,Solve_Succeeded,4,0.0379232229970512,0.041732710000360385,0.04217649700149195,True,3.920939850576843e-09,
12.2,26.912,26.909,4.483333399999999,52.23509320165204,-2.6142004452150616,-0.001596735972549692,5.273165490138162,0.01533356968461848,52.11077059766153,-0.03246107340808153,-0.01465007824697825,5.4166666667,5.499087353634682,0.04258336630101319,5.499998636301532,0.052820460922251185,True,Solve_Succeeded,6,0.04685879600583576,0.049588693997066,0.04983898899808992,True,2.9410430535392607e-08,
12.3,27.012,27.011,4.483333399999999,52.77337503483714,-2.614925619833193,-0.00025773581516260396,5.270937248785907,0.0751927386927901,52.64878283464401,-0.04159331453374362,-0.018519819447680403,5.4166666667,5.499998636301532,0.052820460922251185,5.499997788980439,0.052390666926805426,True,Solve_Succeeded,5,0.04471614000067348,0.04770565199578414,0.04799033400195185,True,1.1287561996198292e-08,
12.4,27.112,27.079,4.483333399999999,53.13157908589064,-2.6137031088021123,0.00654529215410355,5.217898555381413,0.1607412272325007,53.00677318260731,-0.04757278381084885,-0.015439741609358175,5.4166666667,5.499997788980439,0.052390666926805426,5.499979460569602,0.03552040211222083,True,Solve_Succeeded,4,0.04292813099891646,0.04665047099842923,0.04721978199813748,True,2.3149985674942144e-07,
12.5,27.212,27.181,4.483333399999999,53.66711027625875,-2.607535547220053,0.020192041068964252,5.272607216598617,0.1414601784463856,53.541987887566776,-0.054752020208954665,-0.007742462509938451,5.4166666667,5.499979460569602,0.03552040211222083,5.500000052361005,0.0405363777470475,True,Solve_Succeeded,7,0.07005963599658571,0.07446873300068546,0.07479465700453147,True,5.4947133065752496e-08,
12.6,27.312,27.283,4.483333399999999,54.205504595424614,-2.592463321062089,0.03811489729195275,5.285675494430709,0.20978698302815074,54.080232944569374,-0.05643878877560685,0.003733579087897426,5.4166666667,5.500000052361005,0.0405363777470475,5.500000049581739,0.007609415078885403,True,Solve_Succeeded,7,0.06362310200347565,0.06667823399766348,0.06715222000639187,True,4.958173871472127e-08,
12.7,27.412,27.385,4.483333399999999,54.74522098507662,-2.5689555467894447,0.046473933349835746,5.275379401218017,0.10270279574264402,54.6200728253427,-0.05334899012691946,0.005159673691369611,5.4166666667,5.500000049581739,0.007609415078885403,5.499841132287397,0.03225115716202636,True,Solve_Succeeded,4,0.035500927006069105,0.03849940600048285,0.038869738003995735,True,1.2810432714616127e-08,
12.8,27.512,27.487,4.483333399999999,55.28304540705481,-2.5394951058666124,0.061966498752183345,5.292727135255722,0.09050261183881537,55.15830509642593,-0.04809308687885768,0.013274656134367117,5.4166666667,5.499841132287397,0.03225115716202636,5.499999863977938,0.019892168247824336,True,Solve_Succeeded,6,0.055622254993068054,0.05843013300182065,0.058702980997622944,True,2.8436173415968824e-08,
12.9,27.612,27.589,4.483333399999999,55.82283914196547,-2.503903531307804,0.0699117960565882,5.310105731438337,0.07920569110940298,55.69887454397819,-0.04092596404174276,0.013343458673584052,5.4166666667,5.499999863977938,0.019892168247824336,5.499969682443679,0.022096313283436173,True,Solve_Succeeded,4,0.036117816001933534,0.03894623400265118,0.039186499001516495,True,4.393385744094758e-08,
13.0,27.712,27.691,4.483333399999999,56.36135531469442,-2.4633378510122608,0.0798334961108771,5.2404706028529,0.06353056041223802,56.23855329594432,-0.03309964151780263,0.01493613964356967,5.4166666667,5.499969682443679,0.022096313283436173,5.500000047420883,0.02008165498942799,True,Solve_Succeeded,7,0.05417551600112347,0.05702646899590036,0.05741097500140313,True,4.7420883220183896e-08,
13.1,27.812,27.793,4.483333399999999,56.90063546553329,-2.4174912319977673,0.08878366546399571,5.319745452928738,0.08153457575078006,56.779460792020664,-0.02468632146739758,0.015073417336286948,5.4166666667,5.500000047420883,0.02008165498942799,5.499901847621133,0.010342573972453598,True,Solve_Succeeded,3,0.037663807001081295,0.04096762300468981,0.041258478006056976,True,1.1425041090973309e-07,
13.2,27.912,27.895,4.483333399999999,57.44189821806922,-2.367286275902346,0.09569707570097276,5.33498761275274,0.05766813054071919,57.322802131401644,-0.016983151941762583,0.012762496391052439,5.4166666667,5.499901847621133,0.010342573972453598,5.499987368512281,0.013815801753668883,True,Solve_Succeeded,3,0.032810223994601984,0.03529426299792249,0.03567720000137342,True,5.909798774794695e-07,
13.3,28.013,27.997,4.483333399999999,57.98344686749674,-2.3148874806592956,0.09710206672394774,5.31288976565823,0.08202368119522356,57.86673405571494,-0.01200119219248622,0.005593233775603959,5.4166666667,5.499987368512281,0.013815801753668883,5.500000045446365,0.0052660254955031426,True,Solve_Succeeded,6,0.05351493500347715,0.057343294996826444,0.057725528997252695,True,4.544636489356435e-08,
13.4,28.112,28.099,4.483333399999999,58.52328814831527,-2.2594136767360693,0.10728605300753406,5.324762439830879,0.09011630919888892,58.40932886849947,-0.00819903369948726,0.008163477258930227,5.4166666667,5.500000045446365,0.0052660254955031426,5.499999445636219,-0.0017956025447753803,True,Solve_Succeeded,5,0.05164734100253554,0.055232270002306905,0.05577395500586135,True,1.1606849703582611e-08,
13.5,28.212,28.201,4.483333399999999,59.06371668180505,-2.199528187576181,0.11262748342282657,5.330727430743496,0.03834536390643522,58.9530087042678,-0.003949578572557432,0.006815541007731172,5.4166666667,5.499999445636219,-0.0017956025447753803,5.499980229555095,0.006298478028730507,True,Solve_Succeeded,4,0.03686592400481459,0.03916515699529555,0.03957583900046302,True,3.175018026269072e-08,
13.6,28.312,28.303,4.483333399999999,59.602042858855434,-2.137159133925922,0.11449938392502189,5.318433676959278,-0.020943388925572435,59.49491208826018,-0.00038002882280826675,0.002953889711196464,5.4166666667,5.499980229555095,0.006298478028730507,5.499993420034456,0.016519094851262704,True,Solve_Succeeded,3,0.027963977998297196,0.030929719003324863,0.03123715599940624,True,1.4370362055871055e-07,
13.7,28.412,28.405,4.483333399999999,60.142657531625794,-2.0743576475476764,0.11615420298573607,5.3404092542638315,0.020071112471433932,60.03916229380329,0.0004982968355192953,-0.0002133804337329931,5.4166666667,5.499993420034456,0.016519094851262704,5.499995876284354,0.005583009918331102,True,Solve_Succeeded,3,0.029066825001791585,0.03299946400511544,0.033350999001413584,True,5.2657998850236254e-08,
13.8,28.512,28.507,4.483333399999999,60.684164468240276,-2.0110787815180275,0.11551695520826835,5.33270929735059,-0.05206589467423651,60.584353004610975,-0.0006260673262798439,-0.004742487716092285,5.4166666667,5.499995876284354,0.005583009918331102,5.499094098848579,0.029693480667832735,True,Solve_Succeeded,4,0.032335582000087015,0.035727043003134895,0.03610265599854756,True,7.296367954268135e-09,
13.9,28.612,28.609,4.483333399999999,61.22625294172776,-1.947205132506953,0.12015742652421318,5.333075932207224,0.13031393584325293,61.13018087397764,-0.003097793018616159,-0.003059371303759606,5.4166666667,5.499094098848579,0.029693480667832735,5.499473382235466,-0.018378318274635718,True,Solve_Succeeded,5,0.040197286994953174,0.042995705000066664,0.043258385005174205,True,2.546454602736503e-09,
14.0,28.712,28.711,4.483333399999999,61.76708433821298,-1.879971852289922,0.1263727429180486,5.347347482560831,0.04298980149875015,61.67516871238394,-0.0034373170281527306,0.0011390026041409318,5.4166666667,5.499473382235466,-0.018378318274635718,5.499844912307874,0.001043447230381876,True,Solve_Succeeded,3,0.02907997300644638,0.03229147900128737,0.03258910700242268,True,1.3398571752087918e-07,
14.1,28.812,28.779,4.483333399999999,62.12830405185397,-1.8335596231823315,0.13021957440215612,5.356202890208523,0.06294337811162223,62.03935456700118,-0.0026705765180050456,0.004158719270087124,5.4166666667,5.499844912307874,0.001043447230381876,5.499999984990715,-0.01564442616977481,True,Solve_Succeeded,7,0.05176766899967333,0.056774091004626825,0.057186280995665584,True,7.027338788163267e-08,
14.2,28.912,28.881,4.483333399999999,62.667786916288954,-1.7615989260982634,0.1340478318465594,5.30080027106198,0.03653167041775765,62.58360433551528,0.0007242865025332904,0.007528010368051924,5.4166666667,5.499999984990715,-0.01564442616977481,5.500000043040192,-0.00803621289088342,True,Solve_Succeeded,6,0.04808066199620953,0.051354789997276384,0.05165187799866544,True,4.3040191854970544e-08,
14.3,29.012,28.983,4.483333399999999,63.208853240008864,-1.6875338809288418,0.13685629499406227,5.362419782071213,0.007442051650803375,63.12969098785098,0.005972610191076689,0.010448382707704318,5.4166666667,5.500000043040192,-0.00803621289088342,5.4999391710814765,-0.0028160531297297658,True,Solve_Succeeded,2,0.018348660996707622,0.02120221399673028,0.021632946001773234,True,4.681907769810145e-08,
14.4,29.112,29.085,4.483333399999999,63.7516357082833,-1.6129682166389778,0.13547662423107182,5.376514766910452,-0.026380679261900637,63.677553476708724,0.01132310482086165,0.008173290223157657,5.4166666667,5.4999391710814765,-0.0028160531297297658,5.498299513187086,0.011881690066725011,True,Solve_Succeeded,2,0.01848943300137762,0.02127577799546998,0.021613484997942578,True,9.719990282930357e-07,
14.5,29.212,29.187,4.483333399999999,64.2947996077817,-1.5404304863387674,0.13073845027916076,5.351615167218872,0.06333457486277382,64.22556057430361,0.013795820212636619,0.0013450362382482206,5.4166666667,5.498299513187086,0.011881690066725011,5.499929395576021,-0.00048604579396609914,True,Solve_Succeeded,3,0.029386825000983663,0.032399322000856046,0.032796702995256055,True,5.4984441000272e-08,
14.6,29.312,29.289,4.483333399999999,64.83709425173767,-1.468076716571727,0.1334592545128933,5.368154338130326,0.010304304787654253,64.77270702781712,0.014728116377624906,0.0007855144483875921,5.4166666667,5.499929395576021,-0.00048604579396609914,5.499768517586737,0.026903326888742193,True,Solve_Succeeded,3,0.02565124700049637,0.029176572999858763,0.029487546999007463,True,4.5152913991097776e-08,
14.7,29.412,29.391,4.483333399999999,65.3802819875986,-1.395210563080906,0.13409559581174935,5.372296432331367,0.029578053764886245,65.32082433122002,0.013924445826288667,-0.003062259374498444,5.4166666667,5.499768517586737,0.026903326888742193,5.49999331393693,0.02838018071515761,True,Solve_Succeeded,3,0.025410343005205505,0.027870188001543283,0.028235760000825394,True,2.708314617017038e-08,
14.8,29.512,29.493,4.483333399999999,65.92116813219118,-1.3220783716283748,0.13849086282163475,5.376173558058257,0.0351661614105413,65.86669462421013,0.010925105881302879,-0.004326791792015172,5.4166666667,5.49999331393693,0.02838018071515761,5.499885198436664,0.038615383418634776,True,Solve_Succeeded,3,0.029182100006437395,0.032928243999776896,0.03325475000019651,True,2.762578583670461e-07,
14.9,29.612,29.595,4.483333399999999,66.46396230673463,-1.245395811307143,0.14295034841128337,5.377866140479758,0.05336922471165237,66.41493439776325,0.007737272430286169,-0.006753376124126215,5.4166666667,5.499885198436664,0.038615383418634776,5.499912677409108,0.04272188746208844,True,Solve_Succeeded,3,0.024376214998483192,0.027865554999152664,0.028157500993984286,True,7.576045568669088e-08,
15.0,29.712,29.697,4.483333399999999,67.00670181803203,-1.1646825506866867,0.15428866225605045,5.385627650916751,0.04625498585622172,66.96368321481296,0.0044337338734643725,-0.0035153487068619593,5.4166666667,5.499912677409108,0.04272188746208844,5.499993659064266,0.04815968679535326,True,Solve_Succeeded,3,0.033079430999350734,0.036301567997725215,0.03656102000240935,True,1.3191081116303849e-08,
15.1,29.812,29.799,4.483333399999999,67.54855747722893,-1.07819665013746,0.16410434306059624,5.366070669305096,0.16302839559844995,67.5124255204774,0.002193644314015404,-0.0030090925357850185,5.4166666667,5.499993659064266,0.04815968679535326,5.4999997495330115,0.018096210626584407,True,Solve_Succeeded,5,0.03938773700065212,0.0422557229976519,0.042737164003483485,True,1.4987502279279093e-08,
15.2,29.912,29.901,4.483333399999999,68.0879923635109,-0.9845486365271878,0.17905274948526667,5.369925537787729,0.1311082231288742,68.05995310825006,0.0019973779981471503,0.0015427619854384012,5.4166666667,5.4999997495330115,0.018096210626584407,5.4989035649819265,0.023336196997997515,True,Solve_Succeeded,3,0.025222386000677943,0.028142976996605285,0.028567966997798067,True,1.1795801491132352e-07,
15.3,30.012,30.003,4.483333399999999,68.62692775386529,-0.884064328959514,0.19003765891500823,5.378900568509612,0.10232143972907921,68.60820279809546,0.0029044602923368637,0.0022843559032744705,5.4166666667,5.4989035649819265,0.023336196997997515,5.50000000581755,0.02112560051547965,True,Solve_Succeeded,5,0.05176120999385603,0.05516967900621239,0.05568726599449292,True,2.4378667973223855e-08,
15.4,30.112,30.105,4.483333399999999,69.16182432386731,-0.7788736377635971,0.1972822039257964,5.365155261666264,0.07366512749233121,69.15337790645653,0.0037574633296567493,-9.862752868119994e-05,5.4166666667,5.50000000581755,0.02112560051547965,5.4999960056328066,0.025484244968040925,True,Solve_Succeeded,3,0.028835255005105864,0.03127612800017232,0.031577815003402065,True,3.435996820400078e-08,
15.5,30.212,30.207,4.483333399999999,69.69859590064137,-0.6696754374177596,0.20394899689127804,5.377315082293159,0.06942668265749308,69.70117674316752,0.003052272238765111,-0.0025437647838958966,5.4166666667,5.4999960056328066,0.025484244968040925,5.499998946304583,0.02576860621202295,True,Solve_Succeeded,3,0.02409470800193958,0.026674368004023563,0.027138835997902788,True,1.2898719425891159e-08,
15.6,30.312,30.309,4.483333399999999,70.23625381582615,-0.5568006661505943,0.20821878213616138,5.422196717519691,0.0004955565930590065,70.25056986020564,0.00091328286242066,-0.006846269142240208,5.4166666667,5.499998946304583,0.02576860621202295,5.487682739716939,0.04653339538387201,True,Solve_Succeeded,3,0.0314658139977837,0.03545009099616436,0.03645851300098002,True,1.3271017257343587e-08,
15.7,30.412,30.411,4.483333399999999,70.77040895594935,-0.44141470691538753,0.21927538424554713,5.362879601081153,0.11333605441785845,70.79702956034654,-0.0025551956413945058,-0.0037539040535485013,5.4166666667,5.487682739716939,0.04653339538387201,5.496433352437934,0.014894210931457551,True,Solve_Succeeded,5,0.04952687100012554,0.05296885800635209,0.0533403619992896,True,4.6847272727745803e-08,
15.8,30.512,30.479,4.483333399999999,71.12624110921071,-0.3609413361848274,0.22537796017799366,5.366004135801554,0.07801904226353702,71.16183093643475,-0.0037002140890014593,-0.002656187763413975,5.4166666667,5.496433352437934,0.014894210931457551,5.499850188823741,0.025794349841873895,True,Solve_Succeeded,6,0.057528661003743764,0.06107605100260116,0.06158296699868515,True,4.573212919467551e-10,
15.9,30.612,30.581,4.483333399999999,71.65964949058113,-0.23616737169543933,0.2360458468683006,5.367111036345303,0.1113893942695022,71.70960910879751,-0.004696039451616071,0.0009647707666937122,5.4166666667,5.499850188823741,0.025794349841873895,5.49999943284031,0.0053549200775175635,True,Solve_Succeeded,5,0.04696973799582338,0.05107188499823678,0.05139890999998897,True,3.839625417612069e-08,
16.0,30.712,30.683,4.483333399999999,72.18915756767176,-0.10570398332585612,0.245876135832359,5.363425611790602,0.14329522520778398,72.25492595533944,-0.002941074862712587,0.004337173032331054,5.4166666667,5.49999943284031,0.0053549200775175635,5.499986878865338,-0.00899172107470253,True,Solve_Succeeded,3,0.02491406800254481,0.027374680001230445,0.02778558200225234,True,4.33437916669277e-08,
16.1,30.812,30.785,4.483333399999999,72.71952270533863,0.030977288048272045,0.2574814675109877,5.374766090431633,0.08456110304104865,72.80259966418551,0.0012620178162308273,0.01001518764540571,5.4166666667,5.499986878865338,-0.00899172107470253,5.499477544488053,-0.005075106696028566,True,Solve_Succeeded,2,0.019405960003496148,0.022447123999882024,0.022844840001198463,True,1.6746028856928774e-06,
16.2,30.912,30.887,4.483333399999999,73.25030117426851,0.1715294221233535,0.25742932375571514,5.445943759437179,-0.039473735207647985,73.35167167340174,0.0060160628963212715,0.004581111332570997,5.4166666667,5.499477544488053,-0.005075106696028566,5.475384598101077,0.023708447617378947,True,Solve_Succeeded,3,0.029863723000744358,0.03260521499760216,0.03311955199751537,True,3.646787355426895e-08,
16.3,31.012,30.989,4.483333399999999,73.77995724989351,0.31116169433333296,0.2587409020572513,5.368117583812748,0.04524508668393468,73.89945585753236,0.007351019093923589,0.0009767404056553188,5.4166666667,5.475384598101077,0.023708447617378947,5.485302281680906,0.0037324041801577498,True,Solve_Succeeded,3,0.024810943003103603,0.0269736219997867,0.027239146002102643,True,4.626038929700371e-08,
16.4,31.112,31.091,4.483333399999999,74.30932559006973,0.45218061325489667,0.26157359811692515,5.372823017490338,0.012234942874209023,74.44732084140576,0.007463007676330235,-0.0009128620419538436,5.4166666667,5.485302281680906,0.0037324041801577498,5.489612704147966,0.020841373458823184,True,Solve_Succeeded,3,0.0377444099940476,0.0409117579984013,0.04121389499778161,True,3.0653013460835155e-08,
16.5,31.212,31.193,4.483333399999999,74.83907142295392,0.5945446928527912,0.26499546422391707,5.372790396421839,0.03326551575040538,74.99589295842684,0.006235837225511474,-0.0020367152527808186,5.4166666667,5.489612704147966,0.020841373458823184,5.491125558221303,0.01334684167948764,True,Solve_Succeeded,2,0.021341706997191068,0.024808317997667473,0.025311751996923704,True,1.1445504610428647e-06,
16.6,31.312,31.295,4.483333399999999,75.3653824261447,0.7382072365777468,0.26564664328750925,5.370078495417261,0.015622375513867815,75.54148110150454,0.004737011260317481,-0.005725406538356348,5.4166666667,5.491125558221303,0.01334684167948764,5.494102217438443,0.024060579569171955,True,Solve_Succeeded,2,0.023523509000369813,0.0273756470051012,0.027979174003121443,True,2.647114564754971e-06,
16.7,31.412,31.397,4.483333399999999,75.89425252840138,0.8825071780808817,0.26691031173562607,5.379493272633703,0.006192470247813968,76.08968190066847,0.0008369043289381244,-0.008640671133965827,5.4166666667,5.494102217438443,0.024060579569171955,5.494313290438133,0.02953709580279795,True,Solve_Succeeded,2,0.021638692000124138,0.025001570000313222,0.025484595003945287,True,5.360495780593055e-08,
16.8,31.512,31.499,4.483333399999999,76.42430122732645,1.0275454332225336,0.2663932477190855,5.319790408409067,0.01615373480887041,76.6391781167604,-0.004919607391536568,-0.013163972783675038,5.4166666667,5.494313290438133,0.02953709580279795,5.499999866245514,0.03364835481547972,True,Solve_Succeeded,6,0.04784752699924866,0.05084030100260861,0.05128178399900207,True,5.905686408652633e-10,
16.9,31.612,31.601,4.483333399999999,76.9502713187994,1.1745452909373084,0.2795556883509148,5.364335334611558,0.1136950190207827,77.1852545979366,-0.00980353289914633,-0.0038019950199034147,5.4166666667,5.499999866245514,0.03364835481547972,5.499850620138176,0.004868979966353746,True,Solve_Succeeded,3,0.027744257997255772,0.03034440900228219,0.030762845002755057,True,1.460615184356584e-08,
17.0,31.712,31.703,4.483333399999999,77.47608706615144,1.3281546807280544,0.28908513130108626,5.397348824988226,0.08918790669376121,77.73301189245895,-0.010330721214211188,0.0020961506028329695,5.4166666667,5.499850620138176,0.004868979966353746,5.489816062850542,0.006855591670508965,True,Solve_Succeeded,3,0.02977789299620781,0.032812824996653944,0.03314697499445174,True,7.289265191445793e-09,
17.1,31.812,31.805,4.483333399999999,77.99927056691796,1.4869347370216932,0.29907313674705144,5.3008232226901475,0.04248947481534549,78.27971932518393,-0.0070896232286823575,0.00864019163085189,5.4166666667,5.489816062850542,0.006855591670508965,5.49999250940673,0.005643714498362302,True,Solve_Succeeded,6,0.05644179999944754,0.059588842996163294,0.060452624995377846,True,6.121121387536732e-10,
17.2,31.912,31.907,4.483333399999999,78.52152384117332,1.6501823040468655,0.30564954838087344,5.37506441317008,0.06212057340374657,78.82684661415544,-0.0011370533896795949,0.0119430019850304,5.4166666667,5.49999250940673,0.005643714498362302,5.498566605509777,-0.00810077042309065,True,Solve_Succeeded,3,0.02613439800188644,0.02916989599907538,0.029732338000030722,True,1.7912375582795903e-08,
17.3,32.012,32.009,4.483333399999999,79.04448660459013,1.8168186093506637,0.31048875207175375,5.3862756939751,0.024363339369681027,79.3756776810769,0.006050789155569465,0.013417048335124027,5.4166666667,5.498566605509777,-0.00810077042309065,5.491539917352976,-0.0016124116269361397,True,Solve_Succeeded,3,0.02570297800411936,0.029041433001111727,0.029579050999018364,True,4.979200163290898e-09,
17.4,32.112,32.111,4.483333399999999,79.56727299920331,1.983856484673475,0.3064374598458998,5.3664712808911625,0.00817534051102477,79.92450364175059,0.011770191535585879,0.005792013949958041,5.4166666667,5.491539917352976,-0.0016124116269361397,5.495317360482951,0.0040362826478132574,True,Solve_Succeeded,2,0.020396234998770524,0.02239339199877577,0.02265680200071074,True,4.0055578409692316e-08,
17.5,32.212,32.179,4.483333399999999,79.91519643415057,2.0941563748385863,0.3074587149217373,5.368423681671221,0.015709147431659107,80.28951937934315,0.013637672460835311,0.004320753421995727,5.4166666667,5.495317360482951,0.0040362826478132574,5.497082889989908,0.005687736878814205,True,Solve_Succeeded,2,0.021709054002712946,0.025971587005187757,0.02634506499452982,True,5.9015681230789596e-08,
17.6,32.312,32.281,4.483333399999999,80.43721424525684,2.260267965728377,0.3086377567978456,5.39782180401635,-0.015293997450145909,80.83738376735366,0.01528161284923169,0.001585011628699562,5.4166666667,5.497082889989908,0.005687736878814205,5.488466701885216,0.02029739572762719,True,Solve_Succeeded,2,0.020314941997639835,0.023705980995146092,0.02400863900402328,True,3.299119188851507e-06,
17.7,32.412,32.383,4.483333399999999,80.95877241733858,2.4268025271627423,0.3104358697493546,5.27870426766711,0.037910250872158616,81.38494750061493,0.015267200282058134,-0.0007381045146980791,5.4166666667,5.488466701885216,0.02029739572762719,5.500000048526987,0.008904153310483354,True,Solve_Succeeded,8,0.06743821100099012,0.07072381299803965,0.07107197099685436,True,5.3290819757023655e-08,
17.8,32.512,32.485,4.483333399999999,81.47900611493228,2.593970990982442,0.3119681769463714,5.372052077188009,0.02220737001912437,81.93144188131205,0.013952856130115744,-0.0035272243896910522,5.4166666667,5.500000048526987,0.008904153310483354,5.499987248186706,0.022746622932718272,True,Solve_Succeeded,3,0.027056778002588544,0.02976636600214988,0.030041379999602214,True,1.7862993750838996e-08,
17.9,32.612,32.587,4.483333399999999,82.00080677058638,2.7631047730065896,0.3164979026661301,5.381862134654874,0.08792095511350709,82.48002258223809,0.01159286532382885,-0.0035449637722424487,5.4166666667,5.499987248186706,0.022746622932718272,5.496994748569391,0.005535415745702454,True,Solve_Succeeded,3,0.024878055999579374,0.02752013600547798,0.0279851459999918,True,1.638425750627448e-08,
18.0,32.712,32.689,4.483333399999999,82.52200270420437,2.93469372139859,0.3173393748193818,5.3585735523481235,0.06963067362677833,83.0287821554455,0.009200723689834284,-0.007462760667314328,5.4166666667,5.496994748569391,0.005535415745702454,5.498060129620105,0.018908277287905707,True,Solve_Succeeded,3,0.02517584500310477,0.02831554900330957,0.02889395799866179,True,1.3486534911066883e-07,
18.1,32.812,32.791,4.483333399999999,83.04063872683427,3.10815085711249,0.327834695935746,5.363524548085426,0.0786267042047761,83.57569014922554,0.006735948273869607,-0.0019201838415968675,5.4166666667,5.498060129620105,0.018908277287905707,5.50000002593718,0.010942307441468225,True,Solve_Succeeded,5,0.042237833004037384,0.04499433999444591,0.04547380800067913,True,3.425961114800202e-08,
18.2,32.912,32.893,4.483333399999999,83.55865019438279,3.285567624875103,0.3316956710953219,5.3639877269773875,0.028392665753085012,84.1232721668347,0.0054504726548863834,-0.0032278185646372193,5.4166666667,5.50000002593718,0.010942307441468225,5.499010494157527,0.027627592587824625,True,Solve_Succeeded,3,0.03168272699986119,0.03457446600077674,0.03502458600269165,True,5.984175821538429e-09,
18.3,33.012,32.995,4.483333399999999,84.07350866361737,3.463622337670333,0.33580034530641,5.3478511842701355,0.04963826712831553,84.66806705163985,0.0029312292188666523,-0.0044738752412500915,5.4166666667,5.499010494157527,0.027627592587824625,5.500000049939494,0.022704566599964147,True,Solve_Succeeded,6,0.04653149400110124,0.049920295998163056,0.05028400499577401,True,4.993949431764122e-08,
18.4,33.112,33.097,4.483333399999999,84.58973627619353,3.6440100110286338,0.33664368957644525,5.362713496654275,0.0009329902743400451,85.2148975905052,-0.0008287274399376602,-0.009210389695751664,5.4166666667,5.500000049939494,0.022704566599964147,5.499996590867096,0.04523090532772327,True,Solve_Succeeded,4,0.03605166399938753,0.03921688900300069,0.03963545499573229,True,3.4920244473823914e-10,
18.5,33.212,33.199,4.483333399999999,85.10606566067202,3.82538359401293,0.3403451462394064,5.339188913573411,0.0021069547120051214,85.76210247961414,-0.006806407469610713,-0.01130234407788594,5.4166666667,5.499996590867096,0.04523090532772327,5.500000054870797,0.05008051327094974,True,Solve_Succeeded,7,0.06252312200376764,0.06645421400025953,0.06691916200361447,True,5.487079679511453e-08,
18.6,33.312,33.301,4.483333399999999,85.62150297603702,4.0084326604455285,0.34396018564492076,5.345462793192463,0.15396227151626093,86.30896719645136,-0.014129647177428768,-0.013686625220158233,5.4166666667,5.500000054870797,0.05008051327094974,5.499998114483884,0.021036392601387743,True,Solve_Succeeded,5,0.04180738500144798,0.045360207004705444,0.045830166003725026,True,6.427773868722397e-10,
18.7,33.412,33.403,4.483333399999999,86.13362986628414,4.196129249076003,0.358105057714302,5.348987135075228,0.12223485918597726,86.85427961195597,-0.019269462171393983,-0.005732400231248991,5.4166666667,5.499998114483884,0.021036392601387743,5.499231744949067,0.02957206144766058,True,Solve_Succeeded,4,0.03763650699693244,0.04048488900298253,0.040779210001346655,True,7.146946146008304e-09,
18.8,33.512,33.505,4.483333399999999,86.6442998939906,4.389849577211925,0.3683214046432698,5.351183394977918,0.13115780838527125,87.40032279563002,-0.02169930044593598,-0.001923161174655186,5.4166666667,5.499231744949067,0.02957206144766058,5.4999708039243185,0.018377034064930735,True,Solve_Succeeded,4,0.03611113100487273,0.039168178002000786,0.039722979003272485,True,1.6094631405394466e-08,
18.9,33.613,33.607,4.483333399999999,87.150694749419,4.58800881731506,0.3797408667622043,5.34992086551552,0.07704888389675887,87.94396550549983,-0.021984417515466093,0.0029108638850524615,5.4166666667,5.4999708039243185,0.018377034064930735,5.499953114129731,0.027799939188505235,True,Solve_Succeeded,4,0.03533385599439498,0.03780363599798875,0.03840013499575434,True,2.5345148202404744e-08,
19.0,33.712,33.709,4.483333399999999,87.65732244091481,4.792241479166082,0.3866828948565804,5.360589391253751,0.09004193710963601,88.49006381556929,-0.02036157659079362,0.0030308488108131137,5.4166666667,5.499953114129731,0.027799939188505235,5.499985093970522,0.019729815452328534,True,Solve_Succeeded,3,0.02606847900460707,0.028573859002790414,0.02892023299500579,True,1.5752327557905232e-06,
19.1,33.812,33.811,4.483333399999999,88.16287422331985,5.001068174796693,0.39437418512467204,5.40854453462363,-0.039192711798540975,89.0369084792004,-0.01786408934256528,0.003683755984497772,5.4166666667,5.499985093970522,0.019729815452328534,5.492813723710539,0.051744165008122414,True,Solve_Succeeded,3,0.03264299400325399,0.03604618299868889,0.03676647700194735,True,4.4706802891127106e-07,
19.2,33.912,33.879,4.483333399999999,88.499176886892,5.14114267785944,0.3949731960080033,5.3431029890394,0.09603097113714144,89.40113200526721,-0.017289811117835938,-0.0005196164870510112,5.4166666667,5.492813723710539,0.051744165008122414,5.49953599210825,0.02068794370719664,True,Solve_Succeeded,4,0.04512844000419136,0.049913133996597026,0.05031510800472461,True,6.4833223234472825e-09,
19.3,34.012,33.981,4.483333399999999,89.00128282269058,5.35325590898615,0.4041895313130582,5.344572956158732,0.0844616343125087,89.94607808136313,-0.016988483076322322,0.0013412823008605579,5.4166666667,5.49953599210825,0.02068794370719664,5.499262259287793,0.029566147514556097,True,Solve_Succeeded,4,0.03480412899807561,0.03852681599528296,0.0389891790036927,True,8.217318381298355e-09,
19.4,34.112,34.083,4.483333399999999,89.50211900796916,5.569598601350812,0.41182012315074146,5.342976171373187,0.09010574322082492,90.49151971170146,-0.016346941142166067,0.0015246155441646092,5.4166666667,5.499262259287793,0.029566147514556097,5.499968841748012,0.02263510588113717,True,Solve_Succeeded,4,0.033753743999113794,0.0368840450028074,0.0372005800018087,True,1.9548164864602313e-08,
19.5,34.212,34.185,4.483333399999999,89.9986954887059,5.78938396163487,0.41888732499985687,5.340503303077673,0.08777628679091666,91.03444557494385,-0.014874188674142162,0.0012506853591534584,5.4166666667,5.499968841748012,0.02263510588113717,5.499970202525602,0.022448601267983474,True,Solve_Succeeded,4,0.03451515900087543,0.03799452300154371,0.038325428002281114,True,2.642276086817219e-08,
19.6,34.312,34.287,4.483333399999999,90.49555094266775,6.013175302399183,0.42725567878540904,5.3464669121544866,0.07254744407153046,91.57927033193072,-0.013833792473776273,0.0023240515480466017,5.4166666667,5.499970202525602,0.022448601267983474,5.499993857919545,0.024043359398424703,True,Solve_Succeeded,3,0.026720908004790545,0.02969961399503518,0.030126156001642812,True,2.0102324249648973e-07,
19.7,34.412,34.389,4.483333399999999,90.99138000494158,6.240867383543009,0.4328141672600876,5.351988135653651,-0.032082211135332786,92.12478412632315,-0.012777229117759026,0.0006494233328058208,5.4166666667,5.499993857919545,0.024043359398424703,5.5000000523183425,0.05066143574012824,True,Solve_Succeeded,7,0.05806046199722914,0.06146951299888315,0.06181736000144156,True,5.273277459139081e-08,
19.8,34.512,34.491,4.483333399999999,91.48646642833233,6.470021525601473,0.4357732624914653,5.3348596001201365,0.09613141278832418,92.67023558267759,-0.014008826365876182,-0.0035536471401610426,5.4166666667,5.5000000523183425,0.05066143574012824,5.499999984009601,0.02214824360729734,True,Solve_Succeeded,6,0.058410434001416434,0.061479903997678775,0.061921336004161276,True,1.0593973698291848e-08,
19.9,34.612,34.593,4.483333399999999,91.97894137194689,6.702081330104313,0.44462427269392724,5.339547599833796,0.07415989368466418,93.2145419685376,-0.015380251554661701,-0.0017808851288773075,5.4166666667,5.499999984009601,0.02214824360729734,5.499059447648818,0.0339971451774097,True,Solve_Succeeded,4,0.05140157899586484,0.05480609099322464,0.055183747004775796,True,1.1438665126206615e-08,
20.0,34.712,34.695,4.483333399999999,92.46991200307659,6.938857065755551,0.4554296110831512,5.344253127348909,0.11660578022371534,93.75951644059307,-0.01568808364037351,0.0020054204276944154,5.4166666667,5.499059447648818,0.0339971451774097,5.499997731994297,0.01408892459047825,True,Solve_Succeeded,5,0.054544979000638705,0.058030997002788354,0.05835122000280535,True,6.218190407025759e-10,
20.1,34.812,34.797,4.483333399999999,92.95620692187588,7.180468385017548,0.46578387793465953,5.3413748266229355,0.1299249836157857,94.30242095513816,-0.013394016045718974,0.005433833538035782,5.4166666667,5.499997731994297,0.01408892459047825,5.499979763925466,0.007201234322213912,True,Solve_Succeeded,3,0.04057260599802248,0.0465968620046624,0.04715932300314307,True,6.139001547111889e-07,
20.2,34.912,34.899,4.483333399999999,93.44205418005849,7.428465495791808,0.4776603504554146,5.356659632313305,0.10384600029989433,94.84780841327121,-0.008939996770654584,0.01041856875592412,5.4166666667,5.499979763925466,0.007201234322213912,5.499990413901423,0.0044775599121963435,True,Solve_Succeeded,3,0.03411114999471465,0.03910010400431929,0.039710354001726955,True,5.3886982875894773e-08,
20.3,35.012,35.001,4.483333399999999,93.92684876924184,7.68164756980482,0.48196311286714233,5.411658255973869,-0.07153827223896522,95.3946623018867,-0.0031339500790406086,0.00787619544674911,5.4166666667,5.499990413901423,0.0044775599121963435,5.491463519079602,0.04351849778590998,True,Solve_Succeeded,4,0.036982958001317456,0.040012591001868714,0.04033099100342952,True,2.7162403437586136e-09,
20.4,35.112,35.103,4.483333399999999,94.40963971673155,7.934021340757272,0.4828084217761637,5.340865853495238,0.05788218795491056,95.93941990457819,-0.0008440745563771355,0.0019663716183089264,5.4166666667,5.491463519079602,0.04351849778590998,5.4988948710922525,0.016594681002054665,True,Solve_Succeeded,4,0.03490982999937842,0.038291500000923406,0.03865075999783585,True,3.164843676017881e-08,
20.5,35.212,35.205,4.483333399999999,94.89150762480595,8.188403362141768,0.48854532888176705,5.343830905050819,0.053899999971759274,96.48430904857699,-1.0503727530421758e-05,0.0010090903759910619,5.4166666667,5.4988948710922525,0.016594681002054665,5.4993833416496445,0.02641919067992543,True,Solve_Succeeded,4,0.04619595400436083,0.04961618500237819,0.04990388399892254,True,5.7342752768363425e-09,
20.6,35.312,35.307,4.483333399999999,95.37242839498909,8.44592622199043,0.4957283659740809,5.348602099105338,0.06842663801269348,97.02984104244503,0.0004066014985233648,0.0015516384719668208,5.4166666667,5.4993833416496445,0.02641919067992543,5.499956047544977,0.01843941230907806,True,Solve_Succeeded,3,0.03418403600517195,0.03796889100340195,0.038343923006323166,True,1.3734391988151629e-06,
20.7,35.412,35.409,4.483333399999999,95.84849793202893,8.705318694512314,0.5015540581356127,5.334762817934269,0.09201345642267125,97.5719966809725,0.0011867592827044706,0.0008379105856007873,5.4166666667,5.499956047544977,0.01843941230907806,5.4999940590151315,0.012208198702839401,True,Solve_Succeeded,3,0.03255822700157296,0.03522510900074849,0.0355195510055637,True,8.170197762780163e-08,
20.8,35.515,35.511,4.483333399999999,96.32481059233511,8.96922874549876,0.5100755228626525,5.344498450324231,0.0752814298567832,98.11654638236243,0.002268296623583403,0.002850157665220565,5.4166666667,5.4999940590151315,0.012208198702839401,5.499747869914784,0.013004872514508851,True,Solve_Succeeded,3,0.0333862039988162,0.037355198997829575,0.03772904700599611,True,4.281741485812063e-07,
20.9,35.612,35.579,4.483333399999999,96.6414034056473,9.147133650063765,0.5130999604035653,5.342913517127323,-0.03994118717646761,98.47971170487536,0.003204901625097264,0.001565900366223838,5.4166666667,5.499747869914784,0.013004872514508851,5.499996561165807,0.03957407414325536,True,Solve_Succeeded,4,0.03707737499644281,0.04102825000154553,0.04158412900142139,True,1.5542926945499858e-09,
21.0,35.712,35.681,4.483333399999999,97.11576084624441,9.414517766307466,0.5149671609441927,5.327626633810158,0.08435290941254531,99.02425667960861,0.00240849050954679,-0.0029798304602878245,5.4166666667,5.499996561165807,0.03957407414325536,5.500000041849567,0.00755979367732356,True,Solve_Succeeded,5,0.04067181400023401,0.043894485002965666,0.04418773500219686,True,4.1849567367080454e-08,
21.1,35.812,35.783,4.483333399999999,97.58785298905022,9.684238817801928,0.5229165589090091,5.333696406625051,0.07132030690027244,99.56797807564534,0.001292608606373901,-0.0013775502736749212,5.4166666667,5.500000041849567,0.00755979367732356,5.499999970053796,0.013635871602691038,True,Solve_Succeeded,4,0.04122673199890414,0.04309726000064984,0.04343700099707348,True,5.885959977565609e-09,
21.2,35.912,35.885,4.483333399999999,98.05881423800298,9.957313780532775,0.5298038616478961,5.33608265283354,0.10151492779848022,100.11238542989933,0.0002068084747800015,-0.0007672717595358368,5.4166666667,5.499999970053796,0.013635871602691038,5.499995204587865,-0.004278722172077888,True,Solve_Succeeded,4,0.037263528000039514,0.04012613099621376,0.040449952000926714,True,9.377413512368094e-09,
21.3,36.012,35.987,4.483333399999999,98.52576798836436,10.23322598667736,0.5363417418447837,5.334286466249643,0.06061902342302931,100.65476511949956,0.00035920039192505703,0.00028912273610359756,5.4166666667,5.499995204587865,-0.004278722172077888,5.499993298836287,0.0006729628527625611,True,Solve_Succeeded,3,0.026211142001557164,0.029653034995135386,0.02997819800657453,True,4.0386139943393573e-07,
21.4,36.112,36.089,4.483333399999999,98.99306796461453,10.512847927990375,0.5416360857084214,5.345200866012416,0.01899808922103122,101.19933904925527,0.0008395611093491145,0.0011861119332731151,5.4166666667,5.499993298836287,0.0006729628527625611,5.4999910330565305,0.0017685498761567926,True,Solve_Succeeded,3,0.032041464997746516,0.0349971280011232,0.03533876300207339,True,1.359920425159089e-07,
21.5,36.212,36.191,4.483333399999999,99.46150774121188,10.793161644363973,0.5348422364795208,5.385078687262855,-0.034416892990977214,101.74524157697456,-0.0007700487283576989,-0.00890103681720189,5.4166666667,5.4999910330565305,0.0017685498761567926,5.4933656404823905,0.01886806671515476,True,Solve_Succeeded,3,0.03100016499956837,0.03409737900074106,0.03441106900572777,True,9.587848737169224e-09,
21.6,36.312,36.293,4.483333399999999,99.92876783917866,11.070942820097057,0.5399725095987222,5.335088042063699,0.07077062976066012,102.28880941790679,-0.005424425631800097,-0.005939607981179096,5.4166666667,5.4933656404823905,0.01886806671515476,5.498906046796641,-0.012203865701013682,True,Solve_Succeeded,4,0.040734649999649264,0.043821300998388324,0.0442007109959377,True,5.962881042230472e-09,
21.7,36.412,36.395,4.483333399999999,100.39521675880978,11.352209617433001,0.5450009210140536,5.344630719180027,0.04015083503264464,102.83348711792075,-0.0075574156446720575,-0.0019723054653397742,5.4166666667,5.498906046796641,-0.012203865701013682,5.4999894073550974,-0.005774768487224828,True,Solve_Succeeded,3,0.026928596998914145,0.030061691999435425,0.03045671399740968,True,9.030039649360333e-08,
21.8,36.512,36.497,4.483333399999999,100.86139407708288,11.636386679902937,0.5504062570062019,5.357767379959538,0.04605688064779057,103.37945251452952,-0.0073382619416303765,0.0034808220951215714,5.4166666667,5.4999894073550974,-0.005774768487224828,5.499998070058455,-0.02061183550038735,True,Solve_Succeeded,3,0.03231336300086696,0.03611456399812596,0.036420468997675925,True,2.9285911473664328e-08,
21.9,36.612,36.599,4.483333399999999,101.32378404379304,11.921566407849571,0.5530971773471925,5.350179034870603,0.03326331697036078,103.92270728703564,-0.004043144117849988,0.006945031795339118,5.4166666667,5.499998070058455,-0.02061183550038735,5.4999800644318695,-0.02546112088250536,True,Solve_Succeeded,3,0.040736608003498986,0.04585389299609233,0.046610931000031997,True,7.086838493819414e-08,
22.0,36.712,36.701,4.483333399999999,101.78834003695508,12.209120049156452,0.5541837561940399,5.364142955601929,-0.044620242240972934,104.46903949218336,0.0007149872247755273,0.009312123914823722,5.4166666667,5.4999800644318695,-0.02546112088250536,5.499995484960605,-0.014797995370371145,True,Solve_Succeeded,3,0.030224068999814335,0.03477456200198503,0.03529453599912813,True,4.0896441788618176e-08,
22.1,36.812,36.803,4.483333399999999,102.25513351541902,12.495529156600321,0.543941314624191,5.342653969369722,-0.12869224518029745,105.01667942222191,0.004174141143470727,0.0008586667704456595,5.4166666667,5.499995484960605,-0.014797995370371145,5.499981659648688,0.006122927939864517,True,Solve_Succeeded,4,0.03863452799851075,0.04430083799525164,0.04490823900414398,True,8.096132297907843e-08,
22.2,36.912,36.905,4.483333399999999,102.72198366511068,12.77683902849785,0.5410779634190452,5.351080185788462,-0.021739835405536003,105.56172418423205,0.004350584882616439,0.00027726624905244357,5.4166666667,5.499981659648688,0.006122927939864517,5.499723830443323,-0.0165792794455961,True,Solve_Succeeded,3,0.04363997100153938,0.04698630499478895,0.0473130009995657,True,4.225828753590122e-08,
22.3,37.012,37.007,4.483333399999999,103.19036012273786,13.05741419114948,0.5382869245794865,5.355152529575822,-0.0532475707756791,106.10769638056743,0.004493803880170056,0.0002722873143697902,5.4166666667,5.499723830443323,-0.0165792794455961,5.499994359102454,-0.0008041935067300718,True,Solve_Succeeded,4,0.04394228499586461,0.04763271500269184,0.048144917003810406,True,5.502421629444143e-09,
22.4,37.112,37.109,4.483333399999999,103.6587516497533,13.336425722436543,0.5375923264610066,5.291966604766895,-0.0021000512533981435,106.65287637802601,0.004941422437899012,0.0028576152024507584,5.4166666667,5.499994359102454,-0.0008041935067300718,5.499739743019692,-0.01769040972009723,True,Solve_Succeeded,4,0.04870218200085219,0.05375160700350534,0.05431053299980704,True,2.902227702605842e-08,
22.5,37.212,37.211,4.483333399999999,104.1279447379326,13.61418399317139,0.5319703555813183,5.352651265733391,-0.0475979101987285,107.19810034481905,0.0058257978486163774,0.0010114064445722049,5.4166666667,5.499739743019692,-0.01769040972009723,5.49999808325183,0.001300234234419434,True,Solve_Succeeded,4,0.05589991900342284,0.06072227900585858,0.061291529003938194,True,2.0272536225239557e-08,
22.6,37.312,37.279,4.483333399999999,104.44211583360993,13.798435694573785,0.5294909539064557,5.359672685879532,0.006834504776040102,107.56229806434567,0.0061289330111440115,0.001329022221086995,5.4166666667,5.49999808325183,0.001300234234419434,5.49999231391575,-0.011861848986451184,True,Solve_Succeeded,3,0.028743797003699,0.03176970300410176,0.032262781001918484,True,5.188527740784821e-08,
22.7,37.412,37.381,4.483333399999999,104.91437744484372,14.075346989863688,0.5259018350583515,5.350466489231225,-0.0995527001063332,108.10972647984325,0.008374501216042898,0.0013472757587345008,5.4166666667,5.49999231391575,-0.011861848986451184,5.4999984857566595,0.02783300045376679,True,Maximum_CpuTime_Exceeded,6,0.06916919500508811,0.07428085900028236,0.07519582800159696,True,4.8810308683755466e-08,
22.8,37.512,37.483,4.483333399999999,105.38538602397756,14.349380662866945,0.5270034952384732,5.347462039162003,-0.014987977862433007,108.65463047712079,0.010277421004273927,0.004409339665656153,5.4166666667,5.4999984857566595,0.02783300045376679,5.499842378652636,0.009603908554122912,True,Solve_Succeeded,3,0.03829863500141073,0.043023792997701094,0.0434995789983077,True,5.17065243954562e-08,
22.9,37.612,37.585,4.483333399999999,105.8570963685461,14.623381374984831,0.5253380857828915,5.34917037003568,-0.04331297549516443,109.20013810070368,0.012427595837228973,0.0030806585289888666,5.4166666667,5.499842378652636,0.009603908554122912,5.499854754073513,0.0325239772410054,True,Solve_Succeeded,4,0.04020316300011473,0.04329050600063056,0.043599325996183325,True,1.3394390846466209e-08,
23.0,37.712,37.687,4.483333399999999,106.32909806879627,14.896495490942678,0.5251143458700313,5.315427646836404,0.08620612964702981,109.74547680216365,0.013404644664112928,0.0015690496874488646,5.4166666667,5.499854754073513,0.0325239772410054,5.499999965170228,0.0034211082514827374,True,Solve_Succeeded,6,0.057427214000199456,0.0601361579974764,0.06054969599790638,True,2.4356250349910624e-09,
23.1,37.812,37.789,4.483333399999999,106.7992641447688,15.168768079382733,0.5268856471155985,5.3410002593910795,0.04754687464386575,110.28882843196263,0.013431006134550992,0.00044045287076599493,5.4166666667,5.499999965170228,0.0034211082514827374,5.499099318921359,0.026788675509789372,True,Solve_Succeeded,3,0.029858210000384133,0.0333425020071445,0.03383061299973633,True,3.1653575580103954e-08,
23.2,37.912,37.891,4.483333399999999,107.26985872548917,15.444447790532815,0.5354948507645808,5.351457987076662,0.12763245492583616,110.83428874163353,0.01416357101833815,0.004511283954469092,5.4166666667,5.499099318921359,0.026788675509789372,5.499999305063467,0.00203688312211556,True,Solve_Succeeded,3,0.03078875799837988,0.03502881100575905,0.035627994999231305,True,5.4980777264290737e-08,
23.3,38.012,37.993,4.483333399999999,107.7382330644088,15.724048283616725,0.5384916847735055,5.336833931060804,0.08427833917071878,111.37986195546154,0.01647955527982047,0.001331531150125187,5.4166666667,5.499999305063467,0.00203688312211556,5.499665883848664,0.02400580600516002,True,Solve_Succeeded,5,0.04361781800253084,0.04786967800464481,0.04823714400117751,True,9.508707599081845e-09,
23.4,38.112,38.095,4.483333399999999,108.20467322004761,16.00558441523149,0.547114458974589,5.34588138031099,0.06501826751452637,111.92481569191017,0.017635671925131612,0.0021418955320914312,5.4166666667,5.499665883848664,0.02400580600516002,5.500000014273311,0.027238729093292002,True,Solve_Succeeded,6,0.04640589200425893,0.04965617800189648,0.05000670099980198,True,3.8086405154680314e-08,
23.5,38.212,38.197,4.483333399999999,108.67069645447438,16.290418696983927,0.5496592232828528,5.349496436182297,0.018689292489674856,112.47115826604667,0.0171095854236066,-0.004803078575896791,5.4166666667,5.500000014273311,0.027238729093292002,5.4999930914860675,0.04847967314846815,True,Solve_Succeeded,5,0.04844212199532194,0.052036269997188356,0.05258900699845981,True,1.4538822395993023e-08,
23.6,38.312,38.299,4.483333399999999,109.13296692693152,16.575694153279496,0.5585640100097822,5.295584979119129,0.10603295953155048,113.01452426965987,0.01333250084339364,-0.006918221782383549,5.4166666667,5.4999930914860675,0.04847967314846815,5.5000000296149,0.031223908560055726,True,Solve_Succeeded,6,0.048615164996590465,0.052614509004342835,0.053041833998577204,True,2.9614899865748612e-08,
23.7,38.412,38.401,4.483333399999999,109.59348188911333,16.865239743550944,0.5666236181651466,5.336103947342602,0.11082978263156953,113.55859667270312,0.007998364031038683,-0.009999373412062584,5.4166666667,5.5000000296149,0.031223908560055726,5.499998154758195,0.039746486072273456,True,Solve_Succeeded,5,0.03841381800157251,0.041886921004334,0.04228181199869141,True,4.2376088416062885e-08,
23.8,38.512,38.503,4.483333399999999,110.05075929662655,17.16103434707178,0.5838299124457651,5.29951994202394,0.09082522097090519,114.10325255825323,0.00373159704079683,-0.0034651104626159945,5.4166666667,5.499998154758195,0.039746486072273456,5.499999802785016,0.03693793558263838,True,Solve_Succeeded,5,0.044633551995502785,0.048073493999254424,0.04845870599820046,True,4.441683643108263e-08,
23.9,38.612,38.605,4.483333399999999,110.50450052942263,17.46277973483622,0.5903096478156636,5.332178869943285,0.1032266774884585,114.64818323263826,0.0006958573799157382,-0.007173797569318574,5.4166666667,5.499999802785016,0.03693793558263838,5.499995145690506,0.03405553170597876,True,Solve_Succeeded,3,0.03172564599663019,0.03562462799891364,0.03599764600221533,True,1.2443045616095105e-07,
24.0,38.712,38.707,4.483333399999999,110.95509826648747,17.767909563623746,0.599743690610598,5.338667345685056,0.08173412328238899,115.19234943834739,-0.0031831137628035534,-0.007419444325555746,5.4166666667,5.499995145690506,0.03405553170597876,5.499999888592278,0.03977748396910002,True,Solve_Succeeded,6,0.05130844000086654,0.05593904299894348,0.05662598599883495,True,1.698500806668335e-08,
24.1,38.812,38.809,4.483333399999999,111.40380839076394,18.07758326069802,0.6097401267675999,5.367062927452614,0.12177144382728151,115.73748253012545,-0.007394250005174772,-0.006619356373566365,5.4166666667,5.499999888592278,0.03977748396910002,5.499996404552539,0.02679018173287341,True,Solve_Succeeded,3,0.032863540000107605,0.03767287600203417,0.038310340998577885,True,3.5128103981207914e-08,
24.2,38.912,38.911,4.483333399999999,111.84732626395011,18.390149660343937,0.6223121319453776,5.340596361959212,0.09849379398250731,116.27998355021253,-0.011096943375037232,-0.0026979713370872682,5.4166666667,5.499996404552539,0.02679018173287341,5.499999939982824,0.030459767777963002,True,Solve_Succeeded,6,0.04869037900061812,0.05181066699879011,0.0521847260024515,True,3.6875436926209204e-08,
24.3,39.012,38.979,4.483333399999999,112.1417934442878,18.6025133650082,0.6268973071871413,5.34119030802567,0.06309959427563097,116.64297376423788,-0.012179998236089434,-0.0036202124369022477,5.4166666667,5.499999939982824,0.030459767777963002,5.499999919559275,0.03586807503537397,True,Solve_Succeeded,6,0.045286255997780245,0.048683642999094445,0.04917176800518064,True,2.327015913294872e-09,
24.4,39.112,39.081,4.483333399999999,112.58168410436936,18.925174465466302,0.639841963550287,5.310596662085093,0.08217927410222675,117.18841544837431,-0.01306723851537405,0.0014736647804804994,5.4166666667,5.499999919559275,0.03586807503537397,5.500000053901395,0.023915806789671288,True,Solve_Succeeded,7,0.056587063998449594,0.06062410299637122,0.06117402000381844,True,5.390139534711125e-08,
24.5,39.212,39.183,4.483333399999999,113.01883887302627,19.25176305764495,0.6435295095720533,5.327150536624468,0.1352283523563784,117.73399771179248,-0.013314613356523088,-0.002179971913471967,5.4166666667,5.500000053901395,0.023915806789671288,5.49999955910758,0.012884895006505782,True,Solve_Succeeded,5,0.0466653019975638,0.05147544999636011,0.05189563000021735,True,7.078441832675253e-09,
24.6,39.312,39.285,4.483333399999999,113.4518912730705,19.582022651077445,0.6582716648781131,5.345846065289411,0.10596841355451675,118.2785260831061,-0.012020283704768986,0.00574607227619417,5.4166666667,5.49999955910758,0.012884895006505782,5.4999830697203755,0.014527171502718596,True,Solve_Succeeded,3,0.027273777006485034,0.03033391499775462,0.030601262995332945,True,1.152032762519184e-07,
24.7,39.412,39.387,4.483333399999999,113.88275606870747,19.91734410502672,0.6646667383080411,5.349928145073589,0.08605080185411468,118.82442066237168,-0.009006959085947033,0.005508804117590804,5.4166666667,5.4999830697203755,0.014527171502718596,5.499808974432076,0.015174100856191258,True,Solve_Succeeded,3,0.02928231800615322,0.03231429999868851,0.032735808003053535,True,3.7336614441233363e-07,
24.8,39.512,39.489,4.483333399999999,114.30974426427832,20.25357784023483,0.6714885781264525,5.322618403335971,0.08856494216452387,119.36784402751852,-0.006581698471890655,0.005432423557218402,5.4166666667,5.499808974432076,0.015174100856191258,5.49999999997369,0.013480587216051217,True,Solve_Succeeded,6,0.05053230599878589,0.05367833500349661,0.05404214499867521,True,9.129205835733956e-09,
24.9,39.612,39.591,4.483333399999999,114.7368597254967,20.593233778090777,0.6732416381572497,5.352921467522355,0.014363849480053714,119.91350548231499,-0.005392053946169978,-4.7472697755068793e-05,5.4166666667,5.49999999997369,0.013480587216051217,5.499995642825995,0.039734788286127413,True,Solve_Succeeded,4,0.039205054999911226,0.04218252099963138,0.04245178400014993,True,1.3309312052456335e-07,
25.0,39.712,39.693,4.483333399999999,115.16260934959968,20.93557840888073,0.6799689153156265,5.359146909234912,-0.09034614281062323,120.45978374790896,-0.005284905664973022,-0.0008718185502938347,5.4166666667,5.499995642825995,0.039734788286127413,5.499999989276349,0.06707205858757367,True,Solve_Succeeded,6,0.05183268700056942,0.054940239002462476,0.05526982100127498,True,1.3794632103270033e-08,
25.1,39.812,39.795,4.483333399999999,115.58743357413805,21.278936907064402,0.6824772812722056,5.3413955860335065,0.15788679049049595,121.00595910573757,-0.008017889058771474,-0.006227438959755527,5.4166666667,5.499999989276349,0.06707205858757367,5.499674148034894,0.022704422862992766,True,Solve_Succeeded,5,0.048853986998437904,0.052532032001181506,0.05300952099787537,True,8.847091947927765e-10,
25.2,39.913,39.897,4.483333399999999,116.00788268922055,21.62597948520397,0.6972705058933463,5.348628345391818,0.14602327585887176,121.55106225807802,-0.009499213263862468,0.0004010518751796921,5.4166666667,5.499674148034894,0.022704422862992766,5.499082680086358,0.026489447133594336,True,Solve_Succeeded,4,0.03445269600342726,0.03715573399676941,0.037606345002132,True,8.269602780330843e-09,
25.3,40.012,39.999,4.483333399999999,116.4236043984687,21.980397142490467,0.71530072851575,5.359936155740501,0.16599749656990423,122.09728137752035,-0.00683824128160469,0.009929498137765337,5.4166666667,5.499082680086358,0.026489447133594336,5.499998450372038,0.006774069560338377,True,Solve_Succeeded,3,0.027675321995047852,0.031003347001387738,0.03129917299520457,True,4.080745608092684e-08,
25.4,40.112,40.101,4.483333399999999,116.8318885410058,22.33987267307051,0.7298184875128793,5.356143233173674,0.1091925624428402,122.64119600111374,-0.00021669916678210266,0.015659175979803482,5.4166666667,5.499998450372038,0.006774069560338377,5.499998032337679,0.012059777157038478,True,Solve_Succeeded,3,0.026348483996116556,0.028937476003193296,0.029373757999564987,True,2.4206136650661847e-08,
25.5,40.212,40.203,4.483333399999999,117.2375882427213,22.70665502513367,0.7402350125794795,5.3704816509701825,0.10538053004433451,123.18808410165391,0.008723714796587729,0.016911823181526953,5.4166666667,5.499998032337679,0.012059777157038478,5.499948086599829,0.0037602919634843485,True,Solve_Succeeded,2,0.024760410997259896,0.029120571998646483,0.030052778995013796,True,7.122910572476826e-07,
25.6,40.312,40.305,4.483333399999999,117.64100185266767,23.077045948665294,0.7423002668305677,5.368259953953697,-0.013501661451842487,123.73580893299047,0.01677279090905212,0.00946612677787384,5.4166666667,5.499948086599829,0.0037602919634843485,5.499772494097899,0.039510133201533806,True,Solve_Succeeded,4,0.03820442500000354,0.04153667399805272,0.041796477999014314,True,2.732620352219328e-09,
25.7,40.412,40.407,4.483333399999999,118.04300043282431,23.448274921662527,0.7503764525183583,5.3583840630193045,0.06258370494759524,124.28316769106172,0.021094966950773154,0.00770112487179353,5.4166666667,5.499772494097899,0.039510133201533806,5.499970062037657,0.02189819403270606,True,Solve_Succeeded,3,0.02778575300180819,0.03044323599897325,0.030801453998719808,True,1.813366345970735e-08,
25.8,40.512,40.509,4.483333399999999,118.44231060025697,23.82117736777866,0.7518686700843324,5.357034185156531,0.007216241342951882,124.82974687403883,0.022998416173143178,-0.0009731187634796078,5.4166666667,5.499970062037657,0.02189819403270606,5.4987180940059135,0.05165637204751877,True,Solve_Succeeded,4,0.037591726999380626,0.039973975995962974,0.0402355219994206,True,1.1013013612171108e-08,
25.9,40.612,40.611,4.483333399999999,118.84086502999068,24.195484319360688,0.7575022223467467,5.352553606225039,0.0715931411432988,125.37673954528728,0.020791244663893323,-0.005856543255803314,5.4166666667,5.4987180940059135,0.05165637204751877,5.499977758745389,0.041382551372490674,True,Solve_Succeeded,3,0.031913063998217694,0.03453171200089855,0.034812758000043686,True,3.998727322596096e-07,
26.0,40.712,40.679,4.483333399999999,119.10280657550724,24.444449790458656,0.7609809943534599,5.350984001593956,0.10688334486207597,125.7382535034513,0.018293767086861916,-0.009518367446523013,5.4166666667,5.499977758745389,0.041382551372490674,5.500000054854762,0.044492478580722444,True,Solve_Succeeded,7,0.05699796800035983,0.06027250099577941,0.06070017599995481,True,5.489102239408794e-08,
26.1,40.812,40.781,4.483333399999999,119.49553836776829,24.822240458412757,0.7707568857903413,5.343515606646127,0.09066211897939412,126.28334514505306,0.012850913805567053,-0.010796863715986094,5.4166666667,5.500000054854762,0.044492478580722444,5.499999939662457,0.053179647081676586,True,Solve_Succeeded,6,0.051654161004989874,0.05468259799818043,0.05493565799406497,True,5.1393179489878094e-08,
26.2,40.912,40.883,4.483333399999999,119.88346694209463,25.20516638123081,0.7856360790996599,5.346453156164021,-0.024276233549851096,126.82853771797468,0.008316538794161527,-0.007322648389651132,5.4166666667,5.499999939662457,0.053179647081676586,5.4999997068660464,0.07909465929395468,True,Solve_Succeeded,6,0.050709297000139486,0.053113996000320185,0.053384300001198426,True,6.26931042635448e-08,
26.3,41.012,40.985,4.483333399999999,120.26645254149386,25.591905488100014,0.798864203487156,5.307047141802273,0.33794858872821854,127.37287533483116,0.0036772905191442915,-0.005831739094718014,5.4166666667,5.4999997068660464,0.07909465929395468,5.500000052932892,-0.009081133021817461,True,Solve_Succeeded,6,0.04906050499994308,0.05177856700174743,0.05204300100012915,True,5.293289184749028e-08,
26.4,41.112,41.087,4.483333399999999,120.64068125451058,25.985530913356992,0.8201513516796336,5.33042691116805,0.17239774169189506,127.91604962882029,0.0037204195221170024,0.003787016925893671,5.4166666667,5.500000052932892,-0.009081133021817461,5.499430896328997,0.006976319562067745,True,Solve_Succeeded,4,0.04812922100245487,0.051456317996780854,0.05200210600014543,True,1.3622757588649392e-07,
26.5,41.212,41.189,4.483333399999999,121.00764837759021,26.387242487329836,0.8417307985813833,5.359556228789193,0.16706345841606404,128.46019255557877,0.00839088619291974,0.014218707097504613,5.4166666667,5.499430896328997,0.006976319562067745,5.499749397854851,-0.012219622669949711,True,Solve_Succeeded,4,0.03610225799639011,0.03901022599893622,0.0393090569996275,True,1.2619159051041606e-09,
26.6,41.312,41.291,4.483333399999999,121.36597665176386,26.794470762068016,0.8573892749405643,5.331504411261278,0.15940278223744705,129.00269115714272,0.017256551077754242,0.01930881253502492,5.4166666667,5.499749397854851,-0.012219622669949711,5.499999990697232,-0.02203410696603324,True,Solve_Succeeded,6,0.04916008399595739,0.05226403899723664,0.0526086710015079,True,2.8401597518268318e-08,
26.7,41.412,41.393,4.483333399999999,121.71934380891977,27.2084610100621,0.8689108714529289,5.342156144417823,0.037478677423605104,129.54709741731855,0.028731255454219534,0.020776187057130246,5.4166666667,5.499999990697232,-0.02203410696603324,5.499991084447425,-0.00010601583222622932,True,Solve_Succeeded,4,0.03988714300066931,0.04372272500040708,0.044433716000639834,True,3.3749968000439806e-09,
26.8,41.512,41.495,4.483333399999999,122.07226682200677,27.623853292565038,0.8635325558736583,5.384176726480165,-0.032902448507169765,130.0924311755411,0.036137445906235105,0.005882728470769537,5.4166666667,5.499991084447425,-0.00010601583222622932,5.499628653612079,0.02025447889085625,True,Solve_Succeeded,3,0.03045772699988447,0.03435259400430368,0.034889135997218546,True,8.226140657541237e-09,
26.9,41.612,41.597,4.483333399999999,122.42529103885559,28.038491898596583,0.8672275994452624,5.33175014327133,0.055528420905805176,130.6373266252839,0.03794405046134547,0.0006278862847904909,5.4166666667,5.499628653612079,0.02025447889085625,5.500000047554966,0.005288991569676198,True,Solve_Succeeded,6,0.05634176399325952,0.06014435500401305,0.06056340299983276,True,4.7554966187135506e-08,
27.0,41.712,41.699,4.483333399999999,122.77604655992745,28.454024445934554,0.8720064457889113,5.332584654695631,0.0415230423920104,131.18142339047225,0.03734325058995838,-0.002973059750117746,5.4166666667,5.500000047554966,0.005288991569676198,5.499994617240488,0.018528165217584852,True,Solve_Succeeded,5,0.04838549200212583,0.05372174599324353,0.05438567799865268,True,1.0148856997849176e-09,
27.1,41.812,41.801,4.483333399999999,123.12529890850774,28.87162413096385,0.8781480985920614,5.343586571667263,0.06581774336557618,131.72609724574872,0.03481119521214449,-0.0046624674892982165,5.4166666667,5.499994617240488,0.018528165217584852,5.499996062641796,0.01080210379846987,True,Solve_Succeeded,4,0.039403508002578747,0.043430026998976246,0.043827853005495854,True,1.2845883468060038e-08,
27.2,41.912,41.903,4.483333399999999,123.47036365027807,29.289578611868738,0.8834753858813797,5.331963217816584,0.06841237027622105,132.26832224041567,0.03164573083155481,-0.006577224940604198,5.4166666667,5.499996062641796,0.01080210379846987,5.499996228819909,0.012878734307907607,True,Solve_Succeeded,3,0.02581983699928969,0.02846997499727877,0.028783100002328865,True,1.1670529609375535e-07,
27.3,42.012,42.005,4.483333399999999,123.81434230301926,29.711448282415397,0.8891090081175412,5.343148251814068,-0.011183591010745007,132.81284169181444,0.027997383458486638,-0.007660976279464382,5.4166666667,5.499996228819909,0.012878734307907607,5.4999914989887175,0.03240345500336062,True,Solve_Succeeded,4,0.038390771005651914,0.04125141699478263,0.041541017999406904,True,2.6924718454779395e-08,
27.4,42.112,42.107,4.483333399999999,124.15867889078672,30.135228083375317,0.8892796434359765,5.372222858982342,0.05125960189796911,133.35899830995763,0.021746133156863807,-0.013669968396112897,5.4166666667,5.4999914989887175,0.03240345500336062,5.500000030570205,0.02046470896153316,True,Solve_Succeeded,5,0.0475367550025112,0.05105084900424117,0.051414564994047396,True,3.057020503405283e-08,
27.5,42.212,42.209,4.483333399999999,124.49812299546637,30.55888799937568,0.9015432307186299,5.323983290489126,0.13741175178489898,133.90194716506684,0.01605804751238727,-0.006997092846239616,5.4166666667,5.500000030570205,0.02046470896153316,5.499999912480125,-0.0017942868903022154,True,Solve_Succeeded,6,0.04646633499942254,0.04947595600242494,0.05007211499469122,True,5.72536684728675e-10,
27.6,42.312,42.311,4.483333399999999,124.83256778781215,30.986834167616006,0.9115148315098934,5.331041125465003,0.0315106139716615,134.44515106987186,0.014061106514748702,-0.002068796088660174,5.4166666667,5.499999912480125,-0.0017942868903022154,5.499573291502384,0.016774347358237383,True,Solve_Succeeded,4,0.04523447499377653,0.0482673500009696,0.04897608600003878,True,4.257262986584465e-09,
27.7,42.412,42.379,4.483333399999999,125.05422335352343,31.273897876662208,0.9162815530396454,5.330709138721873,0.08668430018819155,134.8078725862018,0.013384981748365778,-0.00036405452526577786,5.4166666667,5.499573291502384,0.016774347358237383,5.499451311298301,-0.010282243976421735,True,Solve_Succeeded,4,0.04207087000395404,0.04617752599733649,0.04721150000113994,True,1.0701726615991447e-08,
27.8,42.512,42.481,4.483333399999999,125.38323179786036,31.70497158996715,0.9209268645509571,5.330033548563456,0.034577251182302385,135.35021151757206,0.013455027625155165,0.00015860091151187472,5.4166666667,5.499451311298301,-0.010282243976421735,5.500000037124923,0.004003763392480098,True,Solve_Succeeded,6,0.05701365300046746,0.06171561799419578,0.06224747899977956,True,4.5085928768173744e-08,
27.9,42.612,42.583,4.483333399999999,125.71179571747379,32.1388047622299,0.9236482574675523,5.342449726763379,-0.023442568407576456,135.89447097244496,0.01345425489415783,-0.0007094502158063731,5.4166666667,5.500000037124923,0.004003763392480098,5.499992966644189,0.013145024802075755,True,Solve_Succeeded,4,0.03996947599807754,0.0438111650000792,0.04414136699779192,True,1.99049301485843e-08,
28.0,42.712,42.685,4.483333399999999,126.04128932530278,32.573455310830774,0.920254732750879,5.402962274859091,-0.007019790643909811,136.43992907561557,0.011395704981218484,-0.007150840548118875,5.4166666667,5.499992966644189,0.013145024802075755,5.485525937981009,0.013454992096793227,True,Solve_Succeeded,2,0.02067936200182885,0.023667658999329433,0.024175473001378123,True,1.3320735270383466e-06,
28.1,42.812,42.787,4.483333399999999,126.36984315248463,33.007040864690296,0.9266534883454981,5.333056452638856,0.0941933488236165,136.9839499045266,0.007941144236312968,-0.003244909064147205,5.4166666667,5.485525937981009,0.013454992096793227,5.49678025716669,-0.013866773601184438,True,Solve_Succeeded,5,0.04838551099965116,0.05156995599827496,0.05186828500154661,True,5.358862215087967e-09,
28.2,42.912,42.889,4.483333399999999,126.69524182841145,33.44355981843604,0.9334693753596695,5.341835174315561,0.060220097084535865,137.52842167575895,0.007561013472212786,0.0016223959924615006,5.4166666667,5.49678025716669,-0.013866773601184438,5.499541947694254,-0.00952345201251063,True,Solve_Succeeded,3,0.025005297000461724,0.02896901100029936,0.029404210996290203,True,4.714837524844029e-07,
28.3,43.012,42.991,4.483333399999999,127.01888296217253,33.88257233419462,0.9377496850422526,5.376787016517547,0.033562175815163894,138.0738442457979,0.009165179215632984,0.004498308227989911,5.4166666667,5.499541947694254,-0.00952345201251063,5.49796108922574,-0.012844560318531869,True,Solve_Succeeded,2,0.01961565500096185,0.02271122799720615,0.023011801997199655,True,1.7855718947856758e-07,
28.4,43.112,43.093,4.483333399999999,127.34049300667087,34.320538924411345,0.9382292990272811,5.342992462851991,0.0028382779820189537,138.61721740542544,0.0111508313856181,0.004018328792940062,5.4166666667,5.49796108922574,-0.012844560318531869,5.4999558841728495,-0.007893551895494996,True,Solve_Succeeded,3,0.02883205599937355,0.033328903999063186,0.034213648999866564,True,6.73349698961925e-08,
28.5,43.212,43.195,4.483333399999999,127.66288440299805,34.760331005267744,0.9367542857772023,5.347613274742973,-0.10653905156909228,139.16252510144267,0.013109533370485944,0.0017091573013966466,5.4166666667,5.4999558841728495,-0.007893551895494996,5.499446869656092,0.019471220910130645,True,Solve_Succeeded,4,0.0439220890038996,0.049398096998629626,0.05028721899725497,True,3.3435378909985047e-09,
28.6,43.312,43.297,4.483333399999999,127.98920070662814,35.19879943244815,0.9264836443735296,5.34299186859948,-0.05110006346618733,139.70909675465535,0.01069807666618328,-0.009288363320399506,5.4166666667,5.499446869656092,0.019471220910130645,5.4999957087026585,0.01722563049574823,True,Solve_Succeeded,3,0.03816255099809496,0.04359940200083656,0.04466440699616214,True,9.85144872345245e-08,
28.7,43.412,43.399,4.483333399999999,128.31545250732736,35.63337781281126,0.9288410840276637,5.335728126718688,0.05467518458890035,140.25249237438294,0.005665556883485738,-0.007545091395883663,5.4166666667,5.4999957087026585,0.01722563049574823,5.499991769602238,-0.0019249783827261278,True,Solve_Succeeded,4,0.047758296997926664,0.05176127499726135,0.05227152499719523,True,4.151326393753152e-09,
28.8,43.512,43.501,4.483333399999999,128.6404209144671,36.070469999201514,0.9339970609029491,5.344661786435822,0.03502617837340106,140.79714686396665,0.002851688048569976,-0.0028960686496892762,5.4166666667,5.499991769602238,-0.0019249783827261278,5.499994365281619,0.0023629862192869827,True,Solve_Succeeded,3,0.030103608005447313,0.03325682399736252,0.03350291999959154,True,4.552206611663223e-08,
28.9,43.612,43.603,4.483333399999999,128.96352018131103,36.50877345982721,0.9379645492791612,5.259703523595068,0.01739670544962378,141.34166814584822,0.002014832785985297,0.00067338938847461,5.4166666667,5.499994365281619,0.0023629862192869827,5.499999933302818,-0.001680469721499432,True,Solve_Succeeded,6,0.05851707400142914,0.06290113500290317,0.06336559400369879,True,3.5155337733787373e-09,
29.0,43.712,43.705,4.483333399999999,129.28412015325895,36.94813424768362,0.941917539616559,5.342066037337831,0.044571545397119015,141.8855619813803,0.003631292028938356,0.004337473314826368,5.4166666667,5.499999933302818,-0.001680469721499432,5.499999458191724,-0.015134453790157706,True,Maximum_CpuTime_Exceeded,6,0.06325896300404565,0.06780074500420596,0.06831532300566323,True,2.965190226689174e-08,
29.1,43.812,43.807,4.483333399999999,129.60389574732602,37.389673996686334,0.9452853257490594,5.348334546329051,-0.009753746645982001,142.430725213369,0.007073869307471873,0.007524718290766952,5.4166666667,5.499999458191724,-0.015134453790157706,5.499994161349087,-0.006464810734324737,True,Solve_Succeeded,3,0.0330260199989425,0.03618541800096864,0.03652962900378043,True,3.426797867689402e-08,
29.2,43.912,43.909,4.483333399999999,129.92441874163984,37.83117614674242,0.9374533649321727,5.2765730599796585,-0.07514059350584942,142.97630033328613,0.0098229365826551,-0.0003785835885826705,5.4166666667,5.499994161349087,-0.006464810734324737,5.49995768079526,0.010046776611399362,True,Solve_Succeeded,4,0.04185805800079834,0.044758795003872365,0.045090990999597125,True,1.0560626240163629e-07,
29.3,44.012,44.011,4.483333399999999,130.24484364779653,38.26939733072662,0.9408517264927376,5.3232607937745575,0.001605950081989762,143.51917115378677,0.010701096832434604,0.003057391914242702,5.4166666667,5.49995768079526,0.010046776611399362,5.499313957336972,-0.011196241395321865,True,Solve_Succeeded,4,0.04144386799453059,0.04508781000185991,0.045502911001676694,True,9.367375319868643e-09,
29.4,44.112,44.079,4.483333399999999,130.45810844732088,38.5619080554464,0.9408619357761229,5.32447433539187,-0.010568571766520048,143.88116904437507,0.01180913896446277,0.003152899589998648,5.4166666667,5.499313957336972,-0.011196241395321865,5.499972121429071,-0.0036224751525870454,True,Solve_Succeeded,3,0.026756619998195674,0.03001955899526365,0.03044000099907862,True,1.2486913938403177e-06,
29.5,44.212,44.181,4.483333399999999,130.7787191863417,39.00089162043171,0.9416276944556095,5.22349450404244,0.036364620494300975,144.42476187593124,0.013104441378983568,0.004137254847822458,5.4166666667,5.499972121429071,-0.0036224751525870454,5.499999257114097,-0.021358319833885208,True,Maximum_CpuTime_Exceeded,6,0.06375822100380901,0.06776223199995002,0.06827819300087867,True,2.856029190922982e-09,
29.6,44.312,44.283,4.483333399999999,131.09738675882465,39.43803180958988,0.9390275086428391,5.323973607286286,-0.04324100472506248,144.96571651346628,0.015022651384126742,0.0018624792834412984,5.4166666667,5.499999257114097,-0.021358319833885208,5.499507834205399,0.0014581569019015501,True,Solve_Succeeded,3,0.03468609200353967,0.040600100001029205,0.04097474100126419,True,1.4024799810385957e-07,
29.7,44.412,44.385,4.483333399999999,131.419232718085,39.875783254469624,0.9345857160556996,5.331238544171831,-0.044795319710688807,145.5090433605679,0.014947533752025734,-0.0021441572719165247,5.4166666667,5.499507834205399,0.0014581569019015501,5.499990602860112,0.0004442078505734923,True,Solve_Succeeded,3,0.03719070099759847,0.042091097006050404,0.042720028999610804,True,1.388695594073397e-07,
29.8,44.512,44.487,4.483333399999999,131.7434684615218,40.3126390114536,0.9262872486103578,5.313841382376707,-0.0889680609575076,146.053064027713,0.012682818193078753,-0.00989816207643257,5.4166666667,5.499990602860112,0.0004442078505734923,5.499862845088891,0.02316842035303794,True,Solve_Succeeded,4,0.052046142001927365,0.05689280300430255,0.05751661099930061,True,1.4935188197284788e-08,
29.9,44.612,44.589,4.483333399999999,132.06757909406312,40.74569276276311,0.9287896114766231,5.301879394444665,-0.010054820000869618,146.59395132766653,0.008588539120990796,-0.006746614011947761,5.4166666667,5.499862845088891,0.02316842035303794,5.49984674605932,0.004062846098568273,True,Solve_Succeeded,3,0.04041444200265687,0.04501860800519353,0.045432586994138546,True,2.530625913266249e-07,
30.0,44.712,44.691,4.483333399999999,132.39186404780762,41.17836590764527,0.9256251952744676,5.319228837398068,-0.045637966517516025,147.13464054446635,0.004508167025512297,-0.0091546292256377,5.4166666667,5.49984674605932,0.004062846098568273,5.499998745869756,0.02249053711848255,True,Solve_Succeeded,4,0.047630979999667034,0.052678377003758214,0.053303679000237025,True,2.10431618796747e-08,
30.1,44.812,44.793,4.483333399999999,132.71604406857722,41.60994551411325,0.9304641288184327,5.253944798120588,0.05030991019471483,147.67439396376764,0.0002998601857771943,-0.003453494147480085,5.4166666667,5.499998745869756,0.02249053711848255,5.499999654209352,-0.009969950775343494,True,Maximum_CpuTime_Exceeded,6,0.06192531199485529,0.06609838200529339,0.0665024510017247,True,8.52175308097003e-09,
30.2,44.912,44.895,4.483333399999999,133.03919495846168,42.04320430401318,0.9307829287968774,5.305597586282248,0.022327238256242707,148.21489080095313,-0.0015875120275964806,-0.0021641240962297914,5.4166666667,5.499999654209352,-0.009969950775343494,5.500000047577364,-0.0003370525382943466,True,Solve_Succeeded,6,0.05582779300311813,0.05928181900526397,0.05961770299472846,True,4.7577364270523503e-08,
30.3,45.012,44.997,4.483333399999999,133.36188868630373,42.47817682320899,0.9372965618321261,5.311664438241806,0.1342909264392196,148.75649414683124,-0.0015323843544322146,0.005429580793248955,5.4166666667,5.500000047577364,-0.0003370525382943466,5.499221830730544,-0.040526761187276134,True,Solve_Succeeded,5,0.05029616699903272,0.05317707399808569,0.05349263900279766,True,9.205445294924175e-09,
30.4,45.112,45.099,4.483333399999999,133.68178157831034,42.914836804068834,0.9365255199695857,5.292587336095569,0.11518615169821053,149.2977773002486,0.0023910838430736122,0.005845419292516585,5.4166666667,5.499221830730544,-0.040526761187276134,5.499995547242882,-0.038830625879212266,True,Solve_Succeeded,4,0.051759130001300946,0.055970400004298426,0.05632426899683196,True,1.2127552248032691e-07,
30.5,45.212,45.201,4.483333399999999,134.00071456744192,43.34996243809976,0.9371953914549832,5.28461060662382,-0.03709378244730608,149.83724597087098,0.00683684650139637,0.007795755052916076,5.4166666667,5.499995547242882,-0.038830625879212266,5.499998420759413,-0.006414693721467183,True,Solve_Succeeded,4,0.04772177500126418,0.05164987299940549,0.05204598699492635,True,2.2028562440823407e-07,
30.6,45.312,45.303,4.483333399999999,134.3217220604406,43.78339959737015,0.9285880388274957,5.2824243540002245,-0.09781670316743106,150.37659721224296,0.009238708460735648,0.00013368940187807876,5.4166666667,5.499998420759413,-0.006414693721467183,5.499998924588035,0.011474346717129732,True,Solve_Succeeded,5,0.045437281994963996,0.04862038599821972,0.04899919599847635,True,2.4171820989238313e-08,
30.7,45.412,45.405,4.483333399999999,134.6451198155761,44.212056787000236,0.9207681890167511,5.278300259375992,-0.11585912838536233,150.91355680895208,0.007218112617368674,-0.007312253065366981,5.4166666667,5.499998924588035,0.011474346717129732,5.499999906665392,0.03157718703774712,True,Solve_Succeeded,6,0.05527870999503648,0.05967605199839454,0.06030416900466662,True,9.970921865942728e-09,
30.8,45.512,45.507,4.483333399999999,134.97318415090368,44.639535054564746,0.9142482523439031,5.289244413676187,-0.01925815018700272,151.45237333182203,0.0008039555597512626,-0.014025708234589153,5.4166666667,5.499999906665392,0.03157718703774712,5.49999880638095,0.027307420676453278,True,Solve_Succeeded,5,0.060228089998418,0.06327574700117111,0.06373273999633966,True,9.245103793631415e-08,
30.9,45.612,45.609,4.483333399999999,135.30206667946683,45.06814985578638,0.9221733612255762,5.301638722558461,0.08748723329055663,151.992584188282,-0.005843031108253958,-0.006866569613483309,5.4166666667,5.49999880638095,0.027307420676453278,5.49999927455873,0.007987571270031244,True,Solve_Succeeded,5,0.05257332499604672,0.05568145700090099,0.0559941759929643,True,1.151189810144615e-08,
31.0,45.712,45.711,4.483333399999999,135.6264672996121,45.49910645491516,0.9285256955433391,5.285715315717332,0.10280255140974985,152.5319767323824,-0.008065426817660561,-0.0018506547202389312,5.4166666667,5.49999927455873,0.007987571270031244,5.499997846353114,0.0040827660995909655,True,Solve_Succeeded,5,0.04730440900311805,0.049832418000733014,0.0500668719978421,True,1.4925127800324844e-09,
31.1,45.812,45.779,4.483333399999999,135.8408815572909,45.78772862362461,0.9349827961984323,5.289379960189471,0.08779833090154503,152.89151710403982,-0.007740949500237557,0.0033981958646842614,5.4166666667,5.499997846353114,0.0040827660995909655,5.4999998719714585,-0.0012364125043063429,True,Solve_Succeeded,6,0.055855452999821864,0.05979940399993211,0.06041149399970891,True,3.447153031251038e-08,
31.2,45.912,45.881,4.483333399999999,136.160499814925,46.2234467812074,0.9398558052377473,5.318819376797011,0.003642262475992319,153.4318713857117,-0.004916357965990829,0.005977345760876496,5.4166666667,5.4999998719714585,-0.0012364125043063429,5.49999790432562,0.017190890352059868,True,Solve_Succeeded,5,0.042543390998616815,0.04649314299604157,0.04687862499849871,True,1.0449273456052122e-09,
31.3,46.012,45.983,4.483333399999999,136.47803752660153,46.65935581867085,0.9428688431727046,5.225241349992329,0.05946574000221135,153.971154872942,-0.0016972911032939234,0.006128193706899543,5.4166666667,5.49999790432562,0.017190890352059868,5.500000046968343,-0.0017344536239014346,True,Solve_Succeeded,7,0.06927267200080678,0.0728952979989117,0.07320729500497691,True,4.6968342992670387e-08,
31.4,46.112,46.085,4.483333399999999,136.79556624883014,47.09495785572898,0.9401577512233052,5.296900628072554,0.00019216286890444707,154.51019881640403,-0.00035006315511804185,-1.6465517340469304e-05,5.4166666667,5.500000046968343,-0.0017344536239014346,5.4992595237496005,0.02708949223837211,True,Solve_Succeeded,4,0.049311187998682726,0.053621127000951674,0.054263395999441855,True,1.2819953099096892e-08,
31.5,46.212,46.187,4.483333399999999,137.11398592278678,47.53229265829864,0.9454111492165556,5.30801385211364,0.040577197777179136,155.05117085317409,-0.0007137790878117811,0.0012147095776278152,5.4166666667,5.4992595237496005,0.02708949223837211,5.499999227083714,0.015913621283827485,True,Solve_Succeeded,5,0.0639334370061988,0.06795639100164408,0.0686285810006666,True,7.673714996769831e-09,
31.6,46.312,46.289,4.483333399999999,137.43091762470848,47.970502153423595,0.9435706967786686,5.284573861911501,0.06585659062495244,155.59197284283022,-0.0016907850825311935,-0.0052246088212701824,5.4166666667,5.499999227083714,0.015913621283827485,5.499988496100222,0.022473818256239984,True,Solve_Succeeded,4,0.046786686005361844,0.05152186000486836,0.05251546500221593,True,1.3346019400728437e-08,
31.7,46.412,46.391,4.483333399999999,137.7452830471173,48.409517646823176,0.954766837344556,5.298278919822563,0.09601497979333054,156.13192403385438,-0.002751632759487797,0.0008027385805279286,5.4166666667,5.499988496100222,0.022473818256239984,5.499999159473027,0.013846476268018396,True,Solve_Succeeded,5,0.06283738099591574,0.06728575700253714,0.06810834500356577,True,1.4422203697961322e-07,
31.8,46.512,46.493,4.483333399999999,138.0566243485903,48.85222601110562,0.9606019884446556,5.303940619448877,0.0842986445936896,156.67313496220237,-0.002163527193108281,0.0008777396581695074,5.4166666667,5.499999159473027,0.013846476268018396,5.499999141073416,0.020045992504059848,True,Solve_Succeeded,5,0.05659320299309911,0.060637952003162354,0.0610925010041683,True,2.82382135452508e-08,
31.9,46.612,46.595,4.483333399999999,138.36419714971626,49.29563472195018,0.9690962965802229,5.260522684071667,0.09296805725035036,157.21276508488415,-0.0013516125126890703,0.0030509431169275514,5.4166666667,5.499999141073416,0.020045992504059848,5.500000051150677,0.015717863944630095,True,Solve_Succeeded,7,0.07222767300117994,0.07512552999833133,0.07550040199566865,True,5.115067658323369e-08,
32.0,46.712,46.697,4.483333399999999,138.66933339070565,49.742365016993155,0.9744371848744943,5.313314287009218,0.09701815808385784,157.75375504384562,-0.00022293356411019446,0.00147565111645942,5.4166666667,5.500000051150677,0.015717863944630095,5.499999967112488,0.01909104423050742,True,Maximum_CpuTime_Exceeded,6,0.06287638900539605,0.0660749449962168,0.06642006900074193,True,5.23190234300204e-09,
32.1,46.812,46.799,4.483333399999999,138.97169472497254,50.19212248050255,0.9833974075520721,5.303158058423415,0.013187657606308544,158.29570269061037,0.0009976829003436787,0.0029264242302299293,5.4166666667,5.499999967112488,0.01909104423050742,5.4999980745521,0.041888888813590014,True,Solve_Succeeded,5,0.050997457998164464,0.05509611299930839,0.055623300999286585,True,3.1574809017387295e-08,
32.2,46.912,46.901,4.483333399999999,139.27163932696948,50.64424103709068,0.987810238064871,5.3077114193603885,0.102014741045921,158.83827951187374,0.0013081308539993103,-0.0007605386752813637,5.4166666667,5.4999980745521,0.041888888813590014,5.499999845885086,0.02400961540624811,True,Solve_Succeeded,6,0.06808187299611745,0.07131520700204419,0.07200085200020112,True,3.763190825623042e-08,
32.3,47.012,47.003,4.483333399999999,139.56767124193718,51.097803679822604,0.9968639892797081,5.312978827574968,0.07766528582120154,159.37991335993723,0.0011366768855611282,-0.0003713699260244896,5.4166666667,5.499999845885086,0.02400961540624811,5.499994005307165,0.03957063202883568,True,Solve_Succeeded,5,0.047197264997521415,0.05077846899803262,0.051100376003887504,True,2.610666145347329e-07,
32.4,47.112,47.105,4.483333399999999,139.86053516662898,51.55444110933536,1.0055841699926187,5.310571742537161,0.09806543736217971,159.92240436417768,0.0004377388696682126,-0.0009068506486029637,5.4166666667,5.499994005307165,0.03957063202883568,5.499999688504327,0.03397311461960219,True,Solve_Succeeded,6,0.0518028320002486,0.05743275499844458,0.0580804210039787,True,3.505715451268543e-08,
32.5,47.212,47.207,4.483333399999999,140.14821037285736,52.01126778422913,1.0152360724795273,5.295246325960445,0.12706018233932767,160.46226122458904,-0.0009269749189212887,-0.001036026663229661,5.4166666667,5.499999688504327,0.03397311461960219,5.499999999169976,0.03089498194751819,True,Solve_Succeeded,6,0.0536609659975511,0.05702214299526531,0.05739856800209964,True,5.3395906363107315e-08,
32.6,47.312,47.309,4.483333399999999,140.43216983241405,52.4726663045526,1.0254678764390055,5.314748873565429,0.1731917449021659,161.00402232814162,-0.0021782977232826795,-0.0011874614912745773,5.4166666667,5.499999999169976,0.03089498194751819,5.499999853112017,0.02125595985193955,True,Solve_Succeeded,6,0.051581312000053,0.05447452000225894,0.05471120800211793,True,5.0770625925622426e-08,
32.7,47.412,47.411,4.483333399999999,140.7106830167672,52.937629750518106,1.0360677223165675,5.322088456639165,0.0884674989168268,161.5459948660171,-0.0027049628782510795,-0.0015383655206022695,5.4166666667,5.499999853112017,0.02125595985193955,5.499999927123805,0.044149790541418765,True,Solve_Succeeded,6,0.05527215799520491,0.05911762000323506,0.059642387997882906,True,2.6643856440577984e-08,
32.8,47.512,47.479,4.483333399999999,140.8938993190391,53.2502296480896,1.0440690792983005,5.314596139852634,0.1016663082934357,161.9083096180367,-0.0029645673730495183,-0.0010705484121802389,5.4166666667,5.499999927123805,0.044149790541418765,5.499999896279189,0.03700797122154628,True,Solve_Succeeded,6,0.05621506299939938,0.05856702500022948,0.0589753429958364,True,4.128639474743068e-08,
32.9,47.612,47.581,4.483333399999999,141.16506192045782,53.719948609617475,1.05002537288604,5.3223881790972944,0.0507760926541722,162.45063483933896,-0.004875795544075555,-0.006367769687146919,5.4166666667,5.499999896279189,0.03700797122154628,5.499999237398577,0.05966534698336874,True,Solve_Succeeded,6,0.04848658700211672,0.05257180700573372,0.05303852899669437,True,1.2273361840731134e-07,
33.0,47.712,47.683,4.483333399999999,141.43409729368068,54.192377714032595,1.0579176245807562,5.335969172662686,0.11953210395078918,162.9941969721007,-0.009711703510814847,-0.009727225626205982,5.4166666667,5.499999237398577,0.05966534698336874,5.499999979988548,0.046883390673457315,True,Solve_Succeeded,6,0.04933727499883389,0.05287322200456401,0.05339179900329327,True,1.3660643283230911e-08,
33.1,47.812,47.785,4.483333399999999,141.69767547010838,54.66592582944473,1.0690035005692384,5.248278475769723,0.19919429587310963,163.53599129800645,-0.015318241192777545,-0.009834199253347276,5.4166666667,5.499999979988548,0.046883390673457315,5.5000000502286355,0.03207251129386619,True,Solve_Succeeded,7,0.05363562000275124,0.05656799099961063,0.05679685300128767,True,5.022863547310408e-08,
33.2,47.912,47.887,4.483333399999999,141.95544343608407,55.142850105514,1.0845694941176325,5.327842472348698,0.19707509907530982,164.07789902444463,-0.020271291316352948,-0.005446240593348639,5.4166666667,5.5000000502286355,0.03207251129386619,5.499999952325229,0.03099292999712756,True,Solve_Succeeded,6,0.06680543700349517,0.0706435589963803,0.07095310099975904,True,5.429958704894489e-10,
33.3,48.012,47.989,4.483333399999999,142.20548222114996,55.62565209939213,1.0994423219103135,5.339741172005006,0.07319270763383472,164.62137161952566,-0.021726819557769707,-0.0017715761781180726,5.4166666667,5.499999952325229,0.03099292999712756,5.499999952325229,0.03099292999712756,False,Solve_Succeeded,6,0.08007820999773685,0.0846050580003066,0.08540779099712381,False,6.668453550462417e-08,computation_deadline_missed
33.4,48.112,48.091,4.483333399999999,142.44989973871088,56.11288019086804,1.112640479975129,5.319368021646761,0.125574269479603,165.16622475369186,-0.02226848814839709,0.00020708012005798973,5.4166666667,5.499999952325229,0.03099292999712756,5.49999825205599,0.027908580502360805,True,Solve_Succeeded,5,0.06038416999945184,0.06416429600358242,0.06463423600507667,True,1.0499466526129979e-08,
33.5,48.212,48.193,4.483333399999999,142.68823246779115,56.60183803968914,1.1212480944923349,5.336613817330953,0.07239380130764166,165.70992639631143,-0.022690092823905557,-0.0023790961740179917,5.4166666667,5.49999825205599,0.027908580502360805,5.4999956019887595,0.05138393240109759,True,Maximum_CpuTime_Exceeded,5,0.06549590000213357,0.07065168199915206,0.07115427700045984,True,1.2063486980185e-07,
33.6,48.312,48.295,4.483333399999999,142.9236993993965,57.09319484523828,1.1276651852453856,5.337639825503148,0.0734056199756112,166.2545142404902,-0.025589899030096428,-0.0071771393036002,5.4166666667,5.4999956019887595,0.05138393240109759,5.499999684920297,0.05681866313989523,True,Solve_Succeeded,6,0.07206807599868625,0.07654003700008616,0.07707108699833043,True,2.4520375574606235e-08,
33.7,48.412,48.397,4.483333399999999,143.15486818679676,57.58391035716895,1.136558755743408,5.293100092322212,0.14897642487447893,166.79661433488337,-0.030949444935300465,-0.009455610375215473,5.4166666667,5.499999684920297,0.05681866313989523,5.499996992397371,0.046288315179507454,True,Maximum_CpuTime_Exceeded,5,0.06319042599352542,0.06938887399883242,0.06992538000486093,True,2.9100067244769434e-08,
33.8,48.512,48.499,4.483333399999999,143.38171489956457,58.07929005430498,1.1508871602054147,5.347753255546854,0.18090714531509955,167.34105847965705,-0.036538631927432084,-0.006360817797962159,5.4166666667,5.499996992397371,0.046288315179507454,5.499999998501514,0.04226360528394947,True,Solve_Succeeded,6,0.0670080079944455,0.0727370139939012,0.07345495399931679,True,3.508979773414467e-10,
33.9,48.612,48.601,4.483333399999999,143.5998841528405,58.5796659482616,1.1670544723796639,5.358224328038538,0.12261766483902743,167.88650641321505,-0.03831056426237397,-0.0014662804830709586,5.4166666667,5.499999998501514,0.04226360528394947,5.499986604061077,0.05280481891489575,True,Maximum_CpuTime_Exceeded,5,0.05959332400379935,0.06545062800432788,0.06626278099429328,True,6.714800671325794e-07,
34.0,48.713,48.703,4.483333399999999,143.80941130209186,59.08459790288764,1.1878910667507097,5.345640405537507,0.1787575405684392,168.4327620885222,-0.036515155409304265,0.008057170313626516,5.4166666667,5.499986604061077,0.05280481891489575,5.499973874939262,0.024282638783651795,True,Solve_Succeeded,3,0.0382578119970276,0.04174847600370413,0.042242643001372926,True,3.854051872816122e-07,
34.1,48.812,48.805,4.483333399999999,144.00925439979574,59.59209744315003,1.2027205046499756,5.3489598923990105,0.10901695421108022,168.97778417850662,-0.03096588986558049,0.011570230353404876,5.4166666667,5.499973874939262,0.024282638783651795,5.499990574898909,0.037577614798543865,True,Solve_Succeeded,5,0.0567122130014468,0.06066280900267884,0.061245472003065515,True,9.232579145646014e-10,
34.2,48.912,48.907,4.483333399999999,144.20284520421595,60.10256587504614,1.2143254447844143,5.349939960151588,0.11079727554452133,169.52337941390974,-0.024696335544760792,0.011812904446006911,5.4166666667,5.499990574898909,0.037577614798543865,5.499999699536013,0.02689174999439249,True,Solve_Succeeded,5,0.04966048400092404,0.05334954299905803,0.05377625699475175,True,1.3662584051089832e-08,
34.3,49.012,49.009,4.483333399999999,144.39014813579973,60.61294892580419,1.223814046920962,5.357176114507735,0.1385249603009692,170.06676978200684,-0.018778985897606498,0.009946179186159254,5.4166666667,5.499999699536013,0.02689174999439249,5.499936535680153,0.019461954697050126,True,Solve_Succeeded,3,0.030195756997272838,0.03405989099701401,0.03461999299906893,True,7.589535311325335e-08,
34.4,49.112,49.111,4.483333399999999,144.57302228392297,61.12801413921524,1.2341422766302195,5.368384803898996,0.07153703633581537,170.61312976195774,-0.013275226600215514,0.008932259252106611,5.4166666667,5.499936535680153,0.019461954697050126,5.499987098056816,0.03499077652894487,True,Solve_Succeeded,3,0.029307515993423294,0.03286518700042507,0.03353607899771305,True,1.861189256879836e-07,
34.5,49.212,49.179,4.483333399999999,144.69310996733773,61.47274898951179,1.2367748586418263,5.371445481400817,0.04158696741668223,170.97808512545822,-0.010844682094650131,0.004132559932458646,5.4166666667,5.499987098056816,0.03499077652894487,5.499969069765676,0.0426402239109825,True,Solve_Succeeded,3,0.033638387998507824,0.03833840000152122,0.03936479500407586,True,1.1813434674934342e-07,
34.6,49.312,49.281,4.483333399999999,144.87105382211135,61.99175314353592,1.2464143541086719,5.357949663079605,0.13659762461418326,171.5266360433015,-0.00954947183679344,0.0028233215074129347,5.4166666667,5.499969069765676,0.0426402239109825,5.499999778623846,0.019260674492900857,True,Solve_Succeeded,5,0.04524440500244964,0.049178444998688065,0.04962369600252714,True,1.0392346538878883e-08,
34.7,49.412,49.383,4.483333399999999,145.04190461351175,62.51083195301222,1.2585819013870168,5.357181410970378,0.1028523930687055,172.07301721672385,-0.007423241376049666,0.004354723825618079,5.4166666667,5.499999778623846,0.019260674492900857,5.49969545298163,0.029986384302475216,True,Solve_Succeeded,4,0.03832049100310542,0.04155397599970456,0.041886694001732394,True,1.810170324745286e-08,
34.8,49.512,49.485,4.483333399999999,145.20669265119287,63.031695101857586,1.2708741019376992,5.382939096028244,0.12690090694778017,172.61925898291898,-0.004716466842446086,0.006285775988421172,5.4166666667,5.49969545298163,0.029986384302475216,5.499524811163053,0.014774697134147533,True,Solve_Succeeded,2,0.020110147997911554,0.023017542996967677,0.02364451200264739,True,5.07236355182239e-07,
34.9,49.612,49.587,4.483333399999999,145.36512425503324,63.55255082264853,1.2791074608685222,5.315785359731987,0.11030257301434955,173.16363873044853,-0.0015174738913687788,0.00446724141980992,5.4166666667,5.499524811163053,0.014774697134147533,5.500000053488868,0.018864845820176817,True,Solve_Succeeded,7,0.06093672000133665,0.06403740999667207,0.06431030100065982,True,5.348886755740523e-08,
35.0,49.712,49.689,4.483333399999999,145.51898441164514,64.07655375156352,1.2897146268267468,5.362005016628721,0.06753417966374532,173.70975691718914,0.0015582916356899272,0.005267780713715586,5.4166666667,5.500000053488868,0.018864845820176817,5.4999935712360095,0.02560945805824762,True,Solve_Succeeded,4,0.03259201200125972,0.03484072900027968,0.03516743600630434,True,3.085833455429565e-08,
35.1,49.812,49.791,4.483333399999999,145.67018990818585,64.60278439651495,1.2915493904991668,5.3722438377629995,0.04173579400796434,174.25730091387445,0.0025171030315835827,-0.002448654903935976,5.4166666667,5.4999935712360095,0.02560945805824762,5.499989612984681,0.036407371233326144,True,Solve_Succeeded,4,0.03265213999839034,0.03552561400283594,0.03585223000118276,True,6.793744233846155e-09,
35.2,49.912,49.893,4.483333399999999,145.81958437655666,65.13033692242425,1.3000589017877298,5.358313548193624,0.10297348699868165,174.80561024572881,0.0004200096712542328,-0.0032200011335730134,5.4166666667,5.499989612984681,0.036407371233326144,5.499999957097351,0.022704104899016454,True,Solve_Succeeded,5,0.04176643599930685,0.044668921997072175,0.045068978004565,True,1.5543817641437002e-09,
35.3,50.012,49.995,4.483333399999999,145.9632161762961,65.65767458816708,1.3091942266542405,5.359342947460938,0.0771583040900966,175.35215478029008,-0.0011708869639207157,-0.0030518477286576307,5.4166666667,5.499999957097351,0.022704104899016454,5.49998308784369,0.033468902822256494,True,Solve_Succeeded,3,0.024925632002123166,0.02758554899628507,0.02810791200317908,True,1.3957205569070652e-07,
35.4,50.112,50.097,4.483333399999999,146.10198333760852,66.18642041820988,1.3198799978927493,5.376711315086699,0.10923691847600285,175.89879087192267,-0.002522948532409185,-0.0010504005939571126,5.4166666667,5.49998308784369,0.033468902822256494,5.499999525334184,0.01965723257941424,True,Solve_Succeeded,4,0.03465996399609139,0.037929917001747526,0.03826131300593261,True,1.993258713639534e-08,
35.5,50.212,50.199,4.483333399999999,146.23498011012276,66.71475433757806,1.3284127393481424,5.355228874523284,0.12845826011269423,176.44358530222667,-0.0030396517097056068,-0.0008892052712075049,5.4166666667,5.499999525334184,0.01965723257941424,5.500000033950627,0.014564707606274029,True,Solve_Succeeded,5,0.055760803996236064,0.0589944489984191,0.05930477299989434,True,3.3950627198464645e-08,
35.6,50.312,50.301,4.483333399999999,146.36314004938623,67.24653495258336,1.3385366475595315,5.371284000336194,0.02726720006330037,176.99056993753172,-0.0025370858440792,0.001114535613638834,5.4166666667,5.500000033950627,0.014564707606274029,5.499581521159368,0.035975543614281236,True,Solve_Succeeded,3,0.03151131499907933,0.03438412599643925,0.03464701600023545,True,1.059584164853078e-08,
35.7,50.412,50.403,4.483333399999999,146.48864767888284,67.77970242243224,1.3404354575027213,5.37598229716041,-0.0017215402464956886,177.53828737007768,-0.0035027999226147433,-0.004831503972910767,5.4166666667,5.499581521159368,0.035975543614281236,5.499866162587166,0.04310985284035556,True,Solve_Succeeded,3,0.03147065400116844,0.034158971000579186,0.03444351399957668,True,1.627211236865378e-07,
35.8,50.512,50.505,4.483333399999999,146.61274563420963,68.31305238495311,1.3432911535919265,5.360953681128262,0.05560157475990255,178.08583209381146,-0.007271065430249382,-0.009532152975693542,5.4166666667,5.499866162587166,0.04310985284035556,5.499998210044915,0.037289324072824946,True,Solve_Succeeded,3,0.029310942998563405,0.03243180099525489,0.03291986599651864,True,4.794227326243572e-08,
35.9,50.612,50.607,4.483333399999999,146.73432973189122,68.84621403163027,1.3509622202895166,5.36170782281553,0.10326887345229242,178.63258343256118,-0.01267956694466612,-0.009121545584274804,5.4166666667,5.499998210044915,0.037289324072824946,5.499920226865191,0.03058975629017773,True,Solve_Succeeded,3,0.025601761000871193,0.02866505999554647,0.028937719005625695,True,3.981416023535189e-07,
36.0,50.712,50.709,4.483333399999999,146.85047328040955,69.38089188719906,1.3630717899982252,5.360958202610424,0.09056681460519951,179.17961795225128,-0.016345238213685533,-0.003991848159264233,5.4166666667,5.499920226865191,0.03058975629017773,5.499828428280164,0.030035774875331843,True,Solve_Succeeded,3,0.029967044996737968,0.033645064002485014,0.03421702099876711,True,3.8503504651288267e-07,
36.1,50.812,50.811,4.483333399999999,146.95930486802453,69.91378850017983,1.3778319293580827,5.345403632642808,0.19364522042494195,179.72340412331366,-0.016930151956180077,0.0041110154367365315,5.4166666667,5.499828428280164,0.030035774875331843,5.499074757002439,-0.007725497605421032,True,Solve_Succeeded,4,0.0388118030023179,0.04144555699895136,0.04198014400026295,True,1.0220771784474891e-08,
36.2,50.912,50.879,4.483333399999999,147.02702464827252,70.27118366506896,1.3886197401509615,5.352481330079887,0.13955232104881155,180.0870813688337,-0.014145497082741012,0.010602526181870298,5.4166666667,5.499074757002439,-0.007725497605421032,5.499998472817459,-0.007900632746869446,True,Solve_Succeeded,3,0.029899053006374743,0.034085033999872394,0.03521559500222793,True,8.494039605011494e-08,
36.3,51.012,50.981,4.483333399999999,147.1237665489319,70.80898246314605,1.393465052149292,5.361766686128263,0.03167117535511877,180.63340749273422,-0.007771843665136125,0.009228119445436889,5.4166666667,5.499998472817459,-0.007900632746869446,5.499725773757854,0.011322754800413141,True,Solve_Succeeded,3,0.027005848998669535,0.03125321800325764,0.03161757899943041,True,3.4013618588346617e-09,
36.4,51.112,51.083,4.483333399999999,147.21828420465278,71.34758673204699,1.3998744460467833,5.349904074762016,0.08574139644545614,181.18018612489033,-0.0023874814308463633,0.009693417237689461,5.4166666667,5.499725773757854,0.011322754800413141,5.499250798688574,-0.010989577799224326,True,Solve_Succeeded,4,0.034225122006319,0.038442571996711195,0.038755360001232475,True,4.879369797095023e-09,
36.5,51.212,51.185,4.483333399999999,147.3091919644468,71.88579840842132,1.406432517138411,5.353031846763835,0.03324555159400134,181.725994759402,0.0033093915834037646,0.010597014781870806,5.4166666667,5.499250798688574,-0.010989577799224326,5.499997998674289,0.003964425621291517,True,Solve_Succeeded,5,0.046031985999434255,0.04937337600131286,0.049793836995377205,True,8.946940077692034e-09,
36.6,51.312,51.287,4.483333399999999,147.3986638428277,72.42507117288471,1.407800624181324,5.352600497660252,0.032034808624834835,182.27265251431072,0.007590022876359168,0.006580232021044186,5.4166666667,5.499997998674289,0.003964425621291517,5.499996013851047,0.001013963125903578,True,Solve_Succeeded,3,0.027947016002144665,0.031175312993582338,0.03155602699553128,True,2.9335300411048593e-08,
36.7,51.412,51.389,4.483333399999999,147.48613579363408,72.96248680632297,1.4099529633297656,5.348476836590363,0.0679872079566623,182.81717851052943,0.010671741045852499,0.0036445444616128864,5.4166666667,5.499996013851047,0.001013963125903578,5.499997638230695,-0.0059551463643849655,True,Solve_Succeeded,3,0.02656607199605787,0.029247115999169182,0.029735192001680844,True,4.665703645656549e-08,
36.8,51.512,51.491,4.483333399999999,147.57189002909422,73.50172650732051,1.4156686504938365,5.357538668892892,0.041461495834466615,183.36324685996968,0.013043645360541539,0.004533188513645703,5.4166666667,5.499997638230695,-0.0059551463643849655,5.500000033282839,0.0009301234702988107,True,Solve_Succeeded,5,0.04138931800116552,0.04527988000336336,0.04558047099999385,True,3.328283870729365e-08,
36.9,51.612,51.593,4.483333399999999,147.6562289211379,74.04167098861222,1.4135849013041806,5.363635211889377,0.03132175193813514,183.90979976376812,0.014362168814959218,-0.0021068135209827417,5.4166666667,5.500000033282839,0.0009301234702988107,5.499974219956466,0.0056783520550039756,True,Solve_Succeeded,2,0.019560380002076272,0.02235536000080174,0.02260954300436424,True,8.923537464511355e-08,
37.0,51.712,51.695,4.483333399999999,147.74049034442194,74.58203505241977,1.4171460161467597,5.352291730613812,0.031169383029966826,184.4567530973978,0.0134053303863064,-0.002830830991262357,5.4166666667,5.499974219956466,0.0056783520550039756,5.499940282837425,0.007406089169013241,True,Solve_Succeeded,2,0.020331455998530146,0.023240763002831955,0.02371755600324832,True,3.9613349400724474e-07,
37.1,51.812,51.797,4.483333399999999,147.82328027808109,75.12199958177186,1.4200865022272637,5.3587588627877425,0.025693313943029025,185.0030750298908,0.011577100532616484,-0.0038974267519940042,5.4166666667,5.499940282837425,0.007406089169013241,5.499995558561215,0.011010517510647178,True,Solve_Succeeded,3,0.03623754900036147,0.03989392799849156,0.040412469003058504,True,2.370629292869353e-08,
37.2,51.912,51.899,4.483333399999999,147.90516448783532,75.66278363828864,1.4222905285777592,5.363927692019531,0.043250819288620374,185.55005366074488,0.008647645854279956,-0.005432769510595126,5.4166666667,5.499995558561215,0.011010517510647178,5.499912504050039,0.008299356098820009,True,Solve_Succeeded,2,0.021091880000312813,0.024053920998994727,0.024417631000687834,True,7.260584071744347e-07,
37.3,52.012,52.001,4.483333399999999,147.98493783339853,76.20246368021259,1.4251841498212887,5.361506872217485,0.029124789490145003,186.09561480631027,0.0056841312183017285,-0.005998012202138581,5.4166666667,5.499912504050039,0.008299356098820009,5.499911607427811,0.014039621540502563,True,Solve_Succeeded,2,0.021568224998191,0.02474268699734239,0.025121956998191308,True,1.968912620498031e-06,
37.4,52.112,52.103,4.483333399999999,148.06360330465182,76.74414507388057,1.4278760760860791,5.3705310885367785,0.023838545304027268,186.64298091826987,0.0022771102354817736,-0.0065053103505530166,5.4166666667,5.499911607427811,0.014039621540502563,5.49975356119009,0.015163947909645535,True,Solve_Succeeded,2,0.02325415900122607,0.026263462998031173,0.02683368500584038,True,6.585352618770912e-08,
37.5,52.212,52.205,4.483333399999999,148.14173264757167,77.2872878161965,1.427612152388509,5.421655558756665,0.04294134510717646,187.19169749317345,-0.0020809452912502733,-0.009704432441896449,5.4166666667,5.49975356119009,0.015163947909645535,5.479925243873402,0.014355127643029774,True,Solve_Succeeded,2,0.024480906999087892,0.02774516899808077,0.02838319099828368,True,2.6087466409308036e-07,
37.6,52.313,52.307,4.483333399999999,148.2177906138502,77.82859245565888,1.4352983791467626,5.361225407834352,0.09470764754840873,187.73829350403952,-0.00616105759982426,-0.004671875875999153,5.4166666667,5.479925243873402,0.014355127643029774,5.490278948136002,-0.0018398010587593802,True,Solve_Succeeded,4,0.045228157003293745,0.05029693099641008,0.05082293699524598,True,2.4158667066842554e-08,
37.7,52.412,52.409,4.483333399999999,148.28935293609268,78.37095354219325,1.4430862366602624,5.367596184716748,0.026717087265273425,188.28533913260122,-0.007024098464074366,0.0007297622125046477,5.4166666667,5.490278948136002,-0.0018398010587593802,5.493981941633248,0.01010060317778413,True,Solve_Succeeded,3,0.03190003499912564,0.03675835199828725,0.037125829003343824,True,2.25939702502842e-08,
37.8,52.512,52.511,4.483333399999999,148.35827499680562,78.91440288722345,1.4468666678496696,5.314067472536284,0.012423844512269406,188.83312700837726,-0.006362480551867684,0.0023908095639260107,5.4166666667,5.493981941633248,0.01010060317778413,5.500000021358938,0.004896371139494821,True,Solve_Succeeded,6,0.05833125400386052,0.06317201400088379,0.06378918600239558,True,4.4812756172518675e-08,
37.9,52.612,52.579,4.483333399999999,148.40310990029872,79.27479666876107,1.4488144349121777,5.364232530145974,0.05580897046876249,189.19629072905207,-0.005667702879246349,0.0030824369211523983,5.4166666667,5.500000021358938,0.004896371139494821,5.499916654031471,-0.008184150947896407,True,Solve_Succeeded,2,0.02752533999591833,0.03165450999949826,0.03219316600007005,True,5.741354378585584e-07,
38.0,52.712,52.681,4.483333399999999,148.46830637462782,79.81854680787123,1.4536432953996326,5.374662858491035,0.01716938203599965,189.7439217598684,-0.002997854027155645,0.006241699759079511,5.4166666667,5.499916654031471,-0.008184150947896407,5.497051607132268,-0.0006618286598605784,True,Solve_Succeeded,3,0.0312071489970549,0.035780324004008435,0.03631872899859445,True,1.1479772688005596e-08,
38.1,52.812,52.783,4.483333399999999,148.5334169506526,80.36319550219612,1.4488146246434188,5.439480434004074,-0.03660287004494894,190.2924419356849,-0.0009789384857604524,-3.698551150366214e-05,5.4166666667,5.497051607132268,-0.0006618286598605784,5.470683179276213,0.01447547040338469,True,Solve_Succeeded,3,0.031022495997603983,0.03632955100329127,0.03661960500176065,True,3.9823080797600843e-10,
38.2,52.912,52.885,4.483333399999999,148.5999831123778,80.90669112767316,1.450374814987776,5.363973336897346,0.0684673180762323,190.8399970996696,-0.001331274383448255,8.617849402980937e-05,5.4166666667,5.470683179276213,0.01447547040338469,5.483365648432186,-0.012647040734840314,True,Solve_Succeeded,3,0.028054647002136335,0.030939033997128718,0.03119614200113574,True,2.140380644943818e-08,
38.3,53.012,52.987,4.483333399999999,148.66450179741787,81.4502974883055,1.454497254450133,5.370093725323762,0.033313870894035036,191.38741684393833,-0.00042819432887684016,0.00275785895605285,5.4166666667,5.483365648432186,-0.012647040734840314,5.487273348726705,-0.0011980150566300986,True,Solve_Succeeded,3,0.028758066000591498,0.03145594899979187,0.031729169000755064,True,2.481300676038245e-08,
38.4,53.112,53.089,4.483333399999999,148.72720730804346,81.99476509015211,1.4582281172496787,5.370427206714072,0.05493391799420903,191.93548062106137,0.001578594968144742,0.00502235865882139,5.4166666667,5.487273348726705,-0.0011980150566300986,5.492047457035244,-0.014700844464819831,True,Solve_Succeeded,3,0.03066039199620718,0.03441330699570244,0.03474681700026849,True,2.3080922950668992e-08,
38.5,53.212,53.191,4.483333399999999,148.78784118832192,82.53687504799153,1.4614000758615124,5.365731644324697,0.043490252013034324,192.48096734123962,0.004562499125888629,0.006721260511853178,5.4166666667,5.492047457035244,-0.014700844464819831,5.496205385710998,-0.01355876742612902,True,Solve_Succeeded,2,0.02226720700127771,0.02598971800034633,0.02629990100103896,True,1.0624782677444433e-07,
38.6,53.312,53.293,4.483333399999999,148.8466825190195,83.08145473731055,1.4637376306541623,5.373860380353462,-0.040819071502418806,193.0287103008886,0.008802488350852442,0.007566251119482725,5.4166666667,5.496205385710998,-0.01355876742612902,5.496785375304045,0.004508766780404438,True,Solve_Succeeded,3,0.028859630001534242,0.03263363799487706,0.033204292005393654,True,2.053428271864277e-08,
38.7,53.412,53.395,4.483333399999999,148.9078537477665,83.62730806902192,1.4542871346962707,5.366875700483284,-0.06109643092536531,193.57799339522973,0.010050065001492194,-0.0033942704774923005,5.4166666667,5.496785375304045,0.004508766780404438,5.499319920270829,0.016359625561974817,True,Solve_Succeeded,2,0.023990797002625186,0.02800240400392795,0.02848283899948001,True,1.688432475777102e-08,
38.8,53.512,53.497,4.483333399999999,148.97113237091327,84.16975090082674,1.456601170288173,5.365603561184175,0.03883765422833269,194.12412446176995,0.007990540329896061,-0.002594525552122029,5.4166666667,5.499319920270829,0.016359625561974817,5.500000037206705,-0.0031502681553905033,True,Solve_Succeeded,6,0.059129009998287074,0.0631346809968818,0.0640595100048813,True,3.720670527229686e-08,
38.9,53.612,53.599,4.483333399999999,149.03258792124527,84.71407510034362,1.4605669348817512,5.376277140266665,0.05694882349130387,194.67191784799004,0.0071192851119650435,-0.00016036729428536844,5.4166666667,5.500000037206705,-0.0031502681553905033,5.497645805683581,-0.0040464854919515176,True,Solve_Succeeded,2,0.026648033999663312,0.03153523299988592,0.03197449300205335,True,6.303577357869017e-07,
39.0,53.712,53.701,4.483333399999999,149.0916399193923,85.25837493660774,1.4652501153277746,5.298759825617899,0.03066286134312676,195.2194227853985,0.007792392796804411,0.002979548922714681,5.4166666667,5.497645805683581,-0.0040464854919515176,5.500000003326051,-0.0027577069880181026,True,Solve_Succeeded,6,0.06330722699931357,0.06763190400670283,0.06819127999915509,True,3.3260514342714487e-09,
39.1,53.812,53.803,4.483333399999999,149.14834313894744,85.80305083822853,1.4674894641963323,5.380398315940585,0.011335811233068227,195.7670517357388,0.009992723919730408,0.003663076010320898,5.4166666667,5.500000003326051,-0.0027577069880181026,5.494649773026304,-0.002480118632175026,True,Solve_Succeeded,2,0.027704500993422698,0.03249890900042374,0.03337143800308695,True,6.458239099060847e-08,
39.2,53.912,53.905,4.483333399999999,149.20476416563184,86.34966968583495,1.468420684558704,5.395627508857323,0.013546543588173709,196.31658887926858,0.011822806739020017,0.0030210447383529626,5.4166666667,5.494649773026304,-0.002480118632175026,5.484657923055804,-0.003915589821841491,True,Solve_Succeeded,2,0.028739321998727974,0.03180464100296376,0.032284706001519226,True,1.2438637142508924e-07,
39.3,54.012,54.007,4.483333399999999,149.25989071531845,86.89708682539539,1.4710557887969122,5.346531533012317,0.002423053529499835,196.86679044948278,0.014155337971485224,0.004069215281671257,5.4166666667,5.484657923055804,-0.003915589821841491,5.49415559182768,-0.0019117464219598535,True,Solve_Succeeded,2,0.02574377699784236,0.030384489000425674,0.031217380994348787,True,2.0623009078235555e-08,
39.4,54.112,54.109,4.483333399999999,149.31524709346846,87.4426843664411,1.4686249305015748,5.3794423729851,-0.020676785937905742,197.41521148385394,0.015197288260979137,4.5104689079922273e-05,5.4166666667,5.49415559182768,-0.0019117464219598535,5.490980587439805,0.006498770730391826,True,Solve_Succeeded,2,0.02597094399970956,0.030447140998148825,0.031046736999996938,True,1.1256006766657833e-06,
39.5,54.212,54.211,4.483333399999999,149.37185168482293,87.98902185855638,1.4667337253089865,5.391014523103025,-0.02450683038356018,197.96449623414404,0.014194848745518211,-0.0034530437484410204,5.4166666667,5.490980587439805,0.006498770730391826,5.483738989171533,0.011709318474771725,True,Solve_Succeeded,2,0.02543925400095759,0.029479042001185007,0.029908832999353763,True,4.0424920300097256e-08,
39.6,54.312,54.279,4.483333399999999,149.4097168688838,88.35219215876754,1.4667244654732632,5.288025593811535,0.00370242308296084,198.3296470266476,0.012801947204795253,-0.004536611336670493,5.4166666667,5.483738989171533,0.011709318474771725,5.498286674378488,0.009436519711724716,True,Solve_Succeeded,4,0.04446595400077058,0.0483591379961581,0.04895527599728666,True,1.645170311093125e-08,
39.7,54.412,54.381,4.483333399999999,149.46677133683002,88.89660941305114,1.4692402668330762,5.380412225877139,0.03298489750350782,198.8770551462364,0.009686411900944155,-0.0036401770497938024,5.4166666667,5.498286674378488,0.009436519711724716,5.49244744007066,0.0052105707308549454,True,Solve_Succeeded,2,0.02458835899597034,0.029242186996270902,0.02971642000193242,True,1.807609093518181e-07,
39.8,54.512,54.483,4.483333399999999,149.5217618060828,89.44317544509744,1.4712660314956234,5.390162975641697,-0.013231212501564423,199.42639223943348,0.00794263024792517,-0.003249888642729015,5.4166666667,5.49244744007066,0.0052105707308549454,5.4854738795346245,0.019710485892574223,True,Solve_Succeeded,3,0.03083477000473067,0.035250200999144,0.03573616799985757,True,9.829694842756944e-09,
39.9,54.612,54.585,4.483333399999999,149.57547911361388,89.99024319878669,1.4731978336495022,5.335248718537874,0.010877688139499266,199.97610138896604,0.0066125327177940394,-0.002964804212667538,5.4166666667,5.4854738795346245,0.019710485892574223,5.496117831823488,0.01184126514340073,True,Solve_Succeeded,6,0.05506427900400013,0.058345725999970455,0.05881999900157098,True,4.467454406409388e-08,
40.0,54.712,54.687,4.483333399999999,149.6293640754261,90.53503695759629,1.4717863502116224,5.367901366752163,0.00685842275053321,200.52355654194744,0.003976422545480147,-0.006145536163540077,5.4166666667,5.496117831823488,0.01184126514340073,5.497334879289239,0.020966626277845183,True,Solve_Succeeded,2,0.0293473220008309,0.03332780199707486,0.03393275899725268,True,1.6907653675596324e-06,
40.1,54.812,54.789,4.483333399999999,149.68292069464366,91.08031199510957,1.474775638523934,5.3901790256635165,0.008394461633371595,201.07145019767472,0.0006628194964234699,-0.005218822644742272,5.4166666667,5.497334879289239,0.020966626277845183,5.490170970296136,0.022337141668265146,True,Solve_Succeeded,2,0.02955454000039026,0.035799049997876864,0.03664387699973304,True,7.489190689824454e-08,
40.2,54.912,54.891,4.483333399999999,149.7342081717099,91.6230877418103,1.4798540723404991,5.355232666898606,0.05886083147090282,201.61663671058636,-0.0018215604449066225,-0.002483487889278324,5.4166666667,5.490170970296136,0.022337141668265146,5.496680425489014,0.009231538018735885,True,Solve_Succeeded,2,0.03311841600225307,0.03806631600309629,0.03864374299882911,True,3.814455453721166e-07,
40.3,55.012,54.993,4.483333399999999,149.78175694847377,92.16802940394848,1.4882816211327325,5.3657314296021505,0.07584075992070534,202.16364430297716,-0.001751807224264666,0.003301631163133756,5.4166666667,5.496680425489014,0.009231538018735885,5.499237869223317,0.0022774203364317957,True,Solve_Succeeded,2,0.02846727100404678,0.03250689799460815,0.032959112999378704,True,3.093437417334144e-08,
40.4,55.112,55.095,4.483333399999999,149.82549447931706,92.7142472575961,1.4922551142954936,5.377324084266594,0.003481618333963559,202.71160370091448,0.0006964268821719026,0.004335175144657644,5.4166666667,5.499237869223317,0.0022774203364317957,5.498173714686284,0.017807468658610482,True,Solve_Succeeded,3,0.04832982899824856,0.05281223199563101,0.05322424699988915,True,2.2628471457730726e-08,
40.5,55.213,55.197,4.483333399999999,149.8664688903296,93.25999842648451,1.4951610765179915,5.3550998691274385,-0.012555670564483909,203.2588880187363,0.004170503740160831,0.004011902862994354,5.4166666667,5.498173714686284,0.017807468658610482,5.49994044094442,0.01800352500623221,True,Solve_Succeeded,2,0.029518704999645706,0.03411368400702486,0.03445358699536882,True,6.524417877074029e-07,
40.6,55.312,55.299,4.483333399999999,149.90800166266112,93.80441317022958,1.494301791830551,5.351778988329682,-0.0010077776796894756,203.80490050755975,0.0051386779337758565,-0.0003611817958231178,5.4166666667,5.49994044094442,0.01800352500623221,5.49999478352039,0.02194994684832279,True,Solve_Succeeded,3,0.04711992500233464,0.051179191999835894,0.05156433400406968,True,7.7554074273678e-08,
40.7,55.412,55.401,4.483333399999999,149.94922374949374,94.34893885448268,1.4977323490800962,5.348978742798336,0.06132048614516384,204.3510023267118,0.004426474496073393,-0.0007372409948607217,5.4166666667,5.49999478352039,0.02194994684832279,5.499995136978677,0.010043955823939204,True,Solve_Succeeded,3,0.03444942500209436,0.03954719499597559,0.0403054449998308,True,4.838914691163154e-08,
40.8,55.512,55.503,4.483333399999999,149.98747426396963,94.89121673989035,1.5038844012936603,5.343721427865214,0.0757930094884873,204.89464588184606,0.00436705361094476,0.0013345360840939513,5.4166666667,5.499995136978677,0.010043955823939204,5.499981256957799,0.008566544646722884,True,Solve_Succeeded,3,0.03783018000103766,0.04224302600050578,0.042945486995449755,True,8.636816506424339e-08,
40.9,55.612,55.605,4.483333399999999,150.022174768643,95.43578209997756,1.5098464643209746,5.3559907675270875,0.025063368494773187,205.44033663237434,0.005699295234762346,0.0029086313646673467,5.4166666667,5.499981256957799,0.008566544646722884,5.499999262249433,0.01923237888063194,True,Solve_Succeeded,3,0.04026947099919198,0.0450552200054517,0.04562681599782081,True,3.128160930288004e-08,
41.0,55.712,55.707,4.483333399999999,150.05452986746806,95.98153158805329,1.5103036719116238,5.395031631230749,0.10911230092675861,205.98707314176912,0.006968434788534984,-0.0013248401122216702,5.4166666667,5.499999262249433,0.01923237888063194,5.4933289532480885,-0.0007462758471835259,True,Solve_Succeeded,3,0.038324968998495024,0.04332344800059218,0.043944187003944535,True,1.5177584522518828e-08,
41.1,55.812,55.809,4.483333399999999,150.08551779306467,96.52376601259866,1.5155883183542243,5.321223589150191,0.013956969885816508,206.53022682304578,0.006767220209968733,-0.0009924198510462556,5.4166666667,5.4933289532480885,-0.0007462758471835259,5.4999025369819945,0.028173877118966958,True,Solve_Succeeded,6,0.05230774499796098,0.05574317199352663,0.056021402997430414,True,9.51773708213503e-10,
41.2,55.912,55.911,4.483333399999999,150.1144119684596,97.06573263383274,1.5193091954424178,5.3195996243711345,0.031706025156098966,207.07299611173187,0.005875285336941808,-0.0025118618747439485,5.4166666667,5.4999025369819945,0.028173877118966958,5.4999983232034415,0.02167016223522357,True,Solve_Succeeded,5,0.04529559500224423,0.049258320999797434,0.049979994000750594,True,4.603496339683488e-08,
41.3,56.012,55.979,4.483333399999999,150.13287911805398,97.42737784118785,1.5210828597756976,5.317573930247185,0.05051199275572367,207.43512893675506,0.004476357409443736,-0.004396908029445257,5.4166666667,5.4999983232034415,0.02167016223522357,5.499999928200156,0.02544783414206949,True,Solve_Succeeded,6,0.05236315899674082,0.05576382699655369,0.05602832099975785,True,1.3670049092695535e-08,
41.4,56.112,56.081,4.483333399999999,150.15970606147448,97.96360208764405,1.5268490960623875,5.279505677341957,0.09295548604006007,207.9720234139101,0.00046082781219501266,-0.004294619964692936,5.4166666667,5.499999928200156,0.02544783414206949,5.499996722539648,0.01681797857559958,True,Maximum_CpuTime_Exceeded,5,0.06413187900034245,0.07001166199916042,0.07052183100313414,True,1.8380222677194524e-08,
41.5,56.212,56.183,4.483333399999999,150.1832658913969,98.50514980188417,1.538304446461624,5.299117881845658,0.09499268681330474,208.5140632248397,-0.003227714837317838,0.0011518188468711,5.4166666667,5.499996722539648,0.01681797857559958,5.499999906668779,0.015186257563118016,True,Solve_Succeeded,6,0.05905803000496235,0.06328817900066497,0.06399450699973386,True,5.10232309736125e-08,
41.6,56.312,56.285,4.483333399999999,150.19910382976488,99.0457490094134,1.5441282565769532,5.269180544794244,0.05203159360033935,209.05487668251445,-0.0025592672142626346,0.0006888582069448647,5.4166666667,5.499999906668779,0.015186257563118016,5.4999991280645215,0.025216152071787918,True,Solve_Succeeded,5,0.05911875499441521,0.06234113599930424,0.06287937999877613,True,3.898863008316891e-09,
41.7,56.412,56.387,4.483333399999999,150.21089089868238,99.58684537061256,1.5516386025390168,5.299439110271436,0.045957152894710925,209.59608823626624,-0.00130932217737808,0.0016160919398384708,5.4166666667,5.4999991280645215,0.025216152071787918,5.499998004843999,0.023996891069683585,True,Solve_Succeeded,5,0.05207376000180375,0.055044749002263416,0.05545599199831486,True,6.018398495549488e-09,
41.8,56.512,56.489,4.483333399999999,150.22012652520658,100.1276365185947,1.5556894211349832,5.305276035121818,0.04051581507504101,210.1369508259651,-0.0011540595711259508,-0.0011961659504613475,5.4166666667,5.499998004843999,0.023996891069683585,5.499999093838706,0.02962798072128833,True,Solve_Succeeded,5,0.04924217900406802,0.052277335002145264,0.05306005299644312,True,1.1600808466627477e-08,
41.9,56.612,56.591,4.483333399999999,150.22683099416716,100.66948459762573,1.5620870238908395,5.33713082925309,0.08374423175101962,210.6788287742283,-0.002204948238365083,-0.001749940076672729,5.4166666667,5.499999093838706,0.02962798072128833,5.499980803367537,0.020000663100949584,True,Solve_Succeeded,3,0.028966360005142633,0.03366911500052083,0.03433587500330759,True,1.5151966703541575e-07,
42.0,56.713,56.693,4.483333399999999,150.2298676163092,101.209070937248,1.569481179749163,5.307336439676059,0.07068576738035962,211.21840434199186,-0.0033494631541535463,-0.0012581283021144696,5.4166666667,5.499980803367537,0.020000663100949584,5.500000053700001,0.025808407857026948,True,Solve_Succeeded,7,0.0544716709991917,0.05724707699846476,0.057524797004589345,True,5.3700000890444244e-08,
42.1,56.812,56.795,4.483333399999999,150.228864706468,101.75116351040221,1.5754736118305452,5.322929668711835,0.038614827406362046,211.7604721957884,-0.00419074524725908,-0.002180435083821264,5.4166666667,5.500000053700001,0.025808407857026948,5.499999736338462,0.03317868181633905,True,Solve_Succeeded,6,0.050469055997382384,0.054740963998483494,0.05511950299842283,True,9.052403271425646e-10,
42.2,56.912,56.897,4.483333399999999,150.22496882072323,102.29414197228434,1.5809469058905739,5.35792623483769,0.163910507531648,212.3034282092516,-0.0058945189648308164,-0.0036137441959198657,5.4166666667,5.499999736338462,0.03317868181633905,5.499395942066924,0.001922484237301377,True,Solve_Succeeded,3,0.02952214599645231,0.032479354995302856,0.033102621004218236,True,2.1821429108115353e-08,
42.3,57.012,56.999,4.483333399999999,150.21705431576484,102.83705388092578,1.5876251488460031,5.316271384152194,0.028242302797450228,212.84635147431206,-0.007323892501834175,-0.003822333584464488,5.4166666667,5.499395942066924,0.001922484237301377,5.499916211377734,0.0384871071774994,True,Solve_Succeeded,5,0.03714873200078728,0.04090805500163697,0.04166431700286921,True,2.6819562570779e-08,
42.4,57.112,57.101,4.483333399999999,150.20683531386143,103.37929622642423,1.5922513568884968,5.319768383459743,0.062800131776449,213.38862374111477,-0.010165128448921893,-0.006055516175798692,5.4166666667,5.499916211377734,0.0384871071774994,5.499998834302298,0.02754625877924795,True,Solve_Succeeded,5,0.038335754004947376,0.041031101005501114,0.04133287800505059,True,4.657545460418078e-10,
42.5,57.212,57.203,4.483333399999999,150.19361680018184,103.92246040026544,1.5983297942124544,5.321213636292315,0.05392849319358872,213.93185598312957,-0.01375488888171083,-0.006829534062443132,5.4166666667,5.499998834302298,0.02754625877924795,5.499999856851081,0.03803117070147531,True,Solve_Succeeded,6,0.06437210000149207,0.06795521800086135,0.06837140199786518,True,2.32056507343259e-08,
42.6,57.312,57.305,4.483333399999999,150.17739292191385,104.4627303046188,1.6057898596615094,5.321035273337804,0.09695283672716057,214.47224653593634,-0.01794021634929035,-0.006167285406112777,5.4166666667,5.499999856851081,0.03803117070147531,5.499999352263237,0.027508138356701635,True,Solve_Succeeded,5,0.05639490099565592,0.06072538899752544,0.06200055700173834,True,8.919522009875891e-09,
42.7,57.412,57.407,4.483333399999999,150.1561710434032,105.00586329783539,1.6130129238221216,5.335361503043238,0.04174369022523347,215.01565422841148,-0.0209393394784216,-0.005761254586181819,5.4166666667,5.499999352263237,0.027508138356701635,5.499996322115664,0.04486373352519909,True,Solve_Succeeded,5,0.04658938799548196,0.04990270999405766,0.050507651998486836,True,5.17153431189854e-10,
42.8,57.512,57.509,4.483333399999999,150.13096941685131,105.55006712626337,1.6238296396255776,5.37005398774362,0.1344397386067346,215.56028305816955,-0.023723277196574428,-0.001758211753748018,5.4166666667,5.499996322115664,0.04486373352519909,5.500000050500786,0.015992778360977948,True,Solve_Succeeded,6,0.05133681900042575,0.05454804500186583,0.05485661500279093,True,5.050078577539807e-08,
42.9,57.612,57.611,4.483333399999999,150.0997547723435,106.09207713054316,1.6304934861982447,5.322443752591418,0.04366109184770171,216.10303022327852,-0.024077209181798873,-0.0018660753757453465,5.4166666667,5.500000050500786,0.015992778360977948,5.499357268459858,0.04147116550610809,True,Solve_Succeeded,5,0.040973568000481464,0.04475848600122845,0.04519218399946112,True,4.6189327918000345e-09,
43.0,57.712,57.679,4.483333399999999,150.07753890640595,106.45317105580949,1.6346589223346313,5.321065099620406,0.08074421230958015,216.46469586068918,-0.02493415547554649,-0.0022029272530796895,5.4166666667,5.499357268459858,0.04147116550610809,5.499999931292253,0.025988955398968446,True,Solve_Succeeded,5,0.050168838002718985,0.053121149001526646,0.053599589999066666,True,4.985487755959639e-08,
43.1,57.812,57.781,4.483333399999999,150.04063286481238,106.99532102240822,1.6432556153422961,5.332207062393459,0.10611998771997921,217.0079300311753,-0.025734136148737784,-0.0003537669946167554,5.4166666667,5.499999931292253,0.025988955398968446,5.499999830467006,0.021931073819967114,True,Solve_Succeeded,6,0.05733760200382676,0.061441127996658906,0.0617848980036797,True,1.2387135761571244e-08,
43.2,57.912,57.883,4.483333399999999,149.99968896688182,107.53434429576697,1.652525759125761,5.320449272393499,0.08383725169648742,217.54833416641355,-0.025922255541271182,0.002221754362534467,5.4166666667,5.499999830467006,0.021931073819967114,5.49999833374605,0.02468471801868041,True,Solve_Succeeded,5,0.04381411900249077,0.046349896998435725,0.0468141960009234,True,8.406892959555989e-10,
43.3,58.012,57.985,4.483333399999999,149.9534020924631,108.07582663072213,1.6587643463410389,5.334792410513367,0.019035276835456593,218.0916210642835,-0.02461306581559555,0.0017476499880266783,5.4166666667,5.49999833374605,0.02468471801868041,5.499998819869515,0.03912156744583384,True,Solve_Succeeded,5,0.044524205004563555,0.04839367100066738,0.048788231004436966,True,8.665672415753e-09,
43.4,58.112,58.087,4.483333399999999,149.90430597469202,108.6176933925499,1.6640651983194914,5.363829215582954,0.15556810184529368,218.63554476318225,-0.02418571375256345,0.0003454436619314549,5.4166666667,5.499998819869515,0.03912156744583384,5.498769048274059,0.0028915080694912115,True,Solve_Succeeded,3,0.029051776000414975,0.03154534000350395,0.03181540399964433,True,2.8378235261694584e-08,
43.5,58.212,58.189,4.483333399999999,149.85190610282788,109.15893781139259,1.6685231252124613,5.320504098823394,0.004864947493797442,219.17915960794576,-0.02405136704435537,-0.001878612340217245,5.4166666667,5.498769048274059,0.0028915080694912115,5.499994844209105,0.04475427859357129,True,Maximum_CpuTime_Exceeded,6,0.0630603340032394,0.06626841599791078,0.06693191899830708,True,1.123093618105031e-09,
43.6,58.312,58.291,4.483333399999999,149.7982057504613,109.69879719474325,1.6723376344281364,5.31922380628566,0.06130912816420057,219.72151357767967,-0.026105751975844582,-0.004713617102684253,5.4166666667,5.499994844209105,0.04475427859357129,5.4999988875098405,0.030164334318753143,True,Solve_Succeeded,5,0.05693695599620696,0.060730281002179254,0.06164409699704265,True,9.294156555483823e-10,
43.7,58.412,58.393,4.483333399999999,149.74172332648294,110.23886961369494,1.6780260816977954,5.3210686270303365,0.06816128199622482,220.26434169135766,-0.02902250106348216,-0.005663764635812418,5.4166666667,5.4999988875098405,0.030164334318753143,5.499999926734296,0.03791095551307545,True,Solve_Succeeded,7,0.05842808399756905,0.06146286800503731,0.06213109799864469,True,5.346993781074616e-08,
43.8,58.512,58.495,4.483333399999999,149.68239282380716,110.7761296261245,1.686207487589614,5.322631248463971,0.08390142364007175,220.80465597744703,-0.03237625856659983,-0.004073832089842799,5.4166666667,5.499999926734296,0.03791095551307545,5.5000000502438695,0.033292712304722145,True,Solve_Succeeded,7,0.05543252299685264,0.05897354299668223,0.059499152994249016,True,5.0243869509358774e-08,
43.9,58.612,58.597,4.483333399999999,149.61789536676628,111.31612125685702,1.6927489222568648,5.338362989641225,0.06322995405841492,221.34826140139907,-0.0345057006472804,-0.004147784452657843,5.4166666667,5.5000000502438695,0.033292712304722145,5.499999613958656,0.04045389234600103,True,Solve_Succeeded,6,0.05329639399860753,0.05639094700018177,0.056726009999692906,True,3.600276610171704e-08,
44.0,58.712,58.699,4.483333399999999,149.548882805887,111.85696918753938,1.7037430265038174,5.338758295094014,0.1360781579748315,221.89326107292754,-0.03586606933682601,0.0002300511458204202,5.4166666667,5.499999613958656,0.04045389234600103,5.49999995598073,0.016292210482317267,True,Solve_Succeeded,6,0.05775327300216304,0.06165778900322039,0.06201736900402466,True,4.260608132966581e-08,
44.1,58.812,58.801,4.483333399999999,149.47547989349698,112.3945034946696,1.707780062687342,5.322235072159568,0.0438123672137115,222.4355488752464,-0.03602141237974489,-0.0023005404430600507,5.4166666667,5.49999995598073,0.016292210482317267,5.499383765501122,0.04301790834397823,True,Solve_Succeeded,5,0.04337820600630948,0.0470599409964052,0.047517986997263506,True,7.228043941154283e-09,
44.2,58.912,58.903,4.483333399999999,149.40015475819436,112.9322613405243,1.7132407889360235,5.34971942165783,0.03885733918667662,222.9783121484864,-0.03786622910377373,-0.0033977729060779005,5.4166666667,5.499383765501122,0.04301790834397823,5.499991440156278,0.040939903415852526,True,Solve_Succeeded,3,0.030179516004864126,0.03298258100403473,0.033355048995872494,True,3.79668368744035e-07,
44.3,59.012,59.005,4.483333399999999,149.32121812174486,113.46950970874624,1.7203635233384706,5.295670755538775,0.0989835384725266,223.52107318100084,-0.03962073334716169,-0.0028178144525417004,5.4166666667,5.499991440156278,0.040939903415852526,5.499956204819127,0.028935749670918307,True,Solve_Succeeded,4,0.03880946100252913,0.04167061800399097,0.04207034299906809,True,1.0364433045140231e-07,
44.4,59.112,59.107,4.483333399999999,149.2383535940142,114.00393947502833,1.7305427948682663,5.327535855160954,0.09326865016334793,224.061628249155,-0.04059941092228917,0.0008600545126988823,5.4166666667,5.499956204819127,0.028935749670918307,5.499988315074387,0.030957148874651407,True,Solve_Succeeded,4,0.037899259994446766,0.04139893099636538,0.0417172700035735,True,1.1643739306066436e-08,
44.5,59.212,59.209,4.483333399999999,149.14944708680036,114.54092370314363,1.7386552639324135,5.342918894876843,0.06104476120740261,224.60566099461073,-0.03955112036252952,0.0024438980357806006,5.4166666667,5.499988315074387,0.030957148874651407,5.499973242140483,0.03436708464325039,True,Solve_Succeeded,4,0.036816622006881516,0.03994403099932242,0.040219927999714855,True,1.877235611402739e-08,
44.6,59.312,59.311,4.483333399999999,149.0551727701076,115.07801219489806,1.7498888125453207,5.322733752443703,0.08061476259191926,225.1507054700589,-0.03678155924752973,0.007151074237863764,5.4166666667,5.499973242140483,0.03436708464325039,5.499998807495695,0.022096750179212653,True,Maximum_CpuTime_Exceeded,5,0.06304708200332243,0.06676873200194677,0.06735222599672852,True,6.293813431296376e-08,
44.7,59.412,59.379,4.483333399999999,148.99066824930145,115.43416824360422,1.7502628745813589,5.326181675841901,0.0035769505905099983,225.51249623611264,-0.034947627889148854,0.003200854265948516,5.4166666667,5.499998807495695,0.022096750179212653,5.499952422978882,0.04533199324932765,True,Solve_Succeeded,4,0.03927167299843859,0.04336991700256476,0.04383842799870763,True,9.643265741487994e-09,
44.8,59.512,59.481,4.483333399999999,148.89311406277008,115.96838836787764,1.754115728680849,5.326104352783886,0.07375734098070497,226.0553267462649,-0.034342037087268774,0.000577019418346314,5.4166666667,5.499952422978882,0.04533199324932765,5.499997144514299,0.02598263853392651,True,Solve_Succeeded,5,0.05225566100125434,0.05701332500029821,0.05739546000404516,True,2.630088147270726e-09,
44.9,59.612,59.583,4.483333399999999,148.79234739251783,116.5027257626554,1.7606532399790502,5.32769392428041,0.0899403566590996,226.59886192678584,-0.03411682935917026,0.0006429386915598467,5.4166666667,5.499997144514299,0.02598263853392651,5.4999998917276685,0.02737694758748114,True,Solve_Succeeded,6,0.05761913199967239,0.06055903999367729,0.06109132800338557,True,4.301439826548403e-08,
45.0,59.712,59.685,4.483333399999999,148.68741510666334,117.03366122380125,1.7723220762041416,5.3295518580506664,0.10860253646173594,227.13985163073872,-0.032659410092361785,0.0058835976557691785,5.4166666667,5.4999998917276685,0.02737694758748114,5.499964234816088,0.015290490022151644,True,Solve_Succeeded,4,0.04156289400270907,0.04507526700035669,0.04564478399697691,True,2.901898543683501e-08,
45.1,59.812,59.787,4.483333399999999,148.57601462298197,117.5665998465149,1.7803245471003863,5.3447747287142935,0.049878636617412604,227.68409753524358,-0.028742949778277595,0.0074320765418798285,5.4166666667,5.499964234816088,0.015290490022151644,5.499979918424599,0.027348638818127168,True,Solve_Succeeded,3,0.030944701997213997,0.035104155002045445,0.03573896000307286,True,9.144444654274331e-08,
45.2,59.912,59.889,4.483333399999999,148.46003533246957,118.09979783690527,1.7893757952371057,5.326267908698931,0.1107966242715607,228.2295730305659,-0.02391114484333553,0.010027384901814873,5.4166666667,5.499979918424599,0.027348638818127168,5.499883322669335,0.0024233802688762144,True,Solve_Succeeded,3,0.030828622002445627,0.034010346003924496,0.034511994002969004,True,9.449854765364307e-08,
45.3,60.012,59.991,4.483333399999999,148.3416287443097,118.62981013601542,1.790914423062595,5.32274464456477,0.004646522487049321,228.77249454866205,-0.019547813822768153,0.005152531424086337,5.4166666667,5.499883322669335,0.0024233802688762144,5.499777708985099,0.0353022830684118,True,Solve_Succeeded,5,0.04611343600117834,0.04955547299323371,0.05000824300077511,True,3.567027384576704e-08,
45.4,60.112,60.093,4.483333399999999,148.2229425064806,119.15960392483618,1.79263974352221,5.332187332268666,0.0065351302298457615,229.31529797582462,-0.018344512333743398,0.0004667140972229866,5.4166666667,5.499777708985099,0.0353022830684118,5.500000014922509,0.03508200436383886,True,Solve_Succeeded,6,0.057712857000296935,0.06137373200181173,0.061735246003081556,True,5.257309787509712e-08,
45.5,60.212,60.195,4.483333399999999,148.10309269075717,119.68812419332366,1.794699517327163,5.215417728526607,0.04490393862311573,229.8571155574706,-0.019216851326484905,-0.003939706928443698,5.4166666667,5.500000014922509,0.03508200436383886,5.500000043707049,0.03409922254213738,True,Solve_Succeeded,7,0.06622976400103653,0.06982998300372856,0.07016160900093382,True,4.3707048646979274e-08,
45.6,60.312,60.297,4.483333399999999,147.98175961225652,120.21522462089482,1.7996819027880833,5.320469432503822,0.048352162539467516,230.39786102239177,-0.021842177519813023,-0.005489203217637906,5.4166666667,5.500000043707049,0.03409922254213738,5.499999962966871,0.041189682148979695,True,Solve_Succeeded,6,0.06132464900292689,0.06575184399844147,0.06609658600063995,True,2.1974333247118394e-09,
45.7,60.412,60.399,4.483333399999999,147.85701284228313,120.74422649944239,1.8053880760061458,5.333087649313072,0.05573357397566326,230.94120724494564,-0.025160317793882253,-0.006425834381940776,5.4166666667,5.499999962966871,0.041189682148979695,5.499999906266601,0.042521076210523936,True,Solve_Succeeded,6,0.05570068299857667,0.05968814300285885,0.06004257300082827,True,1.5165799283067827e-08,
45.8,60.512,60.501,4.483333399999999,147.7273777094607,121.27253717872678,1.8162204147879988,5.308218007828098,0.04016276407504059,231.48501119909182,-0.027201681656599797,-0.0023222095128832,5.4166666667,5.499999906266601,0.042521076210523936,5.499991562573197,0.0454077289390185,True,Solve_Succeeded,4,0.041312392000691034,0.046947560003900435,0.04734714900405379,True,1.343089639505024e-08,
45.9,60.612,60.603,4.483333399999999,147.59594183373397,121.79805107099217,1.8167081281820066,5.311236832027835,0.03400782062093323,232.0265079981404,-0.030478095020516686,-0.008614985332217273,5.4166666667,5.499991562573197,0.0454077289390185,5.499999535756138,0.052742423040079665,True,Solve_Succeeded,6,0.05920700700517045,0.06266142999811564,0.06307046700385399,True,2.852619829241121e-08,
46.0,60.712,60.705,4.483333399999999,147.4626394422141,122.32330365216463,1.8234132978306317,5.307241315591514,0.10661835410871065,232.5681622119384,-0.035578279090243886,-0.008772919498053255,5.4166666667,5.499999535756138,0.052742423040079665,5.499998824499271,0.03818130127805022,True,Solve_Succeeded,5,0.04474309400393395,0.047743665003508795,0.04799072400055593,True,2.0934569633368483e-09,
46.1,60.812,60.807,4.483333399999999,147.32479444203574,122.84501025410852,1.8359305557137326,5.271196682285238,0.15842296947214501,233.1075036659405,-0.03909877627139796,-0.0031700231302935755,5.4166666667,5.499998824499271,0.03818130127805022,5.500000051372933,0.025125934721482,True,Solve_Succeeded,7,0.06705370900454,0.07092850600020029,0.07143398599873763,True,5.137293257462261e-08,
46.2,60.912,60.909,4.483333399999999,147.1794109895778,123.36677055664208,1.849329847107979,5.318252641708349,0.10806389919873592,233.64886668124137,-0.03913170544376027,0.0032077567608694846,5.4166666667,5.500000051372933,0.025125934721482,5.4999999395537635,0.03073723300547745,True,Solve_Succeeded,6,0.054800152000098024,0.05787055399559904,0.05815678100043442,True,7.761194742439415e-10,
46.3,61.012,61.011,4.483333399999999,147.02772275012404,123.88815414641732,1.8583465806327906,5.303019006889887,0.12076929225471135,234.1915935650141,-0.03682977303223402,0.005103236915653175,5.4166666667,5.4999999395537635,0.03073723300547745,5.499994448006609,0.01842401406068029,True,Solve_Succeeded,4,0.034860593994380906,0.03791818000172498,0.038187541998922825,True,1.5152584964539528e-08,
46.4,61.112,61.079,4.483333399999999,146.9226959445484,124.23610249875263,1.8671239197590883,5.298147297721021,0.1333382551204211,234.55486524261735,-0.033813414647768096,0.009067937588473018,5.4166666667,5.499994448006609,0.01842401406068029,5.499999921451187,0.008796437727392782,True,Solve_Succeeded,6,0.04828930700023193,0.05184868299693335,0.05216458699578652,True,4.934227071373698e-08,
46.5,61.212,61.181,4.483333399999999,146.76383630180837,124.75305460144213,1.869240212476618,5.3053008250366265,0.0023094998448281896,235.09543225899318,-0.02988003378564093,0.003954184161305996,5.4166666667,5.499999921451187,0.008796437727392782,5.499999962786677,0.04364509263809417,True,Solve_Succeeded,6,0.05081394699664088,0.05471827500150539,0.05526880999968853,True,1.4441638995776884e-08,
46.6,61.312,61.283,4.483333399999999,146.60470092161404,125.27048311996106,1.8694574586989472,5.311652148605723,-0.015178630823322055,235.6365619598051,-0.029757396351611305,-0.003148537868819856,5.4166666667,5.499999962786677,0.04364509263809417,5.499999510242005,0.05274209269073096,True,Solve_Succeeded,6,0.054472370000439696,0.05798605299787596,0.05837669500033371,True,3.272921710907595e-08,
46.7,61.412,61.385,4.483333399999999,146.4456883959702,125.7864734990609,1.8704940282101064,5.220429274413342,0.06004803032245404,236.17625492869033,-0.033299049829493464,-0.00949482053845041,5.4166666667,5.499999510242005,0.05274209269073096,5.500000043774272,0.04718211774984752,True,Solve_Succeeded,7,0.061521944000560325,0.06455220099451253,0.0649611900007585,True,4.377427220703112e-08,
46.8,61.512,61.487,4.483333399999999,146.2844001473984,126.3018847686134,1.8773373434174043,5.309280342295939,0.10026613922691462,236.716021014422,-0.03850578558720689,-0.01011774539584498,5.4166666667,5.500000043774272,0.04718211774984752,5.500000053438699,0.04671128109630255,True,Solve_Succeeded,8,0.06637526099802926,0.07109105699782958,0.07173194499773672,True,5.343869879936847e-08,
46.9,61.612,61.589,4.483333399999999,146.11791476613672,126.81814697621559,1.8881271749719992,5.323006830435993,0.1034437085721804,237.25813599470942,-0.04311096465541134,-0.00690969023674204,5.4166666667,5.500000053438699,0.04671128109630255,5.4999995632106895,0.04541681279876511,True,Solve_Succeeded,6,0.04849103799642762,0.05144118099997286,0.052045917000214104,True,4.1027635244023086e-08,
47.0,61.712,61.691,4.483333399999999,145.9445044016162,127.33242973787821,1.903404960536659,5.2947855937194905,0.10509838990508469,237.80053044334878,-0.04465868274510592,0.0006990577823973165,5.4166666667,5.4999995632106895,0.04541681279876511,5.499999418266647,0.036384577718575735,True,Solve_Succeeded,5,0.04002871999546187,0.04317622799862875,0.043481171000166796,True,4.897207528387071e-08,
47.1,61.812,61.793,4.483333399999999,145.7673127799857,127.843091436306,1.906281798535961,5.298267254256553,0.03081179563327374,238.34071628647274,-0.045603351125463015,-0.004051600130286159,5.4166666667,5.499999418266647,0.036384577718575735,5.500000052750554,0.05628075606136407,True,Solve_Succeeded,7,0.05775281600654125,0.06115561500337208,0.061868194003182,True,5.2750554146996365e-08,
47.2,61.912,61.895,4.483333399999999,145.58801394616967,128.3530865776789,1.912842355116469,5.295465049115662,0.09880645065256304,238.88095243621754,-0.04842944156337108,-0.004997008723818475,5.4166666667,5.500000052750554,0.05628075606136407,5.4999998789149,0.0374867191064093,True,Solve_Succeeded,6,0.0514398169980268,0.05510496500210138,0.05544956599624129,True,5.333834529608339e-08,
47.3,62.012,61.997,4.483333399999999,145.40507546109745,128.85977444954307,1.922497808197376,5.2817022787053975,0.12543819010546928,239.41928534353494,-0.050718561252286375,-0.00269941418649422,5.4166666667,5.4999998789149,0.0374867191064093,5.4999999263512445,0.034023870226053896,True,Solve_Succeeded,6,0.04785802999685984,0.051667633997567464,0.05220582799665863,True,1.8899702247665573e-08,
47.4,62.112,62.099,4.483333399999999,145.21592858381325,129.36638095995926,1.933614431162304,5.308616167550225,0.09893530457805516,239.95968148913428,-0.05110281657163357,0.001153062897591095,5.4166666667,5.4999999263512445,0.034023870226053896,5.499999152875249,0.03534719624385904,True,Solve_Succeeded,5,0.0469548089968157,0.04982493499846896,0.05019768200145336,True,8.552278885076703e-10,
47.5,62.212,62.201,4.483333399999999,145.0214221476024,129.87227335945124,1.9422230793829987,5.2798810382429915,0.10809802522592642,240.5013156190652,-0.05012558978559789,0.0026031881777233146,5.4166666667,5.499999152875249,0.03534719624385904,5.499977384649701,0.026476495207688144,True,Solve_Succeeded,4,0.0350371879976592,0.03814373799832538,0.03863191100390395,True,1.2475689814550606e-08,
47.6,62.312,62.303,4.483333399999999,144.82119028739476,130.37613103520206,1.9540832659257672,5.302734135474492,0.06320165764544841,241.04315139354662,-0.04692251303030857,0.007424296191944846,5.4166666667,5.499977384649701,0.026476495207688144,5.4999979733116815,0.03237300843748674,True,Solve_Succeeded,5,0.04834232899884228,0.05226435999793466,0.053038150996144395,True,8.439320353659241e-10,
47.7,62.412,62.405,4.483333399999999,144.61736279636452,130.8772088711338,1.959867939094577,5.30510422974397,0.04877652062570526,241.58377626503875,-0.04312931875636209,0.006306928202928885,5.4166666667,5.4999979733116815,0.03237300843748674,5.499999963414659,0.03110436738331399,True,Solve_Succeeded,6,0.05021580799802905,0.053585291003400926,0.053957535994413774,True,3.132686998696954e-09,
47.8,62.512,62.507,4.483333399999999,144.4108542766644,131.3777868173328,1.9647326407298404,5.308277925570435,0.06998021918871324,242.1249884736043,-0.040367188254283363,0.00438299190243896,5.4166666667,5.499999963414659,0.03110436738331399,5.499999910918764,0.026327338354930126,True,Solve_Succeeded,6,0.05150674000469735,0.05470265699841548,0.05509485500078881,True,3.2237652547451034e-09,
47.9,62.612,62.609,4.483333399999999,144.20186517459905,131.87585194070724,1.971705590395647,5.309187270360068,0.0736101784633783,242.66485813265115,-0.0379903686178269,0.004704152334113586,5.4166666667,5.499999910918764,0.026327338354930126,5.50000005230966,0.025527931864989944,True,Solve_Succeeded,7,0.05718867500399938,0.0606383080012165,0.061358521998045035,True,5.2309659714921963e-08,
48.0,62.712,62.711,4.483333399999999,143.98853342061486,132.37436791971663,1.9783999523152442,5.322166606890348,0.06198067610338926,243.20685622820304,-0.035355746041909705,0.004840517996224536,5.4166666667,5.50000005230966,0.025527931864989944,5.499999978140358,0.02642048963242736,True,Solve_Succeeded,6,0.050653361999138724,0.0535080059999018,0.05394178999995347,True,2.0855872584490953e-08,
48.1,62.812,62.779,4.483333399999999,143.84415334533844,132.70675610921495,1.982635581141567,5.332682499327234,0.05708081100668781,243.56909480318674,-0.033595910977056574,0.004759932959631286,5.4166666667,5.499999978140358,0.02642048963242736,5.499999312916693,0.025747226819947257,True,Solve_Succeeded,5,0.043328774998371955,0.04669776099763112,0.04736271200090414,True,1.106140068429795e-08,
48.2,62.912,62.881,4.483333399999999,143.62420736492524,133.20338059547143,1.9925097098910605,5.289692010696001,0.08718388466280097,244.1120313679278,-0.029986862390644655,0.008264457234077538,5.4166666667,5.499999312916693,0.025747226819947257,5.500000053767235,0.012198667693123999,True,Solve_Succeeded,7,0.057185589997970965,0.06060617299954174,0.060938419999729376,True,5.3767235108637124e-08,
48.3,63.012,62.983,4.483333399999999,143.40136920248534,133.69760921229968,1.9968559889746473,5.318207815898294,0.03464454394248933,244.65398640587196,-0.02618773681559736,0.0063713510980012425,5.4166666667,5.500000053767235,0.012198667693123999,5.499982421843756,0.027007599352067937,True,Solve_Succeeded,4,0.03415246799704619,0.03835109799547354,0.03891869800281711,True,2.2566173353555374e-08,
48.4,63.112,63.085,4.483333399999999,143.17620157448738,134.19172280430757,1.9992594794742184,5.324143646057838,0.0032439336405853283,245.19682810098635,-0.023570362483018307,0.002643472730447183,5.4166666667,5.499982421843756,0.027007599352067937,5.500000015658005,0.033663125966712004,True,Solve_Succeeded,6,0.0517980670047109,0.054817664000438526,0.055103178005083464,True,4.11554736956532e-08,
48.5,63.212,63.187,4.483333399999999,142.95099691499723,134.6841012485783,2.002010305012456,5.318253444576689,0.05207505676489694,245.73812446701427,-0.023490557265844675,-0.0006024803930393396,5.4166666667,5.500000015658005,0.033663125966712004,5.499996862451571,0.02505405256485353,True,Solve_Succeeded,5,0.04262709199974779,0.045151537997298874,0.04545143200084567,True,1.4782273183300276e-09,
48.6,63.312,63.289,4.483333399999999,142.72283571495947,135.17691165877358,2.0069538510763647,5.328753876563429,0.06337602308711385,246.28104947642484,-0.02413134708821454,-0.0015569570147380143,5.4166666667,5.499996862451571,0.02505405256485353,5.499999474651315,0.0271637039592859,True,Solve_Succeeded,5,0.04171720800513867,0.04485686699626967,0.04522390299825929,True,8.12750045042776e-09,
48.7,63.412,63.391,4.483333399999999,142.49121782069184,135.66929138208334,2.013999464495841,5.339091866620629,0.06525929314799278,246.8250453477905,-0.02463637559969468,-0.00030439238152446535,5.4166666667,5.499999474651315,0.0271637039592859,5.499984518980359,0.02449428872250478,True,Solve_Succeeded,3,0.030650238004454877,0.0336912620041403,0.03394494299573125,True,8.254740242463754e-07,
48.8,63.512,63.493,4.483333399999999,142.2555843479855,136.15883880758875,2.0248274059371782,5.317596943030511,0.053609680707343545,247.36821302968008,-0.023414841109547318,0.004855053800321585,5.4166666667,5.499984518980359,0.02449428872250478,5.500000002451135,0.021264887311767976,True,Solve_Succeeded,6,0.05012427600013325,0.053255411999998614,0.05378644700249424,True,1.9992662636525438e-08,
48.9,63.612,63.595,4.483333399999999,142.01649947484302,136.6459683286092,2.02901997587026,5.321976212331865,0.0364211096443333,247.9107241349889,-0.021078512634247867,0.003509033536674089,5.4166666667,5.500000002451135,0.021264887311767976,5.499999989099141,0.023361474417259727,True,Solve_Succeeded,6,0.04668205000052694,0.04983632699440932,0.050379150998196565,True,5.323174168125888e-08,
49.0,63.712,63.697,4.483333399999999,141.77530382752366,137.1329326575994,2.032377951912211,5.323912322771356,0.052466389438286104,248.45403791142715,-0.019732246269448455,0.001518745874761418,5.4166666667,5.499999989099141,0.023361474417259727,5.499960620381807,0.01820093261765604,True,Solve_Succeeded,4,0.03587515099934535,0.03878542500024196,0.039062081996235065,True,3.136037740603115e-08,
49.1,63.812,63.799,4.483333399999999,141.53203617254078,137.61740847747254,2.0369930425582545,5.323047280128422,0.04058839938444123,248.9960609656929,-0.018265195633277657,0.001014839684122748,5.4166666667,5.499960620381807,0.01820093261765604,5.499999794518979,0.021747635869869095,True,Solve_Succeeded,6,0.05016760400030762,0.053571853997709695,0.05433255000389181,True,4.599246317127381e-09,
49.2,63.912,63.901,4.483333399999999,141.28670444826813,138.102360446799,2.041113896924927,5.332913395932629,0.03636884410499676,249.5394484495138,-0.017890015604764095,0.00022154727303869137,5.4166666667,5.499999794518979,0.021747635869869095,5.499999782501976,0.021339538300505174,True,Solve_Succeeded,5,0.039937654000823386,0.042755245995067526,0.043013034999603406,True,5.693610027890372e-09,
49.3,64.012,64.003,4.483333399999999,141.03967560107762,138.58721620500734,2.045426626892933,5.339897413423767,0.060277794367009106,250.08352121221483,-0.01857280596611529,-0.00016714142267826304,5.4166666667,5.499999782501976,0.021339538300505174,5.499987651300338,0.015002564983889893,True,Solve_Succeeded,4,0.03542273600032786,0.03773088999878382,0.03801173599640606,True,2.4271536780418046e-08,
49.4,64.112,64.105,4.483333399999999,140.78914071835572,139.06980807887703,2.0549155332267635,5.328085204804248,0.04908522423943677,250.62718846869606,-0.01759920682815075,0.004843069104748743,5.4166666667,5.499987651300338,0.015002564983889893,5.499995593270909,0.013463175614238067,True,Solve_Succeeded,3,0.02772169299714733,0.03053244500188157,0.030965262005338445,True,1.0526420002321402e-07,
49.5,64.212,64.207,4.483333399999999,140.5346915194343,139.55071465181484,2.060050108894446,5.340757616561396,0.05904403546622577,251.17118552935315,-0.014752168390460275,0.005715876488588734,5.4166666667,5.499995593270909,0.013463175614238067,5.49997641163039,0.00564025756630621,True,Solve_Succeeded,3,0.026475326994841453,0.02924617000098806,0.02964482099923771,True,6.694342538082765e-07,
49.6,64.312,64.309,4.483333399999999,140.27710967853963,140.0314746480458,2.0648583773357605,5.348553979019098,0.039943493939933385,251.7165382226172,-0.011327793024248191,0.006472515798670475,5.4166666667,5.49997641163039,0.00564025756630621,5.499989991058715,0.007191784648683305,True,Solve_Succeeded,3,0.029571213999588508,0.03240585500316229,0.032724464996135794,True,5.815049153312657e-08,
49.7,64.412,64.411,4.483333399999999,140.0175374164705,140.50994196472968,2.0671469825588997,5.347987646456137,0.01446893335174469,252.26082997688877,-0.007216206367010941,0.004937916682065779,5.4166666667,5.499989991058715,0.007191784648683305,5.499987355170112,0.010318839453290901,True,Solve_Succeeded,3,0.029382927001279313,0.032836951999343,0.03318229500291636,True,5.572335659564942e-08,
49.8,64.512,64.479,4.483333399999999,139.8441036978128,140.83000252188054,2.06757519695599,5.358381634300165,0.007593002126831021,252.62484164125726,-0.005778982128623886,0.0029322418791712934,5.4166666667,5.499987355170112,0.010318839453290901,5.49995770555335,0.012210258028587218,True,Solve_Succeeded,2,0.019706238999788184,0.023926951995235868,0.024273347000416834,True,1.7289266018849503e-08,
49.9,64.612,64.581,4.483333399999999,139.58315152335516,141.31110858986514,2.0686392874952806,5.372277180450852,0.01864311863001405,253.17214252973983,-0.0050193969552267195,0.0005224883887504639,5.4166666667,5.49995770555335,0.012210258028587218,5.498284687657033,0.011433782378948683,True,Solve_Succeeded,2,0.018974861995957326,0.021770361003291328,0.02206463200127473,True,7.810590663126504e-08,
50.0,64.713,64.683,4.483333399999999,139.32202131294977,141.7912680953756,2.07224480381548,5.3475493298169035,0.06854638578418001,253.71869860036585,-0.005489648166428704,0.0008813265681797411,5.4166666667,5.498284687657033,0.011433782378948683,5.499967121399642,-0.002312127587096519,True,Solve_Succeeded,4,0.03977461099566426,0.04314937200251734,0.04360127499967348,True,7.595960305195604e-09,
50.1,64.812,64.785,4.483333399999999,139.0585024125585,142.27050094706325,2.0757198643914165,5.368551600780895,0.040269025969262115,254.26558876070172,-0.005134366675903898,0.001330176430272445,5.4166666667,5.499967121399642,-0.002312127587096519,5.499954859990085,0.0050304208961433,True,Solve_Succeeded,3,0.030039217999728862,0.03356472199811833,0.03387862300587585,True,1.7629890436410278e-08,
50.2,64.912,64.887,4.483333399999999,138.79242629115083,142.7500228017365,2.0785149930850264,5.372451621980961,0.018401113624207138,254.81397060529756,-0.0042772008849893284,0.001314198395455879,5.4166666667,5.499954859990085,0.0050304208961433,5.498751108921397,0.006207550411543398,True,Solve_Succeeded,2,0.020827505002671387,0.023775523994117975,0.024022092002269346,True,1.5595838842585863e-07,
50.3,65.012,64.989,4.483333399999999,138.52565891142194,143.2267689256384,2.078264986651755,5.373084224942362,0.011073585724350085,255.3602671283615,-0.002944103252495701,-0.0015139361287683784,5.4166666667,5.498751108921397,0.006207550411543398,5.497669111075522,0.009231592647058074,True,Solve_Succeeded,2,0.02168495999649167,0.02517789699777495,0.025432299997191876,True,1.4611142606923977e-07,
50.4,65.112,65.091,4.483333399999999,138.25905352337205,143.70608961746575,2.0786318802956347,5.383901315104304,0.003613579844035157,255.90873357812126,-0.004360017712700401,-0.0035123419507443465,5.4166666667,5.497669111075522,0.009231592647058074,5.49238010600055,0.013674237902141438,True,Solve_Succeeded,2,0.02024609000363853,0.02420566299406346,0.02462283400382148,True,3.205862562083439e-07,
50.5,65.212,65.193,4.483333399999999,137.9915273454606,144.18736158875163,2.079722388161249,5.401210875760819,0.000672460041095317,256.4593437908457,-0.007168437449301812,-0.004571690420076102,5.4166666667,5.49238010600055,0.013674237902141438,5.481176438985014,0.01662595344227267,True,Solve_Succeeded,2,0.02043323499674443,0.024188285999116488,0.024931685999035835,True,6.915478323321622e-08,
50.6,65.312,65.295,4.483333399999999,137.72436334850914,144.66552705308868,2.0828169693887872,5.375670401117262,0.13109605305262215,257.00706060119785,-0.009882587991366083,-0.0033924559668259135,5.4166666667,5.481176438985014,0.01662595344227267,5.489103506136068,-0.01793784268665239,True,Solve_Succeeded,3,0.02838640099798795,0.03136371899745427,0.03169476399489213,True,1.3506765882131955e-07,
50.7,65.412,65.397,4.483333399999999,137.45312418361888,145.1425215722765,2.09186739600144,5.382725106289855,0.0719747712202034,257.55576484089875,-0.009463659592191235,0.003962251427027663,5.4166666667,5.489103506136068,-0.01793784268665239,5.488308342800441,-0.009399529915952973,True,Solve_Succeeded,3,0.02975776299717836,0.03264288799982751,0.03298643800371792,True,2.4477482263307593e-08,
50.8,65.512,65.499,4.483333399999999,137.1781758459389,145.61814309136886,2.0974813981130844,5.337779798405792,0.0036556519114761127,258.10511714519316,-0.006011955289882534,0.008102063732240428,5.4166666667,5.488308342800441,-0.009399529915952973,5.4970227665701525,-0.0034605329327478725,True,Solve_Succeeded,2,0.020826621999731287,0.02363775599951623,0.02401692499552155,True,1.1598824389835727e-07,
50.9,65.612,65.601,4.483333399999999,136.90219188280128,146.09023018170228,2.0950136725452655,5.372401904634614,-0.07053522956525309,258.65192611941524,-0.0006542307432623479,0.004388948034877771,5.4166666667,5.4970227665701525,-0.0034605329327478725,5.4980596075754615,0.013732011796694314,True,Solve_Succeeded,3,0.029655402002390474,0.0331370709973271,0.033604354997805785,True,2.0601026662347977e-08,
51.0,65.712,65.703,4.483333399999999,136.62881770630528,146.56536103133828,2.0911482980365994,5.375336162854593,-0.03088367634242832,259.2000881896631,0.00030465437434802015,-0.0005027460074442658,5.4166666667,5.4980596075754615,0.013732011796694314,5.496238399591174,0.009900571137205775,True,Solve_Succeeded,3,0.02930593500059331,0.03285717700055102,0.03316475400060881,True,1.3095305284593906e-08,
51.1,65.812,65.805,4.483333399999999,136.3556935809492,147.04168926615398,2.0956130904874763,5.3578740917016106,-0.0031306529367100336,259.7491650363588,-5.158835540660625e-05,0.0031568795602305855,5.4166666667,5.496238399591174,0.009900571137205775,5.4993903407709706,0.007244262883532765,True,Solve_Succeeded,2,0.024170600998331793,0.027100328996311873,0.027536239998880774,True,4.16682333082008e-08,
51.2,65.912,65.907,4.483333399999999,136.0834572435608,147.51380966652408,2.092527836357979,5.351067635410903,0.03688252551056038,260.2941514812569,0.0005000187334181221,-0.0007487726092954007,5.4166666667,5.4993903407709706,0.007244262883532765,5.499995480327285,0.002117963492294608,True,Solve_Succeeded,3,0.029819506999047007,0.03350820599735016,0.03379299999505747,True,3.1264452360346695e-08,
51.3,66.012,66.009,4.483333399999999,135.81048472142197,147.98660607239626,2.0962077993822583,5.35466375481353,0.03421919511956994,260.8400921534355,0.0008119224220488393,0.0017690589666590208,5.4166666667,5.499995480327285,0.002117963492294608,5.499996473120397,0.003018359610538265,True,Solve_Succeeded,3,0.030291873998066876,0.03337849899980938,0.03386652899644105,True,3.019758487710078e-08,
51.4,66.112,66.111,4.483333399999999,135.53574075585846,148.45722861090061,2.1016485295099923,5.321180701772267,0.09385396125561477,261.38504004920867,0.0030185440256887183,0.005708430559161037,5.4166666667,5.499996473120397,0.003018359610538265,5.499876554986567,-0.016623897595289313,True,Solve_Succeeded,4,0.037055579996376764,0.04115937500318978,0.04147143199952552,True,1.5230378735964223e-08,
51.5,66.212,66.179,4.483333399999999,135.35157138651337,148.77051561218732,2.1006214347778607,5.342569394945778,-0.07076843652630577,261.7484493612215,0.005097145441000229,0.003490386975646853,5.4166666667,5.499876554986567,-0.016623897595289313,5.50000005456257,0.026416371167632558,True,Solve_Succeeded,7,0.05734764899534639,0.06043702900205972,0.061077956001099665,True,5.482275522439295e-08,
51.6,66.312,66.281,4.483333399999999,135.0770096664256,149.24146712483977,2.097609550537002,5.348110904778174,0.028062091099318977,262.29360192600143,0.0053582276627243235,-0.0015931345080462123,5.4166666667,5.50000005456257,0.026416371167632558,5.498911140808531,0.004264124391777469,True,Solve_Succeeded,3,0.03166710499499459,0.03498762000526767,0.03524146100244252,True,8.167944542947225e-08,
51.7,66.412,66.383,4.483333399999999,134.80224040818803,149.71381920632157,2.096821985726153,5.328545515237735,-0.09504603103826581,262.8400675784955,0.003866544336148722,-0.004801270840243621,5.4166666667,5.498911140808531,0.004264124391777469,5.500000046558214,0.04746995583302024,True,Solve_Succeeded,7,0.055017452003085054,0.057894190002116375,0.0582458559947554,True,5.181054607561464e-08,
51.8,66.512,66.485,4.483333399999999,134.53234333621168,150.18410116985726,2.0881866336551145,5.3258265704785135,3.197644272797732e-05,263.38226260190197,-0.0021841224726750546,-0.01617938655137685,5.4166666667,5.500000046558214,0.04746995583302024,5.499999953213176,0.03739701495686649,True,Solve_Succeeded,6,0.059444677994179074,0.0626627509991522,0.0630710879995604,True,2.5025111760612617e-08,
51.9,66.612,66.587,4.483333399999999,134.26347493450308,150.65637811279524,2.0886070630092073,5.330798341010604,0.007113897543457302,263.9256054265372,-0.011718143603349072,-0.018849270085757656,5.4166666667,5.499999953213176,0.03739701495686649,5.4999633391048,0.05088953387854896,True,Solve_Succeeded,4,0.037840721000975464,0.04001340200193226,0.0406815340029425,True,3.190848119061229e-08,
52.0,66.712,66.689,4.483333399999999,133.99376956554295,151.12758439681747,2.095086853406406,5.241527157925305,0.16035586414105152,264.468388301101,-0.02175594087239437,-0.015799175509545016,5.4166666667,5.4999633391048,0.05088953387854896,5.50000004847635,0.008083723250252518,True,Solve_Succeeded,7,0.060443802998634055,0.0639151680006762,0.06422613299946534,True,4.9647976396727245e-08,
52.1,66.812,66.791,4.483333399999999,133.72133015075468,151.5957874699082,2.103164933351243,5.316157434582089,0.10394753243337486,265.0099292863633,-0.029854901738295928,-0.011485233898913094,5.4166666667,5.50000004847635,0.008083723250252518,5.4995668869382435,0.021649144778903204,True,Solve_Succeeded,4,0.03685109999787528,0.03973934100213228,0.04032029000518378,True,1.9025729431493277e-07,
52.2,66.912,66.893,4.483333399999999,133.4434096932363,152.0616403591309,2.1164445426215512,5.318461045441178,0.2346161821359983,265.5522367493129,-0.03418240331767839,-0.002318854271194492,5.4166666667,5.4995668869382435,0.021649144778903204,5.499752935869198,-0.031808711211812224,True,Solve_Succeeded,6,0.045973970998602454,0.04854982499819016,0.04894621899438789,True,1.6799853829255196e-08,
52.3,67.012,66.995,4.483333399999999,133.15927722146043,152.5241709853257,2.1247617439390454,5.3019637720872,-0.0830736029423187,266.0949327569378,-0.03373046607634513,0.0020094065495643854,5.4166666667,5.499752935869198,-0.031808711211812224,5.499126045929713,0.02404969420248842,True,Solve_Succeeded,4,0.03851989699614933,0.04293984899413772,0.04352112299966393,True,1.887090619878684e-08,
52.4,67.112,67.097,4.483333399999999,132.8748505286,152.98320604746186,2.1275533385153342,5.30298486010844,0.0669064730735553,266.63484233251694,-0.0330975463567635,0.001776197644663302,5.4166666667,5.499126045929713,0.02404969420248842,5.499388338121943,-0.016038648172140284,True,Solve_Succeeded,5,0.0419569549994776,0.04521002199908253,0.045477460997062735,True,4.454489221927815e-09,
52.5,67.213,67.199,4.483333399999999,132.58791139671945,153.4421160146088,2.130703508755043,5.309794092484077,0.018042288722664612,267.17600566481536,-0.03164064863698175,0.002856321129454109,5.4166666667,5.499388338121943,-0.016038648172140284,5.499928566345142,0.0013691222057031773,True,Solve_Succeeded,4,0.04158086499955971,0.04529171999456594,0.04555693399743177,True,2.7324467133382768e-08,
52.6,67.312,67.301,4.483333399999999,132.30067447094743,153.89946374387682,2.135067560480781,5.293602264086013,0.060379923790893214,267.7160355935254,-0.02996323735663857,0.006115913931358463,5.4166666667,5.499928566345142,0.0013691222057031773,5.499999053943797,-0.021673206276456695,True,Solve_Succeeded,5,0.049455816006229725,0.05332639299740549,0.053650542999093886,True,1.8100836385315233e-09,
52.7,67.412,67.403,4.483333399999999,132.0136507105128,154.35692950455805,2.1258804528955655,5.291571380852285,-0.09730433571329168,268.2560834550437,-0.028866239041586934,-0.003215073080495845,5.4166666667,5.499999053943797,-0.021673206276456695,5.499298947994709,0.021043172696282007,True,Solve_Succeeded,4,0.035480579994327854,0.0379648080051993,0.038487680998514406,True,2.0594002947404988e-08,
52.8,67.512,67.505,4.483333399999999,131.73076543413396,154.81707610488374,2.1216602500103083,5.300711339997608,0.07808463321561342,268.7962436517717,-0.032517844755623956,-0.006618935236564649,5.4166666667,5.499298947994709,0.021043172696282007,5.499998101769775,-0.02031520560437965,True,Solve_Succeeded,6,0.05321280099451542,0.056127279000065755,0.05640539900196018,True,5.0567208198515345e-08,
52.9,67.612,67.607,4.483333399999999,131.44999051755352,155.27625813776126,2.1153135162399175,5.278712978812092,-0.0704481754533969,269.3345103842153,-0.03675342279014728,-0.011198549945317547,5.4166666667,5.499998101769775,-0.02031520560437965,5.499686111003635,0.025223157260046068,True,Solve_Succeeded,5,0.04804633399908198,0.05121431599400239,0.05165349399612751,True,5.359201724515483e-07,
53.0,67.712,67.709,4.483333399999999,131.170801212694,155.7362331863176,2.117279055995456,5.275811330088535,0.002653762085949061,269.87266996748366,-0.041548056547672185,-0.0065172373502830885,5.4166666667,5.499686111003635,0.025223157260046068,5.499988279984699,0.0037120468217572756,True,Solve_Succeeded,4,0.03313796399743296,0.035965050003142096,0.036268989999371115,True,1.8823409675405856e-07,
53.1,67.812,67.811,4.483333399999999,130.89138525289738,156.1969812663203,2.1117726579509646,5.276905064286045,-0.09397307198316585,270.4116600765598,-0.04486286380140302,-0.00861002327709448,5.4166666667,5.499988279984699,0.0037120468217572756,5.49999257768354,0.038484146142779056,True,Solve_Succeeded,5,0.0453031409997493,0.048296294997271616,0.04907776299660327,True,3.380465710828284e-08,
53.2,67.912,67.879,4.483333399999999,130.70697790490036,156.50352193071637,2.1135808606652677,5.209472326639121,0.09677805078517966,270.769477425928,-0.04736035563503421,-0.004794094808874051,5.4166666667,5.49999257768354,0.038484146142779056,5.499990083065988,-0.011561952085484951,True,Solve_Succeeded,5,0.044299069995759055,0.04812158799904864,0.04853020499285776,True,1.3790351971465498e-08,
53.3,68.012,67.981,4.483333399999999,130.43017657234003,156.96271943988614,2.1128153887363057,5.261252352930705,-0.014852682706368041,271.30576609612706,-0.049407001623514635,-0.003085692987939481,5.4166666667,5.499990083065988,-0.011561952085484951,5.499997766481014,0.02323765808918291,True,Solve_Succeeded,5,0.044757168005162384,0.04942266199941514,0.04971026999555761,True,8.855762345660878e-09,
53.4,68.112,68.083,4.483333399999999,130.1526207297568,157.42259355904565,2.1169824589690007,5.2717614945053635,0.1354831560059511,271.8429990212676,-0.050002815684446714,0.0029178947745185373,5.4166666667,5.499997766481014,0.02323765808918291,5.499554391317207,-0.026415164589801587,True,Solve_Succeeded,4,0.03902107199974125,0.04277336499944795,0.043149538003490306,True,1.8450672989445138e-08,
53.5,68.213,68.185,4.483333399999999,129.87308304118855,157.88067633515016,2.1209909646031133,5.257928841627627,0.08134324408522536,272.3796885094823,-0.047162317011286495,0.008121722329708536,5.4166666667,5.499554391317207,-0.026415164589801587,5.4999950232733035,-0.011496156984954143,True,Solve_Succeeded,4,0.03948320999916177,0.04264747100387467,0.04301407999446383,True,3.383461688599709e-08,
53.6,68.312,68.287,4.483333399999999,129.59010038662225,158.3374124516426,2.128862974883493,5.272217523257713,0.04725869156385055,272.9169642898896,-0.040205284830104326,0.01655181779083481,5.4166666667,5.4999950232733035,-0.011496156984954143,5.500000053710451,-0.01534271024417889,True,Solve_Succeeded,7,0.06342516200675163,0.06677199400292011,0.06707932200515643,True,5.3710451197730436e-08,
53.7,68.412,68.389,4.483333399999999,129.3050476584992,158.79449909095186,2.1238890871772025,5.29573326880658,-0.11699658942853826,273.45557854436305,-0.0315266720853935,0.011497180708762045,5.4166666667,5.500000053710451,-0.01534271024417889,5.499997971060468,0.02797795255982154,True,Solve_Succeeded,5,0.041999090994067956,0.045022063997748774,0.045688284997595474,True,3.5247079033240425e-08,
53.8,68.512,68.491,4.483333399999999,129.02404415317505,159.2508268621142,2.1253975895521946,5.23443930047535,0.011863129105972354,273.9914397111814,-0.026140599994970322,0.012289803602559157,5.4166666667,5.499997971060468,0.02797795255982154,5.500000052560719,-0.0008511815985902728,True,Solve_Succeeded,7,0.05601909400138538,0.05939313599810703,0.059865388000616804,True,5.256071933246176e-08,
53.9,68.612,68.593,4.483333399999999,128.74368878955178,159.70762656981518,2.1191106739546766,5.257117020350085,-0.018847144228867175,274.5273633979998,-0.02210678470483858,0.004652998349762516,5.4166666667,5.500000052560719,-0.0008511815985902728,5.500000049229474,0.024552504220241966,True,Solve_Succeeded,7,0.05335801799810724,0.0557656599994516,0.05604713500360958,True,4.9229473830791903e-08,
54.0,68.712,68.695,4.483333399999999,128.46391027337904,160.165854686991,2.1218408387604843,5.269998276264439,0.12053097418896148,275.06420642700294,-0.020200800205043078,0.005395003156495992,5.4166666667,5.500000049229474,0.024552504220241966,5.499998525461186,-0.012914947702956476,True,Solve_Succeeded,5,0.04247343499446288,0.0459216480012401,0.046331519006344024,True,8.233236453714099e-09,
54.1,68.812,68.797,4.483333399999999,128.18189548282973,160.62211749697414,2.124928399906537,5.256052767220704,0.020994465842621893,275.60053070777366,-0.016600414603284257,0.005859957995027364,5.4166666667,5.499998525461186,-0.012914947702956476,5.499734165972457,0.018666353906002884,True,Solve_Succeeded,4,0.034826237002562266,0.03790940799808595,0.0382859519959311,True,1.0692916774246441e-08,
54.2,68.912,68.899,4.483333399999999,127.89911240015655,161.07785967389924,2.127436207200613,5.261425695698429,0.0266964485744135,276.13681984503165,-0.013650404587616495,0.0051081498725600305,5.4166666667,5.499734165972457,0.018666353906002884,5.500000050016078,0.012733418680352084,True,Solve_Succeeded,7,0.05967279399919789,0.06296010400546947,0.06346992999897338,True,5.001607839005828e-08,
54.3,69.012,69.001,4.483333399999999,127.61465961979903,161.53398283639214,2.1288639287948454,5.282814694340239,0.014540941247795721,276.6743182542853,-0.011402083259798388,0.0026280549230994765,5.4166666667,5.500000050016078,0.012733418680352084,5.49999977894467,0.02504057797714724,True,Solve_Succeeded,6,0.051380493998294696,0.053869730996666476,0.05411454500426771,True,4.2096227836907474e-08,
54.4,69.112,69.103,4.483333399999999,127.33061485522002,161.98717114313703,2.1336115209403816,5.248992465108656,-0.041554295700012504,277.20911529903316,-0.010214055459371353,0.002848921154322781,5.4166666667,5.49999977894467,0.02504057797714724,5.499999620468924,0.04214252023115705,True,Solve_Succeeded,5,0.03959119800128974,0.04301786900032312,0.04345409999950789,True,3.3774432139921373e-09,
54.5,69.212,69.205,4.483333399999999,127.04463061202404,162.4409650510832,2.134915073421873,5.26550617775951,0.04421624226796429,277.7454542785623,-0.010304297157183468,-0.00102901871183958,5.4166666667,5.499999620468924,0.04214252023115705,5.499999867700469,0.02929793268319559,True,Solve_Succeeded,7,0.05386152499704622,0.05649803999403957,0.05680250099976547,True,5.1098113296177416e-08,
54.6,69.312,69.307,4.483333399999999,126.756304544961,162.8942624787233,2.142902747430677,5.256578626437858,0.09086059393329914,278.2826167078351,-0.011107930495122958,0.0011229424000203103,5.4166666667,5.499999867700469,0.02929793268319559,5.499999875107568,0.02586167070727479,True,Solve_Succeeded,6,0.05591575099970214,0.06001861700497102,0.060278380995441694,True,3.8354870390833185e-08,
54.7,69.412,69.409,4.483333399999999,126.46256395708285,163.34471008029684,2.1540363650531393,5.266846988935347,0.15188468091242138,278.820309133821,-0.009128449396728494,0.005765195576109328,5.4166666667,5.499999875107568,0.02586167070727479,5.500000054935077,0.008596201045134873,True,Solve_Succeeded,8,0.06745248399965931,0.07027673400443746,0.07057395199808525,True,5.4935076931883486e-08,
54.8,69.512,69.511,4.483333399999999,126.16330097525524,163.791416643599,2.167461028865789,5.276096163812202,0.08838570761099199,279.3579249764459,-0.004145208460160288,0.012047262631779354,5.4166666667,5.500000054935077,0.008596201045134873,5.500000053173568,0.01965431794759875,True,Solve_Succeeded,7,0.05461453900352353,0.05748075799783692,0.05771614299737848,True,5.317356777112536e-08,
54.9,69.612,69.579,4.483333399999999,125.96099878408502,164.0885362676784,2.1701559640190533,5.287645900430032,0.06007007788324424,279.71734641793364,-0.00033011775046922105,0.009602387205080554,5.4166666667,5.500000053173568,0.01965431794759875,5.499999610593842,0.02319179370261761,True,Solve_Succeeded,6,0.04866149400186259,0.05100690799736185,0.05166411500249524,True,3.679204052531304e-08,
55.0,69.712,69.681,4.483333399999999,125.65659915548717,164.5313969397236,2.176052098358255,5.219261490771906,0.17577804971618083,280.25473207643586,0.00416583209780081,0.007267563313144264,5.4166666667,5.499999610593842,0.02319179370261761,5.500000051960287,-0.004871854980770015,True,Solve_Succeeded,7,0.05945222599984845,0.06325966399890603,0.06364040699554607,True,5.196028673992714e-08,
55.1,69.812,69.783,4.483333399999999,125.34994008249122,164.97258930189577,2.1825020243263493,5.281651306900477,0.09933789087102723,280.79207546133995,0.006869722640433849,0.004831668775927334,5.4166666667,5.500000051960287,-0.004871854980770015,5.4995045512747005,0.02434424676272623,True,Solve_Succeeded,4,0.032568292001087684,0.03592179299448617,0.03616825999779394,True,1.2419292261256487e-08,
55.2,69.912,69.885,4.483333399999999,125.03857399894557,165.41302414121208,2.189888159859503,5.268789748770999,-0.010594305544136312,281.3315301817955,0.008901579884443579,0.0026372227493740574,5.4166666667,5.4995045512747005,0.02434424676272623,5.4999950762303245,0.05134003640481033,True,Solve_Succeeded,5,0.047927493003953714,0.050656546001846436,0.050917822001792956,True,1.0560979174512042e-08,
55.3,70.012,69.987,4.483333399999999,124.72462741893122,165.85257355650558,2.192629400216338,5.287677258574387,0.027133097096110212,281.8717735407224,0.008197000943433196,-0.004878365552177133,5.4166666667,5.4999950762303245,0.05134003640481033,5.500000054933958,0.05755734034349586,True,Solve_Succeeded,8,0.06327938500180608,0.06605132600088837,0.06640927400439978,True,5.4933957827074664e-08,
55.4,70.112,70.089,4.483333399999999,124.40969699644107,166.2908127196135,2.1955042269193514,5.29301779208056,0.05758429871615829,282.41147874337634,0.003344420342883168,-0.012910484487265173,5.4166666667,5.500000054933958,0.05755734034349586,5.499999701768349,0.0690456945360855,True,Solve_Succeeded,6,0.04470124700310407,0.04752810499485349,0.04777562399976887,True,2.040950519699436e-09,
55.5,70.212,70.191,4.483333399999999,124.09168724297976,166.727724902226,2.206666123639762,5.286841927431757,0.16682655152750206,282.9518124464644,-0.00431502170439875,-0.013326722429782834,5.4166666667,5.499999701768349,0.0690456945360855,5.500000048066494,0.05006924207087607,True,Solve_Succeeded,7,0.05596762799541466,0.058576428004016634,0.058834267998463474,True,4.806649389621498e-08,
55.6,70.312,70.293,4.483333399999999,123.7691751548143,167.15750527646262,2.2269671865814566,5.2274041508101785,0.25754619744260615,283.48902179540966,-0.010472059115042308,-0.005185894891810872,5.4166666667,5.500000048066494,0.05006924207087607,5.500000052010293,0.0260489857354472,True,Solve_Succeeded,7,0.06222557299770415,0.06461394100188045,0.06486610999854747,True,5.20102929613131e-08,
55.7,70.412,70.395,4.483333399999999,123.43658683375521,167.58121993189818,2.248085997685034,5.291172644562531,0.21354416266734141,284.02753696256,-0.011674661627905075,0.0031090496336831923,5.4166666667,5.500000052010293,0.0260489857354472,5.49999972926532,0.02674065828666782,True,Solve_Succeeded,5,0.04147607600316405,0.04411372100003064,0.04441130899795098,True,2.6249979079295827e-08,
55.8,70.512,70.497,4.483333399999999,123.09472611140073,167.99926263893624,2.263495483243237,5.304216896496259,0.09470205444748116,284.5674256242586,-0.009094405312109241,0.005489124498451847,5.4166666667,5.49999972926532,0.02674065828666782,5.500000052693588,0.046550093086980035,True,Solve_Succeeded,7,0.05264091600110987,0.05549119700299343,0.05607482499908656,True,5.269358815951364e-08,
55.9,70.612,70.599,4.483333399999999,122.7461547372105,168.4135579314522,2.2753325948124745,5.299678091830473,0.06327149039510178,285.1087489884268,-0.005982827350545103,0.00433982737798555,5.4166666667,5.500000052693588,0.046550093086980035,5.4999996271657245,0.04940650186349803,True,Solve_Succeeded,6,0.051587614994787145,0.054854841000633314,0.05530423900199821,True,5.907533482318525e-08,
56.0,70.712,70.701,4.483333399999999,122.39459895469503,168.82454055365227,2.281445055252551,5.304489163979975,0.053709187879889604,285.6495096880832,-0.005457768065946169,-0.0024459015690436736,5.4166666667,5.4999996271657245,0.04940650186349803,5.499994067601167,0.060175798667486506,True,Solve_Succeeded,5,0.043132922997756395,0.045640872995136306,0.04589782100083539,True,5.5518928732123385e-08,
56.1,70.812,70.803,4.483333399999999,122.03978916275173,169.23351980611707,2.29147987379339,5.303642156371366,0.10792610400443091,286.1908566221813,-0.008124911931555408,-0.005251425954109212,5.4166666667,5.499994067601167,0.060175798667486506,5.499999986087976,0.053405123077269925,True,Solve_Succeeded,7,0.06902549899677979,0.07263887600129237,0.07307962800405221,True,2.6248938134187938e-08,
56.2,70.912,70.905,4.483333399999999,121.68273959867105,169.63700710031196,2.3058124094626673,5.290723137365995,0.19996403694846093,286.7294956173154,-0.012370394031278051,-0.003626696099592319,5.4166666667,5.499999986087976,0.053405123077269925,5.4999999973922655,0.03367622950701786,True,Solve_Succeeded,6,0.05603826599690365,0.060076551999372896,0.060677048000798095,True,3.3873384097660164e-08,
56.3,71.012,71.007,4.483333399999999,121.31698682545041,170.03585373313584,2.3231221680277327,5.30861126181204,0.21078850630043244,287.27048976314984,-0.01391516905106966,0.0009851713340074397,5.4166666667,5.4999999973922655,0.03367622950701786,5.499903955799156,0.028381704970483444,True,Solve_Succeeded,4,0.043531397997867316,0.046528900995326694,0.047179827000945807,True,9.055790783918383e-08,
56.4,71.112,71.109,4.483333399999999,120.94409093801238,170.42849932272017,2.336119907744796,5.303646347951858,0.15378786288811366,287.8118227052745,-0.012865653527390643,0.001339572480991258,5.4166666667,5.499903955799156,0.028381704970483444,5.4999194713795765,0.03737125061725503,True,Solve_Succeeded,4,0.042068848000781145,0.0469564739978523,0.04742450900084805,True,7.462809747948995e-08,
56.5,71.212,71.211,4.483333399999999,120.56457915927417,170.81706596137178,2.3506837966985064,5.310449948572382,0.06798880440686611,288.3548234494076,-0.011068050684544563,0.0032807208506238084,5.4166666667,5.4999194713795765,0.03737125061725503,5.499991484640604,0.05132046712029697,True,Solve_Succeeded,5,0.05150095099816099,0.055141967997769825,0.05544186999759404,True,9.29038417446515e-08,
56.6,71.312,71.279,4.483333399999999,120.31010858974626,171.0732880041565,2.354652233549721,5.311339262716196,0.051901330535526494,288.7158498070736,-0.010642210771934368,-0.0011119807906792014,5.4166666667,5.499991484640604,0.05132046712029697,5.49999951420822,0.05943224038781718,True,Solve_Succeeded,6,0.056906609002908226,0.06019083199498709,0.060876698000356555,True,2.3117556757767943e-08,
56.7,71.412,71.381,4.483333399999999,119.92647851696918,171.4564340602051,2.360775539314693,5.311325562404596,0.08875595612825382,289.25788797488497,-0.013460125165251318,-0.007497358218498729,5.4166666667,5.49999951420822,0.05943224038781718,5.499999951870041,0.060840405618590214,True,Solve_Succeeded,7,0.05750123799953144,0.0614378009995562,0.06169698300072923,True,2.0846885995240427e-08,
56.8,71.512,71.483,4.483333399999999,119.54037454933624,171.8347789033744,2.373372757290035,5.233174937476441,0.1923995426235756,289.79825379908965,-0.017861927891955925,-0.007319975229910014,5.4166666667,5.499999951870041,0.060840405618590214,5.5000000439482,0.03776115271492809,True,Solve_Succeeded,7,0.061866587995609734,0.06459932299912907,0.0651416939945193,True,4.699815114861394e-08,
56.9,71.612,71.585,4.483333399999999,119.14852965546757,172.2086841400609,2.3910678853439453,5.325857906364073,0.18798592397660752,290.3396127645516,-0.021803099006787344,-0.0020206170770604714,5.4166666667,5.5000000439482,0.03776115271492809,5.499999883013193,0.03857877080419875,True,Maximum_CpuTime_Exceeded,6,0.06006443099613534,0.06251243799488293,0.0627603979955893,True,1.0071810052636465e-09,
57.0,71.712,71.687,4.483333399999999,118.74745469756186,172.5761226530951,2.4070825995338865,5.339582067269248,0.11628825837201358,290.88328915091114,-0.021454853953713014,0.0015890048816542546,5.4166666667,5.499999883013193,0.03857877080419875,5.4999998484454276,0.049659138967780694,True,Solve_Succeeded,6,0.04988761599815916,0.05308481200336246,0.05354609499772778,True,2.5376252210662642e-08,
57.1,71.812,71.789,4.483333399999999,118.3396613235947,172.93793221947325,2.4254247608990087,5.328443036887315,0.15817448002293918,291.4281980769709,-0.019175840116421344,0.0075383696901032415,5.4166666667,5.4999998484454276,0.049659138967780694,5.49999826305863,0.027538850237003223,True,Solve_Succeeded,5,0.0453942329986603,0.04808993900223868,0.0483343829982914,True,7.399133750141118e-09,
57.2,71.912,71.891,4.483333399999999,117.9271947713519,173.291956459212,2.4384837909444466,5.330284249757989,0.09721696227622122,291.9715383576851,-0.014694480897372249,0.008276973182879564,5.4166666667,5.49999826305863,0.027538850237003223,5.499999260534344,0.0433641909111847,True,Solve_Succeeded,6,0.05243821899784962,0.05586026000673883,0.05623775099957129,True,2.8701902188288386e-08,
57.3,72.012,71.993,4.483333399999999,117.51043821857743,173.64163542509382,2.4497861296421886,5.332252790034152,0.10638077595085836,292.51539440061936,-0.010814465866528067,0.007280253044525953,5.4166666667,5.499999260534344,0.0433641909111847,5.499999372375704,0.03505832200639008,True,Solve_Succeeded,6,0.056492856005206704,0.05914013100118609,0.059446114995807875,True,2.9972028414704255e-08,
57.4,72.112,72.095,4.483333399999999,117.09125650255791,173.98548407634436,2.4588018943201013,5.306440916921371,0.12632762896034347,293.05744277126644,-0.007571317119437511,0.004067110840971555,5.4166666667,5.499999372375704,0.03505832200639008,5.499999805453266,0.03347229200053279,True,Solve_Succeeded,5,0.04622506300074747,0.0501655620028032,0.05053856000449741,True,3.6907718659051625e-08,
57.5,72.212,72.197,4.483333399999999,116.66639109378812,174.3263373740878,2.4707894368272703,5.350659996926664,0.0874636541793573,293.60205695936685,-0.0050620016547720265,0.0037935957239207956,5.4166666667,5.499999805453266,0.03347229200053279,5.500000053764761,0.04446180308762514,True,Solve_Succeeded,7,0.06020918799913488,0.06264905900025042,0.06293553599971347,True,5.376476064355984e-08,
57.6,72.312,72.299,4.483333399999999,116.23716802412844,174.66419563143563,2.4786834272265574,5.361212617898227,0.0836034818208529,294.1482452154437,-0.004183426054654223,-0.000586757283566719,5.4166666667,5.500000053764761,0.04446180308762514,5.499932747613739,0.047265154019461915,True,Solve_Succeeded,4,0.038744969002436846,0.04210953499568859,0.042763730001752265,True,3.514472446397576e-08,
57.7,72.412,72.401,4.483333399999999,115.80374020378949,174.99733217039204,2.4945776761883134,5.346172216581245,0.1434050826445325,294.6948623202935,-0.0037004940066724164,0.0030419142082940276,5.4166666667,5.499932747613739,0.047265154019461915,5.499999360232026,0.030503637217975856,True,Solve_Succeeded,3,0.029646351998962928,0.03284797300148057,0.03314152300299611,True,2.2025250956403397e-07,
57.8,72.512,72.503,4.483333399999999,115.3663131488566,175.32323591989058,2.5073226287435224,5.349691471786692,0.10848363487526977,295.2403155997747,-0.0017259752790320737,0.0035619301504903333,5.4166666667,5.499999360232026,0.030503637217975856,5.499999618939833,0.04011163902357374,True,Solve_Succeeded,6,0.05437352399894735,0.05744995699933497,0.05829130900383461,True,5.349983928093494e-10,
57.9,72.612,72.605,4.483333399999999,114.92447369892919,175.64345512242033,2.522288606941084,5.3483978355584245,0.13150801418554686,295.7859835600638,0.0007750196741757296,0.006308828460940941,5.4166666667,5.499999618939833,0.04011163902357374,5.49999997209788,0.02513455640433009,True,Solve_Succeeded,6,0.05350457200256642,0.05751235099887708,0.058169192998320796,True,3.761212052921792e-08,
58.0,72.712,72.707,4.483333399999999,114.47999689827367,175.95689812940313,2.5322086905551155,5.345211339939912,0.14667558141011833,296.3298868811439,0.003669456447652119,0.004056113390621174,5.4166666667,5.49999997209788,0.02513455640433009,5.499999790435815,0.02073777174243201,True,Solve_Succeeded,6,0.05306183300126577,0.05610879299638327,0.056411400000797585,True,2.5018427932642362e-08,
58.1,72.812,72.809,4.483333399999999,114.03020351540965,176.26641128290655,2.543472210064153,5.362143863546988,0.026824244819370964,296.87594145082903,0.006192400476010495,0.003101586485978025,5.4166666667,5.499999790435815,0.02073777174243201,5.499987206495781,0.0460530328407733,True,Solve_Succeeded,3,0.030411886000365485,0.034753788997477386,0.03513781800575089,True,1.595184899727542e-07,
58.2,72.912,72.911,4.483333399999999,113.57781357285393,176.57343200418646,2.5467627764075633,5.367796773357032,-0.004296875151828853,297.42274993169605,0.0055722306615618765,-0.005708952254724231,5.4166666667,5.499987206495781,0.0460530328407733,5.499943425876211,0.0539507868900168,True,Solve_Succeeded,4,0.03872515200055204,0.04267812099715229,0.043180074004339986,True,2.1906808811422707e-08,
58.3,73.012,72.979,4.483333399999999,113.27530116862133,176.77803880345124,2.550096921769394,5.35259951720457,0.08319405440018277,297.78797325422727,0.0021366146678951535,-0.00999552715260954,5.4166666667,5.499943425876211,0.0539507868900168,5.500000030260127,0.040631597840794835,True,Solve_Succeeded,6,0.052704476001963485,0.05627996799739776,0.05700244699983159,True,3.076620380682016e-08,
58.4,73.112,73.081,4.483333399999999,112.82081678910427,177.0805074980515,2.5594797841772055,5.350471187386208,0.13664977891518215,298.3338668011161,-0.00391459566989654,-0.01120413813028609,5.4166666667,5.500000030260127,0.040631597840794835,5.499999981098929,0.030799082794900984,True,Solve_Succeeded,6,0.054375651001464576,0.05811245600489201,0.058362449999549426,True,1.9098915338133793e-08,
58.5,73.212,73.183,4.483333399999999,112.36282856031934,177.37687477730984,2.5762126945095516,5.343773472314375,0.1876690091052678,298.87930601887916,-0.008453877755809084,-0.0040933271005436644,5.4166666667,5.499999981098929,0.030799082794900984,5.499973877205432,0.006350108861237198,True,Solve_Succeeded,3,0.028368254999804776,0.031244136996974703,0.03164977800042834,True,1.368445570193444e-07,
58.6,73.312,73.285,4.483333399999999,111.90120914723364,177.66474043358005,2.58901365820837,5.310483573155448,0.11768600518929052,299.4232541795016,-0.008836427492450147,7.101528616537678e-05,5.4166666667,5.499973877205432,0.006350108861237198,5.4999999428863005,0.012316072827857035,True,Solve_Succeeded,6,0.05420779000269249,0.05697269200027222,0.057437780997133814,True,2.2377451003308124e-09,
58.7,73.412,73.387,4.483333399999999,111.43553074407185,177.9471554288416,2.6018863863936073,5.346047427430156,0.07115519769512718,299.9678148062726,-0.006891182579832722,0.0052583122901674875,5.4166666667,5.4999999428863005,0.012316072827857035,5.5000000534222515,0.007744793140766667,True,Solve_Succeeded,7,0.05963421300111804,0.062375046996749006,0.0629466219979804,True,5.342225151139246e-08,
58.8,73.512,73.489,4.483333399999999,110.96699324050844,178.22680029244782,2.6026402057260496,5.354321786107783,0.03751819364609736,300.5134175206695,-0.005025627710392255,-0.0007234842196712776,5.4166666667,5.5000000534222515,0.007744793140766667,5.499991408261047,0.014286784324955464,True,Solve_Succeeded,3,0.030557261998183094,0.03359560100216186,0.033857418995467015,True,3.0593831468195276e-08,
58.9,73.612,73.591,4.483333399999999,110.49757863824836,178.50493457405094,2.6078375379525642,5.343579983622528,0.03725538678014382,301.05901672837103,-0.00482534333737688,-0.001296776780512765,5.4166666667,5.499991408261047,0.014286784324955464,5.499992889580552,0.010541332676360999,True,Solve_Succeeded,3,0.030803764006122947,0.03365282299637329,0.033947445001103915,True,5.176723671951322e-08,
59.0,73.712,73.693,4.483333399999999,110.02767321607064,178.78172657712315,2.610586637733009,5.350001298020134,0.022970999873855168,301.6043563738224,-0.0061037644877698465,-0.0033522804208150347,5.4166666667,5.499992889580552,0.010541332676360999,5.499989183808801,0.01463563928059215,True,Solve_Succeeded,3,0.033692434000840876,0.03653953399771126,0.03701021899905754,True,5.434237859702762e-08,
59.1,73.812,73.795,4.483333399999999,109.55600723902542,179.0574340092292,2.616466416049605,5.346608258145246,0.06411810670818749,302.150663174692,-0.007920324565435522,-0.0013212353765417184,5.4166666667,5.499989183808801,0.01463563928059215,5.499999680030253,-0.0007787773556722346,True,Solve_Succeeded,5,0.049001725994457956,0.052767059998586774,0.05306426800234476,True,9.855300575623005e-09,
59.2,73.912,73.897,4.483333399999999,109.08466596952064,179.32902622343713,2.6208092466705404,5.335673891968261,0.15581208715051365,302.6946300204311,-0.008168390722186388,0.000147166558025269,5.4166666667,5.499999680030253,-0.0007787773556722346,5.5000000224641585,-0.026788281514574748,True,Solve_Succeeded,5,0.04340542900172295,0.047163404000457376,0.04752527899836423,True,2.246415853335293e-08,
59.3,74.012,73.999,4.483333399999999,108.61050223660398,179.5966469985944,2.632540839454493,5.341410139895682,0.06409799812074375,303.23908150992213,-0.004871963491287884,0.009957726733850869,5.4166666667,5.5000000224641585,-0.026788281514574748,5.499971785462792,-0.01757392379887258,True,Solve_Succeeded,4,0.03978951700264588,0.043423356997664087,0.043702239003323484,True,1.3884077887382773e-08,
59.4,74.112,74.101,4.483333399999999,108.13455296951908,179.8614251603454,2.6319648150060257,5.345664254438967,-0.08463226414174795,303.7836899382431,0.0009874995633664407,0.008343688345662681,5.4166666667,5.499971785462792,-0.01757392379887258,5.499996384398552,0.010694068256938952,True,Solve_Succeeded,3,0.03643533300055424,0.04115170599834528,0.04166537200217135,True,2.8898576864833103e-08,
59.5,74.212,74.203,4.483333399999999,107.65905707543551,180.12822128309435,2.6289318480026242,5.336529330315541,0.004823699670900974,304.328912563769,0.0043730956309498735,0.0044138378512155185,5.4166666667,5.499996384398552,0.010694068256938952,5.49933355502662,-0.009256679244882443,True,Solve_Succeeded,4,0.04627621099643875,0.05168358299852116,0.05245577100140508,True,5.885465448329796e-09,
59.6,74.312,74.305,4.483333399999999,107.18435747414586,180.39547203600145,2.6283741614875193,5.345227613052986,-0.010623724055193495,304.8736729918077,0.0064670468439243355,0.0029078175686070296,5.4166666667,5.49933355502662,-0.009256679244882443,5.499509590771385,0.0036361803213186532,True,Solve_Succeeded,3,0.035696786995686125,0.0401359509996837,0.04070778199820779,True,1.9747898427624477e-08,
59.7,74.413,74.407,4.483333399999999,106.70914887573458,180.66398993961147,2.62722065609345,5.351598846749442,0.004457362789042988,305.41950452809095,0.007178207345765143,0.0007517579694775733,5.4166666667,5.499509590771385,0.0036361803213186532,5.499995352681045,-0.0005513207902780488,True,Maximum_CpuTime_Exceeded,4,0.07209922000038205,0.07599214600486448,0.07637405000423314,True,1.1860326587509462e-07,
59.8,74.512,74.509,4.483333399999999,106.23535430092983,180.93160499985677,2.626656913366939,5.348825329526105,0.0006126271890039406,305.963662081851,0.007418681192294109,-0.0008636467296705419,5.4166666667,5.499995352681045,-0.0005513207902780488,5.49999763081986,0.004211584461384246,True,Solve_Succeeded,3,0.04213294500368647,0.047711092003737576,0.04811560199595988,True,3.6507423750720136e-08,
59.9,74.612,74.611,4.483333399999999,105.76001077092928,181.20052075770323,2.6268910909271406,5.359008968240761,0.0033126505698063977,306.5098078579586,0.006699596206058054,-0.0017373806284974869,5.4166666667,5.49999763081986,0.004211584461384246,5.499994554999945,0.004916704634361495,True,Solve_Succeeded,2,0.03322903299704194,0.03704163600195898,0.03767940699617611,True,8.831161713018787e-07,
60.0,74.712,74.679,4.483333399999999,105.44283576043738,181.38034812215574,2.6244413904654555,5.33187653764482,-0.050202472724670065,306.87441716545743,0.005535166676915453,-0.004955963593210377,5.4166666667,5.499994554999945,0.004916704634361495,5.49989761999578,0.02432205614643871,True,Solve_Succeeded,4,0.05165283200039994,0.05710276400350267,0.05829703900235472,True,6.083995529593267e-09,
60.1,74.812,74.781,4.483333399999999,104.96707454731529,181.65055852992086,2.6263755811765552,5.34999408606833,0.10200294044836156,307.4215557737416,0.0028421787446002477,-0.004219507496953766,5.4166666667,5.49989761999578,0.02432205614643871,5.499164840795577,-0.015440479947362024,True,Solve_Succeeded,3,0.040020396998443175,0.045215692996862344,0.04565126200031955,True,2.8782275453970163e-06,
60.2,74.912,74.883,4.483333399999999,104.49064063693139,181.91699477110262,2.636435288869898,5.354638982012233,0.0884598172729136,307.96743264789615,0.0031020397146325797,0.004592654128274365,5.4166666667,5.499164840795577,-0.015440479947362024,5.499989848625727,-0.016279459608301086,True,Solve_Succeeded,3,0.03978800500044599,0.04371682300552493,0.044566307005879935,True,4.54205109079453e-08,
60.3,75.012,74.985,4.483333399999999,104.0111951201833,182.17990155393497,2.6432426998753864,5.357264909670684,0.05792030013471864,308.5142218823517,0.007215663112982221,0.010097762090257145,5.4166666667,5.499989848625727,-0.016279459608301086,5.499987011517343,-0.02090518549109238,True,Solve_Succeeded,3,0.039630330000363756,0.044509104001917876,0.04508979200181784,True,8.551604935291834e-08,
60.4,75.112,75.087,4.483333399999999,103.53210682823531,182.43927583004603,2.647659527717292,5.353899428434427,0.012108329020084544,309.058993594406,0.013517270279225706,0.013164638538332163,5.4166666667,5.499987011517343,-0.02090518549109238,5.499984083296086,-0.01765573325534406,True,Solve_Succeeded,3,0.0432477580034174,0.04756246799661312,0.04806964999443153,True,5.610149145240939e-08,
60.5,75.212,75.189,4.483333399999999,103.05087710694,182.69806804707878,2.6479954212091714,5.3603180198461935,-0.01759442106615482,309.6053738485811,0.020615741969478265,0.01209397499632825,5.4166666667,5.499984083296086,-0.01765573325534406,5.499988786355755,-0.01395161706688892,True,Solve_Succeeded,3,0.03654876600194257,0.04232479199708905,0.04357435800193343,True,2.8814047148273403e-08,
60.6,75.312,75.291,4.483333399999999,102.57011036399331,182.95873298665165,2.6383784433776554,5.350585946339797,-0.11848932446518531,310.1522738554116,0.025067971643258212,0.0010162970519282943,5.4166666667,5.499988786355755,-0.01395161706688892,5.49906491814699,0.020236556173104187,True,Solve_Succeeded,4,0.05000779900001362,0.05519052899762755,0.056099146997439675,True,1.3492661488090363e-08,
60.7,75.412,75.393,4.483333399999999,102.0911495578352,183.2233403045651,2.6347480929912677,5.352392222783525,0.01893240544701433,310.6995042014372,0.02438219545619051,-0.004128547928451187,5.4166666667,5.49906491814699,0.020236556173104187,5.499162575720964,-0.004593843423534628,True,Solve_Succeeded,3,0.04171136599325109,0.045587956003146246,0.04599626300478121,True,2.051992353813148e-08,
60.8,75.512,75.495,4.483333399999999,101.61343188485979,183.48799558344584,2.6365888440127847,5.357491727758945,0.018002252237153953,311.24566455837424,0.022217935208023405,-0.0038267606885931116,5.4166666667,5.499162575720964,-0.004593843423534628,5.499938906057361,0.005102445881105216,True,Solve_Succeeded,3,0.03847377999773016,0.04275775499991141,0.043099179994896986,True,2.845173110443966e-07,
60.9,75.612,75.597,4.483333399999999,101.13464658775646,183.75250782393837,2.6377652903577435,5.360969433927418,0.030391149341198843,311.79268532752667,0.019853806188084907,-0.004178291171261339,5.4166666667,5.499938906057361,0.005102445881105216,5.499977760495604,-0.0002938253161192231,True,Solve_Succeeded,2,0.027048504998674616,0.03167415500502102,0.03202949700062163,True,3.665709868982958e-07,
61.0,75.712,75.699,4.483333399999999,100.65707030873116,184.01463829872353,2.6408565334112253,5.357814464241373,0.05489024678224519,312.33749718301806,0.018172382285895912,-0.002594968546486332,5.4166666667,5.499977760495604,-0.0002938253161192231,5.499996902827186,-0.0074101682136730644,True,Solve_Succeeded,3,0.03844581000157632,0.04235690299537964,0.04299074500158895,True,2.8777576766003676e-08,
61.1,75.812,75.801,4.483333399999999,100.17659844471444,184.27602556889968,2.6456218967009324,5.366102614573781,0.04175699033901554,312.88449425281186,0.017706348820808716,0.0006703720116192358,5.4166666667,5.499996902827186,-0.0074101682136730644,5.499994554999945,-0.0071810517136055955,True,Solve_Succeeded,2,0.020305281002947595,0.024267911998322234,0.02465509700414259,True,1.0540179156137697e-06,
61.2,75.912,75.903,4.483333399999999,99.69445525121382,184.53674502709012,2.6433201885807636,5.4367909493238065,-0.07492123556781424,313.43264179401916,0.017805438114525493,-0.0031204920418650417,5.4166666667,5.499994554999945,-0.0071810517136055955,5.476801672877296,0.022211309938801032,True,Solve_Succeeded,3,0.03646407800260931,0.03951197399874218,0.04012799599877326,True,8.593136818779712e-08,
61.3,76.012,76.005,4.483333399999999,99.21445644029065,184.7984607537701,2.6437931788227846,5.356788332858967,0.028695055442591,313.9793718829902,0.015198672980143076,-0.004118821492072655,5.4166666667,5.476801672877296,0.022211309938801032,5.488890266214289,-0.002070291848914009,True,Solve_Succeeded,3,0.0377868639989174,0.04390652800066164,0.04471944899705704,True,5.267483804867468e-08,
61.4,76.112,76.107,4.483333399999999,98.73418041525451,185.05955572481392,2.6433984641912738,5.363018435071922,-0.0034049676127989323,314.52604389765304,0.01246942688463474,-0.005970731431242715,5.4166666667,5.488890266214289,-0.002070291848914009,5.494193872209582,0.015526630528489887,True,Solve_Succeeded,3,0.03369372399902204,0.03683747500326717,0.03718124399892986,True,2.5209588194741173e-08,
61.5,76.212,76.209,4.483333399999999,98.25308850945956,185.32100615389587,2.6453749398844244,5.392176483679509,0.03765908920546045,315.07359380707555,0.009018463666104867,-0.005439787500371995,5.4166666667,5.494193872209582,0.015526630528489887,5.487237926354836,0.002127659517833181,True,Solve_Succeeded,3,0.03398698400269495,0.037400978995719925,0.03782528600277146,True,1.4052658592333955e-08,
61.6,76.312,76.311,4.483333399999999,97.77359941246299,185.57958427849962,2.6477253655132555,5.3614958428681705,0.023001156741971746,315.61836765611326,0.006561673901800256,-0.004513654123795341,5.4166666667,5.487237926354836,0.002127659517833181,5.4922890989783895,0.00859426041587039,True,Solve_Succeeded,2,0.025620543005061336,0.029286430995853152,0.02986363299714867,True,1.8992668406880853e-06,
61.7,76.412,76.379,4.483333399999999,97.45229751122079,185.75225588439136,2.649151973393938,5.366380019906593,0.018815595082675992,315.9831305909192,0.005012365238441983,-0.00403294972831203,5.4166666667,5.4922890989783895,0.00859426041587039,5.494852147252592,0.007254386657642493,True,Solve_Succeeded,2,0.021209727994573768,0.02448710399767151,0.0250090600020485,True,1.440848604872258e-07,
61.8,76.512,76.481,4.483333399999999,96.96961188995769,186.0106140670895,2.652134560623022,5.372204090329983,-0.034099619566361386,316.5306124168766,0.002960989037107642,-0.0024584149421738033,5.4166666667,5.494852147252592,0.007254386657642493,5.495118993024312,0.02106807207740597,True,Solve_Succeeded,3,0.030641512996226083,0.03378647199861007,0.03432464999787044,True,2.149912781135299e-08,
61.9,76.612,76.583,4.483333399999999,96.48651575564921,186.26793948450234,2.6516173248705623,5.352947752207293,0.04637126168762565,317.07796839839307,0.0012475560642179803,-0.004369366328639047,5.4166666667,5.495118993024312,0.02106807207740597,5.498184662157938,-9.656538681097261e-05,True,Solve_Succeeded,3,0.02847331099474104,0.032436650995805394,0.03278376699745422,True,1.3605964088725386e-07,
62.0,76.712,76.685,4.483333399999999,96.00427261538631,186.52381021924526,2.655754694302116,5.353072972180216,0.036659443894338804,317.6238864424874,-0.000334536617559386,-0.0016080937441191878,5.4166666667,5.498184662157938,-9.656538681097261e-05,5.4996877440437935,0.00505150185945368,True,Solve_Succeeded,3,0.030385668003873434,0.033750472000974696,0.0340668069984531,True,9.747722629072086e-09,
62.1,76.812,76.787,4.483333399999999,95.52096531859756,186.77849960292716,2.6580882537917065,5.354316176558586,0.06348042576876746,318.17019309961825,-0.0011236606932338911,-0.0006376560049585756,5.4166666667,5.4996877440437935,0.00505150185945368,5.499867085944695,-0.007187215182152319,True,Solve_Succeeded,3,0.026521063002292067,0.02940852800384164,0.029809409999870695,True,5.395630608973079e-09,
62.2,76.912,76.889,4.483333399999999,95.03917348512635,187.03088600176645,2.6589489027820687,5.350937515259971,-0.03573900550024604,318.7140869238297,-0.0013143885055708943,-0.001120240627343616,5.4166666667,5.499867085944695,-0.007187215182152319,5.499971521454139,0.019145468291483288,True,Solve_Succeeded,4,0.04045073400629917,0.04391965399554465,0.044424762003473006,True,2.8080155492493653e-08,
62.3,77.012,76.991,4.483333399999999,94.55571880564506,187.28517362714717,2.6561148452080783,5.360704943684125,-0.002057721865821416,319.26033233078186,-0.003149991343035862,-0.005289412341719313,5.4166666667,5.499971521454139,0.019145468291483288,5.499988031103738,0.011031285141912364,True,Solve_Succeeded,3,0.029750718000286724,0.032786787996883504,0.033085287999711,True,2.1142284367670072e-08,
62.4,77.112,77.093,4.483333399999999,94.07090530953991,187.53997181382178,2.6566079712149504,5.377812621434651,-0.031222705177920747,319.8080131525875,-0.0055381075371349585,-0.006120896763801119,5.4166666667,5.499988031103738,0.011031285141912364,5.496884789006798,0.02618830256074082,True,Solve_Succeeded,3,0.03345561300375266,0.037483562002307735,0.03787139799533179,True,2.191864378886521e-08,
62.5,77.212,77.195,4.483333399999999,93.5884923661838,187.79274863215946,2.662233049066934,5.338827259993561,0.047572937859537895,320.35262584867223,-0.007955947383169439,-0.0017990963550067463,5.4166666667,5.496884789006798,0.02618830256074082,5.4992137469632505,0.001637763518823708,True,Solve_Succeeded,4,0.03759646400430938,0.04190189099608688,0.04234402500151191,True,4.766319783300332e-09,
62.6,77.312,77.297,4.483333399999999,93.10494450860544,188.0428086373183,2.6660808694093947,5.337940444108353,0.005166547409147315,320.8969945192717,-0.00814500354135897,0.0007603453313378417,5.4166666667,5.4992137469632505,0.001637763518823708,5.499135815704782,0.013482218088467978,True,Solve_Succeeded,3,0.03130807399429614,0.03482444999826839,0.035181644998374395,True,2.5763796429600916e-08,
62.7,77.412,77.399,4.483333399999999,92.6205009180551,188.29177450781208,2.66940719763741,5.274032229824555,0.09293807037595024,321.44165845610354,-0.007639878032210743,0.002857145110871429,5.4166666667,5.499135815704782,0.013482218088467978,5.499618736971746,-0.017770344019945265,True,Solve_Succeeded,4,0.03804439699888462,0.041232901996409055,0.04148020999855362,True,1.994002207794665e-08,
62.8,77.512,77.501,4.483333399999999,92.13736281371844,188.53783232705294,2.6731916828619102,5.337297361924439,0.02951680917255546,321.9838348145207,-0.005788253822928191,0.005506725093062492,5.4166666667,5.499618736971746,-0.017770344019945265,5.499958436702652,-0.003620936428869791,True,Solve_Succeeded,4,0.03871263100154465,0.04141464799613459,0.04170354899542872,True,5.6881273025055634e-09,
62.9,77.612,77.603,4.483333399999999,91.65072646107411,188.78310390192615,2.6773308164696963,5.347022111441728,0.07671310304029617,322.52877137947127,-0.0022346910380930617,0.008594685381322353,5.4166666667,5.499958436702652,-0.003620936428869791,5.4993158046738415,-0.026888688705057086,True,Solve_Succeeded,3,0.02908012399711879,0.032353526999941096,0.032796403000247665,True,3.7646373116095866e-08,
63.0,77.712,77.705,4.483333399999999,91.16258221071807,189.02720499474805,2.674358525723589,5.308532693780931,-0.005337489006723641,323.0745257860054,0.002498505277298104,0.004659603367120901,5.4166666667,5.4993158046738415,-0.026888688705057086,5.499691027942559,-0.0029030292874242486,True,Solve_Succeeded,3,0.032875067001441494,0.03617606099578552,0.03644890000578016,True,1.2996992992952983e-07,
63.1,77.812,77.807,4.483333399999999,90.67654396193531,189.27120496350858,2.676060879213987,5.332419531849635,-0.028377113571529746,323.61836563094187,0.005865232120955216,0.005492112045672126,5.4166666667,5.499691027942559,-0.0029030292874242486,5.49998076377653,-0.004087035421200768,True,Solve_Succeeded,3,0.027781238000898156,0.031161477003479376,0.03179046000150265,True,1.1721369652661906e-07,
63.2,77.912,77.909,4.483333399999999,90.19073412248049,189.5166196324128,2.6714875879865123,5.363567228917142,-0.07855490003626711,324.1626475396547,0.0074185788680233246,0.00013779927329293784,5.4166666667,5.49998076377653,-0.004087035421200768,5.499979242476895,0.014586144422237202,True,Solve_Succeeded,3,0.027179278004041407,0.03070968899555737,0.031180780999420676,True,2.1251488568907462e-08,
63.3,78.012,78.011,4.483333399999999,89.70715989418872,189.76303722655723,2.6703384960451615,5.288305582917076,0.008834522226766332,324.70539092884684,0.006665243819698751,-0.0017009142956609935,5.4166666667,5.499979242476895,0.014586144422237202,5.49988409466448,-0.0035840906726609923,True,Solve_Succeeded,4,0.03456236700003501,0.03809530199941946,0.03841218799789203,True,2.452334246783039e-08,
63.4,78.112,78.079,4.483333399999999,89.38461830886018,189.9278651695884,2.6687579280613702,5.333906674483252,-0.01628709110222135,325.06760895173534,0.005547138913989084,-0.003692168432251286,5.4166666667,5.49988409466448,-0.0035840906726609923,5.499223223768239,0.012097237230712371,True,Solve_Succeeded,3,0.028503864996309858,0.032372745001339354,0.0327468140021665,True,2.824520262123542e-08,
63.5,78.212,78.181,4.483333399999999,88.89958368910337,190.17580162525388,2.6712615001391016,5.345494048410156,0.09256560548029132,325.61233801905473,0.003541364377448546,-0.0017315282246852526,5.4166666667,5.499223223768239,0.012097237230712371,5.499282009022679,-0.022117978450235547,True,Solve_Succeeded,3,0.03279722300067078,0.03779184199811425,0.03826060800201958,True,4.3011049374874766e-08,
63.6,78.312,78.283,4.483333399999999,88.4128877159977,190.42200432407242,2.6716251556075767,5.312006535188513,0.0001316975864979453,326.157764917381,0.0035611480233600245,-0.0018216170669806966,5.4166666667,5.499282009022679,-0.022117978450235547,5.499991213468373,0.004266756142697734,True,Solve_Succeeded,5,0.053024218999780715,0.057113974005915225,0.05760729299800005,True,4.207147608070727e-08,
63.7,78.412,78.385,4.483333399999999,87.92714136938936,190.66700718262535,2.6764099421653955,5.3386563032670145,0.012496696736481796,326.7018027963491,0.004000721374356404,0.0026001676011939705,5.4166666667,5.499991213468373,0.004266756142697734,5.499166921722616,-0.010198374937868118,True,Solve_Succeeded,4,0.04757966199395014,0.051553673001762945,0.052183105995936785,True,7.075450447757703e-09,
63.8,78.512,78.487,4.483333399999999,87.44019014229984,190.912020201751,2.674279794360181,5.389760050056883,-0.03899973375336289,327.2469207161758,0.004801069589915978,0.000196022334324919,5.4166666667,5.499166921722616,-0.010198374937868118,5.4901745083179545,0.008033818544501647,True,Solve_Succeeded,3,0.03225732700229855,0.03640100500342669,0.03679440099949716,True,2.206842619756344e-08,
63.9,78.612,78.589,4.483333399999999,86.95364184370179,191.15714730483433,2.6758349698146726,5.3251144560921215,0.07886530070823594,327.7917302149842,0.005193162225122049,0.0015670753929728498,5.4166666667,5.4901745083179545,0.008033818544501647,5.499533275003193,-0.026238869540135972,True,Solve_Succeeded,7,0.06831539899576455,0.07260810599836987,0.0733870640033274,True,5.014362347566248e-08,
64.0,78.712,78.691,4.483333399999999,86.46782702359218,191.40175601206008,2.675785489983408,5.3468115580037585,0.008679547624207721,328.33565099094614,0.0056418357695201034,0.001423227603927657,5.4166666667,5.499533275003193,-0.026238869540135972,5.499012877010509,-0.0045167259576955115,True,Solve_Succeeded,3,0.03833892400143668,0.04254330199910328,0.04293825200147694,True,1.1543623834597838e-08,
64.1,78.812,78.793,4.483333399999999,85.97974920030612,191.6466800411849,2.6782122756479696,5.358645828186114,0.00998014331830364,328.88173378768533,0.006801238311825667,0.003845160149648308,5.4166666667,5.499012877010509,-0.0045167259576955115,5.499939425607887,-0.01269109335828143,True,Solve_Succeeded,3,0.028449844001443125,0.0316087309984141,0.032149974002095405,True,2.9954231095530304e-08,
64.2,78.912,78.895,4.483333399999999,85.49162652610218,191.89161054594013,2.674124931695828,5.333856354217104,0.0036628840485591345,329.4278588367605,0.007997000058074766,-0.00015698681785991653,5.4166666667,5.499939425607887,-0.01269109335828143,5.499992858384905,-0.004495448856767476,True,Solve_Succeeded,4,0.03850412400061032,0.04157973600376863,0.04190801500226371,True,1.4195567388242125e-08,
64.3,79.012,78.997,4.483333399999999,85.00464804308007,192.13683223176304,2.6758967348662788,5.348848417726838,0.0008122529875289375,329.9730926414476,0.008488312659193328,0.0017896763945950411,5.4166666667,5.499992858384905,-0.004495448856767476,5.499993824350018,-0.0028220208356311213,True,Solve_Succeeded,3,0.030866813998727594,0.034380921999400016,0.03482970900222426,True,5.213848197627158e-08,
64.4,79.112,79.099,4.483333399999999,84.51704954243365,192.38301371008887,2.6721787824002505,5.377548651282719,0.00445267965307085,330.5193116042227,0.008522275766878236,-0.0016631630120387264,5.4166666667,5.499993824350018,-0.0028220208356311213,5.496154066418505,0.0032696956175241195,True,Solve_Succeeded,2,0.01966268500109436,0.022539233999850694,0.023041847998683807,True,3.44387505180066e-07,
64.5,79.212,79.201,4.483333399999999,84.0314719887422,192.6293667751258,2.674385290454118,5.321303064100639,0.009146380695417787,331.0638070557527,0.007580643400498993,0.00044490101379990327,5.4166666667,5.496154066418505,0.0032696956175241195,5.500000039933263,0.00599063474433389,True,Solve_Succeeded,6,0.050445974004105665,0.05344652399799088,0.05396776300040074,True,4.5194947340121416e-08,
64.6,79.312,79.303,4.483333399999999,83.54380923062266,192.87498761366734,2.6756450964279392,5.360795878141962,0.01765838937578988,331.60984062641376,0.007942832005481416,0.0007399458871648612,5.4166666667,5.500000039933263,0.00599063474433389,5.499914195402552,0.008654078153535054,True,Solve_Succeeded,2,0.024236427001596894,0.027590609999606386,0.027876854997884948,True,5.243406508981252e-08,
64.7,79.412,79.405,4.483333399999999,83.0546410863551,193.12012479378112,2.678731138994076,5.363426851965508,-0.01972717931289497,332.1570097330081,0.00864852246570393,0.001988741274957295,5.4166666667,5.499914195402552,0.008654078153535054,5.499999585113851,0.02246820343716148,True,Solve_Succeeded,5,0.04777052399731474,0.050934054001118056,0.05127942599938251,True,4.07511207001221e-08,
64.8,79.512,79.507,4.483333399999999,82.56466347284672,193.36380412929012,2.681865250931823,5.356128200838835,0.0411408969918282,332.7042610479238,0.009776260082020512,0.0024131677950709474,5.4166666667,5.499999585113851,0.02246820343716148,5.500000038612023,0.00979465211055021,True,Solve_Succeeded,5,0.05131224099750398,0.055369784000504296,0.055748872000549454,True,3.861202291233212e-08,
64.9,79.612,79.609,4.483333399999999,82.0742876936403,193.60541986259545,2.6855421967386888,5.36213296817516,0.030812780535891867,333.2509657242422,0.011208978258533127,0.0025113219149637267,5.4166666667,5.500000038612023,0.00979465211055021,5.499637658717524,0.020487819163636862,True,Solve_Succeeded,3,0.03291931900457712,0.038022337001166306,0.03848499200103106,True,4.4962957801431e-09,
65.0,79.713,79.711,4.483333399999999,81.58240778394331,193.84566853480712,2.690257662238723,5.36055296332353,0.03998877029511087,333.7984344871569,0.012335144343907017,0.0027686828139041886,5.4166666667,5.499637658717524,0.020487819163636862,5.499997740092949,0.019272079815921026,True,Solve_Succeeded,3,0.04114614499849267,0.04498739799601026,0.04567137000412913,True,2.6129884922454494e-08,
65.1,79.812,79.779,4.483333399999999,81.25492876230031,194.00359810816846,2.694851054196696,5.348247769068393,0.18762233849487261,334.1620489436074,0.013447436014383831,0.0039170071000596,5.4166666667,5.499997740092949,0.019272079815921026,5.498985666251897,-0.017212534266949867,True,Solve_Succeeded,4,0.050858414004324004,0.05711344500014093,0.05833268699643668,True,8.601881873460115e-09,
65.2,79.912,79.881,4.483333399999999,80.76198952161346,194.23728221308207,2.7028060868418837,5.36003527516608,0.08456369419472433,334.70765515561914,0.016229819274378256,0.005976924533511507,5.4166666667,5.498985666251897,-0.017212534266949867,5.499627723084703,0.010929599486534129,True,Solve_Succeeded,3,0.03332283099734923,0.03853782000078354,0.03914699400047539,True,4.101812864365506e-08,
65.3,80.012,79.983,4.483333399999999,80.26603880775056,194.46782746585464,2.709492901328885,5.360236646437669,-0.015245973463190348,335.2546844291201,0.019678187512569,0.005877980331472355,5.4166666667,5.499627723084703,0.010929599486534129,5.49999982047707,0.0332980581256026,True,Solve_Succeeded,6,0.0662616240006173,0.07282945099723293,0.07409574100165628,True,5.342989606305082e-08,
65.4,80.112,80.085,4.483333399999999,79.76857317229081,194.696657338833,2.7107355526681447,5.3577772735268345,-0.0002716404511374559,335.8024128221099,0.021366322516267494,-0.0005524121676003801,5.4166666667,5.49999982047707,0.0332980581256026,5.499998964420004,0.041333507046557305,True,Solve_Succeeded,5,0.05946010399929946,0.06358165499841562,0.06472842999937711,True,5.192218943857185e-09,
65.5,80.212,80.187,4.483333399999999,79.27189762536273,194.92508775016438,2.7103328842203096,5.361364956104628,-0.004770582093144018,336.34926572341544,0.018653181594214117,-0.009492775432052625,5.4166666667,5.499998964420004,0.041333507046557305,5.4999867609056565,0.060679038521626774,True,Solve_Succeeded,5,0.05655910299537936,0.061383608997857664,0.06209599600697402,True,1.6461111612686707e-08,
65.6,80.312,80.289,4.483333399999999,78.77461331217867,195.15352053338376,2.713704634322618,5.352239232657743,0.08959264625769509,336.8965999221909,0.011275652208884551,-0.015542494645111038,5.4166666667,5.4999867609056565,0.060679038521626774,5.499998348575,0.05128796624037687,True,Solve_Succeeded,3,0.033980730004259385,0.03926674499962246,0.03976523999881465,True,5.63151909105386e-07,
65.7,80.412,80.391,4.483333399999999,78.27839941687128,195.37646184932126,2.728144404125247,5.282617094078844,0.22162401360668008,337.4406098142583,0.003145343497989129,-0.011257269882824607,5.4166666667,5.499998348575,0.05128796624037687,5.499994502253922,0.02133165450801025,True,Maximum_CpuTime_Exceeded,5,0.06206409500009613,0.06715982999594416,0.06766215200332226,True,1.4814784332628506e-07,
65.8,80.513,80.493,4.483333399999999,77.7782079599403,195.59143846866056,2.7454795634230122,5.346860493704393,0.2028873061686333,337.9850303749025,-0.0016972485251188262,-0.004261866393234559,5.4166666667,5.499994502253922,0.02133165450801025,5.4997943237589935,0.02088967309491729,True,Solve_Succeeded,4,0.056804788000590634,0.06166990100609837,0.062307560998306144,True,1.2168778873444808e-08,
65.9,80.612,80.595,4.483333399999999,77.2735409000719,195.79746545672026,2.7620682810530854,5.350988905476671,0.1465323535159529,338.53011405992464,-0.002207944678424525,0.001927701337369303,5.4166666667,5.4997943237589935,0.02088967309491729,5.499993485004625,0.023843753925931542,True,Maximum_CpuTime_Exceeded,5,0.06252577600389486,0.06643350300146267,0.06673819400020875,True,8.085299540994129e-09,
66.0,80.712,80.697,4.483333399999999,76.76408816533578,195.99724124717997,2.7724959645338276,5.351112841135804,0.06975197517325077,339.07732136018416,-0.0008390011061916111,0.0018671846436224548,5.4166666667,5.499993485004625,0.023843753925931542,5.499944718032279,0.038476689584400495,True,Solve_Succeeded,4,0.05242745999566978,0.05766323500574799,0.05805874599900562,True,3.010474181053269e-08,
66.1,80.812,80.799,4.483333399999999,76.25402047994734,196.192688036222,2.778808581162541,5.38694793435741,0.05711438735031072,339.6235455843046,-0.0009552081491829197,-0.0023394423714888646,5.4166666667,5.499944718032279,0.038476689584400495,5.499855411714185,0.04446726852810884,True,Solve_Succeeded,2,0.02323163199616829,0.02714841199485818,0.027548892998311203,True,1.803974027936306e-07,
66.2,80.912,80.901,4.483333399999999,75.74246776987606,196.38485030224177,2.784997066369169,5.355623942881599,0.04005758279048216,340.16997567488903,-0.0032363354154719584,-0.006725372440971266,5.4166666667,5.499855411714185,0.04446726852810884,5.499990328221398,0.0572386044446921,True,Solve_Succeeded,4,0.04616325200186111,0.04947577200073283,0.05009987599623855,True,5.985384632367641e-09,
66.3,81.012,81.003,4.483333399999999,75.2317864617303,196.5732744338934,2.7963633891695374,5.346818230475998,0.12325344708915108,340.71423040608624,-0.008074337054624013,-0.005943555169058978,5.4166666667,5.499990328221398,0.0572386044446921,5.49999923585497,0.040409035062388195,True,Solve_Succeeded,5,0.0640858710030443,0.06921407600020757,0.07011439699999755,True,5.579776640729506e-10,
66.4,81.112,81.105,4.483333399999999,74.71630658466891,196.75495473543864,2.811756632115003,5.363291639259233,0.17504406506007109,341.2606852964514,-0.010755238269263827,-0.0012312326316248345,5.4166666667,5.49999923585497,0.040409035062388195,5.499993613380684,0.0290492981929493,True,Solve_Succeeded,3,0.040530886995838955,0.04502908100403147,0.04547920000186423,True,8.687300478982252e-08,
66.5,81.213,81.207,4.483333399999999,74.19783746441288,196.9282385405936,2.828214867578174,5.366182992542577,0.18351262111816893,341.8072346391244,-0.010377821599515459,0.004489314238189212,5.4166666667,5.499993613380684,0.0290492981929493,5.4999814532280356,0.019584811680659366,True,Solve_Succeeded,4,0.04467088100500405,0.04861104900192004,0.04906887399556581,True,1.3954208455402295e-08,
66.6,81.312,81.309,4.483333399999999,73.674906133643,197.09322912772265,2.842400323041046,5.362093661505455,0.10585651664324701,342.35547455115534,-0.006631187161016606,0.007847564511000549,5.4166666667,5.4999814532280356,0.019584811680659366,5.499991088199357,0.031118851844661642,True,Solve_Succeeded,3,0.031058857995958533,0.0365293950017076,0.03731037100078538,True,6.890769732592616e-07,
66.7,81.412,81.411,4.483333399999999,73.15110916126869,197.25201850660426,2.8518276077088567,5.362287361928199,0.07548556353676245,342.90274893568966,-0.0026535441369705216,0.006409413726198743,5.4166666667,5.499991088199357,0.031118851844661642,5.499989678590914,0.03286749712380434,True,Solve_Succeeded,3,0.030257559999881778,0.033965726994210854,0.034465374003048055,True,1.0607249514293926e-06,
66.8,81.512,81.479,4.483333399999999,72.80134702497601,197.35549447685702,2.8554472988442927,5.363549336123281,0.017617080480964185,343.26748017749236,-0.0008670883854417765,0.0027555490900676993,5.4166666667,5.499989678590914,0.03286749712380434,5.499988228465593,0.053206957686333045,True,Solve_Succeeded,5,0.04668400600348832,0.049248178002017085,0.050158537000243086,True,1.323023234023335e-08,
66.9,81.612,81.581,4.483333399999999,72.2773384718373,197.50879093704995,2.8605827669587174,5.298087171468097,0.0982276767843872,343.81344094118435,-0.0015039956067735688,-0.0030456000441909654,5.4166666667,5.499988228465593,0.053206957686333045,5.499999925559799,0.03885737052207726,True,Solve_Succeeded,6,0.05219010000291746,0.055623264001042116,0.05603824399440782,True,1.2191350151624647e-09,
67.0,81.713,81.683,4.483333399999999,71.75120314301427,197.6586213022285,2.870920867428646,5.374685099830255,0.1427639716577814,344.3604588560253,-0.004223478242332192,-0.003726096335600282,5.4166666667,5.499999925559799,0.03885737052207726,5.499868556953671,0.03566096879622817,True,Solve_Succeeded,2,0.021559854001679923,0.025012650999997277,0.02524427999742329,True,8.603391064843091e-08,
67.1,81.812,81.785,4.483333399999999,71.22203927848759,197.80165199111008,2.88591326252012,5.377456739244787,0.18841583346421764,344.90855845001465,-0.005642587046071504,0.00016088191002072702,5.4166666667,5.499868556953671,0.03566096879622817,5.499994251390211,0.0199208710040749,True,Solve_Succeeded,3,0.027756299001339357,0.0311826809993363,0.03149425599985989,True,1.630683765796448e-08,
67.2,81.912,81.887,4.483333399999999,70.68889374716237,197.93644860117897,2.90089153880625,5.373191677278031,0.12711861642535568,345.45842629395605,-0.004213614026525074,0.003929803405961606,5.4166666667,5.499994251390211,0.0199208710040749,5.499994439343172,0.031643025554307085,True,Solve_Succeeded,4,0.034709512001427356,0.0377760209958069,0.03806229800102301,True,1.8754247932406543e-08,
67.3,82.012,81.989,4.483333399999999,70.15549404441853,198.06418794788294,2.9114013459117647,5.375113495162858,0.07963252574593853,346.00687176337306,-0.0020433507632931637,0.0031886931961615517,5.4166666667,5.499994439343172,0.031643025554307085,5.499968808059712,0.039025273090861616,True,Solve_Succeeded,3,0.027831621002405882,0.031747925000672694,0.03201399100362323,True,8.560464248574817e-08,
67.4,82.112,82.091,4.483333399999999,69.62142733985043,198.1878242012108,2.916495295770746,5.37722059647946,0.04317491594584304,346.55504307321,-0.0019146120807998976,-0.0030355997270472557,5.4166666667,5.499968808059712,0.039025273090861616,5.499999751695245,0.05451424018037437,True,Solve_Succeeded,6,0.060566402004042175,0.06443724100245163,0.06495766699663363,True,3.642023660432869e-08,
67.5,82.212,82.193,4.483333399999999,69.08832782315801,198.3083972696154,2.9253142947781505,5.355916080933419,0.11613287461019291,347.101560177441,-0.005217390853952242,-0.005575742878583867,5.4166666667,5.499999751695245,0.05451424018037437,5.499990637846817,0.04242662010832922,True,Solve_Succeeded,4,0.0363185610040091,0.03900338699895656,0.03938820800249232,True,2.6800892172218482e-08,
67.6,82.312,82.295,4.483333399999999,68.55126829758923,198.42366241993935,2.9371783253931394,5.365523978144157,0.130335614274956,347.65076092530387,-0.008761804164761978,-0.005204524564556223,5.4166666667,5.499990637846817,0.04242662010832922,5.499999771222329,0.04600088400362866,True,Solve_Succeeded,6,0.0695867710019229,0.07371420999697875,0.07413288800307782,True,3.8125654633347494e-08,
67.7,82.412,82.397,4.483333399999999,68.011943201317,198.53128279660842,2.951342079128681,5.398544251532492,0.12606701951105853,348.20060565583924,-0.010706575722895599,-0.0026276146930364064,5.4166666667,5.499999771222329,0.04600088400362866,5.499966844605506,0.045101640838383104,True,Solve_Succeeded,2,0.03112196699657943,0.036621356004616246,0.0372667179981363,True,1.2436455421038772e-08,
67.8,82.512,82.499,4.483333399999999,67.4695327644758,198.6320166203314,2.9640488457246477,5.38978255694797,0.10352838742179538,348.7521615876492,-0.011725124360422168,-0.001627005352347055,5.4166666667,5.499966844605506,0.045101640838383104,5.499986699094711,0.04993657328034907,True,Solve_Succeeded,3,0.029342905996600166,0.033583495001948904,0.03387117300007958,True,1.2600297860654308e-08,
67.9,82.612,82.601,4.483333399999999,66.92798860123976,198.72656310803882,2.97417742818513,5.385822487923871,0.1318064161723062,349.3017512782883,-0.013261969647410422,-0.003247966418040704,5.4166666667,5.499986699094711,0.04993657328034907,5.4999931841534435,0.04341749565647773,True,Solve_Succeeded,3,0.031043953000335023,0.03426932000002125,0.03493256599904271,True,4.172291977841034e-07,
68.0,82.712,82.703,4.483333399999999,66.38564513979208,198.8141863381943,2.9893239167257497,5.388669109330455,0.16098038117813968,349.8509665832234,-0.014316573881787214,7.002180671866753e-05,5.4166666667,5.4999931841534435,0.04341749565647773,5.499997379510621,0.0354554617358177,True,Solve_Succeeded,3,0.028104750002967194,0.031219404001603834,0.03153553899755934,True,2.0902753306017985e-08,
68.1,82.812,82.805,4.483333399999999,65.84378577147228,198.89329932658617,3.005512433786014,5.400419184561899,0.14875546247745433,350.39840808694123,-0.013534378692319455,0.004379761203965327,5.4166666667,5.499997379510621,0.0354554617358177,5.499963524278903,0.03435761539471053,True,Solve_Succeeded,2,0.022608646999287885,0.02652348199626431,0.02695992400549585,True,3.177829381584285e-08,
68.2,82.912,82.907,4.483333399999999,65.29767454038836,198.96421304829812,3.0186282961460034,5.404373300661603,0.10393970690037942,350.94895447436215,-0.010604921878273192,0.0054585035722620745,5.4166666667,5.499963524278903,0.03435761539471053,5.499734719101069,0.041371042278641794,True,Solve_Succeeded,2,0.02528326200263109,0.02981693099718541,0.0302445359993726,True,1.9249532687282134e-07,
68.3,83.012,83.009,4.483333399999999,64.74994547710901,199.028449855848,3.031449342620065,5.410257561472723,0.10663970531697611,351.50032214902313,-0.007510277523036886,0.006131260114582205,5.4166666667,5.499734719101069,0.041371042278641794,5.496642471409144,0.03694662652632287,True,Solve_Succeeded,2,0.02917513500142377,0.03396783299831441,0.03454796199366683,True,1.9257546735040876e-07,
68.4,83.112,83.111,4.483333399999999,64.20014981526866,199.0859926255748,3.043114189637713,5.401013475489232,0.10068889180213662,352.0530425707652,-0.004268923514713511,0.005522709919615121,5.4166666667,5.496642471409144,0.03694662652632287,5.497951188551962,0.039731515574217204,True,Solve_Succeeded,2,0.029127419998985715,0.03315866099728737,0.03391174800344743,True,6.31227286274072e-08,
68.5,83.212,83.179,4.483333399999999,63.83449508544373,199.1208695957182,3.0498293264629135,5.396932991727473,0.12221245029369263,352.4203258405179,-0.002503754495470818,0.004028624456387853,5.4166666667,5.497951188551962,0.039731515574217204,5.499378971110857,0.03468604676281334,True,Solve_Succeeded,2,0.027683105996402446,0.0349161960039055,0.0357337000023108,True,2.7766271046281155e-08,
68.6,83.312,83.281,4.483333399999999,63.28615121584666,199.16800781346157,3.06201538687543,5.3976217229411105,0.12690919625654368,352.97067364978005,-0.00038193807698425194,0.003832678063020012,5.4166666667,5.499378971110857,0.03468604676281334,5.499976969466139,0.034594896952352246,True,Solve_Succeeded,2,0.023933183998451568,0.02945018200261984,0.030081550001341384,True,4.74475158718235e-07,
68.7,83.412,83.383,4.483333399999999,62.73885142454138,199.20856707932805,3.07340143428265,5.376393487040127,0.12374224832568913,353.51948120383634,0.0013867411367026058,0.002773388887338246,5.4166666667,5.499976969466139,0.034594896952352246,5.499924378786871,0.03516464946539863,True,Solve_Succeeded,2,0.02944276700145565,0.034097546005796175,0.0354148139958852,True,8.44266967447993e-08,
68.8,83.512,83.485,4.483333399999999,62.188698961862876,199.24298436332182,3.0846381387359108,5.384415200784029,0.10329285377134098,354.0707365840917,0.00259649258536691,0.0014095853995703678,5.4166666667,5.499924378786871,0.03516464946539863,5.4998504299765765,0.04113952530900517,True,Solve_Succeeded,3,0.03773867499694461,0.044535660003020894,0.0453413389986963,True,1.5165662559058976e-07,
68.9,83.612,83.587,4.483333399999999,61.637467450685364,199.27153999403978,3.0941925792457443,5.41603499320292,0.05252534800942681,354.62274484390497,0.002737850441301087,-0.0017547894753073834,5.4166666667,5.4998504299765765,0.04113952530900517,5.4962333652391315,0.05666654061745351,True,Solve_Succeeded,3,0.04078695699718082,0.0449668009969173,0.04529630099568749,True,5.570952921196692e-09,
69.0,83.713,83.689,4.483333399999999,61.08459731727427,199.29538932200032,3.1035317255558303,5.406617078681778,0.10692761797781414,355.17615011195,0.0005887872706490674,-0.005269049004271498,5.4166666667,5.4962333652391315,0.05666654061745351,5.4959914648035975,0.04541796519845965,True,Solve_Succeeded,3,0.03697132600063924,0.043604828002571594,0.04417401299724588,True,1.1730702631496115e-08,
69.1,83.812,83.791,4.483333399999999,60.533183186366884,199.3135849617313,3.113353593337512,5.407225431902407,0.12682822459749596,355.7278399099762,-0.003076777063696707,-0.008363470906787018,5.4166666667,5.4959914648035975,0.04541796519845965,5.495918424872306,0.04595200427566147,True,Solve_Succeeded,2,0.02689238200400723,0.030796195998846088,0.031376803999592084,True,1.383869832595556e-07,
69.2,83.912,83.893,4.483333399999999,59.98158810747081,199.32472551882904,3.129192648823571,5.412318741605564,0.15363818849952765,356.2794739528777,-0.0068389549556456455,-0.005542438811489969,5.4166666667,5.495918424872306,0.04595200427566147,5.4905514462238205,0.03237797318200409,True,Solve_Succeeded,2,0.024826164000842255,0.030249212999478914,0.030738388995814603,True,1.1680060989505137e-06,
69.3,84.012,83.995,4.483333399999999,59.43115279060679,199.32752030051628,-3.1385229977547358,5.4124966766102425,0.1296939106925232,356.8298125103254,-0.009375399371345967,-0.0026399848992988413,5.4166666667,5.4905514462238205,0.03237797318200409,5.485279613994626,0.030479098026202245,True,Solve_Succeeded,2,0.02220927699818276,0.02602536899939878,0.026422474002174567,True,3.9678085173022737e-07,
69.4,84.112,84.097,4.483333399999999,58.87872872091818,199.32199084208588,-3.125313469530965,5.408574529536025,0.09061793674214676,357.3821563913732,-0.010178198692999749,-0.0007103588673160743,5.4166666667,5.485279613994626,0.030479098026202245,5.48081240529698,0.029118110620442735,True,Solve_Succeeded,2,0.02193518599960953,0.025292352001997642,0.025571863996447064,True,4.689280075353963e-08,
69.5,84.212,84.199,4.483333399999999,58.32582183106314,199.30995007567475,-3.114159577804012,5.4245028918490785,0.11277381306749092,357.9350946609626,-0.010342808904403776,0.0005054392093546412,5.4166666667,5.48081240529698,0.029118110620442735,5.4690242674812835,0.012897325584146982,True,Solve_Succeeded,3,0.03420849100075429,0.03738961699855281,0.037720090003858786,True,2.4947689860666845e-09,
69.6,84.312,84.301,4.483333399999999,57.77244829676247,199.29208973005146,-3.1044305429464623,5.417076615484725,0.08830088549033172,358.4886710585554,-0.009829842867683045,0.0016400715909501429,5.4166666667,5.4690242674812835,0.012897325584146982,5.45943639288739,0.011827206100698052,True,Solve_Succeeded,2,0.0234134290003567,0.026738078995549586,0.027285160002065822,True,1.1407918529826588e-06,
69.7,84.412,84.403,4.483333399999999,57.22000429948449,199.26922890918902,-3.096270540587106,5.41661177148863,0.07396000738925199,359.0415208137792,-0.00866491688133536,0.002567140316104055,5.4166666667,5.45943639288739,0.011827206100698052,5.451463564452818,0.004439726283125154,True,Solve_Succeeded,2,0.02383543200267013,0.02733726600126829,0.027850815997226164,True,2.326520203155269e-07,
69.8,84.512,84.505,4.483333399999999,56.66798868654868,199.24197787722795,-3.0890428313012475,5.417467696669227,0.023898563227712444,359.59416054310816,-0.00672116949942664,0.003909640568674266,5.4166666667,5.451463564452818,0.004439726283125154,5.441915413715785,0.008205094079704899,True,Solve_Succeeded,2,0.020486487999733072,0.02395626400539186,0.024507073998393025,True,1.8922171403090715e-06,
69.9,84.612,84.607,4.483333399999999,56.11801561717508,199.21272872047805,-3.088117325462809,5.410738677268881,0.02882552900212455,360.1448821372211,-0.005555468651517422,0.00030471481968685765,5.4166666667,5.441915413715785,0.008205094079704899,5.437188067990569,0.0016059029786651931,True,Solve_Succeeded,2,0.022735672995622735,0.025624421003158204,0.02606194999680156,True,1.7924367412547326e-07,
70.0,84.712,84.709,4.483333399999999,55.56697220564129,199.1829423947031,-3.0884581888713134,5.393524402775677,-0.06131547818549719,360.69671148455427,-0.006042749891217238,-0.00324236681676604,5.4166666667,5.437188067990569,0.0016059029786651931,5.440234420454977,0.02451642257793144,True,Solve_Succeeded,3,0.027758469004766084,0.03134986200166168,0.031718289996206295,True,1.5881869513956204e-08,
70.1,84.812,84.811,4.483333399999999,55.01565225078652,199.15347598888528,-3.088721382864064,5.458695872043008,0.02685008073509204,361.24880076483976,-0.008267002800580616,-0.005379372466155274,5.4166666667,5.440234420454977,0.02451642257793144,5.417535357790782,0.001991486391656703,True,Solve_Succeeded,3,0.02805432400054997,0.030928328000300098,0.03130821899685543,True,1.4423302649034693e-07,
70.2,84.912,84.879,4.483333399999999,54.648103517788066,199.13350216453716,-3.086464994966661,5.400211904199887,0.033609762716545276,361.6168839542496,-0.009836624552502832,-0.003631215686303424,5.4166666667,5.417535357790782,0.001991486391656703,5.420141928301276,0.003504723095925354,True,Solve_Succeeded,3,0.029251855004986282,0.033201386002474464,0.033514734997879714,True,2.3956302562348764e-08,
70.3,85.012,84.981,4.483333399999999,54.098274508855205,199.10235307762179,-3.08370521379019,5.398401612178203,0.014634392216961827,362.16759584885415,-0.011003932450858449,-0.0006397537810887143,5.4166666667,5.420141928301276,0.003504723095925354,5.422672945688298,0.002902312670160235,True,Solve_Succeeded,2,0.01799143799871672,0.022137872001621872,0.0227106879974599,True,7.567563464760951e-09,
70.4,85.112,85.083,4.483333399999999,53.54866107067282,199.06914412599625,-3.0778066800821264,5.406718055550699,0.06801174755094964,362.71821461667054,-0.009888984133880499,0.005649161241733758,5.4166666667,5.422672945688298,0.002902312670160235,5.425991943695542,-0.02002661534668702,True,Solve_Succeeded,3,0.03428856300160987,0.0380312139968737,0.03930239500186872,True,2.0331496486392098e-09,
70.5,85.212,85.185,4.483333399999999,53.001811980554194,199.03348854142507,-3.0771198676097673,5.381787229677087,0.04787548847681611,363.2662133258954,-0.005982876912830981,0.0066302067621948355,5.4166666667,5.425991943695542,-0.02002661534668702,5.4361442560541136,-0.01751895378451197,True,Solve_Succeeded,2,0.021324950001144316,0.025482053999439813,0.02594676300213905,True,6.754606269865349e-07,
70.6,85.312,85.287,4.483333399999999,52.45371642156735,198.9972268082445,-3.076265789800172,5.387429476488991,-0.07466272718202223,363.81548883023015,-0.0014080068812822228,0.007684662382979379,5.4166666667,5.4361442560541136,-0.01751895378451197,5.442695281154054,0.00824380577090824,True,Solve_Succeeded,3,0.028686648998700548,0.03160247999767307,0.03187943800003268,True,1.4556267594056926e-08,
70.7,85.412,85.389,4.483333399999999,51.90566939028745,198.96366247724433,-3.0848527571576456,5.386933902160001,-0.09288745533710722,364.36455922931975,0.0005607549081473087,-0.0007967189833131272,5.4166666667,5.442695281154054,0.00824380577090824,5.446838876388533,0.01791362830424536,True,Solve_Succeeded,2,0.020627181998861488,0.023246402997756377,0.023693912000453565,True,1.465797704772653e-06,
70.8,85.512,85.491,4.483333399999999,51.3587653489855,198.93507512004913,-3.091411336299308,5.326126421078337,-0.033497521195497246,364.91220220575065,-0.0023415552668419027,-0.007344409113482442,5.4166666667,5.446838876388533,0.01791362830424536,5.470729975731199,0.016655963093964703,True,Solve_Succeeded,2,0.021965971995086875,0.02547507700364804,0.02579615099966759,True,1.5229844541053694e-06,
70.9,85.612,85.593,4.483333399999999,50.813569663280525,198.90794742648555,-3.091662441750179,5.3550987171919475,0.029392650565343313,365.45805518721176,-0.0066226188465186055,-0.007678563929900406,5.4166666667,5.470729975731199,0.016655963093964703,5.480862946781647,0.008838655304749166,True,Solve_Succeeded,2,0.02080083000328159,0.023650946997804567,0.024115059000905603,True,9.47004439311172e-08,
71.0,85.712,85.695,4.483333399999999,50.26822833831064,198.87896257625636,-3.0843514935436573,5.3575999927745555,0.0825021051644019,366.00415907649653,-0.00912896534761308,-0.0005445555232466148,5.4166666667,5.480862946781647,0.008838655304749166,5.4902457248260115,-0.00836300049393311,True,Solve_Succeeded,3,0.02989420299854828,0.03310972200415563,0.03353392500139307,True,7.80255859922363e-10,
71.1,85.812,85.797,4.483333399999999,49.72700061593884,198.844778256552,-3.0807587273810517,5.383339375872195,0.008185292147536573,366.5464559918286,-0.0063281825969416765,0.0027795977494360358,5.4166666667,5.4902457248260115,-0.00836300049393311,5.485899961597498,0.004447644404502765,True,Solve_Succeeded,3,0.02946426599373808,0.03272734399797628,0.033056022999517154,True,1.0559761065564999e-08,
71.2,85.912,85.899,4.483333399999999,49.18133904694879,198.81063959832153,-3.0807628615962983,5.351753134504595,0.020513138650776464,367.0931776321701,-0.004002618654639459,0.002410955288261185,5.4166666667,5.485899961597498,0.004447644404502765,5.494877932256108,-0.00607781343331529,True,Solve_Succeeded,5,0.04672843600565102,0.04974690599919995,0.050265569996554404,True,9.054070382319424e-09,
71.3,86.012,86.001,4.483333399999999,48.63585585928915,198.7766437573661,-3.078675090662616,5.3606054029137065,0.01049605702335887,367.63971423649986,-0.002034124133306885,0.0040403453400106315,5.4166666667,5.494877932256108,-0.00607781343331529,5.498734190968052,-0.0038301816732393473,True,Solve_Succeeded,2,0.020920848997775465,0.02586548399995081,0.026425219999509864,True,2.8004636476453015e-07,
71.4,86.112,86.103,4.483333399999999,48.08998269585096,198.7419998788699,-3.0778203789745975,5.3633715681562215,0.006604077794221111,368.18668025881954,0.0002883651857677528,0.004386363136891447,5.4166666667,5.498734190968052,-0.0038301816732393473,5.499970511294174,-0.005681889795015242,True,Solve_Succeeded,3,0.03334644600545289,0.03674224599672016,0.03725281600054586,True,4.989279389633339e-08,
71.5,86.212,86.205,4.483333399999999,47.54369486388878,198.7069771356897,-3.0774436262683293,5.372622879503588,-0.00024062133869883645,368.7340850014972,0.002696292562616303,0.004294007803297806,5.4166666667,5.499970511294174,-0.005681889795015242,5.4990595174605685,-0.005154077049841922,True,Solve_Succeeded,2,0.02362082699983148,0.027276130000245757,0.02760218299954431,True,5.391716673130986e-08,
71.6,86.312,86.307,4.483333399999999,46.99638810040438,198.67186915472018,-3.077599949466149,5.383062549929718,-0.00034171888809247887,369.2825138981199,0.004882797143473215,0.003710462701713269,5.4166666667,5.4990595174605685,-0.005154077049841922,5.494686447697636,-0.005919682880900283,True,Solve_Succeeded,2,0.024209616000007372,0.027294131003145594,0.028392908003297634,True,7.697714465848549e-08,
71.7,86.412,86.409,4.483333399999999,46.4480102686642,198.63675110071432,-3.077674863654467,5.393476422649359,-0.0002810402904050678,369.83201398596043,0.0067918510098256375,0.0032504069802397066,5.4166666667,5.494686447697636,-0.005919682880900283,5.487232257622092,-0.006136313238455949,True,Solve_Succeeded,2,0.025933707001968287,0.03142728200327838,0.03196243999991566,True,4.193935687624162e-08,
71.8,86.512,86.511,4.483333399999999,45.89860215419312,198.60160324995547,-3.0777370204902397,5.403146033236806,-0.0003293948711993129,370.3825452878948,0.008467992151068773,0.002845449770238151,5.4166666667,5.487232257622092,-0.006136313238455949,5.477468574630398,-0.006445318540584534,True,Solve_Succeeded,2,0.023410681998939253,0.027317943000525702,0.027817465997941326,True,3.358126754449131e-08,
71.9,86.612,86.579,4.483333399999999,45.5318088364285,198.57815797208966,-3.077785213624126,5.408857649725592,-0.0005811450745445549,370.75008762618967,0.009467164456446553,0.00259238637391368,5.4166666667,5.477468574630398,-0.006445318540584534,5.467293598754697,-0.00667241136656809,True,Solve_Succeeded,2,0.02091622399893822,0.024335756999789737,0.024727491996600293,True,2.609577443024591e-08,
72.0,86.712,86.681,4.483333399999999,44.98093431519094,198.5429841199784,-3.0778744791692327,5.41637291369344,-0.0007472091621275267,371.3020850928979,0.01079742137101504,0.0022315092331104402,5.4166666667,5.467293598754697,-0.00667241136656809,5.455898693081858,-0.006892850131796867,True,Solve_Succeeded,2,0.018785207001201343,0.021936527999059763,0.02224854600353865,True,1.335448107653292e-08,
72.1,86.812,86.783,4.483333399999999,44.42935756193817,198.50781905084557,-3.0779779328011614,5.4226143791729955,-0.0008434288762274876,371.85478308064836,0.01193762451418167,0.001899482965295629,5.4166666667,5.455898693081858,-0.006892850131796867,5.443950307181235,-0.007086366151903724,True,Solve_Succeeded,2,0.019939803001761902,0.02437679200374987,0.0247925630028476,True,7.618613295790055e-09,
72.2,86.912,86.885,4.483333399999999,43.8772019149001,198.47267705365698,-3.0780899766839767,5.427682508284461,-0.0009009670557902944,372.4080573596616,0.012904651964434086,0.0016020963388538867,5.4166666667,5.443950307181235,-0.007086366151903724,5.43200519999306,-0.007267293110372221,True,Solve_Succeeded,2,0.021902697000768967,0.025351224998303223,0.025632561999373138,True,6.311974942718734e-09,
72.3,87.012,86.987,4.483333399999999,43.32458382944386,198.43756922023417,-3.0782064581214854,5.431634585055511,-0.0009271284949724206,372.96179081198727,0.013718392830913275,0.0013436533841040268,5.4166666667,5.43200519999306,-0.007267293110372221,5.4204680480910135,-0.007445478811152419,True,Solve_Succeeded,2,0.01839599200320663,0.021364524000091478,0.021733432993642054,True,5.338212538674725e-09,
72.4,87.112,87.089,4.483333399999999,42.77161180606452,198.40250404346392,-3.0783244334288935,5.434588671311047,-0.0009238132275538476,373.51587446173903,0.01440102717112242,0.0011272121328973483,5.4166666667,5.4204680480910135,-0.007445478811152419,5.4096413967221295,-0.007632706192759082,True,Solve_Succeeded,2,0.022652863000985235,0.02674925999599509,0.027011307996872347,True,4.567517031262014e-09,
72.5,87.212,87.191,4.483333399999999,42.21837759561517,198.36749146057957,-3.0784619094081784,5.436782830232415,-0.00042704247862311476,374.0702159969386,0.014972391501624202,0.0009348458101094971,5.4166666667,5.4096413967221295,-0.007632706192759082,5.399711411679427,-0.007950658199477408,True,Solve_Succeeded,2,0.01871352099988144,0.0213859430004959,0.021817966997332405,True,4.419776544750675e-09,
72.6,87.312,87.293,4.483333399999999,41.66493932595867,198.33264996711821,-3.0791275929723776,5.438449435948593,-0.007372248749243984,374.62474994472166,0.015341975324269846,0.0002578999449736052,5.4166666667,5.399711411679427,-0.007950658199477408,5.39029245532031,-0.005744260354425198,True,Solve_Succeeded,2,0.021958170997095294,0.024962189003417734,0.025217762995453086,True,1.5162187949613326e-08,
72.7,87.412,87.395,4.483333399999999,41.111318080146056,198.2983287336545,-3.080354350759044,5.439744625436234,-0.013519205655236843,375.1794335110794,0.015186792430219595,-0.0009364570927967718,5.4166666667,5.39029245532031,-0.005744260354425198,5.381540722150836,-0.0032455200576865734,True,Solve_Succeeded,2,0.019784550997428596,0.02300296000612434,0.023330739000812173,True,2.7293518556348317e-09,
72.8,87.512,87.497,4.483333399999999,40.557534998431876,198.26479852077384,-3.0818312516675026,5.440645299421998,-0.011077096251525413,375.7342288630392,0.014262153294391677,-0.0023372708341504733,5.4166666667,5.381540722150836,-0.0032455200576865734,5.373609567146776,-0.0019643321634873743,True,Solve_Succeeded,2,0.020829240995226428,0.023447133993613534,0.02369393199478509,True,3.0623210633962117e-09,
72.9,87.612,87.599,4.483333399999999,40.00364855765775,198.23195042512074,-3.0827898508530365,5.440866580690468,-0.006895684389474646,376.2890846778227,0.01270463445768314,-0.003176087466235433,5.4166666667,5.373609567146776,-0.0019643321634873743,5.366357807404093,-0.000907438775291023,True,Solve_Succeeded,1,0.014430675997573417,0.017229016004421283,0.017536202998599038,True,2.4954611443916974e-07,
73.0,87.712,87.701,4.483333399999999,39.449748521755,198.19951579712014,-3.0833748136661137,5.440557879199635,-0.004797224933043722,376.8439283935592,0.010812179976364545,-0.003597585678048354,5.4166666667,5.366357807404093,-0.000907438775291023,5.360421748064345,0.00010644800058779322,True,Solve_Succeeded,2,0.020019890995172318,0.022284796999883838,0.02269765299570281,True,1.7274919272836087e-09,
73.1,87.812,87.803,4.483333399999999,38.89587001220131,198.16734073053073,-3.083686807919188,5.440070659655105,-0.0007507890282854481,377.3987348517875,0.008764797957450216,-0.0037024489683723516,5.4166666667,5.360421748064345,0.00010644800058779322,5.355603265190801,1.7430018505980562e-05,True,Solve_Succeeded,2,0.02226777900068555,0.025130637004622258,0.025568176002707332,True,1.7951435893337475e-09,
73.2,87.912,87.905,4.483333399999999,38.34205056648782,198.13522942825014,-3.083677186321511,5.439324315366071,-0.0008029334279729219,377.95347897188446,0.006784426985731867,-0.0034420526907430467,5.4166666667,5.355603265190801,1.7430018505980562e-05,5.351675451504188,0.0005807339379065642,True,Solve_Succeeded,2,0.01858438999624923,0.021451908003655262,0.021810156998981256,True,1.7496581961040647e-09,
73.3,88.012,88.007,4.483333399999999,37.78832042359081,198.10311953805734,-3.0836636258837795,5.438332497091155,-0.0006293919182066979,378.50813461027553,0.00495932392374701,-0.0031341040952952426,5.4166666667,5.351675451504188,0.0005807339379065642,5.348517163249223,0.000560757551858496,True,Solve_Succeeded,1,0.014988689006713685,0.017427006998332217,0.017744084005244076,True,2.4621042227224166e-06,
73.4,88.112,88.109,4.483333399999999,37.23470189125005,198.07100929942044,-3.0836496126695465,5.437159509116404,-0.00034700398785761583,379.06267974560274,0.0033167322947416497,-0.002782124155647381,5.4166666667,5.348517163249223,0.000560757551858496,5.346284650671446,0.00046301505756754947,True,Solve_Succeeded,1,0.012001085000520106,0.015230226003041025,0.015555038000456989,True,3.2897846669044384e-07,
73.5,88.212,88.211,4.483333399999999,36.6812101721344,198.03889871808806,-3.083636009437347,5.435867256847742,-0.00020217557482130836,379.61709928264725,0.0018816474883736108,-0.0023870115748150234,5.4166666667,5.346284650671446,0.00046301505756754947,5.3448983688709255,0.00023259032295689188,True,Solve_Succeeded,1,0.011688778002280742,0.014710354000271764,0.015029635003884323,True,4.98690484462827e-07,
73.6,88.312,88.279,4.483333399999999,36.31229071377724,198.0174918731078,-3.08362722175025,5.434962178327467,-9.69469643864297e-05,379.98663795626913,0.0010519525911683774,-0.0020997112547895824,5.4166666667,5.3448983688709255,0.00023259032295689188,5.344093311330755,-0.00015042604697566267,True,Solve_Succeeded,1,0.014159558995743282,0.017061044003639836,0.01745306899829302,True,6.113239248151103e-07,
73.7,88.412,88.381,4.483333399999999,35.75902647435924,197.9853822038962,-3.083614826416481,5.4336208686057414,-2.4319516726095908e-05,380.5408319802809,1.5589975027459903e-05,-0.001633310948778277,5.4166666667,5.344093311330755,-0.00015042604697566267,5.34399145228297,-0.0006878893299313614,True,Solve_Succeeded,1,0.012335557999904267,0.01597667299938621,0.016284090997942258,True,6.702872790143033e-07,
73.8,88.512,88.483,4.483333399999999,35.205897997827805,197.9532742484403,-3.0836074283822077,5.432322494450749,-1.2384297038299651e-05,381.09489123436356,-0.0007507780737838283,-0.0011284485871105865,5.4166666667,5.34399145228297,-0.0006878893299313614,5.344488239237465,-0.0013713612414293643,True,Solve_Succeeded,1,0.01539362499897834,0.0197603680062457,0.02025854800012894,True,7.182372261382852e-07,
73.9,88.612,88.585,4.483333399999999,34.652898840988534,197.92117299093024,-3.0836096475664663,5.4310891741064395,-5.8519740543598435e-05,381.64882167434683,-0.0012285678709014738,-0.0005897658845519516,5.4166666667,5.344488239237465,-0.0013713612414293643,5.345725162728925,-0.0022021055112899117,True,Solve_Succeeded,2,0.020557242998620495,0.023939999999129213,0.024287947999255266,True,1.902099810990876e-09,
74.0,88.713,88.687,4.483333399999999,34.10002100342307,197.88908266163736,-3.083632892813639,5.429928272425668,-0.0005998525552440943,382.2026307778474,-0.00139855207081383,-2.8689268190440487e-05,5.4166666667,5.345725162728925,-0.0022021055112899117,5.3473326846306835,-0.003056760842691668,True,Solve_Succeeded,2,0.01973911599634448,0.02316471600352088,0.023823251998692285,True,1.920013481537808e-09,
74.1,88.812,88.789,4.483333399999999,33.547257802407024,197.85702768854645,-3.0837046583670182,5.428819579242207,-0.000252367432545556,382.7563234660516,-0.0012616040870228383,0.0005272694121383203,5.4166666667,5.3473326846306835,-0.003056760842691668,5.349317187995572,-0.00428369604749385,True,Solve_Succeeded,2,0.019582678003644105,0.022184238005138468,0.022426746996643487,True,2.297377399429479e-09,
74.2,88.912,88.891,4.483333399999999,32.9946018241875,197.825016198952,-3.0837482524086433,5.427801203518774,0.0007687235596593141,383.30990627940827,-0.0008023791222698109,0.0011547885108185163,5.4166666667,5.349317187995572,-0.00428369604749385,5.3516412585311866,-0.005840459245805954,True,Solve_Succeeded,2,0.0181115849991329,0.02084912000282202,0.021109925997734535,True,2.5309452311716996e-09,
74.3,89.012,88.993,4.483333399999999,32.44205217963513,197.79301383572349,-3.0837235537427423,5.426702698655854,0.0015417990014940741,383.86338154367166,3.7242889216125375e-05,0.00189397272082914,5.4166666667,5.3516412585311866,-0.005840459245805954,5.354338771170959,-0.007610254348308645,True,Solve_Succeeded,2,0.020579768002789933,0.023981890997674782,0.024295771996548865,True,2.7031488158968386e-09,
74.4,89.112,89.095,4.483333399999999,31.889625551076005,197.76102466087605,-3.083823341132853,5.4254060384947085,-0.0010114967114136294,384.4167317093909,0.001277974060653241,0.0025519999557830353,5.4166666667,5.354338771170959,-0.007610254348308645,5.357299783002926,-0.008651487634255843,True,Solve_Succeeded,2,0.018036942994513083,0.021353064999857452,0.021653818999766372,True,2.3791599801370467e-09,
74.5,89.212,89.197,4.483333399999999,31.337320873362852,197.72919852851675,-3.0844142334259033,5.4242190714273,-0.010070253931149221,384.9699489065818,0.00279390584650167,0.002762217309618009,5.4166666667,5.357299783002926,-0.008651487634255843,5.360119019392511,-0.007773227185325571,True,Solve_Succeeded,2,0.021586773000308312,0.024584177001088392,0.02484063299925765,True,3.563844330756183e-09,
74.6,89.312,89.299,4.483333399999999,30.785076624832293,197.69797304337166,-3.085968203220617,5.42358660153111,-0.01879377049436061,385.52307060388443,0.004168501464149677,0.0020526869641899204,5.4166666667,5.360119019392511,-0.007773227185325571,5.362516232403652,-0.006075816577953505,True,Solve_Succeeded,2,0.018269272994075436,0.020933888001309242,0.021180855001148302,True,2.762816642132293e-09,
74.7,89.412,89.401,4.483333399999999,30.232807313335744,197.66780138918392,-3.088065249006009,5.423532132181927,-0.019480182362555644,386.0761588527501,0.004968509262627346,0.000843497658638892,5.4166666667,5.362516232403652,-0.006075816577953505,5.364419077704842,-0.005187598132835696,True,Solve_Succeeded,2,0.021053563003079034,0.023497132999182213,0.023747788996843155,True,2.4717357050008104e-09,
74.8,89.512,89.503,4.483333399999999,29.680465299486855,197.63876183609386,-3.0899570259270805,5.423768578146804,-0.01403178539188614,386.62925900907527,0.005137258458482606,-0.00011692761979453792,5.4166666667,5.364419077704842,-0.005187598132835696,5.3658910862273235,-0.005232733516488062,True,Solve_Succeeded,2,0.02101720799691975,0.024527059998945333,0.0248531239994918,True,2.7048159267906158e-09,
74.9,89.612,89.605,4.483333399999999,29.128051214510293,197.61058723868337,-3.091217572963944,5.424011594790877,-0.008629809665432434,387.18238618856105,0.00496566865632418,-0.0004025898560238161,5.4166666667,5.3658910862273235,-0.005232733516488062,5.367090906663638,-0.005746872194940203,True,Solve_Succeeded,2,0.01941551300114952,0.02235222099989187,0.022627245001785923,True,2.551852062993021e-09,
75.0,89.712,89.707,4.483333399999999,28.575592818981097,197.5829641321087,-3.0919836553053486,5.42406149029071,-0.005028627495206071,387.7355297637483,0.00479233590866722,-0.0001502598924787435,5.4166666667,5.367090906663638,-0.005746872194940203,5.36827505141362,-0.006730937754217203,True,Solve_Succeeded,2,0.020458156999666244,0.023366324996459298,0.023642890999326482,True,2.714817703974859e-09,
75.1,89.812,89.809,4.483333399999999,28.02312329985872,197.55567125658916,-3.0924424843226124,5.423898656903003,-0.003058189942480978,388.2886679217156,0.004863987791485105,0.00045281990616130585,5.4166666667,5.36827505141362,-0.006730937754217203,5.369614638442632,-0.00806564884562444,True,Solve_Succeeded,2,0.020129458003793843,0.022511965995363425,0.022947186000237707,True,2.854005920482905e-09,
75.2,89.912,89.911,4.483333399999999,27.470666663171606,197.5285862315683,-3.092758520211383,5.423663135848053,-0.001985476904163327,388.84178230077436,0.005328058839396469,0.0012421583437380868,5.4166666667,5.369614638442632,-0.00806564884562444,5.371181927436025,-0.00971954366540617,True,Solve_Succeeded,2,0.01919510700099636,0.021885187998123,0.022201523002877366,True,3.077588850430857e-09,
75.3,90.012,89.979,4.483333399999999,27.102367391655637,197.510664899795,-3.0932983460672303,5.42359085222606,-0.010406920641178648,389.2105127274841,0.005847346434893696,0.001463398619256928,5.4166666667,5.371181927436025,-0.00971954366540617,5.372324945426487,-0.008768827000080304,True,Solve_Succeeded,2,0.022200508996320423,0.02604804799921112,0.026548672001808882,True,3.286839245220108e-09,
75.4,90.112,90.081,4.483333399999999,26.54988719126339,197.4843308759227,-3.0948054256144815,5.423803650716513,-0.019706342378877424,389.7636123403604,0.006612544295585159,0.0011341937418225534,5.4166666667,5.372324945426487,-0.008768827000080304,5.373016392851796,-0.007073248402726316,True,Solve_Succeeded,2,0.01747052800055826,0.021663539999281056,0.02230183200299507,True,2.6442465994591657e-09,
75.5,90.212,90.183,4.483333399999999,25.997312877053325,197.45908602795927,-3.097111404819467,5.424431199248218,-0.02228237992490002,390.3167546685916,0.006948986382309259,4.971202372328066e-05,5.4166666667,5.373016392851796,-0.007073248402726316,5.372883510069871,-0.00573061087943809,True,Solve_Succeeded,1,0.01151412299805088,0.015318284000386484,0.01567198400152847,True,9.095573894057907e-08,
75.6,90.312,90.285,4.483333399999999,25.444604229853255,197.435134752609,-3.0993854341947604,5.425265426327007,-0.018077698930415366,390.8699733801877,0.006674976195232788,-0.0009591024461998998,5.4166666667,5.372883510069871,-0.00573061087943809,5.372634506761679,-0.00541359820305534,True,Solve_Succeeded,2,0.021649556001648307,0.024713785998756066,0.02494602499791654,True,2.5740494180581663e-09,
75.7,90.412,90.387,4.483333399999999,24.891764934884197,197.41229158580384,-3.1011184128088107,5.426007023336214,-0.013014591062937711,391.4232757451909,0.006000360626076371,-0.0013831076782264695,5.4166666667,5.372634506761679,-0.00541359820305534,5.371859570262539,-0.0055953035234512245,True,Solve_Succeeded,1,0.011338670999975875,0.014010236001922749,0.014366310002515092,True,2.020815203174209e-06,
75.8,90.512,90.489,4.483333399999999,24.33882936235472,197.3902375207238,-3.1022510518968,5.426486541623994,-0.008252869578968697,391.9766429004013,0.005269716822635932,-0.0011630372413087287,5.4166666667,5.371859570262539,-0.0055953035234512245,5.3715052734050674,-0.0066654919645399375,True,Solve_Succeeded,2,0.022656631001154892,0.024707434000447392,0.02494594499876257,True,2.717290392695304e-09,
75.9,90.612,90.591,4.483333399999999,23.785842625126755,197.3686839918672,-3.102971849677582,5.426590187277933,-0.00569423687549631,392.5300423357114,0.0047975359201518466,-0.0004874534952366006,5.4166666667,5.3715052734050674,-0.0066654919645399375,5.371427802360912,-0.008003970761793653,True,Solve_Succeeded,2,0.0183391499958816,0.023931130999699235,0.02428272600081982,True,2.605099247432463e-09,
76.0,90.712,90.693,4.483333399999999,23.23285318246835,197.34746433568367,-3.1034781874993773,5.426286981118387,-0.004054767945267878,393.08343190972903,0.004776447591861158,0.00044616136774822124,5.4166666667,5.371427802360912,-0.008003970761793653,5.371875091469895,-0.009849812523423492,True,Solve_Succeeded,2,0.018769331996736582,0.0222500099989702,0.02252802000293741,True,2.946160648775731e-09,
76.1,90.812,90.795,4.483333399999999,22.679900545824708,197.3264866178705,-3.1038534168682212,5.425760396186364,-0.002941066647647592,393.6367746120629,0.005323837674204453,0.0015543545273652981,5.4166666667,5.371875091469895,-0.009849812523423492,5.372919809613174,-0.012057439788691181,True,Solve_Succeeded,2,0.020854050999332685,0.02344141800131183,0.023882154004240874,True,3.210598009673049e-09,
76.2,90.912,90.897,4.483333399999999,22.126983335424185,197.30578005283053,-3.104825507995909,5.4254802601830265,-0.018500209977209033,394.1900693718497,0.006434374738971841,0.0021091421108025976,5.4166666667,5.372919809613174,-0.012057439788691181,5.373371774443549,-0.009605608947974778,True,Solve_Succeeded,2,0.015702862001489848,0.018359401998168323,0.01858557899686275,True,4.324467006711075e-09,
76.3,91.012,90.999,4.483333399999999,21.57403334021662,197.28602025436786,-3.1071756198795746,5.425727007847236,-0.030013150729695508,394.74336052158526,0.007454458183112847,0.001329480369195224,5.4166666667,5.373371774443549,-0.009605608947974778,5.373173768549513,-0.007429262178207332,True,Solve_Succeeded,1,0.012278697999136057,0.016126426999107935,0.016488282002683263,True,7.977966545169579e-07,
76.4,91.112,91.101,4.483333399999999,21.020978238615747,197.26783537166943,-3.110217726071186,5.426463485076165,-0.02758021348314959,395.2967021788836,0.007778082383963451,-9.84476568155479e-05,5.4166666667,5.373173768549513,-0.007429262178207332,5.372807813621102,-0.00667713568419886,True,Solve_Succeeded,2,0.02091770800325321,0.02377467299811542,0.02420502399763791,True,2.6566420174845007e-09,
76.5,91.212,91.203,4.483333399999999,20.467791016223334,197.2512332429025,-3.1128087381519363,5.4272886679977494,-0.01976445587707763,395.8501258238951,0.007420984778800698,-0.0010314503143917797,5.4166666667,5.372807813621102,-0.00667713568419886,5.371750897474952,-0.006573010981964112,True,Solve_Succeeded,1,0.011262406995228957,0.01438515899644699,0.014925500996469054,True,2.647988379678168e-06,
76.6,91.312,91.305,4.483333399999999,19.9144921089592,197.23583238622214,-3.1146304848454474,5.427930832320462,-0.013841609291039222,396.40362664458695,0.006789614787307949,-0.0011513580374558074,5.4166666667,5.371750897474952,-0.006573010981964112,5.370585143571678,-0.00680078570729107,True,Solve_Succeeded,1,0.013721347000682727,0.017391760004102252,0.017704538004181813,True,1.9703612252897074e-06,
76.7,91.412,91.407,4.483333399999999,19.361119504918708,197.22129723522886,-3.1159896170544257,5.428271362453709,-0.010881506183672852,396.95717880813373,0.006237578800906953,-0.0008079081267138299,5.4166666667,5.370585143571678,-0.00680078570729107,5.369802268798814,-0.007200108225833517,True,Solve_Succeeded,2,0.018907208999735303,0.022117423999588937,0.022544267994817346,True,2.394737741440167e-09,
76.8,91.512,91.509,4.483333399999999,18.807707451925072,197.20745694277554,-3.117193075448349,5.428373580080423,-0.010754070070360512,397.5107538597792,0.005917025438802611,-0.0003645371081231197,5.4166666667,5.369802268798814,-0.007200108225833517,5.368866961127522,-0.007368845402653825,True,Solve_Succeeded,1,0.012615405001270119,0.016604662996542174,0.016878675000043586,True,5.357000594230499e-07,
76.9,91.612,91.611,4.483333399999999,18.25427419909242,197.19429766261342,-3.118486859368394,5.4283830109830005,-0.012573688314047926,398.06433425715534,0.005811287233609087,-6.756583506017932e-05,5.4166666667,5.368866961127522,-0.007368845402653825,5.368036596743921,-0.007137024508490701,True,Solve_Succeeded,1,0.011328986001899466,0.01459921399509767,0.01489588000549702,True,6.64555530605071e-07,
77.0,91.712,91.679,4.483333399999999,17.885308789024265,197.18594598369336,-3.11945219523242,5.428378368083067,-0.013802578072493315,398.43338821585206,0.005802031173432923,-3.5644874833984375e-06,5.4166666667,5.368036596743921,-0.007137024508490701,5.367299381826296,-0.006884949050319024,True,Solve_Succeeded,1,0.013750033001997508,0.018852827000955585,0.01956804099609144,True,5.110000937946779e-07,
77.1,91.812,91.781,4.483333399999999,17.331844254595307,197.174123232897,-3.121025592267043,5.428399548559595,-0.014366374556783489,398.98697038829897,0.0057839744645241135,-7.971046225963006e-05,5.4166666667,5.367299381826296,-0.006884949050319024,5.366566557427954,-0.006423407881452174,True,Solve_Succeeded,1,0.0123641440004576,0.016010026003641542,0.016456799006846268,True,3.886965913579843e-07,
77.2,91.912,91.883,4.483333399999999,16.77835919765733,197.1631751797022,-3.122595568917646,5.4284192816398456,-0.013766879346241875,399.5405554754716,0.005704318639667631,-0.00020854502014033827,5.4166666667,5.366566557427954,-0.006423407881452174,5.3658669918778354,-0.006100284701599343,True,Solve_Succeeded,1,0.011757018997741397,0.014146986999548972,0.014389555995876435,True,6.204566611600626e-07,
77.3,92.012,91.985,4.483333399999999,16.22485808053385,197.15307156041465,-3.1240584452239046,5.42839140412543,-0.012065665036358454,400.0941410235941,0.005562348796517697,-0.0002864004029925482,5.4166666667,5.3658669918778354,-0.006100284701599343,5.365250429198302,-0.006022753130013965,True,Solve_Succeeded,1,0.01377953000337584,0.016388595999160316,0.01670582299993839,True,1.2842548100522322e-06,
77.4,92.112,92.087,4.483333399999999,15.671350552090704,197.1437246405812,-3.1253256867428476,5.428277193428966,-0.010093676951073239,400.6477201922177,0.005414879554617934,-0.00022476167088791854,5.4166666667,5.365250429198302,-0.006022753130013965,5.3647691611968,-0.006148137799706581,True,Solve_Succeeded,1,0.0123113919980824,0.01611676900211023,0.016493513001478277,True,1.5952932548302101e-06,
77.5,92.212,92.189,4.483333399999999,15.11784921471644,197.1350251995715,-3.1264084014254716,5.428061692806757,-0.008757882635636417,401.20128307806874,0.005340215441903103,-3.475858782264751e-05,5.4166666667,5.3647691611968,-0.006148137799706581,5.364455514142845,-0.006329180028116403,True,Solve_Succeeded,1,0.011598623997997493,0.013960621996375266,0.014184405001287814,True,1.3210199512059262e-06,
77.6,92.312,92.291,4.483333399999999,14.564365528692942,197.12689415412422,-3.1273970586465105,5.427767386163918,-0.008528058373965405,401.75481999363785,0.005386462529894778,0.0001931237393764107,5.4166666667,5.364455514142845,-0.006329180028116403,5.364299549153534,-0.006391607915606997,True,Solve_Succeeded,1,0.012944892005180009,0.01570566299778875,0.01623025199660333,True,8.069446186809159e-07,
77.7,92.412,92.393,4.483333399999999,14.010905801997932,197.1193119915315,-3.128405657754581,5.427448643619591,-0.009224861075260746,402.30832532332613,0.0055420554063543995,0.00034488389659781404,5.4166666667,5.364299549153534,-0.006391607915606997,5.36425261444989,-0.006232871782457391,True,Solve_Succeeded,1,0.013805287002469413,0.016425907000666484,0.01677472500159638,True,4.280777119447521e-07,
77.8,92.512,92.495,4.483333399999999,13.457469688669589,197.11231166377735,-3.1294987901024194,5.427160577360383,-0.010030170543038317,402.86179947001546,0.00574287454377177,0.00035594366783398,5.4166666667,5.36425261444989,-0.006232871782457391,5.364259960707782,-0.0059148267922014275,True,Solve_Succeeded,1,0.012326700998528395,0.014835928996035364,0.01512974000070244,True,3.821025176264925e-07,
77.9,92.612,92.597,4.483333399999999,12.904052740104845,197.10593613431288,-3.1306465557151153,5.426924098739374,-0.010035219627206765,403.4152470317998,0.005914759730039504,0.0002562247803501449,5.4166666667,5.364259960707782,-0.0059148267922014275,5.364291353195217,-0.005611318515632558,True,Solve_Succeeded,1,0.013088983003399335,0.016038168003433384,0.016437010999652557,True,6.859440153661467e-07,
78.0,92.712,92.699,4.483333399999999,12.350651094825448,197.10018922048715,-3.131749075313173,5.426718610834431,-0.008954084596929916,403.96867260828463,0.006022731290479603,0.0001456272846978024,5.4166666667,5.364291353195217,-0.005611318515632558,5.364350084458311,-0.005463434496578137,True,Solve_Succeeded,1,0.020161795000603888,0.024133325001457706,0.024651118998008315,True,1.33633629850749e-06,
78.1,92.812,92.801,4.483333399999999,11.79720900361911,197.09498868717895,-3.1322147631355697,5.43027203800814,0.015135628361339526,404.5221334643127,0.0061174320750049934,0.0006158429593798864,5.4166666667,5.364350084458311,-0.005463434496578137,5.364534351382345,-0.011893439725537547,True,Solve_Succeeded,2,0.022519742997246794,0.025692664996313397,0.026315183997212444,True,2.991540881680521e-08,
78.2,92.912,92.903,4.483333399999999,11.244055047849054,197.08942024936155,-3.1309397445745297,5.417937259910831,0.006090017739383729,405.0753088188243,0.00708476935567152,0.0027702479655999923,5.4166666667,5.364534351382345,-0.011893439725537547,5.369201463717835,-0.010809727935134095,True,Solve_Succeeded,2,0.025972157003707252,0.02928669699758757,0.029733229996054433,True,2.0908290210286395e-08,
78.3,93.012,93.005,4.483333399999999,10.690902937465133,197.0845067092677,-3.134320986542063,5.424694899956129,-0.036025621755501114,405.62847606035,0.007868204115183247,0.00021236736417939994,5.4166666667,5.369201463717835,-0.010809727935134095,5.3690890926347485,0.00021375123272836014,True,Solve_Succeeded,2,0.02765783000359079,0.03186871199432062,0.03236829800152918,True,7.596293256639797e-07,
78.4,93.112,93.107,4.483333399999999,10.137709611108448,197.081522263124,-3.1382134533619634,5.418363963516652,-0.034914025373050536,406.18167122977025,0.007162294091617227,-0.0029127058371956056,5.4166666667,5.3690890926347485,0.00021375123272836014,5.3714200927772815,0.00229570363669238,True,Solve_Succeeded,2,0.022261183003138285,0.025005656003486365,0.025297592997958418,True,6.514349060182667e-08,
78.5,93.213,93.209,4.483333399999999,9.58467315346316,197.0803487000735,-3.140695175432448,5.427664592407234,-0.013540431730605386,406.73470057665094,0.005055437036712824,-0.004683243000040971,5.4166666667,5.3714200927772815,0.00229570363669238,5.369091855376883,0.0025538469340301347,True,Solve_Succeeded,2,0.020689035001851153,0.024404773001151625,0.02475119600421749,True,1.8949686264591037e-09,
78.6,93.312,93.311,4.483333399999999,9.031118242890674,197.0800992134655,-3.1411374409310633,5.425166144774606,0.003538351912553684,407.2882467261434,0.0023997968018240625,-0.0044697008262963855,5.4166666667,5.369091855376883,0.0025538469340301347,5.368222338090163,0.0015629859136816922,True,Solve_Succeeded,2,0.024098432004393544,0.02835950300504919,0.029188388005422894,True,2.51278731155935e-09,
78.7,93.412,93.379,4.483333399999999,8.662186361130964,197.07983636001163,-3.1405320731707858,5.426782652625147,0.008413579845244663,407.6571750644939,0.0009213457517595844,-0.0034583826830889564,5.4166666667,5.368222338090163,0.0015629859136816922,5.366741851984989,0.0005956943880598873,True,Solve_Succeeded,1,0.014267535996623337,0.018950000005133916,0.01946866399521241,True,1.2347235944787371e-07,
78.8,93.512,93.481,4.483333399999999,8.108726776523723,197.07895801770636,-3.139503064962118,5.42739855805217,0.009071910905418866,408.2106333024825,-0.0005431862212214543,-0.0018670727191123504,5.4166666667,5.366741851984989,0.0005956943880598873,5.3656868066528345,-0.0009071244795274107,True,Solve_Succeeded,2,0.021657490004145075,0.023862738999014255,0.02412527699925704,True,2.2679520483848137e-09,
78.9,93.612,93.583,4.483333399999999,7.555209235585894,197.07758239055968,-3.1387963078610226,5.427915716437173,0.004542685101560366,408.7641525930256,-0.0012149311625476004,-0.0006539932947684512,5.4166666667,5.3656868066528345,-0.0009071244795274107,5.364595781826219,-0.0010827677843692066,True,Solve_Succeeded,2,0.022792350995587185,0.02651155999774346,0.027103906002594158,True,2.2677690836303555e-09,
79.0,93.713,93.685,4.483333399999999,7.00164624394126,197.07594637064705,-3.138588016302194,5.428312110443199,-0.0007037208939165268,409.31771856689966,-0.0013616711331554622,4.617958319297344e-06,5.4166666667,5.364595781826219,-0.0010827677843692066,5.363251053554881,-0.0007991233283973404,True,Solve_Succeeded,1,0.015203663002466783,0.019362686995009426,0.019937837998440955,True,1.6417427781689753e-06,
79.1,93.812,93.787,4.483333399999999,6.448047363860606,197.07432254691182,-3.1387770406551376,5.428620831901761,-0.002970756092721621,409.87132034953333,-0.0012869310081586498,0.0002098952385471975,5.4166666667,5.363251053554881,-0.0007991233283973404,5.36197914808266,-0.0005922992274582978,True,Solve_Succeeded,1,0.013665755999682005,0.01746981700125616,0.017942306003533304,True,5.5892579453598046e-08,
79.2,93.912,93.889,4.483333399999999,5.894421759875039,197.0728565626692,-3.1391124529418883,5.428825600473455,-0.0031959297828802248,410.4249482998279,-0.0011673178441396139,0.0002127557521078849,5.4166666667,5.36197914808266,-0.0005922992274582978,5.360773103274848,-0.0003601993564847768,True,Solve_Succeeded,1,0.013922935002483428,0.016582926000410225,0.01683812100236537,True,2.2291225221238165e-07,
79.3,94.012,93.991,4.483333399999999,5.340779729543022,197.07156645668692,-3.139394219923644,5.428938095194287,-0.0022598088777197266,410.9785921367569,-0.0010518520117473254,0.0002132250818056569,5.4166666667,5.360773103274848,-0.0003601993564847768,5.359690505348395,-0.0003003687915183853,True,Solve_Succeeded,1,0.012580902999616228,0.016559253999730572,0.017126489998190664,True,3.3706480273565376e-08,
79.4,94.112,94.093,4.483333399999999,4.787130200501169,197.0704033834897,-3.1395687398674514,5.428968855398564,-0.0011767452375441617,411.53224309748265,-0.0009226876603662371,0.00026490146516833235,5.4166666667,5.359690505348395,-0.0003003687915183853,5.358751944669532,-0.0003098659790316897,True,Solve_Succeeded,1,0.017528099000628572,0.02019892599491868,0.020502325998677406,True,2.0663019739686206e-08,
79.5,94.212,94.195,4.483333399999999,4.233481251684951,197.06930887176753,-3.1396512141646435,5.4289268724102495,-0.0005197503315115547,412.0858932459489,-0.0007523635120233387,0.0003525831870758722,5.4166666667,5.358751944669532,-0.0003098659790316897,5.357963669011838,-0.0003049698297972431,True,Solve_Succeeded,1,0.01611316100024851,0.019439654002781026,0.01973353500216035,True,8.651954885863233e-08,
79.6,94.312,94.297,4.483333399999999,3.679839652987033,197.06824575585784,-3.1396905591786988,5.428826636315669,-0.00031832395947110464,412.6395358973322,-0.0005347299194221482,0.00042735634494839303,5.4166666667,5.357963669011838,-0.0003049698297972431,5.357319804127262,-0.0002348087605572489,True,Solve_Succeeded,1,0.015620307000062894,0.01858383299986599,0.01888399600284174,True,1.7947971553411435e-07,
79.7,94.412,94.399,4.483333399999999,3.1262106657426068,197.06720200224362,-3.1397257810943477,5.428681322342365,-0.0003993750008974231,413.193165838973,-0.0002887711710375497,0.00045021935247779865,5.4166666667,5.357319804127262,-0.0002348087605572489,5.356803801751088,-6.567847702195025e-05,True,Solve_Succeeded,1,0.012057978005032055,0.016593555999861564,0.016929880999668967,True,3.0005456164161615e-07,
79.8,94.512,94.501,4.483333399999999,2.572598255202981,197.06618003336158,-3.1397664585335314,5.428503019127401,-0.0003711023648478244,413.74677914187913,-4.792560804797148e-05,0.0004115995702131947,5.4166666667,5.356803801751088,-6.567847702195025e-05,5.35640430357976,0.00015163961465824367,True,Solve_Succeeded,1,0.0133585250005126,0.01632245799555676,0.0166666270015412,True,2.2301411828351547e-07,
79.9,94.612,94.603,4.483333399999999,2.019005257908919,197.06517604874358,-3.1397830924237113,5.428302058882433,-1.9272476498394028e-07,414.30037301438244,0.00016059566954338905,0.0003410028006141097,5.4166666667,5.35640430357976,0.00015163961465824367,5.356112139968198,0.00036298365462218626,True,Solve_Succeeded,1,0.013866619003238156,0.01754502200492425,0.017930169000464957,True,1.2709032137792065e-07,
80.0,94.712,94.705,4.483333399999999,1.465433564178255,197.0641726091324,-3.1397725542073767,5.428086426965164,0.00018799896839322123,414.85394562131006,0.0003232261787460211,0.0002415645479514339,5.4166666667,5.356112139968198,0.00036298365462218626,5.355899760369116,0.000697710905845181,True,Solve_Succeeded,1,0.014804414997342974,0.018614314998558257,0.01906463499472011,True,4.878946668895878e-07,
80.1,94.812,94.807,4.483333399999999,0.9117448047693407,197.06321274210418,-3.1396362189782265,5.431152055211467,0.009247512251253467,415.40763526912536,0.00036569590978122597,0.00021186762807623438,5.4166666667,5.355899760369116,0.000697710905845181,5.354991793260338,-0.0013082636391825117,True,Solve_Succeeded,2,0.019224734998715576,0.02192004599783104,0.022214468001038767,True,4.80542361458447e-09,
80.2,94.912,94.909,4.483333399999999,0.3586257156883391,197.06172556042193,-3.1386884054225876,5.420141547586983,-0.008209978802560223,415.96075629915043,0.0008291551838097269,0.000937866762984907,5.4166666667,5.354991793260338,-0.0013082636391825117,5.3582509702302445,0.0030664743097056735,True,Solve_Succeeded,2,0.01942558399605332,0.02189076999638928,0.022137397005280945,True,2.0372489473174937e-08,
80.3,95.012,95.011,4.483333399999999,-0.1948468151851922,197.06043457992217,-3.1396489285507987,5.426418920829368,-0.009723003044339942,416.5142305714085,0.0009574636592289837,-0.0003005914110403296,5.4166666667,5.3582509702302445,0.0030664743097056735,5.358307793079119,0.003629640858078271,True,Solve_Succeeded,2,0.023943782995047513,0.026726942996901926,0.027474666996567976,True,6.136916752552679e-09,
80.4,95.112,95.079,4.483333399999999,-0.5637267073819563,197.0597993877914,-3.1399391732340236,5.419664803104257,0.0009743306007960282,416.88311111993005,0.0007256351148540225,-0.000807172966709846,5.4166666667,5.358307793079119,0.003629640858078271,5.361138938348797,0.002810345337855531,True,Solve_Succeeded,2,0.01822150500083808,0.021208361999015324,0.021605908004858065,True,4.6076511495130035e-09,
80.5,95.212,95.181,4.483333399999999,-1.1167710674446965,197.05866096996093,-3.1391069927477946,5.427757186268546,0.010490504467682541,417.43615676871434,0.00040320178857240107,-0.0003459406385988295,5.4166666667,5.361138938348797,0.002810345337855531,5.360226950605515,0.0010595916244457207,True,Solve_Succeeded,2,0.02270719200168969,0.026776052996865474,0.027135862997965887,True,2.138246024685486e-09,
80.6,95.312,95.283,4.483333399999999,-1.6703217659318998,197.05706850431213,-3.138472407231473,5.4255732076218175,0.022729522614380732,417.9897099070768,0.0003125507496485008,-0.0001386371546026055,5.4166666667,5.360226950605515,0.0010595916244457207,5.360943208661473,-0.002273957671132191,True,Solve_Succeeded,2,0.02216598800441716,0.02524756300408626,0.025606580995372497,True,5.803338254395385e-09,
80.7,95.412,95.385,4.483333399999999,-2.223639654415515,197.05509439983186,-3.137710928585597,5.42581806452837,0.0024472453371432606,418.54303148182356,0.0003523783386775047,0.0001397509011882292,5.4166666667,5.360943208661473,-0.002273957671132191,5.360873568217994,0.0030688157962033683,True,Solve_Succeeded,2,0.02457744900311809,0.028162267000880092,0.02852229400014039,True,5.3467617000535483e-08,
80.8,95.512,95.487,4.483333399999999,-2.776976535940806,197.0528803129851,-3.1376301768790236,5.426038902025971,-0.0031199765436348468,419.096372988761,0.00034931335482577127,-0.00031858767640402524,5.4166666667,5.360873568217994,0.0030688157962033683,5.360864664980267,0.0038027291565771526,True,Solve_Succeeded,2,0.02083446300093783,0.02585445300064748,0.026371203995950054,True,8.83262707418453e-09,
80.9,95.612,95.589,4.483333399999999,-3.330334798557563,197.050782680023,-3.137812473242857,5.426225989475975,0.0023689755232013986,419.6497351424305,-8.409911077033551e-05,-0.0010959848767964075,5.4166666667,5.360864664980267,0.0038027291565771526,5.360396741894583,0.004186173940759073,True,Solve_Succeeded,1,0.01578187099948991,0.019196437002392486,0.01963034000073094,True,2.9651396804553087e-07,
81.0,95.712,95.691,4.483333399999999,-3.8837117286810727,197.0485505957796,-3.137168931071638,5.426410849398537,0.009638001471997507,420.2031159419378,-0.0007279641796523366,-0.0011035621531414463,5.4166666667,5.360396741894583,0.004186173940759073,5.360182111780572,0.0035795925303836996,True,Solve_Succeeded,2,0.023302546003833413,0.026310909997846466,0.02683221000188496,True,2.3833699458464253e-09,
81.1,95.813,95.793,4.483333399999999,-4.437103009653894,197.04579312785526,-3.1359896225892614,5.4265503234167,0.012980583258787206,420.75651319163444,-0.0012223573928016286,-0.0006313988732911113,5.4166666667,5.360182111780572,0.0035795925303836996,5.359752327868668,0.0029595842630929206,True,Solve_Succeeded,1,0.012121174004278146,0.014967904004151933,0.01530046600237256,True,5.440355046459899e-07,
81.2,95.912,95.895,4.483333399999999,-4.990503413296782,197.0423234067102,-3.1346724406475537,5.426675390429612,0.012408405235464754,421.30992344760574,-0.001411408963901812,-7.739241551840692e-05,5.4166666667,5.359752327868668,0.0029595842630929206,5.359382229890506,0.0025952019855143478,True,Solve_Succeeded,1,0.015414890003739856,0.01905867700406816,0.01953043400135357,True,4.3911231983884136e-08,
81.3,96.012,95.997,4.483333399999999,-5.543910924172428,197.03816259263598,-3.1335206447484922,5.426778021324458,0.010164301051909295,421.86334548186767,-0.001347294300992405,0.0002551912444399562,5.4166666667,5.359382229890506,0.0025952019855143478,5.359051805592509,0.0024699536785052685,True,Solve_Succeeded,1,0.01358524800161831,0.017765067001164425,0.0182731410022825,True,1.429532829888558e-07,
81.4,96.112,96.099,4.483333399999999,-6.0973225378320715,197.03342852608975,-3.132592333005725,5.42684670898897,0.008230324629892993,422.4167762307561,-0.0011788580192184435,0.0003082511781844488,5.4166666667,5.359051805592509,0.0024699536785052685,5.35875381308197,0.0024096850099192156,True,Solve_Succeeded,1,0.01282447900302941,0.01705712900002254,0.01758107299974654,True,1.2894806644681012e-07,
81.5,96.213,96.201,4.483333399999999,-6.650735462595659,197.02822684767057,-3.131811724461874,5.42688751796385,0.00725986045943319,422.9702125702796,-0.0010427408119116541,0.00015756716285064698,5.4166666667,5.35875381308197,0.0024096850099192156,5.358495334309184,0.00228390709809382,True,Solve_Succeeded,1,0.01399318400217453,0.017565663998539094,0.018281232994922902,True,4.399942330479689e-07,
81.6,96.312,96.303,4.483333399999999,-7.2041473466223795,197.02261327209482,-3.1310923035351514,5.426905966903941,0.006939742279006878,423.5236519726679,-0.0010197258734737653,-6.523330938579264e-05,5.4166666667,5.358495334309184,0.00228390709809382,5.358289197661164,0.0020566794950441503,True,Solve_Succeeded,1,0.013025420004851185,0.01726814900030149,0.017551288001413923,True,6.205130755887467e-07,
81.7,96.412,96.405,4.483333399999999,-7.75755604717421,197.01660908815884,-3.1303999682665986,5.426906265819538,0.006675120060534215,424.07709237788504,-0.0010975683301159961,-0.00020082489248540722,5.4166666667,5.358289197661164,0.0020566794950441503,5.358145100233811,0.001755416801460179,True,Solve_Succeeded,1,0.013724753000133205,0.01693939099641284,0.017207830998813733,True,6.104781675730919e-07,
81.8,96.512,96.507,4.483333399999999,-8.31095990563054,197.01023197194834,-3.1297504959597764,5.426893676723829,0.006112518668002846,424.6305321549964,-0.0012269963130727727,-0.00025764009232753793,5.4166666667,5.358145100233811,0.001755416801460179,5.358065152448051,0.001423154961294515,True,Solve_Succeeded,1,0.01578457600408001,0.020107128002564423,0.020488731999648735,True,5.048828812803663e-07,
81.9,96.612,96.609,4.483333399999999,-8.864358026622602,197.00351496325828,-3.1291775577743977,5.426873101370885,0.0052216050522627695,425.18397026882053,-0.001373713380636691,-0.00026934400138323156,5.4166666667,5.358065152448051,0.001423154961294515,5.358046182918411,0.0010840950407724672,True,Solve_Succeeded,1,0.021651032999216113,0.02694177800003672,0.027345747002982534,True,4.3546913364167494e-07,
82.0,96.712,96.711,4.483333399999999,-9.417750259171306,196.99650843399536,-3.1287074159561663,5.426848864652544,0.004137285121514153,425.737406171431,-0.0015207588129079893,-0.0002621940824845126,5.4166666667,5.358046182918411,0.0010840950407724672,5.358082858350362,0.0007428939303007342,True,Solve_Succeeded,1,0.014089223004702944,0.019046565997996368,0.019684515995322727,True,4.120673890994908e-07,
82.1,96.812,96.779,4.483333399999999,-9.786675344249788,196.9917062558482,-3.128458512521892,5.426832690144553,0.00320461608968448,426.10636212052844,-0.0016154089325611386,-0.00025436626475183743,5.4166666667,5.358082858350362,0.0007428939303007342,5.3581752769788,0.0003394935226153434,True,Solve_Succeeded,1,0.01708974000212038,0.020334052001999225,0.02119833700271556,True,6.141173587437265e-07,
82.2,96.912,96.881,4.483333399999999,-10.340059053772151,196.98435568213898,-3.1281856263243175,5.426810892606905,0.002014817093367311,426.6597941945611,-0.0017518756370373061,-0.00024171144397033828,5.4166666667,5.3581752769788,0.0003394935226153434,5.358306386951654,5.084967978484837e-06,True,Solve_Succeeded,1,0.017208605997439008,0.022420325003622565,0.023077795005519874,True,2.4878437798747655e-07,
82.3,97.012,96.983,4.483333399999999,-10.893439258384044,196.97688879455475,-3.1280422084446866,5.426795274624635,0.0006273173304198865,427.21322450770543,-0.0018823458434706496,-0.00023686135673273156,5.4166666667,5.358306386951654,5.084967978484837e-06,5.358470038907772,-0.0002881118490163534,True,Solve_Succeeded,1,0.014847798003756907,0.021084361003886443,0.02144245799718192,True,2.654034059190735e-07,
82.4,97.112,97.085,4.483333399999999,-11.44681772318304,196.96938212910553,-3.128028880418431,5.426786503493365,-8.729346234242249e-05,427.7666538369941,-0.0020160378327509485,-0.00024043033348553067,5.4166666667,5.358470038907772,-0.0002881118490163534,5.358690446476121,-0.0007533950684036782,True,Solve_Succeeded,1,0.018009510000410955,0.023435582996171433,0.023987383996427525,True,8.892227958412491e-07,
82.5,97.212,97.187,4.483333399999999,-12.000195595825366,196.9618810149793,-3.1280539919101806,5.426782472537303,-0.00037929093868197417,428.3200827533763,-0.0021309536415292174,-0.00016075903278167658,5.4166666667,5.358690446476121,-0.0007533950684036782,5.358973673765682,-0.0013775770867557892,True,Solve_Succeeded,1,0.01569217100040987,0.02119751099962741,0.02172265900298953,True,7.787206994791518e-07,
82.6,97.312,97.289,4.483333399999999,-12.553573442718411,196.95439851577112,-3.128090576432568,5.426782454838301,-0.0005239328256694663,428.87351167263915,-0.002172819530320883,2.912965219570296e-05,5.4166666667,5.358973673765682,-0.0013775770867557892,5.359338727200053,-0.002188547418919465,True,Solve_Succeeded,1,0.01527350299875252,0.018402478002826683,0.018773159994452726,True,8.284588117746239e-07,
82.7,97.412,97.391,4.483333399999999,-13.10695226594301,196.94695001685213,-3.1282063447515993,5.426791921388663,-0.0019289425196385036,429.42694135987614,-0.0020896826757000973,0.0002615373164882584,5.4166666667,5.359338727200053,-0.002188547418919465,5.359726588956407,-0.0027706730896061766,True,Solve_Succeeded,1,0.013072636997094378,0.016607692996331025,0.01698816399584757,True,5.446789685947806e-09,
82.8,97.512,97.493,4.483333399999999,-13.660334514098949,196.93961458217404,-3.1285233452005916,5.426824460851769,-0.0044870510951772954,429.9803731278309,-0.0018932738924202683,0.0004144301432269515,5.4166666667,5.359726588956407,-0.0027706730896061766,5.360088888176716,-0.0030490539908615377,True,Solve_Succeeded,1,0.011973267995927017,0.015190438003628515,0.015461625000170898,True,1.9169845622002413e-07,
82.9,97.612,97.595,4.483333399999999,-14.213725023378213,196.93253264697722,-3.129121292140849,5.426886861560929,-0.0071252667818000265,430.53380995548633,-0.001656708599402256,0.00040811211703539746,5.4166666667,5.360088888176716,-0.0030490539908615377,5.36038324837872,-0.0030783208317719034,True,Solve_Succeeded,1,0.015070790999743622,0.018043064999801572,0.01838925899937749,True,2.8850665767521377e-07,
83.0,97.713,97.697,4.483333399999999,-14.767127625940587,196.9258481888271,-3.1299372690763816,5.426962629302747,-0.008651375248256758,431.0872540107796,-0.0014566149970329306,0.0003055199429304878,5.4166666667,5.36038324837872,-0.0030783208317719034,5.360609853173846,-0.003084617291195992,True,Solve_Succeeded,1,0.01350689800165128,0.016357787004380953,0.016619965004792903,True,3.2232877700266727e-08,
83.1,97.812,97.799,4.483333399999999,-15.320544002232033,196.9196460562958,-3.1308395715195054,5.427046367864631,-0.008875550430070739,431.6407062902928,-0.001310453954742406,0.00023837828526263038,5.4166666667,5.360609853173846,-0.003084617291195992,5.360781786029945,-0.003186369896178271,True,Solve_Succeeded,1,0.013016072996833827,0.017156602996692527,0.01789574600115884,True,3.106234824912235e-08,
83.2,97.912,97.901,4.483333399999999,-15.873974491664322,196.9139417275081,-3.131725317510736,5.427132560557329,-0.008440743464323447,432.1941673626562,-0.0011662895509187007,0.00030958881923215387,5.4166666667,5.360781786029945,-0.003186369896178271,5.360915894980062,-0.003380810252699049,True,Solve_Succeeded,1,0.012215739996463526,0.014904975003446452,0.015143497003009543,True,9.572917036848594e-08,
83.3,98.012,98.003,4.483333399999999,-16.427418067552154,196.90871400049429,-3.1325625368464785,5.4272081522459885,-0.007960111743997085,432.74763667735004,-0.0009472490539839925,0.000483618846117917,5.4166666667,5.360915894980062,-0.003380810252699049,5.361032358740098,-0.003629342959527401,True,Solve_Succeeded,1,0.01419587300188141,0.01735995199851459,0.017623973995796405,True,1.445150159540276e-07,
83.4,98.112,98.105,4.483333399999999,-16.980872241908685,196.90393728596175,-3.133357784441969,5.42725755107166,-0.0075760505578476,433.301112168486,-0.0006276291220407958,0.0006703735237021391,5.4166666667,5.361032358740098,-0.003629342959527401,5.361155752618568,-0.003928760234962523,True,Solve_Succeeded,1,0.013707728001463693,0.01650635300029535,0.016776005999417976,True,2.709664004285628e-07,
83.5,98.212,98.207,4.483333399999999,-17.534332726758013,196.89958964476546,-3.134110844297004,5.427256869039518,-0.007046292612555335,433.8545899822764,-0.00020176594595037125,0.00086981776712447,5.4166666667,5.361155752618568,-0.003928760234962523,5.3613232685750285,-0.004335154655819169,True,Solve_Succeeded,1,0.015203805000055581,0.01879499600181589,0.019204975993488915,True,6.723957364229705e-07,
83.6,98.312,98.309,4.483333399999999,-18.087791687283172,196.89563749298466,-3.1347674392568132,5.427165404048379,-0.005352518085136069,434.40806273428836,0.00034764435904160665,0.0011362043454097304,5.4166666667,5.3613232685750285,-0.004335154655819169,5.3618934074989015,-0.005148345517180953,True,Solve_Succeeded,2,0.020346548000816256,0.023124019004171714,0.023402858998451848,True,2.35557440220191e-09,
83.7,98.412,98.411,4.483333399999999,-18.64123723164995,196.89199728051295,-3.1352316287822006,5.426920133706675,-0.0037140550598160882,434.961519133902,0.001087857524453473,0.0015654458598133305,5.4166666667,5.3618934074989015,-0.005148345517180953,5.362626140734517,-0.006147199863428352,True,Solve_Succeeded,2,0.021903845998167526,0.02495700999861583,0.02549786400049925,True,2.3624089351415023e-09,
83.8,98.512,98.479,4.483333399999999,-19.010181369668846,196.88969432266293,-3.135461893590903,5.426593573388343,-0.0029567945130913394,435.33046909290823,0.0017287433095576512,0.0019143627663984475,5.4166666667,5.362626140734517,-0.006147199863428352,5.363548850745763,-0.007220696759148539,True,Solve_Succeeded,2,0.020531483001832385,0.024171666998881847,0.024538781995943282,True,2.4429942513393144e-09,
83.9,98.612,98.581,4.483333399999999,-19.563544585683385,196.8863803230725,-3.1357341238318006,5.425839520703984,-0.0021982587762355422,435.8838389440703,0.0029444274287308233,0.002486209072067424,5.4166666667,5.363548850745763,-0.007220696759148539,5.364868173540577,-0.008553234149838362,True,Solve_Succeeded,2,0.023205101002531592,0.026435304003825877,0.026983438001479954,True,2.7608955122104817e-09,
84.0,98.712,98.683,4.483333399999999,-20.116817441604447,196.8832009130135,-3.1359528429850183,5.424852126692452,-0.0017518660797520929,436.4371157851919,0.004484668127425882,0.0030818945944028897,5.4166666667,5.364868173540577,-0.008553234149838362,5.36661425138162,-0.009951913240253553,True,Solve_Succeeded,2,0.02179175999481231,0.025626231996284332,0.025983017003454734,True,2.908643104149178e-09,
84.1,98.812,98.785,4.483333399999999,-20.669995430054563,196.88016211961656,-3.1364356539274585,5.4240395017083065,-0.012361178659910295,436.99029482921196,0.006326882557039113,0.003383817491191987,5.4166666667,5.36661425138162,-0.009951913240253553,5.368045149978422,-0.008148919568920528,True,Solve_Succeeded,2,0.02287683000031393,0.02538417500181822,0.025733854999998584,True,4.189847579993966e-09,
84.2,98.912,98.887,4.483333399999999,-21.223120741575713,196.8777327015617,-3.1380898371853507,5.423793405426255,-0.02121110637565253,437.54341760176374,0.007985707891565703,0.0024847621921719742,5.4166666667,5.368045149978422,-0.008148919568920528,5.369080683642401,-0.005952830934033343,True,Solve_Succeeded,2,0.021233881001535337,0.02516349700454157,0.025506363999738824,True,2.5525022095962413e-09,
84.3,99.012,98.989,4.483333399999999,-21.776254907356975,196.87645294847425,-3.1404351981357377,5.424121610059027,-0.021002916558520063,438.0965463716533,0.008904380172920607,0.0008650069412561301,5.4166666667,5.369080683642401,-0.005952830934033343,5.3695444805749855,-0.004376428595654383,True,Solve_Succeeded,2,0.020457245998841245,0.02359857299597934,0.023988124004972633,True,2.3892869904784675e-09,
84.4,99.112,99.091,4.483333399999999,-22.329439592801823,196.87641646261002,3.1406746012386333,5.4246931107835,-0.015935708735692337,438.6497248428062,0.00897299456750053,-0.0005143691280458108,5.4166666667,5.3695444805749855,-0.004376428595654383,5.3691998501153995,-0.003309433969128016,True,Solve_Succeeded,1,0.01566549799463246,0.018259819997183513,0.01853460299753351,True,8.464445375722107e-07,
84.5,99.212,99.193,4.483333399999999,-22.88268058771444,196.87733100246223,3.1393088904489987,5.425169266256834,-0.010692282201916386,439.20296055827026,0.008467561860767558,-0.00121342498616972,5.4166666667,5.3691998501153995,-0.003309433969128016,5.368596048304204,-0.0027578303376815504,True,Solve_Succeeded,1,0.014043390001461376,0.017420035001123324,0.017931866001163144,True,1.3257048747661315e-06,
84.6,99.312,99.295,4.483333399999999,-23.435949250620197,196.87886303323177,3.138395140947241,5.42528723099157,-0.00735634223716289,439.7562256725334,0.007705332931993833,-0.0014900398429902317,5.4166666667,5.368596048304204,-0.0027578303376815504,5.367974063995824,-0.0023683056765969558,True,Solve_Succeeded,1,0.01538382100261515,0.01846397799818078,0.01878936099819839,True,3.548980416212544e-07,
84.7,99.412,99.397,4.483333399999999,-23.989231526574223,196.88081807474805,3.13776225041797,5.425506119478119,-0.005068702214089326,440.309506343735,0.006864457094724175,-0.0015153377898218245,5.4166666667,5.367974063995824,-0.0023683056765969558,5.367345322110163,-0.0022460504720750903,True,Solve_Succeeded,1,0.013379681004153099,0.016715222998755053,0.017053662006219383,True,8.729486395964159e-07,
84.8,99.512,99.499,4.483333399999999,-24.54254011199144,196.88306671331526,3.1373219444555454,5.42580924055007,-0.0035008881628296705,440.8628151814114,0.006058055878545626,-0.0013775843960632805,5.4166666667,5.367345322110163,-0.0022460504720750903,5.3666936517380055,-0.002259952572731944,True,Solve_Succeeded,1,0.01636477099964395,0.020218467005179264,0.02066982799442485,True,6.407321793133747e-07,
84.9,99.612,99.601,4.483333399999999,-25.095879707403324,196.8855203505545,3.1370129708319334,5.426116459928015,-0.0025357946690290198,441.4161566485806,0.005358432292145755,-0.0011380329057884,5.4166666667,5.3666936517380055,-0.002259952572731944,5.366037608143571,-0.0023589521816346076,True,Solve_Succeeded,1,0.016353842001990415,0.019631563998700585,0.02013944800273748,True,6.128568381669197e-07,
85.0,99.712,99.703,4.483333399999999,-25.64924758048718,196.8881189509742,3.1367929615720596,5.426367819846218,-0.0017063749574224626,441.96952771702206,0.0048093013329147125,-0.0008390594130598394,5.4166666667,5.366037608143571,-0.0023589521816346076,5.36542477277325,-0.0026021679294918458,True,Solve_Succeeded,1,0.012408943002810702,0.016188180998142343,0.01674296300188871,True,1.0674440451552414e-06,
85.1,99.812,99.805,4.483333399999999,-26.20263654664398,196.89082186151526,3.136632098416818,5.426532337650831,-0.001222990970668673,442.52292089978545,0.004434964546990095,-0.0005104928191763669,5.4166666667,5.36542477277325,-0.0026021679294918458,5.364882878541908,-0.0028731147063778655,True,Solve_Succeeded,1,0.013525488997402135,0.016401512002630625,0.01677149399620248,True,8.491543059818696e-07,
85.2,99.912,99.907,4.483333399999999,-26.756034872268316,196.89360237459243,3.1365097039846046,5.426559287075484,-0.000908156849981713,443.07632418668675,0.004245737531544467,-0.00017302255314399773,5.4166666667,5.364882878541908,-0.0028731147063778655,5.364466086621362,-0.0032096922716175705,True,Solve_Succeeded,1,0.013655082999321166,0.016907207005715463,0.01731018300051801,True,1.2590124685019077e-06,
85.3,100.012,100.009,4.483333399999999,-27.30942866373438,196.896443394024,3.1364109509319524,5.426450039000803,-0.0008140574583544533,443.6297234487996,0.00424228953864413,0.00015851358228946566,5.4166666667,5.364466086621362,-0.0032096922716175705,5.364207746958205,-0.0035580198905968714,True,Solve_Succeeded,1,0.012779064003552776,0.016344670999387745,0.01678475500375498,True,1.310502543816483e-06,
85.4,100.112,100.111,4.483333399999999,-27.862804938561126,196.89933488227223,3.136326018049308,5.426224571933957,-0.0005990293340540083,444.1831055188231,0.004418213434363546,0.00047428820074202355,5.4166666667,5.364207746958205,-0.0035580198905968714,5.364404935288294,-0.003996132049802696,True,Solve_Succeeded,2,0.020273778005503118,0.023932119998789858,0.024278747994685546,True,2.335084126059428e-09,
85.5,100.213,100.179,4.483333399999999,-28.23170720857571,196.9012875452481,3.1362734048940757,5.426015046382448,-0.0006678812007243522,444.5520117628373,0.004630057831775306,0.0006723781998196898,5.4166666667,5.364404935288294,-0.003996132049802696,5.3647058430460195,-0.00440040365905522,True,Solve_Succeeded,2,0.022308280000288505,0.02561722900281893,0.026576570002362132,True,2.303403690007144e-09,
85.6,100.312,100.281,4.483333399999999,-28.78503122684578,196.90425204944273,3.1361969788655326,5.425647476916671,-0.0006375034793182805,445.10534183785126,0.0050794823336630926,0.0009473558780239699,5.4166666667,5.3647058430460195,-0.00440040365905522,5.365178638922877,-0.004879372980956766,True,Solve_Succeeded,2,0.019518586006597616,0.023199335002573207,0.02348355599679053,True,2.3963746542676745e-09,
85.7,100.412,100.383,4.483333399999999,-29.338314264415743,196.90725851857385,3.1361202997199986,5.425217824948785,-0.0006308348476327166,445.6586309991062,0.005672935910952882,0.0011925044806324616,5.4166666667,5.365178638922877,-0.004879372980956766,5.365820878777163,-0.005376610653627988,True,Solve_Succeeded,2,0.02237161599623505,0.027667752998240758,0.02814163899893174,True,2.447067437572059e-09,
85.8,100.512,100.485,4.483333399999999,-29.89155054260847,196.9103078011202,3.136040974627993,5.424737681098476,-0.0006556531782960979,446.21187345235757,0.006393142529465866,0.0014054392077786915,5.4166666667,5.365820878777163,-0.005376610653627988,5.366631834762934,-0.005906862004671315,True,Solve_Succeeded,2,0.020897676004096866,0.02444362400274258,0.024975414999062195,True,2.530730291994132e-09,
85.9,100.612,100.587,4.483333399999999,-30.444735123885135,196.91340183380075,3.1359571755000646,5.42421100254494,-0.0006946883830545503,446.76506428095234,0.007221747766106042,0.0015843421440218108,5.4166666667,5.366631834762934,-0.005906862004671315,5.367610928844277,-0.006471684859529867,True,Solve_Succeeded,2,0.020366417003970128,0.023631889998796396,0.024031098997511435,True,2.623004036195198e-09,
86.0,100.712,100.689,4.483333399999999,-30.99786361474265,196.9165434801301,3.1358675989981655,5.423645339637403,-0.0007576581059573506,447.31819914506775,0.008139481018022759,0.0017279219030323922,5.4166666667,5.367610928844277,-0.006471684859529867,5.368753887942084,-0.00706758795491437,True,Solve_Succeeded,2,0.01924647000123514,0.02210258800187148,0.022669214005873073,True,2.7250912637555302e-09,
86.1,100.812,100.791,4.483333399999999,-31.550932366081213,196.91973617863712,3.1357709634824564,5.423049269074176,-0.0008129112806716775,447.8712743061072,0.00912960767476459,0.0018535420322622898,5.4166666667,5.368753887942084,-0.00706758795491437,5.370056348519388,-0.0077044435189808315,True,Solve_Succeeded,2,0.020799582001927774,0.02405972000269685,0.024570604000473395,True,2.848982383341081e-09,
86.2,100.912,100.893,4.483333399999999,-32.103940306906956,196.92298445672043,3.1356630337618845,5.4224802203149505,-0.0008286847939995447,448.42428846551,0.010191001861575786,0.0019839679480972983,5.4166666667,5.370056348519388,-0.0077044435189808315,5.371491796502463,-0.008387007789841801,True,Solve_Succeeded,2,0.02273287999560125,0.02528178800275782,0.025577881999197416,True,2.9820448332884553e-09,
86.3,101.012,100.995,4.483333399999999,-32.656899141571394,196.92631264632584,3.135362006124472,5.422131673427884,-0.007973474123266192,448.97725344920366,0.011308421085542206,0.0019376218516042876,5.4166666667,5.371491796502463,-0.008387007789841801,5.372593304188406,-0.007009986266252575,True,Solve_Succeeded,2,0.02263825599948177,0.025694424999528565,0.026078194001456723,True,3.1831470792553773e-09,
86.4,101.112,101.097,4.483333399999999,-33.20984324533925,196.93005895529177,3.1341853478867847,5.422269536961002,-0.014588817600409892,449.5302064201055,0.012152962532269884,0.0010319898219197654,5.4166666667,5.372593304188406,-0.007009986266252575,5.372964241991598,-0.005113679166602387,True,Solve_Succeeded,1,0.01377583199791843,0.017163845004688483,0.017942922000656836,True,3.24273541263409e-06,
86.5,101.212,101.199,4.483333399999999,-33.76282097307521,196.93462262215158,3.1325236026724186,5.422884197866964,-0.01461448339456089,450.08319943207687,0.01233485775812103,-0.0003423523018479812,5.4166666667,5.372964241991598,-0.005113679166602387,5.373098663173933,-0.003718966929101544,True,Solve_Succeeded,2,0.022953753999900073,0.026706775999628007,0.027151836999109946,True,2.541052701587887e-09,
86.6,101.312,101.301,4.483333399999999,-34.31586434966535,196.94006852187357,3.1310588018823142,5.423656557667082,-0.010867271099189406,450.63626569817325,0.011798606178116539,-0.0015033442741683165,5.4166666667,5.373098663173933,-0.003718966929101544,5.372450411146668,-0.0027047100832713576,True,Solve_Succeeded,1,0.012401895997754764,0.016141560998221394,0.0164347209938569,True,9.581511815071053e-07,
86.7,101.412,101.403,4.483333399999999,-34.86897292845208,196.9461721404564,3.130124287468322,5.42422507728846,-0.0074161492148974726,451.1894034000615,0.010777829996108532,-0.0021176310671537912,5.4166666667,5.372450411146668,-0.0027047100832713576,5.371562779302481,-0.0019548535681453453,True,Solve_Succeeded,1,0.012095418001990765,0.014783955994062126,0.015279892002581619,True,4.843456800074364e-07,
86.8,101.512,101.505,4.483333399999999,-35.42212375619716,196.95270389924164,3.129484618092677,5.4246976411700585,-0.005243912767307636,451.7425879296216,0.009511006617530135,-0.0024206542672509097,5.4166666667,5.371562779302481,-0.0019548535681453453,5.370559316774602,-0.0013717085100878525,True,Solve_Succeeded,1,0.01258569000492571,0.015819166001165286,0.016048377998231445,True,2.128722593752741e-07,
86.9,101.612,101.607,4.483333399999999,-35.97532902907112,196.9595326931271,3.129043428860581,5.425348545897549,-0.00362615328700954,452.29583053468656,0.008138474755878287,-0.0025087574263968904,5.4166666667,5.370559316774602,-0.0013717085100878525,5.3694229452768,-0.00103640049304754,True,Solve_Succeeded,1,0.013362105004489422,0.01677719700091984,0.017195344000356272,True,4.987575783488296e-07,
87.0,101.712,101.709,4.483333399999999,-36.52860222900428,196.96656326961292,3.128745311756609,5.426054668097994,-0.0033430334477697688,452.8491439484063,0.006764762529954638,-0.002437323776989242,5.4166666667,5.3694229452768,-0.00103640049304754,5.36813813141197,-0.000627533396522502,True,Solve_Succeeded,1,0.012280438997549936,0.015090984001290053,0.01534384300612146,True,4.929713970369676e-08,
87.1,101.812,101.811,4.483333399999999,-37.081941132262465,196.973741825649,3.1285040647245808,5.4266602616359085,-0.003051405701609506,453.40252550588554,0.00545281298067579,-0.0022925389591392786,5.4166666667,5.36813813141197,-0.000627533396522502,5.366843513614847,-0.00044312686415474165,True,Solve_Succeeded,1,0.013115075998939574,0.016031981002015527,0.016433665005024523,True,3.8629630072506416e-07,
87.2,101.912,101.879,4.483333399999999,-37.45086434966449,196.97859527761608,3.1283780279144686,5.4269987567624405,-0.002422971508673758,453.7714783906831,0.004631421110219342,-0.002152060019234625,5.4166666667,5.366843513614847,-0.00044312686415474165,5.3656339685212275,-0.0004334289927113205,True,Solve_Succeeded,1,0.01226844600023469,0.015238059000694193,0.01560728900221875,True,3.592435104948777e-07,
87.3,102.012,101.981,4.483333399999999,-38.0042926540183,196.98592647392638,3.1283447707624235,5.427518217610943,-0.0005684229009084798,454.32495248435606,0.003536564360642713,-0.0017717899058031783,5.4166666667,5.3656339685212275,-0.0004334289927113205,5.364472325704684,-0.001045490740766446,True,Solve_Succeeded,1,0.013586287997895852,0.017625188003876247,0.017947916996490676,True,3.160589816531001e-06,
87.4,102.112,102.083,4.483333399999999,-38.557770574512595,196.99325608243905,3.128354454891375,5.427956328204619,-0.0005561122803485994,454.878476937427,0.0026773233684016014,-0.0013320592215508853,5.4166666667,5.364472325704684,-0.001045490740766446,5.3633467671465676,-0.0013372177548664585,True,Solve_Succeeded,1,0.013486111005477142,0.016677999999956228,0.017239714004972484,True,5.45089529069287e-08,
87.5,102.212,102.185,4.483333399999999,-39.11128788402017,197.0005812381595,3.128362906259647,5.42828919514793,-0.0005096404747101395,455.43204132314816,0.0020656288263754753,-0.0008770301046565621,5.4166666667,5.3633467671465676,-0.0013372177548664585,5.3623755101778485,-0.001931637854945975,True,Solve_Succeeded,1,0.015584708999085706,0.017821534995164257,0.018343389994697645,True,1.4543321746884885e-06,
87.6,102.312,102.287,4.483333399999999,-39.66483414449051,197.00790388902502,3.1283591843490735,5.428517342209928,-0.000939200825705662,455.98563503212125,0.0017085911487837524,-0.000417631491588466,5.4166666667,5.3623755101778485,-0.001931637854945975,5.361547195351262,-0.0024539297114309433,True,Solve_Succeeded,1,0.01495684599649394,0.017723083998134825,0.018131751006876584,True,3.100683025891726e-07,
87.7,102.412,102.389,4.483333399999999,-40.218396265587806,197.0152462295903,3.1282857571091367,5.428585567481231,-0.0016212989813300092,456.53924504628344,0.001593034193910347,-1.1386168208726843e-05,5.4166666667,5.361547195351262,-0.0024539297114309433,5.360905297412131,-0.0029726463494120442,True,Solve_Succeeded,1,0.01219164299982367,0.015500342000450473,0.01587110399850644,True,5.926736195149829e-07,
87.8,102.512,102.491,4.483333399999999,-40.771955019255934,197.02265035109554,3.128141133567584,5.428485827349862,-0.0015366712633983297,457.09285249882447,0.0016857900294626603,0.00034021833873953966,5.4166666667,5.360905297412131,-0.0029726463494120442,5.360780279174369,-0.0037045431212880337,True,Solve_Succeeded,2,0.02083036799740512,0.023680074998992495,0.02404075799859129,True,2.192474646278697e-09,
87.9,102.612,102.593,4.483333399999999,-41.32549774546414,197.03013654184775,3.128003873195667,5.428274579379744,-0.0011528641986308591,457.6464448359471,0.001975559495678579,0.0007157496905816351,5.4166666667,5.360780279174369,-0.0037045431212880337,5.360888912852779,-0.0045512785423921015,True,Solve_Succeeded,2,0.022011209999618586,0.025035986996954307,0.025451918998442125,True,2.202185989119698e-09,
88.0,102.712,102.695,4.483333399999999,-41.87900581508585,197.0376897466944,3.1278940125465984,5.427807231915439,-0.0009094950321399697,458.2000030280894,0.0024862793875558577,0.001135245890417469,5.4166666667,5.360888912852779,-0.0045512785423921015,5.3613238185900505,-0.005500235947653242,True,Solve_Succeeded,2,0.02413134599919431,0.028060472999641206,0.028669042003457434,True,2.3053283726426343e-09,
88.1,102.812,102.797,4.483333399999999,-42.43245022986007,197.04529897621566,3.1277960899933133,5.427048835142478,-0.0008132141556185154,458.7534976829179,0.0032376310605603804,0.0015832351473035189,5.4166666667,5.3613238185900505,-0.005500235947653242,5.362181056333261,-0.006567053113200754,True,Solve_Succeeded,2,0.02250513999752002,0.02500261900422629,0.02542554499814287,True,2.469406013005937e-09,
88.2,102.912,102.899,4.483333399999999,-42.98580463082907,197.0529604554445,3.127699380122998,5.426071599132351,-0.0008218708367452759,459.3069021107839,0.004242067876241647,0.002048982176437786,5.4166666667,5.362181056333261,-0.006567053113200754,5.3635075356926984,-0.007755339272652699,True,Solve_Succeeded,2,0.02168851600436028,0.024910478001402225,0.02518120299646398,True,2.6749056303287944e-09,
88.3,103.012,103.001,4.483333399999999,-43.53905059775798,197.06067517539574,3.127597117243751,5.424949040762698,-0.0008775055647271058,459.86019760068666,0.005507354526873991,0.0025257176974284867,5.4166666667,5.3635075356926984,-0.007755339272652699,5.365321455657489,-0.009087492042596694,True,Solve_Succeeded,2,0.02158437199977925,0.025131411995971575,0.02543654500186676,True,2.94246049747926e-09,
88.4,103.112,103.103,4.483333399999999,-44.092180583743996,197.06844979752594,3.1274662502924535,5.423873799679163,-0.0005984791292146093,460.4133763824029,0.0070357329378899925,0.0029903977627760985,5.4166666667,5.365321455657489,-0.009087492042596694,5.367583663378317,-0.010660928091730746,True,Solve_Succeeded,2,0.02210102599929087,0.024905648999265395,0.025239638998755254,True,3.3449314429390142e-09,
88.5,103.213,103.205,4.483333399999999,-44.645218018287686,197.0764810019115,3.1264132250720555,5.423275364453843,-0.013557155905200916,460.9664650103234,0.008639990480459608,0.0025495138673665707,5.4166666667,5.367583663378317,-0.010660928091730746,5.369215580584667,-0.008105454516787961,True,Solve_Succeeded,2,0.023134301001846325,0.027194754999072757,0.02769250400160672,True,4.4874246540871354e-09,
88.6,103.312,103.307,4.483333399999999,-45.198215848301714,197.0854000141387,3.124281048075679,5.4233449157786735,-0.024758529789256134,461.51952798824874,0.009699054930126343,0.0010461661308487356,5.4166666667,5.369215580584667,-0.008105454516787961,5.370251011991232,-0.005281414269953889,True,Solve_Succeeded,2,0.02591723300429294,0.029536959002143703,0.029899986999225803,True,2.509043639520314e-09,
88.7,103.412,103.409,4.483333399999999,-45.751225647266956,197.09569452674097,3.1217484161096447,5.423924699200654,-0.021633112795285018,462.0726273153941,0.009735565305306976,-0.000839140823996054,5.4166666667,5.370251011991232,-0.005281414269953889,5.3707706986814125,-0.00443304754081435,True,Solve_Succeeded,2,0.022017468996637035,0.02498380099859787,0.025297902000602335,True,3.2068969701981587e-09,
88.8,103.512,103.511,4.483333399999999,-46.3042781489834,197.1072584690304,3.119767391924785,5.424626283577859,-0.015271454433864858,462.6257932224768,0.008881451804247634,-0.00208534211962208,5.4166666667,5.3707706986814125,-0.00443304754081435,5.370459810747078,-0.003810319794184806,True,Solve_Succeeded,1,0.013264853005239274,0.016321446993970312,0.016595057997619733,True,6.573098119133647e-07,
88.9,103.612,103.579,4.483333399999999,-46.67300520957776,197.11548458744548,3.1188444358812926,5.42497907495622,-0.012041511221937477,462.9946063486792,0.008036403724135917,-0.002449852216335646,5.4166666667,5.370459810747078,-0.003810319794184806,5.36998297347327,-0.003384293849808491,True,Solve_Succeeded,1,0.012347791998763569,0.015908909001154825,0.016561880001972895,True,5.945882612934383e-07,
89.0,103.713,103.681,4.483333399999999,-47.22610849423272,197.12836976891748,3.117820335592024,5.425129957213804,-0.008276053415935902,463.54785106060746,0.006634668455557262,-0.0025334999184010165,5.4166666667,5.36998297347327,-0.003384293849808491,5.369984400198686,-0.004115388948098308,True,Solve_Succeeded,2,0.022126759999082424,0.025931142998160794,0.026709958001447376,True,2.72912004106729e-09,
89.1,103.812,103.783,4.483333399999999,-47.779215048467464,197.1417298092443,3.1171080337721015,5.425293293473009,-0.005839040650174545,464.10111105018393,0.005312662209434437,-0.0021821074287666775,5.4166666667,5.369984400198686,-0.004115388948098308,5.370102155837967,-0.005111029827491414,True,Solve_Succeeded,2,0.026150900004722644,0.03055042800406227,0.030897213000571355,True,2.4622339722668585e-09,
89.2,103.912,103.885,4.483333399999999,-48.334468330197176,197.15546285110156,3.1176680407126427,5.500879454978433,0.00487480728554485,464.6565275165049,0.0042907461962923684,-0.00043046058549256466,5.4166666667,5.370102155837967,-0.005111029827491414,5.34025673358413,-0.010521230994210177,True,Solve_Succeeded,2,0.027677515005052555,0.03138563699758379,0.03193022799678147,True,7.775783661401192e-08,
89.3,104.012,103.987,4.483333399999999,-48.88080733028785,197.16871807503367,3.117622109816656,5.3811654489048415,-0.0005749746866403742,465.2030218205677,0.00422173244580689,0.0008169936474926587,5.4166666667,5.34025673358413,-0.010521230994210177,5.366014368728087,-0.010644366939883878,True,Solve_Succeeded,2,0.028144316995167173,0.03307158400275512,0.03350804699584842,True,8.36344691279578e-08,
89.4,104.112,104.089,4.483333399999999,-49.42887648488392,197.1813094982421,3.120286938638432,5.373569501285252,0.01683952308092863,465.7512269280289,0.005601170669404832,0.004899505682036676,5.4166666667,5.366014368728087,-0.010644366939883878,5.392013785428388,-0.02148850405422197,True,Solve_Succeeded,2,0.027329134005412925,0.032420278002973646,0.03298437200282933,True,2.3806589842696735e-07,
89.5,104.212,104.191,4.483333399999999,-49.975814939028275,197.19306654765688,3.1182461766779124,5.2331576507876605,0.013997950314623803,466.29827268253825,0.008593435773165098,0.0043932173308753875,5.4166666667,5.392013785428388,-0.02148850405422197,5.448993208624146,-0.021558055385203983,True,Solve_Succeeded,5,0.06009731199446833,0.06469892500172136,0.06511320400022669,True,5.28455768034064e-09,
89.6,104.312,104.293,4.483333399999999,-50.518546904430956,197.21046277971192,3.114779914915481,5.390265591997235,-0.08547666012796695,466.841267599705,0.006697445166936926,0.002568094665110099,5.4166666667,5.448993208624146,-0.021558055385203983,5.446935012451842,0.0021625830941578977,True,Solve_Succeeded,3,0.03904722299921559,0.04296336200059159,0.04370070399454562,True,1.6831181781640225e-08,
89.7,104.412,104.395,4.483333399999999,-51.06361739074314,197.22664219901915,3.108273601366885,5.34435634947986,-0.07272074312031554,467.3865660299242,0.007013498646016654,-0.002172132382272096,5.4166666667,5.446935012451842,0.0021625830941578977,5.465608951184313,0.0011712655853699375,True,Solve_Succeeded,3,0.03407334900111891,0.03705098899808945,0.0374451180032338,True,2.066128779176779e-08,
89.8,104.512,104.497,4.483333399999999,-51.60897526416731,197.2473234136199,3.1011096900825788,5.326936082521853,0.0034855435968140567,467.9322965298689,0.0038349124250230656,-0.007450583086429319,5.4166666667,5.465608951184313,0.0011712655853699375,5.484880478162183,-0.007591230749031938,True,Solve_Succeeded,5,0.06686173100024462,0.07043026400060626,0.07126105600036681,True,1.6830443705373455e-08,
89.9,104.612,104.599,4.483333399999999,-52.15182615048114,197.26895529705467,3.10131432374814,5.334209030068781,-0.010853831279356312,468.4755647024787,0.0006795283794715878,-0.005252217433647122,5.4166666667,5.484880478162183,-0.007591230749031938,5.4951093593238785,-2.618930470343706e-06,True,Solve_Succeeded,3,0.0351246110003558,0.03990271399379708,0.04060157499770867,True,1.80366024338241e-08,
90.0,104.713,104.701,4.483333399999999,-52.69597418151818,197.29110770415994,3.100614180353845,5.344698592689221,-0.004351850307976218,469.02015901058644,-0.0018331606720608015,-0.0038373141010525917,5.4166666667,5.4951093593238785,-2.618930470343706e-06,5.499651481084734,-0.004718860575823342,True,Solve_Succeeded,3,0.0269979209988378,0.030205579001631122,0.030653895999421366,True,2.2684441880471695e-08,
90.1,104.812,104.803,4.483333399999999,-53.23957746865013,197.3134452460713,3.099381759232321,5.305253216151775,-0.02536557263788799,469.5642248038191,-0.003368802947731593,-0.002840862295276469,5.4166666667,5.499651481084734,-0.004718860575823342,5.5000000445922375,0.0018343320359629426,True,Solve_Succeeded,6,0.06100590400455985,0.06442149100621464,0.06472452999878442,True,4.8464844581985744e-08,
90.2,104.912,104.905,4.483333399999999,-53.783699031811324,197.33660507784558,3.0990558658298046,5.345899354497904,-0.009227152254755091,470.10884725464336,-0.00446038220498752,-0.0008201939053402718,5.4166666667,5.5000000445922375,0.0018343320359629426,5.49999992847553,-0.0037439506933641393,True,Solve_Succeeded,5,0.049943968006118666,0.05256502800330054,0.05285243599792011,True,2.175003288584776e-09,
90.3,105.012,105.007,4.483333399999999,-54.329253513153446,197.36026277643046,3.0970563626244765,5.360098611993234,-0.03719149286185552,470.65492581995335,-0.0046767825409516585,-0.00035157642403049744,5.4166666667,5.49999992847553,-0.0037439506933641393,5.499993525599553,0.006830219175336555,True,Solve_Succeeded,3,0.03494592100469163,0.03905623899481725,0.039402533999236766,True,2.234198070993898e-08,
90.4,105.112,105.109,4.483333399999999,-54.8740063133935,197.38556966459078,3.0982528955611786,5.344110487912103,0.01701441645321331,471.20027877012296,-0.0051989285754263275,0.003424309182513241,5.4166666667,5.499993525599553,0.006830219175336555,5.49911032297192,-0.00803221240554851,True,Solve_Succeeded,3,0.030153051993693225,0.033349958997860085,0.033691272998112254,True,9.862862526688332e-09,
90.5,105.212,105.211,4.483333399999999,-55.419465780392606,197.40917388527203,3.098601755634282,5.358033213520447,0.012790190752584299,471.7462515337736,-0.002639467185461328,0.005935112741726645,5.4166666667,5.49911032297192,-0.00803221240554851,5.499838493217924,-0.002849978026216228,True,Solve_Succeeded,2,0.023550067999167368,0.02741429900197545,0.02782299800310284,True,1.4317477168290793e-06,
90.6,105.312,105.279,4.483333399999999,-55.78383693015708,197.4245346524487,3.1004519816169496,5.366585178735473,0.04937713645242066,472.11093794829526,5.915657843041351e-06,0.008623869869300638,5.4166666667,5.499838493217924,-0.002849978026216228,5.500000007763053,-0.01558239933279686,True,Solve_Succeeded,5,0.04986115400242852,0.053529214004811365,0.05467655599932186,True,7.763053311293788e-09,
90.7,105.412,105.381,4.483333399999999,-56.33033351032154,197.44630977251535,3.10169767806355,5.316970749049674,-0.058766880954323156,472.65783922305235,0.005587652209223666,0.010218065561977241,5.4166666667,5.500000007763053,-0.01558239933279686,5.499858145536096,0.016620098211818497,True,Solve_Succeeded,5,0.0478472739996505,0.052936280000722036,0.053485837001062464,True,9.854241866946722e-10,
90.8,105.512,105.483,4.483333399999999,-56.87551032228864,197.4684911008689,3.100111848926139,5.357042458809254,-0.015070252579108236,473.2034505801064,0.010591192582075932,0.007894342578847802,5.4166666667,5.499858145536096,0.016620098211818497,5.49999327214861,0.007032974103690057,True,Solve_Succeeded,3,0.02809657000034349,0.032657858995662536,0.032993401000567246,True,1.8668528944942864e-08,
90.9,105.612,105.585,4.483333399999999,-57.4219215352378,197.4919008752199,3.0973147510115786,5.367477577925381,-0.012878985932869654,473.7503766243311,0.013727970214318007,0.0032693872182760764,5.4166666667,5.49999327214861,0.007032974103690057,5.499975564382327,0.02154945094351039,True,Solve_Succeeded,3,0.028743310998834204,0.032300961000146344,0.03283129000192275,True,3.1584062387679523e-07,
91.0,105.712,105.687,4.483333399999999,-57.96751551491267,197.5166203178843,3.097752060994612,5.353857869872412,0.00996670377574254,474.2965710429724,0.014221987878531073,0.0007925078584305467,5.4166666667,5.499975564382327,0.02154945094351039,5.499996915220569,0.023621982407906122,True,Solve_Succeeded,3,0.03827630999876419,0.043118257002788596,0.043522977000975516,True,3.087718525307537e-08,
91.1,105.812,105.789,4.483333399999999,-58.51353931636421,197.54025280774982,3.0992834635293587,5.361875316160809,0.03508753055475625,474.8431627068761,0.013930156225258028,-0.0016844975835450526,5.4166666667,5.499996915220569,0.023621982407906122,5.499806042815186,0.027811235784696218,True,Solve_Succeeded,3,0.03919729000335792,0.04389738800091436,0.04433908099599648,True,7.078444586028354e-08,
91.2,105.912,105.891,4.483333399999999,-59.06096334364002,197.56214366737498,3.1040491403196295,5.372840882657019,0.03338756659297097,475.3910926288715,0.0129383871141869,-0.0020376759486708806,5.4166666667,5.499806042815186,0.027811235784696218,5.499987574144563,0.03686887726563388,True,Solve_Succeeded,4,0.04712149999977555,0.05188268799975049,0.05303266100236215,True,6.396589036228306e-09,
91.3,106.012,105.993,4.483333399999999,-59.606043556225494,197.5812639922886,3.108400639946715,5.346907039304452,0.04966377405800099,475.9365828681351,0.01153993449789886,-0.0038819852264682098,5.4166666667,5.499987574144563,0.03686887726563388,5.499999891031924,0.04048379005867467,True,Maximum_CpuTime_Exceeded,6,0.07307741200202145,0.07886524499917869,0.07934685699729016,True,4.5386993718921076e-08,
91.4,106.112,106.095,4.483333399999999,-60.1517534187087,197.5979623920775,3.1136718659416447,5.356034246828637,0.06488816612564338,476.48261738230366,0.008896995321706631,-0.005917531246299568,5.4166666667,5.499999891031924,0.04048379005867467,5.4999898610114535,0.047047213288310914,True,Maximum_CpuTime_Exceeded,5,0.057548069999029394,0.061891512996226083,0.06246959499549121,True,4.0985955962469234e-08,
91.5,106.212,106.197,4.483333399999999,-60.6984968980311,197.61122885888935,3.122420796464317,5.311612334845199,0.11213452380598835,477.0295722651495,0.005407728782289603,-0.005602065235972287,5.4166666667,5.4999898610114535,0.047047213288310914,5.4999997522874775,0.04207278546695554,True,Solve_Succeeded,5,0.059004578994063195,0.06510139699821593,0.06693324100342579,True,4.2065867233986864e-08,
91.6,106.312,106.299,4.483333399999999,-61.244162649620385,197.61715443692404,3.1362735554213677,5.349921498164557,0.1116127764171333,477.57531754024086,0.004336977819308561,-0.0012819371630543586,5.4166666667,5.4999997522874775,0.04207278546695554,5.499990929921424,0.04662604959526549,True,Solve_Succeeded,4,0.04919264299678616,0.05450018800183898,0.05490853899391368,True,7.1501307180059565e-09,
91.7,106.412,106.401,4.483333399999999,-61.790158338499715,197.61726004679872,-3.1371985536875435,5.355776629166106,0.08489398703301547,478.12135739169815,0.003576456046113393,-0.002229666373614325,5.4166666667,5.499990929921424,0.04662604959526549,5.499985088521457,0.05707372635718798,True,Solve_Succeeded,5,0.056716844002949074,0.059810703998664394,0.06017053499817848,True,2.858881131828639e-08,
91.8,106.512,106.503,4.483333399999999,-62.33693555914035,197.6122795981513,-3.126728808086043,5.351372462804518,0.11623703885202598,478.66818875600507,0.0017587118667260748,-0.0035667717659251257,5.4166666667,5.499985088521457,0.05707372635718798,5.499998353544909,0.05361011819807174,True,Solve_Succeeded,5,0.05967308500112267,0.06481785100186244,0.06551107100676745,True,9.709293813386921e-09,
91.9,106.612,106.605,4.483333399999999,-62.88092581098302,197.60170737709277,-3.1140895923823932,5.347447555071145,0.15275138571082322,479.2122813665772,-0.001147617753772049,-0.00380086760729359,5.4166666667,5.499998353544909,0.05361011819807174,5.499930166085737,0.05027952872751831,True,Solve_Succeeded,4,0.04933788099879166,0.053714749999926426,0.05400510400068015,True,5.029164817926812e-08,
92.0,106.713,106.707,4.483333399999999,-63.42681635287659,197.58266295694716,-3.099212183705192,5.36189617928129,0.15196358494528683,479.7584761786129,-0.0029847542806482586,-0.0029761121152600545,5.4166666667,5.499930166085737,0.05027952872751831,5.499998063185973,0.052011266087877484,True,Solve_Succeeded,3,0.04088362199399853,0.0468637200028752,0.04750952599715674,True,4.1886613630359726e-07,
92.1,106.812,106.809,4.483333399999999,-63.97264146095188,197.55505565070817,-3.082390577404469,5.402550895824181,0.20468692419003143,480.3049476754212,-0.004253493284990516,-0.0013439542934894355,5.4166666667,5.499998063185973,0.052011266087877484,5.496895616496292,0.03405909361808007,True,Solve_Succeeded,2,0.030752575999940746,0.03467880999960471,0.03515724599856185,True,7.988396234365203e-07,
92.2,106.912,106.911,4.483333399999999,-64.51837507361986,197.5183592632738,-3.0671642438680187,5.358168966169814,0.12344528354368584,480.85184719966907,-0.004937369194551691,-0.001695581014796943,5.4166666667,5.496895616496292,0.03405909361808007,5.499999889164704,0.05312066580390227,True,Solve_Succeeded,5,0.04399464200105285,0.04768509000132326,0.04827099299291149,True,2.2057602855340974e-08,
92.3,107.012,106.979,4.483333399999999,-64.88182801122828,197.48985087751333,-3.05962648473619,5.364097255416667,0.10632718420699554,481.2163620200859,-0.005981753127584696,-0.004139324974064884,5.4166666667,5.499999889164704,0.05312066580390227,5.500000016923401,0.05259310221662792,True,Solve_Succeeded,6,0.0605223210004624,0.06362612199882278,0.06395013300061692,True,1.692340134695769e-08,
92.4,107.112,107.081,4.483333399999999,-65.42773095601954,197.4420643540091,-3.0483496067084506,5.370625951813505,0.1257359182072012,481.76423752628307,-0.009294756935519524,-0.00724690448127152,5.4166666667,5.500000016923401,0.05259310221662792,5.499967984592202,0.050393167934377404,True,Solve_Succeeded,3,0.0417708729946753,0.046357048995560035,0.04690286400000332,True,9.164751180179564e-08,
92.5,107.212,107.183,4.483333399999999,-65.97097338445415,197.3883342810246,-3.0352005842735963,5.368271940298134,0.15257577092414762,482.30995536816033,-0.014076487238690932,-0.007684497608409834,5.4166666667,5.499967984592202,0.050393167934377404,5.499982798732451,0.043509039527270685,True,Solve_Succeeded,3,0.036695487004180904,0.042345538997324184,0.04302849499799777,True,2.4202014525798177e-07,
92.6,107.312,107.285,4.483333399999999,-66.5158384169003,197.32592608115982,-3.0200996203632764,5.3845376453365486,0.1419749764815708,482.8581702994467,-0.01766773194409714,-0.005485711413994121,5.4166666667,5.499982798732451,0.043509039527270685,5.499999807600525,0.04274648573524423,True,Solve_Succeeded,3,0.0271365269945818,0.0306522090031649,0.031061057998158503,True,2.8297022502954405e-08,
92.7,107.412,107.387,4.483333399999999,-67.06018302650011,197.2553233656448,-3.004384030038514,5.387422713841132,0.16286213344786354,483.4068445478538,-0.01994069812075358,-0.0019339253181094305,5.4166666667,5.499999807600525,0.04274648573524423,5.499953773951496,0.02822330080861428,True,Solve_Succeeded,2,0.022126321004179772,0.02463208900007885,0.025095029996009544,True,4.694544372796372e-06,
92.8,107.512,107.489,4.483333399999999,-67.60408147512028,197.1764951119665,-2.991462280586043,5.378313231537835,0.08932460081160934,483.95619739225,-0.020484750390186705,-0.0004417320951413118,5.4166666667,5.499953773951496,0.02822330080861428,5.498821585541161,0.042320018979071596,True,Solve_Succeeded,3,0.0315171990005183,0.035952502003056,0.036320510000223294,True,6.185242540368563e-09,
92.9,107.612,107.591,4.483333399999999,-68.14644761442881,197.0916636778775,-2.981707664970211,5.384911224535201,0.08832015146316989,484.50493913024434,-0.020933137999926823,-0.0013582454395479893,5.4166666667,5.498821585541161,0.042320018979071596,5.499949268455312,0.03501248856458834,True,Solve_Succeeded,2,0.02147858800162794,0.024174376994778868,0.02443169500475051,True,9.130899821130356e-06,
93.0,107.713,107.693,4.483333399999999,-68.68880300722793,197.001796987102,-2.9720528404932343,5.3872033070061836,0.10028063694263642,485.0544767664178,-0.022072005204118617,-0.0016467952177836587,5.4166666667,5.499949268455312,0.03501248856458834,5.499980040950166,0.030969927721151185,True,Solve_Succeeded,2,0.022765446999983396,0.026272324001183733,0.0266534279944608,True,3.974481899149396e-08,
93.1,107.812,107.795,4.483333399999999,-69.22783097433607,196.9075402839496,-2.9600765919535306,5.384886935738182,0.12212094355065942,485.60147466612943,-0.023557722180488953,0.0011663957385517065,5.4166666667,5.499980040950166,0.030969927721151185,5.499949332859856,0.019609969450761888,True,Solve_Succeeded,2,0.022516996003105305,0.025202826000167988,0.02546730900212424,True,6.719656910902927e-07,
93.2,107.912,107.897,4.483333399999999,-69.76829759285674,196.8053302679376,-2.9501798891318924,5.399914262617108,0.07112495354525168,486.15132679886915,-0.022315841956816847,0.0025860031372588743,5.4166666667,5.499949332859856,0.019609969450761888,5.494628497879304,0.02722946613155104,True,Solve_Succeeded,3,0.028764629998477176,0.031892990002234,0.03223580699705053,True,1.4756631472323534e-08,
93.3,108.012,107.999,4.483333399999999,-70.30805561920295,196.69757178856622,-2.939676806127694,5.4564154390072135,0.09522442814333582,486.70156863332954,-0.019955534968786184,0.005337688634512006,5.4166666667,5.494628497879304,0.02722946613155104,5.465859654516765,0.010444602492017986,True,Solve_Succeeded,3,0.028616109004360624,0.03173578099813312,0.03212725999765098,True,9.441466275461607e-09,
93.4,108.112,108.101,4.483333399999999,-70.84669151120755,196.58608604549013,-2.936564906582963,5.380762388599543,0.00048277565871073354,487.2514853178613,-0.017784226823377606,0.0014294222267010603,5.4166666667,5.465859654516765,0.010444602492017986,5.474920559915848,0.03459667795947511,True,Solve_Succeeded,3,0.029284617005032487,0.03403198799787788,0.03478834399720654,True,7.081161887412257e-08,
93.5,108.213,108.203,4.483333399999999,-71.38418129088248,196.4744009053183,-2.936680435809518,5.3863752544126235,-0.025835932639433692,487.800340837098,-0.018841853597564427,-0.004972749631151352,5.4166666667,5.474920559915848,0.03459667795947511,5.479869067575387,0.04095661626499694,True,Solve_Succeeded,2,0.023132725997129455,0.026618454001436476,0.02690920900204219,True,1.0020341416616674e-06,
93.6,108.312,108.305,4.483333399999999,-71.9209315765526,196.36281071687753,-2.9357611611409116,5.376784039498959,0.04827210679704864,488.3484360520531,-0.023088714117597546,-0.009617506838467182,5.4166666667,5.479869067575387,0.04095661626499694,5.486002617959786,0.031130149734406407,True,Solve_Succeeded,2,0.021447144004923757,0.025601351000659633,0.026278639998054132,True,1.3323045902624564e-07,
93.7,108.412,108.407,4.483333399999999,-72.45502693920851,196.25006978023475,-2.9278616046845247,5.374031606257878,0.09606991854030639,488.8941503215811,-0.0284878062788261,-0.006552300173346736,5.4166666667,5.486002617959786,0.031130149734406407,5.491733909185148,0.02257110901009447,True,Solve_Succeeded,2,0.02223180799774127,0.025949394002964254,0.026727625001512934,True,4.0942234491581075e-08,
93.8,108.512,108.509,4.483333399999999,-72.99098591049297,196.13116027788513,-2.9186870086394947,5.387379421276441,0.08286783140862185,489.4430145593746,-0.030734867048579216,-0.0015324254274844409,5.4166666667,5.491733909185148,0.02257110901009447,5.490169561254628,0.021345390085085847,True,Solve_Succeeded,2,0.022077206005633343,0.024827659006405156,0.025291855999967083,True,4.043904020534228e-07,
93.9,108.612,108.611,4.483333399999999,-73.52633845611601,196.0057974487468,-2.9064567786699502,5.398702396581041,0.07952257362392814,489.992742452443,-0.028645510056505435,0.00722889673974203,5.4166666667,5.490169561254628,0.021345390085085847,5.483278317600379,0.010660410893520746,True,Solve_Succeeded,2,0.021797479996166658,0.0248802819987759,0.02513977500348119,True,1.583809102534417e-06,
94.0,108.713,108.679,4.483333399999999,-73.88113604330394,195.92069363677766,-2.9064206346998156,5.370737403659021,-0.025861142815802544,490.35753452731495,-0.02631291086564897,0.005002380785370963,5.4166666667,5.483278317600379,0.010660410893520746,5.490630033042291,0.036888400300593406,True,Solve_Succeeded,3,0.03130747900286224,0.035936723004851956,0.036304069006291684,True,8.305828591570474e-08,
94.1,108.812,108.781,4.483333399999999,-74.41420034433085,195.79367453375025,-2.9084112280089127,5.40245253431306,-0.028335016549278273,490.9054269574355,-0.02525550420203748,-0.0006880488476475043,5.4166666667,5.490630033042291,0.036888400300593406,5.486051874054217,0.041356915874825095,True,Solve_Succeeded,2,0.020189295995805878,0.023707624000962824,0.024090933002298698,True,2.7925801204947698e-06,
94.2,108.912,108.883,4.483333399999999,-74.94749309780521,195.66702048316614,-2.9071029216980278,5.373442666463119,0.050334078858656386,491.45344593822267,-0.02673349506103184,-0.003443226226244267,5.4166666667,5.486051874054217,0.041356915874825095,5.492691959373284,0.030522318887905756,True,Solve_Succeeded,2,0.021061860999907367,0.02396943300118437,0.0245032969978638,True,9.082909539076534e-08,
94.3,109.012,108.985,4.483333399999999,-75.47799679881439,195.53903374870265,-2.899188263863623,5.372450845090052,0.10051034800785963,491.99904543799505,-0.028575236252807296,6.472008109881244e-05,5.4166666667,5.492691959373284,0.030522318887905756,5.4975498734223915,0.020520872425162477,True,Solve_Succeeded,2,0.02000166099605849,0.02374718499777373,0.02405256799829658,True,2.431104029199105e-08,
94.4,109.112,109.087,4.483333399999999,-76.01018572679692,195.40470222355435,-2.889478642352075,5.387101068632604,0.08801214010382916,492.54779121366505,-0.027180368479185764,0.004978076044217072,5.4166666667,5.4975498734223915,0.020520872425162477,5.495211405267766,0.019242536375512397,True,Solve_Succeeded,2,0.01922363500489155,0.022675898995657917,0.022998197004199028,True,3.496957488025032e-07,
94.5,109.213,109.189,4.483333399999999,-76.54174925540059,195.26417190707437,-2.877383911572737,5.433381169805196,0.0815594467601881,493.0974686812583,-0.02235974647997883,0.011901740910222891,5.4166666667,5.495211405267766,0.019242536375512397,5.473314382039487,0.010700443963546923,True,Solve_Succeeded,2,0.01850233900040621,0.021830262994626537,0.022165886002767365,True,2.484794631385512e-06,
94.6,109.312,109.291,4.483333399999999,-77.07060284679007,195.1200912380492,-2.8751536882176403,5.372647195301322,-0.00014373130153966975,493.64545879342353,-0.01635931852483782,0.008611103456994229,5.4166666667,5.473314382039487,0.010700443963546923,5.483649685344351,0.032139971924751924,True,Solve_Succeeded,3,0.028855546996055637,0.03222760600328911,0.03258146599546308,True,9.804243999989026e-09,
94.7,109.412,109.393,4.483333399999999,-77.59958873236626,194.97579918072148,-2.8753643652816216,5.370268092255531,0.014436088618950144,494.1936760492076,-0.013315588836540835,0.0025117364170332834,5.4166666667,5.483649685344351,0.032139971924751924,5.491920563393649,0.03163285818965089,True,Solve_Succeeded,2,0.021361446000810247,0.02494345399463782,0.02522421800676966,True,1.6855263256232433e-06,
94.8,109.512,109.495,4.483333399999999,-78.12809357718226,194.83113827177414,-2.8724518504070087,5.374708496812764,0.06232094637055861,494.7415396910243,-0.013117188617725088,-0.0008258937074900885,5.4166666667,5.491920563393649,0.03163285818965089,5.496836916985554,0.028989253136218578,True,Solve_Succeeded,2,0.023358344995358493,0.0275827260047663,0.028243457003554795,True,4.226628824710588e-09,
94.9,109.612,109.597,4.483333399999999,-78.65402106222788,194.684591904788,-2.8646212434537657,5.377601939944605,0.08745490220628749,495.28741390216544,-0.013925852482640375,0.00041437641081509824,5.4166666667,5.496836916985554,0.028989253136218578,5.499351400480012,0.02672876479064163,True,Solve_Succeeded,2,0.02285795000352664,0.026323099998990074,0.026646048994734883,True,5.366405986251266e-09,
95.0,109.713,109.699,4.483333399999999,-79.18163742577404,194.53224891522854,-2.8560819487295674,5.367121957784635,0.10865892061812064,495.83648912705337,-0.013338457723266977,0.0019598259580635435,5.4166666667,5.499351400480012,0.02672876479064163,5.499996094712934,0.020938576930844156,True,Solve_Succeeded,3,0.032070731998828705,0.0358283309979015,0.03618805199948838,True,2.779788044193765e-08,
95.1,109.812,109.801,4.483333399999999,-79.70911651625384,194.37365126312633,-2.845253473837272,5.370404811111135,0.06368912721425284,496.3872015120042,-0.010660848457970766,0.005406937141941181,5.4166666667,5.499996094712934,0.020938576930844156,5.49999042602569,0.030172838845620293,True,Solve_Succeeded,3,0.03238610200060066,0.03517963000194868,0.03549876099714311,True,6.444644311265346e-08,
95.2,109.912,109.903,4.483333399999999,-80.23300975409408,194.2130765070547,-2.8429994354673584,5.377827832126589,0.017396150798942453,496.9350736693302,-0.009205140349702347,-4.5415422326833266e-05,5.4166666667,5.49999042602569,0.030172838845620293,5.499999201204334,0.044042258595092205,True,Solve_Succeeded,5,0.045885362997069024,0.05023795300076017,0.05069486100546783,True,4.0452288629921895e-08,
95.3,110.012,110.005,4.483333399999999,-80.7573110943133,194.05120234780546,-2.8400125111272088,5.377030218271756,0.06995752624990487,497.4837122440405,-0.010955400327692785,-0.005136873806158348,5.4166666667,5.499999201204334,0.044042258595092205,5.499992063523335,0.03899312299532683,True,Solve_Succeeded,3,0.02945186600118177,0.0342681830006768,0.03452961999573745,True,2.8770441140579806e-08,
95.4,110.112,110.107,4.483333399999999,-81.27886571893535,193.88671355305556,-2.830451292655543,5.325531519043853,0.1152703426529572,498.03047956297354,-0.013899519896644268,-0.003983937314087527,5.4166666667,5.499992063523335,0.03899312299532683,5.500000053612307,0.03372156025673998,True,Solve_Succeeded,7,0.06196255699614994,0.06582850900304038,0.06631894900056068,True,5.361230659417515e-08,
95.5,110.212,110.209,4.483333399999999,-81.8000296836364,193.71596022518779,-2.817470501393368,5.387381733319269,0.11834765424203268,498.5787736639184,-0.01547519278831323,0.00020944244097620413,5.4166666667,5.500000053612307,0.03372156025673998,5.499991574618899,0.03219498633424663,True,Solve_Succeeded,2,0.02068395200330997,0.02371037600096315,0.02417010399949504,True,4.6806716799338566e-08,
95.6,110.312,110.311,4.483333399999999,-82.32011928908926,193.5378702434629,-2.8049718664491956,5.39255152061692,0.16291283199072112,499.12837247843623,-0.014681844358564625,0.0035456067530579283,5.4166666667,5.499991574618899,0.03219498633424663,5.497928444098456,0.015660541096936823,True,Solve_Succeeded,3,0.025400327998795547,0.029135573000530712,0.029654930003744084,True,9.881218510088274e-09,
95.7,110.412,110.379,4.483333399999999,-82.66680682203382,193.41482526869473,-2.797041832210545,5.4012794591896025,0.07021218410655106,499.4961571684339,-0.01290704272823874,0.005165357336985643,5.4166666667,5.497928444098456,0.015660541096936823,5.497472221015559,0.03702916259882497,True,Solve_Succeeded,3,0.027410984999733046,0.031135912002355326,0.031710218005173374,True,4.563822755820901e-08,
95.8,110.512,110.481,4.483333399999999,-83.1829284170373,193.22866825968572,-2.7940802277959844,5.377599591163639,0.022938389018866388,500.04470883462295,-0.01178091309769785,-0.0013208346218962497,5.4166666667,5.497472221015559,0.03702916259882497,5.499642553315915,0.04888429891264616,True,Solve_Succeeded,2,0.020581328004482202,0.023694443007116206,0.02404199000011431,True,7.831697601545784e-08,
95.9,110.612,110.583,4.483333399999999,-83.69845061181267,193.04141515307225,-2.7926372759522478,5.373372702503754,0.0033428373585285267,500.59305575689626,-0.01460367154840795,-0.00933005398090847,5.4166666667,5.499642553315915,0.04888429891264616,5.499939495779526,0.06578473598951129,True,Solve_Succeeded,4,0.034546706003311556,0.038000378997821826,0.03861161199893104,True,2.631418283272069e-08,
96.0,110.712,110.685,4.483333399999999,-84.21220563276887,192.85373527879852,-2.7882083285411845,5.284595974770369,0.10450262742931041,501.13980504240726,-0.02157955810907789,-0.014337535054062656,5.4166666667,5.499939495779526,0.06578473598951129,5.499999883500124,0.05158326863947162,True,Solve_Succeeded,6,0.05561714299983578,0.059138333999726456,0.05942187500477303,True,2.5515145551935348e-09,
96.1,110.812,110.787,4.483333399999999,-84.72387084746201,192.6618113757887,-2.775606942929896,5.3701641595933545,0.1704506728027493,501.68599385208546,-0.02900395090559249,-0.01117856838233644,5.4166666667,5.499999883500124,0.05158326863947162,5.500000052244511,0.040077370950206866,True,Solve_Succeeded,7,0.05799936100083869,0.061131322996516246,0.061447478001355194,True,5.224451093965854e-08,
96.2,110.912,110.889,4.483333399999999,-85.23408550637693,192.46129355886373,-2.757781136720364,5.374472275148805,0.2167637755603342,502.23388891146044,-0.033085341276730074,-0.0028443175806098786,5.4166666667,5.500000052244511,0.040077370950206866,5.500000051334122,0.018754589261749888,True,Solve_Succeeded,6,0.05339338700287044,0.05602188299963018,0.056263380000018515,True,5.133412184221697e-08,
96.3,111.012,110.991,4.483333399999999,-85.74132074403317,192.251106549144,-2.7405972814889195,5.352760118411511,0.12240036023028555,502.78263818451046,-0.03230537140965828,0.004809542352266938,5.4166666667,5.500000051334122,0.018754589261749888,5.499770727093017,0.029336571594752964,True,Solve_Succeeded,4,0.03900803600117797,0.043294465001963545,0.043733352998970076,True,2.2939075527972363e-08,
96.4,111.112,111.093,4.483333399999999,-86.24387317402153,192.0345890887155,-2.729620132395806,5.364394136096878,0.09100788966916891,503.32954837717176,-0.029100408084915073,0.006261182843158242,5.4166666667,5.499770727093017,0.029336571594752964,5.499986323308298,0.023421230026176652,True,Solve_Succeeded,3,0.029579789996205363,0.03243272400140995,0.0329227680049371,True,2.1110036652061126e-07,
96.5,111.212,111.195,4.483333399999999,-86.74451159372607,191.81364155209928,-2.723514758224535,5.363931783997179,0.023137656694220243,503.8765048552068,-0.026290638020257447,0.0028089269236653,5.4166666667,5.499986323308298,0.023421230026176652,5.499105410299436,0.03808452714034573,True,Solve_Succeeded,3,0.029218673997092992,0.0327724489980028,0.03303027899528388,True,9.281758420187636e-08,
96.6,111.312,111.297,4.483333399999999,-87.24212323252505,191.59121580227057,-2.718005707731246,5.347410678859935,0.08011163370963878,504.4213183153842,-0.026122743989417725,-0.0011718811637364548,5.4166666667,5.499105410299436,0.03808452714034573,5.50000004895986,0.019126443190538387,True,Solve_Succeeded,6,0.049023892999684904,0.05196579000039492,0.05224891899706563,True,4.895986016606457e-08,
96.7,111.412,111.399,4.483333399999999,-87.73979822543316,191.3648862507337,-2.7116060874560017,5.363943709414695,0.07371646176293578,504.9678167662776,-0.027360699042157745,-0.003162722850418742,5.4166666667,5.50000004895986,0.019126443190538387,5.499704481990911,0.021975931789887028,True,Solve_Succeeded,2,0.023287575000722427,0.02662510699883569,0.02701041900581913,True,3.3352049712276344e-07,
96.8,111.512,111.501,4.483333399999999,-88.23620973323196,191.13436522914134,-2.701115650147316,5.3703999586354545,0.13568845411631825,505.514949913141,-0.02843833512204172,0.00045660249588941326,5.4166666667,5.499704481990911,0.021975931789887028,5.498950462311283,-0.006575836484881346,True,Solve_Succeeded,3,0.030528219002007972,0.034062026999890804,0.03438370399817359,True,1.0837210329128766e-07,
96.9,111.612,111.603,4.483333399999999,-88.72992193715955,190.89776359855122,-2.692623952800405,5.3552037848962115,0.049280527339249876,506.06227774807377,-0.02620699882877067,0.00360843938716382,5.4166666667,5.498950462311283,-0.006575836484881346,5.499993241399333,0.004951260166229581,True,Solve_Succeeded,5,0.04310640099720331,0.04605455199634889,0.04662211100367131,True,5.2101021275063886e-08,
97.0,111.712,111.705,4.483333399999999,-89.22143275564555,190.65957877766297,-2.6883335323163364,5.355099990196977,0.0347711224825494,506.60836031661347,-0.024096976593750614,0.0041011208226162665,5.4166666667,5.499993241399333,0.004951260166229581,5.499994547721943,-0.005778982026992725,True,Solve_Succeeded,4,0.04020150499854935,0.04380728399701184,0.04412246699939715,True,1.78796888405941e-09,
97.1,111.812,111.807,4.483333399999999,-89.71256567565969,190.42005428309756,-2.687770401279069,5.375003857923806,-0.0018113398283053717,507.15473249766427,-0.02227352654990741,0.0023941226730346266,5.4166666667,5.499994547721943,-0.005778982026992725,5.497504414193401,-3.963504493932944e-05,True,Solve_Succeeded,2,0.020696185994893312,0.02277763100573793,0.023028876996249892,True,1.2830326099333433e-06,
97.2,111.912,111.909,4.483333399999999,-90.2012409949076,190.1813387195993,-2.6874513084323253,5.3455380201286,-0.0038061095268607666,507.6985792606975,-0.020926484245039574,0.0019725724223103036,5.4166666667,5.497504414193401,-3.963504493932944e-05,5.499865795783514,-0.004645696983351152,True,Solve_Succeeded,2,0.021636915997078177,0.024803856998914853,0.025093730000662617,True,3.371592978140825e-07,
97.3,112.012,112.011,4.483333399999999,-90.69169198913698,189.942019707826,-2.6878012771959185,5.356429669563648,0.008667645149426115,508.24431883686606,-0.019801884866577614,0.0024019637317813647,5.4166666667,5.499865795783514,-0.004645696983351152,5.499999106161194,-0.009230378379913933,True,Solve_Succeeded,3,0.027064475005317945,0.03176730300037889,0.03244996199646266,True,6.626415637988464e-08,
97.4,112.112,112.079,4.483333399999999,-91.01878364908455,189.78201453419928,-2.6857619745629058,5.354534461937566,0.05689720390021907,508.6084715641221,-0.018276749224337484,0.00580918653090734,5.4166666667,5.499999106161194,-0.009230378379913933,5.4999861668642165,-0.02683749139515729,True,Solve_Succeeded,3,0.029627322997839656,0.03286793499864871,0.033515900002385024,True,1.0086007179443968e-07,
97.5,112.212,112.181,4.483333399999999,-91.50968378834592,189.54026719362483,-2.6856664253832743,5.328334885720743,-0.1079982623133886,509.155693678318,-0.013326398038590821,0.008895086317880718,5.4166666667,5.4999861668642165,-0.02683749139515729,5.499749659794489,0.01195082331766108,True,Solve_Succeeded,5,0.04256496799644083,0.046243349999713246,0.046540868999727536,True,3.3558585120843643e-09,
97.6,112.312,112.283,4.483333399999999,-92.00035791594136,189.30320600917773,-2.696095521835198,5.347489825910098,-0.080325109268305,509.700659928833,-0.010936962559028535,0.0010774836344968897,5.4166666667,5.499749659794489,0.01195082331766108,5.499999070625907,0.01043194789633623,True,Solve_Succeeded,3,0.03024107700184686,0.03546946200367529,0.03587830100150313,True,8.462837008949009e-08,
97.7,112.412,112.385,4.483333399999999,-92.49392648183856,189.06999447449564,-2.7036937389813125,5.349522163114918,-0.07018243982757098,510.2465740593245,-0.011994419781106587,-0.004463250521285377,5.4166666667,5.499999070625907,0.01043194789633623,5.499999535580175,0.024054570478275004,True,Solve_Succeeded,5,0.043448525000712834,0.04634260600141715,0.046741325000766665,True,4.143355258889869e-08,
97.8,112.512,112.487,4.483333399999999,-92.98693414481698,188.84055759251945,-2.707763396233359,5.347160363461069,-0.0274871659973874,510.79036559764546,-0.015255543734417048,-0.007038610085163822,5.4166666667,5.499999535580175,0.024054570478275004,5.499989545307421,0.02282959701317126,True,Solve_Succeeded,3,0.029825937002897263,0.03282223900168901,0.03337587400164921,True,5.728584717701324e-08,
97.9,112.612,112.589,4.483333399999999,-93.48267746122407,188.61128073669428,-2.7079744837254487,5.362401809664611,0.02095069767193044,511.33656299118934,-0.019164506499811974,-0.006306228613129239,5.4166666667,5.499989545307421,0.02282959701317126,5.499977892505012,0.017414628526049632,True,Solve_Succeeded,2,0.022297996998531744,0.0261561180013814,0.026791003001562785,True,2.461060351066635e-07,
98.0,112.712,112.691,4.483333399999999,-93.97869960603842,188.38055594848555,-2.7034214410324022,5.363496752525974,0.10567090569556975,511.88362313883187,-0.021519053589279677,-0.001368149296338661,5.4166666667,5.499977892505012,0.017414628526049632,5.499912290817776,-0.004943677210068646,True,Solve_Succeeded,4,0.038260529996478,0.041425427996728104,0.0419334109974443,True,1.5129080210840584e-09,
98.1,112.812,112.793,4.483333399999999,-94.47324560554837,188.14595195404763,-2.6970071342252204,5.350948476366631,-0.016094497485428353,512.4309872959107,-0.01967772513390729,0.004870356492755246,5.4166666667,5.499912290817776,-0.004943677210068646,5.499708674225159,0.02154225486136108,True,Solve_Succeeded,3,0.02926956500596134,0.03321156700258143,0.03379169200343313,True,2.546272312026199e-07,
98.2,112.912,112.895,4.483333399999999,-94.96599073918209,187.9116298452851,-2.698063463187984,5.348021215354869,-0.0037737857104154235,512.9765928186866,-0.017573513798108308,0.0030797695281039594,5.4166666667,5.499708674225159,0.02154225486136108,5.499995167155098,0.014855444496951304,True,Solve_Succeeded,3,0.025581680005416274,0.028695369001070503,0.02928930300549837,True,6.708708255587226e-08,
98.3,113.012,112.997,4.483333399999999,-95.4591045139706,187.67729769118665,-2.6972134728408466,5.349337207708139,0.015149352982781127,513.522529609021,-0.016171025926990042,0.0026311987880554,5.4166666667,5.499995167155098,0.014855444496951304,5.4999939739503905,0.01787725203621284,True,Solve_Succeeded,3,0.028232229000423104,0.030734893000044394,0.030980908995843492,True,1.0542643646971328e-07,
98.4,113.112,113.099,4.483333399999999,-95.94962515784474,187.44332937798387,-2.69398457561292,5.348393448989169,0.04069186388538892,514.0659594082026,-0.01488407622362305,0.0038295800441581207,5.4166666667,5.4999939739503905,0.01787725203621284,5.499986230320852,0.014700640116658099,True,Solve_Succeeded,3,0.02783289299986791,0.031004042000859044,0.03140492500097025,True,6.02562151286179e-08,
98.5,113.213,113.201,4.483333399999999,-96.4416741571998,187.20607357122722,-2.6909191129748598,5.361944625107044,0.011841885087851937,514.6121778382919,-0.01262109417675104,0.004018463749607903,5.4166666667,5.499986230320852,0.014700640116658099,5.499999981171388,0.026255670165068305,True,Solve_Succeeded,5,0.03853198800061364,0.04100835799908964,0.04125073700561188,True,4.190508118284697e-08,
98.6,113.312,113.303,4.483333399999999,-96.93344109054608,186.96691885157017,-2.6855779876566253,5.380643904259208,0.09673082588143002,515.1589669029945,-0.010326070304248505,0.005640417883448379,5.4166666667,5.499999981171388,0.026255670165068305,5.498716139114236,0.004426195380048764,True,Solve_Succeeded,3,0.03262438000092516,0.03608428999723401,0.036455104003835004,True,2.246933838989662e-08,
98.7,113.412,113.405,4.483333399999999,-97.4237981947208,186.7245970230229,-2.6816677360507266,5.347988579428842,-0.016000831543570373,515.7058816392497,-0.006830047247544557,0.00499032980098324,5.4166666667,5.498716139114236,0.004426195380048764,5.499996950244266,0.03845809019021345,True,Solve_Succeeded,6,0.04497256100148661,0.04792586800613208,0.048520093994739,True,5.876250597225408e-10,
98.8,113.512,113.507,4.483333399999999,-97.91250460920735,186.48266246785286,-2.681461217523913,5.346982436443807,0.026374183857555536,516.25116051625,-0.005671760810450922,-0.0001858748654846032,5.4166666667,5.499996950244266,0.03845809019021345,5.499999999934113,0.03088322167566007,True,Solve_Succeeded,6,0.05431149500509491,0.05774379699869314,0.058310758002335206,True,4.257451280409441e-08,
98.9,113.612,113.609,4.483333399999999,-98.40113009690161,186.23958076286695,-2.67763912040132,5.3492209440380405,0.06650454424399348,516.7968727664485,-0.006615073951152051,-0.0025851567741201897,5.4166666667,5.499999999934113,0.03088322167566007,5.499999966441003,0.03238339652736634,True,Solve_Succeeded,6,0.04983967199950712,0.05233978899923386,0.05263289899448864,True,2.7233465260678713e-08,
99.0,113.713,113.711,4.483333399999999,-98.88637970451018,185.9951470604734,-2.6694066968506123,5.3492412618394525,0.09717017975944378,517.3401547803686,-0.008437948149481572,-0.001373231402843178,5.4166666667,5.499999966441003,0.03238339652736634,5.499973496207868,0.02825399516405736,True,Solve_Succeeded,4,0.03352528599498328,0.03664001399738481,0.03703146400221158,True,4.596606040848522e-08,
99.1,113.812,113.779,4.483333399999999,-99.21020076849786,185.82865857439833,-2.6641531876715643,5.36038942793486,0.06098909396401677,517.70422347637,-0.0088812353144441,-0.0012843542320011283,5.4166666667,5.499973496207868,0.02825399516405736,5.499999768123838,0.039928577526291774,True,Solve_Succeeded,6,0.05169825600023614,0.05473378700116882,0.05502367999724811,True,4.8081460590765346e-08,
99.2,113.912,113.881,4.483333399999999,-99.69498076933243,185.5755921553567,-2.6550496258062557,5.365399012065248,0.1339785507703369,518.2510043095268,-0.009842464996672459,-0.0005570634892930748,5.4166666667,5.499999768123838,0.039928577526291774,5.499988441058253,0.017648494831644164,True,Solve_Succeeded,3,0.03038523199938936,0.03380564400140429,0.03422793900244869,True,7.640580079737447e-08,
99.3,114.012,113.983,4.483333399999999,-100.17739824240194,185.3172096002134,-2.6465756243723106,5.350772878357649,0.00739864205171397,518.7981775884608,-0.009654623059970543,-0.0006452452608827208,5.4166666667,5.499988441058253,0.017648494831644164,5.50000005186394,0.0538089330790511,True,Solve_Succeeded,7,0.05898761600110447,0.06251912700099638,0.06277365000278223,True,5.232401001364906e-08,
99.4,114.112,114.085,4.483333399999999,-100.65716950672355,185.05750116181306,-2.6436558376600754,5.346900749890966,0.03997386145260932,519.3436372652519,-0.011727719858377807,-0.006315104547934602,5.4166666667,5.50000005186394,0.0538089330790511,5.499998873654622,0.048532988424410235,True,Solve_Succeeded,5,0.04551076799543807,0.048553057000390254,0.048964761997922324,True,6.101368299482601e-10,
99.5,114.212,114.187,4.483333399999999,-101.13602159349094,184.79567076191594,-2.63756601672078,5.346423305075002,0.08163195391011266,519.8892602767522,-0.01620182555488941,-0.008874071627797075,5.4166666667,5.499998873654622,0.048532988424410235,5.499999846457234,0.04832449585904848,True,Solve_Succeeded,6,0.049743820003641304,0.053608847003488336,0.054061146001913585,True,1.4502629319679272e-08,
99.6,114.312,114.289,4.483333399999999,-101.61075746420063,184.53213626380054,-2.6261358403746335,5.3511602895502115,0.1249454922273985,520.4320447800917,-0.021882775339559433,-0.006106140146518335,5.4166666667,5.499999846457234,0.04832449585904848,5.500000001052101,0.03864796966967341,True,Solve_Succeeded,6,0.055327198999293614,0.059066497000458185,0.05943060699792113,True,3.9535605900198334e-08,
99.7,114.412,114.391,4.483333399999999,-102.0836913432763,184.2597712599242,-2.613057209708448,5.356791502269187,0.10140452093025074,520.9775988222228,-0.02375327574013325,-0.0017950066989569358,5.4166666667,5.500000001052101,0.03864796966967341,5.4999999160467254,0.04240270759770739,True,Solve_Succeeded,6,0.0516648789998726,0.05451555400213692,0.055114729002525564,True,3.0532731898347265e-10,
99.8,114.512,114.493,4.483333399999999,-102.55342735650159,183.98116146682662,-2.5979588075107154,5.3389761228555335,0.1621726089041892,521.5235379251944,-0.02342472071804769,0.004466136088457251,5.4166666667,5.4999999160467254,0.04240270759770739,5.49999109002868,0.016277278190710256,True,Solve_Succeeded,4,0.036575259000528604,0.04075054200075101,0.0410223099970608,True,4.547214338401773e-08,
99.9,114.612,114.595,4.483333399999999,-103.01967199688468,183.69603916889702,-2.590616836055854,5.344127329764088,0.017859301127987285,522.0698514282142,-0.02056253401567891,0.0028988351018615077,5.4166666667,5.49999109002868,0.016277278190710256,5.5000000518895895,0.05212228662255169,True,Solve_Succeeded,7,0.063474705995759,0.06722226499550743,0.06768536099843914,True,5.200397268367851e-08,
100.0,114.712,114.697,4.483333399999999,-103.4836650789097,183.41021047592608,-2.588137077442256,5.342533812458411,0.03110690230860158,522.6146337568929,-0.02079805132764204,-0.003573668696452703,5.4166666667,5.5000000518895895,0.05212228662255169,5.499999090601944,0.05039141892136205,True,Solve_Succeeded,5,0.05513489399891114,0.05841786899691215,0.058699656001408584,True,4.070827945568123e-10,
100.1,114.812,114.799,4.483333399999999,-103.94700544703402,183.1227787168771,-2.583068391933036,5.345590865980658,0.09162528657709001,523.159675011245,-0.024227914372345512,-0.007531653792495874,5.4166666667,5.499999090601944,0.05039141892136205,5.4999998628712286,0.04660641782377971,True,Solve_Succeeded,6,0.053030183000373654,0.0566622490005102,0.056983794005645905,True,2.006063315462825e-08,
100.2,114.912,114.901,4.483333399999999,-104.40637258564716,182.83337179052432,-2.5719062225551212,5.346120825081586,0.12378394440091224,523.7023490682624,-0.028779856527240633,-0.005428864678228341,5.4166666667,5.4999998628712286,0.04660641782377971,5.500000010503374,0.04257082566195418,True,Solve_Succeeded,6,0.055756755005859304,0.059572339996520896,0.05991010699653998,True,4.0144136903563776e-08,
100.3,115.012,115.003,4.483333399999999,-104.8645375807468,182.535916285631,-2.559672794376513,5.361794632263122,0.11865859734798306,524.2483280874521,-0.030892908693263006,-0.00238459880101205,5.4166666667,5.500000010503374,0.04257082566195418,5.499989866966962,0.04205079106405,True,Solve_Succeeded,4,0.03989368899783585,0.045244819004437886,0.045548731002782006,True,1.3101584706021185e-08,
100.4,115.112,115.105,4.483333399999999,-105.31923262212226,182.23206819338338,-2.5448316835093014,5.410059860693536,0.11701588859450701,524.7949179186627,-0.03080601896446644,0.0031799251108552973,5.4166666667,5.499989866966962,0.04205079106405,5.493802485930995,0.03570174823186599,True,Solve_Succeeded,2,0.022323533994494937,0.025662565996753983,0.02618539000104647,True,5.662923907578943e-08,
100.5,115.212,115.207,4.483333399999999,-105.76959959911717,181.92340636673634,-2.537148748217575,5.341162394388922,0.0629490445448179,525.3406245891699,-0.029394383304934116,0.001522105115886241,5.4166666667,5.493802485930995,0.03570174823186599,5.499893522621262,0.04778510294416122,True,Solve_Succeeded,4,0.04038380799465813,0.04432942000130424,0.044753308000508696,True,7.126147671954186e-09,
100.6,115.312,115.309,4.483333399999999,-106.21678366942953,181.61256527163218,-2.5314817740411253,5.337043140180877,0.039754590073538834,525.8849559390004,-0.029491895286804744,-0.002209045302250523,5.4166666667,5.499893522621262,0.04778510294416122,5.499999898212602,0.053297291982626595,True,Solve_Succeeded,6,0.04677649599761935,0.049127544996736106,0.0493728099972941,True,4.22380752075624e-09,
100.7,115.412,115.411,4.483333399999999,-106.66184073100389,181.2995147703832,-2.524693601399806,5.336936943176061,0.11786015136376453,526.4287927264268,-0.031695032519750053,-0.004893232601969277,5.4166666667,5.499999898212602,0.053297291982626595,5.5000000515518845,0.038432571924796086,True,Solve_Succeeded,7,0.06546781599899987,0.06950426200637594,0.06983179899543757,True,5.155188453898063e-08,
100.8,115.512,115.479,4.483333399999999,-106.95514742807173,181.0897511932786,-2.51535415572158,5.332978701721998,0.11441991246591836,526.7891812744202,-0.03317979832879419,-0.0018774881248653232,5.4166666667,5.5000000515518845,0.038432571924796086,5.500000051759781,0.04037547985366202,True,Solve_Succeeded,7,0.06626161599706393,0.06917519099806668,0.06964163399970857,True,2.9009628580226043e-07,
100.9,115.612,115.581,4.483333399999999,-107.39433935723103,180.7676859726696,-2.5023458939208236,5.346267888460634,0.11742555848480152,527.3334878236054,-0.03328022003646461,0.0015080116796530874,5.4166666667,5.500000051759781,0.04037547985366202,5.500000000641402,0.03096059562897192,True,Solve_Succeeded,6,0.052464633001363836,0.05667409700254211,0.05701549600053113,True,3.346605249691936e-08,
101.0,115.712,115.683,4.483333399999999,-107.82947190001482,180.43975078395323,-2.488002412768955,5.345868923058656,0.15049128635898568,527.8780439914399,-0.03150596721350718,0.006231415860004752,5.4166666667,5.500000000641402,0.03096059562897192,5.499968594326491,0.01235200712137961,True,Solve_Succeeded,4,0.038898657003301196,0.04464066799846478,0.045488716998079326,True,3.3888338357712655e-08,
101.1,115.812,115.785,4.483333399999999,-108.25964303514995,180.10587961389302,-2.478053226073546,5.3249039438596855,0.0817109851234428,528.4222969593792,-0.027102239877740544,0.007147294504252334,5.4166666667,5.499968594326491,0.01235200712137961,5.499997825615177,0.023113687099699968,True,Solve_Succeeded,5,0.040446546001476236,0.043174133003049064,0.043507833004696295,True,3.031935058572799e-08,
101.2,115.912,115.887,4.483333399999999,-108.68600834751757,179.76987070405494,-2.470633461994123,5.321577272972305,0.06288293651170096,528.9649283781189,-0.02340222818660515,0.006238644082242395,5.4166666667,5.499997825615177,0.023113687099699968,5.499982975588867,0.018309111009905257,True,Solve_Succeeded,4,0.038342132000252604,0.0425446759982151,0.042856623003899585,True,2.3464123088956512e-08,
101.3,116.012,115.989,4.483333399999999,-109.11082684129117,179.4316854151445,-2.4680118957613044,5.317381855342514,0.008890208719516778,529.507746251833,-0.02137293841182298,0.0012092076542460362,5.4166666667,5.499982975588867,0.018309111009905257,5.499999090519431,0.03382088318370222,True,Solve_Succeeded,6,0.05807585499860579,0.062282402999699116,0.06314338399533881,True,3.260810288452376e-09,
101.4,116.112,116.091,4.483333399999999,-109.53228789596767,179.09381151660222,-2.463379783029508,5.314733838223481,0.04532644875487967,530.0477730865503,-0.021445853635361306,-0.001093214149284982,5.4166666667,5.499999090519431,0.03382088318370222,5.499997178157171,0.022935845321147577,True,Solve_Succeeded,5,0.043953920001513325,0.04796411500137765,0.04864310699485941,True,1.1169133552063615e-09,
101.5,116.212,116.193,4.483333399999999,-109.95403027290946,178.75233149663737,-2.4581703727922517,5.325052566672637,0.06412004308972431,530.5902907874757,-0.02246867182248038,-0.002169062724933557,5.4166666667,5.499997178157171,0.022935845321147577,5.499999684781046,0.02100003969215859,True,Solve_Succeeded,5,0.04025878199900035,0.043777548999059945,0.04411795299529331,True,6.7201773035208134e-09,
101.6,116.312,116.295,4.483333399999999,-110.37354768443282,178.40725360780576,-2.4478286026087006,5.38326868270187,0.0926521133692287,531.1333721263857,-0.0225263120376861,0.0025653783374690597,5.4166666667,5.499999684781046,0.02100003969215859,5.495679862182213,0.006403734947024619,True,Solve_Succeeded,2,0.021516632004932035,0.024313301997608505,0.0245630049976171,True,1.4961407313052177e-06,
101.7,116.412,116.397,4.483333399999999,-110.78863219632392,178.05979252940207,-2.4448438114783637,5.300989318178201,0.0009506090865608257,531.6745807388002,-0.02077259339230246,0.0006435235548836182,5.4166666667,5.495679862182213,0.006403734947024619,5.499561179071056,0.02625655155114488,True,Solve_Succeeded,4,0.034355137999227736,0.03690953899786109,0.03725304899853654,True,1.1958756651608837e-08,
101.8,116.512,116.499,4.483333399999999,-111.20322191494509,177.71285659553655,-2.444306834241027,5.332644861436207,-0.018959477483471113,532.2150919576965,-0.021573599359240914,-0.0030412633141856382,5.4166666667,5.499561179071056,0.02625655155114488,5.499995310085822,0.02661910787401908,True,Solve_Succeeded,3,0.028313073999015614,0.03234102699934738,0.03279699699487537,True,6.021766552066765e-08,
101.9,116.612,116.601,4.483333399999999,-111.61789540834384,177.3661123456247,-2.446066116698663,5.297018600598188,0.006461037523865541,532.75554360004,-0.024674054266892433,-0.008344388411328119,5.4166666667,5.499995310085822,0.02661910787401908,5.50000001693729,0.025806770078055766,True,Solve_Succeeded,6,0.049533568002516404,0.05214600199542474,0.05258415899879765,True,1.693728979290654e-08,
102.0,116.713,116.703,4.483333399999999,-112.0302537304489,177.02045475298812,-2.4417925076640854,5.296635107970209,0.0410122057929029,533.2935208572754,-0.02883014669745975,-0.00692633339651616,5.4166666667,5.50000001693729,0.025806770078055766,5.499999690175523,0.01754322315144508,True,Solve_Succeeded,6,0.05206757599808043,0.05445053699804703,0.05471153300459264,True,2.2062183191451368e-08,
102.1,116.812,116.805,4.483333399999999,-112.44320832336805,176.67127448544426,-2.4373381626896977,5.307196762341195,0.051543204810111376,533.8342388802857,-0.032056679291367386,-0.004667234451891655,5.4166666667,5.499999690175523,0.01754322315144508,5.499999923870166,0.012182475451587765,True,Solve_Succeeded,6,0.05298252000648063,0.05567090599652147,0.056359864996920805,True,4.709959533499841e-08,
102.2,116.912,116.907,4.483333399999999,-112.85433537117588,176.3184257063593,-2.4275075287756027,5.293506824774678,0.1118941806041563,534.3759718848029,-0.03231474290744898,0.0036416840075128576,5.4166666667,5.499999923870166,0.012182475451587765,5.500000024218947,-0.01466329015245034,True,Solve_Succeeded,5,0.04518087399628712,0.04847319300461095,0.049041658006899524,True,2.652622121956938e-08,
102.3,117.012,117.009,4.483333399999999,-113.26063092074097,175.96476000572105,-2.4247678853553043,5.2812066214923075,0.011563945436204818,534.9145989364184,-0.029440812655582856,0.0055400074346265695,5.4166666667,5.500000024218947,-0.01466329015245034,5.499998621163241,0.002410718544284557,True,Solve_Succeeded,4,0.03714393299742369,0.04066742499708198,0.041039645999262575,True,1.4230999489939222e-08,
102.4,117.112,117.111,4.483333399999999,-113.66681711231857,175.61054514005437,-2.4240335728361866,5.293765943654108,-0.04112328176738497,535.4535242488209,-0.026352503959593154,0.0061020976610697275,5.4166666667,5.499998621163241,0.002410718544284557,5.499999600976721,0.004038564962970317,True,Solve_Succeeded,6,0.06264060700050322,0.06690982999862172,0.06724703600048088,True,2.392282905105958e-08,
102.5,117.212,117.179,4.483333399999999,-113.93750233091117,175.37455415460084,-2.4266088303914057,5.288957092412534,-0.023479275191492593,535.8126380358574,-0.024313703452488185,0.0037835893799167413,5.4166666667,5.499999600976721,0.004038564962970317,5.499999686512815,0.0007180142901823807,True,Solve_Succeeded,6,0.05186452899943106,0.054889013001229614,0.05540415699942969,True,3.467139644310058e-08,
102.6,117.312,117.281,4.483333399999999,-114.34242839639958,175.02318978567837,-2.428673243133418,5.276104926367055,-0.021858568003176697,536.3487731806092,-0.022219014807398622,0.0026549747838022775,5.4166666667,5.499999686512815,0.0007180142901823807,5.499997665019514,0.00404949289005484,True,Solve_Succeeded,5,0.04593973399460083,0.05021739199582953,0.05063281900220318,True,3.675922631909967e-08,
102.7,117.412,117.383,4.483333399999999,-114.75025310957997,174.6711737105641,-2.429944275850385,5.288631464922423,0.008682932227484593,536.8875414763155,-0.020837584968755925,0.002973863254837728,5.4166666667,5.499997665019514,0.00404949289005484,5.499991852775232,-0.004068751970584261,True,Solve_Succeeded,5,0.04304252500151051,0.04554711799573852,0.045847045999835245,True,7.52988729146864e-08,
102.8,117.512,117.485,4.483333399999999,-115.15849483392769,174.31795574448392,-2.4257460023066937,5.361833421585081,0.06452809224159715,537.4274017003917,-0.017916785072385224,0.008759206064220315,5.4166666667,5.499991852775232,-0.004068751970584261,5.4999999102564345,-0.022573568360269282,True,Solve_Succeeded,6,0.05013484899973264,0.05322983600490261,0.05350140199880116,True,4.374197448697714e-08,
102.9,117.612,117.587,4.483333399999999,-115.56424078738658,173.96427831743463,-2.4272307933183677,5.268341696416751,-0.052823595665321424,537.9656450127303,-0.012264103012481433,0.00851199061234853,5.4166666667,5.4999999102564345,-0.022573568360269282,5.499987567372866,0.00678040039551848,True,Solve_Succeeded,5,0.045099650997144636,0.04816190100245876,0.048422004001622554,True,2.622763783932669e-08,
103.0,117.713,117.689,4.483333399999999,-115.97100107955275,173.61316872945767,-2.431297246740705,5.2699429119405465,-0.026744844397264027,538.5029800876475,-0.00865096324678499,0.005337976854491,5.4166666667,5.499987567372866,0.00678040039551848,5.499999812250396,-0.002764101350832715,True,Solve_Succeeded,6,0.053173967004113365,0.056251952999446075,0.05653931199776707,True,4.9862142859069536e-08,
103.1,117.813,117.791,4.483333399999999,-116.37987972544585,173.26342406179037,-2.4376857566313,5.272378986894047,-0.07587321783421065,539.0410370225559,-0.007062201318278982,-0.0005001154640797978,5.4166666667,5.499999812250396,-0.002764101350832715,5.499999340937836,0.02215557015508714,True,Solve_Succeeded,6,0.056575499002065044,0.05975043099897448,0.06004096499964362,True,4.581287171845361e-08,
103.2,117.912,117.893,4.483333399999999,-116.78914319031482,172.91819660470026,-2.4425663312701293,5.273950968835736,-0.013252892784063023,539.5764589984464,-0.008961490843372845,-0.005173755690553339,5.4166666667,5.499999340937836,0.02215557015508714,5.499999477809377,0.012759010380068526,True,Solve_Succeeded,5,0.038647690998914186,0.04166790299495915,0.04224655200232519,True,1.1545706612992035e-09,
103.3,118.012,117.995,4.483333399999999,-117.20172620328319,172.57186730857288,-2.443937370886157,5.2875402431893495,-0.02219802799478924,540.11512115705,-0.012150822568125573,-0.006679590587823636,5.4166666667,5.499999477809377,0.012759010380068526,5.4999988313419275,0.026374477895785457,True,Solve_Succeeded,6,0.049854574994242284,0.05454683800053317,0.05492257099831477,True,4.132032138670638e-08,
103.4,118.112,118.097,4.483333399999999,-117.6148188307754,172.22422504097207,-2.438041214970346,5.297880033839604,0.10182052113053429,540.6550159446057,-0.014835463605643015,-0.0012637616081754288,5.4166666667,5.4999988313419275,0.026374477895785457,5.499998605771346,-0.008680550727927974,True,Solve_Succeeded,5,0.04244204700080445,0.04524598999705631,0.04554059299698565,True,6.61270149748816e-10,
103.5,118.212,118.199,4.483333399999999,-118.02429617462785,171.87588069178295,-2.4364054649243596,5.266325678285228,0.006723092003669763,541.1926052754998,-0.014993744531285992,-0.00044980470591671207,5.4166666667,5.499998605771346,-0.008680550727927974,5.4999991746973755,0.01829033438242104,True,Solve_Succeeded,5,0.044231375999515876,0.047621208999771625,0.04786009199597174,True,1.4425474148538342e-09,
103.6,118.312,118.301,4.483333399999999,-118.43317886821585,171.52763570293556,-2.4343479832527644,5.2921466590493385,0.005513347190096849,541.7296718706416,-0.015375389983500853,0.00044420822024759943,5.4166666667,5.4999991746973755,0.01829033438242104,5.499999061134089,0.01183323123947359,True,Solve_Succeeded,5,0.04421841099974699,0.04694117399776587,0.04718114899878856,True,6.557047793620541e-08,
103.7,118.412,118.403,4.483333399999999,-118.84092412416817,171.17788030208104,-2.4309075525097072,5.220868700241825,0.051127584138612486,542.2668499089671,-0.014586830206272616,0.002378244480997882,5.4166666667,5.499999061134089,0.01183323123947359,5.500000050398278,0.002444327000789234,True,Solve_Succeeded,7,0.06192971500422573,0.06479329899593722,0.06510405400331365,True,5.291791715933414e-08,
103.8,118.512,118.505,4.483333399999999,-119.2461213388643,170.82825332923144,-2.427481954248796,5.270983743722507,0.03330337046463445,542.8020082927321,-0.013135821263407316,0.003961983930831359,5.4166666667,5.500000050398278,0.002444327000789234,5.500000053681973,0.009045288184550956,True,Solve_Succeeded,7,0.05581301100028213,0.05871061500511132,0.05905520699889166,True,5.368197264488117e-08,
103.9,118.612,118.607,4.483333399999999,-119.65287178507702,170.47527365703402,-2.42708847770485,5.2859347200645095,-0.012430151711566244,543.3405324853572,-0.011239505957798209,0.0021579086647465218,5.4166666667,5.500000053681973,0.009045288184550956,5.499999014366755,0.020196262133400804,True,Solve_Succeeded,5,0.04381265299889492,0.046605389994510915,0.04695871900185011,True,3.090200362265705e-08,
104.0,118.712,118.709,4.483333399999999,-120.05974602091896,170.12095298387226,-2.421255840753716,5.27273352293296,0.05912143079016,543.8800311522979,-0.009688216585568878,0.005442431482932886,5.4166666667,5.499999014366755,0.020196262133400804,5.499982181647783,-0.0002748278013954593,True,Solve_Succeeded,4,0.037507460998313036,0.0405294820011477,0.040801921000820585,True,7.985924987963244e-08,
104.1,118.812,118.811,4.483333399999999,-120.46334453882898,169.76597898176956,-2.418893635662774,5.265868395489161,0.029720768139958813,544.417493091377,-0.006958772590174463,0.004920705040138529,5.4166666667,5.499982181647783,-0.0002748278013954593,5.499998820393329,0.012764078938533801,True,Solve_Succeeded,5,0.04673987699788995,0.04953006400319282,0.049865427004988305,True,1.0561302943301598e-09,
104.2,118.912,118.879,4.483333399999999,-120.7314911816252,169.52883538285408,-2.415073128481075,5.269504744164138,0.07782234672510442,544.775441535942,-0.00506283926900481,0.006628984380808499,5.4166666667,5.499998820393329,0.012764078938533801,5.499999011572952,-0.005848965441114082,True,Solve_Succeeded,5,0.044048249001207296,0.047393638000357896,0.04789191300369566,True,1.3241869822877561e-09,
104.3,119.012,118.981,4.483333399999999,-121.13306308558629,169.17066930522367,-2.4121981951581892,5.270460778354738,0.01920746337583219,545.3135103843598,-0.0014392840574185516,0.006040303385620227,5.4166666667,5.499999011572952,-0.005848965441114082,5.499998390687085,0.014070012913702858,True,Solve_Succeeded,5,0.041780483996262774,0.047918536998622585,0.04825187600363279,True,1.0522862581296977e-09,
104.4,119.112,119.083,4.483333399999999,-121.5323523107522,168.81384139145044,-2.412128149667743,5.271073628189657,-0.004495836518553122,545.8490029365722,0.0007448893024398105,0.002318828249888494,5.4166666667,5.499998390687085,0.014070012913702858,5.500000048319574,0.020042761882701817,True,Solve_Succeeded,7,0.05194603300333256,0.054846067003381904,0.05522215100063477,True,4.831957411965959e-08,
104.5,119.212,119.185,4.483333399999999,-121.93395855994086,168.4551551582831,-2.4133398260232326,5.285617293761453,-0.03040574118722786,546.3874701150751,0.0006423490222507924,-0.003052472718996224,5.4166666667,5.500000048319574,0.020042761882701817,5.499999485352129,0.03620759714390911,True,Solve_Succeeded,6,0.05031588700512657,0.05332118699880084,0.05387695800163783,True,3.941099091520073e-08,
104.6,119.312,119.287,4.483333399999999,-122.33554198363179,168.09572216565596,-2.4075543607402183,5.331720897814881,0.09390928786079235,546.9264106039379,-0.0012248907726344028,-0.001779219371482288,5.4166666667,5.499999485352129,0.03620759714390911,5.499997062728098,0.008758797961064468,True,Solve_Succeeded,4,0.036290664997068234,0.03983225800038781,0.04033664500457235,True,3.413557436715564e-09,
104.7,119.412,119.389,4.483333399999999,-122.7353380638572,167.73496530173205,-2.4075911864683617,5.269005656415226,-0.013095792366368429,547.4648953721127,-0.0034349034648204274,-0.006673484136836549,5.4166666667,5.499997062728098,0.008758797961064468,5.499949103641955,0.04672591063740792,True,Solve_Succeeded,6,0.05106117700051982,0.05409996699745534,0.05455810699641006,True,1.1224760036385173e-09,
104.8,119.512,119.491,4.483333399999999,-123.13450984155145,167.37511738200664,-2.406895244618483,5.280337778256316,0.001948568046919379,548.0022675512882,-0.00859846193094849,-0.01117306463055101,5.4166666667,5.499949103641955,0.04672591063740792,5.499982512562399,0.04701616780152627,True,Solve_Succeeded,5,0.039756097001372837,0.04289210499700857,0.04315926400158787,True,2.2066337290738147e-07,
104.9,119.612,119.593,4.483333399999999,-123.53225403917632,167.0140968781227,-2.40134231496259,5.267430506124697,0.08135469651093837,548.5393229160652,-0.014815910534712134,-0.0111602283944503,5.4166666667,5.499982512562399,0.04701616780152627,5.49999998382367,0.03680158515873524,True,Solve_Succeeded,6,0.050366664996545296,0.05417974900046829,0.05445061399950646,True,5.261734603578816e-08,
105.0,119.713,119.695,4.483333399999999,-123.92637270645508,166.65186071789378,-2.393137805994696,5.269322097998927,0.09522147589808443,549.0744851749863,-0.020728029116188065,-0.008822010255214341,5.4166666667,5.49999998382367,0.03680158515873524,5.499999822191237,0.03897078853866454,True,Solve_Succeeded,6,0.049846297995827626,0.05225966500438517,0.05252060099883238,True,2.816007960149136e-08,
105.1,119.812,119.797,4.483333399999999,-124.31912208362293,166.28342084312175,-2.382851894891257,5.286646391174926,0.09512164217058897,549.6128484652435,-0.024443623548244597,-0.004785542701726708,5.4166666667,5.499999822191237,0.03897078853866454,5.500000054186227,0.036079741262027426,True,Solve_Succeeded,8,0.0663337389996741,0.06988557099975878,0.07041735700477147,True,5.418622706088172e-08,
105.2,119.912,119.899,4.483333399999999,-124.70800776469929,165.90979627051277,-2.3702987763966483,5.315663948669604,0.0733594569012636,550.1519689922928,-0.025206446340570513,0.0011598788306579344,5.4166666667,5.500000054186227,0.036079741262027426,5.499998681620632,0.03703794542660701,True,Solve_Succeeded,5,0.041439398999500554,0.0438184619997628,0.04424699999799486,True,1.5903242334136536e-09,
105.3,120.012,120.001,4.483333399999999,-125.09257597224077,165.53245597167972,-2.3604306601500076,5.285404809288336,0.09774847526381879,550.6905727378644,-0.02395007675025317,0.004078058848481003,5.4166666667,5.499998681620632,0.03703794542660701,5.499999434587775,0.026025446153691165,True,Solve_Succeeded,5,0.044865185001981445,0.047436680004466325,0.04768947899719933,True,1.5799077601741374e-09,
105.4,120.112,120.103,4.483333399999999,-125.47396841370386,165.1504381616728,-2.3495230643568865,5.294101147614313,0.10781628693595063,551.2302143309857,-0.02097758602757518,0.007673844377166007,5.4166666667,5.499999434587775,0.026025446153691165,5.499999906596188,0.02094582305742767,True,Solve_Succeeded,6,0.05163831900426885,0.05556357699970249,0.05606835000071442,True,9.192542727021191e-09,
105.5,120.212,120.205,4.483333399999999,-125.85137390275322,164.7639457087201,-2.3395893716944918,5.236825870335379,0.10719628551986406,551.7702471150903,-0.016065189660168143,0.009942501141567028,5.4166666667,5.499999906596188,0.02094582305742767,5.500000050220094,0.016085921021020827,True,Solve_Succeeded,7,0.06099003700364847,0.06411565699818311,0.0645376859974931,True,5.1693060498791965e-08,
105.6,120.312,120.307,4.483333399999999,-126.22525960739395,164.37543698311788,-2.332524124754348,5.310378249368286,0.06207107721386052,552.3093123664481,-0.011457417781150867,0.009010975407768296,5.4166666667,5.500000050220094,0.016085921021020827,5.500000053495664,0.02642046427866854,True,Solve_Succeeded,7,0.058368503996462096,0.06073561900120694,0.06098518200451508,True,5.3495663898672774e-08,
105.7,120.412,120.409,4.483333399999999,-126.5987183312353,163.9822186720189,-2.3282641016473953,5.299426803183925,0.08851563107106178,552.851523211174,-0.007692758172823805,0.004881462610988319,5.4166666667,5.500000053495664,0.02642046427866854,5.499998253898008,0.020203490778504234,True,Solve_Succeeded,5,0.043648235994623974,0.04652557500230614,0.046844103999319486,True,1.394515905528415e-09,
105.8,120.512,120.511,4.483333399999999,-126.97046968051413,163.58560916359212,-2.3213297913790374,5.313357519331053,0.037133106310201995,553.395060212813,-0.005005857502969169,0.0030599141361018485,5.4166666667,5.499998253898008,0.020203490778504234,5.4999971852687235,0.03847094709989691,True,Solve_Succeeded,5,0.045182587004092056,0.048516146998736076,0.04876633200183278,True,1.6503528081635022e-07,
105.9,120.612,120.579,4.483333399999999,-127.21648071403663,163.32099850511537,-2.318359462630462,5.3132448733389825,0.03773017062670733,553.7563354666324,-0.0044233471284788025,2.0405863079275832e-05,5.4166666667,5.4999971852687235,0.03847094709989691,5.499911850895835,0.04158882722557445,True,Solve_Succeeded,4,0.03728961099841399,0.03992262599786045,0.04025139599980321,True,6.607247637901992e-08,
106.0,120.712,120.681,4.483333399999999,-127.58448839530949,162.92272000227072,-2.314567415601231,5.3119835696530275,0.05444997850441255,554.298555343689,-0.006023327894962356,-0.005461267706688755,5.4166666667,5.499911850895835,0.04158882722557445,5.499999867286223,0.04740429901094425,True,Solve_Succeeded,6,0.04711366500123404,0.05051610800001072,0.05080866500065895,True,1.595517493385018e-08,
106.1,120.812,120.783,4.483333399999999,-127.94899212993917,162.5222145571164,-2.302772184854625,5.311334125624612,0.13708394429810336,554.8400246532334,-0.00858989160858028,-0.003030176648624927,5.4166666667,5.499999867286223,0.04740429901094425,5.499999880064182,0.027347479531401993,True,Solve_Succeeded,6,0.05503921499621356,0.05792678499710746,0.05828770899825031,True,5.176486794766788e-08,
106.2,120.912,120.885,4.483333399999999,-128.3075374458673,162.1185933961373,-2.2886147885566817,5.316625882274572,0.1441449338350689,555.3798142423128,-0.009709579033423961,0.0017273895749041477,5.4166666667,5.499999880064182,0.027347479531401993,5.499993213958691,0.024744530042108963,True,Solve_Succeeded,5,0.04410304000339238,0.04723462700349046,0.04749660500237951,True,1.5107778139622496e-08,
106.3,121.012,120.987,4.483333399999999,-128.66232897594128,161.70683595391324,-2.2756930672464875,5.314807200424795,0.10255356597531859,555.9232561809736,-0.007771358789373763,0.005117112224658271,5.4166666667,5.499993213958691,0.024744530042108963,5.499999834053662,0.02853303900784314,True,Solve_Succeeded,6,0.052653298000223,0.05688677800208097,0.05716363599640317,True,1.0540500555711318e-09,
106.4,121.112,121.089,4.483333399999999,-129.0122630907453,161.28999947801898,-2.264219539175975,5.388863998124391,0.05256854399111043,556.4674373085014,-0.004045978139646102,0.006973466798041894,5.4166666667,5.499999834053662,0.02853303900784314,5.4995286006771105,0.036337013102943565,True,Solve_Succeeded,2,0.01976812099746894,0.0233856159975403,0.023748735002300236,True,1.997379453777537e-07,
106.5,121.212,121.191,4.483333399999999,-129.35878048414185,160.87133363885363,-2.260571108939106,5.323201193940053,0.02792607548900852,557.0108726028099,-0.0017762173938758508,0.000942544070672735,5.4166666667,5.4995286006771105,0.036337013102943565,5.499988479947689,0.04569269109007528,True,Solve_Succeeded,4,0.03478744300082326,0.03806359600275755,0.03834748799999943,True,1.1583045633756228e-08,
106.6,121.312,121.293,4.483333399999999,-129.70363447171297,160.45181848230393,-2.2556122096993256,5.320294454879054,0.10529618402994226,557.5539131774892,-0.002960963688532536,-0.0038493259264309465,5.4166666667,5.499988479947689,0.04569269109007528,5.4999999752304385,0.03298161371179506,True,Solve_Succeeded,6,0.05035914199834224,0.053663576996768825,0.05397369000274921,True,5.31328172570511e-08,
106.7,121.412,121.395,4.483333399999999,-130.04439075661793,160.02917495551932,-2.2422468515118394,5.327710299681759,0.15281427427033412,558.0967797741447,-0.0043081107105772155,-0.00031318394608437217,5.4166666667,5.4999999752304385,0.03298161371179506,5.499999935293398,0.02383434492247199,True,Solve_Succeeded,6,0.052873562002787367,0.05674560299667064,0.05715466100082267,True,1.7796528695157576e-08,
106.8,121.512,121.497,4.483333399999999,-130.3789494055784,159.6036490569634,-2.2277125335242443,5.333877996659549,0.12088395702145019,558.6380355483878,-0.004352489330343585,0.004336742668079819,5.4166666667,5.499999935293398,0.02383434492247199,5.499999930780183,0.02742385377363422,True,Solve_Succeeded,6,0.0441843240041635,0.04748703299992485,0.047736124994116835,True,1.499595647658225e-08,
106.9,121.612,121.599,4.483333399999999,-130.70917474481232,159.17009821753712,-2.2162724087378094,5.346974666585032,0.13043963403339298,559.1829919125779,-0.001459497218423127,0.005736665258515128,5.4166666667,5.499999930780183,0.02742385377363422,5.499999784051353,0.01827964358246329,True,Solve_Succeeded,5,0.04358217899425654,0.046409668000706006,0.046682738000527024,True,3.679118343313803e-09,
107.0,121.712,121.701,4.483333399999999,-131.03652335104056,158.7317588274157,-2.209621030457312,5.36439604089428,0.03411636586100332,559.7300682963828,0.0011061450263202856,0.002216576916902469,5.4166666667,5.499999784051353,0.01827964358246329,5.499995744637232,0.04572485597008564,True,Solve_Succeeded,4,0.03674356000556145,0.040255378997244406,0.040633276003063656,True,4.404429532200993e-08,
107.1,121.812,121.803,4.483333399999999,-131.36060611502455,158.29352168361805,-2.2050638458225555,5.345451531479749,0.04378946492228723,560.2751312651367,0.0006582108882483039,-0.003455265985751854,5.4166666667,5.499995744637232,0.04572485597008564,5.49999390444882,0.04619137171102651,True,Solve_Succeeded,4,0.038509453006554395,0.0412859420030145,0.041546558000845835,True,5.980828277074579e-09,
107.2,121.912,121.905,4.483333399999999,-131.68273977364024,157.85346893923068,-2.1987875347433286,5.345833340102194,0.1184641014271234,560.8204712619059,-0.0027497899269389166,-0.007511155124362733,5.4166666667,5.49999390444882,0.04619137171102651,5.500000052733089,0.037548429034305206,True,Solve_Succeeded,7,0.057406063002417795,0.0618709369955468,0.06225090899533825,True,5.273308900655138e-08,
107.3,122.012,122.007,4.483333399999999,-131.9999547567403,157.4106149961726,-2.1852754908109553,5.2510472590921955,0.16597906933771733,561.365159347265,-0.006182697342328796,-0.004419815858820453,5.4166666667,5.500000052733089,0.037548429034305206,5.500000050189723,0.027727633679250276,True,Solve_Succeeded,7,0.05520332999731181,0.05916762600099901,0.05956272900220938,True,5.0189722600180176e-08,
107.4,122.112,122.109,4.483333399999999,-132.31114871149603,156.96365971730674,-2.1713416110960737,5.358470325741572,0.12490573353439828,561.9097036634269,-0.008034157026436957,-0.0010076311401090443,5.4166666667,5.500000050189723,0.027727633679250276,5.4998805295717625,0.03481884524486891,True,Solve_Succeeded,3,0.02542862900008913,0.028528037000796758,0.028942557000846136,True,6.220432702264134e-08,
107.5,122.213,122.211,4.483333399999999,-132.61758216783608,156.51037371064433,-2.158759293014951,5.3691815835743855,0.12594273142493329,562.4567665642066,-0.008169206745193511,0.0008969197293935416,5.4166666667,5.4998805295717625,0.03481884524486891,5.499972606135527,0.02681789788216713,True,Solve_Succeeded,3,0.026313738999306224,0.029490679000446107,0.029906480995123275,True,5.820274013856874e-07,
107.6,122.312,122.279,4.483333399999999,-132.81961277366162,156.20546677829077,-2.1538744771494653,5.434595600766522,0.024711494152171352,562.8224745104865,-0.008138050442168946,-0.001406075130690354,5.4166666667,5.499972606135527,0.02681789788216713,5.4868160466146465,0.054431878084507564,True,Solve_Succeeded,3,0.025881453999318182,0.02892368900211295,0.029371343996899668,True,7.495797679779592e-08,
107.7,122.412,122.381,4.483333399999999,-133.11976138637985,155.74797473508977,-2.148375790903184,5.354791204274194,0.056385661728905315,563.3695387691405,-0.010451196626543598,-0.006360873147791324,5.4166666667,5.4868160466146465,0.054431878084507564,5.497121530946818,0.04730992314249354,True,Solve_Succeeded,7,0.05571244100428885,0.05968086600478273,0.06002034700213699,True,5.373606715153301e-08,
107.8,122.512,122.483,4.483333399999999,-133.41686871620348,155.28965452491045,-2.1436796311219566,5.351859800305368,0.07593505238191314,563.915587030628,-0.015337793619224348,-0.011623884237132565,5.4166666667,5.497121530946818,0.04730992314249354,5.499998620122432,0.05194933835192166,True,Solve_Succeeded,6,0.04634077700029593,0.04932569399534259,0.04968835100589786,True,1.5239754347362577e-08,
107.9,122.612,122.585,4.483333399999999,-133.71046715293778,154.82940039812357,-2.132768184867011,5.355106753015833,0.1320417442625634,564.4613043172116,-0.02153067474316393,-0.010188289989241373,5.4166666667,5.499998620122432,0.05194933835192166,5.499999575386883,0.03657065797839772,True,Solve_Succeeded,5,0.043258919002255425,0.04724664599780226,0.04762390099494951,True,6.420949993923841e-09,
108.0,122.713,122.687,4.483333399999999,-133.99737674661972,154.36710527279257,-2.118712564160224,5.357465257210076,0.144793388475769,565.00516504791,-0.02598288852880689,-0.0050991524175709735,5.4166666667,5.499999575386883,0.03657065797839772,5.4999787416599535,0.029120936073713393,True,Solve_Succeeded,3,0.029242579003039282,0.032235093000053894,0.03254855200066231,True,7.008885409831578e-07,
108.1,122.812,122.789,4.483333399999999,-134.27867222874144,153.89812314232714,-2.1032172659660895,5.360179930737107,0.18730492172513272,565.5518143231096,-0.02694594093638558,0.0018654076919117912,5.4166666667,5.4999787416599535,0.029120936073713393,5.499996035713417,0.0054158455559446044,True,Solve_Succeeded,3,0.026449101002071984,0.029333654994843528,0.02963331800128799,True,2.8076865277171237e-08,
108.2,122.912,122.891,4.483333399999999,-134.5538629557025,153.4238658152175,-2.091243012996922,5.37585144631677,0.05649252062308225,566.0999182901041,-0.024513260854997356,0.005772227687169896,5.4166666667,5.499996035713417,0.0054158455559446044,5.499919619443549,0.02874312816369715,True,Solve_Succeeded,3,0.027031638004700653,0.030101904005277902,0.030560330000298563,True,5.338922706710214e-08,
108.3,123.012,122.993,4.483333399999999,-134.82381505798972,152.9493847620096,-2.0854072484685306,5.345833674424853,0.04269301630987511,566.645637447123,-0.021710016814149247,0.004059740876659834,5.4166666667,5.499919619443549,0.02874312816369715,5.4999868504776614,0.02249793357484086,True,Solve_Succeeded,4,0.036381010999321006,0.03901530300208833,0.039262391001102515,True,1.6278836945105013e-08,
108.4,123.112,123.095,4.483333399999999,-135.09133678142643,152.47472901205873,-2.0841479275226242,5.33938480483893,-0.020449478084756608,567.1903421285393,-0.02069085348066848,-0.0017333125504723768,5.4166666667,5.4999868504776614,0.02249793357484086,5.499998826399135,0.043981987420919695,True,Solve_Succeeded,5,0.04250749499624362,0.04639337499975227,0.04708725700038485,True,4.7993649054944854e-08,
108.5,123.213,123.197,4.483333399999999,-135.35878736554255,152.0009779811478,-2.084520926654207,5.285086820872003,0.06822678279235601,567.7342198587812,-0.02375859292509401,-0.008667855452770823,5.4166666667,5.499998826399135,0.043981987420919695,5.5000000316886535,0.026434364344337605,True,Solve_Succeeded,6,0.049298657999315765,0.05175913099810714,0.052211745001841336,True,4.080334559120047e-08,
108.6,123.312,123.299,4.483333399999999,-135.62381669242342,151.52748682662164,-2.0784387916948277,5.333772378613355,0.06274129987144804,568.2766624726601,-0.028263662954527435,-0.008652525780138198,5.4166666667,5.5000000316886535,0.026434364344337605,5.499838162390169,0.03573602807531104,True,Solve_Succeeded,4,0.03696266599581577,0.03987080399383558,0.040147479994629975,True,9.608158713092507e-09,
108.7,123.412,123.401,4.483333399999999,-135.8860023096528,151.0508003106052,-2.068442010458602,5.33288969208557,0.15284353776342638,568.8205149265466,-0.03191319852669691,-0.004260290837694747,5.4166666667,5.499838162390169,0.03573602807531104,5.499992255133432,0.00465643333575503,True,Solve_Succeeded,4,0.03668989300058456,0.03907936199539108,0.039316119997238275,True,2.4448620905559437e-09,
108.8,123.512,123.503,4.483333399999999,-136.1428096226585,150.57025349712558,-2.055962970690581,5.322717419887015,0.08989853071927502,569.3652142359265,-0.03192085942509107,0.0030844885509258013,5.4166666667,5.499992255133432,0.00465643333575503,5.499999697126704,0.01353630145353395,True,Solve_Succeeded,4,0.036796560998482164,0.039978070999495685,0.04029887499928009,True,4.642413031774595e-08,
108.9,123.612,123.605,4.483333399999999,-136.39396409978605,150.0892712362471,-2.0487237044031072,5.3164192607796705,0.05430092483516896,569.9076736865982,-0.029388507713219325,0.0056862298742013095,5.4166666667,5.499999697126704,0.01353630145353395,5.499997232616166,0.00990913390684206,True,Solve_Succeeded,5,0.03926228400086984,0.04173911399993813,0.04199007999704918,True,1.0086287360877577e-09,
109.0,123.713,123.707,4.483333399999999,-136.64237738841229,149.60724137312567,-2.0456405911449953,5.314849192870338,-0.0020084197570502302,570.449824182548,-0.026328607961361536,0.0046078846563131215,5.4166666667,5.499997232616166,0.00990913390684206,5.499999590599806,0.02074454117276862,True,Solve_Succeeded,6,0.0535024290002184,0.05705935900186887,0.057504989999870304,True,3.954356024918337e-09,
109.1,123.812,123.809,4.483333399999999,-136.889405742996,149.126036608425,-2.0443638260484205,5.266275124207779,0.05193345954920504,570.9906354581116,-0.02454403850387339,0.002204245887925005,5.4166666667,5.499999590599806,0.02074454117276862,5.500000028940228,0.005072682769790051,True,Solve_Succeeded,6,0.053897915000561625,0.05771893799828831,0.05818368700420251,True,3.896138167647223e-08,
109.2,123.912,123.911,4.483333399999999,-137.13557127539286,148.64345069300856,-2.040718766289716,5.3199798163709335,0.03051570225625851,571.5323012989605,-0.023226329259288383,0.00263371837691162,5.4166666667,5.500000028940228,0.005072682769790051,5.500000049277171,0.013993223002501528,True,Solve_Succeeded,6,0.05128229800175177,0.054325854005583096,0.05474731299909763,True,4.927717078828664e-08,
109.3,124.012,123.979,4.483333399999999,-137.2991854442999,148.32032456987207,-2.038266888596779,5.330459713468479,0.03623027952980264,571.8944440388476,-0.022185737316324845,0.0031596498477965973,5.4166666667,5.500000049277171,0.013993223002501528,5.499965674358694,0.007953388215413632,True,Solve_Succeeded,4,0.035993381003208924,0.039085551994503476,0.03939959299896145,True,2.0515945386989642e-08,
109.4,124.112,124.081,4.483333399999999,-137.54157746445534,147.83402657452885,-2.032037305592298,5.333794685030557,0.0394432898636597,572.4377345828242,-0.01847508866316602,0.006610082122555649,5.4166666667,5.499965674358694,0.007953388215413632,5.499984207868127,0.0032505750945690582,True,Solve_Succeeded,3,0.02800476500124205,0.031383389003167395,0.03169356199941831,True,1.2076335842436947e-07,
109.5,124.213,124.183,4.483333399999999,-137.78236409047886,147.34808906071854,-2.0303568681066926,5.316065485053259,0.008039034889184296,572.9800012715317,-0.01496895041474584,0.005635854216547553,5.4166666667,5.499984207868127,0.0032505750945690582,5.500000041965563,0.009970853044879501,True,Solve_Succeeded,6,0.051748981000855565,0.05430173100467073,0.05464825099625159,True,4.196556258051487e-08,
109.6,124.312,124.285,4.483333399999999,-138.02307627378065,146.86169204084084,-2.030004401468153,5.325728204375137,-0.01631034613694229,573.5226622802578,-0.012598470799076425,0.003451058793600748,5.4166666667,5.500000041965563,0.009970853044879501,5.499999780371742,0.015199428718236723,True,Solve_Succeeded,5,0.043562268001551274,0.047144376003416255,0.04753889599669492,True,6.178088263197878e-09,
109.7,124.412,124.387,4.483333399999999,-138.26365807611194,146.37577464984398,-2.031251940701434,5.26802860156673,-0.0050002663662541795,574.0648456409383,-0.01166878717357825,-0.00021223698746908326,5.4166666667,5.499999780371742,0.015199428718236723,5.500000033125259,0.015200121780618811,True,Solve_Succeeded,6,0.052404991001822054,0.055727512000885326,0.05600916800176492,True,3.312525898024887e-08,
109.8,124.512,124.489,4.483333399999999,-138.50302870003335,145.89144084073018,-2.0291581497298607,5.3174576934479845,0.018075306379782472,574.6050760120618,-0.011630372423812443,-0.00040688581671055596,5.4166666667,5.500000033125259,0.015200121780618811,5.500000014869388,0.01178451977227248,True,Solve_Succeeded,7,0.05627879900566768,0.06031122100102948,0.06080099899554625,True,4.429599886890401e-08,
109.9,124.612,124.591,4.483333399999999,-138.7426593878517,145.40400576974744,-2.0258510520309723,5.3302906647715576,0.03845318318951673,575.148204294362,-0.011664770019634375,0.0007188785801957032,5.4166666667,5.500000014869388,0.01178451977227248,5.499824106690805,0.006221948670634969,True,Solve_Succeeded,3,0.02811283899791306,0.030836928002827335,0.03111424700182397,True,4.0210046492461515e-07,
110.0,124.712,124.693,4.483333399999999,-138.9789706271281,144.91446818388403,-2.016964746796935,5.310288250681279,0.08584334510885025,575.6917662677823,-0.00894630293852715,0.007541969972605589,5.4166666667,5.499824106690805,0.006221948670634969,5.500000053764215,-0.013854865496277484,True,Solve_Succeeded,7,0.058799628997803666,0.06139408700255444,0.06165632500051288,True,5.376421530201014e-08,
110.1,124.812,124.795,4.483333399999999,-139.21314190720003,144.42674447947147,-2.020454974120703,5.305595445163749,-0.04187764100704043,576.2327719919876,-0.006183386926379335,0.002117303401842907,5.4166666667,5.500000053764215,-0.013854865496277484,5.499374082239068,0.018983146411827634,True,Solve_Succeeded,4,0.03708558400103357,0.039997986001253594,0.04037100300047314,True,1.456119314013904e-08,
110.2,124.912,124.897,4.483333399999999,-139.44952694945394,143.93963029323425,-2.024779410124753,5.303402186033535,-0.043454566836222605,576.77420091248,-0.006693432596257043,-0.0040241549500441565,5.4166666667,5.499374082239068,0.018983146411827634,5.499998220978724,0.019746026950994346,True,Solve_Succeeded,5,0.041036889000679366,0.04375686399725964,0.044003923001582734,True,9.188170224661008e-10,
110.3,125.012,124.999,4.483333399999999,-139.68759750878775,143.4547759204537,-2.0292471131172194,5.221597326373641,0.0012112093152085986,577.3143211868945,-0.01065347159336662,-0.01018594962979069,5.4166666667,5.499998220978724,0.019746026950994346,5.500000050393148,0.01980409637602239,True,Solve_Succeeded,7,0.06572796100226697,0.06887493000249378,0.06919352000113577,True,5.1589809757501826e-08,
110.4,125.112,125.101,4.483333399999999,-139.92604624214894,142.97020181909605,-2.0282840192344698,5.310262716805488,0.012328485368021096,577.8543389535445,-0.015958701152384867,-0.010798275886076512,5.4166666667,5.500000050393148,0.01980409637602239,5.499979847199884,0.02465852669163154,True,Solve_Succeeded,4,0.038483972995891236,0.04199407000123756,0.04229527599818539,True,2.5622255428459084e-08,
110.5,125.213,125.203,4.483333399999999,-140.16538475868643,142.48331066313742,-2.027079165206341,5.324379959397004,0.009682938474461385,578.3968155308789,-0.021887916870748494,-0.011056882650449573,5.4166666667,5.499979847199884,0.02465852669163154,5.499999616405725,0.02806969327236351,True,Solve_Succeeded,5,0.04794958700222196,0.05196763400454074,0.052725759996974375,True,7.699018311768668e-09,
110.6,125.312,125.305,4.483333399999999,-140.40238667389428,141.9947655951598,-2.0197026489801897,5.295375550733261,0.0024729675902268014,578.93976718364,-0.025758231593886086,-0.005025567428549316,5.4166666667,5.499999616405725,0.02806969327236351,5.500000016178662,0.026399361409746552,True,Solve_Succeeded,6,0.06078005200106418,0.06415003400616115,0.06487474199821008,True,1.6178661965682295e-08,
110.7,125.412,125.407,4.483333399999999,-140.6383567642345,141.50817979652308,-2.023669685588115,5.305202834717303,-0.006941765253673069,579.480498832147,-0.030233360259916964,-0.01021346395027889,5.4166666667,5.500000016178662,0.026399361409746552,5.499999894240341,0.03391350912218455,True,Solve_Succeeded,6,0.0537305350007955,0.05781902000308037,0.05833886500477092,True,2.8109800709330557e-08,
110.8,125.512,125.509,4.483333399999999,-140.8749420529469,141.02121380332252,-2.020803066870299,5.303418255672826,0.06359852362992377,580.0218295499183,-0.035730336718164855,-0.008450284426944066,5.4166666667,5.499999894240341,0.03391350912218455,5.49998816921934,0.0170898851050429,True,Solve_Succeeded,4,0.04207011399557814,0.045677713002078235,0.04601262499636505,True,6.993366053961725e-08,
110.9,125.612,125.611,4.483333399999999,-141.10803476309698,140.53498945068776,-2.01355351183486,5.268107435051627,0.08718007322699352,580.5609923526227,-0.038949725432359035,-0.0021816446515945387,5.4166666667,5.49998816921934,0.0170898851050429,5.499977418235677,0.011016374314497543,True,Solve_Succeeded,4,0.03733429100248031,0.04033084399998188,0.04059460500138812,True,8.445376992530229e-08,
111.0,125.713,125.679,4.483333399999999,-141.2617774826065,140.208823464038,-2.0077998822041723,5.30928010807481,0.07823781677962982,580.921553522771,-0.03902230368548991,0.0029774253769430103,5.4166666667,5.499977418235677,0.011016374314497543,5.500000014531071,0.005197314548359597,True,Solve_Succeeded,6,0.057006501003343146,0.06150894899474224,0.06260296099935658,True,1.8621452824163498e-08,
111.1,125.812,125.781,4.483333399999999,-141.4897650011594,139.71662988295336,-2.0022091598546523,5.325131827757701,0.032040170716849975,581.4639346664957,-0.035948560277982995,0.007431274559082547,5.4166666667,5.500000014531071,0.005197314548359597,5.499946118012366,0.01077254076540844,True,Solve_Succeeded,4,0.03447264400165295,0.038201910007046536,0.038469248996989336,True,3.341218590691142e-08,
111.2,125.912,125.883,4.483333399999999,-141.71481545434293,139.2219264320701,-1.9940447420138316,5.3149262947879485,0.08937137151179608,582.0073371800837,-0.029886785074553883,0.014017112039281576,5.4166666667,5.499946118012366,0.01077254076540844,5.499866026444786,-0.01476632510741766,True,Solve_Succeeded,4,0.04011597799399169,0.04406596499757143,0.044417871002224274,True,5.5600484216711266e-09,
111.3,126.012,125.985,4.483333399999999,-141.93765695016862,138.7290590849,-1.997684099791402,5.308364726553554,-0.04662677058361709,582.5481504411574,-0.023573682514372536,0.008369645640493806,5.4166666667,5.499866026444786,-0.01476632510741766,5.499711055224291,0.025220988167399323,True,Solve_Succeeded,6,0.06595657199795824,0.07407393500034232,0.07446021900250344,True,1.9619808000470584e-09,
111.4,126.112,126.087,4.483333399999999,-142.16327403768116,138.23615373872798,-2.001783157494989,5.313334837332127,-0.03428751290705858,583.0901772393257,-0.020968425413408792,0.0018202048347122355,5.4166666667,5.499711055224291,0.025220988167399323,5.499999680298671,0.02597816495779638,True,Solve_Succeeded,6,0.06469505800487241,0.06806711600074777,0.06841013400116935,True,3.348198163166671e-08,
111.5,126.212,126.189,4.483333399999999,-142.38977087396182,137.74489655260015,-2.0039013736579916,5.215125126795569,-0.021216975819015386,583.6310733650832,-0.021296992335405013,-0.0031805289463120445,5.4166666667,5.499999680298671,0.02597816495779638,5.49999973077163,0.03563461929042926,True,Maximum_CpuTime_Exceeded,6,0.07024004500271985,0.07459796300099697,0.07545889500033809,True,5.004324954427375e-09,
111.6,126.312,126.291,4.483333399999999,-142.61684411119106,137.25425265740594,-2.0016123916520026,5.318452159217947,0.03775569101935158,584.1716329885078,-0.024081589596447916,-0.004209052213813402,5.4166666667,5.49999973077163,0.03563461929042926,5.499852633947276,0.02914993805279008,True,Solve_Succeeded,3,0.03799125699879369,0.043276588003209326,0.043765523994807154,True,1.9312192822695806e-07,
111.7,126.412,126.393,4.483333399999999,-142.84296069112955,136.760074554341,-1.9974566902017625,5.334894304151481,0.07008071580961238,584.7149852271089,-0.02645510685263673,-0.0038284477459396,5.4166666667,5.499852633947276,0.02914993805279008,5.4999788144402855,0.027584182740691795,True,Solve_Succeeded,3,0.040092791998176835,0.044666845999017823,0.045818211998266634,True,5.965227316551136e-07,
111.8,126.512,126.495,4.483333399999999,-143.06473661200587,136.26340779557307,-1.9842581730965194,5.306870555141195,0.06452300336974305,585.2588070950289,-0.026022688840324472,0.005149142858870582,5.4166666667,5.4999788144402855,0.027584182740691795,5.5000000045495625,0.0228460043438759,True,Solve_Succeeded,6,0.06955427500361111,0.07545864100393374,0.07591536200197879,True,4.549562504507776e-09,
111.9,126.613,126.597,4.483333399999999,-143.2821449812895,135.76649250422324,-1.981880734468094,5.320537843133156,0.022914596367212724,585.8010814019826,-0.02390799997295704,0.002876441476735936,5.4166666667,5.5000000045495625,0.0228460043438759,5.499910542571724,0.033934023721183884,True,Solve_Succeeded,4,0.048531423999520484,0.053008201997727156,0.05343698999786284,True,4.239344977841064e-08,
112.0,126.712,126.699,4.483333399999999,-143.49818707405132,135.2683462502551,-1.9768376596163173,5.321356214271516,0.06972939696368656,586.3439387812614,-0.022692013608718593,0.0028228028477330636,5.4166666667,5.499910542571724,0.033934023721183884,5.499999422565279,0.02098791465729747,True,Solve_Succeeded,5,0.057789740996668115,0.06212460499955341,0.06254075600008946,True,1.2470170842118766e-09,
112.1,126.812,126.801,4.483333399999999,-143.71018063638147,134.77083951179014,-1.9688397107863713,5.277850182634047,0.09557495002092264,586.8846067107443,-0.020890718360684835,0.005305320078068609,5.4166666667,5.499999422565279,0.02098791465729747,5.500000031669441,0.01632665784252588,True,Solve_Succeeded,6,0.06818675599788548,0.07283557399932761,0.0733497309993254,True,3.484229527117577e-08,
112.2,126.912,126.903,4.483333399999999,-143.91867223435995,134.26956044011024,-1.9585593180732495,5.330853707166368,0.08261075664946692,587.4273906369357,-0.017501637577353978,0.009607778563570424,5.4166666667,5.500000031669441,0.01632665784252588,5.5000000488557905,0.015629492879538603,True,Solve_Succeeded,6,0.06487900699721649,0.0696947199976421,0.0700214549942757,True,4.885579052427147e-08,
112.3,127.012,127.005,4.483333399999999,-144.12301642628606,133.76543681759603,-1.953668216480845,5.3320412927126615,0.09498023927129923,587.9712369322133,-0.012559495563542824,0.008066448930581505,5.4166666667,5.5000000488557905,0.015629492879538603,5.49998715731783,0.01038848852146003,True,Solve_Succeeded,3,0.03026424100244185,0.0338306650010054,0.034625416999915615,True,3.5270961351585584e-07,
112.4,127.112,127.107,4.483333399999999,-144.32382431991132,133.25920675747588,-1.9454562515614544,5.322311332378194,-0.01764008393724432,588.515746854208,-0.007168931736735831,0.009394663604108677,5.4166666667,5.49998715731783,0.01038848852146003,5.499985329879315,0.036904101297003236,True,Solve_Succeeded,4,0.04798510100226849,0.051625787004013546,0.052556867005478125,True,3.39534972837105e-09,
112.5,127.212,127.209,4.483333399999999,-144.52269304554446,132.75410421635897,-1.9461686882226592,5.3213664094463216,-0.006099881888680671,589.0585405510668,-0.004259645727605385,0.0013794472068058283,5.4166666667,5.499985329879315,0.036904101297003236,5.499999764354263,0.03756381663486979,True,Solve_Succeeded,6,0.051367430001846515,0.055818946995714214,0.05616490200191038,True,4.374472695189979e-08,
112.6,127.312,127.311,4.483333399999999,-144.72183305756508,132.24873359940796,-1.94478934918803,5.335180800079437,0.07346946404947322,589.6016928343893,-0.00559014572683913,-0.004987954634081637,5.4166666667,5.499999764354263,0.03756381663486979,5.499999977488116,0.030247900533545348,True,Solve_Succeeded,6,0.04925651699886657,0.0524891259992728,0.0528054919996066,True,7.22751902770824e-09,
112.7,127.412,127.379,4.483333399999999,-144.8529154404765,131.9126424477279,-1.939541779129147,5.230508824483005,0.08122997325698444,589.9624014724689,-0.0075886332101872235,-0.005091540301268793,5.4166666667,5.499999977488116,0.030247900533545348,5.499999849036823,0.033415621254026244,True,Solve_Succeeded,6,0.04733046599722002,0.051029412003117613,0.05176241000299342,True,4.620562599200184e-09,
112.8,127.512,127.481,4.483333399999999,-145.04621505415344,131.40664923412305,-1.9287234772007917,5.32710679647487,0.10030416000267647,590.5039824584038,-0.0104267570365486,-0.0022086893556463316,5.4166666667,5.499999849036823,0.033415621254026244,5.499980797268516,0.025182222006821017,True,Solve_Succeeded,4,0.03757073899760144,0.04227081000135513,0.04277800700219814,True,3.4563962358902245e-08,
112.9,127.612,127.583,4.483333399999999,-145.23505464809986,130.89626565483167,-1.9214935054433417,5.307899890986154,0.09564133414503947,591.0480936339154,-0.011825059292878842,-0.0027730326516475223,5.4166666667,5.499980797268516,0.025182222006821017,5.499992783351765,0.026489027848279355,True,Solve_Succeeded,4,0.04446884100616444,0.050147916001151316,0.05062742399604758,True,3.633625222931869e-08,
113.0,127.712,127.685,4.483333399999999,-145.4188826284812,130.38295923850728,-1.9090308966119158,5.313699018848564,0.048482082928511104,591.5932355310974,-0.011716525537170184,0.0020589375742217086,5.4166666667,5.499992783351765,0.026489027848279355,5.499996444701325,0.03273251942978049,True,Solve_Succeeded,5,0.05624327500117943,0.05963715200050501,0.05992986999626737,True,9.929315800127902e-09,
113.1,127.812,127.787,4.483333399999999,-145.5993547774407,129.87090013695817,-1.9095901963964226,5.326368758376837,0.0060277920897503934,592.1360754165718,-0.01295573666080371,-0.005922072604583217,5.4166666667,5.499996444701325,0.03273251942978049,5.4999863236040625,0.047799678615878485,True,Solve_Succeeded,5,0.06277022900030715,0.06635679199825972,0.06678310499410145,True,3.95935249031254e-08,
113.2,127.912,127.889,4.483333399999999,-145.779293230285,129.3580429427877,-1.9055437114008198,5.327398151847714,0.0618451257762556,592.6794556714236,-0.017415575032963728,-0.00912893987837049,5.4166666667,5.4999863236040625,0.047799678615878485,5.499999707141192,0.04016816165010124,True,Solve_Succeeded,6,0.07150258599722292,0.07564352799818153,0.07602021299680928,True,4.6140607778966114e-08,
113.3,128.012,127.991,4.483333399999999,-145.95531178999724,128.8462593138897,-1.8960645818922868,5.292254112594179,0.12776175226147085,593.2205008004631,-0.02238307445084981,-0.006698195839301979,5.4166666667,5.499999707141192,0.04016816165010124,5.499999287354582,0.027363393358684016,True,Solve_Succeeded,5,0.05572103199665435,0.060760722000850365,0.06131159600045066,True,4.5599570341892104e-08,
113.4,128.112,128.093,4.483333399999999,-146.12611723634265,128.330229237351,-1.8824542141115552,5.336949680525533,0.11605469191796973,593.7638969406546,-0.02485374134062437,6.750183042303348e-06,5.4166666667,5.499999287354582,0.027363393358684016,5.500000031112548,0.02725303383756506,True,Solve_Succeeded,6,0.06504454900277779,0.06951791599567514,0.07022311000037007,True,3.11125480934038e-08,
113.5,128.212,128.195,4.483333399999999,-146.29033824916414,127.810951949859,-1.8711233721741507,5.341335151690997,0.16183159712269224,594.308358836244,-0.023775029834996377,0.004592094977553751,5.4166666667,5.500000031112548,0.02725303383756506,5.499978360476072,0.007189266988177033,True,Solve_Succeeded,4,0.046687994996318594,0.05100121099530952,0.05130487100541359,True,3.626301490079059e-08,
113.6,128.312,128.297,4.483333399999999,-146.4478877505175,127.28871539087787,-1.8597132938300243,5.332228616631663,0.014840325765958175,594.85368120071,-0.019081781515311785,0.009349511935973442,5.4166666667,5.499978360476072,0.007189266988177033,5.499701295183042,0.039865841129888044,True,Solve_Succeeded,5,0.05513147699821275,0.0595778170027188,0.05999765700107673,True,1.4250689517325554e-09,
113.7,128.412,128.399,4.483333399999999,-146.60239106542414,126.7673372648374,-1.8580829918284612,5.330833190561423,0.012805305341396274,595.3973367780071,-0.015452474793468948,0.0038808631966185114,5.4166666667,5.499701295183042,0.039865841129888044,5.499999920919651,0.040186189355674,True,Solve_Succeeded,6,0.06586237300507491,0.07033131600474007,0.07102144999953452,True,4.546129250826425e-08,
113.8,128.512,128.501,4.483333399999999,-146.7562476483859,126.24547225368076,-1.8568885744768993,5.340578088790896,0.03310834249845952,595.9412930036831,-0.01508805130875046,-0.0026229969667004305,5.4166666667,5.499999920919651,0.040186189355674,5.499999872513246,0.04913184527067181,True,Solve_Succeeded,6,0.053556776998448186,0.05739712699869415,0.05768967499898281,True,1.5932056229850389e-09,
113.9,128.612,128.603,4.483333399999999,-146.90817857679642,125.72599017313189,-1.850611536375453,5.349462757211471,0.0829876111356276,596.4823948669032,-0.017869032095115544,-0.004598238835052948,5.4166666667,5.499999872513246,0.04913184527067181,5.499999937579295,0.045808245630816855,True,Solve_Succeeded,6,0.06360209900594782,0.06665661299484782,0.06701041300402721,True,1.036859931247136e-08,
114.0,128.712,128.705,4.483333399999999,-147.0560947717397,125.2025213445865,-1.8410488642555505,5.340440838223906,0.10029675982189884,597.0261866821838,-0.020354636757442573,-0.0039298049519496114,5.4166666667,5.499999937579295,0.045808245630816855,5.499998348045352,0.04732571374598084,True,Solve_Succeeded,5,0.041844635001325514,0.04557170100451913,0.045952334003231954,True,1.9459805322696866e-08,
114.1,128.812,128.807,4.483333399999999,-147.19828873458394,124.6766294845696,-1.8272756460227393,5.3446731090079975,0.15567948205509277,597.5707634283419,-0.021692401293512558,0.00032891451139449584,5.4166666667,5.499998348045352,0.04732571374598084,5.499999970730348,0.030536239646541355,True,Solve_Succeeded,6,0.05502119899756508,0.059433725000417326,0.059806702003697865,True,1.6380693246276223e-08,
114.2,128.912,128.909,4.483333399999999,-147.33302291497904,124.14848491025371,-1.8177368559178788,5.331210870769673,0.02243768201084958,598.1156101093181,-0.020595214407208722,-0.00026338017343152664,5.4166666667,5.499999970730348,0.030536239646541355,5.499978840649855,0.06202642267170678,True,Solve_Succeeded,5,0.051120664000336546,0.05546284100273624,0.05615933799708728,True,1.074866512237177e-07,
114.3,129.012,129.011,4.483333399999999,-147.4653337199596,123.62131785892969,-1.8153532444608584,5.327228687115612,0.04179649770579003,598.6588905877296,-0.023059646717015388,-0.00859434268058168,5.4166666667,5.499978840649855,0.06202642267170678,5.499999902615349,0.06049390118365192,True,Solve_Succeeded,6,0.061163252001279034,0.06727778200001922,0.06778843299980508,True,1.383225979693925e-07,
114.4,129.112,129.079,4.483333399999999,-147.55259950641056,123.26948904500316,-1.8113035043843924,5.326530724454949,0.0911522283638647,599.0211722219534,-0.027005649052599896,-0.012030865188864093,5.4166666667,5.499999902615349,0.06049390118365192,5.499999808973499,0.05855936266846886,True,Solve_Succeeded,6,0.06345573200087529,0.06807590500102378,0.06861277500138385,True,3.0791375544778066e-08,
114.5,129.212,129.181,4.483333399999999,-147.67852243939038,122.74306660180216,-1.7977177317899322,5.312172620080286,0.16918418686298872,599.5620713770404,-0.0334884112342832,-0.00964887459694408,5.4166666667,5.499999808973499,0.05855936266846886,5.499998640102488,0.036370940865961564,True,Solve_Succeeded,5,0.05099859100300819,0.05535709299874725,0.05633762799698161,True,1.9099379855447296e-09,
114.6,129.312,129.283,4.483333399999999,-147.7970083407582,122.21245022101105,-1.7824657697357955,5.336009366681091,0.15427810843029902,600.1053703612853,-0.03768377085605846,-0.004847916810712061,5.4166666667,5.499998640102488,0.036370940865961564,5.499995313625786,0.034255333514120134,True,Solve_Succeeded,3,0.025675926997791976,0.02811205299803987,0.028375394002068788,True,1.6094219379425567e-07,
114.7,129.412,129.385,4.483333399999999,-147.90747584871016,121.67912908477258,-1.7665749756162927,5.342339503338696,0.19200156158330872,600.6496435532782,-0.03894141444148096,0.0014071921750447027,5.4166666667,5.499995313625786,0.034255333514120134,5.499943771942961,0.008169492281577522,True,Solve_Succeeded,4,0.04085593100171536,0.04412090000550961,0.044567928001924884,True,1.641094282689437e-08,
114.8,129.512,129.487,4.483333399999999,-148.0092648600687,121.14341641445655,-1.7541910628892146,5.3315571106402775,0.040832739801332514,601.1946045558842,-0.03624584470717175,0.0049830227604079624,5.4166666667,5.499943771942961,0.008169492281577522,5.49974599170401,0.03541399909492324,True,Solve_Succeeded,5,0.054830134999065194,0.058077494002645835,0.05841091299953405,True,1.358941403850622e-09,
114.9,129.612,129.589,4.483333399999999,-148.1074669154716,120.60864341785012,-1.7508323502402612,5.3305170126073635,0.027050996067626697,601.7380365978146,-0.034763780902574225,0.00039709302082724385,5.4166666667,5.49974599170401,0.03541399909492324,5.499999326535695,0.03107373930242079,True,Solve_Succeeded,5,0.047485197996138595,0.05187034000118729,0.05241239199676784,True,1.7551912336738473e-09,
115.0,129.712,129.691,4.483333399999999,-148.2044860923961,120.0734729412493,-1.7499271813487285,5.331669375317533,-0.012775683160694785,602.2816775894373,-0.03613982576871542,-0.0058065882014533,5.4166666667,5.499999326535695,0.03107373930242079,5.499961556446922,0.047717487044056955,True,Solve_Succeeded,4,0.04360885800269898,0.04828709000139497,0.04910312800348038,True,3.562126860146009e-08,
115.1,129.812,129.793,4.483333399999999,-148.29999899311525,119.54002119865984,-1.7444995453090855,5.328965471272046,0.06983122146142585,602.8233624908459,-0.039954571254083034,-0.006627787827740983,5.4166666667,5.499961556446922,0.047717487044056955,5.499989217663113,0.02629696704408272,True,Solve_Succeeded,4,0.04751779100479325,0.051604402004159056,0.05210159600392217,True,3.8235533850183856e-08,
115.2,129.912,129.895,4.483333399999999,-148.39220292283625,119.00370667090017,-1.7371252171263494,5.34303291386845,0.1044108854058483,603.3673103270042,-0.04320340543785902,-0.0046909132915720075,5.4166666667,5.499989217663113,0.02629696704408272,5.499992889675471,0.018610517350189617,True,Solve_Succeeded,3,0.039369430000078864,0.046136404998833314,0.04665465400466928,True,3.934989960541202e-07,
115.3,130.012,129.997,4.483333399999999,-148.4792183506084,118.46611763693781,-1.724184761617035,5.343916456650081,0.16297842811697427,603.9116958603703,-0.04385900120942424,0.0036468730687995166,5.4166666667,5.499992889675471,0.018610517350189617,5.499999784480586,-0.010339993565890073,True,Solve_Succeeded,5,0.060383809002814814,0.06690423800318968,0.0674276620047749,True,1.2838303892204195e-09,
115.4,130.112,130.099,4.483333399999999,-148.55936887417073,117.92716395519419,-1.7161095032178246,5.330662474514749,0.02064383180651526,604.4564041134139,-0.03980011439571794,0.007955659103177084,5.4166666667,5.499999784480586,-0.010339993565890073,5.499933892438724,0.011156230490693145,True,Solve_Succeeded,4,0.048507653998967726,0.05255523699452169,0.05319022699404741,True,2.291414169519612e-09,
115.5,130.212,130.201,4.483333399999999,-148.63761705869078,117.38897294101655,-1.7143852659601506,5.333982206183281,0.01310688498028656,605.0001283377715,-0.035798600518732945,0.006755740346256146,5.4166666667,5.499933892438724,0.011156230490693145,5.4999998595568975,5.443100638155066e-05,True,Solve_Succeeded,4,0.03632397400360787,0.04098411899758503,0.041587476000131574,True,2.381235653103886e-09,
115.6,130.312,130.303,4.483333399999999,-148.71572193421585,116.85011419102233,-1.7161397602215236,5.35139402260269,-0.008987263718962477,605.5445385033036,-0.03292035880825388,0.0029083997365095815,5.4166666667,5.4999998595568975,5.443100638155066e-05,5.4999984536652065,0.008139950879199059,True,Solve_Succeeded,4,0.033169783993798774,0.036304312001448125,0.0365623420002521,True,4.0625884878409124e-09,
115.7,130.412,130.405,4.483333399999999,-148.79415115210574,116.31365666569835,-1.7154508467651888,5.334261205636595,0.015202434468081059,606.086656730626,-0.031627014720276535,0.002342353308601997,5.4166666667,5.4999984536652065,0.008139950879199059,5.500000050504917,-0.0006931197897075932,True,Solve_Succeeded,6,0.057970427005784586,0.06177821400342509,0.06239423100487329,True,5.05049166932281e-08,
115.8,130.512,130.507,4.483333399999999,-148.8722827383754,115.77462395728196,-1.7140945668714844,5.34784457152596,0.018557523935376522,606.6313070841353,-0.030119485655648183,0.0032699747974451743,5.4166666667,5.500000050504917,-0.0006931197897075932,5.499982897869137,-0.0021991738733803915,True,Solve_Succeeded,3,0.02522351100196829,0.028267179004615173,0.02872655700048199,True,9.496994568536365e-08,
115.9,130.612,130.609,4.483333399999999,-148.94925708152792,115.23406781202803,-1.709992353283094,5.406468711117813,0.047630177290539824,607.1773201730931,-0.027250574418816682,0.00777897742120337,5.4166666667,5.499982897869137,-0.0021991738733803915,5.4878186497333115,-0.01641085439686872,True,Solve_Succeeded,2,0.020961791000445373,0.024093750995234586,0.024459193002257962,True,9.773759062775556e-07,
116.0,130.712,130.711,4.483333399999999,-149.0239479144777,114.69557369949527,-1.7105571214531563,5.332085287002919,-0.0389961868566146,607.7209740688018,-0.02197702909683462,0.008450946260923242,5.4166666667,5.4878186497333115,-0.01641085439686872,5.49710085571849,0.0028354596015371315,True,Solve_Succeeded,3,0.030798222003795672,0.0355001030038693,0.0361134859995218,True,1.128190147991516e-07,
116.1,130.812,130.779,4.483333399999999,-149.07491580127783,114.33648090028564,-1.712922407864891,5.335679440091186,-0.03119507139005434,608.0836811635485,-0.019136867491746187,0.007372211193649837,5.4166666667,5.49710085571849,0.0028354596015371315,5.499934899561321,-0.0025550094491106124,True,Solve_Succeeded,3,0.03300628799479455,0.036205437005264685,0.03650350600219099,True,1.9838039655439843e-07,
116.2,130.912,130.881,4.483333399999999,-149.15315317178536,113.79758299057126,-1.7174817499520387,5.3390116903466085,-0.06809357502495911,608.6282511540704,-0.015689549761548356,0.004712011023945583,5.4166666667,5.499934899561321,-0.0025550094491106124,5.499875802805824,0.015668379256584767,True,Solve_Succeeded,3,0.03456567900138907,0.04044959299790207,0.041044288998818956,True,1.160081364304233e-08,
116.3,131.012,130.983,4.483333399999999,-149.23270254974847,113.2609087101593,-1.7194281963459677,5.336997087864701,-0.0037468765350806314,609.1708002979765,-0.013025465834271308,0.003990729056621456,5.4166666667,5.499875802805824,0.015668379256584767,5.49996898057329,0.0019474829029766474,True,Solve_Succeeded,4,0.04156222500023432,0.04494911400252022,0.04549267900438281,True,1.6574359662513416e-09,
116.4,131.112,131.085,4.483333399999999,-149.31349327793853,112.7219182694216,-1.7197178947849456,5.350517735849957,0.0034777010654998526,609.7158141242651,-0.010750712781540933,0.004261413563787064,5.4166666667,5.49996898057329,0.0019474829029766474,5.49999911210134,0.007383826351191008,True,Solve_Succeeded,4,0.037984834001690615,0.04052294999564765,0.04087602299841819,True,4.070628278896038e-09,
116.5,131.213,131.187,4.483333399999999,-149.39380482182233,112.18210475078527,-1.716848465871551,5.390517427175182,0.12313337887379094,610.2615600848031,-0.00775456724603652,0.0070186749425837905,5.4166666667,5.49999911210134,0.007383826351191008,5.496964871520276,-0.026404589606440577,True,Solve_Succeeded,3,0.026899233002041,0.02958427500561811,0.03001550299813971,True,8.548930705010171e-08,
116.6,131.312,131.289,4.483333399999999,-149.4719588274734,111.64236844631675,-1.7157199943363695,5.3342181887389435,-0.04710090607277986,610.8068997489663,-0.002882691044319837,0.0073617697933885395,5.4166666667,5.496964871520276,-0.026404589606440577,5.49987729960706,0.016763709600948685,True,Solve_Succeeded,5,0.04622823200043058,0.04927922700153431,0.04981204900104785,True,6.290212795079242e-10,
116.7,131.412,131.391,4.483333399999999,-149.55165705179778,111.10418997344782,-1.71960990413362,5.333594821342634,-0.03047250431996672,611.3509394983241,-0.0003835136681154342,0.0020172255691532914,5.4166666667,5.49987729960706,0.016763709600948685,5.49999598697356,0.015031804517731714,True,Solve_Succeeded,5,0.044465412000135984,0.04768668800534215,0.04823436999868136,True,9.664686828614322e-10,
116.8,131.512,131.493,4.483333399999999,-149.6332014086388,110.56589500903313,-1.7225660267884992,5.3339172870570755,-0.026645457713038688,611.8953747545149,-0.000666721986479155,-0.003066328511623251,5.4166666667,5.49999598697356,0.015031804517731714,5.49999568791743,0.029452487458575177,True,Solve_Succeeded,5,0.04581439199682791,0.049021437000192236,0.04926071999943815,True,7.1856350453147755e-09,
116.9,131.612,131.595,4.483333399999999,-149.71559518343776,110.03027836423624,-1.7223864396683677,5.33564742154261,0.02904466337451723,612.4372783180106,-0.003521086992613929,-0.005672411852880144,5.4166666667,5.49999568791743,0.029452487458575177,5.499990022083412,0.024977591384351964,True,Solve_Succeeded,3,0.027006905002053827,0.02945364100014558,0.02970127099979436,True,8.844147654230028e-07,
117.0,131.713,131.697,4.483333399999999,-149.79725712840383,109.49141006826927,-1.7199766250124615,5.350058088925968,0.028067094726903476,612.9822708204644,-0.006879734351829131,-0.006737375687278613,5.4166666667,5.499990022083412,0.024977591384351964,5.499987617745791,0.03568471222395725,True,Solve_Succeeded,4,0.03619031800189987,0.03921379699750105,0.039475835001212545,True,1.5259895569386117e-08,
117.1,131.812,131.799,4.483333399999999,-149.87647404051498,108.95081152223611,-1.7103447190015257,5.348158916850033,0.12636467599980925,613.5286013573984,-0.009656074669636073,-0.0012674123745608499,5.4166666667,5.499987617745791,0.03568471222395725,5.500000050403287,0.00898030997611632,True,Solve_Succeeded,6,0.0498989289990277,0.053370415000244975,0.054077988999779336,True,5.040328687755391e-08,
117.2,131.912,131.901,4.483333399999999,-149.9503588797984,108.41149765625921,-1.7053267296128878,5.338359675363827,0.03384200095781817,614.0729063650954,-0.009778329110138831,-0.001072600563432058,5.4166666667,5.500000050403287,0.00898030997611632,5.5000000529902,0.03732729969290659,True,Solve_Succeeded,7,0.06119503499940038,0.06473059899872169,0.06516862999706063,True,5.299019978366459e-08,
117.3,132.012,132.003,4.483333399999999,-150.0219857287137,107.87183176428293,-1.6982839900195095,5.37615206639782,0.05945298971381823,614.617249524211,-0.010425596294237996,0.0004702874910145205,5.4166666667,5.5000000529902,0.03732729969290659,5.499998503019508,0.02672651328499012,True,Solve_Succeeded,3,0.027614399004960433,0.030524465000780765,0.030886190994351637,True,1.3700073075995078e-08,
117.4,132.112,132.105,4.483333399999999,-150.08914638946254,107.3313775911751,-1.6910065459821857,5.273021151548897,0.08600340796286454,615.1617988373113,-0.009722237492896697,0.0015684193297966775,5.4166666667,5.499998503019508,0.02672651328499012,5.500000021476502,0.02413078200306668,True,Solve_Succeeded,6,0.050575085006130394,0.05347007700038375,0.053772865001519676,True,2.147650235428955e-08,
117.5,132.213,132.207,4.483333399999999,-150.1529920559851,106.79278882153133,-1.6833473975902908,5.338384760814499,0.07838956454026354,615.7040940461371,-0.00948950833178914,0.002400239954681416,5.4166666667,5.500000021476502,0.02413078200306668,5.500000030399154,0.02803945365096688,True,Solve_Succeeded,6,0.05043243899854133,0.053293721000954974,0.05368212399480399,True,3.0399154304916465e-08,
117.6,132.312,132.309,4.483333399999999,-150.2129624765852,106.25065668243366,-1.6792677312030708,5.352487559398697,0.034441691033134124,616.2494646634807,-0.008908947696314479,-0.001063878011630326,5.4166666667,5.500000030399154,0.02803945365096688,5.499999826429202,0.04193989284788511,True,Solve_Succeeded,6,0.05196313099440886,0.05525535700144246,0.05556463899847586,True,5.252993773297021e-08,
117.7,132.412,132.411,4.483333399999999,-150.26946302783043,105.70768031557937,-1.6688934797707398,5.329524749289183,0.08758942416237747,616.7953001768581,-0.009091711437886663,0.0010804571581468636,5.4166666667,5.499999826429202,0.04193989284788511,5.500000027025321,0.027336755189354904,True,Solve_Succeeded,6,0.04920215699530672,0.052140569998300634,0.05250659299781546,True,9.333020659985699e-08,
117.8,132.512,132.479,4.483333399999999,-150.30473518157916,105.34688827004275,-1.6674361684891814,5.334131863407502,0.018269659112921458,617.1577581944741,-0.00951617562070476,-0.0033021799884749292,5.4166666667,5.500000027025321,0.027336755189354904,5.499999864228153,0.05362647554516949,True,Solve_Succeeded,6,0.04910170599760022,0.05256161500437884,0.05310740300046746,True,5.392087576439053e-08,
117.9,132.612,132.581,4.483333399999999,-150.3560912190345,104.80545027567376,-1.6617344690790667,5.332969294831052,0.09121985640746083,617.7015168890438,-0.012679199118504068,-0.006801613653909743,5.4166666667,5.499999864228153,0.05362647554516949,5.4999979631737705,0.03530195322211752,True,Solve_Succeeded,5,0.043819065002026036,0.04708908800239442,0.04739298800268443,True,2.3296343252925122e-09,
118.0,132.713,132.683,4.483333399999999,-150.40332006140082,104.26311586743684,-1.6528328771731404,5.3336845811122515,0.10987012182378746,618.2457596793936,-0.016628681899818847,-0.0068937770444648105,5.4166666667,5.4999979631737705,0.03530195322211752,5.4999999591833815,0.036241695662845595,True,Solve_Succeeded,6,0.05146804999822052,0.055109467000875156,0.05552491799608106,True,3.19150865735196e-08,
118.1,132.812,132.785,4.483333399999999,-150.4450215162618,103.72302607186572,-1.6398951032564992,5.3336803736289475,0.13019038003805408,618.787290663029,-0.020011662554132507,-0.002555354734019355,5.4166666667,5.4999999591833815,0.036241695662845595,5.499999863848675,0.024393416069120304,True,Solve_Succeeded,6,0.051477341999998316,0.05513460000656778,0.055454401997849345,True,2.276818378277312e-08,
118.2,132.912,132.887,4.483333399999999,-150.4797862014305,103.17913775768497,-1.6306010138881024,5.349750528491861,0.05969072287798946,619.3321204757415,-0.020811699271054345,-0.001561365999415143,5.4166666667,5.499999863848675,0.024393416069120304,5.4999986424500875,0.03966321948623974,True,Solve_Succeeded,3,0.030634066999482457,0.033038289002433885,0.03330260100483429,True,3.4426489571581786e-07,
118.3,133.012,132.989,4.483333399999999,-150.50946987150166,102.63389916567071,-1.6194609882271254,5.355966506547941,0.13480281442740705,619.8780018529465,-0.020896610901529448,0.0016157049395055798,5.4166666667,5.4999986424500875,0.03966321948623974,5.499998857691093,0.010209033986791688,True,Solve_Succeeded,4,0.03536746600002516,0.03791844199440675,0.03819149199989624,True,1.890581025065785e-09,
118.4,133.112,133.091,4.483333399999999,-150.53467407840105,102.09078208601218,-1.616254363768915,5.331473006096342,0.01030494549161483,620.4215465481715,-0.02084835625005034,-0.002756088181049776,5.4166666667,5.499998857691093,0.010209033986791688,5.500000052199223,0.0457632981260773,True,Solve_Succeeded,7,0.06001648899837164,0.06305102600163082,0.06342880300508114,True,5.223252141917101e-08,
118.5,133.212,133.193,4.483333399999999,-150.5587305934725,101.5473436776016,-1.6122440471325872,5.346419510260545,0.03664226041100162,620.9653501192732,-0.02366719793911002,-0.005978820305911459,5.4166666667,5.500000052199223,0.0457632981260773,5.4999995078841035,0.03766704682454954,True,Solve_Succeeded,5,0.044969934002438094,0.04797798000072362,0.048289496000506915,True,5.502256428258079e-09,
118.6,133.312,133.295,4.483333399999999,-150.57961540936563,101.00417950352443,-1.6061533808821147,5.227331512130159,0.07634868086516745,621.5087307312832,-0.027163017568209706,-0.006768030834965355,5.4166666667,5.4999995078841035,0.03766704682454954,5.499999896722527,0.03234079562282385,True,Solve_Succeeded,6,0.05258218499511713,0.05572844300331781,0.05624130599608179,True,4.586932611516659e-09,
118.7,133.412,133.397,4.483333399999999,-150.59694641337026,100.46242498508536,-1.597413211191296,5.336498199750472,0.08211431793029188,622.0505625950734,-0.03078214217680746,-0.004543399618741173,5.4166666667,5.499999896722527,0.03234079562282385,5.500000041759355,0.031538818211253275,True,Solve_Succeeded,7,0.054758526996010914,0.058183305998682044,0.058503528001892846,True,4.175935508499151e-08,
118.8,133.512,133.499,4.483333399999999,-150.60950639526857,99.91723406519044,-1.5902960446344285,5.350766106899559,0.06119561904918446,622.5956964782044,-0.0330145522622862,-0.00363535388016456,5.4166666667,5.500000041759355,0.031538818211253275,5.499995107368526,0.0340644408671749,True,Solve_Succeeded,4,0.03695242200046778,0.040483910001057666,0.04097616199578624,True,1.6743485709014294e-08,
118.9,133.612,133.601,4.483333399999999,-150.6167816895627,99.36902537015888,-1.5784117685184451,5.4053086781917,0.10573006490065402,623.1437590034002,-0.03322390989384121,0.002355118073544382,5.4166666667,5.499995107368526,0.0340644408671749,5.490171456772308,0.014310675449028183,True,Solve_Succeeded,3,0.027305085997795686,0.030685106001328677,0.031154851996689104,True,6.575634259320395e-09,
119.0,133.712,133.703,4.483333399999999,-150.61860229238948,98.83284819190476,-1.5698293274852582,5.198376440750267,0.03186882854888132,623.6797611945755,-0.031168329869312655,0.005510356496667201,5.4166666667,5.490171456772308,0.014310675449028183,5.499999699483491,0.027446443585249804,True,Solve_Succeeded,6,0.050911133002955467,0.05390313599491492,0.054201455001020804,True,6.786618378384901e-09,
119.1,133.812,133.805,4.483333399999999,-150.6157927698191,98.29294129173778,-1.5625364712311598,5.292091240277577,0.05321004716784903,624.2195120910329,-0.027305705430661614,0.007673517607987623,5.4166666667,5.499999699483491,0.027446443585249804,5.499999993632724,0.011374239547789221,True,Solve_Succeeded,6,0.04977897299977485,0.05286780699680094,0.05340197299665306,True,8.071303625456494e-10,
119.2,133.912,133.907,4.483333399999999,-150.60984978677777,97.75566746004799,-1.5565287071674418,5.062101318112162,0.07501403210559218,624.7566817508969,-0.02297455951821642,0.008909229483486492,5.4166666667,5.499999993632724,0.011374239547789221,5.500000022035686,0.004024725350101908,True,Solve_Succeeded,7,0.057696005002071615,0.06357468000351219,0.06418505100009497,True,3.223284572584362e-08,
119.3,134.012,134.009,4.483333399999999,-150.60032930582636,97.22345275217647,-1.5490017840254287,5.36832852497359,0.07545165810617163,625.2888645981487,-0.01749166435754498,0.0120351084367909,5.4166666667,5.500000022035686,0.004024725350101908,5.4922777205338065,-0.0007980869530792054,True,Solve_Succeeded,2,0.0200887229948421,0.023348662005446386,0.023813264997443184,True,2.9593771433411575e-07,
119.4,134.112,134.111,4.483333399999999,-150.58785936815943,96.68670266105339,-1.5458980655761267,5.238788520298826,0.024842766436210934,625.8256655909161,-0.01137876194759839,0.011028142526932072,5.4166666667,5.4922777205338065,-0.0007980869530792054,5.49999999021495,0.009339847797882807,True,Solve_Succeeded,6,0.04906538800423732,0.052137262995529454,0.05243810800311621,True,4.6772997049838896e-08,
119.5,134.212,134.179,4.483333399999999,-150.57809632615295,96.33064645390509,-1.540971184008993,5.293204783669307,0.06303958624017714,626.1818054983049,-0.007012642799386445,0.01340950889511694,5.4166666667,5.49999999021495,0.009339847797882807,5.499987049990368,-0.007251592088826441,True,Solve_Succeeded,4,0.03786206099903211,0.04149779699946521,0.04202385200187564,True,1.435720875520019e-08,
119.6,134.312,134.281,4.483333399999999,-150.56147977124346,95.79954394066094,-1.5415563814570734,5.198058318143677,-0.03915163502403536,626.7131100803413,-8.299095147570804e-05,0.009150339396327478,5.4166666667,5.499987049990368,-0.007251592088826441,5.499990617853389,0.026872876666692646,True,Solve_Succeeded,5,0.0444614099978935,0.047801407003134955,0.048064577000332065,True,2.542243038305969e-08,
119.7,134.412,134.383,4.483333399999999,-150.54695326283786,95.27011151409035,-1.5445306061445174,5.191185390049834,-0.006765127335733969,627.2427402027431,0.0027385023024391808,0.002060287144064254,5.4166666667,5.499990617853389,0.026872876666692646,5.5000000476871005,0.02255576842522741,True,Solve_Succeeded,7,0.056541023004683666,0.059171476001210976,0.05971209000563249,True,4.768710049063429e-08,
119.8,134.512,134.485,4.483333399999999,-150.53359497217906,94.74023205794197,-1.5462880336466662,5.193100714511077,-0.014133627748423631,627.7727991692034,0.0020603463458786484,-0.004342151839142883,5.4166666667,5.5000000476871005,0.02255576842522741,5.500000052602489,0.04087409926784578,True,Solve_Succeeded,7,0.060614934998739045,0.0648713519985904,0.06536750200029928,True,5.2602488587183416e-08,
119.9,134.612,134.587,4.483333399999999,-150.52058750022914,94.21264712964542,-1.5457329303148504,5.198395217720947,0.010121265907031687,628.3005343557604,-0.0014916079598099087,-0.008933187099645634,5.4166666667,5.500000052602489,0.04087409926784578,5.499999627088082,0.04669156760180782,True,Solve_Succeeded,6,0.05546515800233465,0.05823725200025365,0.05862536899803672,True,1.2492046849157598e-07,
120.0,134.712,134.689,4.483333399999999,-150.50687693593892,93.681494309858,-1.5430387078221943,5.219799418528847,0.07164406282304162,628.8318072518508,-0.007335085965280943,-0.011943472635305817,5.4166666667,5.499999627088082,0.04669156760180782,5.500000051622347,0.04719015414154132,True,Solve_Succeeded,7,0.056296064001799095,0.060491335003462154,0.061042391003866214,True,5.162234728572912e-08,
120.1,134.812,134.791,4.483333399999999,-150.48921949067298,93.14884084006933,-1.530442527850226,5.284687264043615,0.15777689853712876,629.3646672954233,-0.012474276352957205,-0.00559442766358087,5.4166666667,5.500000051622347,0.04719015414154132,5.500000052429248,0.034309163974364884,True,Solve_Succeeded,7,0.05841577800310915,0.061475394999433775,0.06177024700446054,True,5.3256169252335894e-08,
120.2,134.912,134.893,4.483333399999999,-150.46462330661083,92.61724302067682,-1.5210046283839553,5.220246362520154,0.08501948159462751,629.8967424750696,-0.014097115556692838,-0.0029165353350939505,5.4166666667,5.500000052429248,0.034309163974364884,5.500000049999015,0.06535411163220474,True,Solve_Succeeded,7,0.05792146799649345,0.06129046099522384,0.0616300119945663,True,9.077229263599121e-08,
120.3,135.012,134.995,4.483333399999999,-150.43572772750701,92.08536590026839,-1.5112712733052718,5.227501408012551,0.11797185626682838,630.4292973165882,-0.015180176162548345,-0.00046772823007046327,5.4166666667,5.500000049999015,0.06535411163220474,5.500000032708775,0.06380894290019792,True,Solve_Succeeded,7,0.057541394999134354,0.06148036999366013,0.061803297998267226,True,2.718615541470737e-07,
120.4,135.112,135.097,4.483333399999999,-150.40110579845657,91.55249448729096,-1.4996498370165312,5.234928394018707,0.13857582854977638,630.9631768241037,-0.01463443067689189,0.0033352832799991017,5.4166666667,5.500000032708775,0.06380894290019792,5.500000042657108,0.07431793675392488,True,Solve_Succeeded,7,0.059211435000179335,0.06275159800134134,0.06312699000409339,True,1.4204432891625624e-07,
120.5,135.213,135.199,4.483333399999999,-150.35957162275056,91.02217782930083,-1.4836253337854033,5.241767311268023,0.1473540790356497,631.4949868827563,-0.011453838738819389,0.009832793887779578,5.4166666667,5.500000042657108,0.07431793675392488,5.500000051429491,0.0801961809303495,True,Solve_Succeeded,7,0.05627107600594172,0.060006280000379775,0.060385208002117,True,5.1429490888210694e-08,
120.6,135.312,135.301,4.483333399999999,-150.3087419718741,90.48884980877021,-1.4670543482009961,5.260512701696788,0.18428324429879256,632.030574628905,-0.005909954273778048,0.010635865144148491,5.4166666667,5.500000051429491,0.0801961809303495,5.499999681412683,0.0758719700626552,True,Solve_Succeeded,6,0.04997893700056011,0.05271680800069589,0.05338204900181154,True,7.935975995327022e-08,
120.7,135.412,135.403,4.483333399999999,-150.2475904531866,89.95505455973864,-1.4457761181452604,5.300693943653906,0.20564761325288175,632.5677763740373,-0.00039167286122841484,0.009419050603255208,5.4166666667,5.499999681412683,0.0758719700626552,5.4999995572214,0.06834245011457377,True,Solve_Succeeded,5,0.040373924995947164,0.044441279002057854,0.04502200199931394,True,1.6311673363693553e-07,
120.8,135.512,135.505,4.483333399999999,-150.17625734190074,89.4245616371256,-1.431539598509893,5.253986567908975,0.1067231596632748,633.1030796154001,0.0017749537473206838,-0.005504523707063447,5.4166666667,5.4999995572214,0.06834245011457377,5.499995560653794,0.08765532904231232,True,Solve_Succeeded,5,0.04486991200246848,0.04810812300274847,0.048517912000534125,True,5.032938548519151e-07,
120.9,135.612,135.607,4.483333399999999,-150.0984523414912,88.8941770614993,-1.4181369239461161,5.257407697797332,0.14883829521339026,633.6390114821248,-0.006890288067946466,-0.025937347864308572,5.4166666667,5.499995560653794,0.08765532904231232,5.4999996831075535,0.06977290894821399,True,Solve_Succeeded,6,0.05203131299640518,0.055354310003167484,0.05568305900669657,True,2.1714043286179263e-07,
121.0,135.712,135.709,4.483333399999999,-150.0125358159059,88.36438673594218,-1.3996126831423503,5.208656186896432,0.19507954338131323,634.1750745047281,-0.023948924033423382,-0.0337676844614363,5.4166666667,5.4999996831075535,0.06977290894821399,5.499999578937922,0.05138409143238321,True,Solve_Succeeded,5,0.04259559699858073,0.04619227500370471,0.046832159998302814,True,4.2120094079223236e-08,
121.1,135.812,135.811,4.483333399999999,-149.9153543128915,87.8380836348823,-1.3769391247940534,5.267177012593769,0.21624314979683026,634.7094794651484,-0.04085313540425972,-0.027997922146990817,5.4166666667,5.499999578937922,0.05138409143238321,5.5000000510341795,0.026816897187169647,True,Solve_Succeeded,7,0.05969825000647688,0.06302172200230416,0.0633236079956987,True,7.36622349662569e-08,
121.2,135.912,135.879,4.483333399999999,-149.84381946539065,87.48667081717946,-1.3634857102458708,5.282069077469378,0.16909774225990062,635.0677197097611,-0.049615731294010416,-0.02064945909672722,5.4166666667,5.5000000510341795,0.026816897187169647,5.4999994413136415,0.01452733008134037,True,Solve_Succeeded,6,0.050675645004957914,0.05426826599432388,0.05494234799698461,True,7.359812867792359e-07,
121.3,136.012,135.981,4.483333399999999,-149.7288484226652,86.9602697428109,-1.3470842803911707,5.325288395734931,0.11891579122752603,635.6064078015899,-0.0573587714649848,-0.005602998046320362,5.4166666667,5.4999994413136415,0.01452733008134037,5.499999987253302,0.0024680924855793565,True,Solve_Succeeded,6,0.05077517399331555,0.055335326003842056,0.055891074996907264,True,2.6371480369401235e-07,
121.4,136.112,136.083,4.483333399999999,-149.60642044998568,86.43535197066561,-1.3384742792073439,5.2840377133147305,0.02821021657044099,636.1455413901605,-0.05682920504784308,0.00524704620254779,5.4166666667,5.499999987253302,0.0024680924855793565,5.50000005372039,0.009046901799244233,True,Solve_Succeeded,7,0.061232220999954734,0.06403581199992914,0.06429988399759168,True,5.372038991424688e-08,
121.5,136.213,136.185,4.483333399999999,-149.48149622018354,85.91029677966192,-1.3361935435154655,5.298756342296822,0.009880089397327896,636.6853346710682,-0.05282243191252673,0.0092777834127995,5.4166666667,5.50000005372039,0.009046901799244233,5.499999993017869,0.0022678902803312017,True,Solve_Succeeded,6,0.05388628999935463,0.05669102299725637,0.057013049998204224,True,1.3651270336367816e-08,
121.6,136.312,136.287,4.483333399999999,-149.3561103645173,85.3840501919311,-1.3378633316989923,5.305441035088128,-0.024199499578409174,637.2263530823781,-0.047818681831023245,0.008868219672367506,5.4166666667,5.499999993017869,0.0022678902803312017,5.499999936050945,0.011918032621980624,True,Solve_Succeeded,6,0.05343647800327744,0.057431549998000264,0.05773182400298538,True,2.6074709502665883e-08,
121.7,136.412,136.389,4.483333399999999,-149.23076435376927,84.85849690050567,-1.340244865808992,5.302026116293324,-0.033559010333759756,637.7666523301928,-0.04215205622305597,0.007252749935606317,5.4166666667,5.499999936050945,0.011918032621980624,5.4999991953430065,0.01507607000650781,True,Solve_Succeeded,5,0.04163947699998971,0.04505977700318908,0.04540780399838695,True,5.994049701030235e-10,
121.8,136.512,136.491,4.483333399999999,-149.1077447472374,84.3313507580418,-1.3419417259884274,5.310748605425603,0.011908186875538448,638.3079637006638,-0.03882544788233549,0.005830498621689939,5.4166666667,5.4999991953430065,0.01507607000650781,5.499999666382883,0.0073575684557031715,True,Solve_Succeeded,5,0.0413820690009743,0.04644974500115495,0.046808412997052073,True,7.332001672466504e-09,
121.9,136.612,136.593,4.483333399999999,-148.98409089104834,83.80400212861827,-1.3380688201666042,5.366170545757518,0.07868024162634601,638.8495936190923,-0.034909929378455266,0.00948484025828833,5.4166666667,5.499999666382883,0.0073575684557031715,5.499995608519072,-0.009216771807487393,True,Solve_Succeeded,3,0.027822848998766858,0.030216134000511374,0.030625648003479,True,1.657171200264429e-08,
122.0,136.712,136.695,4.483333399999999,-148.85787811239877,83.27748862319366,-1.3351249382269492,5.311862992114441,-0.002768491834034301,639.3909638617837,-0.02856588309884741,0.011717388693156305,5.4166666667,5.499995608519072,-0.009216771807487393,5.499845399796042,0.009886738487902447,True,Solve_Succeeded,4,0.039051236999512184,0.04292346899455879,0.04344883800513344,True,1.2234321999926578e-08,
122.1,136.812,136.797,4.483333399999999,-148.73112158661365,82.74988289224046,-1.3352325602229904,5.327445828892777,-0.02058455806265968,639.9335176031013,-0.022454149813793324,0.010402556977402666,5.4166666667,5.499845399796042,0.009886738487902447,5.499999979290038,0.009771509974925922,True,Solve_Succeeded,6,0.057751193999138195,0.06188136800483335,0.06224707000365015,True,5.1564075675969434e-08,
122.2,136.912,136.899,4.483333399999999,-148.6050016331568,82.22081239031172,-1.337807664319487,5.333664344239988,-0.01287468372183988,640.4773607406023,-0.018081443259255984,0.00612060704084727,5.4166666667,5.499999979290038,0.009771509974925922,5.499969301393138,0.015060777767548062,True,Solve_Succeeded,4,0.03621625299274456,0.039633813001273666,0.03997365499526495,True,2.7902261834356068e-08,
122.3,137.012,137.001,4.483333399999999,-148.47864722472363,81.69268263650706,-1.3383282954156117,5.332114003200489,-0.003384694229611244,641.0203468906586,-0.014330436590974644,0.0033993184781808683,5.4166666667,5.499969301393138,0.015060777767548062,5.499973806637651,0.019123591514249732,True,Solve_Succeeded,3,0.03294360099971527,0.03730811800051015,0.03765866500179982,True,1.3985020963502848e-07,
122.4,137.112,137.103,4.483333399999999,-148.35317407260368,81.16297266368518,-1.3373360845670528,5.342337238167018,0.029586887914165715,641.5646763246167,-0.013129928726263838,0.0016869949157793942,5.4166666667,5.499973806637651,0.019123591514249732,5.499899713265413,0.016133927547300843,True,Solve_Succeeded,3,0.04036420599732082,0.044178520001878496,0.044675383003777824,True,4.5512427959693014e-07,
122.5,137.212,137.205,4.483333399999999,-148.22664315598132,80.63197590668922,-1.3332518450892614,5.340273184371613,0.06908066987075932,642.1104989101458,-0.012808546277556853,0.0025575587216171147,5.4166666667,5.499899713265413,0.016133927547300843,5.499981994141977,0.00936867988660494,True,Solve_Succeeded,3,0.02888256400183309,0.032288264999806415,0.032669769003405236,True,8.337576229422439e-08,
122.6,137.312,137.307,4.483333399999999,-148.09641631385782,80.10495488752187,-1.3243500900123102,5.337858187472979,0.051252932821657354,642.6533215703902,-0.00984752840626945,0.007764309310362759,5.4166666667,5.499981994141977,0.00936867988660494,5.499984082677739,0.01098671724755843,True,Solve_Succeeded,3,0.02953653800068423,0.032396921000326984,0.03281735099881189,True,2.794824220941905e-07,
122.7,137.412,137.409,4.483333399999999,-147.96196600297148,79.57662927904204,-1.3189229757427323,5.35194243762502,0.04743145937362786,643.1984358910587,-0.005241937603996707,0.00897926351230116,5.4166666667,5.499984082677739,0.01098671724755843,5.4999896253408,0.007235050850439454,True,Solve_Succeeded,3,0.0262272759937332,0.02891825400001835,0.029167045999201946,True,3.86123328866006e-08,
122.8,137.512,137.511,4.483333399999999,-147.8249040281493,79.04890603969159,-1.3157142104525683,5.326303824792505,0.04017300852739989,643.7436336084851,-0.0003902318107165989,0.0074716904718905575,5.4166666667,5.4999896253408,0.007235050850439454,5.500000049304107,0.008514207514704409,True,Solve_Succeeded,6,0.0518318519971217,0.0551573550037574,0.05557227499957662,True,4.9304106575220885e-08,
122.9,137.612,137.579,4.483333399999999,-147.7321081689534,78.69735636545256,-1.3146618241972907,5.353924721174555,0.01761298744951529,644.1072147480854,0.002798929226044201,0.005098573658410821,5.4166666667,5.500000049304107,0.008514207514704409,5.499997903284433,0.015261434566867939,True,Solve_Succeeded,3,0.02820417999464553,0.031367585994303226,0.03163230900099734,True,2.999226555999712e-08,
123.0,137.712,137.681,4.483333399999999,-147.59350495632475,78.16821427315722,-1.3145047035714987,5.370629482276286,-0.0034738483985969964,644.6542269914313,0.004112788262621201,-0.00032106361555483964,5.4166666667,5.499997903284433,0.015261434566867939,5.4999174359626695,0.024621470235638543,True,Solve_Succeeded,2,0.022257919998082798,0.026276153002982028,0.026837442004762124,True,2.599106019157693e-07,
123.1,137.812,137.783,4.483333399999999,-147.45487872908052,77.63707475247827,-1.315011240430433,5.372646565598032,-0.00811945614478135,645.2031718826581,0.0018205156341420702,-0.006488665363497681,5.4166666667,5.4999174359626695,0.024621470235638543,5.499928769710241,0.03279760113319908,True,Solve_Succeeded,2,0.021583768997516017,0.02436381900042761,0.024706265998247545,True,5.58466663747037e-08,
123.2,137.912,137.885,4.483333399999999,-147.3156431291715,77.10938320813581,-1.310925328463292,5.3632429464378575,0.018764341355160395,645.74891083065,-0.0019642009432334455,-0.007611925429973575,5.4166666667,5.499928769710241,0.03279760113319908,5.499997913014351,0.03002015443003836,True,Solve_Succeeded,3,0.030921026998839807,0.0347852539998712,0.0351949739997508,True,2.0928519361973486e-08,
123.3,138.012,137.987,4.483333399999999,-147.17371706548894,76.58054917306507,-1.3055171098188039,5.372880333071607,0.07802811684804047,646.2964232356726,-0.006193251267058691,-0.007008956882106787,5.4166666667,5.499997913014351,0.03002015443003836,5.4999787365941275,0.015905011027434728,True,Solve_Succeeded,2,0.021197013003984466,0.025921929001924582,0.02660694299993338,True,1.2433535436784382e-06,
123.4,138.112,138.089,4.483333399999999,-147.02801178351731,76.05266397620687,-1.2970053238414643,5.298059619225654,0.11298447197806373,646.8440076617352,-0.00904292676364937,-0.0028807090953733017,5.4166666667,5.4999787365941275,0.015905011027434728,5.500000053636977,0.0022483452983111623,True,Solve_Succeeded,8,0.06624743500287877,0.06957944900204893,0.06988871999783441,True,5.363697663796074e-08,
123.5,138.212,138.191,4.483333399999999,-146.87749179719052,75.52670297511814,-1.2902781894640727,5.371877319690913,0.04552736036389239,647.3910474518935,-0.009017960908042758,-0.00011049663038775748,5.4166666667,5.500000053636977,0.0022483452983111623,5.498999261321771,0.012528603589683978,True,Solve_Succeeded,3,0.0297962490003556,0.03297555299650412,0.033272038999712095,True,2.0246527121514646e-08,
123.6,138.312,138.293,4.483333399999999,-146.72463291805542,74.99995115540598,-1.2869835486526064,5.3829361901160535,0.0006299944585316454,647.9394985245656,-0.009018815503567493,-0.00035896567300341964,5.4166666667,5.498999261321771,0.012528603589683978,5.4939556877186515,0.01648069376298791,True,Solve_Succeeded,2,0.02141549499356188,0.023886663999292068,0.024134603998390958,True,1.2184601594356081e-07,
123.7,138.412,138.395,4.483333399999999,-146.57191709327023,74.47223792383295,-1.2883840002495597,5.349275598165083,0.10547980986890242,648.4888289530269,-0.011256132611470494,-0.004882422578881719,5.4166666667,5.4939556877186515,0.01648069376298791,5.499531275686982,-0.009455711960041361,True,Solve_Succeeded,5,0.041148846998112276,0.04495494999719085,0.0457096600002842,True,5.540083947153107e-10,
123.8,138.512,138.497,4.483333399999999,-146.41812431220623,73.94853462766477,-1.2833825559137129,5.359374864112897,0.01070638753048677,649.0346123279943,-0.012913433144273213,-0.0025617270150233296,5.4166666667,5.499531275686982,-0.009455711960041361,5.50000003053525,0.015214449600696884,True,Solve_Succeeded,6,0.059742094003013335,0.06287620899820467,0.0632197980012279,True,3.070848020314543e-08,
123.9,138.612,138.599,4.483333399999999,-146.26282674181667,73.42418219078574,-1.282379855427161,5.364406749126474,0.00832046427092087,649.5814448398173,-0.014665121415894293,-0.0038229928449595722,5.4166666667,5.50000003053525,0.015214449600696884,5.499999718990196,0.009897964473720594,True,Solve_Succeeded,4,0.040425136998237576,0.04445352900074795,0.04486427100346191,True,6.6699206158205016e-09,
124.0,138.712,138.701,4.483333399999999,-146.10672031837916,72.9012779888991,-1.2829026609110505,5.352488713525143,0.0033434831504556453,650.1271226170393,-0.01634550308844673,-0.006184044233423559,5.4166666667,5.499999718990196,0.009897964473720594,5.5000000397509226,0.015599437810754027,True,Solve_Succeeded,5,0.04951984900253592,0.053849594994971994,0.05452666299970588,True,3.975092255359414e-08,
124.1,138.812,138.803,4.483333399999999,-145.95170552682026,72.37771639112854,-1.2821941488427915,5.35335892107653,0.013097133430737384,650.6731114320321,-0.020150075842191056,-0.006894078281557192,5.4166666667,5.5000000397509226,0.015599437810754027,5.4999991680628195,0.01410669397209984,True,Solve_Succeeded,3,0.03576588199939579,0.03892278199782595,0.039654954001889564,True,3.274532822672427e-08,
124.2,138.912,138.905,4.483333399999999,-145.79636452866427,71.85390434012916,-1.2835220060761259,5.358815814598094,-0.021717928595074033,651.2194336250227,-0.024375523214378525,-0.009220228461694902,5.4166666667,5.4999991680628195,0.01410669397209984,5.499999592463267,0.025820786119906344,True,Solve_Succeeded,4,0.04519305599387735,0.04870933000347577,0.049235019003390335,True,7.467082063783437e-09,
124.3,139.012,139.007,4.483333399999999,-145.64122662522428,71.33086531532003,-1.2761237676811903,5.333356383588826,0.1498073913991569,651.7649605311616,-0.028999259594627846,-0.0023986494838430517,5.4166666667,5.499999592463267,0.025820786119906344,5.499901304177751,-0.02465856696293626,True,Solve_Succeeded,6,0.05421988799935207,0.05782517199986614,0.058134533996053506,True,3.514604429710744e-08,
124.4,139.112,139.109,4.483333399999999,-145.48145377422662,70.81184126196885,-1.2682596077284838,5.33157934659988,0.05843473041265565,652.3080146769238,-0.028215510436495696,0.005308335680595189,5.4166666667,5.499901304177751,-0.02465856696293626,5.49997914017607,-0.012108963518210556,True,Solve_Succeeded,3,0.02669162399979541,0.03068866700050421,0.031007466997834854,True,4.432611158122768e-07,
124.5,139.212,139.211,4.483333399999999,-145.31786164791686,70.29245708177481,-1.2635357809536731,5.354289262774592,0.0019184899703886763,652.8525424751066,-0.023857498569559116,0.010292025012379469,5.4166666667,5.49997914017607,-0.012108963518210556,5.499982724628718,-0.013656061803198038,True,Solve_Succeeded,3,0.031641043999115936,0.035321614996064454,0.03565933200297877,True,5.5889445071954924e-08,
124.6,139.313,139.279,4.483333399999999,-145.20745594872494,69.9484452203946,-1.2638121337787784,5.341736858263446,-0.014284264311448873,653.2138110761773,-0.018882927844166442,0.01041867654538775,5.4166666667,5.499982724628718,-0.013656061803198038,5.499996826639367,-0.01600698121962499,True,Solve_Succeeded,3,0.04005701999994926,0.04535838700394379,0.04580761500255903,True,8.298079023916216e-08,
124.7,139.412,139.381,4.483333399999999,-145.04382091385153,69.42937437628535,-1.266719645256966,5.340584277776507,-0.025374080834082546,653.7580558618569,-0.013842400241968313,0.008465451774547494,5.4166666667,5.499996826639367,-0.01600698121962499,5.49993767603347,-0.014187147422046228,True,Solve_Succeeded,3,0.03631367399793817,0.04249193499708781,0.04282898100063903,True,5.003383368611914e-07,
124.8,139.512,139.483,4.483333399999999,-144.88132990495572,68.90881566532573,-1.2702144810292504,5.352253425708861,-0.05021853139742283,654.3033860686726,-0.009695359370556687,0.006345230597455398,5.4166666667,5.49993767603347,-0.014187147422046228,5.499981085141922,-0.007790789504935532,True,Solve_Succeeded,3,0.03748284000175772,0.044046329996490385,0.04434133299946552,True,9.621046004326672e-08,
124.9,139.612,139.585,4.483333399999999,-144.7208094372635,68.3876661773989,-1.2705082670801795,5.333871682043609,0.06615834336423186,654.8487033395259,-0.006741768610223893,0.00784467753366158,5.4166666667,5.499981085141922,-0.007790789504935532,5.499299201698567,-0.041146883675318734,True,Solve_Succeeded,4,0.04869976099871565,0.053231302998028696,0.05353281900170259,True,9.149969670829705e-09,
125.0,139.713,139.687,4.483333399999999,-144.56018857908862,67.86932847038568,-1.2703524122095078,5.328132935778137,-0.008555061818389643,655.3913438239276,-0.0017953748266507107,0.01020033248599672,5.4166666667,5.499299201698567,-0.041146883675318734,5.499992269803242,-0.024316000880195098,True,Solve_Succeeded,4,0.049122584001452196,0.05424416599998949,0.05464916599885328,True,3.2828954665831134e-08,
125.1,139.812,139.789,4.483333399999999,-144.3995461561393,67.34949029479357,-1.2716355884139183,5.3654433469359075,-0.06325977993746928,655.9354028778278,0.004052048235332656,0.011538441781640207,5.4166666667,5.499992269803242,-0.024316000880195098,5.4999998940504335,-0.018473529358802174,True,Solve_Succeeded,4,0.04291115799424006,0.047128686994255986,0.04755849700450199,True,6.984099166487331e-08,
125.2,139.912,139.891,4.483333399999999,-144.2410082390785,66.83109972916469,-1.2805997487219614,5.33166520999061,-0.06511319819991034,656.4774425678638,0.009825190153831419,0.005594354187884676,5.4166666667,5.4999998940504335,-0.018473529358802174,5.499998081446552,-0.012503899010093942,True,Solve_Succeeded,5,0.06018470200069714,0.06531702399661299,0.0658399269959773,True,8.981299844459945e-09,
125.3,140.012,139.993,4.483333399999999,-144.08629361004404,66.31005293838581,-1.283330245929357,5.331373216202769,-0.02180156252021894,657.0209332834027,0.012826735536205608,0.005751432181587912,5.4166666667,5.499998081446552,-0.012503899010093942,5.499999849148592,-0.018798801393167724,True,Solve_Succeeded,6,0.060313642003166024,0.06579084200348007,0.06638490699697286,True,8.905985282581241e-09,
125.4,140.112,140.095,4.483333399999999,-143.93323523570763,65.78691184882868,-1.2889178678083275,5.384709741515029,-0.06866585805842414,657.5659675183078,0.015089685831154746,0.002547685151889078,5.4166666667,5.499999849148592,-0.018798801393167724,5.493936427605908,0.0014228661359980918,True,Solve_Succeeded,3,0.029145537002477795,0.03309186400292674,0.033741709994501434,True,1.683199268853741e-08,
125.5,140.212,140.197,4.483333399999999,-143.7832337822597,65.26593380767035,-1.291287039993704,5.317664889723247,-0.0439622997368587,658.108080022045,0.016164878312724805,0.00204150841722317,5.4166666667,5.493936427605908,0.0014228661359980918,5.499999414650659,-0.003256129146944248,True,Solve_Succeeded,6,0.05845883499569027,0.0625473590043839,0.06311770600586897,True,5.341913578149615e-08,
125.6,140.312,140.299,4.483333399999999,-143.63445244505303,64.74392637609482,-1.2945162033153312,5.326423986741009,-0.007345057777347761,658.650853710005,0.016658265164978026,0.00017028428180543287,5.4166666667,5.499999414650659,-0.003256129146944248,5.4999997743335385,-0.004679288915775846,True,Solve_Succeeded,5,0.06395751699892571,0.07051635499374242,0.07111909699597163,True,6.270664876240062e-09,
125.7,140.412,140.401,4.483333399999999,-143.48590037047003,64.22070009350773,-1.2935949095741162,5.299109290758055,0.0031214648145075977,659.1947448082952,0.017199111011107424,0.0019433401948927287,5.4166666667,5.4999997743335385,-0.004679288915775846,5.499999979570147,-0.004632201084268374,True,Solve_Succeeded,6,0.06726211200293619,0.07180277899897192,0.07248681000055512,True,7.439472149428639e-09,
125.8,140.512,140.503,4.483333399999999,-143.33783928403153,63.69935814205861,-1.294886924035449,5.332331681588216,-0.031113765637605085,659.7366970174894,0.01810368772684365,0.0009933923050209348,5.4166666667,5.499999979570147,-0.004632201084268374,5.499993790584399,0.006391071364620551,True,Solve_Succeeded,3,0.03629336300218711,0.0401329500018619,0.040429207001579925,True,5.0738137247208215e-08,
125.9,140.612,140.605,4.483333399999999,-143.19033588539668,63.17498111677923,-1.2985567882095976,5.347026922352285,-0.0575702026928633,660.2814277458609,0.01769547932469895,-0.0028423142757723063,5.4166666667,5.499993790584399,0.006391071364620551,5.499998829073763,0.017585351885437597,True,Solve_Succeeded,3,0.037144240995985456,0.03996489799465053,0.04028721500071697,True,1.0229367219949381e-07,
126.0,140.713,140.707,4.483333399999999,-143.04489578461246,62.64877114245552,-1.3016288227949124,5.326635570893083,0.004916462418363523,660.8273689879815,0.014573314892821085,-0.006593376402958651,5.4166666667,5.499998829073763,0.017585351885437597,5.49999981786802,0.010795944830326717,True,Solve_Succeeded,5,0.051826661998347845,0.0569331480000983,0.057633552998595405,True,2.0337315831397973e-08,
126.1,140.812,140.809,4.483333399999999,-142.899412910134,62.125106114479806,-1.2986375669802395,5.336674635093063,0.02234902887692628,661.3708749825445,0.011677243897296739,-0.004788352049853062,5.4166666667,5.49999981786802,0.010795944830326717,5.499990167386843,0.01379571659036649,True,Solve_Succeeded,4,0.04224603799957549,0.04589040399878286,0.04630046500096796,True,2.805810517259033e-08,
126.2,140.912,140.911,4.483333399999999,-142.7519269731992,61.60060923531667,-1.2946437128007393,5.346682207739851,0.038643049766664196,661.915728109572,0.009695040615154724,-0.0024950570701012253,5.4166666667,5.499990167386843,0.01379571659036649,5.499979393982672,0.010025572795095307,True,Solve_Succeeded,3,0.03270865300146397,0.035890364000806585,0.036487845005467534,True,7.724547756993161e-08,
126.3,141.012,140.979,4.483333399999999,-142.65214212437667,61.25054521455434,-1.2922371838610098,5.381507110506508,0.059541618370834305,662.2797489986227,0.009092083699381874,-0.0015102522598338108,5.4166666667,5.499979393982672,0.010025572795095307,5.494868576842926,0.0052101562854511155,True,Solve_Succeeded,2,0.025369351002154872,0.031063572998391464,0.031511866000073496,True,1.8779851806982606e-07,
126.4,141.112,141.081,4.483333399999999,-142.5012673560175,60.72828166743929,-1.2888024434652365,5.339608362610628,0.03604228389808858,662.8233920011457,0.009053036380603622,-0.0006251114207072028,5.4166666667,5.494868576842926,0.0052101562854511155,5.499054741070083,0.012690446681617285,True,Solve_Succeeded,2,0.02827460099797463,0.03167088999907719,0.03209377600433072,True,2.875842596700151e-07,
126.5,141.213,141.183,4.483333399999999,-142.34876073884737,60.20487991126552,-1.2861121781573004,5.351088840066772,-0.0005344870654746059,663.3685869716506,0.008733979510343336,-0.0010052005308947007,5.4166666667,5.499054741070083,0.012690446681617285,5.499998915429486,0.023405944059455088,True,Solve_Succeeded,5,0.057025508998776786,0.06463242799509317,0.0653272929994273,True,1.429181217815767e-09,
126.6,141.312,141.285,4.483333399999999,-142.19645812678874,59.68101938185,-1.2865081550835278,5.338257686261311,0.018213539774728244,663.9141595790114,0.006274357682658868,-0.004989083160266139,5.4166666667,5.499998915429486,0.023405944059455088,5.4999914469069795,0.02514446051592011,True,Solve_Succeeded,3,0.040152027999283746,0.043646858001011424,0.04426849199808203,True,6.762734638954271e-08,
126.7,141.412,141.387,4.483333399999999,-142.04262899820256,59.15878526155906,-1.2819647153377034,5.344762478471543,0.04442915993624196,664.4585926715312,0.003648267558950454,-0.004540723912145106,5.4166666667,5.4999914469069795,0.02514446051592011,5.499998501050053,0.024991724725038987,True,Solve_Succeeded,3,0.033738556994649116,0.03907400699972641,0.039572893001604825,True,9.567005054833544e-08,
126.8,141.512,141.489,4.483333399999999,-141.88567158715432,58.63624434039874,-1.2756517713744289,5.352658362798392,0.08639672299378741,665.0042058988215,0.001553108764277267,-0.0028481763258483284,5.4166666667,5.499998501050053,0.024991724725038987,5.499982105270497,0.016931674496059836,True,Solve_Succeeded,3,0.03494014500029152,0.039905696001369506,0.04076931300369324,True,4.6278251630837985e-07,
126.9,141.612,141.591,4.483333399999999,-141.7247264878559,58.11477742860709,-1.267709825501207,5.323209640504194,0.023192529632937456,665.5499514739456,0.0009224841918953292,-4.547219013284476e-05,5.4166666667,5.499982105270497,0.016931674496059836,5.499998497913257,0.03467925888779502,True,Solve_Succeeded,4,0.04493743000057293,0.04882607900071889,0.049853437005367596,True,8.86003717615047e-09,
127.0,141.713,141.693,4.483333399999999,-141.5614176498559,57.59636180919019,-1.2625889696149513,5.335290451032986,0.049868869448016856,666.0934858001968,0.0005250902426504904,-0.0005580575336503468,5.4166666667,5.499998497913257,0.03467925888779502,5.499999879249759,0.026634429020942967,True,Solve_Succeeded,6,0.05115112000203226,0.054057282002759166,0.05459025500022108,True,1.4616388988031304e-08,
127.1,141.812,141.795,4.483333399999999,-141.39506967640503,57.077846493945316,-1.2583747698426333,5.344725547341634,0.03011254103788067,666.6380325565905,-0.00021508857027389852,-0.0025033620171921456,5.4166666667,5.499999879249759,0.026634429020942967,5.499998211701093,0.04005013093789036,True,Solve_Succeeded,5,0.04690952000237303,0.05015695500333095,0.050456225995731074,True,2.04212521476288e-08,
127.2,141.912,141.897,4.483333399999999,-141.2266198127626,56.56087367063057,-1.2508914686887727,5.325771138286055,0.08136502257972686,667.1817478119779,-0.001968066061121497,-0.0016848894734036168,5.4166666667,5.499998211701093,0.04005013093789036,5.500000054104736,0.027878686639034728,True,Solve_Succeeded,7,0.056753001001197845,0.05940260000352282,0.05965858499985188,True,5.4104735802695814e-08,
127.3,142.012,141.999,4.483333399999999,-141.05359813899005,56.04567376680823,-1.242400408628941,5.32974319978859,0.10465938666806264,667.7252094360188,-0.0025849606878863974,-0.0003690162620093584,5.4166666667,5.500000054104736,0.027878686639034728,5.500000001557542,0.026525155188771292,True,Solve_Succeeded,6,0.06698709999909624,0.07146858600026462,0.07173436200537253,True,6.410595609906977e-09,
127.4,142.112,142.101,4.483333399999999,-140.87544641106413,55.53130200809682,-1.232586089794886,5.356271550280741,0.044130342447493316,668.2695419343984,-0.002124690406250163,0.0017450026040379818,5.4166666667,5.500000001557542,0.026525155188771292,5.499990370570626,0.04192181039936938,True,Solve_Succeeded,3,0.034047499000735115,0.03756083900225349,0.03811576099542435,True,7.107972480047131e-08,
127.5,142.212,142.203,4.483333399999999,-140.6935387504493,55.020063410741805,-1.2249591650227825,5.296516310658818,0.06789134546754874,668.8121659117103,-0.0014018565080486439,0.0011856939115690854,5.4166666667,5.499990370570626,0.04192181039936938,5.499999923527622,0.03469471097395004,True,Solve_Succeeded,6,0.05305380799836712,0.056601081996632274,0.056904631994257215,True,1.4485150856557993e-09,
127.6,142.312,142.305,4.483333399999999,-140.50778834333303,54.50999042732338,-1.2183112613466662,5.3259591625586875,0.07374089850309438,669.3549982733283,-0.001250092264851695,-0.0008632330919795539,5.4166666667,5.499999923527622,0.03469471097395004,5.499999290494093,0.041308615789474416,True,Solve_Succeeded,5,0.03932913600147003,0.041966459997638594,0.042384606997075025,True,2.773485352491889e-08,
127.7,142.412,142.407,4.483333399999999,-140.3178983624642,54.00019683891374,-1.2094798863694673,5.335410020605216,0.09456907812707055,669.8989954960534,-0.0019866996626075146,-0.00125365119462173,5.4166666667,5.499999290494093,0.041308615789474416,5.499984537845022,0.040085507855073095,True,Solve_Succeeded,5,0.05098860499856528,0.05487338499369798,0.05524696400243556,True,1.238585518592572e-07,
127.8,142.512,142.509,4.483333399999999,-140.12213468959803,53.49373745038333,-1.1955652158379597,5.320273824867715,0.11369140123250347,670.4419591034651,-0.001192598600610566,0.002955068505254177,5.4166666667,5.499984537845022,0.040085507855073095,5.499999864206965,0.036549651248543875,True,Solve_Succeeded,5,0.04829035900183953,0.05234739099978469,0.05263612099952297,True,8.482857308841733e-10,
127.9,142.612,142.611,4.483333399999999,-139.92052428104634,52.98964430422934,-1.1856774920440571,5.32506953503453,0.08246174618569192,670.984870313108,0.0005039337851040716,0.0026413045396729284,5.4166666667,5.499999864206965,0.036549651248543875,5.499999725965518,0.04869518256945152,True,Solve_Succeeded,6,0.05674752999766497,0.0601624510018155,0.06049937700299779,True,3.151640430836683e-08,
128.0,142.712,142.679,4.483333399999999,-139.78364573333252,52.65413396587157,-1.179672295026343,5.355786110321042,0.06701227905943373,671.3472335014351,0.0009962152135909673,0.0015640895703037392,5.4166666667,5.499999725965518,0.04869518256945152,5.499993500451719,0.058070146799233835,True,Solve_Succeeded,3,0.03358586499962257,0.03804680000030203,0.039036255999235436,True,6.414067854620953e-08,
128.1,142.812,142.781,4.483333399999999,-139.57413312926292,52.15346956376109,-1.1691749761269032,5.294617558305163,0.0819013017695419,671.8899848388368,0.0017013421388347388,0.0010363489275604376,5.4166666667,5.499993500451719,0.058070146799233835,5.500000052368447,0.06265797558060082,True,Solve_Succeeded,7,0.06211709300259827,0.06825814599869773,0.0686844480005675,True,5.2368447356343495e-08,
128.2,142.912,142.883,4.483333399999999,-139.35991773067738,51.655794231748786,-1.1573264519307038,5.326006825247541,0.13850540456228747,672.4318285719193,0.001675626850231301,0.00080125826727917,5.4166666667,5.500000052368447,0.06265797558060082,5.499999803361568,0.057391593157569074,True,Solve_Succeeded,5,0.04682978700293461,0.05227614999603247,0.052672703997814097,True,2.539880217256041e-08,
128.3,143.012,142.985,4.483333399999999,-139.1376731520837,51.1591540485662,-1.141928507464358,5.338486637358059,0.16838736078322492,672.9759596440001,0.002461137771212562,0.002645535973709201,5.4166666667,5.499999803361568,0.057391593157569074,5.499999851990236,0.057175502389619645,True,Solve_Succeeded,6,0.05888204200164182,0.061695814998529386,0.062111662002280354,True,1.185757270150134e-09,
128.4,143.112,143.087,4.483333399999999,-138.90611357661572,50.66673923310664,-1.1195087613909618,5.314639596227353,0.16718669257954552,673.5201602199253,0.005708627444586873,0.01006710791439036,5.4166666667,5.499999851990236,0.057175502389619645,5.50000004921089,0.05541727667931343,True,Solve_Succeeded,6,0.05486661199392984,0.058550611000100616,0.059004815004300326,True,4.92108895855381e-08,
128.5,143.212,143.189,4.483333399999999,-138.66606733845373,50.17951784092184,-1.1058364469157773,5.326922904438376,0.15011267641475715,674.0634243558584,0.010305390968584491,0.007305483796138823,5.4166666667,5.50000004921089,0.05541727667931343,5.499999541104106,0.06345394374018255,True,Solve_Succeeded,6,0.05633471900364384,0.059406949003459886,0.059664259002602194,True,3.339052057071967e-08,
128.6,143.312,143.291,4.483333399999999,-138.41832590903795,49.69536579790905,-1.0890577771781553,5.3294144139435815,0.1695160692823415,674.6074928539357,0.0138205775044601,0.006139293515855071,5.4166666667,5.499999541104106,0.06345394374018255,5.499999846635446,0.05982167889459011,True,Solve_Succeeded,6,0.055785261996788904,0.05849632200261112,0.058782357002201024,True,1.80741626110148e-08,
128.7,143.412,143.393,4.483333399999999,-138.16344679023416,49.21701536590717,-1.0721986768678113,5.286399699666925,0.17277913895903121,675.1498044982183,0.01620384626274709,0.0036091383259306826,5.4166666667,5.499999846635446,0.05982167889459011,5.500000052236348,0.06200628827083837,True,Solve_Succeeded,7,0.05685824399552075,0.06215140000131214,0.06255467699520523,True,5.2236347691803076e-08,
128.8,143.512,143.495,4.483333399999999,-137.8999521905893,48.74158167215275,-1.055383501078232,5.336809168718524,0.1598984999071854,675.6937267009695,0.016600833151390774,-0.0005481020484789934,5.4166666667,5.500000052236348,0.06200628827083837,5.50000005335759,0.06510221564586575,True,Solve_Succeeded,7,0.06222185599472141,0.06513929399807239,0.06543456699728267,True,5.335759034608145e-08,
128.9,143.612,143.597,4.483333399999999,-137.62793462816555,48.26980396341249,-1.0393573300925751,5.321452766650278,0.22254618171508322,676.2386630466705,0.014373668143309627,-0.00707952217111063,5.4166666667,5.50000005335759,0.06510221564586575,5.499998367798532,0.045127186100025585,True,Solve_Succeeded,5,0.04642565300309798,0.049177874003362376,0.04942209799628472,True,7.631639903447202e-08,
129.0,143.712,143.699,4.483333399999999,-137.34636295578906,47.80279109459335,-1.020076477565,5.313500076311936,0.036490731865703174,676.7842785513425,0.010096956413970334,-0.01153134191981886,5.4166666667,5.499998367798532,0.045127186100025585,5.499656042296064,0.08048343889484644,True,Solve_Succeeded,5,0.04566057500051102,0.04932078200363321,0.05016882399650058,True,1.681977801265208e-08,
129.1,143.812,143.801,4.483333399999999,-137.06104838962636,47.34132733881133,-1.013772339431771,5.311886590838226,0.06362675754870649,677.3268362287934,-0.0003379851936386258,-0.026078272037661776,5.4166666667,5.499656042296064,0.08048343889484644,5.4999999520679825,0.07440125831947741,True,Solve_Succeeded,6,0.041910546002327465,0.04518732499855105,0.045431637998262886,True,4.18242631639032e-08,
129.2,143.912,143.903,4.483333399999999,-136.77302103549943,46.88265144598209,-1.004355761963053,5.303790191329115,0.16380758082981495,677.8680454820625,-0.017251115227380334,-0.03374108703120759,5.4166666667,5.4999999520679825,0.07440125831947741,5.499999876226921,0.05248601419132709,True,Solve_Succeeded,6,0.041921625001123175,0.044494364999991376,0.044753125999704935,True,3.840221829420898e-08,
129.3,144.012,144.005,4.483333399999999,-136.47962840813707,46.4300902964865,-0.9843230140987255,5.303588900312413,0.19146962245937,678.4067779428447,-0.03448932004889792,-0.02701352855723182,5.4166666667,5.499999876226921,0.05248601419132709,5.49999982547623,0.03500470473522765,True,Solve_Succeeded,6,0.04677022499527084,0.05088581099698786,0.051184130999899935,True,2.131203213906474e-08,
129.4,144.112,144.107,4.483333399999999,-136.17562268021305,45.981627106361685,-0.9666080410274819,5.318824728110661,0.15006670585395807,678.9480407522956,-0.04689494509045454,-0.018961560651983622,5.4166666667,5.49999982547623,0.03500470473522765,5.499999667607034,0.024019429077040945,True,Solve_Succeeded,6,0.04457294899475528,0.04695670300134225,0.047204622998833656,True,4.070120862564863e-08,
129.5,144.212,144.209,4.483333399999999,-135.86409263174028,45.53730645318789,-0.951836257413504,5.323114958735246,0.18903205078715277,679.4903316208732,-0.05501030555037688,-0.010162541958188775,5.4166666667,5.499999667607034,0.024019429077040945,5.499997588838547,-0.010693402850222553,True,Solve_Succeeded,5,0.045957862996147014,0.05052078999869991,0.05142854199948488,True,2.7064334922471955e-08,
129.6,144.312,144.311,4.483333399999999,-135.5457383398526,45.09686705813125,-0.940958872583327,5.312164836667181,0.04453617630285219,680.0336469152426,-0.05756340847791629,-0.0015620326696693665,5.4166666667,5.499997588838547,-0.010693402850222553,5.499994470922668,0.0026283215545807727,True,Solve_Succeeded,4,0.04152850899845362,0.04535246999876108,0.046083234999969136,True,3.434509552105447e-07,
129.7,144.412,144.379,4.483333399999999,-135.33255674544574,44.80527019420063,-0.9381795491627308,5.312482087067627,0.03677695264324059,680.3948910612636,-0.05755783607466412,0.0017512889171603652,5.4166666667,5.499994470922668,0.0026283215545807727,5.4999996126704875,-0.015750658594305873,True,Solve_Succeeded,6,0.043504617002326995,0.04612108899891609,0.04666050700325286,True,2.7140000056283253e-06,
129.8,144.512,144.481,4.483333399999999,-135.01139113550906,44.368279401369136,-0.9371245104620612,5.315371458797708,-0.025455340325786013,680.9374204729086,-0.05508455352699752,0.006675929460619678,5.4166666667,5.4999996126704875,-0.015750658594305873,5.499999863099811,-0.0043206493775538165,True,Solve_Succeeded,6,0.03953923800145276,0.04175360700173769,0.042180910997558385,True,6.783639395005481e-08,
129.9,144.612,144.583,4.483333399999999,-134.69147624469124,43.93175765997937,-0.9408371558980868,5.273055820761299,-0.02567064780277266,681.4789237138937,-0.0504604302038475,0.009076336810849517,5.4166666667,5.499999863099811,-0.0043206493775538165,5.500000031340156,-0.009443284438200347,True,Solve_Succeeded,6,0.04081207400304265,0.043014118004066404,0.043236017001618166,True,4.497804977424136e-08,
130.0,144.712,144.685,4.483333399999999,-134.37278862711486,43.49338562091581,-0.9436457164783284,5.320450854072329,-0.02240564048497293,682.0211157416003,-0.04480845518992716,0.011517849306710626,5.4166666667,5.500000031340156,-0.009443284438200347,5.499999700704208,-0.008944647282085326,True,Solve_Succeeded,5,0.04762932800076669,0.05061666899564443,0.0511644369980786,True,1.8260419842874853e-08,
130.1,144.812,144.787,4.483333399999999,-134.0543258626111,43.053168179863164,-0.945093067609725,5.332935257489064,-0.005102111952052953,682.564580774202,-0.03782081735736601,0.01434832714176515,5.4166666667,5.499999700704208,-0.008944647282085326,5.499999865728185,-0.014137368231501222,True,Solve_Succeeded,5,0.04924890999973286,0.052714086996275,0.053173685002548154,True,3.503256351677919e-09,
130.2,144.912,144.889,4.483333399999999,-133.7354899210389,42.613521651777546,-0.9436876691627308,5.31331883275478,-0.03928869081215738,683.1076929451863,-0.028144356680115258,0.019045220559536058,5.4166666667,5.499999865728185,-0.014137368231501222,5.50000004647679,-0.007134294349188763,True,Solve_Succeeded,6,0.04260461500234669,0.04544709499896271,0.04574028500064742,True,4.647679041624997e-08,
130.3,145.012,144.991,4.483333399999999,-133.41814450496312,42.173815621283794,-0.9474469519528746,5.319880403443496,-0.030662160073942783,683.6499195748103,-0.01820666627430831,0.017592216550776363,5.4166666667,5.50000004647679,-0.007134294349188763,5.499999625441211,-0.00968308744794254,True,Solve_Succeeded,5,0.04165342699707253,0.04515951500070514,0.045682192998356186,True,8.837265141892203e-09,
130.4,145.112,145.093,4.483333399999999,-133.1017639658554,41.732161602678936,-0.9511588769402093,5.32278119068401,-0.04169748788060853,684.1931452651045,-0.009184843542237735,0.015209674898275962,5.4166666667,5.499999625441211,-0.00968308744794254,5.4999838976057855,-0.0007533613949565203,True,Solve_Succeeded,4,0.030708432001119945,0.033339516005071346,0.03366263800126035,True,3.003052917449622e-08,
130.5,145.212,145.195,4.483333399999999,-132.78796835498747,41.29102091075479,-0.9561719808164415,5.3202854648552265,-0.03392536545034543,684.7344558055946,-0.0015434732306833774,0.010544539951784282,5.4166666667,5.4999838976057855,-0.0007533613949565203,5.499982798588499,0.004086484783963631,True,Solve_Succeeded,4,0.030281573999673128,0.03283379599452019,0.03316438400361221,True,1.6044809925119807e-08,
130.6,145.312,145.297,4.483333399999999,-132.4751704069925,40.84671857335412,-0.9584520135117006,5.331263150063325,-0.01802584912890788,685.2778007551876,0.003404075672374879,0.007632871353995152,5.4166666667,5.499982798588499,0.004086484783963631,5.499999887946429,0.008686970763888188,True,Solve_Succeeded,5,0.04488609400141286,0.04796089800220216,0.04832078899926273,True,3.3096840823532148e-09,
130.7,145.412,145.399,4.483333399999999,-132.16258346686388,40.40134518022649,-0.9584479801159234,5.291368926348257,0.028677737494148214,685.8219192483793,0.006957483056500528,0.006018549470780732,5.4166666667,5.499999887946429,0.008686970763888188,5.499999992385705,0.003865383542089393,True,Solve_Succeeded,6,0.044843871000921354,0.047982802003389224,0.04834500799915986,True,1.3397380071653031e-09,
130.8,145.512,145.501,4.483333399999999,-131.84810341598626,39.95766443929998,-0.9532276616111938,5.3139398332401955,-0.012389559351225092,686.365751336825,0.011882604156928387,0.008634119369619442,5.4166666667,5.499999992385705,0.003865383542089393,5.499999781483058,0.019141293694137838,True,Solve_Succeeded,6,0.040836657004547305,0.043199273000936955,0.04352418600319652,True,5.286056126152516e-08,
130.9,145.612,145.603,4.483333399999999,-131.53470472204805,39.51606747313112,-0.9537070465390254,5.306151407940927,0.0013312136536151736,686.9072931468166,0.015435615596441837,0.004578248484309322,5.4166666667,5.499999781483058,0.019141293694137838,5.499998284499857,0.0195996093698085,True,Solve_Succeeded,5,0.03528452300088247,0.03772016900620656,0.03797980299714254,True,3.007182926284546e-09,
131.0,145.712,145.705,4.483333399999999,-131.2212938876425,39.07463827907046,-0.9522373609556625,5.306774517366313,0.034838634018813985,687.4487397116703,0.016892853203699,0.0014894256137019113,5.4166666667,5.499998284499857,0.0195996093698085,5.499999871437282,0.02087125242509331,True,Solve_Succeeded,6,0.047874030999082606,0.051011629999266006,0.05155484900024021,True,5.1479576157476004e-08,
131.1,145.812,145.807,4.483333399999999,-130.90774207178075,38.63585023008347,-0.9478531542081958,5.304814253003757,0.05785833646612748,687.9881394180279,0.0172703745501646,0.0003529269188100592,5.4166666667,5.499999871437282,0.02087125242509331,5.49999998223631,0.022262080533185583,True,Solve_Succeeded,6,0.05436757600546116,0.056582646000606474,0.05690566399425734,True,4.606000647555675e-08,
131.2,145.912,145.909,4.483333399999999,-130.5905417960973,38.19672862656834,-0.9428422668389284,5.316444628189433,0.03849919461925487,688.5299573354775,0.01716010481572151,-0.0011682044016273485,5.4166666667,5.49999998223631,0.022262080533185583,5.499999897864865,0.032884217650470955,True,Solve_Succeeded,6,0.04374496599484701,0.04610611600219272,0.04639318299450679,True,4.004679876601358e-08,
131.3,146.012,146.011,4.483333399999999,-130.27129124375045,37.7586671071168,-0.9389651616803547,5.32656154096987,0.11329559522225752,689.0721295757362,0.015522003554801093,-0.0048192470209624805,5.4166666667,5.499999897864865,0.032884217650470955,5.499998925653874,0.019505475831052544,True,Solve_Succeeded,5,0.03559979900455801,0.03828239299764391,0.03858263599977363,True,5.950759263129157e-08,
131.4,146.112,146.079,4.483333399999999,-130.05662896275842,37.467403095305535,-0.9330437670889542,5.300349621225846,0.00041691019517352664,689.434030204981,0.013976348461570209,-0.004475865150092684,5.4166666667,5.499998925653874,0.019505475831052544,5.499680171818023,0.054474111068681746,True,Solve_Succeeded,4,0.040007634001085535,0.04289014300593408,0.04358746700017946,True,5.419211734046525e-08,
131.5,146.212,146.181,4.483333399999999,-129.73486817406928,37.033917366284754,-0.931158921734133,5.286892773592142,0.02511688117647298,689.9739729520145,0.00955630181780061,-0.011736740045540817,5.4166666667,5.499680171818023,0.054474111068681746,5.4999979926756355,0.054102258948325745,True,Solve_Succeeded,5,0.03932115499628708,0.042794733999471646,0.04310677100147586,True,6.62244881155516e-08,
131.6,146.312,146.283,4.483333399999999,-129.4121877748099,36.60168563265554,-0.9265895639313273,5.283839935736998,0.0940120711773595,690.5133634607664,0.0014786071444032479,-0.016923330462498054,5.4166666667,5.4999979926756355,0.054102258948325745,5.500000054936773,0.04898378392464101,True,Solve_Succeeded,8,0.06337186900054803,0.06558439299988095,0.06584638099593576,True,5.4936773352665114e-08,
131.7,146.412,146.385,4.483333399999999,-129.08747578637252,36.17382797454179,-0.9146017281659503,5.289048024606218,0.13477001959504106,691.050384683031,-0.007480781341151719,-0.014359543542272202,5.4166666667,5.500000054936773,0.04898378392464101,5.499993208509969,0.04160224449271018,True,Solve_Succeeded,5,0.03703120800491888,0.04018529399763793,0.040716142997553106,True,6.720439849061677e-08,
131.8,146.512,146.487,4.483333399999999,-128.75554608923625,35.7484754275858,-0.902011234167463,5.294423505655695,0.10652353773691277,691.5897843356939,-0.014222230593929934,-0.01089945842330653,5.4166666667,5.499993208509969,0.04160224449271018,5.5000000527139425,0.04603060773531496,True,Solve_Succeeded,7,0.047424135998880956,0.05062768100469839,0.0508657120008138,True,5.2713942544357906e-08,
131.9,146.612,146.589,4.483333399999999,-128.41845883741917,35.326062152472296,-0.8920090179186465,5.265363106981722,0.1486882699155227,692.1300319462629,-0.01994724181447411,-0.009703480895196681,5.4166666667,5.5000000527139425,0.04603060773531496,5.499999512325504,0.028769379838430493,True,Solve_Succeeded,5,0.0360811660066247,0.03816285699576838,0.03850069500185782,True,1.863845078275972e-09,
132.0,146.712,146.691,4.483333399999999,-128.07561860167843,34.908311437204134,-0.8786752158548039,5.285030628025421,0.04802308243658227,692.6702650745592,-0.022934286466799094,-0.0048357347915837234,5.4166666667,5.499999512325504,0.028769379838430493,5.499996720575233,0.05041792722999883,True,Solve_Succeeded,5,0.03679066800395958,0.039405748997523915,0.0397248799999943,True,1.5246250650857718e-09,
132.1,146.812,146.793,4.483333399999999,-127.73090861345926,34.494251060033,-0.8746299339342175,5.28026649571205,0.034136472261936064,693.2088216801487,-0.026588423485676135,-0.008891105087870499,5.4166666667,5.499996720575233,0.05041792722999883,5.500000050030151,0.05072225347531372,True,Solve_Succeeded,7,0.05466291699849535,0.05715368300297996,0.05743306500517065,True,5.003015068894001e-08,
132.2,146.912,146.895,4.483333399999999,-127.38443315634642,34.081924973680074,-0.8678024657823024,5.2794618065174,0.10981303759459826,693.7471384546596,-0.03204528307452495,-0.009821885286434129,5.4166666667,5.500000050030151,0.05072225347531372,5.4999996522898735,0.035474501042006834,True,Solve_Succeeded,6,0.05820313400181476,0.06090703200607095,0.06118926099588862,True,2.3571765674773593e-08,
132.3,147.012,146.997,4.483333399999999,-127.0353032315789,33.67469815518948,-0.8543862303587153,5.276708523213141,0.1292719144678725,694.2832715812585,-0.03623001930302802,-0.0037956494120054973,5.4166666667,5.4999996522898735,0.035474501042006834,5.4999997951850235,0.02889124633474354,True,Solve_Succeeded,6,0.04748417100199731,0.05071255799703067,0.051091968001856,True,1.1858832138500475e-08,
132.4,147.113,147.099,4.483333399999999,-126.67893663076623,33.27037510449713,-0.8430533806723303,5.29040655514817,0.09334098971256481,694.8219695817827,-0.036951889419669925,0.00045021308922488235,5.4166666667,5.4999997951850235,0.02889124633474354,5.49999963097161,0.029764239934067273,True,Solve_Succeeded,6,0.04354084400256397,0.04675192500144476,0.04746205999981612,True,4.4031507826988725e-08,
132.5,147.212,147.201,4.483333399999999,-126.31820804255425,32.86897604322148,-0.8340918412142151,5.290246305630058,0.14764673260669972,695.3613953223824,-0.03620454330997834,0.002654690279876526,5.4166666667,5.49999963097161,0.029764239934067273,5.4999975994012456,0.006543122464268278,True,Solve_Succeeded,5,0.03583635999530088,0.03883717499411432,0.039190144001622684,True,3.839986995046729e-09,
132.6,147.312,147.303,4.483333399999999,-125.95340315691753,32.471266124344545,-0.824309113522372,5.27631880421551,0.0479371218714703,695.9008469159643,-0.03351449830893622,0.0060192407355893485,5.4166666667,5.4999975994012456,0.006543122464268278,5.49998987282582,0.026571583628759433,True,Solve_Succeeded,4,0.033734898002876434,0.03656146000139415,0.036827676005486865,True,1.2383492467571422e-08,
132.7,147.412,147.405,4.483333399999999,-125.58736817090677,32.07711688672049,-0.8208641846204269,5.271911244524398,0.02233488330113895,696.4385449774503,-0.030875906393020968,0.0034037373278826832,5.4166666667,5.49998987282582,0.026571583628759433,5.499999949820859,0.02522663815677265,True,Solve_Succeeded,6,0.04299417100264691,0.04530167399934726,0.04560680800204864,True,1.8500166731882928e-08,
132.8,147.512,147.507,4.483333399999999,-125.22038833811007,31.683726840354392,-0.8192451920051584,5.275456219365552,0.005759555827466233,696.9763573249796,-0.03019837627151071,-0.0007033373239084817,5.4166666667,5.499999949820859,0.02522663815677265,5.500000051877332,0.03378997306160063,True,Solve_Succeeded,7,0.04807196899491828,0.05002852499455912,0.05029452000599122,True,5.187733176370557e-08,
132.9,147.612,147.609,4.483333399999999,-124.85338427523966,31.292873269871166,-0.8146584306607133,5.274028885425276,0.053543371416047786,697.5123455022549,-0.030750611218378594,-0.0014900937372187562,5.4166666667,5.500000051877332,0.03378997306160063,5.499998400665262,0.02332715776213491,True,Solve_Succeeded,5,0.03634549200069159,0.03897493299882626,0.03929726099886466,True,9.519494525989103e-09,
133.0,147.712,147.711,4.483333399999999,-124.48280731511962,30.901947003097973,-0.8095670621901131,5.287004471012525,0.056791418893444565,698.0508440078553,-0.03156194384606541,-0.001463411439766138,5.4166666667,5.499998400665262,0.02332715776213491,5.499999938357429,0.02626823062961546,True,Solve_Succeeded,6,0.042801641997357365,0.04550071099947672,0.04578862999915145,True,3.889153799008227e-08,
133.1,147.812,147.779,4.483333399999999,-124.23414207285566,30.641807139488456,-0.805829306187597,5.244031526636395,0.06557199019605583,698.4106130461663,-0.03208519448351674,-0.000923263941467356,5.4166666667,5.499999938357429,0.02626823062961546,5.5000000527853725,0.02085881051626305,True,Solve_Succeeded,7,0.050447179994080216,0.053017318998172414,0.053448341001058,True,5.378617606160985e-08,
133.2,147.912,147.881,4.483333399999999,-123.85870869209414,30.254871348238165,-0.7958251316821969,5.2727888923880855,0.03554042255749543,698.9496078248765,-0.030932846764668547,0.004568624464115434,5.4166666667,5.5000000527853725,0.02085881051626305,5.499999861649004,0.024324759705566894,True,Solve_Succeeded,6,0.04940121799882036,0.053435627996805124,0.053702505996625405,True,4.391722274732501e-08,
133.3,148.012,147.983,4.483333399999999,-123.48188572225034,29.87132033483778,-0.7929798124738378,5.271994588481804,0.02087943116612872,699.4871659963798,-0.028762946966271866,0.00324532983221737,5.4166666667,5.499999861649004,0.024324759705566894,5.500000050954287,0.026243310659161884,True,Solve_Succeeded,7,0.05184190600266447,0.05483879900566535,0.055442103002860676,True,5.0954287011961696e-08,
133.4,148.112,148.085,4.483333399999999,-123.10381080718196,29.488474888744193,-0.7893865412590951,5.276377025444205,0.06051170583046094,700.0251137641926,-0.02738845306868423,0.0028001353912278093,5.4166666667,5.500000050954287,0.026243310659161884,5.4999997191015595,0.01630680652392096,True,Solve_Succeeded,6,0.043812616997456644,0.046528653998393565,0.04682485000375891,True,4.637561978881877e-08,
133.5,148.212,148.187,4.483333399999999,-122.72489749326817,29.108700012077872,-0.7833841613248931,5.276093643450982,0.06662561645632013,700.5614723332077,-0.025485904755491527,0.004550686895326228,5.4166666667,5.4999997191015595,0.01630680652392096,5.500000051159981,0.015905519750324077,True,Solve_Succeeded,7,0.05142076100310078,0.05416541999875335,0.054407780000474304,True,5.115998114035847e-08,
133.6,148.312,148.289,4.483333399999999,-122.34187113797103,28.72955723983806,-0.7775404269472369,5.289975602667214,0.048347913346210365,701.1002986587829,-0.022576341789294505,0.005888360335560949,5.4166666667,5.500000051159981,0.015905519750324077,5.49999891265057,0.018163411043139857,True,Solve_Succeeded,5,0.04744463100360008,0.05028255999786779,0.05054398700303864,True,1.2117635250774583e-07,
133.7,148.412,148.391,4.483333399999999,-121.95640349557922,28.351750398989616,-0.7732075711948443,5.294100475625342,0.09288827244630042,701.6399342656157,-0.01949324738145864,0.005471958798449306,5.4166666667,5.49999891265057,0.018163411043139857,5.499999404357761,0.004639044814912209,True,Solve_Succeeded,5,0.03761025599669665,0.039903447999677155,0.040140355995390564,True,5.682494474967825e-10,
133.8,148.512,148.493,4.483333399999999,-121.56857466649598,27.976514879124146,-0.7651467997925882,5.276012459693213,0.03243876119388577,702.1794745780288,-0.015548261199519664,0.00854705023476765,5.4166666667,5.499999404357761,0.004639044814912209,5.499992570064991,0.02006477974610338,True,Solve_Succeeded,4,0.03790995600138558,0.04081827399932081,0.04113114299980225,True,4.919415008686201e-08,
133.9,148.612,148.595,4.483333399999999,-121.17995881548852,27.6043081746878,-0.7627875427938152,5.276812253211823,0.016640467211139306,702.7174981276756,-0.011633325008717062,0.005697673330813724,5.4166666667,5.499992570064991,0.02006477974610338,5.500000049552762,0.021528387283490474,True,Solve_Succeeded,7,0.052221349003957585,0.054660863999743015,0.05521322700224118,True,4.955276189377855e-08,
134.0,148.712,148.697,4.483333399999999,-120.7903589613688,27.232313656993995,-0.7616099829822652,5.2816386266354405,0.016341459724680915,703.2561096575033,-0.009751647789814504,0.0014231531298470879,5.4166666667,5.500000049552762,0.021528387283490474,5.499999516289138,0.02814080772089059,True,Solve_Succeeded,6,0.0430281190056121,0.045588583998323884,0.04601848000311293,True,3.15028616526547e-08,
134.1,148.812,148.799,4.483333399999999,-120.40129427702288,26.862458056317653,-0.7582068407476441,5.2813251007013235,0.035924891417845,703.792864812607,-0.00968450132273806,-0.0008443611054322897,5.4166666667,5.499999516289138,0.02814080772089059,5.500000049454114,0.028618677440968167,True,Solve_Succeeded,7,0.057230594000429846,0.0597870019992115,0.06010680500185117,True,4.94541136930593e-08,
134.2,148.912,148.901,4.483333399999999,-120.00903429088324,26.492247171586005,-0.7548792899912328,5.295544241147072,0.041459583854481744,704.3321773061448,-0.01080331322578561,-0.003453827600235937,5.4166666667,5.500000049454114,0.028618677440968167,5.499999799444257,0.033969546236778475,True,Solve_Succeeded,6,0.0482289799983846,0.050486123996961396,0.05079007599852048,True,1.7860915413336897e-08,
134.3,149.012,149.003,4.483333399999999,-119.61387602258874,26.122608562441794,-0.748664084859521,5.333777614666149,0.12532109053162607,704.873195319526,-0.012803059275270614,-0.0034361182601294615,5.4166666667,5.499999799444257,0.033969546236778475,5.499976811852288,0.015462289002993288,True,Solve_Succeeded,3,0.02551519899861887,0.028187334995891433,0.028427910998289008,True,3.7772419858583817e-07,
134.4,149.112,149.105,4.483333399999999,-119.21780772823244,25.75785408795533,-0.7415122437667045,5.279907014128938,0.026729399393329027,705.4115474254079,-0.013998103942494417,-0.0026921222967037917,5.4166666667,5.499976811852288,0.015462289002993288,5.499427525437076,0.04322268355399887,True,Solve_Succeeded,4,0.032014119999075774,0.03460868100228254,0.03497774599964032,True,1.3093725215185259e-08,
134.5,149.212,149.207,4.483333399999999,-118.81997869491909,25.39472419273023,-0.7378654019729529,5.283007635645228,0.042826876667099216,705.9500808577083,-0.016322738139906215,-0.005696209888852,5.4166666667,5.499427525437076,0.04322268355399887,5.499995462958521,0.0384871157993781,True,Solve_Succeeded,5,0.041076899993640836,0.04431815100542735,0.044597252999665216,True,4.7677585629513075e-08,
134.6,149.312,149.309,4.483333399999999,-118.41993870567725,25.033225794992507,-0.7309027506037323,5.314998382167749,0.10026181587394747,706.489126069067,-0.019607014631871006,-0.0056325358667440595,5.4166666667,5.499995462958521,0.0384871157993781,5.4999974247560095,0.031134802968018988,True,Solve_Succeeded,5,0.039442187997337896,0.04198653699859278,0.04224863599665696,True,1.3160219580754529e-09,
134.7,149.412,149.411,4.483333399999999,-118.01871842587771,24.676467216730856,-0.7213879786115507,5.287779342500501,0.0788479954166999,707.0258644277753,-0.022330070924859342,-0.003227811160980254,5.4166666667,5.4999974247560095,0.031134802968018988,5.499999792726286,0.03830716959180104,True,Solve_Succeeded,5,0.03528410499711754,0.03741891699610278,0.03769379100413062,True,3.076190502326881e-08,
134.8,149.512,149.479,4.483333399999999,-117.74786347879215,24.439494718749177,-0.7163338260358374,5.297952911410485,0.07024211836825368,707.3856375737951,-0.023430427015402742,-0.0030739746990160466,5.4166666667,5.499999792726286,0.03830716959180104,5.4999997174126145,0.03773325206637856,True,Solve_Succeeded,6,0.04179514099814696,0.04510256800131174,0.04554576000373345,True,3.4735871068392044e-08,
134.9,149.612,149.581,4.483333399999999,-117.33886721265914,24.085445982735948,-0.7099176331829332,5.348380862895969,0.12143061490600941,707.9264003299638,-0.025602631632676166,-0.0042263626668491705,5.4166666667,5.4999997174126145,0.03773325206637856,5.49999262755208,0.025070160471268716,True,Solve_Succeeded,4,0.028895902003569063,0.0330822719988646,0.03363758500199765,True,4.0504168446336974e-08,
135.0,149.712,149.683,4.483333399999999,-116.92708156494922,23.736442569075752,-0.6973636788258603,5.282996630580829,0.07822452260891916,708.4659867908006,-0.02627644338645815,0.0005324690417051192,5.4166666667,5.49999262755208,0.025070160471268716,5.4999999346657775,0.03304177225953551,True,Solve_Succeeded,6,0.04597185300372075,0.04955932899611071,0.050057394000759814,True,7.095553506038244e-08,
135.1,149.812,149.785,4.483333399999999,-116.51276951026112,23.3918410901272,-0.6904615280591984,5.284628391237505,0.07163765819012244,709.0046701085885,-0.026219353923782995,-0.0005728870399777097,5.4166666667,5.4999999346657775,0.03304177225953551,5.499998054877164,0.028475028138849435,True,Solve_Succeeded,5,0.038926865003304556,0.042510197999945376,0.04303608800546499,True,3.1907879893822155e-08,
135.2,149.912,149.887,4.483333399999999,-116.09558739802969,23.050071179162163,-0.681620871674188,5.287374098215164,0.09162784041086906,709.5437718697872,-0.02641650310150407,0.0005770090705304876,5.4166666667,5.499998054877164,0.028475028138849435,5.4999999250533405,0.02003637470446572,True,Solve_Succeeded,6,0.05868165100400802,0.06162008800311014,0.061894641003164,True,1.587482056919498e-08,
135.3,150.012,149.989,4.483333399999999,-115.67603917577799,22.713339002956797,-0.673403938742675,5.288231212200837,0.06681507102338746,710.0815564766388,-0.025190538366629295,0.0017105842337371557,5.4166666667,5.4999999250533405,0.02003637470446572,5.4999988574023035,0.02306475186675249,True,Solve_Succeeded,5,0.035915676002332475,0.0390200920010102,0.039284234000660945,True,2.988469471887356e-08,
135.4,150.112,150.091,4.483333399999999,-115.25271077991555,22.377834769734314,-0.667160382153048,5.302628295510434,0.05442864858284234,710.6215526938929,-0.024310057366245162,0.0014339357639484573,5.4166666667,5.4999988574023035,0.02306475186675249,5.499999841400867,0.020704194200781994,True,Solve_Succeeded,6,0.04214080499514239,0.04418605999671854,0.04443465199437924,True,2.155303491235827e-08,
135.5,150.212,150.193,4.483333399999999,-114.82625369343512,22.04277385800602,-0.6622821565209872,5.33498539857996,0.0674500506060489,711.1637470964248,-0.024516863010574534,0.0003628194556916098,5.4166666667,5.499999841400867,0.020704194200781994,5.499995501548576,0.015269640024666702,True,Solve_Succeeded,3,0.02748188399709761,0.031002097995951772,0.031301991002692375,True,6.37134798253669e-08,
135.6,150.312,150.295,4.483333399999999,-114.39947720979357,21.7128248906613,-0.6524832872479407,5.300988739047747,0.0541713561652505,711.7030671824432,-0.023545927816406305,0.004837653957764143,5.4166666667,5.499995501548576,0.015269640024666702,5.500000043940018,0.012349626446586047,True,Solve_Succeeded,6,0.04745457800163422,0.05115418799687177,0.05169381800078554,True,4.394001784646662e-08,
135.7,150.412,150.397,4.483333399999999,-113.96846530338965,21.385189664371016,-0.6476390702532067,5.315073448672692,0.047354325956352535,712.2443574892803,-0.02087718992533786,0.004933449944426016,5.4166666667,5.500000043940018,0.012349626446586047,5.499999154756208,0.00812201393716205,True,Solve_Succeeded,5,0.03618069399817614,0.03876532999856863,0.039007989995297976,True,1.810653316169919e-08,
135.8,150.512,150.499,4.483333399999999,-113.53531371422822,21.058812446985044,-0.6436730931961925,5.272678349926512,0.007292382200518404,712.7866191587434,-0.018323159449375487,0.004739674558063679,5.4166666667,5.499999154756208,0.00812201393716205,5.499989651098028,0.014128642051131662,True,Solve_Succeeded,4,0.029533237000578083,0.03197911500319606,0.03222784699755721,True,4.1174343743538566e-08,
135.9,150.612,150.601,4.483333399999999,-113.10084318680376,20.735074351723064,-0.641886979301029,5.325278175642287,0.019751085726038745,713.3283715269525,-0.01496132029722682,0.0029661559158783435,5.4166666667,5.499989651098028,0.014128642051131662,5.500000028072014,0.00659991764643875,True,Solve_Succeeded,7,0.047141816998191644,0.05037649999576388,0.05062738600099692,True,4.483770865704173e-08,
136.0,150.712,150.703,4.483333399999999,-112.66481126705034,20.40971975275316,-0.6403206656465728,5.342408221077056,0.004254320733438108,713.8723675185979,-0.013726861478714842,0.0015570247155609618,5.4166666667,5.500000028072014,0.00659991764643875,5.499988472904066,0.010824779002475408,True,Solve_Succeeded,3,0.023740919001284055,0.02678493100393098,0.027093710996268783,True,3.921368652015644e-08,
136.1,150.812,150.805,4.483333399999999,-112.22759888112765,20.083457951958955,-0.638980966815715,5.324727636654995,0.06105240067902155,714.4178632012702,-0.013971516366615252,0.0005150372943797388,5.4166666667,5.499988472904066,0.010824779002475408,5.4999997014159625,-0.007051975800276523,True,Solve_Succeeded,6,0.040696007999940775,0.043644917001074646,0.04395057699730387,True,2.3852476438435133e-08,
136.2,150.912,150.907,4.483333399999999,-111.79110855175173,19.76112651377919,-0.6340117908790679,5.333883560091264,0.007158813172751447,714.9604440573863,-0.012623193342510625,0.0037126114916639086,5.4166666667,5.4999997014159625,-0.007051975800276523,5.499997303553785,0.0031970943865977713,True,Solve_Succeeded,3,0.025273585997638293,0.027215663001697976,0.027597724001680035,True,6.438383115536794e-07,
136.3,151.012,151.009,4.483333399999999,-111.35234720642161,19.438734140676495,-0.633413724051214,5.342144751910235,0.004135691108528977,715.5048977744406,-0.010773699857323741,0.003131314503392546,5.4166666667,5.499997303553785,0.0031970943865977713,5.499996266886184,-0.0038263082984659846,True,Solve_Succeeded,3,0.029988121998030692,0.03323645299678901,0.0336256630034768,True,1.334328869617707e-07,
136.4,151.112,151.111,4.483333399999999,-110.91348443011356,19.11771050869121,-0.6357336417248107,5.319313214592862,-0.04522084808046213,716.048629485364,-0.008241848582263192,0.00023144466221358684,5.4166666667,5.499996266886184,-0.0038263082984659846,5.500000048924175,0.009586266492902116,True,Solve_Succeeded,6,0.04190810499858344,0.04447241600428242,0.04476681900268886,True,4.892417493351786e-08,
136.5,151.212,151.179,4.483333399999999,-110.62191627779156,18.901905621121248,-0.6377476296738755,5.332730161022832,0.03514119974668763,716.411373473692,-0.008696470856165636,-0.001837300385683305,5.4166666667,5.500000048924175,0.009586266492902116,5.499366982704759,-0.012379054589995647,True,Solve_Succeeded,4,0.028990434999286663,0.0313922650020686,0.03187895700102672,True,7.972156268465369e-09,
136.6,151.312,151.281,4.483333399999999,-110.18442396381248,18.578014684346776,-0.6373751555109786,5.341238827959708,-0.024528890026545336,716.9557157914387,-0.009359541670252283,-0.0010482484218348187,5.4166666667,5.499366982704759,-0.012379054589995647,5.498752046817106,0.007506375328693362,True,Solve_Succeeded,3,0.025195018002705183,0.028294177995121572,0.028620384000532795,True,1.928385333447441e-08,
136.7,151.412,151.383,4.483333399999999,-109.74709772543628,18.251744072508977,-0.6420868749753837,5.326139401487825,-0.003282456646891058,717.5013469425859,-0.0116442279050381,-0.004741559186086097,5.4166666667,5.498752046817106,0.007506375328693362,5.500000047039933,0.0011789541634284772,True,Solve_Succeeded,6,0.0417425639971043,0.04426985899772262,0.04476010899816174,True,4.7039932837833476e-08,
136.8,151.512,151.485,4.483333399999999,-109.3119326236705,17.928200670355707,-0.637857099274615,5.326885134205036,0.0039867042956203405,718.0436287408555,-0.012308705389098264,0.0010966913811599754,5.4166666667,5.500000047039933,0.0011789541634284772,5.4999808391495995,-0.00014376988309419293,True,Solve_Succeeded,4,0.028678861999651417,0.0313994329990237,0.031685779002145864,True,2.6278627274223254e-08,
136.9,151.612,151.587,4.483333399999999,-108.87500525638143,17.60447139258587,-0.637470716036725,5.336176366781974,0.004178256834022227,718.5874378278628,-0.011085613265250628,0.0033314321831263705,5.4166666667,5.4999808391495995,-0.00014376988309419293,5.499764933306315,-0.0008849010535743966,True,Solve_Succeeded,3,0.02346497400139924,0.026139804998820182,0.026609763997839764,True,1.1892151885461999e-07,
137.0,151.712,151.689,4.483333399999999,-108.43805130517339,17.281387103363986,-0.6380026007859123,5.292431346795353,-0.013497458128967682,719.13087057491,-0.00847303489786733,0.004077306402186842,5.4166666667,5.499764933306315,-0.0008849010535743966,5.50000001469184,0.004204391474983074,True,Solve_Succeeded,6,0.0408569159990293,0.04331520299456315,0.04359990699595073,True,1.469183974478483e-08,
137.1,151.812,151.791,4.483333399999999,-108.00179340321759,16.95706692416999,-0.6386632998621327,5.3341664035646525,0.009107872804306343,719.6744763455379,-0.0067353374653676785,0.004095421164617363,5.4166666667,5.50000001469184,0.004204391474983074,5.499999950406846,-0.0009624844285783194,True,Solve_Succeeded,6,0.04124372300429968,0.044042378998710774,0.0443956570015871,True,8.657556449520598e-09,
137.2,151.912,151.893,4.483333399999999,-107.56453810059853,16.63232727836229,-0.6397555820116403,5.343710569444017,-0.04981206306295553,720.2191264851664,-0.004529470081476986,0.0030817537884404445,5.4166666667,5.499999950406846,-0.0009624844285783194,5.499541557113441,0.019555278926357205,True,Solve_Succeeded,4,0.02897158700216096,0.031887656004983,0.03228233700065175,True,3.0284716956430202e-09,
137.3,152.012,151.995,4.483333399999999,-107.12834627108825,16.305699873876563,-0.6412155267226837,5.322587038173018,0.1175376465249053,720.7640541562669,-0.004593445409867159,0.0010975910276246337,5.4166666667,5.499541557113441,0.019555278926357205,5.4998426447852,-0.02054635847297961,True,Solve_Succeeded,5,0.03516567800397752,0.03818553699966287,0.03851490800298052,True,9.106546627890566e-10,
137.4,152.112,152.097,4.483333399999999,-106.69289613469967,15.981925774799313,-0.6381229130906079,5.328231619793355,0.018995848183919434,721.3066774537848,-0.0032645066051608046,0.003068661335327461,5.4166666667,5.4998426447852,-0.02054635847297961,5.499574877557435,0.00901233846437063,True,Solve_Succeeded,5,0.044255116998101585,0.04778246200294234,0.04834836100053508,True,2.294065382102417e-09,
137.5,152.212,152.199,4.483333399999999,-106.25542001261272,15.658721291470867,-0.6342377643744948,5.3369926663020735,0.03774385843991701,721.8505871010283,-0.0010404309595379295,0.005228875180898429,5.4166666667,5.499574877557435,0.00901233846437063,5.499982510600311,-0.002633844848417362,True,Solve_Succeeded,3,0.026119576003111433,0.029144567997718696,0.02946459100348875,True,1.9387201088960637e-07,
137.6,152.312,152.301,4.483333399999999,-105.81849031851233,15.337105974763542,-0.6339901686036846,5.329559624360746,-0.018569125767933303,722.3931181155217,0.0010340801269674267,0.0031564413729281426,5.4166666667,5.499982510600311,-0.002633844848417362,5.49967298290358,0.01999643827403667,True,Solve_Succeeded,4,0.031039865003549494,0.03346696000517113,0.033720601997629274,True,6.606800440067673e-09,
137.7,152.412,152.403,4.483333399999999,-105.38000705175823,15.015909301492245,-0.6301646507475378,5.331294550851959,0.02875479704992386,722.9366600787876,0.0029452234917445776,0.004056970534061399,5.4166666667,5.49967298290358,0.01999643827403667,5.499981283808705,0.008025965639573666,True,Solve_Succeeded,3,0.02193772299506236,0.024642212003527675,0.024878399999579415,True,1.5110645890104024e-07,
137.8,152.512,152.505,4.483333399999999,-104.94044292531217,14.694750445745568,-0.632263221407696,5.340780842999933,-0.016168263526603784,723.4810608659922,0.003771011655089608,-0.001573993828511755,5.4166666667,5.499981283808705,0.008025965639573666,5.499170775975443,0.03217436315079635,True,Solve_Succeeded,4,0.02926150399434846,0.03168093499698443,0.03199373899406055,True,7.510916333330897e-09,
137.9,152.612,152.607,4.483333399999999,-104.50244010677794,14.373664680722339,-0.6284749176545412,5.32206644051542,0.009718631048458125,724.0241543252725,0.0016533049516929956,-0.001910707124391342,5.4166666667,5.499170775975443,0.03217436315079635,5.4999999483609985,0.028422003881365746,True,Solve_Succeeded,6,0.05205482000019401,0.05462552899552975,0.054858711002452765,True,2.507599017320672e-08,
138.0,152.713,152.709,4.483333399999999,-104.06252508122651,14.054904703680608,-0.6243128223601003,5.329941384350573,0.0771266574515776,724.5674184541265,0.00013681277612081702,-0.0024754045027309823,5.4166666667,5.4999999483609985,0.028422003881365746,5.499999504509484,0.019529955086195358,True,Solve_Succeeded,5,0.03521456499584019,0.03767735099972924,0.038112245994852856,True,8.752562230540661e-09,
138.1,152.812,152.811,4.483333399999999,-103.61947163180666,13.73847527538943,-0.6162046858356258,5.331764120355203,0.08413934281250282,725.1118664151684,-0.00039439160696561943,0.00029356667746993637,5.4166666667,5.499999504509484,0.019529955086195358,5.4999994560626115,0.02102473249698137,True,Solve_Succeeded,5,0.0350032589994953,0.037478471000213176,0.03776525699504418,True,6.616203584997038e-09,
138.2,152.912,152.879,4.483333399999999,-103.32432144229888,13.530306075735316,-0.6102657251112371,5.312781697703999,0.07348002866881566,725.473041238959,-0.0002825527921086647,0.002358490341389574,5.4166666667,5.4999994560626115,0.02102473249698137,5.499989578540896,0.02093999428428437,True,Solve_Succeeded,4,0.032934965995082166,0.036912231997121125,0.03746529799536802,True,1.0116384174807536e-08,
138.3,153.012,152.981,4.483333399999999,-102.87804100215756,13.22059347330664,-0.6024278234105884,5.328065043810868,0.06931045025992309,726.0162632618916,0.0012564009104018509,0.0038716621589587326,5.4166666667,5.499989578540896,0.02093999428428437,5.499999539394934,0.020850437207341213,True,Solve_Succeeded,5,0.03685974900145084,0.040735285001574084,0.04098864700063132,True,6.2875408642602826e-09,
138.4,153.112,153.083,4.483333399999999,-102.42895124234485,12.913471185930222,-0.598326076625473,5.339243848280257,-0.004061429078964594,726.5603404318998,0.0029210567856249752,0.0010405351724209755,5.4166666667,5.499999539394934,0.020850437207341213,5.499987668220058,0.04431599868232388,True,Solve_Succeeded,5,0.041525777996866964,0.04605443799664499,0.046443958999589086,True,3.5952324672905434e-08,
138.5,153.213,153.185,4.483333399999999,-101.9805381897819,12.60725056388604,-0.5940270259504347,5.324075198062195,0.03233703114942636,727.1033497278265,0.0010221952832261596,-0.0021743288961481033,5.4166666667,5.499987668220058,0.04431599868232388,5.4999964242214965,0.039642425853783456,True,Solve_Succeeded,4,0.032586056004220154,0.03671077000035439,0.03711949799617287,True,7.553597747289587e-09,
138.6,153.312,153.287,4.483333399999999,-101.52934152501236,12.304292368850424,-0.5875014101025485,5.331487144240758,0.09627594490327228,727.6468209302614,-0.0008381545246302763,-0.00362337070968366,5.4166666667,5.4999964242214965,0.039642425853783456,5.499999937745527,0.031286035058058916,True,Solve_Succeeded,6,0.050930306999362074,0.05388781800138531,0.05435000199940987,True,8.374604121286211e-09,
138.7,153.412,153.389,4.483333399999999,-101.07414172250654,12.005064337456114,-0.5754606597046957,5.334655059343127,0.11702734944799835,728.191553147711,-0.001793404628762966,0.0001687801103892328,5.4166666667,5.499999937745527,0.031286035058058916,5.500000028356637,0.026455640995825244,True,Solve_Succeeded,6,0.05098712100152625,0.053983120997145306,0.054374286002712324,True,3.455684005615467e-08,
138.8,153.512,153.491,4.483333399999999,-100.6178476597569,11.712093412939398,-0.5640963580077712,5.32296584741572,0.09794212294815599,728.7337920215268,-0.0014461646390256252,0.00306735147028403,5.4166666667,5.500000028356637,0.026455640995825244,5.499998913824106,0.027674502677263183,True,Solve_Succeeded,5,0.037957786000333726,0.04122479799843859,0.04147402099624742,True,1.4266764658543707e-08,
138.9,153.612,153.593,4.483333399999999,-100.15759368443719,11.423940589799079,-0.555207298585567,5.326224368562298,0.07150828195158587,729.2768015377137,0.00042549972892525346,0.0032211932126290366,5.4166666667,5.499998913824106,0.027674502677263183,5.499990833631225,0.032067981303385465,True,Solve_Succeeded,5,0.03659730000072159,0.039257461998204235,0.039516292999906,True,1.2450092512494848e-08,
139.0,153.712,153.695,4.483333399999999,-99.69489857520641,11.137953344764824,-0.5517043064749289,5.277712005460774,0.04587716931750879,729.8207523457713,0.0006048935712502732,-0.002287085772906816,5.4166666667,5.499990833631225,0.032067981303385465,5.500000052369955,0.042828147669401684,True,Solve_Succeeded,7,0.05533134100551251,0.05861808699410176,0.05897429100150475,True,5.2369954595121726e-08,
139.1,153.812,153.797,4.483333399999999,-99.23114386297071,10.855543048479626,-0.5450386482002016,5.321283383003244,0.04664575848740395,730.3637300834938,-0.0005761220279903053,-0.004879570652112752,5.4166666667,5.500000052369955,0.042828147669401684,5.499988227099491,0.04877105587596035,True,Solve_Succeeded,4,0.03145867299463134,0.03407515899743885,0.03437471100187395,True,1.2601540255730015e-08,
139.2,153.912,153.899,4.483333399999999,-98.76570633115608,10.575705526573474,-0.5367021046426524,5.327882077228799,0.10992854444638644,730.9067866361861,-0.003784953160261646,-0.006067810241936145,5.4166666667,5.499988227099491,0.04877105587596035,5.4999913481852865,0.03933706574955437,True,Solve_Succeeded,5,0.03721471399330767,0.0404904440001701,0.0407752570026787,True,2.5232973044353457e-08,
139.3,154.012,154.001,4.483333399999999,-98.29654432113101,10.30037201938864,-0.5237215792397698,5.330934827202354,0.1483159990441897,731.4507184454335,-0.006478200216986255,-0.0028957625593257763,5.4166666667,5.4999913481852865,0.03933706574955437,5.499999927819942,0.03265763812030689,True,Solve_Succeeded,6,0.05926166599965654,0.06341304799570935,0.06388490099925548,True,9.735305006586259e-09,
139.4,154.112,154.103,4.483333399999999,-97.82620875349949,10.032038330974382,-0.508959303145074,5.326502924302404,0.15412445651170412,731.9921432340606,-0.007899808444566366,0.0018343022166721346,5.4166666667,5.499999927819942,0.03265763812030689,5.499998025869254,0.027416999225650364,True,Maximum_CpuTime_Exceeded,5,0.06231695900351042,0.06588594800268766,0.06630003199825296,True,4.743611725643859e-09,
139.5,154.212,154.205,4.483333399999999,-97.34932315961021,9.770115004934237,-0.4966954857620613,5.341164499114555,0.0702955364772046,732.5361509226738,-0.0060592569665927345,0.003745725212154938,5.4166666667,5.499998025869254,0.027416999225650364,5.499999770912788,0.044976483026034346,True,Solve_Succeeded,6,0.05197362000035355,0.05513435399916489,0.05574565300048562,True,1.7222297310492962e-08,
139.6,154.312,154.307,4.483333399999999,-96.86866935749723,9.511895734705574,-0.49028898972061336,5.396959782271269,0.11961312861871305,733.0817176758545,-0.004884544180375651,-0.0005058790507266875,5.4166666667,5.499999770912788,0.044976483026034346,5.498951180740432,0.032863213726468866,True,Solve_Succeeded,3,0.02943468900048174,0.03329292700072983,0.03363141600129893,True,1.2869464605103076e-08,
139.7,154.412,154.409,4.483333399999999,-96.38826566102541,9.25801466486643,-0.4831430317463914,5.32636847467737,0.042384674460029956,733.6250238623555,-0.005865768696221046,-0.004250216767482052,5.4166666667,5.498951180740432,0.032863213726468866,5.499999899561127,0.06047587194796821,True,Solve_Succeeded,5,0.04473366699676262,0.0478787129977718,0.048371062002843246,True,4.497328037755821e-09,
139.8,154.512,154.511,4.483333399999999,-95.90649966994305,9.006716817651043,-0.47783577859561555,5.328822398523201,0.07400628736889464,734.168291597254,-0.009919041873927524,-0.010109597645392876,5.4166666667,5.499999899561127,0.06047587194796821,5.49999981309223,0.05850880278704331,True,Solve_Succeeded,6,0.0515572010044707,0.054246810999757145,0.05463213300390635,True,3.4443886853807726e-08,
139.9,154.612,154.579,4.483333399999999,-95.58403382246506,8.840698400716738,-0.47214296203514655,5.326724117876903,0.12430698749386934,734.5308701935086,-0.014095904258044339,-0.012024133978369156,5.4166666667,5.49999981309223,0.05850880278704331,5.499999924739979,0.05578148325250816,True,Solve_Succeeded,6,0.041421036003157496,0.04400203200202668,0.0444561620024615,True,1.4508883817467011e-08,
140.0,154.713,154.681,4.483333399999999,-95.10017688517026,8.597914530397539,-0.45633800603882996,5.323989613543649,0.16419129893258852,735.071996725255,-0.019894433354128736,-0.007803570649636382,5.4166666667,5.499999924739979,0.05578148325250816,5.4999996031656115,0.04470965575415375,True,Solve_Succeeded,6,0.047076092996576335,0.05093734399997629,0.05212019899772713,True,8.421091985365281e-08,
140.1,154.812,154.783,4.483333399999999,-94.61014858879996,8.36200014201043,-0.44130135021795697,5.3396624614493,0.1443253264548287,735.615592679524,-0.023202191371228652,-0.00468288632312136,5.4166666667,5.4999996031656115,0.04470965575415375,5.499999938119075,0.045948955365056256,True,Solve_Succeeded,6,0.049340612000378314,0.05226102800224908,0.052571943000657484,True,7.802850504785852e-08,
140.2,154.912,154.885,4.483333399999999,-94.11586014330955,8.132442686722353,-0.42713076794876326,5.380923360102724,0.17019623914011808,736.1602866915387,-0.025517902552566307,-0.0027323797506690894,5.4166666667,5.499999938119075,0.045948955365056256,5.500000044712667,0.03005439715403958,True,Solve_Succeeded,6,0.04874081500020111,0.05160292699292768,0.05207044100097846,True,4.471266734640267e-08,
140.3,155.012,154.987,4.483333399999999,-93.61812200553018,7.911019944219844,-0.40943409175352663,5.334134850871899,0.1219708397088841,736.7047528303351,-0.025623346205914208,0.0030663630346312587,5.4166666667,5.500000044712667,0.03005439715403958,5.499999920777097,0.033266887896309646,True,Solve_Succeeded,6,0.050230097003804985,0.05380521399638383,0.05414565799583215,True,3.937370247550365e-09,
140.4,155.112,155.089,4.483333399999999,-93.11738907899773,7.697029482257185,-0.3989251160535041,5.343589055890945,0.08739131656672254,737.249021362044,-0.023958081675913005,0.0025641086265066892,5.4166666667,5.499999920777097,0.033266887896309646,5.499999914599944,0.032649554207179805,True,Solve_Succeeded,6,0.045088179998856504,0.0475819519997458,0.04781084600108443,True,1.6189362739282842e-08,
140.5,155.212,155.191,4.483333399999999,-92.61375399798766,7.487364652817128,-0.3896924293764294,5.348683117495949,0.09695815874698209,737.7943190012767,-0.022942842618672472,0.0016505576104844377,5.4166666667,5.499999914599944,0.032649554207179805,5.4999998784881905,0.024983490739500187,True,Solve_Succeeded,5,0.03867366699705599,0.042520433002209757,0.043253211995761376,True,3.2756891357385576e-09,
140.6,155.312,155.293,4.483333399999999,-92.10936221788818,7.283649879378393,-0.3806273091939374,5.3468279969611725,0.08415877723739583,738.3380906505012,-0.021417767939123436,0.0014804739233789108,5.4166666667,5.4999998784881905,0.024983490739500187,5.4999704030750705,0.024975296299102254,True,Solve_Succeeded,4,0.03191302799677942,0.03442972700577229,0.034770640995702706,True,2.9210442953342408e-08,
140.7,155.412,155.395,4.483333399999999,-91.60157757705964,7.082841779561663,-0.3728011716942796,5.359419528139793,0.06845973052532808,738.8839636883441,-0.020732265880278284,0.0009209490269417309,5.4166666667,5.4999704030750705,0.024975296299102254,5.499986952082209,0.02400681577253622,True,Solve_Succeeded,3,0.027945190005993936,0.030841875995974988,0.031090716998733114,True,6.804672736393513e-08,
140.8,155.512,155.497,4.483333399999999,-91.09128297732589,6.884478798062813,-0.36614455932309975,5.380432631471116,0.09454276695602373,739.4313000164593,-0.021202255753244786,5.797693051545761e-05,5.4166666667,5.499986952082209,0.02400681577253622,5.498825322562032,0.013558517537083868,True,Solve_Succeeded,2,0.019274307996965945,0.021862887995666824,0.022091329003160354,True,1.0213431860250921e-06,
140.9,155.612,155.599,4.483333399999999,-90.58129422477518,6.691728492539462,-0.35694343196531864,5.356366035648725,0.06823340557852138,739.9763612526929,-0.020399962076521165,0.002652705440586489,5.4166666667,5.498825322562032,0.013558517537083868,5.500000047705298,0.015674939758494502,True,Solve_Succeeded,6,0.056088150005962234,0.058762972003023606,0.05906475799565669,True,4.7981977502331574e-08,
141.0,155.712,155.701,4.483333399999999,-90.068084644374,6.5025496822933215,-0.3496585635998133,5.368555765612544,0.06224857661721989,740.5232136114872,-0.018493816398848242,0.004191560716080289,5.4166666667,5.500000047705298,0.015674939758494502,5.499994554999945,0.009456339078013893,True,Solve_Succeeded,2,0.02311149800516432,0.027997773002425674,0.028842744999565184,True,2.8027974376954035e-06,
141.1,155.812,155.803,4.483333399999999,-89.55331937035824,6.316134594818866,-0.34534127986697205,5.341140504485685,0.044463503619807304,741.0706045470378,-0.016360386639571445,0.003639863366121987,5.4166666667,5.499994554999945,0.009456339078013893,5.500000053137871,0.011227318337307531,True,Solve_Succeeded,7,0.04915879100008169,0.05174276300385827,0.05221267199522117,True,5.3137870992259195e-08,
141.2,155.912,155.905,4.483333399999999,-89.0381037903949,6.133104395385089,-0.34304482042411827,5.368125824766791,0.010076662180085062,741.6172976923613,-0.013313607741025212,0.0019532334322974187,5.4166666667,5.500000053137871,0.011227318337307531,5.499960428164735,0.01846872771224715,True,Solve_Succeeded,2,0.02191840100567788,0.026372606997028925,0.026693453000916634,True,5.122677366742323e-07,
141.3,156.012,156.007,4.483333399999999,-88.521830027058,5.948769089650213,-0.3432157935933591,5.379721829125523,-0.01398479904499308,742.1654480804308,-0.013125121067066049,-0.0016337217249466904,5.4166666667,5.499960428164735,0.01846872771224715,5.4975771400988425,0.02690392119119382,True,Solve_Succeeded,2,0.016968616997473873,0.018978387000970542,0.01925392199336784,True,3.4359587995635987e-07,
141.4,156.112,156.109,4.483333399999999,-88.00477841852644,5.76372112366331,-0.34192627779176643,5.351673667248396,0.09604181913331611,742.7145635235074,-0.015219840998870665,-0.0037651346362364,5.4166666667,5.4975771400988425,0.02690392119119382,5.499754906554046,0.0031894252890291444,True,Solve_Succeeded,4,0.034054964999086224,0.03681239399884362,0.037089141995238606,True,1.8561454595555915e-09,
141.5,156.212,156.211,4.483333399999999,-87.4891770578452,5.583092699185787,-0.33329654900696554,5.36998380260742,0.047792880416633834,743.2608366021284,-0.015498873580983447,0.001448662747901286,5.4166666667,5.499754906554046,0.0031894252890291444,5.4999940784197685,0.016086205568090647,True,Solve_Succeeded,3,0.03321050300291972,0.0369658170020557,0.03766870699473657,True,2.2906551322421365e-08,
141.6,156.312,156.279,4.483333399999999,-87.14367602494382,5.464157701032152,-0.3297864481789783,5.3771332130221525,0.04941146880469303,743.6262003408307,-0.014743846202795372,0.002667041149540861,5.4166666667,5.4999940784197685,0.016086205568090647,5.49872915447755,0.007949153129743864,True,Solve_Succeeded,3,0.0417172399975243,0.046526479003659915,0.046907212999940384,True,1.742789024206104e-08,
141.7,156.412,156.381,4.483333399999999,-86.62442852807187,5.287327586650953,-0.3264538928332003,5.327514850865232,0.01966397689183302,744.174681928819,-0.013374152018584915,0.0025487216639679677,5.4166666667,5.49872915447755,0.007949153129743864,5.5000000454084645,0.016402592624090977,True,Solve_Succeeded,6,0.05714116199669661,0.061678927995671984,0.06198136600141879,True,4.5544211957349034e-08,
141.8,156.512,156.483,4.483333399999999,-86.10550371961699,5.113641561359872,-0.32396660836042196,5.377966025307397,0.016609045827056412,744.7218550659967,-0.011025091279905513,0.0015807938456436355,5.4166666667,5.5000000454084645,0.016402592624090977,5.496626484020652,0.016278514668311223,True,Solve_Succeeded,2,0.025738272997841705,0.03135567499703029,0.03209476699703373,True,1.7307904176533384e-07,
141.9,156.612,156.585,4.483333399999999,-85.58476642549593,4.9391290464005575,-0.3228095010983005,5.391744260167768,0.001133380492247021,745.2710185321827,-0.010780503644412314,-0.000742436529585111,5.4166666667,5.496626484020652,0.016278514668311223,5.489459474344849,0.02432171701669582,True,Solve_Succeeded,2,0.026348831001087092,0.029844951997802127,0.030482663998554926,True,1.0810377375491953e-06,
142.0,156.712,156.687,4.483333399999999,-85.06269852886125,4.7638541737794755,-0.3221636110855402,5.367535640094998,0.08422971205348122,745.8216791957922,-0.012757995174953046,-0.003598934897358463,5.4166666667,5.489459474344849,0.02432171701669582,5.495854159244423,0.005221986829872239,True,Solve_Succeeded,4,0.04652539800008526,0.050117803999455646,0.050481353006034624,True,1.8190018380437323e-09,
142.1,156.812,156.789,4.483333399999999,-84.5429341299471,4.593006383055759,-0.314509968315437,5.378933541578087,0.03210666790510061,746.3687574253835,-0.013172281623549336,0.0005627191236839968,5.4166666667,5.495854159244423,0.005221986829872239,5.4951950277852095,0.01985908690759383,True,Solve_Succeeded,3,0.035924289004469756,0.039480041996284854,0.04016656000021612,True,2.9005605917120647e-08,
142.2,156.912,156.891,4.483333399999999,-84.02036375863749,4.424359239189321,-0.30969607636143576,5.388018593134264,0.045178317083948656,746.9178219974027,-0.012545598306196084,0.001859604305433138,5.4166666667,5.4951950277852095,0.01985908690759383,5.490804946979971,0.009941822155239657,True,Solve_Succeeded,3,0.03391855499648955,0.037671959995350335,0.0382817010031431,True,7.272049629136745e-09,
142.3,157.012,156.993,4.483333399999999,-83.49760624668774,4.258754306354955,-0.3066168450466874,5.3762210981928,0.05647493226223356,747.4661400612277,-0.010897750962487364,0.0014143499765481016,5.4166666667,5.490804946979971,0.009941822155239657,5.491252851831915,0.008387296413365988,True,Solve_Succeeded,2,0.024819446000037715,0.03003344000171637,0.03065521499956958,True,2.925226914030077e-07,
142.4,157.112,157.095,4.483333399999999,-82.97428552706619,4.093864520263204,-0.30325897715824135,5.381130105563663,0.03626587066540231,748.0147856554244,-0.01033484185312941,0.0012334420106318023,5.4166666667,5.491252851831915,0.008387296413365988,5.489566748470253,0.013228426168388504,True,Solve_Succeeded,2,0.019475425004202407,0.02219993200560566,0.022589542000787333,True,5.589106484293893e-07,
142.5,157.213,157.197,4.483333399999999,-82.44984734709259,3.9304477195825527,-0.3017004876563844,5.388310229378833,-0.02262021990126633,748.5640587917239,-0.009978898941494244,-0.0007630205231378694,5.4166666667,5.489566748470253,0.013228426168388504,5.4876655317581315,0.02887336618600826,True,Solve_Succeeded,3,0.030347583000548184,0.03356511799938744,0.03403433600033168,True,7.572078075668287e-09,
142.6,157.312,157.299,4.483333399999999,-81.92580051220153,3.7665370536598783,-0.2994214328294645,5.364445216909445,0.13622069812112664,749.1130979268404,-0.012165886815520662,-0.0020494475158022163,5.4166666667,5.4876655317581315,0.02887336618600826,5.49573192345641,-0.009978407667620391,True,Solve_Succeeded,5,0.03944878100446658,0.042868561002251226,0.04339372999675106,True,3.844349816262138e-08,
142.7,157.412,157.401,4.483333399999999,-81.40312362354614,3.6069968117033766,-0.2937846886243813,5.365076593845624,0.03694418907985071,749.6595376367397,-0.012527414058180466,2.682449015783961e-05,5.4166666667,5.49573192345641,-0.009978407667620391,5.499217087046382,0.016930975167933605,True,Solve_Succeeded,6,0.051807584000926,0.05725314000301296,0.05770553500042297,True,4.401027187128648e-08,
142.8,157.512,157.503,4.483333399999999,-80.87849120006508,3.4492042593886083,-0.2903696040735565,5.396455964373027,-0.002039477505265028,750.2073411407014,-0.012603650668618132,-0.00013924900615946978,5.4166666667,5.499217087046382,0.016930975167933605,5.4915987543897895,0.020570298494153715,True,Solve_Succeeded,2,0.018639907000761013,0.021640847000526264,0.021950700000161305,True,1.1736249269089782e-06,
142.9,157.612,157.605,4.483333399999999,-80.35503371256519,3.2945364978536777,-0.28830542499471346,5.3686118312279545,0.02553128774701203,750.7531265880438,-0.011979920584811267,-0.0016546949451328175,5.4166666667,5.4915987543897895,0.020570298494153715,5.495429014454417,0.01750968251662425,True,Solve_Succeeded,2,0.021534261002670974,0.02388887900451664,0.024449111995636486,True,7.68687700158921e-08,
143.0,157.712,157.707,4.483333399999999,-79.82989355928989,3.1401184174620087,-0.283854812908512,5.370650866193365,0.03715381173066377,751.3004551893046,-0.012603510654517022,-0.0008054241223752756,5.4166666667,5.495429014454417,0.01750968251662425,5.497137549272693,0.017833104811779903,True,Solve_Succeeded,2,0.020007747996714897,0.02333078100491548,0.02375421900069341,True,1.294536744467223e-07,
143.1,157.812,157.809,4.483333399999999,-79.30224818988565,2.986881950030159,-0.2815197670279892,5.424877997826331,0.022860026191347308,751.8498539718506,-0.01337476704390766,-0.0020969229989906695,5.4166666667,5.497137549272693,0.017833104811779903,5.477146585495471,0.023404896205275527,True,Solve_Succeeded,2,0.018998389998159837,0.0210622919985326,0.021420656004920602,True,1.1267500008571574e-06,
143.2,157.912,157.911,4.483333399999999,-78.77748999686926,2.8366756057569855,-0.2724998284758649,5.35520152119191,0.06562950443756582,752.3956368946124,-0.014012355474569305,0.0033089465330810586,5.4166666667,5.477146585495471,0.023404896205275527,5.488911121410143,0.0072103666617588736,True,Solve_Succeeded,3,0.025927016999048647,0.028464455994253512,0.028751033001753967,True,1.6585106621391787e-09,
143.3,158.012,157.979,4.483333399999999,-78.42628878792827,2.739072282436476,-0.2697070682898109,5.363318268249072,0.03963106420094446,752.7601139525461,-0.012726696090770264,0.0036819359189370075,5.4166666667,5.488911121410143,0.0072103666617588736,5.4944779191126045,0.013899734669563521,True,Solve_Succeeded,3,0.032525795002584346,0.03626813000300899,0.03663817099732114,True,1.9414700958009234e-08,
143.4,158.112,158.081,4.483333399999999,-77.89804257250267,2.594515326134336,-0.26381973926849644,5.410663424540258,0.031913622747534724,753.307735374947,-0.010288187716148683,0.005924224500355013,5.4166666667,5.4944779191126045,0.013899734669563521,5.478815074086291,0.009710391016801689,True,Solve_Succeeded,2,0.024643705000926275,0.0298587050056085,0.03055982699879678,True,1.8879047347653e-06,
143.5,158.212,158.183,4.483333399999999,-77.37048975723596,2.45395030061941,-0.2613452611253035,5.366852316851349,0.013166979164303035,753.8536485417997,-0.006179930591485183,0.004753925552867744,5.4166666667,5.478815074086291,0.009710391016801689,5.484604616293982,0.014349955899216407,True,Solve_Succeeded,2,0.025600720997317694,0.029607151001982857,0.02996462800365407,True,3.2043356629207764e-07,
143.6,158.312,158.285,4.483333399999999,-76.8417425963076,2.3133965911422365,-0.25845520207062517,5.366891253297266,0.023682219827208008,754.400734837908,-0.003743798030249525,0.00398035598919716,5.4166666667,5.484604616293982,0.014349955899216407,5.488947984053847,0.010774094289973194,True,Solve_Succeeded,2,0.021749522995378356,0.024098980997223407,0.024501166997652035,True,1.1904272945173489e-07,
143.7,158.412,158.387,4.483333399999999,-76.31098337507807,2.173185622724347,-0.2588578867954964,5.425625996208434,-0.0182825526323101,754.949688940692,-0.0024689084960338565,-0.00010944333837048514,5.4166666667,5.488947984053847,0.010774094289973194,5.470721396674714,0.02741101047060048,True,Solve_Succeeded,3,0.026446949996170588,0.028967891994398087,0.029227234997961204,True,3.960259134516697e-09,
143.8,158.512,158.489,4.483333399999999,-75.78359031853739,2.0340993611451696,-0.2542512411375638,5.338691939127301,0.03252316776065065,755.4951039840863,-0.00298210346408392,0.0008230787602129253,5.4166666667,5.470721396674714,0.02741101047060048,5.487017766796406,0.0128222861857355,True,Solve_Succeeded,5,0.03561857400200097,0.03763075399911031,0.038003952002327424,True,4.332173553223129e-08,
143.9,158.612,158.591,4.483333399999999,-75.2551548058106,1.897061257941117,-0.2524876791419352,5.355606620557616,0.050260705711697294,756.0410080288392,-0.003259045352977337,-0.0011014226515195236,5.4166666667,5.487017766796406,0.0128222861857355,5.494524026600785,0.014487523210543673,True,Solve_Succeeded,2,0.021435137001390103,0.023370285001874436,0.02363870599947404,True,1.4226437894393484e-07,
144.0,158.712,158.693,4.483333399999999,-74.72519704630261,1.7621362135421184,-0.24622063040108133,5.357943636749085,0.052562893531072866,756.5878602686971,-0.003130449937812205,0.0014605944921054492,5.4166666667,5.494524026600785,0.014487523210543673,5.498655634545398,0.011577563465356683,True,Solve_Succeeded,2,0.019301125001220498,0.022104566000052728,0.02244878700003028,True,1.073557607256248e-07,
144.1,158.812,158.795,4.483333399999999,-74.19691766989376,1.6310080375881444,-0.24156129790887684,5.352358297137655,0.07469191805375361,757.1321601005235,-0.001751859095167466,0.0024218085406381984,5.4166666667,5.498655634545398,0.011577563465356683,5.4999965893020715,0.004091300200282578,True,Solve_Succeeded,3,0.02417834800144192,0.026525852001213934,0.026833695999812335,True,2.6356051563425353e-08,
144.2,158.912,158.897,4.483333399999999,-73.66584332712911,1.5018733140315887,-0.23613945696745126,5.364122800584328,0.01968117131807867,757.678702961171,0.0002016702639826422,0.004039042610992916,5.4166666667,5.4999965893020715,0.004091300200282578,5.499978495323018,0.01794300900697188,True,Solve_Succeeded,3,0.03593516100227134,0.039888008002890274,0.04045709400088526,True,1.6344551490021786e-08,
144.3,159.012,158.999,4.483333399999999,-73.13315356169693,1.373034118847342,-0.23713392364344546,5.3262931308719255,-0.0025651039456258433,758.2267541437865,0.0006588727719457902,-0.0010820653824478443,5.4166666667,5.499978495323018,0.01794300900697188,5.500000015026074,0.02538927853791131,True,Solve_Succeeded,6,0.05488113199680811,0.05809984499501297,0.05836096200073371,True,1.5026073718615862e-08,
144.4,159.112,159.101,4.483333399999999,-72.60333962533963,1.247308277889391,-0.2302612128884895,5.347183199946243,0.029685678056800262,758.7712854854326,0.0011355617233851484,0.0013687341908613093,5.4166666667,5.500000015026074,0.02538927853791131,5.499983031952067,0.019479593792638545,True,Solve_Succeeded,3,0.03711221300181933,0.04147978700348176,0.041923279997718055,True,5.8700727834093414e-08,
144.5,159.212,159.203,4.483333399999999,-72.07168762408926,1.1235685451312045,-0.22646470447143302,5.356118487386933,0.06933032577394911,759.3171541356359,0.0014655720701204824,0.0004097480764337358,5.4166666667,5.499983031952067,0.019479593792638545,5.499997324899465,0.014541257567115905,True,Solve_Succeeded,3,0.03477290099544916,0.03948652999679325,0.04026965800585458,True,4.1450718413216237e-08,
144.6,159.312,159.305,4.483333399999999,-71.54021884587925,1.0030067666593185,-0.21982315097376937,5.3556892842544,0.07577703904661039,759.8621352460377,0.0021711723639272736,0.0019803305831582736,5.4166666667,5.499997324899465,0.014541257567115905,5.499987912973867,0.013531516876282833,True,Solve_Succeeded,3,0.04176015200209804,0.0465832589979982,0.047177874999761116,True,5.7027582656132836e-08,
144.7,159.412,159.407,4.483333399999999,-71.00709064605435,0.8859406287275713,-0.21247001785817474,5.353266580987217,0.08025114157237233,760.4079794429852,0.003795460915759638,0.00392981854360111,5.4166666667,5.499987912973867,0.013531516876282833,5.499984703173913,0.009885138683213095,True,Solve_Succeeded,3,0.039840409997850657,0.04272034700261429,0.04318606699962402,True,5.4427250262278903e-08,
144.8,159.512,159.509,4.483333399999999,-70.47239496510828,0.7722388174390434,-0.20776518243990058,5.363270412732481,0.0004992973592937596,760.9546551455682,0.005999102894053737,0.0028961744549091117,5.4166666667,5.499984703173913,0.009885138683213095,5.499189861864839,0.03100022331852468,True,Solve_Succeeded,3,0.034911729002487846,0.03874077199725434,0.03909680699871387,True,4.7940806879864795e-09,
144.9,159.612,159.611,4.483333399999999,-69.9374015587606,0.6591610787092042,-0.20578520496446798,5.344090906371534,0.10035456967721315,761.5015042528179,0.005647753626328394,-0.0011921161685195805,5.4166666667,5.499189861864839,0.03100022331852468,5.50000004904115,0.008552751544587699,True,Solve_Succeeded,6,0.059783292999782134,0.0627339109996683,0.06319164599699434,True,4.904114980774921e-08,
145.0,159.712,159.679,4.483333399999999,-69.58218516835274,0.5857794695985122,-0.20201652273821535,5.34298286537445,0.025078984662910173,761.8642439677152,0.005206946292871259,-0.0016300953919410333,5.4166666667,5.50000004904115,0.008552751544587699,5.499986206651658,0.03709303312083474,True,Solve_Succeeded,5,0.04260280800372129,0.04561227099475218,0.046062451001489535,True,5.249935242090942e-08,
145.1,159.812,159.781,4.483333399999999,-69.047643902383,0.47752982190840326,-0.19687564841608884,5.351685164577203,0.05873816857714218,762.4096643700999,0.0037384062526029695,-0.0030874162413675466,5.4166666667,5.499986206651658,0.03709303312083474,5.499971795097779,0.027369136628040223,True,Solve_Succeeded,4,0.03286589799972717,0.036402327998075634,0.036769484999240376,True,2.926063835673176e-08,
145.2,159.912,159.883,4.483333399999999,-68.51342140163331,0.37194666140668675,-0.1920385456336636,5.33623523838907,0.06787708035625692,762.9542322969126,0.0011427334234457645,-0.005166052303577778,5.4166666667,5.499971795097779,0.027369136628040223,5.499975787967919,0.03383364752030789,True,Solve_Succeeded,3,0.02608817000145791,0.028762961002939846,0.02905791500234045,True,2.9526415001868145e-07,
145.3,160.012,159.985,4.483333399999999,-67.97761333174167,0.2698450858283087,-0.18451957235481115,5.350734489411698,0.08134549422460392,763.4996742381196,-0.0015991130416093855,-0.004902996604304988,5.4166666667,5.499975787967919,0.03383364752030789,5.4999889181776185,0.03285477697223081,True,Solve_Succeeded,3,0.03312525599903893,0.03588222599501023,0.036209593003150076,True,4.4258212206216285e-07,
145.4,160.112,160.087,4.483333399999999,-67.44012196329953,0.17139947621534773,-0.1786132165740917,5.362806813378056,0.02909475127664398,764.0460771372938,-0.004498088876020538,-0.0065960961647080485,5.4166666667,5.4999889181776185,0.03285477697223081,5.49996644826107,0.05173347976398733,True,Solve_Succeeded,4,0.03736834099981934,0.04071139799634693,0.041260723999585025,True,6.766326746121543e-08,
145.5,160.213,160.189,4.483333399999999,-66.90196814353294,0.07533937955713936,-0.1713337531071305,5.32285088454003,0.194274783505099,764.5926640776637,-0.00917803130104986,-0.00725021096951417,5.4166666667,5.49996644826107,0.05173347976398733,5.499999553903578,0.010350495155822887,True,Solve_Succeeded,5,0.04240280300291488,0.04495218599913642,0.04536739700415637,True,2.987883807037406e-08,
145.6,160.312,160.291,4.483333399999999,-66.36512811100286,-0.01399545712218006,-0.15903328834051095,5.345869521726605,0.11494904899886069,765.1367948334585,-0.011844965625024132,-0.0031771790444791725,5.4166666667,5.499999553903578,0.010350495155822887,5.498964245293666,0.032971430605470954,True,Solve_Succeeded,3,0.028068022002116777,0.030553192002116702,0.030882113002007827,True,8.97924897880209e-07,
145.7,160.412,160.393,4.483333399999999,-65.82563263863696,-0.0966627846236949,-0.14535154602234276,5.357190264285713,0.1186389474587207,765.6824860426022,-0.01209333103939414,0.001923510008931567,5.4166666667,5.498964245293666,0.032971430605470954,5.499996637371452,0.020738754979009417,True,Solve_Succeeded,5,0.0378871050052112,0.04066091700224206,0.04091524099931121,True,1.0372487295722682e-08,
145.8,160.512,160.495,4.483333399999999,-65.28627457490143,-0.1724210873743249,-0.13554402089142054,5.350325561239636,0.07091898020390354,766.2270379593049,-0.010290981169474212,0.0028388998814365407,5.4166666667,5.499996637371452,0.020738754979009417,5.499996239559935,0.03346199478162329,True,Solve_Succeeded,5,0.0375478599962662,0.03970932099764468,0.0399343349999981,True,1.3203721671573021e-08,
145.9,160.612,160.597,4.483333399999999,-64.74513359331873,-0.24341667790085017,-0.12553010337874473,5.353572761192311,0.08701252393367377,766.772728695334,-0.00846721115738099,0.0036342652940438425,5.4166666667,5.499996239559935,0.03346199478162329,5.500000047978066,0.024921034739239244,True,Solve_Succeeded,6,0.0572259410037077,0.060785351000959054,0.061124813997594174,True,4.7978065964571215e-08,
146.0,160.712,160.699,4.483333399999999,-64.20221197466144,-0.3105021359529547,-0.12102152352021996,5.4453069357525035,0.046285401688253514,767.3197064972851,-0.007589754891467949,-0.0010736423793789723,5.4166666667,5.500000047978066,0.024921034739239244,5.47911401926433,0.04234158261362683,True,Solve_Succeeded,3,0.033851633001177106,0.03762165100488346,0.03796049099764787,True,4.035956402415053e-09,
146.1,160.812,160.801,4.483333399999999,-63.66034224942852,-0.3742558699989861,-0.11005063794633765,5.288413519568076,0.14822875173183586,767.8652419371323,-0.008521388004426759,0.0008427124750976789,5.4166666667,5.47911401926433,0.04234158261362683,5.497305186200361,0.011572906072072611,True,Solve_Succeeded,6,0.05637670600117417,0.060519575999933295,0.06097133000002941,True,5.313916501270555e-09,
146.2,160.912,160.903,4.483333399999999,-63.11906166271744,-0.4319026251115683,-0.10014388465939997,5.345148742301254,0.1293876414173427,768.4095103233976,-0.00834020870706099,0.0018526608203571493,5.4166666667,5.497305186200361,0.011572906072072611,5.499629618242742,0.019221412652412603,True,Solve_Succeeded,4,0.041592954003135674,0.045080399002472404,0.045780223998008296,True,2.5606547993106687e-09,
146.3,161.012,161.005,4.483333399999999,-62.57534829620082,-0.4830753952696613,-0.08828206353034115,5.359928616785663,0.08565667921303115,768.9555600800766,-0.006292349705106252,0.004925353443151065,5.4166666667,5.499629618242742,0.019221412652412603,5.49998913371022,0.02231957669642992,True,Solve_Succeeded,3,0.03458810900337994,0.03934933800337603,0.03994886399595998,True,5.3320052373351245e-08,
146.4,161.112,161.107,4.483333399999999,-62.03307869876211,-0.5288930015590391,-0.08116667395806877,5.349215129463695,0.059488400627423325,769.4997142792538,-0.0037930148116487187,0.003417915062182461,5.4166666667,5.49998913371022,0.02231957669642992,5.499998572190962,0.026225987174257108,True,Solve_Succeeded,3,0.04387409299670253,0.04745994599943515,0.04786783799499972,True,7.747727170936969e-08,
146.5,161.212,161.209,4.483333399999999,-61.4884797859678,-0.5717199630470065,-0.07608050776123419,5.361438742145134,0.04244837363082592,770.0459672057594,-0.002790496000726991,-1.6281326167807975e-05,5.4166666667,5.499998572190962,0.026225987174257108,5.49999226725117,0.03310430589269367,True,Solve_Succeeded,4,0.044168865999381524,0.047688111997558735,0.04823863699857611,True,1.115185899180915e-08,
146.6,161.312,161.311,4.483333399999999,-60.94097354657523,-0.6124144449274215,-0.07177150769662652,5.366849012745103,0.04806064853562981,770.5949548702097,-0.004081267504891849,-0.004134007751018992,5.4166666667,5.49999226725117,0.03310430589269367,5.499779517469656,0.036785493402251866,True,Solve_Succeeded,3,0.03265557300619548,0.03565714500291506,0.03595810000115307,True,6.488179327135413e-08,
146.7,161.412,161.379,4.483333399999999,-60.57883732302373,-0.6372643000230298,-0.0639828747076938,5.353586498915713,0.13378940521944066,770.9579147080171,-0.00539838573817259,-0.0018420120722104497,5.4166666667,5.499779517469656,0.036785493402251866,5.499999876885252,0.014443973222811,True,Solve_Succeeded,5,0.05165939300059108,0.05536177899921313,0.055858037994767074,True,1.1203005634286e-08,
146.8,161.512,161.481,4.483333399999999,-60.03465181923107,-0.6700649566496697,-0.05512146916346417,5.357346683210321,0.10690264677204792,771.5030393724661,-0.006567416901364568,-0.0011249363445208285,5.4166666667,5.499999876885252,0.014443973222811,5.498789480126607,0.02352142936457926,True,Solve_Succeeded,3,0.03610151199973188,0.04271307599992724,0.043527061003260314,True,1.2176712971267989e-08,
146.9,161.612,161.583,4.483333399999999,-59.487944923225626,-0.6974663319482228,-0.045043576147407255,5.399042927635155,0.04674887541443367,772.0503809074801,-0.006630652378616341,0.0009087693597096548,5.4166666667,5.498789480126607,0.02352142936457926,5.4952572652189815,0.033559304734130886,True,Solve_Succeeded,2,0.022478726001281757,0.028515195997897536,0.0289130630044383,True,3.4827527850556095e-07,
147.0,161.712,161.685,4.483333399999999,-58.94274110073715,-0.7202459046023754,-0.03957215170514628,5.358589490061359,0.05230159710835648,772.5960100174933,-0.006499469382394777,-0.0015068909619365758,5.4166666667,5.4952572652189815,0.033559304734130886,5.499175366077026,0.031698991429673536,True,Solve_Succeeded,2,0.02521351500035962,0.030126097997708712,0.030898680997779593,True,1.8427933490272608e-07,
147.1,161.812,161.787,4.483333399999999,-58.39595891343192,-0.7405140965176029,-0.034774130010654956,5.369177737674865,0.04417108047781636,773.1431101520335,-0.008078230102071654,-0.004485987403476797,5.4166666667,5.499175366077026,0.031698991429673536,5.499899840840749,0.03953077783476215,True,Solve_Succeeded,3,0.03275123600178631,0.037402478003059514,0.038018366001779214,True,4.469402121630916e-07,
147.2,161.912,161.889,4.483333399999999,-57.84671670621753,-0.7579610905521035,-0.028211966930729204,5.3810054224975135,0.07277142992107843,773.6925497485911,-0.011000177522352777,-0.005603037509379138,5.4166666667,5.499899840840749,0.03953077783476215,5.4999986639051786,0.03421976819107203,True,Solve_Succeeded,3,0.03299253300065175,0.03686372600350296,0.03731768799480051,True,1.1342278227743918e-08,
147.3,162.012,161.991,4.483333399999999,-57.30174093426515,-0.7702780431242809,-0.017496810920768227,5.333633525460292,0.07368207522599352,774.2375721415606,-0.013040631801980408,-0.0023766196529905886,5.4166666667,5.4999986639051786,0.03421976819107203,5.5000000441843975,0.03307478969809683,True,Solve_Succeeded,6,0.05182914300530683,0.054551017994526774,0.054870929998287465,True,4.418439747411185e-08,
147.4,162.112,162.093,4.483333399999999,-56.75485535680806,-0.7779214206604513,-0.008776699358511655,5.3684804343592365,0.09510969225958096,774.7844091037582,-0.014440083670931437,-0.0010424781134732357,5.4166666667,5.5000000441843975,0.03307478969809683,5.49990317136984,0.024317452178921405,True,Solve_Succeeded,2,0.02211612900282489,0.025804768003581557,0.026232274001813494,True,1.8804807151440173e-06,
147.5,162.212,162.195,4.483333399999999,-56.207160989466686,-0.7804179262102207,0.0008222465683039667,5.285399590700014,0.10341981461713641,775.3320044002741,-0.014697015053963636,0.0012872416451111621,5.4166666667,5.49990317136984,0.024317452178921405,5.49990317136984,0.024317452178921405,False,Solve_Succeeded,6,0.07660036100423895,0.08029319000343094,0.08175957600178663,False,3.1932381544476276e-08,computation_deadline_missed
147.6,162.312,162.297,4.483333399999999,-55.66056748063839,-0.7769499840904482,0.009392564939952877,5.365450040031782,0.07997622338571209,775.8785087069921,-0.0129289981329423,0.0027282952888853986,5.4166666667,5.49990317136984,0.024317452178921405,5.499999831283294,0.021033211281428845,True,Solve_Succeeded,3,0.03820723499666201,0.04329437200067332,0.04384692500025267,True,2.051426051252747e-08,
147.7,162.412,162.399,4.483333399999999,-55.112742545858985,-0.7698079655666442,0.01625335053703215,5.3766543834378275,0.05626292573353177,776.4262950041509,-0.011348604419410439,0.002673191894466253,5.4166666667,5.499999831283294,0.021033211281428845,5.499408992568489,0.02218764623724288,True,Solve_Succeeded,2,0.02936250900529558,0.03420755799743347,0.03454469500138657,True,1.341495572404483e-07,
147.8,162.512,162.501,4.483333399999999,-54.56388783360326,-0.7596788733830393,0.021302674555016665,5.335220197889226,0.08226144942377182,776.975171683502,-0.010494163882405155,0.001149790888302693,5.4166666667,5.499408992568489,0.02218764623724288,5.499999605985061,0.012443869014400817,True,Maximum_CpuTime_Exceeded,5,0.0663212920044316,0.07266448500013212,0.07329073800065089,True,2.7013191683522564e-09,
147.9,162.612,162.603,4.483333399999999,-54.01722138728384,-0.7458880566955063,0.028451661230781265,5.370821498548516,0.013259203161336337,777.5219501794346,-0.009431242588607076,0.0021079292880399544,5.4166666667,5.499999605985061,0.012443869014400817,5.499994711378637,0.028864351437088744,True,Solve_Succeeded,3,0.03645499300182564,0.04112039699975867,0.041793022995989304,True,2.1857718343620824e-08,
148.0,162.713,162.705,4.483333399999999,-53.46902424344947,-0.7291014240174538,0.032746486301623925,5.383304986102817,0.036136922709069,778.0703514906542,-0.00871113556136737,0.0005521600724681803,5.4166666667,5.499994711378637,0.028864351437088744,5.496825757717406,0.018921451352678354,True,Solve_Succeeded,3,0.043005349005397875,0.04786000799504109,0.048418282000056934,True,1.0138248462965294e-08,
148.1,162.812,162.807,4.483333399999999,-52.92206022987459,-0.7101094801692551,0.037589808062757676,5.3787775375226206,0.0673357283340799,778.617597679337,-0.008850945762014131,-8.40780118580714e-05,5.4166666667,5.496825757717406,0.018921451352678354,5.495883477822349,0.012859216141202804,True,Solve_Succeeded,2,0.03276565799751552,0.03726124999957392,0.03763293499650899,True,5.5044606206422486e-08,
148.2,162.912,162.909,4.483333399999999,-52.37340090319822,-0.6870706900879009,0.044736377935107124,5.378886917186038,0.05673272075160454,779.1666972067542,-0.007920885305962742,0.0019249680025952565,5.4166666667,5.495883477822349,0.012859216141202804,5.494139427859991,0.011323034460264197,True,Solve_Succeeded,2,0.03199239399691578,0.0356778330024099,0.03630013400106691,True,9.479585294513981e-08,
148.3,163.012,163.011,4.483333399999999,-51.824686766533766,-0.6611267935522609,0.04939396252300194,5.3915879538031755,0.037622942856909765,779.7159885029092,-0.00681361969135641,0.0018048481003400468,5.4166666667,5.494139427859991,0.011323034460264197,5.487321384366534,0.009974055149756172,True,Solve_Succeeded,2,0.028096569003537297,0.03255547799926717,0.033460778002336156,True,6.370787630771702e-08,
148.4,163.112,163.079,4.483333399999999,-51.456842492589566,-0.642579112363631,0.050794586727747726,5.332787558932491,0.03352634775902554,780.0842801805454,-0.006343319006055784,0.00020466204820901446,5.4166666667,5.487321384366534,0.009974055149756172,5.496697357585932,0.006491382645835514,True,Solve_Succeeded,2,0.036530982004478574,0.04102912300004391,0.04191366199665936,True,1.4815012949753736e-07,
148.5,163.213,163.181,4.483333399999999,-50.91433068195146,-0.6143025174766767,0.0543041908233044,5.3596826134392765,0.01743108098584763,780.6275018172223,-0.006674476319108635,-0.00041512056598635994,5.4166666667,5.496697357585932,0.006491382645835514,5.4994148254959,0.006382591658457618,True,Solve_Succeeded,2,0.02949847099807812,0.033988201001193374,0.03458371799933957,True,2.235492502222769e-08,
148.6,163.312,163.283,4.483333399999999,-50.36721884714138,-0.5839111675433745,0.05673450376701396,5.378895305776237,0.021964220992195974,781.1754307243426,-0.00730906439193669,-0.0017556232589015367,5.4166666667,5.4994148254959,0.006382591658457618,5.496654479843136,-0.0008556543136271987,True,Solve_Succeeded,2,0.03017509399796836,0.034969466003531124,0.03569885800243355,True,9.170527004442874e-08,
148.7,163.412,163.385,4.483333399999999,-49.82330646753588,-0.5515067331072455,0.05804923370310926,5.350772445314391,-0.01621273373401908,781.7202885680381,-0.007524309407465988,-0.0030145491564118193,5.4166666667,5.496654479843136,-0.0008556543136271987,5.499572441702944,0.0043120858954145925,True,Solve_Succeeded,2,0.02353089799726149,0.026133455001399852,0.026452427002368495,True,6.491571937772278e-07,
148.8,163.512,163.487,4.483333399999999,-49.27530574299525,-0.517985001012735,0.05811331884795217,5.373099324142877,0.01689693820584646,782.2693052175845,-0.007874416845436646,-0.00403580315533731,5.4166666667,5.499572441702944,0.0043120858954145925,5.499998087859985,-0.013072092848640646,True,Solve_Succeeded,5,0.0512062199995853,0.05519209400517866,0.0555788690035115,True,4.8345336622901414e-08,
148.9,163.612,163.589,4.483333399999999,-48.727416036220916,-0.48564360976464455,0.059200829129112724,5.384844661121726,0.0048511384153990915,782.8181499400721,-0.009576400052583471,-0.0025214046333163,5.4166666667,5.499998087859985,-0.013072092848640646,5.498041369227112,-0.015846259801121147,True,Solve_Succeeded,2,0.027749903994845226,0.033435759993153624,0.03411612100171624,True,9.945182188886292e-08,
149.0,163.712,163.691,4.483333399999999,-48.17877203202202,-0.45300518799332035,0.05959240766050974,5.388927418593295,0.0031557793752543003,783.3677828910912,-0.010377770826180749,-0.0001871008466642135,5.4166666667,5.498041369227112,-0.015846259801121147,5.498642859084807,-0.027075042431914255,True,Solve_Succeeded,2,0.028080638003302738,0.0321968940043007,0.033507808002468664,True,1.2261574369731854e-07,
149.1,163.812,163.793,4.483333399999999,-47.629793829882175,-0.4204772250621881,0.05821036094075351,5.396398043466564,-0.024272243657848098,783.917758825524,-0.009823409104420311,0.0018942126614324357,5.4166666667,5.498642859084807,-0.027075042431914255,5.497291502065777,-0.029711322903747478,True,Solve_Succeeded,2,0.02199895000376273,0.025505094999971334,0.02612283700000262,True,4.363263350626312e-08,
149.2,163.912,163.895,4.483333399999999,-47.07993808136756,-0.3894183011453691,0.05378449701270107,5.404438495411375,-0.0664026068170473,784.4685354227212,-0.008457975765138542,0.002462836366135444,5.4166666667,5.497291502065777,-0.029711322903747478,5.493108969384314,-0.027316011446588195,True,Solve_Succeeded,2,0.028628227002627682,0.03179067699966254,0.03237686499778647,True,5.120801471747427e-08,
149.3,164.012,163.997,4.483333399999999,-46.529035271169434,-0.361808302935298,0.04593302299370586,5.413232041177664,-0.08842237486104355,785.0201814011839,-0.0074130038232776575,0.0011482216139149515,5.4166666667,5.493108969384314,-0.027316011446588195,5.486156295450573,-0.025610623454774564,True,Solve_Succeeded,2,0.028046712002833374,0.03199868299998343,0.03240761200140696,True,8.678478909807238e-08,
149.4,164.112,164.099,4.483333399999999,-45.97699671439283,-0.33895452407888416,0.036842880922691036,5.42237426596775,-0.08758200363913647,785.5727530554052,-0.007132760632282272,0.00014940526480231725,5.4166666667,5.486156295450573,-0.025610623454774564,5.476480791535724,-0.02510476420877342,True,Solve_Succeeded,2,0.024678721994860098,0.028425762000551913,0.028742048001731746,True,3.2452337481208215e-08,
149.5,164.212,164.201,4.483333399999999,-45.42387718854776,-0.32100729018794466,0.028165428418540854,5.430730932325365,-0.08100527505380328,786.1262313658716,-0.006918937951703154,0.0008239880575635558,5.4166666667,5.476480791535724,-0.02510476420877342,5.464808092852165,-0.024637207766274993,True,Solve_Succeeded,2,0.019566054004826583,0.022681100002955645,0.0233007969945902,True,2.1707657893443866e-08,
149.6,164.312,164.303,4.483333399999999,-44.86983917665564,-0.3076489212382135,0.020134249273709697,5.4378322114740945,-0.0752511274514508,786.6804910871136,-0.006179158972267394,0.001843214914692675,5.4166666667,5.464808092852165,-0.024637207766274993,5.452139462528856,-0.024469141440109525,True,Solve_Succeeded,2,0.022205408997251652,0.02600525400339393,0.02639411400014069,True,6.346401626444731e-09,
149.7,164.412,164.405,4.483333399999999,-44.31505283273494,-0.2986084891129319,0.012500688002582592,5.443710096974162,-0.07238463524444763,787.2353985270062,-0.004898332545430192,0.0027303000058153757,5.4166666667,5.452139462528856,-0.024469141440109525,5.438936074948647,-0.023899951755128664,True,Solve_Succeeded,2,0.02222862499911571,0.024997720996907447,0.025438784003199544,True,4.283983834341143e-09,
149.8,164.512,164.507,4.483333399999999,-43.75967824876207,-0.29373589223604557,0.005058424427286335,5.4483446996516305,-0.07144302302531576,787.790825831887,-0.003209512533073412,0.003272801294044071,5.4166666667,5.438936074948647,-0.023899951755128664,5.4256100302105645,-0.022786723929713426,True,Solve_Succeeded,2,0.019524089999322314,0.022790330003772397,0.023065383000357542,True,3.197376585717393e-09,
149.9,164.612,164.609,4.483333399999999,-43.20387054557905,-0.2929697474545477,-0.0022784508694117973,5.451814937201941,-0.07018870336825199,788.3466492258291,-0.0013417477828111491,0.003379947229487767,5.4166666667,5.4256100302105645,-0.022786723929713426,5.412514412462542,-0.021295816889711456,True,Solve_Succeeded,2,0.02133646799484268,0.024248035995697137,0.024522609994164668,True,2.5850939167071374e-09,
150.0,164.713,164.711,4.483333399999999,-42.6477727775467,-0.29623549080234557,-0.009406238343072863,5.454233084531106,-0.06733964411983472,788.9027577319388,0.00048307876824574324,0.003151817904334161,5.4166666667,5.412514412462542,-0.021295816889711456,5.399923237390193,-0.01959485896561036,True,Solve_Succeeded,2,0.021704886996303685,0.026186941999185365,0.02679196299868636,True,2.1941639616329667e-09,
150.1,164.812,164.779,4.483333399999999,-42.276933309494645,-0.30058503525088265,-0.014045400893288616,5.455478475990972,-0.06610119150842805,789.2736168803868,0.0015949761539445822,0.002808831149928394,5.4166666667,5.399923237390193,-0.01959485896561036,5.387942446622136,-0.016916532669871177,True,Solve_Succeeded,2,0.02188875099818688,0.025782441000046674,0.02621768200333463,True,3.3488882777987783e-09,
150.2,164.912,164.881,4.483333399999999,-41.72060763976247,-0.3102392897479641,-0.02055669218106511,5.456366696442422,-0.059241032805572656,789.8300116218082,0.0030093166411217214,0.002284970054725652,5.4166666667,5.387942446622136,-0.016916532669871177,5.376965811570132,-0.015509827106444322,True,Solve_Succeeded,2,0.019766167999478057,0.02364310000120895,0.023981308993825223,True,1.7712897815158613e-09,
150.3,165.012,164.983,4.483333399999999,-41.16430475082335,-0.3233371021578409,-0.026390056167475806,5.456450727368514,-0.05073111547886402,790.3864487340313,0.004159235231383891,0.001889742361172231,5.4166666667,5.376965811570132,-0.015509827106444322,5.367051372235978,-0.014251573092120016,True,Solve_Succeeded,2,0.024661609997565392,0.029823017001035623,0.030177158005244564,True,1.498659862875229e-09,
150.4,165.112,165.085,4.483333399999999,-40.60811094446972,-0.3394458222085918,-0.03142704436156957,5.455772612429116,-0.04441178305062343,790.942852644849,0.005169384267592381,0.0017411094207394062,5.4166666667,5.367051372235978,-0.014251573092120016,5.358318838484918,-0.01277922722780156,True,Solve_Succeeded,2,0.027718852004909422,0.03283812099834904,0.03320536699902732,True,1.4506031931205143e-09,
150.5,165.212,165.187,4.483333399999999,-40.05210325578636,-0.35818903971963933,-0.03590009869383404,5.454434623749849,-0.039758871222557,791.4991513886453,0.0061071039077120505,0.0016066473013898186,5.4166666667,5.358318838484918,-0.01277922722780156,5.35087746518095,-0.011112837468165628,True,Solve_Succeeded,2,0.024607016996014863,0.03164831799949752,0.03244419599650428,True,1.4012728755119497e-09,
150.6,165.312,165.289,4.483333399999999,-39.49634423056486,-0.3792882930871047,-0.03992142542007798,5.452576869229108,-0.03522538157528766,792.0552858036793,0.006941628477800635,0.001374641580264624,5.4166666667,5.35087746518095,-0.011112837468165628,5.344759588298605,-0.009363103130479184,True,Solve_Succeeded,2,0.024806692999845836,0.02813855300337309,0.02863011499721324,True,1.3943477483735478e-09,
150.7,165.412,165.391,4.483333399999999,-38.9408794872002,-0.40248244412792455,-0.043452375312219155,5.450323841257132,-0.029940442319654172,792.6112108344573,0.007625450768396775,0.0010845874951119494,5.4166666667,5.344759588298605,-0.009363103130479184,5.3399709876833885,-0.007727901752257156,True,Solve_Succeeded,2,0.022344944001815747,0.026815541001269594,0.027390825998736545,True,1.4043122220641635e-09,
150.8,165.512,165.493,4.483333399999999,-38.385738315122865,-0.4274741466633088,-0.04641882685871195,5.44777955008388,-0.02399570646789298,793.1668929695213,0.008148325203089014,0.0008116710631361283,5.4166666667,5.3399709876833885,-0.007727901752257156,5.336493678599772,-0.006333083388840037,True,Solve_Succeeded,2,0.02079951699852245,0.025448241001868155,0.02583804299501935,True,1.4124106328949892e-09,
150.9,165.612,165.595,4.483333399999999,-37.83093587724571,-0.4539284231609564,-0.048774391158434266,5.445027456555239,-0.018372477456441254,793.7223078199661,0.00853895979087257,0.0006034526710731181,5.4166666667,5.336493678599772,-0.006333083388840037,5.334052152919328,-0.005124815400204488,True,Solve_Succeeded,1,0.015975149006408174,0.020773060001374688,0.021255031002510805,True,1.0578017883844382e-06,
151.0,165.713,165.697,4.483333399999999,-37.276476328875226,-0.4814936166978782,-0.050485882022516894,5.442121460469281,-0.012799958187490414,794.2774382153189,0.008844170048309527,0.0004943094091629727,5.4166666667,5.334052152919328,-0.005124815400204488,5.333099265606424,-0.004381199076178633,True,Solve_Succeeded,2,0.022905994999746326,0.02642297100101132,0.026905102000455372,True,3.1460754354862945e-09,
151.1,165.812,165.799,4.483333399999999,-36.72235786709265,-0.50983086914041,-0.05161264780777847,5.439121736865018,-0.007851637941578187,794.8322712605958,0.009099305695497082,0.00042603369399746294,5.4166666667,5.333099265606424,-0.004381199076178633,5.333295987552239,-0.004012495186870811,True,Solve_Succeeded,2,0.02382532000046922,0.02719184099987615,0.027602433998254128,True,4.7179633336506994e-09,
151.2,165.912,165.901,4.483333399999999,-36.16857525074611,-0.5386436741929962,-0.05229983422347352,5.436036806636958,-0.005513357532247842,795.3867981578527,0.009298645293868283,0.00025452748311892426,5.4166666667,5.333295987552239,-0.004012495186870811,5.334492889853812,-0.003474143879069925,True,Solve_Succeeded,2,0.026605593993735965,0.030800032000115607,0.03150418499717489,True,9.972675285400967e-09,
151.3,166.012,166.003,4.483333399999999,-35.61512269925965,-0.567756587201449,-0.0527831883863528,5.4330594270575725,-0.004049346799345825,795.9410147637335,0.009336962621778293,-0.00010862032743944734,5.4166666667,5.334492889853812,-0.003474143879069925,5.33655106703682,-0.0030885666675844145,True,Solve_Succeeded,2,0.02509552999981679,0.02884835299482802,0.029358806998061482,True,1.897541679340975e-09,
151.4,166.112,166.105,4.483333399999999,-35.06196739326618,-0.5970856377772388,-0.05314269029017837,5.430444196795257,-0.002931359516309681,796.4949462886681,0.009195835687636909,-0.0003871381626707679,5.4166666667,5.33655106703682,-0.0030885666675844145,5.339192159391841,-0.0027187486542772097,True,Solve_Succeeded,2,0.025558631001331378,0.029004026000620797,0.029376853002759162,True,1.892264123171117e-09,
151.5,166.212,166.207,4.483333399999999,-34.5090674961852,-0.6265749874874709,-0.05341553817963397,5.428221926521059,-0.002335855793795157,797.0486314533846,0.008919588097007908,-0.0006022103162255515,5.4166666667,5.339192159391841,-0.0027187486542772097,5.342171599612394,-0.002280528538163987,True,Solve_Succeeded,2,0.026662964999559335,0.03100672599975951,0.03171240200026659,True,1.9116139782227037e-09,
151.6,166.312,166.309,4.483333399999999,-33.956380315846204,-0.6561861869301937,-0.05362678533606676,5.426400758843254,-0.0018263441892867602,797.602110866084,0.00853599930081602,-0.0007788622716322288,5.4166666667,5.342171599612394,-0.002280528538163987,5.345302180497714,-0.0018666418382362751,True,Solve_Succeeded,2,0.026632314002199564,0.030708851001691073,0.031017581997730304,True,2.006623311956446e-09,
151.7,166.412,166.411,4.483333399999999,-33.403863355495446,-0.6858922951925561,-0.0537931694534259,5.424986504191447,-0.001460439182747644,798.1554255261387,0.008061379610229655,-0.0009338102137294788,5.4166666667,5.345302180497714,-0.0018666418382362751,5.348404817478247,-0.0014101899434213127,True,Solve_Succeeded,2,0.025065945999813266,0.029464115003065672,0.031096519000129774,True,2.0276598178270433e-09,
151.8,166.512,166.479,4.483333399999999,-33.03559193015719,-0.7057393331310566,-0.0538846642508333,5.424295328437331,-0.0012748346999530947,798.5242312290133,0.007698941051955815,-0.001030539289500948,5.4166666667,5.348404817478247,-0.0014101899434213127,5.350955264907231,-0.0009030500572321871,True,Solve_Succeeded,1,0.017524103001051117,0.02220895900245523,0.02310502099862788,True,1.0961254925945241e-07,
151.9,166.612,166.581,4.483333399999999,-32.48326220759719,-0.7355630620211792,-0.05399841258967101,5.423584440160504,-0.001031477568984566,799.0773654141367,0.00708973643048383,-0.001171419521353169,5.4166666667,5.350955264907231,-0.0009030500572321871,5.353317610316844,-0.00039411641358573946,True,Solve_Succeeded,1,0.013777941996522713,0.017548586998600513,0.017864882000139914,True,6.622920967203072e-08,
152.0,166.712,166.683,4.483333399999999,-31.930986354406873,-0.7654379546439913,-0.054078116960058834,5.423272436451846,-0.001098743058636761,799.6304486198266,0.006405190602699313,-0.001301389262809996,5.4166666667,5.353317610316844,-0.00039411641358573946,5.3553551534989685,0.0002264076422798165,True,Solve_Succeeded,1,0.0139737019999302,0.01785632999963127,0.018601092997414526,True,2.3940614735096233e-07,
152.1,166.812,166.785,4.483333399999999,-31.37873367122132,-0.7953509818575293,-0.054150815956972825,5.423177535380679,-0.001831553452351997,800.1835107577633,0.005647143309758745,-0.0014474877493133864,5.4166666667,5.3553551534989685,0.0002264076422798165,5.35726965647497,0.0010621611440000257,True,Solve_Succeeded,2,0.02256469200074207,0.026457236002897844,0.026796217003720812,True,2.1909176695089627e-09,
152.2,166.912,166.887,4.483333399999999,-30.826484176904184,-0.8252960015806374,-0.054159754826288216,5.423245210832187,-0.0007248760866701196,800.7365713910598,0.0048099874812405,-0.0015529633413413693,5.4166666667,5.35726965647497,0.0010621611440000257,5.358590042191158,0.0013840846922423577,True,Solve_Succeeded,1,0.015454430002137087,0.019114308997814078,0.019466384997940622,True,8.06087983029613e-07,
152.3,167.012,166.989,4.483333399999999,-30.27422154011707,-0.8552349886865269,-0.05415085491441242,5.42342335221589,-0.00046438594483842033,801.2896447557565,0.003919756325374509,-0.001663741999621396,5.4166666667,5.358590042191158,0.0013840846922423577,5.359809115612895,0.002050870071035083,True,Solve_Succeeded,2,0.020940962996974122,0.024101410002913326,0.024389027996221557,True,2.2291670731533486e-09,
152.4,167.113,167.091,4.483333399999999,-29.72193566433591,-0.8851669235674604,-0.05413525189808347,5.423676926127332,-0.00036437839243296476,801.8427408057245,0.0029651934147408732,-0.0017909646900432855,5.4166666667,5.359809115612895,0.002050870071035083,5.360444612623003,0.002682956106263312,True,Solve_Succeeded,1,0.023495895002270117,0.028441899994504638,0.029286377000971697,True,6.204272207099848e-07,
152.5,167.213,167.193,4.483333399999999,-29.16961961158133,-0.915088431314555,-0.054090776062091374,5.423998917476522,0.0007304334951127701,802.3958662079576,0.001937220916227701,-0.0019124670819747128,5.4166666667,5.360444612623003,0.002682956106263312,5.360839979275836,0.003083655940115899,True,Solve_Succeeded,1,0.019653839997772593,0.023357660000328906,0.023920644001918845,True,1.7164289900506446e-07,
152.6,167.312,167.295,4.483333399999999,-28.61726229321341,-0.9449597574677688,-0.05394987186471629,5.424419281308123,0.0020439276521034703,802.9490298741495,0.0008632987729307511,-0.001960700429319902,5.4166666667,5.360839979275836,0.003083655940115899,5.3609894409065175,0.003410628529297014,True,Solve_Succeeded,1,0.01330711899936432,0.017003128996293526,0.017267021001316607,True,5.800201394734472e-07,
152.7,167.412,167.397,4.483333399999999,-28.06485325334585,-0.9747209400307889,-0.05364385780478161,5.424826382854154,0.004602567942018867,803.5022390581418,-0.00020897685765655983,-0.001866990323481664,5.4166666667,5.3609894409065175,0.003410628529297014,5.361005336637074,0.003218451582830575,True,Solve_Succeeded,1,0.013195163999625947,0.016212501999689266,0.01663357499637641,True,1.396215572491144e-06,
152.8,167.512,167.499,4.483333399999999,-27.51239966281943,-1.0042222715191533,-0.053000662255650186,5.425047335489868,0.0075662122491077545,804.0554788330277,-0.0011433033297056623,-0.0014592630110045607,5.4166666667,5.361005336637074,0.003218451582830575,5.3610162389101195,0.0025661772763979204,True,Solve_Succeeded,1,0.014554291999957059,0.018105426002875902,0.018606858000566717,True,1.664545011159646e-06,
152.9,167.612,167.601,4.483333399999999,-26.959899279405995,-1.0333125481814298,-0.05220384878899182,5.4253407119980395,0.00784848730866337,804.60874374581,-0.0018013913482252744,-0.0009210815301286604,5.4166666667,5.3610162389101195,0.0025661772763979204,5.360931520517141,0.0022492315812821717,True,Solve_Succeeded,1,0.011489580996567383,0.014193654002156109,0.014457896999374498,True,5.984715825135822e-07,
153.0,167.713,167.703,4.483333399999999,-26.407345088754635,-1.0619732030855897,-0.05147103045269543,5.425631254703043,0.00649948103506748,805.1620400556043,-0.0021771697443284943,-0.00047006315156940953,5.4166666667,5.360931520517141,0.0022492315812821717,5.360773006910949,0.002104490288172076,True,Solve_Succeeded,1,0.011120574003143702,0.01347209599771304,0.013728080994042102,True,3.32424900939543e-07,
153.1,167.812,167.805,4.483333399999999,-25.854746023522225,-1.090273531683243,-0.05089463357855153,5.425866778254083,0.004926282542018879,805.715362603526,-0.0023531346229217235,-0.0001986323976456358,5.4166666667,5.360773006910949,0.002104490288172076,5.360551985545397,0.002129450773218174,True,Solve_Succeeded,1,0.016245872000581585,0.019027633999940008,0.019325683002534788,True,5.164198020324307e-07,
153.2,167.912,167.907,4.483333399999999,-25.302109118350593,-1.118296511644656,-0.05045088287770367,5.426095915116609,0.003981257400118056,806.2687087574756,-0.0024253471626370436,-8.301230240510132e-05,5.4166666667,5.360551985545397,0.002129450773218174,5.360269595305775,0.0022095412419444243,True,Solve_Succeeded,1,0.01616786800150294,0.0190066079958342,0.019440857002336998,True,3.242350041787745e-07,
153.3,168.012,168.009,4.483333399999999,-24.74943897145601,-1.146090796461091,-0.050041692737300185,5.426286139256674,0.004171243484547139,806.822076507633,-0.0024554632877002987,-2.5114980227052e-05,5.4166666667,5.360269595305775,0.0022095412419444243,5.359965434148345,0.0021570576505935786,True,Solve_Succeeded,1,0.01599838800029829,0.019902344996808097,0.020727888004330453,True,1.8447004047558724e-08,
153.4,168.112,168.111,4.483333399999999,-24.19673986420497,-1.1736481335473818,-0.04958265040366099,5.426435260081513,0.004813196223258094,807.3754612719393,-0.0024482850850049503,5.947729755301917e-05,5.4166666667,5.359965434148345,0.0021570576505935786,5.359660512380505,0.002034371638512573,True,Solve_Succeeded,1,0.018469126996933483,0.021481506002601236,0.021833491999132093,True,1.2696082407614995e-08,
153.5,168.212,168.179,4.483333399999999,-23.82825854392442,-1.1918719185975373,-0.04924704073927094,5.426519892691426,0.005030015344346804,807.7443923203858,-0.0024130406214158263,0.00013259103042745357,5.4166666667,5.359660512380505,0.002034371638512573,5.359374459266123,0.001965945441360866,True,Solve_Succeeded,1,0.012556152993056457,0.015576640995277558,0.015872235999268014,True,1.1392247856178983e-07,
153.6,168.312,168.281,4.483333399999999,-23.275514894093103,-1.218970916071188,-0.048726954044626,5.4266266052655725,0.005068842119643357,808.2977988729858,-0.002309040245670487,0.00023964419040224672,5.4166666667,5.359374459266123,0.001965945441360866,5.359101425282782,0.0018835975091755898,True,Solve_Succeeded,1,0.013580113001808058,0.01703696999902604,0.01747300299757626,True,2.2788586129252053e-08,
153.7,168.412,168.383,4.483333399999999,-22.722747876769713,-1.2457843198357086,-0.048214511687606876,5.42670589629363,0.004950563368342608,808.8512148447886,-0.0021536261777214635,0.00031591160949490105,5.4166666667,5.359101425282782,0.0018835975091755898,5.358840593065889,0.0018581500547189076,True,Solve_Succeeded,1,0.013791666002362035,0.01656421499501448,0.016910395002923906,True,9.199417583261038e-08,
153.8,168.512,168.485,4.483333399999999,-22.1699604589259,-1.2723188112746122,-0.04771767571601774,5.426763229859926,0.004774367621885506,809.4046377680573,-0.001966428300743803,0.0003534388215716486,5.4166666667,5.358840593065889,0.0018581500547189076,5.358594870255098,0.0018815365588219731,True,Solve_Succeeded,1,0.015062329999636859,0.018651312006113585,0.018977546998939943,True,9.55487431397728e-08,
153.9,168.612,168.587,4.483333399999999,-21.61715537518844,-1.2985834909753904,-0.04723508757314497,5.426799696498311,0.0047108214693127835,809.9580655086597,-0.0017694744803161161,0.00035359269703362506,5.4166666667,5.358594870255098,0.0018815365588219731,5.358368547825652,0.0019259357659695343,True,Solve_Succeeded,1,0.017025162000209093,0.020573209003487136,0.021107426000526175,True,6.496710902581526e-08,
154.0,168.712,168.689,4.483333399999999,-21.064334999911413,-1.32458195717264,-0.04675047654983941,5.426816889768117,0.004824936504242266,810.5114960113813,-0.001579271703846049,0.00033265317022793117,5.298997399908274,5.358368547825652,0.0019259357659695343,5.296502683498915,0.0016547741856333563,True,Solve_Succeeded,2,0.023570696997921914,0.02796861800015904,0.028561794002598617,True,7.907522636685371e-09,
154.1,168.812,168.791,4.483333399999999,-20.51150099121821,-1.350308082123013,-0.04624729388559541,5.426817792522822,0.005062156652327968,811.0649274692181,-0.001402569860965078,0.0003071789681944742,5.160639535449064,5.296502683498915,0.0016547741856333563,5.17134633153909,0.0011943192959960455,True,Solve_Succeeded,2,0.018881361997046042,0.02183307499944931,0.02231344999745488,True,1.0100001723856167e-08,
154.2,168.912,168.893,4.483333399999999,-19.95876491757012,-1.3757475271292479,-0.045747146571108094,5.423944225334747,0.004620256853769642,811.6182479076084,-0.0012429623813182673,0.0002556861522138576,5.022309425851489,5.17134633153909,0.0011943192959960455,4.994280785619866,0.0007736863657610485,True,Solve_Succeeded,2,0.023768368002492934,0.027251736995822284,0.02778134500113083,True,9.557655999969938e-08,
154.3,169.012,168.995,4.483333399999999,-19.40661543817687,-1.400904224326275,-0.0453412240466972,5.414441890093379,0.0032347827911899333,812.1709694911575,-0.0011391568695602757,8.752589312795156e-05,4.884129029964214,4.994280785619866,0.0007736863657610485,4.776940801085954,0.0006082653699331354,True,Solve_Succeeded,2,0.025335761994938366,0.028228579001734033,0.02849885300383903,True,1.0673705110875176e-06,
154.4,169.112,169.097,4.483333399999999,-18.85590567755046,-1.4258160668727382,-0.045104322633287015,5.395173658653203,0.0014222608648896955,812.722241734823,-0.0011789369763103045,-0.0002710763881150838,4.7463109690478404,4.776940801085954,0.0006082653699331354,4.530822644237318,0.0008810255463100815,True,Solve_Succeeded,3,0.029854360996978357,0.03285457599849906,0.03312032199755777,True,9.702390002530592e-10,
154.5,169.212,169.199,4.483333399999999,-18.30776141198208,-1.450530791567493,-0.04503481639412146,5.363935663174332,0.00016793498479254358,813.2709420020726,-0.0014697851456297692,-0.0008170206667244272,4.609135902235437,4.530822644237318,0.0008810255463100815,4.26653917452988,0.0016906402135456401,True,Solve_Succeeded,3,0.03281270600564312,0.03777258600166533,0.0381887600015034,True,2.0991155480487578e-09,
154.6,169.312,169.301,4.483333399999999,-17.763126499941805,-1.475072787265073,-0.045026581232351565,5.324591038640344,0.00023842393357962493,813.8161281158874,-0.0020848792739006595,-0.0014427375382850272,4.4728393737817385,4.26653917452988,0.0016906402135456401,3.9913710829009577,0.0030314969935223116,True,Solve_Succeeded,3,0.02870230100234039,0.03287011099746451,0.03322533399477834,True,1.946136585218028e-09,
154.7,169.412,169.403,4.483333399999999,-17.22318467812858,-1.4993879632394693,-0.04494214343009884,5.271675959571877,0.002324340233421691,814.3566146774335,-0.0030264946135396638,-0.002008857760738121,4.337717733395209,3.9913710829009577,0.0030314969935223116,3.713292912338214,0.00479632365510113,True,Solve_Succeeded,3,0.03133990900096251,0.03464225599600468,0.035115170998324174,True,1.0399790853547709e-08,
154.8,169.512,169.505,4.483333399999999,-16.689728230523745,-1.5232759523756383,-0.044463584783499245,5.199588401611949,0.006802238038677717,814.8906020908803,-0.00417288061168507,-0.002194602604563757,4.2042208800335175,3.713292912338214,0.00479632365510113,3.4404505911225196,0.006570919025398508,True,Solve_Succeeded,3,0.03249905799748376,0.03498278000188293,0.03549648100306513,True,1.5599263297370273e-09,
154.9,169.612,169.607,4.483333399999999,-16.164265071809105,-1.5464205935418565,-0.043462237972233725,5.114738333965587,0.012189514186506092,815.4165701461468,-0.005274987002129105,-0.0019158276135241845,4.072728866216892,3.4404505911225196,0.006570919025398508,3.176968919540175,0.008122437369928836,True,Solve_Succeeded,3,0.030903612001566216,0.03410198799974751,0.03442586900200695,True,4.0657008635409594e-10,
155.0,169.712,169.709,4.483333399999999,-15.648047635062255,-1.5684978903846758,-0.041910828707193606,5.018028085570093,0.017508180745709572,815.933253537587,-0.006120438065158052,-0.0012832518515625974,3.943558018356839,3.176968919540175,0.008122437369928836,2.9259805736247433,0.009240120751034805,True,Solve_Succeeded,3,0.026240955994580872,0.029890293000789825,0.030554678000044078,True,5.503589549154739e-11,
155.1,169.812,169.811,4.483333399999999,-15.14221264948781,-1.5892125128548313,-0.03984885665632923,4.910731003687816,0.02214641298058124,816.4395052951111,-0.006545222250920863,-0.0003324005180750655,3.816995078975822,2.9259805736247433,0.009240120751034805,2.6896834639058294,0.00979134413988631,True,Solve_Succeeded,2,0.02471203699678881,0.02781962399603799,0.028092854001442902,True,2.282399941933022e-06,
155.2,169.912,169.879,4.483333399999999,-14.81125063305666,-1.6021493282904826,-0.03824523453046646,4.832683709839583,0.024849863904695946,816.7707145725147,-0.0065335234831723705,0.0004313159988682605,3.734192759624904,2.6896834639058294,0.00979134413988631,2.4738398073538335,0.009902600437544179,True,Solve_Succeeded,2,0.022488484995847102,0.027671750001900364,0.02799187300115591,True,1.5814226577148816e-06,
155.3,170.012,169.981,4.483333399999999,-14.32484057635008,-1.6201341760660533,-0.035623418226422024,4.711192617045134,0.02655180190664029,817.2574480214629,-0.006028987182322554,0.0016566134510506009,3.6125093973878677,2.4738398073538335,0.009902600437544179,2.2736048071577883,0.009499522335963751,True,Solve_Succeeded,2,0.023297589003050234,0.027765997998358216,0.028110437997383997,True,1.2175610932807501e-06,
155.4,170.112,170.083,4.483333399999999,-13.851112086041809,-1.636376199909207,-0.032903344596984026,4.583395068543822,0.02666089267298423,817.731445231712,-0.004962285189050582,0.002831042829141088,3.4940100948255974,2.2736048071577883,0.009499522335963751,2.0888120073336056,0.008834121517926407,True,Solve_Succeeded,2,0.022955040003580507,0.025984391999372747,0.026233143005811144,True,8.733593483967184e-07,
155.5,170.212,170.185,4.483333399999999,-13.39064116134838,-1.6509165759736801,-0.030241959985646247,4.450662731800831,0.025297526103150784,818.1921361383112,-0.003422095897038561,0.003814472003198534,3.3788373681757946,2.0888120073336056,0.008834121517926407,1.9193557493956592,0.008135144542067003,True,Solve_Succeeded,2,0.024167969000700396,0.028278509998926893,0.028787112998543307,True,5.837422527577019e-07,
155.6,170.312,170.287,4.483333399999999,-12.943664734048227,-1.6638750435558054,-0.027739845838096085,4.318098670223439,0.023370524961970864,818.639292068775,-0.0015486816596210157,0.004522141558202512,3.267048385559832,1.9193557493956592,0.008135144542067003,1.7640687391222285,0.007499654514308585,True,Solve_Succeeded,2,0.023658261001401115,0.02667018700594781,0.02713600699644303,True,3.8140306379830236e-07,
155.7,170.412,170.389,4.483333399999999,-12.510525094864517,-1.6754003030914009,-0.025505789090435767,4.1792023829939575,0.020454936509225825,819.0725792754931,0.0004986419228643899,0.00486146583582037,3.158726583880309,1.7640687391222285,0.007499654514308585,1.624411868275994,0.007196323687213421,True,Solve_Succeeded,2,0.021986523999657948,0.025541695002175402,0.025864213006570935,True,2.3404253690628707e-07,
155.8,170.512,170.491,4.483333399999999,-12.091604350969714,-1.685670031463922,-0.023550441738222128,4.039030290664779,0.01793516625887577,819.4916239922721,0.0025436316653403247,0.004838215122084544,3.053965404685556,1.624411868275994,0.007196323687213421,1.500152817596852,0.00716111960011169,True,Solve_Succeeded,2,0.02131934999488294,0.024995134997880086,0.02523844499955885,True,1.2433076967965917e-07,
155.9,170.612,170.593,4.483333399999999,-11.686986492610544,-1.694845343093776,-0.0218146707362982,3.898605861928983,0.016238853591170836,819.8963486407104,0.004447223453230907,0.004526441466950217,2.952784242576001,1.500152817596852,0.00716111960011169,1.3910466111043798,0.007394338408343148,True,Solve_Succeeded,2,0.021630746006849222,0.024599766999017447,0.025009782999404706,True,6.503576832628255e-08,
156.0,170.712,170.695,4.483333399999999,-11.296650313271458,-1.7030472908828436,-0.020208049457206334,3.7589130656936725,0.015381308096771042,820.2867785882592,0.006122460838107046,0.004030543951714316,2.8551767556888024,1.3910466111043798,0.007394338408343148,1.2967418221360956,0.007837153030191557,True,Solve_Succeeded,2,0.02321501899859868,0.027354268000635784,0.027732849004678428,True,3.1814432421839456e-08,
156.1,170.812,170.797,4.483333399999999,-10.920473737013753,-1.7103589913891541,-0.018650537579463815,3.6208981561521068,0.015230057949103256,820.663038307263,0.007530204069678622,0.0034434442952185514,2.761111825937831,1.2967418221360956,0.007837153030191557,1.2167146852682982,0.008391949251650259,True,Solve_Succeeded,2,0.022145796996483114,0.02556714400270721,0.025867707998258993,True,1.446729980258965e-08,
156.2,170.912,170.899,4.483333399999999,-10.558242983137347,-1.7168346057244968,-0.017079110854197405,3.4854062177393117,0.015587288064414397,821.0253428487938,0.008667910247088583,0.0028398648910264272,2.670535690555141,1.2167146852682982,0.008391949251650259,1.1502556468534604,0.008933920006116454,True,Solve_Succeeded,2,0.022330333005811553,0.025380075996508822,0.025927392998710275,True,5.76748382385972e-09,
156.3,171.012,171.001,4.483333399999999,-10.20966080754029,-1.7225102338138416,-0.015456468810217566,3.3532099347721758,0.01617808798182633,821.3739901712954,0.009556645834119346,0.0022675539636690615,2.5833738599297362,1.1502556468534604,0.008933920006116454,1.0964453433259567,0.009344264659174087,True,Solve_Succeeded,2,0.02117110099788988,0.02417857699765591,0.024477678001858294,True,3.5378882046188664e-09,
156.4,171.112,171.103,4.483333399999999,-9.874346837343742,-1.727421395196602,-0.013800687595334326,3.226557012188805,0.01890233015560525,821.70936133116,0.010221790891902486,0.0017175396713175366,2.499531069963581,1.0964453433259567,0.009344264659174087,1.053501200841402,0.009255469026281622,True,Solve_Succeeded,2,0.019915939003112726,0.0230549960033386,0.023871259996667504,True,2.0630770425356104e-08,
156.5,171.212,171.205,4.483333399999999,-9.551869616962128,-1.7309230783002938,-0.006575514567952283,3.0970343531286297,0.126140648262477,822.0318794341855,0.01137076753869455,0.006734042469103326,2.418901544207216,1.053501200841402,0.009255469026281622,1.0210024234736017,-0.007106619691088273,True,Solve_Succeeded,3,0.03458914899965748,0.03792276600142941,0.038250842997513246,True,1.31211939369269e-08,
156.6,171.312,171.307,4.483333399999999,-9.24284588561784,-1.731421665539616,0.0024296897345968656,2.970953594855484,-0.005890640031200241,822.3409148541529,0.014647690804946429,0.01354244022287573,2.3416426892153765,1.0210024234736017,-0.007106619691088273,1.0035648074070251,0.0005815126212162367,True,Solve_Succeeded,3,0.033586733996344265,0.038324517001456115,0.038713595997251105,True,3.681738156829776e-08,
156.7,171.412,171.409,4.483333399999999,-8.944647813155848,-1.7309938370271427,-0.0006206957995964473,2.8631601180911415,-0.0531485515015754,822.6391296390567,0.018063861708094167,0.00829745013435779,2.2670889929894145,1.0035648074070251,0.0005815126212162367,0.9882509645193877,0.003004511342724991,True,Solve_Succeeded,2,0.02623446699726628,0.030707400997926015,0.03164183400076581,True,8.506665047924855e-07,
156.8,171.512,171.511,4.483333399999999,-8.658754647839913,-1.7318480865971033,-0.005206679230271163,2.746224508441052,-0.03929259222160877,822.9250615444372,0.019450214650714035,0.0015382933749086482,2.195606016644291,0.9882509645193877,0.003004511342724991,0.9844442414965034,0.003530889267615207,True,Solve_Succeeded,2,0.023491611995268613,0.028107799000281375,0.028715096996165812,True,4.077042216986263e-07,
156.9,171.612,171.579,4.483333399999999,-8.474564536591243,-1.7330378748463942,-0.00766393275194117,2.674162088351486,-0.03376292877593842,823.1092833683321,0.01937098763417943,-0.0023548835424939784,2.1495505606705763,0.9844442414965034,0.003530889267615207,0.9840309146976164,0.00650327072612801,True,Solve_Succeeded,2,0.022663500996713992,0.025810464001551736,0.026485840004170313,True,3.932121892535889e-07,
157.0,171.713,171.681,4.483333399999999,-8.207122443700246,-1.7352648225878995,-0.007912867097557716,2.5721491341642655,0.010562738113240216,823.3767718622021,0.018281316078959314,-0.004690644220854786,2.0826784372030716,0.9840309146976164,0.00650327072612801,0.9863304372027751,0.0017039408306387077,True,Solve_Succeeded,2,0.024075643996184226,0.02787168900249526,0.02826129000459332,True,3.140155052872018e-06,
157.1,171.812,171.783,4.483333399999999,-7.949614862392367,-1.7371421985259299,-0.006977551743478062,2.4823872039212116,0.011521317082826223,823.6343101442997,0.017024696750975735,-0.005275384584832156,2.0182938666786754,0.9863304372027751,0.0017039408306387077,0.9883638132486843,0.0005576403312370292,True,Solve_Succeeded,2,0.023457921997760423,0.027561791997868568,0.027977413999906275,True,2.586869889409371e-07,
157.2,171.912,171.885,4.483333399999999,-7.7008955189131605,-1.7387672594654058,-0.005894875517113123,2.3999241561877827,0.007291790320017974,823.8830457560973,0.01570153040093272,-0.005073196967658094,1.9561099637292614,0.9883638132486843,0.0005576403312370292,0.9874892985217832,-0.0015785303541026431,True,Solve_Succeeded,2,0.0246439120019204,0.027293601000565104,0.027785058002336882,True,9.645143594916306e-08,
157.3,172.012,171.987,4.483333399999999,-7.460013305714739,-1.7401303900006118,-0.0053661125740998,2.3250224422999652,0.0025027196363320917,824.123933388534,0.014489071589094613,-0.004846438787680539,1.8958880556200766,0.9874892985217832,-0.0015785303541026431,0.9829487375671833,-0.003917241468768041,True,Solve_Succeeded,2,0.02244802500354126,0.025708070999826305,0.026283514001988806,True,2.959216249820429e-08,
157.4,172.112,172.089,4.483333399999999,-7.2271543333426065,-1.7413181135299045,-0.005193488058118556,2.245541270382365,-0.006279637424585369,824.3567899424389,0.013438559461717904,-0.004450137713110058,1.83767391714386,0.9829487375671833,-0.003917241468768041,0.9785227358818082,-0.005809124372568625,True,Solve_Succeeded,2,0.02278317799937213,0.025713491995702498,0.02599575000203913,True,2.7590706957996293e-09,
157.5,172.212,172.191,4.483333399999999,-7.001714356526902,-1.7425315831614907,-0.005562662821998063,2.176656336252471,-0.003911714552390954,824.58222204867,0.012462643647175541,-0.0041191985450535346,1.781315890586086,0.9785227358818082,-0.005809124372568625,0.9705463885839358,-0.009246061100742277,True,Solve_Succeeded,2,0.02243958799954271,0.02578252399689518,0.02614127400011057,True,7.942598134746959e-08,
157.6,172.312,172.293,4.483333399999999,-6.783196838205657,-1.7438082338341443,-0.00619641944260358,2.1107894265686165,-0.007714378095620797,824.8007280578668,0.011617093983862082,-0.003619524370214129,1.7266893882869,0.9705463885839358,-0.009246061100742277,0.959409630887285,-0.012077522359769768,True,Solve_Succeeded,2,0.022853310998470988,0.025479951000306755,0.025803058997553308,True,2.934307241631018e-09,
157.7,172.412,172.395,4.483333399999999,-6.57120764088216,-1.745214379754747,-0.007147268792567516,2.048585838671955,-0.011024330707059589,825.0127035748347,0.010911751431334412,-0.003042090396179607,1.6736955090449044,0.959409630887285,-0.012077522359769768,0.9449661328718966,-0.01518523681896926,True,Solve_Succeeded,2,0.01930340199760394,0.022233551004319452,0.022657123998214956,True,9.532907774026877e-09,
157.8,172.512,172.497,4.483333399999999,-6.365397251391933,-1.746811451130897,-0.008448752058106567,1.9896048330835774,-0.014278445482220521,825.2184993597386,0.010347080536499537,-0.0024549898768394408,1.6222465628189298,0.9449661328718966,-0.01518523681896926,0.92739008283686,-0.018358191059754635,True,Solve_Succeeded,2,0.019503012001223397,0.02259832799609285,0.02290830099809682,True,4.425061650437101e-09,
157.9,172.612,172.599,4.483333399999999,-6.16545893112862,-1.748655633627985,-0.010073446837438986,1.9334374661799147,-0.017361699448639665,825.4184233057608,0.009916710972165205,-0.0018620933599217612,1.5722655763133844,0.92739008283686,-0.018358191059754635,0.9068787569619533,-0.021589207595854885,True,Solve_Succeeded,2,0.02222698799596401,0.024687623998033814,0.02493455200601602,True,6.98620509135921e-09,
158.0,172.713,172.701,4.483333399999999,-5.971126837514004,-1.7507944205381338,-0.01201240277243245,1.879702264853696,-0.020362076666607516,825.6127424007134,0.009612589192302184,-0.0012830626619890967,1.523685802575244,0.9068787569619533,-0.021589207595854885,0.8837218309052526,-0.024850411014409216,True,Solve_Succeeded,2,0.02536943200539099,0.028897656993649434,0.029211226996267214,True,1.1694246340168343e-08,
158.1,172.812,172.803,4.483333399999999,-5.782171836326335,-1.7532691266783176,-0.014253587611959977,1.828060462823317,-0.023244104729232537,825.8016870023722,0.009423808053821895,-0.0007322715618433388,1.4764496521605392,0.8837218309052526,-0.024850411014409216,0.8582654435537335,-0.02809064131305204,True,Solve_Succeeded,2,0.025406063999980688,0.028062186000170186,0.028538216996821575,True,5.218544896505497e-09,
158.2,172.912,172.905,4.483333399999999,-5.598397514136214,-1.7561148522535202,-0.016786214732149942,1.7782133349856701,-0.026011534249606554,825.985454874409,0.00933770577329037,-0.00022352657322857394,1.4305076841513367,0.8582654435537335,-0.02809064131305204,0.8308923737754426,-0.03129548151390861,True,Solve_Succeeded,2,0.020836789997702,0.023913051998533774,0.024237038000137545,True,1.458568821600145e-08,
158.3,173.012,173.007,4.483333399999999,-5.419636191414705,-1.7593606773788606,-0.019593955696490317,1.7299010672059745,-0.028595231253188285,826.1642152208907,0.009340524966731349,0.000236402360618327,1.3858175975309166,0.8308923737754426,-0.03129548151390861,0.8020039498519064,-0.034445950821057156,True,Solve_Succeeded,2,0.019547354997484945,0.023855557999922894,0.024243936000857502,True,2.609994422653585e-09,
158.4,173.112,173.109,4.483333399999999,-5.245744751659559,-1.7630289268358672,-0.022656057915120088,1.682904315856692,-0.030970926131186016,826.338112842836,0.009418855622569167,0.0006464179900624416,1.3423431920445807,0.8020039498519064,-0.034445950821057156,0.7720017922541637,-0.037500188830709325,True,Solve_Succeeded,2,0.02745763999701012,0.030939023999962956,0.031246671998815145,True,2.0525921298633707e-08,
158.5,173.212,173.211,4.483333399999999,-5.0766017775450285,-1.7671351766322827,-0.025950521905295666,1.6370302033337487,-0.0331307883247217,826.5072709877297,0.0095602047171014,0.0010077073227653492,1.3000536558211593,0.7720017922541637,-0.037500188830709325,0.7412734128348443,-0.040380735188174754,True,Solve_Succeeded,2,0.029520865995436907,0.03361818399571348,0.03414204999717185,True,5.524729072554739e-09,
158.6,173.312,173.279,4.483333399999999,-4.96642549250172,-1.7701204470974208,-0.02826450124459653,1.6068068567725535,-0.0348974296848093,826.6174633255393,0.009684131571574713,0.001223060947445762,1.2725055713687539,0.7412734128348443,-0.040380735188174754,0.7113367413592592,-0.04307995601559177,True,Solve_Succeeded,2,0.023816109998733737,0.02868980500352336,0.02904764199774945,True,2.1684190057533626e-08,
158.7,173.412,173.381,4.483333399999999,-4.8049682860498795,-1.7749736196193786,-0.03189177179068629,1.5625093964547323,-0.03657409382906102,826.7789550154886,0.009906421020003421,0.0015138785938405216,1.2321326488814464,0.7113367413592592,-0.04307995601559177,0.681475522133269,-0.04533351788334364,True,Solve_Succeeded,2,0.02075786899513332,0.02507609700114699,0.0255743719972088,True,2.117121194631852e-08,
158.8,173.512,173.483,4.483333399999999,-4.648002373509174,-1.780274655129908,-0.03567935216819558,1.519083516781562,-0.03794940302347587,826.9359696430918,0.01016589205205187,0.001776971284553605,1.192878991980649,0.681475522133269,-0.04533351788334364,0.6517746526421613,-0.04703798176985661,True,Solve_Succeeded,2,0.022442756002419628,0.024906979000661522,0.02522229299938772,True,2.194266698484111e-08,
158.9,173.612,173.585,4.483333399999999,-4.4954417447549995,-1.7860155230017947,-0.03959044541099176,1.4765032421946227,-0.0388772271101659,827.088595111051,0.010457202262919388,0.002031661557293403,1.1547226249908533,0.6517746526421613,-0.04703798176985661,0.6222054334789403,-0.04810175145291171,True,Solve_Succeeded,2,0.02441469399491325,0.027474698996229563,0.027977090001513716,True,9.115015804628517e-08,
159.0,173.714,173.687,4.483333399999999,-4.347203191541021,-1.7921804519336317,-0.043571681638904874,1.434740710697929,-0.039238835539229217,827.2369162699689,0.010779539302486093,0.002314724076163205,1.1176423352613654,0.6222054334789403,-0.04810175145291171,0.593001205703166,-0.04844125121638404,True,Solve_Succeeded,2,0.024633326000184752,0.02859728899784386,0.02898637799808057,True,8.680626176465339e-08,
159.1,173.812,173.789,4.483333399999999,-4.203171937219373,-1.798745833894023,-0.04754474016517103,1.3943712986601868,-0.03879170352854163,827.3810490809088,0.01113886363031317,0.002689770668805533,1.0816091325263812,0.593001205703166,-0.04844125121638404,0.5641137246581737,-0.04808507773854386,True,Solve_Succeeded,2,0.021812967002915684,0.025078904996917117,0.025479928001004737,True,2.3868905494228883e-07,
159.2,173.912,173.891,4.483333399999999,-4.063279922236829,-1.8056762916175069,-0.05146777048073989,1.3540920124987648,-0.038064239954322676,827.5210620463143,0.011548694149365216,0.0031834856553029367,1.0466058911750054,0.5641137246581737,-0.04808507773854386,0.5360392828539349,-0.04693509172853205,True,Solve_Succeeded,2,0.022210089999134652,0.025270906997320708,0.02555677200143691,True,2.2279528384390544e-07,
159.3,174.012,173.993,4.483333399999999,-3.927482252012342,-1.8129315414852771,-0.055282187873315666,1.3145383754372892,-0.03667534196941165,827.6570028439442,0.012015570463193109,0.0035986418807118646,1.0126206917675518,0.5360392828539349,-0.04693509172853205,0.5089197744880574,-0.04504661724863607,True,Solve_Succeeded,2,0.026378165995993186,0.029191754998464603,0.029612837999593467,True,1.441204159908626e-07,
159.4,174.112,174.095,4.483333399999999,-3.7957034055895074,-1.8204657216250444,-0.05892312315157008,1.2757249405143107,-0.03468397082373947,827.7889529460213,0.012488427810356468,0.003483313382928434,0.9796331662482771,0.5089197744880574,-0.04504661724863607,0.48286472743669084,-0.04245419593193504,True,Solve_Succeeded,2,0.021307306000380777,0.023857066997152288,0.024190907999582123,True,6.105114159300675e-08,
159.5,174.212,174.197,4.483333399999999,-3.6678681517519327,-1.8282273574295673,-0.062331866734949,1.2376349961368973,-0.03218204404050965,827.9169868444251,0.012903004578955693,0.0029248771735881987,0.9476246916473202,0.48286472743669084,-0.04245419593193504,0.4579844142993914,-0.0392097183607168,True,Solve_Succeeded,2,0.02505484499852173,0.028481235000072047,0.028890927002066746,True,2.2528213248552455e-08,
159.6,174.312,174.299,4.483333399999999,-3.5438983034586777,-1.836161778363804,-0.06546150542195817,1.2003044333662918,-0.0292793689386244,828.041180937807,0.013213316257588101,0.0020204886662765764,0.9165761683018446,0.4579844142993914,-0.0392097183607168,0.43436161701372866,-0.03537182996409618,True,Solve_Succeeded,2,0.0230101970009855,0.02626159599458333,0.02674786800344009,True,7.53695503627385e-08,
159.7,174.412,174.401,4.483333399999999,-3.4237138515546963,-1.8442131057284903,-0.0682753103431768,1.163741963070332,-0.026066323102962512,828.1616126747298,0.013388870383232762,0.000857512603500421,0.8864682340711454,0.43436161701372866,-0.03537182996409618,0.41207065558278616,-0.031006272468076156,True,Solve_Succeeded,2,0.024760074004007038,0.028888601998914964,0.02924369399988791,True,4.903338269234784e-08,
159.8,174.512,174.503,4.483333399999999,-3.307231591108681,-1.8523260492827123,-0.07074673497188384,1.1279807253847143,-0.022634255565473514,828.27836201719,0.01341193149001157,-0.0004873200610491929,0.8572808984560822,0.41207065558278616,-0.031006272468076156,0.39116363963964956,-0.02618140895245719,True,Solve_Succeeded,2,0.022897752998687793,0.02732066499447683,0.02761693100183038,True,3.96277156024423e-08,
159.9,174.612,174.605,4.483333399999999,-3.1943650826874412,-1.860447194378098,-0.07285500433882185,1.0930497210978287,-0.019037938470916255,828.3915115884213,0.013275150139694653,-0.0019442308633701305,0.8289935056482705,0.39116363963964956,-0.02618140895245719,0.3716744134858654,-0.02097189498122593,True,Solve_Succeeded,2,0.022806168999522924,0.02592592599830823,0.026384598997537978,True,5.753941481308547e-08,
160.0,174.712,174.707,4.483333399999999,-3.0850252891680534,-1.8685259168504584,-0.07458860734961265,1.0589733222865734,-0.015364474286439393,828.5011461062064,0.012979484163346757,-0.003454471675266857,0.8015848762019857,0.3716744134858654,-0.02097189498122593,0.3536129828411877,-0.015449152891978533,True,Solve_Succeeded,2,0.020886467995296698,0.02465854599722661,0.025013907994434703,True,2.1928079557437946e-08,
160.1,174.812,174.809,4.483333399999999,-2.979119433168106,-1.876515473124491,-0.07594334099058837,1.0257900319186355,-0.011678594215404143,828.6073539345663,0.012532069623667853,-0.004968814861334783,0.7750329191120217,0.3536129828411877,-0.015449152891978533,0.336953635450352,-0.009684531764145129,True,Solve_Succeeded,2,0.020494233001954854,0.023791773004631978,0.024150911005563103,True,1.901734542433288e-08,
160.2,174.912,174.911,4.483333399999999,-2.876552227923792,-1.8843735121322327,-0.07692114875960213,0.9935238635476575,-0.008035712527061463,828.7102261846038,0.011944522377930856,-0.006446728839116261,0.7493148566026377,0.336953635450352,-0.009684531764145129,0.3216353570414998,-0.0037471934425650343,True,Solve_Succeeded,2,0.021690046996809542,0.024604368998552673,0.024864623999746982,True,4.7403164249470477e-08,
160.3,175.012,174.979,4.483333399999999,-2.8099804109157374,-1.8895206140574186,-0.07736556900824991,0.9724500607602082,-0.005108990802196234,828.7770009191076,0.011481909410029946,-0.007393995201468037,0.7326211729766783,0.3216353570414998,-0.0037471934425650343,0.30760871631190956,0.002447914728098839,True,Solve_Succeeded,2,0.023124653002014384,0.028788782998162787,0.029621709996717982,True,1.140177507421257e-07,
160.4,175.112,175.081,4.483333399999999,-2.7127570160113943,-1.8970785997128798,-0.07773282985296265,0.941786381777198,-0.0016635755318008944,828.8745253327086,0.010694272842422985,-0.008742082290302986,0.7082400695764476,0.30760871631190956,0.002447914728098839,0.29496361569361407,0.008615681609258817,True,Solve_Succeeded,2,0.021148605999769643,0.025200466996466275,0.02564973600237863,True,1.0774947908583944e-07,
160.5,175.212,175.183,4.483333399999999,-2.6186031259554023,-1.9044162771353188,-0.07775093509868385,0.9121188945175294,0.0016726906042067548,828.968973129162,0.009809023801914684,-0.009982176585785082,0.6846281204630884,0.29496361569361407,0.008615681609258817,0.2833350419586437,0.014747142824728554,True,Solve_Succeeded,2,0.025400122998689767,0.030139767994114663,0.030672972003230825,True,1.4899553035796487e-08,
160.6,175.312,175.285,4.483333399999999,-2.527414240537006,-1.9115090944428486,-0.0774330474772652,0.8834644404987134,0.004823773883590383,829.0604456820563,0.008843891800732862,-0.011095616598784443,0.6617599822395164,0.2833350419586437,0.014747142824728554,0.27228476824195186,0.020780203609410113,True,Solve_Succeeded,2,0.023101168000721373,0.027189354004804045,0.027698598001734354,True,1.593019807003839e-07,
160.7,175.412,175.387,4.483333399999999,-2.4390845084416197,-1.918337268455849,-0.076802235696043,0.8558322933424378,0.007737598432003582,829.1490463854774,0.007816226786262702,-0.012076567804420846,0.639609806384243,0.27228476824195186,0.020780203609410113,0.261600925557157,0.02665200885936809,True,Solve_Succeeded,2,0.023620428000867832,0.026746809999167453,0.027032315003452823,True,1.8596869582948247e-07,
160.8,175.512,175.489,4.483333399999999,-2.35350832750106,-1.9248857509585287,-0.07588285100049857,0.8292125415444882,0.010405802784026747,829.2348788798304,0.006742198208352354,-0.012923280909772628,0.6181516827959967,0.261600925557157,0.02665200885936809,0.2510853564703414,0.032303676939403586,True,Solve_Succeeded,2,0.0228976100042928,0.025193822002620436,0.025477201998000965,True,7.756121824735018e-08,
160.9,175.612,175.591,4.483333399999999,-2.2705834227639903,-1.9311435321371293,-0.0746993888795418,0.8035658495208585,0.012827691481663387,829.3180439605089,0.005636658957422432,-0.01363675039312723,0.5973604126263581,0.2510853564703414,0.032303676939403586,0.24058121414621084,0.03768252468067465,True,Solve_Succeeded,2,0.02429728099377826,0.028191461999085732,0.02844731799996225,True,4.7711143974201245e-08,
161.0,175.712,175.693,4.483333399999999,-2.1902115918490024,-1.9371033305193537,-0.07328095845664934,0.7788532034180083,0.014974478090432258,829.3986388026233,0.00451287337464124,-0.014224987527956033,0.5772117020977703,0.24058121414621084,0.03768252468067465,0.22997621946634866,0.04275029806042477,True,Solve_Succeeded,2,0.018609605998790357,0.021766217003460042,0.022037424001609907,True,7.528928372394395e-08,
161.1,175.812,175.795,4.483333399999999,-2.1123005237750756,-1.942761194170333,-0.07165299919298133,0.7550137118796542,0.01686612681959758,829.476755080295,0.0033823561398522934,-0.01469449830593765,0.5576826326798425,0.22997621946634866,0.04275029806042477,0.21921506623761738,0.04747337309475708,True,Solve_Succeeded,2,0.021839975997863803,0.025927064998541027,0.0263301209997735,True,7.985719975652677e-08,
161.2,175.912,175.897,4.483333399999999,-2.036763419882732,-1.948115980837551,-0.06984333114736199,0.7319971495848128,0.01849279192475976,829.5524794550688,0.00225504363012224,-0.01505614205858477,0.5387515389863893,0.21921506623761738,0.04747337309475708,0.20828415823921428,0.05183168899672734,True,Solve_Succeeded,2,0.024966254000901245,0.02855091200035531,0.028813801996875554,True,5.0129083962602435e-08,
161.3,176.012,175.999,4.483333399999999,-1.963519527378255,-1.9531692295526026,-0.06788160053634139,0.7097445180803317,0.01984215192903515,829.6258928162518,0.001139083171372647,-0.015324369411216829,0.5203981986906285,0.20828415823921428,0.05183168899672734,0.1972060087797125,0.055816927371545116,True,Solve_Succeeded,2,0.021244205003313255,0.02414160899934359,0.024374901004193816,True,2.273152999741447e-08,
161.4,176.112,176.101,4.483333399999999,-1.8924943155501495,-1.9579247562071176,-0.06579311254824818,0.688198637733886,0.020953278351204897,829.6970699001135,4.097661478563142e-05,-0.015510863183436112,0.5026039277252039,0.1972060087797125,0.055816927371545116,0.18603643004034476,0.05942262458684566,True,Solve_Succeeded,2,0.025643494998803362,0.029189623004640453,0.02948230099718785,True,1.3182358353933452e-07,
161.5,176.213,176.203,4.483333399999999,-1.823619089415074,-1.9623881593110952,-0.06360215793181945,0.6673058236743489,0.02183456555517943,829.7660801526495,-0.0010326473913510725,-0.01556203331228001,0.5,0.18603643004034476,0.05942262458684566,0.18274285111766425,0.06282167401548551,True,Solve_Succeeded,2,0.025472235000052024,0.02998439100338146,0.030563391999749,True,3.372197603858265e-07,
161.6,176.312,176.305,4.483333399999999,-1.7568120641282703,-1.966568632739558,-0.061365530695989656,0.6472587064363474,0.022284743307229866,829.833006459116,-0.00207179322567917,-0.015461085060950843,0.5,0.18274285111766425,0.06282167401548551,0.18705361444986843,0.06606473464230526,True,Solve_Succeeded,2,0.026229292001517024,0.029686677997233346,0.030038172997592483,True,2.89811036441399e-07,
161.7,176.412,176.407,4.483333399999999,-1.6920074603123743,-1.9704761676606746,-0.05905521605812511,0.6279542543079205,0.022919560654379403,829.897915905476,-0.0030677218683155144,-0.01518740321585152,0.5,0.18705361444986843,0.06606473464230526,0.19744671546374237,0.06904869231894692,True,Solve_Succeeded,2,0.023032188997603953,0.026967564001097344,0.027533984000911005,True,2.2022299535519449e-07,
161.8,176.512,176.509,4.483333399999999,-1.6290891322620464,-1.974121911083489,-0.0566787843055749,0.6100699344986917,0.023486321773125204,829.9609258510725,-0.004012225190603644,-0.014756922746767175,0.5,0.19744671546374237,0.06904869231894692,0.21238657284127807,0.07174699838101516,True,Solve_Succeeded,2,0.022887044004164636,0.026389684004243463,0.02681561600184068,True,1.204707103868931e-07,
161.9,176.612,176.611,4.483333399999999,-1.567894959695478,-1.9775202576500663,-0.0542543062167486,0.5939272788508598,0.023885034769920127,830.0221994983344,-0.004900227702130402,-0.014196799099913844,0.5,0.21238657284127807,0.07174699838101516,0.23047567202463334,0.07413519823241096,True,Solve_Succeeded,2,0.02582525199977681,0.03007942399563035,0.030819628002063837,True,6.189999482084096e-08,
162.0,176.713,176.679,4.483333399999999,-1.5279648489053912,-1.9796562263054454,-0.0526175464818907,0.584319849537927,0.02424014078526166,830.0621765641158,-0.005459479016307099,-0.013762149528586835,0.5,0.23047567202463334,0.07413519823241096,0.24855556138944737,0.07614977303747124,True,Solve_Succeeded,2,0.020931407001626212,0.025129747999017127,0.025983501996961422,True,1.2793611474363098e-07,
162.1,176.812,176.781,4.483333399999999,-1.4692380322643888,-1.982676861920687,-0.05015495457535769,0.5711142197186668,0.024172819341178074,830.1209655205436,-0.006248063079605081,-0.013047709644861578,0.5,0.24855556138944737,0.07614977303747124,0.2684179424264709,0.07786988295617221,True,Solve_Succeeded,2,0.02650122399791144,0.03210496400424745,0.032583961001364514,True,6.236771771901337e-08,
162.2,176.912,176.883,4.483333399999999,-1.4117321055311147,-1.9854923248122593,-0.04767017061416427,0.5602111130971885,0.024568548496299424,830.178524597508,-0.0069769342687424594,-0.012252753082185694,0.5,0.2684179424264709,0.07786988295617221,0.28886278347849775,0.07917534958815056,True,Solve_Succeeded,2,0.02365819800616009,0.028288622997934,0.028859396996267606,True,3.8501779752245224e-08,
162.3,177.012,176.985,4.483333399999999,-1.3552328607262565,-1.9881169270748662,-0.0451576467593949,0.5512129831105779,0.024755606559356727,830.2350688110387,-0.007645719401271462,-0.011380221187594262,0.5,0.28886278347849775,0.07917534958815056,0.3090161229175265,0.08010652390327018,True,Solve_Succeeded,2,0.02330982899729861,0.027835023000079673,0.02823873099987395,True,4.644197267364815e-08,
162.4,177.112,177.087,4.483333399999999,-1.299549762874654,-1.990562879873823,-0.04262906809243444,0.5440494772097144,0.024849175846006866,830.2907895203106,-0.008254404618131695,-0.010449154060889587,0.5,0.3090161229175265,0.08010652390327018,0.32829419639227064,0.08065502645461214,True,Solve_Succeeded,2,0.023962348997883964,0.02767362400481943,0.028382098993461113,True,6.814666963172143e-08,
162.5,177.213,177.189,4.483333399999999,-1.2445010989837737,-1.99284127669449,-0.04009479666579381,0.538611476650061,0.0248610783311657,830.3458692753952,-0.008803565343296503,-0.009476646211415488,0.5,0.32829419639227064,0.08065502645461214,0.3462516263771388,0.08082326913406213,True,Solve_Succeeded,2,0.026562030005152337,0.030655298003694043,0.031041481997817755,True,1.0035134157969274e-07,
162.6,177.312,177.291,4.483333399999999,-1.1899188234485965,-1.9949617866879086,-0.03756181450809542,0.5347474899033191,0.02481584544781974,830.400476704656,-0.009294048029926878,-0.008475710345588852,0.5,0.3462516263771388,0.08082326913406213,0.36257229633366195,0.08062515389433214,True,Solve_Succeeded,2,0.030444381998677272,0.03389123200031463,0.03420124499825761,True,1.293404529228233e-07,
162.7,177.412,177.393,4.483333399999999,-1.1356517050138073,-1.9969325263330961,-0.03503585091943958,0.5322820012315945,0.02471833245334151,830.4547635624556,-0.009726758836717182,-0.0074573723313973925,0.5,0.36257229633366195,0.08062515389433214,0.3770600823617317,0.08006851293126171,True,Solve_Succeeded,2,0.024398972003837116,0.02815760900557507,0.02853175899508642,True,1.8439793097736442e-07,
162.8,177.512,177.495,4.483333399999999,-1.0815676437742583,-1.9987601185661659,-0.03252264027945093,0.531020827290737,0.02456610078289638,830.5088624220742,-0.010102607665979967,-0.006431916857803068,0.5,0.3770600823617317,0.08006851293126171,0.3896229488037989,0.07916826904879457,True,Solve_Succeeded,2,0.02239672400173731,0.026894697002717294,0.027445416002592538,True,2.545381021078902e-07,
162.9,177.612,177.597,4.483333399999999,-1.0275530601204015,-2.0004499174733943,-0.030028259635625634,0.5307860293465277,0.024352447545608717,830.5628873236898,-0.010422540230040283,-0.005409289041208989,0.5,0.3896229488037989,0.07916826904879457,0.40024763327537394,0.07794210038501972,True,Solve_Succeeded,2,0.028526875001261942,0.03241684100066777,0.03288815900305053,True,2.74249539489093e-07,
163.0,177.713,177.699,4.483333399999999,-0.9735141954562819,-2.0020061965989386,-0.027559608498335848,0.5313808008611208,0.024070479087892022,830.61693253922,-0.010687595572267969,-0.004399580004018872,0.5,0.40024763327537394,0.07794210038501972,0.40899459295024243,0.07640650778445647,True,Solve_Succeeded,2,0.02384535999590298,0.027923225999984425,0.028264440996281337,True,1.7455016864827123e-07,
163.1,177.812,177.801,4.483333399999999,-0.919375532075769,-2.003432434852292,-0.025123858415705032,0.5326350312758207,0.023717464004679605,830.6710739670555,-0.010898996451182735,-0.0034125559486715765,0.5,0.40899459295024243,0.07640650778445647,0.41597180929524863,0.07459033217427866,True,Solve_Succeeded,2,0.02662444800080266,0.030208420001144987,0.030650534004962537,True,4.30064097182146e-08,
163.2,177.912,177.903,4.483333399999999,-0.865078742182949,-2.0047315461880384,-0.022728538609940955,0.5343859433138224,0.023289783228555624,830.725370367034,-0.011058214843878124,-0.0024578028840842626,0.5,0.41597180929524863,0.07459033217427866,0.4213256522744948,0.07251252804473826,True,Solve_Succeeded,2,0.022026015001756605,0.02573627699894132,0.026055477996123955,True,4.252707643308208e-07,
163.3,178.012,178.005,4.483333399999999,-0.8105815200455562,-2.0059061225677457,-0.02038188623079934,0.5364843068464931,0.022782707076931343,830.779864372876,-0.011166856389691992,-0.0015311891581032968,0.5,0.4213256522744948,0.07251252804473826,0.4252270969696981,0.07019811940106724,True,Solve_Succeeded,2,0.019693900001584552,0.02230285400582943,0.022598617993935477,True,7.06615659247815e-07,
163.4,178.112,178.107,4.483333399999999,-0.7558552633158784,-2.0069586607640817,-0.018091740649496015,0.5388057781954847,0.02220053501865284,830.83458524908,-0.011225466405973784,-0.0006143723047839848,0.5,0.4252270969696981,0.07019811940106724,0.4278572845869884,0.06767206498923217,True,Solve_Succeeded,2,0.02494102700438816,0.02898550499958219,0.02937106699391734,True,7.172637217472261e-07,
163.5,178.213,178.209,4.483333399999999,-0.7008834168288038,-2.007891721341643,-0.015866039719461596,0.5412408720143148,0.02154210328401543,830.8895499761032,-0.01123439043590534,0.0002841611458757644,0.5,0.4278572845869884,0.06767206498923217,0.42939990163271907,0.06495702925198343,True,Solve_Succeeded,2,0.02476255600049626,0.02959853899665177,0.03002113500406267,True,5.060877648419958e-07,
163.6,178.312,178.311,4.483333399999999,-0.6456595768173143,-2.0087080664345742,-0.013712086241999849,0.5436989965633875,0.02081474673004792,830.9447654858958,-0.01119442543609202,0.0011561845689452566,0.5,0.42939990163271907,0.06495702925198343,0.43003242636041933,0.06208600309724628,True,Solve_Succeeded,2,0.022021212003892288,0.02466457300033653,0.024922402000811417,True,2.170915386824786e-07,
163.7,178.412,178.379,4.483333399999999,-0.6087043134810073,-2.009188915612615,-0.012319857413759884,0.5453277410804133,0.020151060163982843,830.9817145505389,-0.0111411834646365,0.0017186025245255684,0.5,0.43003242636041933,0.06208600309724628,0.43025730069972135,0.05906128798246684,True,Solve_Succeeded,2,0.022751563003112096,0.025903089001076296,0.026431409001816064,True,3.3095730131861133e-08,
163.8,178.512,178.481,4.483333399999999,-0.5530678903692452,-2.00981771310016,-0.010300973359379283,0.5476661866423765,0.019313051518914846,831.0373410321955,-0.011022725407194222,0.0025296516145010394,0.5,0.43025730069972135,0.05906128798246684,0.4297907031701217,0.055933151571680356,True,Solve_Succeeded,2,0.023200192998046987,0.027928997005801648,0.02819895099673886,True,1.0138957792447652e-07,
163.9,178.612,178.583,4.483333399999999,-0.4971977342050402,-2.010338796907383,-0.008371202751290524,0.549882866163606,0.018418435580080328,831.0932007543952,-0.010859676577347696,0.003295571977975059,0.5,0.4297907031701217,0.055933151571680356,0.4287836276086021,0.05271877066700909,True,Solve_Succeeded,2,0.024587669999164063,0.027702107996447012,0.028039915996487252,True,2.0514828007336212e-08,
164.0,178.712,178.685,4.483333399999999,-0.44110788701254977,-2.0107563064837937,-0.00653611878528194,0.5519471741385806,0.017476813348429487,831.1492798199995,-0.01065442225087415,0.004010566828344987,0.5,0.4287836276086021,0.05271877066700909,0.42737312159296664,0.04944267371420951,True,Solve_Succeeded,2,0.02286878999439068,0.026584425999317318,0.026948617000016384,True,4.6158750013222346e-08,
164.1,178.812,178.787,4.483333399999999,-0.38481576596423117,-2.011074781704972,-0.0048001523643654695,0.5538298687062263,0.016497003564011414,831.2055609166014,-0.010409715228298567,0.004670082255685785,0.5,0.42737312159296664,0.04944267371420951,0.4256610414637457,0.046127736571539006,True,Solve_Succeeded,2,0.023169742002210114,0.026004430001194123,0.026335759001085535,True,4.059217949698704e-09,
164.2,178.912,178.889,4.483333399999999,-0.32834111851134173,-2.011299129808091,-0.003166870573942817,0.5555134075560222,0.015486972799055608,831.2620245413044,-0.010128618136281957,0.005270498030440893,0.5,0.4256610414637457,0.046127736571539006,0.42373456863914577,0.04279487993169589,True,Solve_Succeeded,2,0.021458579998579808,0.024448438998661004,0.024832999995851424,True,4.560598115544963e-08,
164.3,179.012,178.991,4.483333399999999,-0.2717050257298609,-2.0114345794789834,-0.0016385968893272787,0.556988434363861,0.01445680064319029,831.3186500990932,-0.009814441470505881,0.005809483242379002,0.5,0.42373456863914577,0.04279487993169589,0.421670389879686,0.039463255786484394,True,Solve_Succeeded,2,0.022189244999026414,0.024864683000487275,0.025114105999819003,True,1.9218000795727136e-08,
164.4,179.112,179.093,4.483333399999999,-0.21492909053807496,-2.0114866248443892,-0.00021737267528065856,0.5582525915374467,0.013411016670281932,831.3754160298984,-0.009470679750215562,0.006285018806601594,0.5,0.421670389879686,0.039463255786484394,0.419532471732244,0.03615258366466035,True,Solve_Succeeded,2,0.023607832001289353,0.028230397001607344,0.02891148300113855,True,2.7959957347844643e-07,
164.5,179.213,179.195,4.483333399999999,-0.15803479678991628,-2.0114609982499,0.001095493444774244,0.5593095361990502,0.012356155632792559,831.432300844157,-0.009100971377798394,0.006697160027930882,0.5,0.419532471732244,0.03615258366466035,0.41737398978374357,0.03287976763928036,True,Solve_Succeeded,2,0.024674637999851257,0.028198180996696465,0.028517142003693152,True,3.223735754868712e-07,
164.6,179.312,179.297,4.483333399999999,-0.10104322117963094,-2.011363604704774,0.0022995961281077316,0.5601643242149136,0.011300967890147425,831.4892834159813,-0.008708708851509322,0.007055569129023856,0.5,0.41737398978374357,0.03287976763928036,0.4152415713697444,0.029667554595697997,True,Solve_Succeeded,2,0.02306789099384332,0.026467791001778096,0.02676166099990951,True,1.5002651646423958e-07,
164.7,179.412,179.399,4.483333399999999,-0.04397445647428666,-2.0112004586123753,0.003395400267744494,0.5608287733407328,0.01025299667018546,831.5463441546455,-0.008296923530549538,0.007362880538785485,0.5,0.4152415713697444,0.029667554595697997,0.4131731009136931,0.02653013500356928,True,Solve_Succeeded,2,0.025509350998618174,0.02852563800115604,0.028796402999432757,True,6.204732089880712e-08,
164.8,179.512,179.501,4.483333399999999,0.013152593494542675,-2.010977626383933,0.00438377575865729,0.5613150050428214,0.009217403118089544,831.6034642636329,-0.007868602976499713,0.00762012523591222,0.5,0.4131731009136931,0.02653013500356928,0.41120079392369197,0.02348346546333084,True,Solve_Succeeded,2,0.025656623001850676,0.02863905199774308,0.028916190000018105,True,1.0011538357145385e-07,
164.9,179.612,179.603,4.483333399999999,0.07032050023315173,-2.010701157103373,0.005266961141003543,0.5616383342078605,0.00820606649153702,831.6606261044393,-0.007426649032428005,0.007829771508897842,0.5,0.41120079392369197,0.02348346546333084,0.40935133137796864,0.02054065152594159,True,Solve_Succeeded,2,0.02247303100011777,0.02521670300484402,0.025571384001523256,True,2.3360704404041735e-08,
