elapsed_s,publish_time_s,odometry_time_s,commissioned_delay_ms,delay_prediction_steps,delay_prediction_model,x_m,y_m,yaw_rad,speed_mps,yaw_rate_radps,predicted_start_x_m,predicted_start_y_m,predicted_start_yaw_rad,predicted_start_speed_mps,projected_start_speed_mps,predicted_start_yaw_rate_radps,progress_m,lateral_error_m,yaw_error_rad,reference_speed_mps,published_speed_command_mps,published_steering_command_rad,next_speed_command_mps,next_steering_command_rad,first_delta_speed_mps,first_delta_yaw_rad,desired_next_speed_mps,desired_next_yaw_rad,raw_steering_command_rad,steering_command_saturated,solver_success,solver_status,solver_iterations,solver_time_s,mpc_total_compute_s,cycle_compute_s,deadline_met,constraint_violation,objective,warm_start_source,fallback_reason
0.0,15.066,15.054,4.566666700000001,1,learned_h2,0.12024192119046706,-1.5104585160330406,0.6961873546570357,0.00022040106402036714,4.690453891354924e-07,0.12015127850252805,-1.5105342740737777,0.6961827566830465,-0.0026560849067463585,0.0,-9.25839355468995e-05,-0.008482723216062103,0.4929292243040491,0.6982201270902183,0.5,0.0,0.0,4.065101730523208,1.5519486753653974e-43,4.065101730523208,1.1800856865516078e-43,4.065101730523208,0.6961827566830465,1.5519486753653974e-43,False,True,Solve_Succeeded,14,0.021116748997883406,0.02386765300616389,0.024319977004779503,True,3.1204270833917747e-09,562.4048288748455,shifted_warm_start,
0.1,15.166,15.156,4.566666700000001,1,learned_h2,0.1201799233932832,-1.5105102895188693,0.6961873175022782,0.0002203513224698032,6.778018011058861e-07,0.1268254014502717,-1.5049588922683828,0.6956842286364253,0.1728978886377381,0.1728978886377381,-0.010062652585118395,-0.008544936696450412,0.4928773248778328,0.6982207371730617,0.5,4.065101730523208,1.5519486753653974e-43,4.124993359973366,-0.04201068693995467,3.9520954713356273,-0.03194449090165217,4.124993359973366,0.6637397377347731,-0.04201068693995467,False,True,Solve_Succeeded,15,0.022211743002117146,0.024939557995821815,0.025291284000559244,True,1.583762232471031e-09,563.0015676289256,shifted_warm_start,
0.2,15.266,15.258,4.566666700000001,1,learned_h2,0.1274323234311716,-1.504448316209794,0.6961866848021151,0.21622829297658208,-1.9441187443206002e-05,0.15287052260589612,-1.4832123819622207,0.6949221354444254,0.39216818356328786,0.39216818356328786,-0.025266659747894795,-0.0012669932884095446,0.4989537598496164,0.6981448580621327,0.5,4.124993359973366,-0.04201068693995467,4.175409762124888,-0.09357788191351306,3.7832415785616003,-0.07115565145732236,4.175409762124888,0.623766483987103,-0.09357788191351306,False,True,Solve_Succeeded,15,0.02224210400163429,0.02533263499935856,0.025689109999802895,True,1.3729492542857713e-09,566.0971018071104,shifted_warm_start,
0.3,15.366,15.36,4.566666700000001,1,learned_h2,0.15385314904595693,-1.4823681730533993,0.6959648760374486,0.4590154966723097,-0.005721730136526764,0.19909969324548513,-1.444642066975244,0.6939444222997789,0.6221997692846615,0.6221997692846615,-0.03347815231086715,0.025250866680761586,0.521082034432562,0.6976539435692504,0.5,4.175409762124888,-0.09357788191351306,4.2029235540410985,-0.14393153097587305,3.580723784756437,-0.10944404428071476,4.2029235540410985,0.5845003780190642,-0.14393153097587305,False,True,Solve_Succeeded,14,0.020325944999058265,0.022872731999086682,0.02322796399676008,True,2.5520085489283417e-09,572.0247661700123,shifted_warm_start,
0.4,15.466,15.462,4.566666700000001,1,learned_h2,0.1989296648570671,-1.4447552065814375,0.694506612069265,0.6921279469986451,-0.024692100742990827,0.2629069143869576,-1.3917200397912564,0.6896744753480203,0.8513127402550875,0.8513127402550875,-0.06772005373814297,0.0705124889788382,0.5587609986242633,0.6957505614939702,0.5,4.2029235540410985,-0.14393153097587305,4.197457197555217,-0.18885101301766394,3.346144457300129,-0.14360035282767672,4.197457197555217,0.5460741225203436,-0.18885101301766394,False,True,Solve_Succeeded,23,0.030231934004405048,0.03278087399667129,0.033247096005652566,True,1.0589895627077794e-09,576.3489831031349,shifted_warm_start,
0.5,15.566,15.564,4.566666700000001,1,learned_h2,0.2619766969804729,-1.3924408610966474,0.6902919420070994,0.9140984505987001,-0.05909749019509483,0.34327541238699155,-1.325909886898894,0.6812420290757731,1.0668843478087133,1.0668843478087133,-0.11413929801307619,0.13385648556365945,0.6111348840288044,0.6909434082053527,0.5,4.197457197555217,-0.18885101301766394,4.168913404639305,-0.22580196945287986,3.1020290568305913,-0.1716974770984415,4.168913404639305,0.5095445519773316,-0.22580196945287986,False,True,Solve_Succeeded,13,0.01781995400233427,0.020584536003298126,0.02123170599952573,True,6.578076972019176e-11,577.7157131263598,shifted_warm_start,
0.6,15.666,15.666,4.566666700000001,1,learned_h2,0.34233523042099967,-1.3266096456987453,0.6818469017280209,1.1224209464851644,-0.10630728258949845,0.43965808458726086,-1.248737614693107,0.6677114134699244,1.2679201382486112,1.2679201382486112,-0.16669308402505206,0.21464812258733865,0.6769897998611769,0.6817952531225022,0.5555555555599999,4.168913404639305,-0.22580196945287986,4.021610243041585,-0.25569860066333927,2.7536901047929736,-0.19443056558751062,4.021610243041585,0.47328084788241376,-0.25569860066333927,False,True,Solve_Succeeded,13,0.02543752199562732,0.027859551999426913,0.028210275995661505,True,3.6885409726572504e-09,574.8081353192083,shifted_warm_start,
0.7,15.766,15.734,4.566666700000001,1,learned_h2,0.40519495011014683,-1.2760137000161977,0.6733148935314397,1.2515931909560105,-0.14480050537039418,0.5452784174115827,-1.1667806065179565,0.6507296423048476,1.3858776096638081,1.3858776096638081,-0.2010070828040304,0.27788029665031616,0.7275663253370905,0.6727549252621523,0.6481481481533332,4.021610243041585,-0.25569860066333927,3.8293392189716666,-0.27092325671414513,2.4434616093078585,-0.2060072362425484,3.8293392189716666,0.44472240606229924,-0.27092325671414513,False,True,Solve_Succeeded,14,0.01773547199991299,0.020221989005221985,0.02102275300421752,True,3.181857943790334e-09,569.9186081122701,shifted_warm_start,
0.8,15.866,15.836,4.566666700000001,1,learned_h2,0.5128257227839909,-1.19165098973372,0.6557287595110001,1.4269164875916531,-0.20273611098469915,0.6716014629420678,-1.0731714069982727,0.6260215676484463,1.5488688600103704,1.5488688600103704,-0.2512494947371312,0.38619385427435027,0.8118255904736088,0.6543859243402798,0.7407407407466666,3.8293392189716666,-0.27092325671414513,3.4692010500585804,-0.2906866039103919,1.9203321900482098,-0.2210350806003198,3.4692010500585804,0.4049864870481265,-0.2906866039103919,False,True,Solve_Succeeded,15,0.02238087300065672,0.02500716099893907,0.025476729999354575,True,1.2203271726463072e-10,557.738847773019,shifted_warm_start,
0.9,15.966,15.938,4.566666700000001,1,learned_h2,0.6355584265781612,-1.0994265578164804,0.6328395274980229,1.5818124438201484,-0.2426679947436891,0.810870701529061,-0.9753353549688683,0.5988294845719878,1.6837333673511676,1.6837333673511676,-0.2794751097055129,0.5097312266822347,0.9038372942144943,0.630743322406529,0.8333333333399999,3.4692010500585804,-0.2906866039103919,2.230676460044904,-0.3083666797312422,0.5469430926937361,-0.23447882699768072,2.230676460044904,0.36435065757430707,-0.3083666797312422,False,True,Solve_Succeeded,11,0.014367446005053353,0.016924628005654085,0.017245142000319902,True,7.294276294089741e-12,544.8155091319206,shifted_warm_start,
1.0,16.066,16.04,4.566666700000001,1,learned_h2,0.7721210608140316,-1.0020824332511273,0.6052675578009591,1.7037648362251057,-0.292605007598924,0.9586364726801349,-0.8784042649334254,0.5654738782260067,1.7307289684226275,1.7307289684226275,-0.32438938905957587,0.647154908905213,1.0008478031414234,0.6025146246832634,0.9259259259333332,2.230676460044904,-0.3083666797312422,4.95203515304965e-07,-0.30831383758076486,-1.7307284732191122,-0.23443864637417508,4.95203515304965e-07,0.3310352318518316,-0.30831383758076486,False,True,Solve_Succeeded,10,0.014790454995818436,0.017911991002620198,0.018344497002544813,True,9.797800348820829e-10,521.7001294117043,shifted_warm_start,
1.1,16.166,16.142,4.566666700000001,1,learned_h2,0.9194966261349347,-0.9034617148242742,0.5738292824278838,1.7584055537101355,-0.3226815243870287,1.1075134892625507,-0.787377066281473,0.5321742829901179,1.6564477028235636,1.6564477028235636,-0.32605975322003355,0.7953346196113659,1.0990236991053983,0.5705911877878492,1.0185185185266667,4.95203515304965e-07,-0.30831383758076486,3.8650550293617414e-07,-0.2892140971445677,-1.6564473163180606,-0.21991540171835522,3.8650550293617414e-07,0.3122588812717627,-0.2892140971445677,False,True,Solve_Succeeded,10,0.02060830299888039,0.023720998004137073,0.024134657003742177,True,8.384186678256356e-10,501.30133321075243,shifted_warm_start,
1.2,16.266,16.244,4.566666700000001,1,learned_h2,1.0698924739493982,-0.809709293453519,0.5409514655693605,1.6921527980966606,-0.31437768487779294,1.2513848847974245,-0.7054425507648557,0.5019321136873703,1.5951021806515544,1.5951021806515544,-0.2989700093206962,0.9463262148658792,1.1922668902230453,0.5374676596236249,1.1111111111199998,3.8650550293617414e-07,-0.2892140971445677,3.528741081559872e-07,-0.2720189588443131,-1.5951018277774462,-0.20684039678520025,3.528741081559872e-07,0.29509171690217006,-0.2720189588443131,False,True,Solve_Succeeded,10,0.015612239003530703,0.018012871005339548,0.018372883001575246,True,7.398472390285349e-10,486.1263201185134,shifted_warm_start,
1.3,16.366,16.346,4.566666700000001,1,learned_h2,1.2148472696063823,-0.7256622611021107,0.5102802852922658,1.598771238971123,-0.28229659208597313,1.3863462225031866,-0.6334719093517294,0.47627413281776043,1.509936784362861,1.509936784362861,-0.25912473163769406,1.0915585629121938,1.2758062326175499,0.5068077436593802,1.2037037037133334,3.528741081559872e-07,-0.2720189588443131,3.31626545779784e-07,-0.2533581621538626,-1.5099364527363153,-0.19265092040392404,3.31626545779784e-07,0.28362321241383637,-0.2533581621538626,False,True,Solve_Succeeded,11,0.014273480999690946,0.01670220999949379,0.01708343300560955,True,7.654810119106514e-11,476.64605521489,shifted_warm_start,
1.4,16.466,16.448,4.566666700000001,1,learned_h2,1.3543006723485584,-0.6500784427157615,0.483504559161901,1.5142680556154093,-0.24397211483014095,1.5159505381148433,-0.5681528988408271,0.4547359086131644,1.42684818868938,1.42684818868938,-0.22128814815526704,1.2309368159770662,1.3509199818869024,0.4802813111289426,1.2962962963066664,3.31626545779784e-07,-0.2533581621538626,3.2329052257473734e-07,-0.2360474661798628,-1.4268478653988574,-0.17948804661342707,3.2329052257473734e-07,0.2752478619997373,-0.2360474661798628,False,True,Solve_Succeeded,13,0.019009281997568905,0.021675629999663215,0.02205424799467437,True,1.0721980525651986e-09,472.14482553849484,shifted_warm_start,
1.5,16.566,16.55,4.566666700000001,1,learned_h2,1.4880793185689196,-0.5818203175998286,0.4603980639951438,1.4330398216701155,-0.21115002015557838,1.640003966894783,-0.5087830278457608,0.4359181065660349,1.3489217430361455,1.3489217430361455,-0.19159608666184377,1.3642851592811882,1.4187751664005532,0.45763266728872487,1.3888888889,3.2329052257473734e-07,-0.2360474661798628,3.1826039115223637e-07,-0.2201096593557524,-1.3489214247757544,-0.16736910350229037,3.1826039115223637e-07,0.2685490030637445,-0.2201096593557524,False,True,Solve_Succeeded,11,0.01823996999883093,0.020753274999151472,0.021157884002604987,True,1.0399527350379856e-09,470.5380731252267,shifted_warm_start,
1.6,16.666,16.652,4.566666700000001,1,learned_h2,1.6159996533385503,-0.5199940306814728,0.4402995599044206,1.3555207992861138,-0.18458352480442367,1.7584430312394277,-0.45470773415228144,0.41927181441680905,1.274994636659679,1.274994636659679,-0.1674293692807096,1.4916351271654376,1.4802794251540994,0.43803465476639447,1.4814814814933333,3.1826039115223637e-07,-0.2201096593557524,1.5030853695030544e-07,-0.20525512830951836,-1.274994486351142,-0.15607387206432413,1.5030853695030544e-07,0.26319794235248495,-0.20525512830951836,False,True,Solve_Succeeded,11,0.0180581800013897,0.020857486000750214,0.02138698299677344,True,1.957101147809226e-12,470.93745437522534,shifted_warm_start,
1.7,16.766,16.754,4.566666700000001,1,learned_h2,1.7380916118375203,-0.463797786792414,0.42269080763819605,1.282537235343511,-0.16222339720618867,1.8714652942394074,-0.4052569376473553,0.4045614446921308,1.2056434618326923,1.2056434618326923,-0.14661384266599178,1.61310827368788,1.5362285894597845,0.42091138293499414,1.5740740740866666,1.5030853695030544e-07,-0.20525512830951836,3.1336001149462334e-07,-0.19153603610456518,-1.2056431484726808,-0.1456420165522627,3.1336001149462334e-07,0.2589194281398681,-0.19153603610456518,False,True,Solve_Succeeded,9,0.01600642199628055,0.01855799300392391,0.018902534997323528,True,3.1377744846849964e-09,472.9643654872362,shifted_warm_start,
1.8,16.866,16.856,4.566666700000001,1,learned_h2,1.8544876703165116,-0.41253829838332773,0.40721378145001574,1.2138435665917628,-0.14272537215870823,1.9792281362468744,-0.35989030169379066,0.3915796768124656,1.140446720295995,1.140446720295995,-0.12837606207491184,1.728850511989596,1.5873081513252318,0.4059036355878995,1.6666666666799999,3.1336001149462334e-07,-0.19153603610456518,3.113407411881042e-07,-0.17888586586600702,-1.1404464089552537,-0.1360229582239009,3.113407411881042e-07,0.25555671858856466,-0.17888586586600702,False,True,Solve_Succeeded,9,0.01630084000498755,0.01855567400343716,0.01905774699844187,True,9.795645405930031e-10,476.3168129942715,shifted_warm_start,
1.9,16.966,16.958,4.566666700000001,1,learned_h2,1.9653511576839984,-0.36562617927655394,0.3936079512840582,1.1490920276247436,-0.12551402094232325,2.0818973383970913,-0.31814696409707344,0.3801373980872264,1.0790343938066507,1.0790343938066507,-0.11235118564712396,1.8390363161685634,1.6341000180990677,0.3927500298240216,1.7592592592733332,3.113407411881042e-07,-0.17888586586600702,3.096570542204802e-07,-0.1672304211466223,-1.0790340841495965,-0.12716027886982942,3.096570542204802e-07,0.25297711921739696,-0.1672304211466223,False,True,Solve_Succeeded,9,0.012550609004392754,0.0155722329946002,0.01596204400266288,True,2.03438543788792e-10,480.7454167175758,shifted_warm_start,
2.0,17.066,17.06,4.566666700000001,1,learned_h2,2.0708331143974794,-0.3225798393342486,0.3814530020839837,1.0876574021084773,-0.11156736299033662,2.1796007235427255,-0.2796944639681818,0.36971057255960155,1.0208247687736856,1.0208247687736856,-0.09970332471096856,1.9438265845828329,1.6770787346226284,0.3810295552465077,1.8518518518666665,3.096570542204802e-07,-0.1672304211466223,3.0903940340110125e-07,-0.1563337225171001,-1.0208244597342822,-0.11887454217796486,3.0903940340110125e-07,0.2508360303816367,-0.1563337225171001,False,True,Solve_Succeeded,9,0.015410198997415137,0.01823867300117854,0.018761916995572392,True,8.378859828184204e-10,485.68742660208346,shifted_warm_start,
2.1,17.166,17.162,4.566666700000001,1,learned_h2,2.1711464324725833,-0.2829714925764437,0.37082677810963544,1.0295061400879248,-0.09775229248683946,2.272547714587764,-0.24413180910965054,0.36077761266181835,0.9658107596639279,0.9658107596639279,-0.08648279029158513,2.043441645784315,1.7166654673449737,0.37081981250145807,1.9444444444600002,3.0903940340110125e-07,-0.1563337225171001,3.0780715498668343e-07,-0.14637596097747427,-0.965810451856773,-0.1113027635170244,3.0780715498668343e-07,0.24947484914479395,-0.14637596097747427,False,True,Solve_Succeeded,10,0.01151021099940408,0.013609583002107684,0.013990546001878101,True,1.4807266524030638e-10,491.5924049096042,shifted_warm_start,
2.2,17.266,17.264,4.566666700000001,1,learned_h2,2.266450006736084,-0.24643129963475696,0.3615526111507785,0.9741964876229514,-0.08557140943148821,2.360866252030074,-0.21119033522308744,0.3529352562718025,0.9134348042814672,0.9134348042814672,-0.07553730965231674,2.138047363478073,1.7532239528936582,0.36194384885354314,2.0370370370533335,3.0780715498668343e-07,-0.14637596097747427,3.068958429608415e-07,-0.1371483771796543,-0.9134344973856242,-0.10428620444254402,3.068958429608415e-07,0.24864905182925848,-0.1371483771796543,False,True,Solve_Succeeded,12,0.014116370002739131,0.016295969995553605,0.016820005999761634,True,4.654702734363525e-09,498.0518896757559,shifted_warm_start,
2.3,17.366,17.366,4.566666700000001,1,learned_h2,2.3569075363385457,-0.21264872455261857,0.35339863938910615,0.9215157016808065,-0.07552070581657817,2.4447185269746283,-0.180628290035852,0.3459457681389089,0.8636595639426002,0.8636595639426002,-0.06663916133910396,2.227812947351669,1.7870590791822827,0.35416970002295417,2.1296296296466664,3.068958429608415e-07,-0.1371483771796543,3.0596280420347455e-07,-0.1286621016441798,-0.863659257979796,-0.09783332848697243,3.0596280420347455e-07,0.2481124396519365,-0.1286621016441798,False,True,Solve_Succeeded,10,0.012109206996683497,0.015099880998604931,0.015596552999340929,True,3.760441957822991e-10,504.8373523200196,shifted_warm_start,
2.4,17.466,17.434,4.566666700000001,1,learned_h2,2.414608669856581,-0.19152588660770442,0.3485003865815911,0.8879335424725623,-0.0688457916615279,2.5261830318100915,-0.15155915477261933,0.33948118637173613,0.8330272986775246,0.8330272986775246,-0.06118899018787669,2.2850582482361914,1.8082334093571786,0.3495144985679256,2.2222222222399997,3.0596280420347455e-07,-0.1286621016441798,3.083223648614464e-07,-0.12288813207205077,-0.8330269903551597,-0.09344286187244363,3.083223648614464e-07,0.2460383244992925,-0.12288813207205077,False,True,Solve_Succeeded,9,0.01551843799825292,0.018844133999664336,0.019453779998002574,True,3.861878206112834e-09,512.0195708747857,shifted_warm_start,
2.5,17.566,17.536,4.566666700000001,1,learned_h2,2.4973912610671913,-0.16176325376118222,0.3418578021948023,0.8395061502481528,-0.06104005930857983,2.6014996774819656,-0.12518237399574877,0.33397359589756764,0.787082396413134,0.787082396413134,-0.05444503892675628,2.36716819023131,1.8380944327298425,0.34322142292346014,2.3148148148333334,3.083223648614464e-07,-0.12288813207205077,3.0720581822851756e-07,-0.11541964220154026,-0.7870820892073158,-0.08776389958699947,3.0720581822851756e-07,0.24620969631056816,-0.11541964220154026,False,True,Solve_Succeeded,9,0.013062244004686363,0.016125910995469894,0.016754764001234435,True,6.009907016490956e-10,519.2484892719336,shifted_warm_start,
2.6,17.666,17.638,4.566666700000001,1,learned_h2,2.575816692939207,-0.13412068411540534,0.33594743956213335,0.7934426845695447,-0.05482426863543487,2.6728540872833233,-0.10061669912930027,0.32899569585662913,0.7429344976195216,0.7429344976195216,-0.048501731800220806,2.444936898834015,1.8658569177920767,0.3376428008978287,2.4074074074266667,3.0720581822851756e-07,-0.11541964220154026,3.0648894022711204e-07,-0.10835950938375549,-0.7429341911305813,-0.08239544777176179,3.0648894022711204e-07,0.24660024808486736,-0.10835950938375549,False,True,Solve_Succeeded,9,0.017158856993773952,0.01974687400070252,0.02026449800177943,True,2.469505155922036e-10,526.5348390057223,shifted_warm_start,
2.7,17.766,17.74,4.566666700000001,1,learned_h2,2.650070319613811,-0.10841592419295853,0.3306386099405468,0.7497480016636624,-0.04902933764654301,2.7404859744972203,-0.07769133303171781,0.3245422424747028,0.7017758498445716,0.7017758498445716,-0.04292474322306282,2.518552078628034,1.8916991920838078,0.332648382713672,2.50000000002,3.0648894022711204e-07,-0.10835950938375549,3.060880486849271e-07,-0.10185990035960082,-0.701775543756523,-0.07745321243928167,3.060880486849271e-07,0.24708903003542115,-0.10185990035960082,False,True,Solve_Succeeded,9,0.013018267003644723,0.015408628998557106,0.01580471200577449,True,1.8559714876076328e-10,533.9074558894114,shifted_warm_start,
2.8,17.866,17.842,4.566666700000001,1,learned_h2,2.720343824301238,-0.08448310131691006,0.3259148526775943,0.7083088403868573,-0.0435018954194644,2.8045330671671125,-0.05628049513038398,0.3205991792807328,0.6627612999126171,0.6627612999126171,-0.03795748957244209,2.588207071089543,1.915783650796613,0.3282222577796396,2.592592592613333,3.060880486849271e-07,-0.10185990035960082,3.0580658916257164e-07,-0.09579814411678177,-0.662760994106028,-0.07284391582331504,3.0580658916257164e-07,0.24775526345741775,-0.09579814411678177,False,True,Solve_Succeeded,9,0.011927647996344604,0.014348590993904509,0.014833061999524944,True,2.0670487543839045e-10,541.3625256636625,shifted_warm_start,
2.9,17.966,17.944,4.566666700000001,1,learned_h2,2.786819806271983,-0.0621731668719927,0.32173479413412726,0.6689843429615977,-0.038495881646310376,2.86515629041525,-0.0362646838675478,0.3171088674721997,0.625757163515949,0.625757163515949,-0.03356850645183622,2.6540859598147564,1.9382562606003284,0.32432363391244373,2.6851851852066666,3.0580658916257164e-07,-0.09579814411678177,3.0580835219673475e-07,-0.09013362617855539,-0.6257568577075968,-0.06853667509672214,3.0580835219673475e-07,0.24857219237547756,-0.09013362617855539,False,True,Solve_Succeeded,9,0.014374227001098916,0.01695107300474774,0.017475249005656224,True,1.7139787367170811e-09,548.8674891255075,shifted_warm_start,
3.0,18.066,18.046,4.566666700000001,1,learned_h2,2.8496734419972425,-0.04135376485249731,0.3180376380338716,0.6316604976589294,-0.034088367639614266,2.9225124654223733,-0.017537608314337014,0.31400885771026243,0.5906592776081911,0.5906592776081911,-0.029738487509579577,2.7163645945200527,1.9592466595546403,0.32089232196989204,2.7777777778,3.0580835219673475e-07,-0.09013362617855539,3.0525946714821117e-07,-0.08482983956243224,-0.590658972348724,-0.06450373072841865,3.0525946714821117e-07,0.2495051269818438,-0.08482983956243224,False,True,Solve_Succeeded,10,0.01415698700293433,0.016668698001012672,0.016995234000205528,True,4.342225468079164e-10,556.3865749390645,shifted_warm_start,
3.1,18.166,18.148,4.566666700000001,1,learned_h2,2.909074421842137,-0.02190727933820788,0.31476435311289125,0.5962411454317543,-0.030217508572263917,2.976753887913372,-3.6246183930319087e-06,0.3112525596700914,0.5573686189919032,0.5573686189919032,-0.026380191394638246,2.7752134031819584,1.9788700828272061,0.31786992067083336,2.7777777778,3.0525946714821117e-07,-0.08482983956243224,3.004316317944955e-07,-0.07972429590949706,-0.5573683185602714,-0.06062152825450329,3.004316317944955e-07,0.2506310314155881,-0.07972429590949706,False,True,Solve_Succeeded,9,0.01720146399748046,0.019765332996030338,0.020167326998489443,True,6.292997789536514e-10,560.9415255561116,shifted_warm_start,
3.2,18.266,18.25,4.566666700000001,1,learned_h2,2.9651870823018447,-0.003728741326693985,0.3118635873198811,0.5626356413040371,-0.026804283321876125,3.028027768268733,0.016423483434188705,0.30880422823428294,0.5257919583205616,0.5257919583205616,-0.02335740316581994,2.8307967994919125,1.997229427073301,0.31520572187148693,2.7777777778,3.004316317944955e-07,-0.07972429590949706,2.958507564487789e-07,-0.07493528633100534,-0.5257916624698051,-0.05698001500986843,2.958507564487789e-07,0.2518242132244145,-0.07493528633100534,False,True,Solve_Succeeded,9,0.015567804002785124,0.01812414300366072,0.01849661899905186,True,1.6696244387048864e-10,565.3833379102914,shifted_warm_start,
3.3,18.366,18.352,4.566666700000001,1,learned_h2,3.018170177065503,0.01327601416250751,0.3092925248419261,0.5307589446654327,-0.02375460562927484,3.0764763094059444,0.03182167359670775,0.3066291290194843,0.4958432874927278,0.4958432874927278,-0.020692433913386987,2.883273779075105,2.0144170645610115,0.31285755856908143,2.7777777778,2.958507564487789e-07,-0.07493528633100534,2.915084045818084e-07,-0.07043877324985406,-0.49584299598432324,-0.05356091307003826,2.915084045818084e-07,0.25306821594944606,-0.07043877324985406,False,True,Solve_Succeeded,9,0.013183413997467142,0.01613687799545005,0.01650444499682635,True,1.6006762582065903e-10,569.6999608001137,shifted_warm_start,
3.4,18.466,18.454,4.566666700000001,1,learned_h2,3.0681766289799572,0.0291919693083888,0.30701722835303535,0.5005245503722348,-0.021025307007818034,3.122236023319465,0.04626190120932905,0.3047010786587132,0.4674429423598526,0.4674429423598526,-0.018331301809350206,2.9327970609700005,2.030516436556467,0.3107921393516625,2.7777777778,2.915084045818084e-07,-0.07043877324985406,2.8739131041621846e-07,-0.06621417937711076,-0.4674426549685422,-0.05034857567779542,2.8739131041621846e-07,0.25435250298091777,-0.06621417937711076,False,True,Solve_Succeeded,9,0.015177143999608234,0.01775780200114241,0.018109507000190206,True,1.57538315725958e-10,573.8860748790873,shifted_warm_start,
3.5,18.566,18.556,4.566666700000001,1,learned_h2,3.1153528897506813,0.04409589209996262,0.30500344081190617,0.47184948055889325,-0.01861421917050962,3.1654373158909417,0.05980818096461616,0.3029885878162583,0.4405090378751575,0.4405090378751575,-0.016259898211696783,2.979512733809368,2.0456029937230604,0.3089758419307551,2.7777777778,2.8739131041621846e-07,-0.06621417937711076,2.8349986846976094e-07,-0.062240349622489796,-0.440508754375289,-0.047326916721762625,2.8349986846976094e-07,0.25566167109449567,-0.062240349622489796,False,True,Solve_Succeeded,9,0.013354060996789485,0.01579979700181866,0.01612209300219547,True,1.202674071443255e-10,577.9313505174862,shifted_warm_start,
3.6,18.666,18.658,4.566666700000001,1,learned_h2,3.159839522812702,0.058057420695611706,0.30322332951004016,0.44465733015412384,-0.01645868876241396,3.2062055880579896,0.07251937860828642,0.30147352130125166,0.4149680663117503,0.4149680663117503,-0.014400858293431013,3.0235610012963834,2.059745258231765,0.30738145508483505,2.7777777778,2.8349986846976094e-07,-0.062240349622489796,2.798136807258267e-07,-0.05850054011330017,-0.4149677864980696,-0.044483204334698545,2.798136807258267e-07,0.2569903169665531,-0.05850054011330017,False,True,Solve_Succeeded,9,0.012604901996382978,0.015206281997961923,0.015585199995257426,True,7.963169013081028e-11,581.8359635768239,shifted_warm_start,
3.7,18.766,18.76,4.566666700000001,1,learned_h2,3.201770903929459,0.07113990129871811,0.30165021449380236,0.4188731074320383,-0.01455134039413984,3.244660522609544,0.0844489772513562,0.3001306369940703,0.3907477918561679,0.3907477918561679,-0.012765026320839815,3.065075788562163,2.0730056379035626,0.3059829021470072,2.7777777778,2.798136807258267e-07,-0.05850054011330017,2.763287034190931e-07,-0.05497752423282554,-0.3907475155274645,-0.041804339575808716,2.763287034190931e-07,0.2583262974182616,-0.05497752423282554,False,True,Solve_Succeeded,9,0.01677248800115194,0.01955615200131433,0.019981803998234682,True,5.159622729067337e-11,585.5937079941268,shifted_warm_start,
3.8,18.866,18.862,4.566666700000001,1,learned_h2,3.241275548459838,0.08340110373458598,0.3002601007393937,0.39442685962727775,-0.012862265334928416,3.280916804696221,0.09564617470238733,0.2989410536121462,0.3677828408518923,0.3677828408518923,-0.011314942407395669,3.104185466028872,2.085441119859873,0.3047565059025892,2.7777777778,2.763287034190931e-07,-0.05497752423282554,2.730353674817998e-07,-0.05165677062993953,-0.3677825678165248,-0.039279272956316405,2.730353674817998e-07,0.2596617806558298,-0.05165677062993953,False,True,Solve_Succeeded,9,0.017446716003178153,0.020078410001588054,0.020526164000330027,True,3.2622959889039294e-11,589.2030417376621,shifted_warm_start,
3.9,18.966,18.964,4.566666700000001,1,learned_h2,3.2784762616951055,0.09489390673181058,0.2990321711837181,0.371251851668024,-0.01136323559029151,3.3150839558610223,0.10615622101942206,0.297888050909458,0.346009470946029,0.346009470946029,-0.010026798279809124,3.141013888328059,2.0971039164528196,0.3036812765242008,2.7777777778,2.730353674817998e-07,-0.05165677062993953,2.699240958525806e-07,-0.04852482513362057,-0.34600920102193317,-0.036897774064031455,2.699240958525806e-07,0.2609902768454266,-0.04852482513362057,False,True,Solve_Succeeded,9,0.01226896200387273,0.014555859997926746,0.014931150995835196,True,2.0303869696647325e-11,592.6635808061764,shifted_warm_start,
4.0,19.066,19.066,4.566666700000001,1,learned_h2,3.313490260116346,0.1056668609601083,0.29794814608017006,0.34928428858602517,-0.010032197095334634,3.3472665565977215,0.11602086535057961,0.29695660860026285,0.32536763067498065,0.32536763067498065,-0.008882278494747015,3.175677305894582,2.1080420300823186,0.30273961983402975,2.7777777778,2.699240958525806e-07,-0.04852482513362057,1.2648620312250003e-07,-0.04556942997230924,-0.3253675041887775,-0.034650522216513865,1.2648620312250003e-07,0.26230608638374897,-0.04556942997230924,False,True,Solve_Succeeded,9,0.014574637003534008,0.01691011500224704,0.01728882300085388,True,1.3791467967649851e-11,595.9757571482432,shifted_warm_start,
4.1,19.166,19.134,4.566666700000001,1,learned_h2,3.3356735326736175,0.11247113074089843,0.297297715654841,0.33528393670589884,-0.009137929823448465,3.378380305198461,0.12552736978260132,0.2960955742363839,0.31267106708282777,0.31267106708282777,-0.008222025862052703,3.197638394723075,2.1149535043192973,0.30217870808343944,2.7777777778,1.2648620312250003e-07,-0.04556942997230924,1.254693074437263e-07,-0.04372106587323712,-0.3126709416135203,-0.03324504531416894,1.254693074437263e-07,0.26285052892221494,-0.04372106587323712,False,True,Solve_Succeeded,9,0.015416326001286507,0.01850298399949679,0.019012771001143847,True,8.71397398682916e-12,599.2721196157705,shifted_warm_start,
4.2,19.266,19.236,4.566666700000001,1,learned_h2,3.3672888227592814,0.12214197269859783,0.2964186135723846,0.3151943854390319,-0.008059966657493738,3.406830126243843,0.1341956138270383,0.2953564966039437,0.29365513196037474,0.29365513196037474,-0.0076102490900703205,3.2289369556781033,2.1247805466006477,0.3014262770590955,2.7777777778,1.254693074437263e-07,-0.04372106587323712,1.2415822109312913e-07,-0.04102100996407253,-0.29365500780215364,-0.031191950787351534,1.2415822109312913e-07,0.26416454581659216,-0.04102100996407253,False,True,Solve_Succeeded,9,0.02108510199468583,0.023978794997674413,0.02435977699497016,True,5.500544464354107e-12,602.2715937226384,shifted_warm_start,
4.3,19.366,19.338,4.566666700000001,1,learned_h2,3.3970037755094387,0.13120465437117373,0.2956400526938007,0.2961527614112822,-0.007214768692294642,3.43357631493176,0.14232485450079638,0.29471363167559933,0.27546848823904935,0.27546848823904935,-0.006614432325342389,3.2583541639727933,2.1339936705362588,0.30076579964968814,2.7777777778,1.2415822109312913e-07,-0.04102100996407253,1.2290743478526878e-07,-0.0384485425618338,-0.27546836533161456,-0.029235873238725268,1.2290743478526878e-07,0.26547775843687405,-0.0384485425618338,False,True,Solve_Succeeded,9,0.015608258996508084,0.018402788999082986,0.01929101499990793,True,3.4634517476206383e-12,605.1346143921871,shifted_warm_start,
4.4,19.466,19.44,4.566666700000001,1,learned_h2,3.424916491004207,0.13969516982310254,0.2949433490837338,0.27811257628488356,-0.006418825912446139,3.458725313806272,0.14995152672738782,0.29413823092314856,0.2584737357047236,0.2584737357047236,-0.005759495053838279,3.28598716966219,2.142628682922376,0.3001791593209337,2.7777777778,1.2290743478526878e-07,-0.0384485425618338,2.578934955033141e-07,-0.03604938187820509,-0.2584734778112281,-0.027411576322578207,2.578934955033141e-07,0.2667266546005703,-0.03604938187820509,False,True,Solve_Succeeded,8,0.015754542997456156,0.0189399999944726,0.0193948179949075,True,6.793540618943439e-09,607.8546131980175,shifted_warm_start,
4.5,19.566,19.542,4.566666700000001,1,learned_h2,3.451120809695141,0.14764723584881606,0.2943274925677859,0.26102268907964027,-0.0056489191714646,3.4823488957342557,0.1571015285759027,0.2936293597902575,0.24240348131113545,0.24240348131113545,-0.005086320555374755,3.311928890729588,2.1507191834932646,0.29966587380821674,2.7777777778,2.578934955033141e-07,-0.03604938187820509,2.5562475761131687e-07,-0.0337859149282635,-0.24240322568637784,-0.025690459515039586,2.5562475761131687e-07,0.26793890027521794,-0.0337859149282635,False,True,Solve_Succeeded,8,0.018443544999172445,0.020932501000061166,0.021328814000298735,True,5.586381635058757e-09,610.4375651506838,shifted_warm_start,
4.6,19.666,19.644,4.566666700000001,1,learned_h2,3.475705761056102,0.15509237996486958,0.2937874941237363,0.2448334073850477,-0.0049489811357365686,3.5045235167468882,0.16380146577628163,0.2931844194531747,0.22717851098035544,0.22717851098035544,-0.004482953628741646,3.3362674850878147,2.1582966388924496,0.299221442857034,2.7777777778,2.5562475761131687e-07,-0.0337859149282635,2.5348452561968493e-07,-0.0316463758312691,-0.22717825749582982,-0.02406357616234998,2.5348452561968493e-07,0.2691208432908247,-0.0316463758312691,False,True,Solve_Succeeded,8,0.013271470001200214,0.015757100001792423,0.016122361994348466,True,4.6094341121794e-09,612.8903121220814,shifted_warm_start,
4.7,19.766,19.746,4.566666700000001,1,learned_h2,3.498755897150346,0.16206000636328954,0.29331490161508267,0.22949820158509088,-0.004333201092103711,3.5253234330086873,0.17007654989569554,0.2927943168204793,0.21275481334504182,0.21275481334504182,-0.003949448660487885,3.3590866619022584,2.165390440367059,0.29883786757423225,2.7777777778,2.5348452561968493e-07,-0.0316463758312691,2.5146906529327495e-07,-0.02962325132932045,-0.21275456187597652,-0.02252521326107727,2.5146906529327495e-07,0.27026910355940204,-0.02962325132932045,False,True,Solve_Succeeded,8,0.012755899006151594,0.015275687001121696,0.015740445000119507,True,3.824587035961002e-09,615.2146058716087,shifted_warm_start,
4.8,19.866,19.848,4.566666700000001,1,learned_h2,3.5203515970741224,0.16857755628590854,0.2929014947245997,0.21497392712778163,-0.0037928810294225986,3.5448194769217167,0.17595046865632652,0.292452355591936,0.19909294076936945,0.19909294076936945,-0.003478047983376328,3.380466001247115,2.172028056985032,0.2985073485992086,2.7777777778,2.5146906529327495e-07,-0.02962325132932045,2.4957271560488437e-07,-0.027710052438543575,-0.19909269119665385,-0.02107043665514304,2.4957271560488437e-07,0.271381918936793,-0.027710052438543575,False,True,Solve_Succeeded,8,0.009951278996595647,0.012229277999722399,0.012552026004414074,True,3.1952012702340937e-09,617.413705517274,shifted_warm_start,
4.9,19.966,19.95,4.566666700000001,1,learned_h2,3.5405692974545615,0.1746706923677907,0.2925399827884078,0.2012194105327114,-0.003317733994249061,3.5630789935375393,0.18144543292922705,0.29215280139481403,0.18615424488574409,0.18615424488574409,-0.0030611992924473867,3.4004811763874363,2.17823521349924,0.2982229866587975,2.7777777778,2.4957271560488437e-07,-0.027710052438543575,2.4778949186954335e-07,-0.02590060326659328,-0.18615399709625222,-0.019694550260022106,2.4778949186954335e-07,0.27245825113479194,-0.02590060326659328,False,True,Solve_Succeeded,8,0.01139748500281712,0.013791500001389068,0.014117293001618236,True,2.690059230925357e-09,619.4912100956026,shifted_warm_start,
5.0,20.066,20.052,4.566666700000001,1,learned_h2,3.559481645395329,0.1803634482600704,0.2922241072012483,0.1881954502412504,-0.002898679743587715,3.5801660373557036,0.18658231171114475,0.29189078114105527,0.17390201606429173,0.17390201606429173,-0.002691465046888018,3.4192041057961573,2.1840360339794156,0.29797888719915594,2.7777777778,2.4778949186954335e-07,-0.02590060326659328,2.461133010445149e-07,-0.024189160725860956,-0.1739017699509907,-0.01839318709142491,2.461133010445149e-07,0.27349759404963037,-0.024189160725860956,False,True,Solve_Succeeded,8,0.009980144997825846,0.012521260003268253,0.012851874002080876,True,2.283531974622832e-09,621.4510147313781,shifted_warm_start,
5.1,20.166,20.154,4.566666700000001,1,learned_h2,3.5771576701945342,0.18567836859069103,0.2919484983909916,0.17586482670243717,-0.0025282262723593687,3.5961415307540427,0.19138074080203638,0.29166206553622687,0.16230142326019553,0.16230142326019553,-0.0023627451830071193,3.4367031244079187,2.189453176685765,0.2977700194859646,2.7777777778,2.461133010445149e-07,-0.024189160725860956,2.445382056570633e-07,-0.022570365622844063,-0.16230117872198987,-0.01716227207416102,2.445382056570633e-07,0.2744997934620658,-0.022570365622844063,False,True,Solve_Succeeded,8,0.017719095005304553,0.020065559998329263,0.020435520993487444,True,1.9550700502968255e-09,623.2971607712033,shifted_warm_start,
5.2,20.266,20.256,4.566666700000001,1,learned_h2,3.593662949787179,0.19063662985000512,0.2917084543702646,0.16419218127790786,-0.0022007732869193954,3.6110634058324442,0.19585921314591706,0.29146282465175194,0.15131941531473247,0.15131941531473247,-0.0020706624642779013,3.453043154541609,2.1945079505495557,0.29759199710472095,2.7777777778,2.445382056570633e-07,-0.022570365622844063,2.4305866813678634e-07,-0.02103919507731448,-0.15131917225606434,-0.015997985862167927,2.4305866813678634e-07,0.275464838789584,-0.02103919507731448,False,True,Solve_Succeeded,8,0.014638927998021245,0.01699476700014202,0.017419226001948118,True,1.6884824649565644e-09,625.0336619244288,shifted_warm_start,
5.3,20.366,20.358,4.566666700000001,1,learned_h2,3.609059772260874,0.19525814582003242,0.2914998031359731,0.15314392981609803,-0.0019116712485648705,3.6249867413991614,0.20003516148594078,0.29128962741845177,0.14092459725646697,0.14092459725646697,-0.0018113763934485207,3.468285850801089,2.199220416798918,0.29744094214906613,2.7777777778,2.4305866813678634e-07,-0.02103919507731448,2.416694734885816e-07,-0.019590934169210993,-0.14092435558699348,-0.014896743279101985,2.416694734885816e-07,0.27639288413934976,-0.019590934169210993,False,True,Solve_Succeeded,8,0.012972192002052907,0.015709749000961892,0.016034890999435447,True,1.471069877023723e-09,626.6645188745532,shifted_warm_start,
5.4,20.466,20.46,4.566666700000001,1,learned_h2,3.623407291533349,0.19956166123320435,0.2913188257393968,0.14268817439334347,-0.0016568273865293379,3.6379638947502286,0.2039250322579549,0.2911394041833407,0.1310871184177305,0.1310871184177305,-0.0015814608791357278,3.4824897779018436,2.2036094793373127,0.2973134099307062,2.7777777778,2.416694734885816e-07,-0.019590934169210993,2.403657021199379e-07,-0.018221147831974253,-0.13108687805202837,-0.013855171946321637,2.403657021199379e-07,0.2772842322370191,-0.018221147831974253,False,True,Solve_Succeeded,8,0.015074538998305798,0.017553080004290678,0.01801384999998845,True,1.2928465520367638e-09,628.1937042361952,shifted_warm_start,
5.5,20.566,20.562,4.566666700000001,1,learned_h2,3.636761682036307,0.2035648371244994,0.29116215948440727,0.13279473139713624,-0.0014330319785775796,3.6500446479433464,0.20754435706192845,0.29100931342077724,0.12177873429502453,0.12177873429502453,-0.0013783631474041764,3.4957105410631666,2.207692967303059,0.2972062936994434,2.7777777778,2.403657021199379e-07,-0.018221147831974253,2.3914284828785437e-07,-0.01692567349165348,-0.12177849515217624,-0.012870106685740458,2.3914284828785437e-07,0.2781392067350368,-0.01692567349165348,False,True,Solve_Succeeded,8,0.012204253995150793,0.014325830001325812,0.014914662999217398,True,1.146093775439283e-09,629.6250767622207,shifted_warm_start,
5.6,20.666,20.664,4.566666700000001,1,learned_h2,3.6491762758405852,0.2072843248586772,0.2910269328192258,0.1234346533985678,-0.0012354907439646868,3.66127627600535,0.21090780213696625,0.29089717256501996,0.11297222784072937,0.11297222784072937,-0.00119745322162086,3.5080009315257805,2.211487706635108,0.29711696088890654,2.7777777778,2.3914284828785437e-07,-0.01692567349165348,2.3799619736086797e-07,-0.015700555833798584,-0.11297198984453201,-0.011938539917248065,2.3799619736086797e-07,0.2789586326477719,-0.015700555833798584,False,True,Solve_Succeeded,8,0.014788323998800479,0.017691879998892546,0.018218820994661655,True,1.0247072634861354e-09,630.9627160376727,shifted_warm_start,
5.7,20.766,20.766,4.566666700000001,1,learned_h2,3.6607016899086595,0.21073583300097481,0.2909105184806333,0.11458063067224539,-0.0010624987940926719,3.6717037157328716,0.21402923302883897,0.29080063217946694,0.10464200102187006,0.10464200102187006,-0.0010381856719990736,3.519411061110108,2.2150095848060873,0.2970430074868404,2.7777777778,2.3799619736086797e-07,-0.015700555833798584,2.3692184086820944e-07,-0.014542078629936457,-0.10464176410002919,-0.011057645859232811,2.3692184086820944e-07,0.27974298632023414,-0.014542078629936457,False,True,Solve_Succeeded,8,0.014021989998582285,0.016635467996820807,0.017008665003231727,True,9.24129162083176e-10,632.2103094393325,shifted_warm_start,
5.8,20.866,20.834,4.566666700000001,1,learned_h2,3.667915144846671,0.21289532073551531,0.29084223611047155,0.10894647180965943,-0.0009508424814337852,3.6817176186456972,0.21702585017467388,0.2907122565975803,0.0995228303999154,0.0995228303999154,-0.0009533649743342643,3.526552373859529,2.217213363537538,0.29700122889076874,2.7777777778,2.3692184086820944e-07,-0.014542078629936457,2.3612386394755713e-07,-0.013829393434268766,-0.09952259427605145,-0.010515727423543135,2.3612386394755713e-07,0.2801965291740372,-0.013829393434268766,False,True,Solve_Succeeded,8,0.016178202000446618,0.0195384210019256,0.020044970995513722,True,8.38963898353029e-10,633.437699883982,shifted_warm_start,
5.9,20.966,20.936,4.566666700000001,1,learned_h2,3.678064168539976,0.21593275083908908,0.29075210326905376,0.10087896642266685,-0.0008141884881189165,3.6906386789427006,0.21969466363554305,0.2906346272707277,0.09188360317317575,0.09188360317317575,-0.0009724558364062302,3.5365999102400894,2.2203134318943505,0.29694829266493283,2.7777777778,2.3612386394755713e-07,-0.013829393434268766,2.3517485410462502e-07,-0.01276738063377538,-0.09188336799832164,-0.009708183897980503,2.3517485410462502e-07,0.2809264433727472,-0.01276738063377538,False,True,Solve_Succeeded,8,0.013442875999317039,0.01651259999925969,0.01700338900263887,True,7.716080552278015e-10,634.5064884718506,shifted_warm_start,
6.0,21.066,21.038,4.566666700000001,1,learned_h2,3.687446760235771,0.21873994437116895,0.2906738678382902,0.09325098698402184,-0.0007149386486446101,3.6988756458473078,0.22215826268233818,0.2905765984477459,0.08459429092951422,0.08459429092951422,-0.0007647857886140887,3.5458886919405876,2.2231788681210274,0.29690434808780675,2.7777777778,2.3517485410462502e-07,-0.01276738063377538,2.34272221122378e-07,-0.01175453025464887,-0.0845940566572931,-0.008938022968048881,2.34272221122378e-07,0.28163857547969706,-0.01175453025464887,False,True,Solve_Succeeded,8,0.015165404001891147,0.017415579000953585,0.017765830998541787,True,7.142494373724162e-10,635.5025592509492,shifted_warm_start,
6.1,21.166,21.14,4.566666700000001,1,learned_h2,3.6961047231117488,0.22132965088817552,0.2906059106296719,0.08604043442141514,-0.0006143701552458959,3.7064727412815346,0.22442999500696792,0.29052596647486467,0.0777930189119985,0.0777930189119985,-0.0006089279855818629,3.554460103842577,2.225822603713464,0.2968679509698475,2.7777777778,2.34272221122378e-07,-0.01175453025464887,2.3353829221861577e-07,-0.010809512437443332,-0.07779278537370628,-0.008219441215106612,2.3353829221861577e-07,0.2823065252597581,-0.010809512437443332,False,True,Solve_Succeeded,7,0.010692683004890569,0.013468352000927553,0.01393386199924862,True,1.994943210625877e-09,636.4234617468065,shifted_warm_start,
6.2,21.266,21.242,4.566666700000001,1,learned_h2,3.704077730539958,0.22371393302686127,0.2905482961444077,0.07922574522935674,-0.0005174397265824945,3.7134609572823694,0.22651927461268132,0.2904817416663817,0.07138223617875364,0.07138223617875364,-0.0005180192698056573,3.5623534206778302,2.2282568814799637,0.2968393298050096,2.7777777778,2.3353829221861577e-07,-0.010809512437443332,2.3267390154846357e-07,-0.009918764317284152,-0.07138200350485209,-0.007542125577284305,2.3267390154846357e-07,0.2829396160890974,-0.009918764317284152,False,True,Solve_Succeeded,7,0.013444278003589716,0.015859078004723415,0.01617417200031923,True,7.770911136795178e-10,637.2715856511116,shifted_warm_start,
6.3,21.366,21.344,4.566666700000001,1,learned_h2,3.711403407317189,0.225904215767393,0.2904999501663497,0.0727864299785827,-0.0004337128463640229,3.7198724139461916,0.2284358353367167,0.2904447411351884,0.06532565292473673,0.06532565292473673,-0.00044002168420505955,3.5696058873619894,2.2304933038615733,0.2968175640542228,2.7777777778,2.3267390154846357e-07,-0.009918764317284152,2.3199865420431287e-07,-0.009077283713853633,-0.06532542092608253,-0.006902272448516779,2.3199865420431287e-07,0.28354246868667166,-0.009077283713853633,False,True,Solve_Succeeded,7,0.011282311003014911,0.013837512997270096,0.014377906001755036,True,1.4694827021877188e-09,638.051421545096,shifted_warm_start,
6.4,21.466,21.446,4.566666700000001,1,learned_h2,3.7181174459251807,0.22791130524816267,0.2904594978532838,0.06670314934030849,-0.0003626214509420464,3.725738351012772,0.23018910772778506,0.29041391950696444,0.059603951367898506,0.059603951367898506,-0.0003707774689734285,3.576252836598322,2.2325428511941414,0.29680142301175355,2.7777777778,2.3199865420431287e-07,-0.009077283713853633,2.3131695234962502e-07,-0.00828235617542332,-0.059603720050946156,-0.006297817787845446,2.3131695234962502e-07,0.284116101719119,-0.00828235617542332,False,True,Solve_Succeeded,7,0.010850014004972763,0.013340534002054483,0.013839710998581722,True,1.3218954264537786e-09,638.766063279761,shifted_warm_start,
6.5,21.566,21.548000000000002,4.566666700000001,1,learned_h2,3.72425370656245,0.22974542955904795,0.2904257555093553,0.06095755538594731,-0.00030194467290724735,3.7310885028241185,0.23178805183631376,0.29038833443277007,0.05420016061105024,0.05420016061105024,-0.0003101991628907074,3.5823277877479125,2.234415921999229,0.296789858253143,2.7777777778,2.3131695234962502e-07,-0.00828235617542332,2.3068310358448363e-07,-0.0075316040129476,-0.05419992992794666,-0.00572695362516515,2.3068310358448363e-07,0.2846613808076049,-0.0075316040129476,False,True,Solve_Succeeded,7,0.010084736997669097,0.012668521994783077,0.013053832997684367,True,1.2065801135996423e-09,639.4185253966083,shifted_warm_start,
6.6,21.666,21.65,4.566666700000001,1,learned_h2,3.7298443086027513,0.23141627212748808,0.2903977416822011,0.055532224764489636,-0.0002499402960325983,3.735951093047617,0.23324115985137897,0.290367238811547,0.04909791938497916,0.04909791938497916,-0.0002573083417811652,3.5878625374049253,2.236122365947932,0.2967820153415121,2.7777777778,2.3068310358448363e-07,-0.0075316040129476,2.300942974625686e-07,-0.006822742004388061,-0.0490976892906817,-0.00518794230132457,2.300942974625686e-07,0.28517929651022245,-0.006822742004388061,False,True,Solve_Succeeded,7,0.011529046001669485,0.01445773099840153,0.015005367997218855,True,1.1154678292157882e-09,640.0117895498644,shifted_warm_start,
6.7,21.766,21.752,4.566666700000001,1,learned_h2,3.734919719270434,0.23293300338964246,0.29037462591764246,0.050410658780080234,-0.00020543778406290465,3.740352925140149,0.23455648623087122,0.2903499785008117,0.044281686274204105,0.044281686274204105,-0.00021122465526720842,3.592887248256046,2.237671515210752,0.29677718314981977,2.7777777778,2.300942974625686e-07,-0.006822742004388061,2.2954791504409267e-07,-0.0061536032245862165,-0.04428145672628906,-0.0046791361088937234,2.2954791504409267e-07,0.285670842391918,-0.0061536032245862165,False,True,Solve_Succeeded,7,0.011463053997431416,0.013902116996177938,0.014335854000819381,True,1.0426823848774802e-09,640.5487396191256,shifted_warm_start,
6.8,21.866,21.854,4.566666700000001,1,learned_h2,3.7395088344297234,0.23430430886221404,0.2903557118762624,0.04557708142289938,-0.00016714539492592868,3.7443194337475054,0.23574166594971296,0.29033604816680114,0.03973657407063077,0.03973657407063077,-0.0001707479533364613,3.5974305261375688,2.2390722122629363,0.2967747774884041,2.7777777778,2.2954791504409267e-07,-0.0061536032245862165,2.2909807509408076e-07,-0.005522116379308204,-0.039736344972555675,-0.004198960057206475,2.2909807509408076e-07,0.28613708810959465,-0.005522116379308204,False,True,Solve_Succeeded,7,0.011795022997830529,0.014337524997245055,0.014746835004189052,True,1.6620322895732897e-09,641.0322093464953,shifted_warm_start,
6.9,21.966,21.956,4.566666700000001,1,learned_h2,3.743639052651707,0.23553841467078834,0.29034038103219845,0.041016585391757523,-0.00013462699206354147,3.747874770828568,0.23680394203608343,0.2903249026100755,0.035448548278809736,0.035448548278809736,-0.00013572011995156808,3.6015194944137625,2.2403328351960865,0.29677428526545196,2.7777777778,2.2909807509408076e-07,-0.005522116379308204,2.2855061319881909e-07,-0.004926327664202559,-0.03544831972819654,-0.003745928493685465,2.2855061319881909e-07,0.28657897411639,-0.004926327664202559,False,True,Solve_Succeeded,7,0.012760538003931288,0.015635101000953,0.016053908002504613,True,6.498896976125934e-10,641.4648444328125,shifted_warm_start,
7.0,22.066,22.058,4.566666700000001,1,learned_h2,3.7473363589144784,0.23664311476435348,0.29032807817352996,0.03671507190467961,-0.00010723144493004957,3.751041873464328,0.23775018775663442,0.2903160958548665,0.0314043428488869,0.0314043428488869,-0.00010546409177516927,3.6051798772866537,2.2414613248601962,0.29677525046124525,2.7777777778,2.2855061319881909e-07,-0.004926327664202559,2.2821282710805413e-07,-0.004364395184986532,-0.03140411463605979,-0.0033186408610096215,2.2821282710805413e-07,0.28699745499385687,-0.004364395184986532,False,True,Solve_Succeeded,7,0.010561805000179447,0.013079048003419302,0.013583253996330313,True,1.979322650225157e-09,641.8492293633474,shifted_warm_start,
7.1,22.166,22.16,4.566666700000001,1,learned_h2,3.7506253930374154,0.23762579350488877,0.29031833182358036,0.032659052873366366,-8.405254230824954e-05,3.7538425021365533,0.23858691962905182,0.290309285070979,0.027591228802877288,0.027591228802877288,-7.911940572199025e-05,3.608436067491558,2.2424652073560987,0.2967772949483157,2.7777777778,2.2821282710805413e-07,-0.004364395184986532,2.278120354685942e-07,-0.0038345505828228867,-0.02759100099084182,-0.0029157525174484306,2.278120354685942e-07,0.28739353255353056,-0.0038345505828228867,False,True,Solve_Succeeded,7,0.010289081001246814,0.012726160006423015,0.0131873410064145,True,1.916123704148731e-09,642.187872111253,shifted_warm_start,
7.2,22.266,22.262,4.566666700000001,1,learned_h2,3.753529514017176,0.2384934466833719,0.29031072222878496,0.028835783876741964,-6.481961549594734e-05,3.756297316042164,0.23932032091516067,0.2903040952540122,0.023997205173847982,0.023997205173847982,-5.661411912824397e-05,3.6113111899441597,2.243351614992339,0.29678008684566926,2.7777777778,2.278120354685942e-07,-0.0038345505828228867,2.2744283767126006e-07,-0.0033351283936416264,-0.02399697773101031,-0.002535997061385869,2.2744283767126006e-07,0.28776809819262633,-0.0033351283936416264,False,True,Solve_Succeeded,7,0.01029627000389155,0.012778432996128686,0.013276496996695641,True,1.8597403617093278e-09,642.4831299283464,shifted_warm_start,
7.3,22.366,22.364,4.566666700000001,1,learned_h2,3.7560708682963697,0.23925270325770231,0.2903047117925601,0.025233164201209843,-5.1776301801731034e-05,3.7584259298459255,0.2399562589622502,0.2902997552595385,0.020611014972381266,0.020611014972381266,-4.055440429370016e-05,3.6138271692895323,2.2441273080465747,0.2967831713171829,2.7777777778,2.2744283767126006e-07,-0.0033351283936416264,2.271035318412995e-07,-0.0028645629047297054,-0.020610787868849425,-0.0021781839411037997,2.271035318412995e-07,0.2881215713184347,-0.0028645629047297054,False,True,Solve_Succeeded,7,0.011457169995992444,0.014694514997245278,0.015157490001001861,True,1.799762339160793e-09,642.7369281283692,shifted_warm_start,
7.4,22.466,22.466,4.566666700000001,1,learned_h2,3.7582704543038807,0.23990984374713875,0.29030019810763447,0.02183973160956223,-3.633993894149383e-05,3.760246940067506,0.2405002953510305,0.2902971974985889,0.017421501288807532,0.017421501288807532,-2.0353194188277884e-05,3.6160047937791346,2.2447986932103743,0.2967865239408937,2.7777777778,2.271035318412995e-07,-0.0028645629047297054,2.267905014272098e-07,-0.0024213176689607575,-0.017421274498306105,-0.0018411448581328535,2.267905014272098e-07,0.28845605264045604,-0.0024213176689607575,False,True,Solve_Succeeded,7,0.015424641002027784,0.017861104002804495,0.018455082004948054,True,1.7235831650808109e-09,642.9523646576281,shifted_warm_start,
7.5,22.566,22.534,4.566666700000001,1,learned_h2,3.7595568460212845,0.240294160657005,0.29029795093295097,0.019688261071104822,-2.9601453857883947e-05,3.761930983164294,0.24100339952081085,0.2902946216102832,0.01546927565647277,0.01546927565647277,-1.533646955707682e-05,3.617278342037771,2.2451913488849007,0.296788874886322,2.7777777778,2.267905014272098e-07,-0.0024213176689607575,2.265709823368045e-07,-0.002150013714050916,-0.015469049085490433,-0.0016348481429282957,2.265709823368045e-07,0.2886597734673549,-0.002150013714050916,False,True,Solve_Succeeded,7,0.01033289400220383,0.013226308998127934,0.013869644004444126,True,1.603261190474825e-09,643.1603155422022,shifted_warm_start,
7.6,22.666,22.636,4.566666700000001,1,learned_h2,3.7612305347672845,0.24079418404368547,0.2902953963887789,0.016619501204531484,-2.0689166464845914e-05,3.763179222587393,0.24137631994601597,0.2902906002795969,0.012566509877922582,0.012566509877922582,-6.0929906745712876e-05,3.61893532092142,2.2457022304430145,0.2967923002208155,2.7777777778,2.265709823368045e-07,-0.002150013714050916,2.263118233560707e-07,-0.0017465759647059729,-0.012566283566099226,-0.0013280782600231986,2.263118233560707e-07,0.28896252201957373,-0.0017465759647059729,False,True,Solve_Succeeded,7,0.014277253998443484,0.017597433004993945,0.018079476001730654,True,1.6130345392717516e-09,643.2999215776703,shifted_warm_start,
7.7,22.766,22.738,4.566666700000001,1,learned_h2,3.7626132504943417,0.24120727924256813,0.2902935668502874,0.013732038887443397,-1.2895073627111734e-05,3.7641695824169727,0.24167220503553738,0.2902922417710667,0.009809669797327095,0.009809669797327095,-5.20751948828009e-06,3.62030423214833,2.246124303638998,0.29679540872608057,2.7777777778,2.263118233560707e-07,-0.0017465759647059729,2.2597946875042851e-07,-0.0013634354237513253,-0.009809443817858345,-0.0010367421639942715,2.2597946875042851e-07,0.2892554996070724,-0.0013634354237513253,False,True,Solve_Succeeded,13,0.02803273100289516,0.030905977000657003,0.03150746499886736,True,4.65741389898966e-10,643.4103420520171,shifted_warm_start,
7.8,22.866,22.84,4.566666700000001,1,learned_h2,3.763722243464183,0.24153860425146845,0.2902923069157176,0.011016391028295594,-1.012321012195551e-05,3.764920021347897,0.24189641770246717,0.29029248883858744,0.007250540458768171,0.007250540458768171,1.9950323313166594e-05,3.6214021535407253,2.246462834281932,0.29679810784396643,2.7777777778,2.2597946875042851e-07,-0.0013634354237513253,2.2589588444081599e-07,-0.0010077542155068815,-0.00725031456288373,-0.0007662858599378078,2.2589588444081599e-07,0.2895262029786496,-0.0010077542155068815,False,True,Solve_Succeeded,10,0.014816971000982448,0.017158847003884148,0.017495421998319216,True,2.532040632718946e-09,643.4890678498805,shifted_warm_start,
7.9,22.966,22.942,4.566666700000001,1,learned_h2,3.7645738625326106,0.24179304165790672,0.29029152288125765,0.008463569434143689,-5.528061369905871e-06,3.765443450944251,0.24205281431132997,0.290292454061029,0.004852118754979748,0.004852118754979748,2.7310022530550977e-05,3.622245270605472,2.246722808020543,0.29680036317017716,2.7777777778,2.2589588444081599e-07,-0.0010077542155068815,2.2570130641264702e-07,-0.0006744004855097653,-0.004851893053673335,-0.000512807138912729,2.2570130641264702e-07,0.2897796469221163,-0.0006744004855097653,False,True,Solve_Succeeded,10,0.0157663110003341,0.01813012099592015,0.018569444000604562,True,2.5195294184321426e-09,643.53835100176,shifted_warm_start,
8.0,23.066,23.044,4.566666700000001,1,learned_h2,3.765183598880368,0.24197522121509443,0.29029110134004127,0.006065027970712218,-2.5876785520441693e-06,3.7657530666314036,0.24214533852183737,0.29029251245741056,0.002599109144584935,0.002599109144584935,3.2184945809648186e-05,3.62284891975796,2.2469089530292057,0.29680211726017597,2.7777777778,2.2570130641264702e-07,-0.0006744004855097653,2.255271158552695e-07,-0.0003612534784563579,-0.0025988836174690795,-0.0002746934005681312,2.255271158552695e-07,0.29001781905684243,-0.0003612534784563579,False,True,Solve_Succeeded,10,0.022117485001217574,0.02526919099909719,0.025874817998555955,True,2.513060648468013e-09,643.5601255753547,shifted_warm_start,
8.1,23.166,23.146,4.566666700000001,1,learned_h2,3.7655661309778927,0.2420895280083281,0.2902909103947835,0.0038126633413585478,-7.487716392737512e-07,3.7658616946978634,0.24217782184684777,0.29029270124748696,0.0004834472113362264,0.0004834472113362264,3.69337221745432e-05,3.623227632864315,2.247025748315023,0.29680329104701664,2.7777777778,2.255271158552695e-07,-0.0003612534784563579,2.2532303525915143e-07,-6.719495034439013e-05,-0.0004832218883009673,-5.1094343755466714e-05,2.2532303525915143e-07,0.2902416069037315,-6.719495034439013e-05,False,True,Solve_Succeeded,9,0.017679715994745493,0.020196051998937037,0.020648183999583125,True,1.4014797655725886e-09,643.5560786574389,shifted_warm_start,
8.2,23.266,23.248,4.566666700000001,1,learned_h2,3.76573536608129,0.24214011674049518,0.29029084677780737,0.001698796406392647,1.8270060995478014e-07,3.7657815278680404,0.24215390664141856,0.2902928986606215,-0.001501969765676895,0.0,4.077249679832526e-05,3.6233951783045533,2.2470774381410394,0.29680383114829323,2.7777777778,2.2532303525915143e-07,-6.719495034439013e-05,2.2505519172793475e-07,1.470481458871256e-41,2.2505519172793475e-07,1.1181388595501916e-41,2.2505519172793475e-07,0.2902928986606215,1.470481458871256e-41,False,True,Solve_Succeeded,9,0.013918364995333832,0.016344734001904726,0.016859039998962544,True,4.823597077319164e-11,643.5411061655419,shifted_warm_start,
8.3,23.366,23.35,4.566666700000001,1,learned_h2,3.765704481445094,0.24213092422554522,0.29029082640054704,-0.00028387557498714617,-2.644695139498382e-07,3.765524394428898,0.24207712714139606,0.2902884421981905,-0.0033583706209261554,0.0,-4.731079249015792e-05,3.62336460176739,2.2470680446730245,0.2968037005965243,2.7777777778,2.2505519172793475e-07,1.470481458871256e-41,2.250713705589898e-07,-9.108163930612216e-45,2.250713705589898e-07,-6.92575344526162e-45,2.250713705589898e-07,0.2902884421981905,-9.108163930612216e-45,False,True,Solve_Succeeded,9,0.01498309399903519,0.01739992300281301,0.017987935003475286,True,4.7368220457144616e-11,643.5030050547977,shifted_warm_start,
8.4,23.466,23.452,4.566666700000001,1,learned_h2,3.7654859332292583,0.24206567022026376,0.2902908006440128,-0.0021427993562514068,6.852770481728989e-07,3.765101206116505,0.24195074179524606,0.2902859283352063,-0.005092036917181044,0.0,-9.838591938999967e-05,3.623148235075623,2.2470013687697494,0.29680289519082037,2.7777777778,2.250713705589898e-07,-9.108163930612216e-45,2.2509280821648021e-07,5.104240262189306e-41,2.2509280821648021e-07,3.881211389102054e-41,2.2509280821648021e-07,0.2902859283352063,5.104240262189306e-41,False,True,Solve_Succeeded,9,0.013355893999687396,0.015701287004048936,0.016217427000810858,True,4.6211812154695053e-11,643.4439725563029,shifted_warm_start,
8.5,23.566,23.554,4.566666700000001,1,learned_h2,3.765091498073762,0.241947874514717,0.2902907683261258,-0.003884282612881549,-6.919490520982373e-07,3.764521592923493,0.24177762856747695,0.2902852923966782,-0.006724532119176519,0.0,-0.00010859737411316363,3.622757737311766,2.246881007258007,0.2968014556378005,2.7777777778,2.2509280821648021e-07,5.104240262189306e-41,2.251191506745899e-07,-3.1031149177219626e-41,2.251191506745899e-07,-2.359576419153343e-41,2.251191506745899e-07,0.2902852923966782,-3.1031149177219626e-41,False,True,Solve_Succeeded,9,0.015628645996912383,0.018961930996738374,0.019428403000347316,True,4.480282811414327e-11,643.3652635106898,shifted_warm_start,
8.6,23.666,23.656,4.566666700000001,1,learned_h2,3.7645323705967892,0.2417808797106949,0.2902907386297599,-0.005514081444576694,-5.054086950892787e-07,3.763795747637899,0.24156083070947576,0.290285277343057,-0.008255242272160585,0.0,-0.00010857308296277995,3.622204191380756,2.24671037627154,0.2967994308494994,2.7777777778,2.251191506745899e-07,-3.1031149177219626e-41,2.251513056299205e-07,7.299949534188774e-42,2.251513056299205e-07,5.5508059606526613e-42,2.251513056299205e-07,0.290285277343057,7.299949534188774e-42,False,True,Solve_Succeeded,9,0.017777439003111795,0.02067537300172262,0.021096284996019676,True,4.3136272331878445e-11,643.2672980504252,shifted_warm_start,
8.7,23.766,23.758,4.566666700000001,1,learned_h2,3.763819180251784,0.24156786111973058,0.29029071882713353,-0.007038070820159578,5.806865373834658e-08,3.76293319446322,0.24130319346689902,0.290285288717468,-0.009686483342517482,0.0,-0.00010867485655337705,3.621498120664624,2.2464927211947714,0.29679686574670594,2.7777777778,2.251513056299205e-07,7.299949534188774e-42,2.251894968980666e-07,7.16876029927751e-43,2.251894968980666e-07,5.4510510262235384e-43,2.251894968980666e-07,0.290285288717468,7.16876029927751e-43,False,True,Solve_Succeeded,9,0.013522563000151422,0.01616557400120655,0.016766175998782273,True,4.124361963064871e-11,643.1509134801205,shifted_warm_start,
8.8,23.866,23.86,4.566666700000001,1,learned_h2,3.7629619797664846,0.2413118232439489,0.2902907037232424,-0.008462112737218665,4.217633348544084e-08,3.761942776347258,0.24100735999402764,0.29028523318696065,-0.011023709211905201,0.0,-0.00010946181523429798,3.6206494775751548,2.246231113013926,0.2967937906773169,2.7777777778,2.251894968980666e-07,7.16876029927751e-43,2.2523343857883465e-07,8.574869324559962e-42,2.2523343857883465e-07,6.520241754503374e-42,2.2523343857883465e-07,0.29028523318696065,8.574869324559962e-42,False,True,Solve_Succeeded,9,0.013916381001763511,0.016332884995790664,0.016746973000408616,True,3.91782162267873e-11,643.017238927587,shifted_warm_start,
8.9,23.966,23.962,4.566666700000001,1,learned_h2,3.7619702679329596,0.2410156029500187,0.2902906864164446,-0.009791629251887705,-5.678448623123593e-07,3.760832869152299,0.24067583171888365,0.2902851183748218,-0.012272014351417523,0.0,-0.00011069569684100409,3.6196676661379663,2.245928451593084,0.2967902322720305,2.7777777778,2.2523343857883465e-07,8.574869324559962e-42,2.2528275721038193e-07,-7.521853994223929e-41,2.2528275721038193e-07,-5.719539811988173e-41,2.2528275721038193e-07,0.2902851183748218,-7.521853994223929e-41,False,True,Solve_Succeeded,9,0.014537378003296908,0.01700029800122138,0.017385910003213212,True,3.734679232536564e-11,642.8674169466833,shifted_warm_start,
9.0,24.066,24.064,4.566666700000001,1,learned_h2,3.7608530334832886,0.2406818849718409,0.2902906706191464,-0.011031681297428255,4.974282123586388e-08,3.759611411781738,0.2403109796240548,0.29028515723687115,-0.013436244307833233,0.0,-0.0001103239212167018,3.6185615854131408,2.245587481422967,0.2967862259331644,2.7777777778,2.2528275721038193e-07,-7.521853994223929e-41,2.2533687717447206e-07,5.798180132063692e-41,2.2533687717447206e-07,4.4088760733567964e-41,2.2533687717447206e-07,0.29028515723687115,5.798180132063692e-41,False,True,Solve_Succeeded,9,0.013065557002846617,0.015570294999633916,0.016027990001020953,True,3.611910770473514e-11,642.7026881108392,shifted_warm_start,
9.1,24.166,24.166,4.566666700000001,1,learned_h2,3.759618783150562,0.2403132112925042,0.29029065357408806,-0.012187066869392436,-4.4230841086208705e-07,3.758285933779563,0.2399150539728502,0.2902850489294401,-0.014520823199992884,0.0,-0.0001116101870461373,3.617339657268324,2.245210801152294,0.2967817988608604,2.7777777778,2.2533687717447206e-07,5.798180132063692e-41,2.253957953411617e-07,-1.6272533018668487e-42,2.253957953411617e-07,-1.2373465439988135e-42,2.253957953411617e-07,0.2902850489294401,-1.6272533018668487e-42,False,True,Solve_Succeeded,9,0.012690028997894842,0.015015331999165937,0.015492653998080641,True,3.4840630380728044e-11,642.5238461622791,shifted_warm_start,
9.2,24.266,24.234,4.566666700000001,1,learned_h2,3.758734934303128,0.2400492016237411,0.29029064304913943,-0.012912545414590585,-5.082513777540046e-07,3.756936758154591,0.23951203785170075,0.2902849373866639,-0.015177970404751592,0.0,-0.00011323329695877806,3.6164646325254144,2.244941061287788,0.29677862932196897,2.7777777778,2.253957953411617e-07,-1.6272533018668487e-42,2.2545579836189804e-07,6.529344155486388e-42,2.2545579836189804e-07,4.9648456181353686e-42,2.2545579836189804e-07,0.2902849373866639,6.529344155486388e-42,False,True,Solve_Succeeded,9,0.017661666999629233,0.020226287997502368,0.020588934996339958,True,3.359718059314787e-11,642.3418340853134,shifted_warm_start,
9.3,24.366,24.336,4.566666700000001,1,learned_h2,3.75732333183371,0.23962754723009244,0.29029062692015545,-0.013936823191343603,6.76545407851258e-08,3.7554204696499465,0.23905911087439644,0.2902850526599762,-0.016147221505138608,0.0,-0.00011159962996639836,3.61506712338853,2.2445102609304213,0.2967735661990471,2.7777777778,2.2545579836189804e-07,6.529344155486388e-42,2.2552300663212245e-07,-8.684520028366392e-42,2.2552300663212245e-07,-6.6036190131307e-42,2.2552300663212245e-07,0.2902850526599762,-8.684520028366392e-42,False,True,Solve_Succeeded,9,0.014464995001617353,0.017592313000932336,0.01813904300070135,True,3.226757749885678e-11,642.1375048766773,shifted_warm_start,
9.4,24.466,24.438,4.566666700000001,1,learned_h2,3.755815228041517,0.23917706535298996,0.2902906107187154,-0.014888064539491805,5.077107168284079e-08,3.7538202949232327,0.23858112504395398,0.2902850027069679,-0.01705570248071399,0.0,-0.0001122440749133957,3.613574076767016,2.24405001570235,0.29676815565772474,2.7777777778,2.2552300663212245e-07,-8.684520028366392e-42,2.255941579207752e-07,2.3344542696940322e-42,2.255941579207752e-07,1.775094829683462e-42,2.255941579207752e-07,0.2902850027069679,2.3344542696940322e-42,False,True,Solve_Succeeded,9,0.015477590997761581,0.018013941000390332,0.01851182399695972,True,3.093547640276029e-11,641.9217860752887,shifted_warm_start,
9.5,24.566,24.54,4.566666700000001,1,learned_h2,3.754217565983895,0.23869982943613705,0.29029059446188965,-0.015770226929066957,1.3805318623649102e-06,3.752143409786161,0.23808022296820366,0.2902851511128417,-0.017883415896831345,0.0,-0.00011109147796838037,3.6119923664738383,2.2435624454999945,0.29676242210701,2.7777777778,2.255941579207752e-07,2.3344542696940322e-42,2.2566854659126304e-07,-3.592488773113516e-41,2.2566854659126304e-07,-2.7316912263547984e-41,2.2566854659126304e-07,0.2902851511128417,-3.592488773113516e-41,False,True,Solve_Succeeded,9,0.016905787997529842,0.019250219003879465,0.019831878002150916,True,2.962180500887257e-11,641.6959292315257,shifted_warm_start,
9.6,24.666,24.642,4.566666700000001,1,learned_h2,3.75253691161459,0.2381978016799063,0.29029057841520356,-0.01658706305826101,1.2980212825965245e-06,3.7503947760812415,0.23755788810995027,0.2902850810317635,-0.01864965605439318,0.0,-0.00011198729291058913,3.6103284929727955,2.2430495564739625,0.2967563888738477,2.7777777778,2.2566854659126304e-07,-3.592488773113516e-41,2.2574640854762608e-07,-1.4777966282752275e-41,2.2574640854762608e-07,-1.1237012385420708e-41,2.2574640854762608e-07,0.2902850810317635,-1.4777966282752275e-41,False,True,Solve_Succeeded,9,0.01641359500354156,0.018606270998134278,0.01912095300212968,True,2.8324731449203e-11,641.4602922067404,shifted_warm_start,
9.7,24.766,24.744,4.566666700000001,1,learned_h2,3.750779473682665,0.23767283701783953,0.29029056119983326,-0.01734213395402883,1.459114940863797e-07,3.7485798074373347,0.2370157377933863,0.290284893300438,-0.01935772796377062,0.0,-0.0001135814270401074,3.6085886030909635,2.2425132451245005,0.29675007638446643,2.7777777778,2.2574640854762608e-07,-1.4777966282752275e-41,2.258273998460771e-07,2.8748755955971504e-43,2.258273998460771e-07,2.1860256043467146e-43,2.258273998460771e-07,0.290284893300438,2.8748755955971504e-43,False,True,Solve_Succeeded,9,0.017290256997512188,0.020156960999884177,0.02059208099672105,True,2.7054247730973202e-11,641.2156881391821,shifted_warm_start,
9.8,24.866,24.846,4.566666700000001,1,learned_h2,3.7489511224677607,0.23712668736225215,0.29029054554734435,-0.018038819090521675,1.8308088754988918e-06,3.746703614926364,0.23645529650895833,0.2902851011725532,-0.02001103063729838,0.0,-0.00011161784212798123,3.606778508575156,2.2419553026608514,0.2967435079883858,2.7777777778,2.258273998460771e-07,2.8748755955971504e-43,2.259107431085015e-07,4.10006671856453e-41,2.259107431085015e-07,3.117648234949162e-41,2.259107431085015e-07,0.2902851011725532,4.10006671856453e-41,False,True,Solve_Succeeded,9,0.016257456001767423,0.018587815000500996,0.019030729999940377,True,2.5822566307454053e-11,640.9632027488923,shifted_warm_start,
9.9,24.966,24.948,4.566666700000001,1,learned_h2,3.747057405555397,0.2365610123837833,0.29029052837305436,-0.018680320473537102,1.8522359080563311e-07,3.7447710548583637,0.23587801848231912,0.2902848218610417,-0.020612333759932426,0.0,-0.00011439906142521515,3.6049037016705623,2.241377425877335,0.29673670008966985,2.7777777778,2.259107431085015e-07,4.10006671856453e-41,2.2599718277630136e-07,3.7109852479833216e-41,2.2599718277630136e-07,2.821794717610884e-41,2.2599718277630136e-07,0.2902848218610417,3.7109852479833216e-41,False,True,Solve_Succeeded,9,0.020278544994653203,0.022993253005552106,0.02349198799493024,True,2.4625801398059366e-11,640.7028236926242,shifted_warm_start,
10.0,25.066,25.05,4.566666700000001,1,learned_h2,3.7451035667901342,0.235977376518173,0.29029051219316904,-0.019269678869423747,1.3553094681225597e-06,3.74278670326195,0.23528526755013832,0.29028497000208503,-0.021164669598767605,0.0,-0.00011275661511091398,3.602969373939866,2.240781214279166,0.29672967363317204,2.7777777778,2.2599718277630136e-07,3.7109852479833216e-41,2.2608552950237764e-07,-2.020659755565632e-41,2.2608552950237764e-07,-1.5364887336705538e-41,2.2608552950237764e-07,0.29028497000208503,-2.020659755565632e-41,False,True,Solve_Succeeded,9,0.020054697997693438,0.022265986997808795,0.022639975999481976,True,2.3477386701387104e-11,640.4358697441397,shifted_warm_start,
10.1,25.166,25.152,4.566666700000001,1,learned_h2,3.7430945597989456,0.23537726083683963,0.2902904952836473,-0.019809774697670004,2.480282837743551e-07,3.740754899687163,0.2346783422797091,0.29028477537852554,-0.021670643433898264,0.0,-0.00011473823188933362,3.6009804296013,2.240168182038176,0.29672244431222977,2.7777777778,2.2608552950237764e-07,-2.020659755565632e-41,2.2617642891580833e-07,2.036738787342289e-41,2.2617642891580833e-07,1.5487150627717878e-41,2.2617642891580833e-07,0.29028477537852554,2.036738787342289e-41,False,True,Solve_Succeeded,9,0.01611133699771017,0.018812271999195218,0.019262772002548445,True,2.237299234764123e-11,640.1623434043909,shifted_warm_start,
10.2,25.266,25.254,4.566666700000001,1,learned_h2,3.741035064605864,0.2347620619236642,0.29029047959818194,-0.020303343563067754,1.2983059015034398e-06,3.7386797391076283,0.23405846366814795,0.29028489655586026,-0.022132918368270752,0.0,-0.00011338932435800207,3.5989415020161655,2.2395397569761655,0.2967150305465191,2.7777777778,2.2617642891580833e-07,2.036738787342289e-41,2.2626898883207433e-07,-9.161823091994381e-41,2.2626898883207433e-07,-6.966555315390828e-41,2.2626898883207433e-07,0.29028489655586026,-9.161823091994381e-41,False,True,Solve_Succeeded,9,0.014426800997171085,0.017063184997823555,0.017425049998564646,True,2.132050092029658e-11,639.8833025617733,shifted_warm_start,
10.3,25.366,25.356,4.566666700000001,1,learned_h2,3.73892950008515,0.23413310179635582,0.29029046278259374,-0.020752976109759673,2.13978249580507e-07,3.736565100553679,0.23342679324336954,0.29028471409715917,-0.022553829668409568,0.0,-0.00011525002593864368,3.5968569659780014,2.2388972905668383,0.29670744554080075,2.7777777778,2.2626898883207433e-07,-9.161823091994381e-41,2.2636371185203244e-07,1.0603695293255716e-41,2.2636371185203244e-07,8.062939991993967e-42,2.2636371185203244e-07,0.29028471409715917,1.0603695293255716e-41,False,True,Solve_Succeeded,9,0.011058476004109252,0.013474968996888492,0.013874397998733912,True,2.0316137661069433e-11,639.5988021041584,shifted_warm_start,
10.4,25.466,25.458,4.566666700000001,1,learned_h2,3.7367820394510893,0.23349162506127705,0.2902904473211858,-0.02116113266250292,1.6421602686954416e-06,3.734414640451299,0.2327844204094706,0.2902848776901059,-0.02293581808785218,0.0,-0.00011344751148196793,3.594730953095294,2.238242055191809,0.2966997064866004,2.7777777778,2.2636371185203244e-07,1.0603695293255716e-41,2.264597334383558e-07,1.7098138317916898e-41,2.264597334383558e-07,1.3001247152005653e-41,2.264597334383558e-07,0.2902848776901059,1.7098138317916898e-41,False,True,Solve_Succeeded,9,0.013988774997415021,0.016618909998214804,0.016990524003631435,True,1.9365120618175524e-11,639.3098328749019,shifted_warm_start,
10.5,25.566,25.56,4.566666700000001,1,learned_h2,3.734596620824515,0.2328388100792656,0.2902904304313764,-0.021530143278010228,1.7224995750449072e-06,3.7322318219931163,0.23213238235798608,0.29028483168682256,-0.023280993322886807,0.0,-0.00011406141223109251,3.592567362201465,2.237575255376383,0.29669182449391535,2.7777777778,2.264597334383558e-07,1.7098138317916898e-41,2.2655750529464559e-07,7.129714512943077e-42,2.2655750529464559e-07,5.4213610150106563e-42,2.2655750529464559e-07,0.29028483168682256,7.129714512943077e-42,False,True,Solve_Succeeded,9,0.016823361002025194,0.019619849997980054,0.020028006001666654,True,1.8463619522179897e-11,639.0164415108493,shifted_warm_start,
10.6,25.666,25.662,4.566666700000001,1,learned_h2,3.7323769610835695,0.23217576672975332,0.29029041341838197,-0.02186221847682906,-1.803851903492975e-07,3.7300199196211845,0.23147165679846998,0.29028458268264273,-0.023591303723904566,0.0,-0.00011640342359907552,3.5903698731078992,2.236898025645536,0.2966838139949464,2.7777777778,2.2655750529464559e-07,7.129714512943077e-42,2.2665687737994575e-07,-3.4981396407363764e-42,2.2665687737994575e-07,-2.6599491240390688e-42,2.2665687737994575e-07,0.29028458268264273,-3.4981396407363764e-42,False,True,Solve_Succeeded,9,0.015671167995606083,0.01880746400274802,0.019805272997473367,True,1.7611467839628858e-11,638.7190766622758,shifted_warm_start,
10.7,25.766,25.764,4.566666700000001,1,learned_h2,3.730126566809721,0.23150354174631171,0.2902903966897218,-0.022159455172927396,3.2956738675733e-07,3.7277820083458177,0.23080316087925803,0.2902846458620724,-0.0238689568483055,0.0,-0.00011538940355726333,3.588141957427509,2.2362114359329546,0.29667568779689024,2.7777777778,2.2665687737994575e-07,-3.4981396407363764e-42,2.2675715478096046e-07,1.2019191432361934e-41,2.2675715478096046e-07,9.139268584326457e-42,2.2675715478096046e-07,0.2902846458620724,1.2019191432361934e-41,False,True,Solve_Succeeded,9,0.016946140996878967,0.01947327900415985,0.019993786998384167,True,1.6810441927361808e-11,638.4185474900684,shifted_warm_start,
10.8,25.866,25.866,4.566666700000001,1,learned_h2,3.7278487450608746,0.230823122330993,0.2902903813027091,-0.02242384049342339,1.1974564470485526e-06,3.7255210024327727,0.23012776486203904,0.2902847066123679,-0.024115800056385688,0.0,-0.00011480063096092778,3.5858868892377407,2.235516495268136,0.29666745866702815,2.7777777778,2.2675715478096046e-07,1.2019191432361934e-41,2.2685855160869126e-07,-2.3975725319691622e-42,2.2685855160869126e-07,-1.823089302086587e-42,2.2685855160869126e-07,0.2902847066123679,-2.3975725319691622e-42,False,True,Solve_Succeeded,9,0.013602710998384282,0.0157475739979418,0.0160546209954191,True,1.6057377649758564e-11,638.1150081898909,shifted_warm_start,
10.9,25.966,25.934,4.566666700000001,1,learned_h2,3.7263165064836534,0.23036542029629675,0.2902903700939095,-0.022582780859169795,1.2354321906488422e-06,3.7232812028012723,0.2294586937849618,0.2902847053101375,-0.02425851390595016,0.0,-0.00011543462037289393,3.5843699569270555,2.23504903562925,0.2966619191840923,2.7777777778,2.2685855160869126e-07,-2.3975725319691622e-42,2.2695914619287085e-07,-3.371931911013797e-42,2.2695914619287085e-07,-2.563982074521324e-42,2.2695914619287085e-07,0.2902847053101375,-3.371931911013797e-42,False,True,Solve_Succeeded,9,0.012536991998786107,0.015554320001683664,0.015943728998536244,True,1.5363155192460454e-11,637.8143580792356,shifted_warm_start,
11.0,26.066,26.036,4.566666700000001,1,learned_h2,3.723999810774234,0.22967338950639865,0.29029035324954394,-0.022796551092969505,-1.2352103243452898e-07,3.720980827256671,0.22877153872934028,0.29028450300394804,-0.024459609900358985,0.0,-0.00011679599667796242,3.5820764043336597,2.2343422677136635,0.29665353906560415,2.7777777778,2.2695914619287085e-07,-3.371931911013797e-42,2.2706276239409985e-07,7.496790976211031e-42,2.2706276239409985e-07,5.700482152873356e-42,2.2706276239409985e-07,0.29028450300394804,7.496790976211031e-42,False,True,Solve_Succeeded,9,0.015908731998933945,0.018815438997989986,0.01928915399912512,True,1.4699463868339535e-11,637.5055249760005,shifted_warm_start,
11.1,26.166,26.138,4.566666700000001,1,learned_h2,3.7216636076122405,0.22897553062421316,0.2902903369954735,-0.0229822789313947,2.9015876436923237e-07,3.7186651652196128,0.22807981607266975,0.2902845596583715,-0.024636011865279334,0.0,-0.0001160258908800061,3.5797635398257555,2.233629567203186,0.2966450833849082,2.7777777778,2.2706276239409985e-07,7.496790976211031e-42,2.2716686915152455e-07,3.156834548242256e-42,2.2716686915152455e-07,2.4004242693884116e-42,2.2716686915152455e-07,0.2902845596583715,3.156834548242256e-42,False,True,Solve_Succeeded,9,0.01414420000219252,0.016899948997888714,0.017355618998408318,True,1.4080181465203623e-11,637.1949367073925,shifted_warm_start,
11.2,26.266,26.24,4.566666700000001,1,learned_h2,3.7193105567968865,0.22827263933393183,0.29029032028626245,-0.023141597764692854,3.537141102404275e-07,3.7163367650512322,0.22738428875328567,0.29028453553877237,-0.024784045746364145,0.0,-0.00011626490113796538,3.5774339966520565,2.232911747152001,0.29663656057017496,2.7777777778,2.2716686915152455e-07,3.156834548242256e-42,2.2727172359678085e-07,-5.2020735687157574e-42,2.2727172359678085e-07,-3.955602821326898e-42,2.2727172359678085e-07,0.29028453553877237,-5.2020735687157574e-42,False,True,Solve_Succeeded,9,0.015989570994861424,0.01898331000120379,0.01931793100084178,True,1.3502032825130073e-11,636.882678348058,shifted_warm_start,
11.3,26.366,26.342,4.566666700000001,1,learned_h2,3.716943163294201,0.2275654627239148,0.29029030473175504,-0.02327605644652353,1.1424441808943194e-06,3.713997622898055,0.22668555156808684,0.2902846205125219,-0.024908731124759356,0.0,-0.00011547954528648961,3.575090254787345,2.2321895709518755,0.2966279811699994,2.7777777778,2.2727172359678085e-07,-5.2020735687157574e-42,2.2737703025901178e-07,-2.495158202977563e-41,2.2737703025901178e-07,-1.897292434830287e-41,2.2737703025901178e-07,0.2902846205125219,-2.495158202977563e-41,False,True,Solve_Succeeded,9,0.016487947999848984,0.018811378999089357,0.019246367999585345,True,1.2963630169338103e-11,636.569163366524,shifted_warm_start,
11.4,26.466,26.444,4.566666700000001,1,learned_h2,3.714563784001113,0.2268547062386449,0.29029028816340363,-0.023387121926303215,1.1531623193005917e-06,3.711649780909624,0.22598421630083057,0.29028458538140994,-0.025011406136984514,0.0,-0.00011582151577301207,3.572734647597969,2.231463759331805,0.296619351442602,2.7777777778,2.2737703025901178e-07,-2.495158202977563e-41,2.274829483520927e-07,2.6574746466111883e-42,2.274829483520927e-07,2.0207161761333964e-42,2.274829483520927e-07,0.29028458538140994,2.6574746466111883e-42,False,True,Solve_Succeeded,9,0.013684347002708819,0.016162047002580948,0.01664255499781575,True,1.2462531007173538e-11,636.2544926199362,shifted_warm_start,
11.5,26.566,26.546,4.566666700000001,1,learned_h2,3.7121746367779336,0.22614103160940238,0.2902902719017364,-0.023476185216749518,1.4957158317816635e-06,3.709295159418383,0.22528085552478258,0.2902846085657659,-0.02509340112073981,0.0,-0.00011549733028783378,3.570369370814129,2.2307349883508834,0.29661068065462626,2.7777777778,2.274829483520927e-07,2.6574746466111883e-42,2.2758919752456455e-07,-2.5485150186690846e-42,2.2758919752456455e-07,-1.9378644044301916e-42,2.2758919752456455e-07,0.2902846085657659,-2.5485150186690846e-42,False,True,Solve_Succeeded,9,0.013724479998927563,0.016115229998831637,0.01653734299907228,True,1.1997292048704367e-11,635.9390601763605,shifted_warm_start,
11.6,26.666,26.648,4.566666700000001,1,learned_h2,3.7097778067975278,0.22542506225590514,0.2902902553327046,-0.023544564336647797,1.5061150495180747e-06,3.7069355661914294,0.22457600995724003,0.29028458049773037,-0.02515595235441087,0.0,-0.00011568257446080489,3.567996488793639,2.2300038948448795,0.296601975678943,2.7777777778,2.2758919752456455e-07,-2.5485150186690846e-42,2.2769581663753004e-07,1.2677383603477313e-41,2.2769581663753004e-07,9.639751088975467e-42,2.2769581663753004e-07,0.29028458049773037,1.2677383603477313e-41,False,True,Solve_Succeeded,9,0.012403821994666941,0.015181396003754344,0.015596426004776731,True,1.1565692847881337e-11,635.6230256723433,shifted_warm_start,
11.7,26.766,26.75,4.566666700000001,1,learned_h2,3.7073752540508726,0.2247073834073152,0.29029023872907483,-0.023593507998204786,1.5139993330313663e-06,3.7045727017590346,0.2238701872323586,0.2902845583836728,-0.025200231691009566,0.0,-0.00011574366576750872,3.565617941965875,2.2292710765995,0.2965932438418538,2.7777777778,2.2769581663753004e-07,1.2677383603477313e-41,2.278026669641628e-07,-7.586803607539523e-42,2.278026669641628e-07,-5.768926824740221e-42,2.278026669641628e-07,0.2902845583836728,-7.586803607539523e-42,False,True,Solve_Succeeded,9,0.012546919999294914,0.014892178995069116,0.015227791998768225,True,1.1166123581318743e-11,635.306660900427,shifted_warm_start,
11.8,26.866,26.852,4.566666700000001,1,learned_h2,3.7049688196238946,0.22398854515596117,0.29029022207296257,-0.02362419926650741,1.1744421180771234e-06,3.702208164747377,0.22316386508626707,0.2902844921914984,-0.025227345018457727,0.0,-0.00011620818090979262,3.563235553038581,2.228537095448384,0.2965844917669519,2.7777777778,2.278026669641628e-07,-7.586803607539523e-42,2.279097313955631e-07,-8.316867668544833e-42,2.279097313955631e-07,-6.3240599694979e-42,2.279097313955631e-07,0.2902844921914984,-8.316867668544833e-42,False,True,Solve_Succeeded,9,0.013600045000202954,0.01603321699803928,0.016360203000658657,True,1.0796807892177185e-11,634.9901421149383,shifted_warm_start,
11.9,26.966,26.954,4.566666700000001,1,learned_h2,3.702560232177125,0.2232690635498778,0.2902902056467312,-0.023637758802407073,1.165909192819299e-06,3.6998434557185482,0.22245749128899037,0.29028447446890643,-0.025238372041022597,0.0,-0.00011617577026832522,3.5608510334181047,2.227802478411089,0.296575725988179,2.7777777778,2.279097313955631e-07,-8.316867668544833e-42,2.2801684094354896e-07,3.003876423604715e-42,2.2801684094354896e-07,2.2841164968494518e-42,2.2801684094354896e-07,0.29028447446890643,3.003876423604715e-42,False,True,Solve_Succeeded,9,0.014376929000718519,0.01693298399914056,0.017278105005971156,True,1.0456246979373418e-11,634.6737406870541,shifted_warm_start,
12.0,27.066,27.056,4.566666700000001,1,learned_h2,3.7001511135009384,0.22254942357959623,0.2902901889845158,-0.023635248479998993,3.2821231426108465e-08,3.6974799871535184,0.22175148858341498,0.2902843138492413,-0.025234253102183787,0.0,-0.0001175450886406143,3.5584659887009438,2.227067720719291,0.2965669519201502,2.7777777778,2.2801684094354896e-07,3.003876423604715e-42,2.2812414139799497e-07,-2.543896328309171e-41,2.2812414139799497e-07,-1.9343524001539775e-41,2.2812414139799497e-07,0.2902843138492413,-2.543896328309171e-41,False,True,Solve_Succeeded,9,0.0243802270051674,0.02793188799842028,0.02838261800206965,True,1.014255346376558e-11,634.3574998456296,shifted_warm_start,
12.1,27.166,27.158,4.566666700000001,1,learned_h2,3.6977429846722387,0.221830079072105,0.2902901726109267,-0.023617674108279002,4.700498178365773e-08,3.6951190782458343,0.22104625004787973,0.29028431445670894,-0.025216017713263143,0.0,-0.00011722190325576618,3.5560819247811066,2.226333285753824,0.2965581756179777,2.7777777778,2.2812414139799497e-07,-2.543896328309171e-41,2.2823123946565689e-07,1.1464487871929406e-41,2.2823123946565689e-07,8.717477746564687e-42,2.2823123946565689e-07,0.29028431445670894,1.1464487871929406e-41,False,True,Solve_Succeeded,9,0.017282791995967273,0.019839423999655992,0.020324240998888854,True,9.854561611177814e-12,634.0418274260168,shifted_warm_start,
12.2,27.266,27.26,4.566666700000001,1,learned_h2,3.695337271022325,0.2211114556275443,0.290290156517922,-0.02358598810758456,1.4402823747372552e-06,3.6927619666040488,0.22034214523651283,0.2902844576230724,-0.025184622702910782,0.0,-0.00011572255904254355,3.5537002527593566,2.2255996080167324,0.2965494022709195,2.7777777778,2.2823123946565689e-07,1.1464487871929406e-41,2.283380989455188e-07,-3.0407338030354477e-44,2.283380989455188e-07,-2.312142466135948e-44,2.283380989455188e-07,0.2902844576230724,-3.0407338030354477e-44,False,True,Solve_Succeeded,9,0.012213608999445569,0.014800083001318853,0.015112490000319667,True,9.590772620526877e-12,633.7268741714583,shifted_warm_start,
12.3,27.366,27.362,4.566666700000001,1,learned_h2,3.6929353069912745,0.2203939528199142,0.2902901400653845,-0.023541091874039497,1.42303532106892e-06,3.6904098214365475,0.21963952483225518,0.2902844120714157,-0.025140765093145792,0.0,-0.00011622672808376759,3.551322293744533,2.2248670953664558,0.2965406361193896,2.7777777778,2.283380989455188e-07,-3.0407338030354477e-44,2.2844502993777035e-07,-2.516437580633275e-41,2.2844502993777035e-07,-1.9134730530355377e-41,2.2844502993777035e-07,0.2902844120714157,-2.516437580633275e-41,False,True,Solve_Succeeded,9,0.01502333000098588,0.017533319994981866,0.018046908000542317,True,9.349743201880756e-12,633.4125436187308,shifted_warm_start,
12.4,27.466,27.464,4.566666700000001,1,learned_h2,3.6905383416229998,0.2196779432844746,0.2902901236391419,-0.023483839664870217,1.412723264139897e-06,3.6880637301362773,0.21893871288081737,0.2902843928977008,-0.025085269114910744,0.0,-0.00011621308974246827,3.548949284309639,2.2241361281435914,0.29653188213188225,2.7777777778,2.2844502993777035e-07,-2.516437580633275e-41,2.2855174646570006e-07,5.050198129598994e-41,2.2855174646570006e-07,3.8401183116357287e-41,2.2855174646570006e-07,0.2902843928977008,5.050198129598994e-41,False,True,Solve_Succeeded,9,0.01430041700223228,0.01686685800086707,0.017243020003661513,True,9.130196598761131e-12,633.099144135127,shifted_warm_start,
12.5,27.566,27.566,4.566666700000001,1,learned_h2,3.688147542615955,0.21896377579942877,0.2902901072431273,-0.023415039987973115,1.3898580232102161e-06,3.6857247086023186,0.21824001285260491,0.2902843696725997,-0.025018938033141976,0.0,-0.00011626820894269898,3.546582380490523,2.2234070622816096,0.29652314461073226,2.7777777778,2.2855174646570006e-07,5.050198129598994e-41,2.2865823511205898e-07,-1.1965287514944487e-41,2.2865823511205898e-07,-9.098280604244956e-42,2.2865823511205898e-07,0.2902843696725997,-1.1965287514944487e-41,False,True,Solve_Succeeded,9,0.017534594000608195,0.020030520994623657,0.02036016200145241,True,8.931300143899534e-12,632.7867873454871,shifted_warm_start,
12.6,27.666,27.634,4.566666700000001,1,learned_h2,3.686557644020782,0.21848884951878486,0.29029009610237383,-0.023363137957608412,1.1046420116784721e-06,3.6834235117023106,0.21755260126779422,0.29028436594106033,-0.02497033057714091,0.0,-0.00011651572980696339,3.5450083728612696,2.222922239997396,0.2965173305179634,2.7777777778,2.2865823511205898e-07,-1.1965287514944487e-41,2.2876306916435394e-07,-2.739977586880669e-41,2.2876306916435394e-07,-2.083450556758138e-41,2.2876306916435394e-07,0.29028436594106033,-2.739977586880669e-41,False,True,Solve_Succeeded,9,0.015696403999754693,0.018292938999366015,0.0188023049995536,True,8.754275082623053e-12,632.4795906651483,shifted_warm_start,
12.7,27.766,27.736,4.566666700000001,1,learned_h2,3.6841795101701633,0.21777846555767538,0.29029007974083876,-0.02327677280076003,1.0836305696468354e-06,3.6811011285383897,0.21685887168305945,0.2902843431057564,-0.024887226113595062,0.0,-0.00011656548215080189,3.5426540089515672,2.2221970710151386,0.2965086292522561,2.7777777778,2.2876306916435394e-07,-2.739977586880669e-41,2.2886897543145606e-07,-1.237675120508156e-41,2.2886897543145606e-07,-9.411153329338229e-42,2.2886897543145606e-07,0.2902843431057564,-1.237675120508156e-41,False,True,Solve_Succeeded,9,0.015108737999980804,0.017912311996042263,0.018461737003235612,True,8.593403766354868e-12,632.1696551295853,shifted_warm_start,
12.8,27.866,27.838,4.566666700000001,1,learned_h2,3.6818102916816486,0.21707074494978426,0.29029006335549845,-0.023180811050335856,1.067958028190087e-06,3.678788555885133,0.21616807285151116,0.29028432116842406,-0.02479437492678822,0.0,-0.00011660729617911998,3.5403084717682893,2.2214746413198627,0.29649995458332257,2.7777777778,2.2886897543145606e-07,-1.237675120508156e-41,2.2897452095309532e-07,-1.5554677964599608e-42,2.2897452095309532e-07,-1.1827615897556608e-42,2.2897452095309532e-07,0.29028432116842406,-1.5554677964599608e-42,False,True,Solve_Succeeded,9,0.014191922004101798,0.016818237003462855,0.017164591001346707,True,8.449962951573298e-12,631.8611287162455,shifted_warm_start,
12.9,27.966,27.94,4.566666700000001,1,learned_h2,3.679450893858268,0.2163659581188309,0.29029004695250815,-0.02307591345342304,1.0540226634943705e-06,3.676486479022799,0.2154804094703952,0.2902843001297539,-0.024694153343967132,0.0,-0.00011663483693753055,3.537972657566919,2.220755226727001,0.2964913098955252,2.7777777778,2.2897452095309532e-07,-1.5554677964599608e-42,2.2907967337841762e-07,-2.480962352931195e-42,2.2907967337841762e-07,-1.886498057597285e-42,2.2907967337841762e-07,0.2902843001297539,-2.480962352931195e-42,False,True,Solve_Succeeded,9,0.01363049400242744,0.016542741999728605,0.017145445999631193,True,8.322231792590173e-12,631.5541015340599,shifted_warm_start,
13.0,28.066,28.042,4.566666700000001,1,learned_h2,3.6771021591784647,0.21566435673778947,0.2902900305600906,-0.02296270510911284,1.0390453144203701e-06,3.6741956625895216,0.21479610996064527,0.29028427918497807,-0.024586131604028772,0.0,-0.00011666018878961866,3.5356474004114693,2.2200390838820265,0.2964826983740565,2.7777777778,2.2907967337841762e-07,-2.480962352931195e-42,2.2918439709090978e-07,6.564299276613494e-42,2.2918439709090978e-07,4.9914251299249984e-42,2.2918439709090978e-07,0.29028427918497807,6.564299276613494e-42,False,True,Solve_Succeeded,9,0.0175332700018771,0.020426369999768212,0.0210018299985677,True,8.208878021775945e-12,631.2486735527774,shifted_warm_start,
13.1,28.166,28.144,4.566666700000001,1,learned_h2,3.6747648706966736,0.21496617470176824,0.2902900140966494,-0.022841777411206757,1.0295799497045987e-06,3.6719167718145975,0.21411537301861175,0.29028425916178624,-0.024470866203954836,0.0,-0.00011667532736041864,3.5333334755350947,2.2193264512573068,0.29647412288464153,2.7777777778,2.2918439709090978e-07,6.564299276613494e-42,2.292886594281254e-07,1.8447118405081716e-42,2.292886594281254e-07,1.4026997627891419e-42,2.292886594281254e-07,0.29028425916178624,1.8447118405081716e-42,False,True,Solve_Succeeded,9,0.014436997000302654,0.018124030997569207,0.01878710500022862,True,8.110789817550312e-12,630.9449326049256,shifted_warm_start,
13.2,28.266,28.246,4.566666700000001,1,learned_h2,3.6724397551258234,0.2142716295246611,0.2902899969969713,-0.022713689583820428,2.3134850226980825e-07,3.6696504257300906,0.2134383841512031,0.2902841345923243,-0.02434884357090972,0.0,-0.00011759311067184944,3.531031602388903,2.2186175505705994,0.29646558561019815,2.7777777778,2.292886594281254e-07,1.8447118405081716e-42,2.2939254726073222e-07,-1.9262098412916111e-41,2.2939254726073222e-07,-1.4646699978450564e-41,2.2939254726073222e-07,0.2902841345923243,-1.9262098412916111e-41,False,True,Solve_Succeeded,9,0.01770686500094598,0.020314611996582244,0.021091900998726487,True,8.027412068400963e-12,630.6428794378849,shifted_warm_start,
13.3,28.366,28.348,4.566666700000001,1,learned_h2,3.6701274863808,0.21358092159898392,0.29028998063483175,-0.022578970844634567,2.2609150090420854e-07,3.6673971934214187,0.21276531209511668,0.2902841296592946,-0.02422062650502991,0.0,-0.00011734764487401317,3.528742448161042,2.2179125860694278,0.29645709048570107,2.7777777778,2.2939254726073222e-07,-1.9262098412916111e-41,2.294957857368196e-07,-1.8731899250839487e-41,2.294957857368196e-07,-1.4243542031206613e-41,2.294957857368196e-07,0.2902841296592946,-1.8731899250839487e-41,False,True,Solve_Succeeded,9,0.01750969100248767,0.020446497001103126,0.021006814000429586,True,8.014644503617774e-12,630.3427587365663,shifted_warm_start,
13.4,28.466,28.45,4.566666700000001,1,learned_h2,3.6678286877049535,0.2128942376313679,0.2902899643113041,-0.02243812121230024,2.1943431242186373e-07,3.6651576039418874,0.21209631561881215,0.29028411053697994,-0.024086678523186963,0.0,-0.00011738518144337805,3.5264666298648284,2.217211747982129,0.2964486391934935,2.7777777778,2.294957857368196e-07,-1.8731899250839487e-41,2.2959849694327552e-07,6.678557152848765e-42,2.2959849694327552e-07,5.078305634713137e-42,2.2959849694327552e-07,0.29028411053697994,6.678557152848765e-42,False,True,Solve_Succeeded,9,0.01649836599972332,0.01928402499470394,0.019709084001078736,True,8.076650459543089e-12,630.0445375120971,shifted_warm_start,
13.5,28.566,28.552,4.566666700000001,1,learned_h2,3.665543934941332,0.21221174967418865,0.2902899479114711,-0.022291613537584614,2.2216795966206233e-07,3.6629321466826927,0.21143154092813046,0.2902840943101314,-0.02394742013902935,0.0,-0.00011737669312251841,3.524204717589244,2.2165152115720392,0.29644023383135387,2.7777777778,2.2959849694327552e-07,6.678557152848765e-42,2.2970063812318557e-07,1.27821391865781e-41,2.2970063812318557e-07,9.719406148556931e-42,2.2970063812318557e-07,0.2902840943101314,1.27821391865781e-41,False,True,Solve_Succeeded,9,0.019280528998933733,0.021556330000748858,0.021925157998339273,True,8.153588915149612e-12,629.7482922371511,shifted_warm_start,
13.6,28.666,28.654,4.566666700000001,1,learned_h2,3.663273759037523,0.21153361625133937,0.29028993153514837,-0.022139894676554715,2.22523239054046e-07,3.6607212711862918,0.21077112223315847,0.29028407777526793,-0.023803276644223346,0.0,-0.00011737145021440975,3.5219572369764487,2.2158231382808853,0.2964318765517604,2.7777777778,2.2970063812318557e-07,1.27821391865781e-41,2.29802190724501e-07,-2.9860927380293865e-41,2.29802190724501e-07,-2.2705939666687173e-41,2.29802190724501e-07,0.29028407777526793,-2.9860927380293865e-41,False,True,Solve_Succeeded,9,0.015910583999357186,0.018989156997122336,0.01946669899916742,True,8.245404359286113e-12,629.4540784969531,shifted_warm_start,
13.7,28.766,28.756,4.566666700000001,1,learned_h2,3.6610186485136795,0.21085998309500592,0.29028991530627535,-0.021983386950245716,1.0263779315502632e-06,3.658525388984983,0.21011518213422425,0.2902841594920784,-0.023654685094917048,0.0,-0.00011644167997480444,3.519724671665168,2.215135676482815,0.2964235693797363,2.7777777778,2.29802190724501e-07,-2.9860927380293865e-41,2.2990302515732547e-07,-5.251321722432652e-43,2.2990302515732547e-07,-3.993050606948234e-43,2.2990302515732547e-07,0.2902841594920784,-5.251321722432652e-43,False,True,Solve_Succeeded,9,0.013580470003944356,0.015990831998351496,0.016434438002761453,True,8.351930258498896e-12,629.162024271707,shifted_warm_start,
13.8,28.866,28.858,4.566666700000001,1,learned_h2,3.6587790515916847,0.2101909845579107,0.290289898918925,-0.021822489097878255,1.0084191092874662e-06,3.65634488203437,0.20946383547770378,0.29028412663447156,-0.023501953412859038,0.0,-0.0001167075575153037,3.5175074653939022,2.2144529629116816,0.2964153137660931,2.7777777778,2.2990302515732547e-07,-5.251321722432652e-43,2.3000335800528842e-07,-5.50038798348325e-43,2.3000335800528842e-07,-4.1824380102394775e-43,2.3000335800528842e-07,0.29028412663447156,-5.50038798348325e-43,False,True,Solve_Succeeded,9,0.013973927998449653,0.016479789999721106,0.017015566998452414,True,8.47388825775397e-12,628.8720165009044,shifted_warm_start,
13.9,28.966,28.96,4.566666700000001,1,learned_h2,3.6565553787746747,0.20952674306260585,0.2902898825485121,-0.021657578050764244,9.910456784862907e-07,3.6541800964445432,0.20881718527609955,0.2902841087430148,-0.023345443286228947,0.0,-0.00011667659661264414,3.5153060245627286,2.213775122128018,0.2964071115076146,2.7777777778,2.3000335800528842e-07,-5.50038798348325e-43,2.301030283188889e-07,3.798577639969451e-42,2.301030283188889e-07,2.8883990645679844e-42,2.301030283188889e-07,0.2902841087430148,3.798577639969451e-42,False,True,Solve_Succeeded,9,0.015221882000332698,0.018708948999119457,0.019223244999011513,True,8.611056312446408e-12,628.5841979773897,shifted_warm_start,
14.0,29.066,29.062,4.566666700000001,1,learned_h2,3.654348004728607,0.20886737049687037,0.2902898662048918,-0.0214890096612725,1.2000204486979005e-06,3.6520313460525546,0.20817532523251828,0.29028411559957296,-0.023185526087545268,0.0,-0.00011641773032946668,3.513120720091027,2.213102267927681,0.29639896410655847,2.7777777778,2.301030283188889e-07,3.798577639969451e-42,2.3020200916149283e-07,8.845771063375848e-44,2.3020200916149283e-07,6.726232628759122e-44,2.3020200916149283e-07,0.29028411559957296,8.845771063375848e-44,False,True,Solve_Succeeded,9,0.014243794998037629,0.016758828998717945,0.017112376001023222,True,8.763489933727442e-12,628.2986159546854,shifted_warm_start,
14.1,29.166,29.164,4.566666700000001,1,learned_h2,3.6521572701978027,0.20821296908054895,0.2902898491974414,-0.021317119688001943,5.255719941152544e-07,3.6498989199466982,0.2075383422989786,0.29028401683946836,-0.02302246037874508,0.0,-0.00011724175657665924,3.5109518893121328,2.2124345042220366,0.2963908722423071,2.7777777778,2.3020200916149283e-07,8.845771063375848e-44,2.303004302457444e-07,8.920457647671522e-44,2.303004302457444e-07,6.783023533319161e-44,2.303004302457444e-07,0.29028401683946836,8.920457647671522e-44,False,True,Solve_Succeeded,9,0.017317191006441135,0.020081205999304075,0.020503699997789226,True,8.93202178886554e-12,628.0152077467715,shifted_warm_start,
14.2,29.266,29.266,4.566666700000001,1,learned_h2,3.649983484385336,0.20756363030271296,0.29028983287343957,-0.02114222543888387,5.116315406287034e-07,3.647783074726364,0.20690631200369602,0.290284009961651,-0.022856600706493934,0.0,-0.00011701659632586376,3.5087998383407153,2.21177192399122,0.29638283851811487,2.7777777778,2.303004302457444e-07,8.920457647671522e-44,2.303980589650787e-07,-9.860356816689807e-42,2.303980589650787e-07,-7.497713119235449e-42,2.303980589650787e-07,0.290284009961651,-9.860356816689807e-42,False,True,Solve_Succeeded,9,0.013340217999939341,0.016286117999698035,0.016760222999437246,True,9.11604125519716e-12,627.7341556522406,shifted_warm_start,
14.3,29.366,29.334,4.566666700000001,1,learned_h2,3.64854384862089,0.2071335920924725,0.2902898220321299,-0.021024108627137682,4.945568922785679e-07,3.645710189127804,0.20628710399400121,0.2902840235497783,-0.0227481025602843,0.0,-0.00011682588986563464,3.5073745972399557,2.211333125925614,0.29637751523359895,2.7777777778,2.303980589650787e-07,-9.860356816689807e-42,2.3049375593001728e-07,-2.2360047538552237e-41,2.3049375593001728e-07,-1.7002348382846097e-41,2.3049375593001728e-07,0.2902840235497783,-2.2360047538552237e-41,False,True,Solve_Succeeded,9,0.014381769004103262,0.017282463995798025,0.017801247995521408,True,9.313438908975513e-12,627.4589013188951,shifted_warm_start,
14.4,29.466,29.436,4.566666700000001,1,learned_h2,3.6463989159927657,0.2064928728671416,0.29028980547510885,-0.02084486344253732,3.052077259811008e-07,3.643628258509422,0.20566520531272459,0.2902839693049814,-0.022577168876913863,0.0,-0.00011723961055002722,3.5052511118698213,2.210679369438205,0.29636957953157506,2.7777777778,2.3049375593001728e-07,-2.2360047538552237e-41,2.3059001572706132e-07,9.23085173951422e-42,2.3059001572706132e-07,7.019043983471942e-42,2.3059001572706132e-07,0.2902839693049814,9.23085173951422e-42,False,True,Solve_Succeeded,9,0.014471413996943738,0.01697056699777022,0.017337460994895082,True,9.135359135825638e-12,627.1824788635508,shifted_warm_start,
14.5,29.566,29.538,4.566666700000001,1,learned_h2,3.6442716133418025,0.2058574199862772,0.29028978913454395,-0.020663374467837066,1.0035053298378134e-06,3.6415636167972583,0.20504847088348924,0.29028405419224845,-0.022402721279567002,0.0,-0.00011635596771172825,3.503145080743358,2.2100310032047554,0.2963617043314093,2.7777777778,2.3059001572706132e-07,9.23085173951422e-42,2.3068539259120657e-07,6.180982530533874e-42,2.3068539259120657e-07,4.6999550493454365e-42,2.3068539259120657e-07,0.29028405419224845,6.180982530533874e-42,False,True,Solve_Succeeded,9,0.013661189994309098,0.016555971997149754,0.016976250997686293,True,8.814060592499118e-12,626.9085366961652,shifted_warm_start,
14.6,29.666,29.64,4.566666700000001,1,learned_h2,3.642162147256535,0.20522729545959956,0.29028977282676116,-0.020479897302110583,9.78585027318439e-07,3.639516240866024,0.2044368944659451,0.2902840220977433,-0.022228871418719733,0.0,-0.00011659140703262838,3.5010567081828317,2.209388090081926,0.2963538903319062,2.7777777778,2.3068539259120657e-07,6.180982530533874e-42,2.3078017078983616e-07,-2.277901228130002e-42,2.3078017078983616e-07,-1.7320924830594942e-42,2.3078017078983616e-07,0.2902840220977433,-2.277901228130002e-42,False,True,Solve_Succeeded,9,0.01431861899618525,0.016650601995934267,0.017163213997264393,True,8.52112824745177e-12,626.6368747268723,shifted_warm_start,
14.7,29.766,29.742,4.566666700000001,1,learned_h2,3.640070700117599,0.2046025538139596,0.29028975649997374,-0.020294673234651638,9.557242714061083e-07,3.637486391071943,0.20383055369478723,0.29028400373346575,-0.022053375019161072,0.0,-0.00011655709156619883,3.4989861745987967,2.208750685293585,0.2963461382750578,2.7777777778,2.3078017078983616e-07,-2.277901228130002e-42,2.3087419115285902e-07,5.732935011829029e-42,2.3087419115285902e-07,4.359264360206465e-42,2.3087419115285902e-07,0.29028400373346575,5.732935011829029e-42,False,True,Solve_Succeeded,9,0.01906082400091691,0.022571353998500854,0.0229448109967052,True,8.254397165785576e-12,626.3676251477798,shifted_warm_start,
14.8,29.866,29.844,4.566666700000001,1,learned_h2,3.6379974314438708,0.20398324268136603,0.29028974004953095,-0.020107929422616612,9.454755406879508e-07,3.6354741888279896,0.20322948483382186,0.29028398558150936,-0.021876469909453654,0.0,-0.00011653719864352926,3.4969336379186156,2.2081188370280427,0.2963384487659683,2.7777777778,2.3087419115285902e-07,5.732935011829029e-42,2.3096746140131819e-07,-5.6921615358337815e-42,2.3096746140131819e-07,-4.328260631683279e-42,2.3096746140131819e-07,0.29028398558150936,-5.6921615358337815e-42,False,True,Solve_Succeeded,9,0.0203091469957144,0.022666995995678008,0.023093227006029338,True,8.011757923753748e-12,626.1007917686559,shifted_warm_start,
14.9,29.966,29.946,4.566666700000001,1,learned_h2,3.6359424791414097,0.2033694034730248,0.2902897232106631,-0.019919879699092546,5.572771619728015e-07,3.6334797395434935,0.20263371965496282,0.2902839170901879,-0.02169833274690826,0.0,-0.00011695349551150495,3.494899234671058,2.207492587120604,0.2963308221699334,2.7777777778,2.3096746140131819e-07,-5.6921615358337815e-42,2.3106003129567007e-07,5.003389257721964e-43,2.3106003129567007e-07,3.804525330641878e-43,2.3106003129567007e-07,0.2902839170901879,5.003389257721964e-43,False,True,Solve_Succeeded,9,0.01564760499604745,0.018581696000183,0.018895827000960708,True,7.791323142214424e-12,625.8363481604083,shifted_warm_start,
15.0,30.066,30.048,4.566666700000001,1,learned_h2,3.633905961055408,0.20276107076304453,0.29028970685383326,-0.019730725679667847,5.430601103971151e-07,3.631503129029313,0.2020432830187142,0.2902839052965385,-0.02151918369815478,0.0,-0.00011681930713554133,3.4928830815292335,2.206871970447583,0.29632325991330477,2.7777777778,2.3106003129567007e-07,5.003389257721964e-43,2.311517758936683e-07,8.519030932492847e-42,2.311517758936683e-07,6.477782819949404e-42,2.311517758936683e-07,0.2902839052965385,8.519030932492847e-42,False,True,Solve_Succeeded,9,0.01318622899998445,0.015579683000396471,0.01605282699892996,True,7.591538508933127e-12,625.5743850216878,shifted_warm_start,
15.1,30.166,30.15,4.566666700000001,1,learned_h2,3.63188797564575,0.20215827437763412,0.29028969048283615,-0.019540656820668807,5.346633559788448e-07,3.6295444281577134,0.20145819659288847,0.2902838876113466,-0.02133919823278656,0.0,-0.00011681201800715232,3.490885275968077,2.2062570170203757,0.29631576198381265,2.7777777778,2.311517758936683e-07,8.519030932492847e-42,2.3124275992984413e-07,6.032631578325175e-42,2.3124275992984413e-07,4.587150522967289e-42,2.3124275992984413e-07,0.2902838876113466,6.032631578325175e-42,False,True,Solve_Succeeded,9,0.01851978799822973,0.02064654500281904,0.021047326001280453,True,7.41073868937292e-12,625.3148622652672,shifted_warm_start,
15.2,30.266,30.252,4.566666700000001,1,learned_h2,3.629888603518375,0.20156103839504658,0.2902896740890691,-0.019349851387217534,5.30356775676995e-07,3.6276036931004625,0.20087847714905904,0.29028387115518167,-0.021158532174368437,0.0,-0.00011678597367350336,3.4889058977891754,2.2056477509954475,0.2963083287903215,2.7777777778,2.3124275992984413e-07,6.032631578325175e-42,2.3133297116171942e-07,1.6552649102342055e-41,2.3133297116171942e-07,1.2586462806565507e-41,2.3133297116171942e-07,0.29028387115518167,1.6552649102342055e-41,False,True,Solve_Succeeded,9,0.015657625001040287,0.0188556819994119,0.019204370000807103,True,7.247591415904253e-12,625.0577908087051,shifted_warm_start,
15.3,30.366,30.354,4.566666700000001,1,learned_h2,3.627907908467763,0.20096938156135402,0.2902896578014489,-0.01915847704082183,1.1127429364203349e-06,3.625680963685674,0.20030413618720996,0.29028392748543275,-0.020977374674262583,0.0,-0.00011608775208693231,3.486945010152197,2.205044191097089,0.29630096081640955,2.7777777778,2.3133297116171942e-07,1.6552649102342055e-41,2.3142232612573636e-07,4.559257835581635e-42,2.3142232612573636e-07,3.4668124007395974e-42,2.3142232612573636e-07,0.29028392748543275,4.559257835581635e-42,False,True,Solve_Succeeded,9,0.014143325999611989,0.01675856799556641,0.017224096998688765,True,7.100875443200039e-12,624.8032283829722,shifted_warm_start,
15.4,30.466,30.456,4.566666700000001,1,learned_h2,3.625945938197611,0.20038331857711653,0.2902896414513906,-0.018966691147185213,1.0888340680731375e-06,3.6237762698389373,0.19973518328944054,0.29028389822269424,-0.020795824238261755,0.0,-0.00011627062165334032,3.4850026602819923,2.204446351909075,0.2962936581878094,2.7777777778,2.3142232612573636e-07,4.559257835581635e-42,2.315109986669936e-07,-1.8904840985887129e-41,2.315109986669936e-07,-1.4375045133968095e-41,2.315109986669936e-07,0.29028389822269424,-1.8904840985887129e-41,False,True,Solve_Succeeded,9,0.01566682499833405,0.01837022099789465,0.019003431996679865,True,6.969369525933189e-12,624.5510565342718,shifted_warm_start,
15.5,30.566,30.558,4.566666700000001,1,learned_h2,3.624002725624299,0.19980285923823923,0.29028962489062654,-0.018774641690014592,9.292647271011359e-07,3.6218896266660665,0.19917162283455273,0.29028386345445467,-0.020614018622264963,0.0,-0.0001163915433660584,3.483078880766499,2.203854243023974,0.29628642099492203,2.7777777778,2.315109986669936e-07,-1.8904840985887129e-41,2.3159889697317712e-07,8.723752981080746e-43,2.3159889697317712e-07,6.6334513437188655e-43,2.3159889697317712e-07,0.29028386345445467,8.723752981080746e-43,False,True,Solve_Succeeded,9,0.015666495004552417,0.01797637499839766,0.01850078400457278,True,6.852240996835235e-12,624.3013363660775,shifted_warm_start,
15.6,30.666,30.66,4.566666700000001,1,learned_h2,3.6220782896204016,0.19922800927407736,0.29028960800346093,-0.01858246747527208,4.3364425435760316e-07,3.6200210369000816,0.19861345576533432,0.2902837903408097,-0.02043209474536104,0.0,-0.000116878540764813,3.481173690289154,2.2032678698862695,0.29627924930766136,2.7777777778,2.3159889697317712e-07,8.723752981080746e-43,1.0909211004166937e-07,-8.519352896792422e-42,1.0909211004166937e-07,-6.478027638265589e-42,1.0909211004166937e-07,0.2902837903408097,-8.519352896792422e-42,False,True,Solve_Succeeded,9,0.015851739000936504,0.018604687000333797,0.01900036699953489,True,7.456868456046095e-12,624.0540348143531,shifted_warm_start,
15.7,30.766,30.762,4.566666700000001,1,learned_h2,3.6201726361511453,0.19865876968773016,0.29028959170785346,-0.018390298847177064,4.175233715865881e-07,3.618170490638639,0.19806067823011586,0.2902837804879561,-0.020250216825442605,0.0,-0.00011671345698999769,3.479287094759941,2.202687233139991,0.2962721441806418,2.7777777778,1.0909211004166937e-07,-8.519352896792422e-42,1.0913463683412015e-07,1.5096782614828114e-41,1.0913463683412015e-07,1.1479437019748901e-41,1.0913463683412015e-07,0.2902837804879561,1.5096782614828114e-41,False,True,Solve_Succeeded,9,0.01339224399998784,0.015869197006395552,0.016161505001946352,True,7.364553411548513e-12,623.8092388873335,shifted_warm_start,
15.8,30.866,30.864,4.566666700000001,1,learned_h2,3.6182857581434322,0.19809513903431122,0.2902895753416292,-0.018198264841100528,4.10713623876459e-07,3.616337969122036,0.19751328537295063,0.29028376336367295,-0.020068483030801963,0.0,-0.00011670421313815933,3.477419087171978,2.202112330906636,0.2962651050387139,2.7777777778,1.0913463683412015e-07,1.5096782614828114e-41,1.0917678132742527e-07,3.0193565229656227e-41,1.0917678132742527e-07,2.2958874039497803e-41,1.0917678132742527e-07,0.29028376336367295,3.0193565229656227e-41,False,True,Solve_Succeeded,9,0.01591859699692577,0.018214003001048695,0.018580096002551727,True,7.284561842624271e-12,623.5668842404075,shifted_warm_start,
15.9,30.966,30.966,4.566666700000001,1,learned_h2,3.6164176370897194,0.19753711167942095,0.2902895589058412,-0.018006473135772916,4.1282072916895047e-07,3.6145234445171086,0.19697126876456791,0.2902837480339589,-0.01988698671112772,0.0,-0.0001166679626674086,3.4755696492025674,2.201543157053717,0.29625813192622186,2.7777777778,1.0917678132742527e-07,3.0193565229656227e-41,1.0921853837411533e-07,0.0,1.0921853837411533e-07,0.0,1.0921853837411533e-07,0.2902837480339589,0.0,False,True,Solve_Succeeded,9,0.017895194003358483,0.020523221006442327,0.020927529003529344,True,7.216283126609824e-12,623.326972224333,shifted_warm_start,
16.0,31.066,31.034,4.566666700000001,1,learned_h2,3.615182629779952,0.19716820207744779,0.29028954807340257,-0.01787879950740695,1.0789955242270718e-06,3.612752529940622,0.1964422683932997,0.2902838593175059,-0.019770053340325344,0.0,-0.00011564321885240979,3.4743469933456668,2.201166885671063,0.2962535200344155,2.7777777778,1.0921853837411533e-07,0.0,1.0925924911474439e-07,4.529034784448434e-41,1.0925924911474439e-07,3.4438311059246704e-41,1.0925924911474439e-07,0.2902838593175059,4.529034784448434e-41,False,True,Solve_Succeeded,9,0.013180267000279855,0.016207728003792,0.016681843997503165,True,7.159883796958866e-12,623.0929766246368,shifted_warm_start,
16.1,31.166,31.136,4.566666700000001,1,learned_h2,3.613345701082722,0.19661949269598533,0.2902895317786997,-0.017687645145146744,1.0521521647280646e-06,3.6109740717283776,0.1959110258096609,0.2902838159924209,-0.019588037937419017,0.0,-0.00011609526560513141,3.4725284361976687,2.2006072369982164,0.2962466572160282,2.7777777778,1.0925924911474439e-07,4.529034784448434e-41,1.0930024430502953e-07,4.253652477796617e-42,1.0930024430502953e-07,3.234433254328282e-42,1.0930024430502953e-07,0.2902838159924209,4.253652477796617e-42,False,True,Solve_Succeeded,9,0.017711229003907647,0.020229244000802282,0.020705433998955414,True,7.1130878964709154e-12,622.8579290547074,shifted_warm_start,
16.2,31.266,31.238,4.566666700000001,1,learned_h2,3.611527430042946,0.1960763570090157,0.29028951536095904,-0.017497002906164724,1.0368242597507734e-06,3.609213549039921,0.19538514117035094,0.2902837988689899,-0.019404957988119295,0.0,-0.00011604198184362415,3.470728350360617,2.200053285496633,0.29623986029654303,2.7777777778,1.0930024430502953e-07,4.253652477796617e-42,1.0934083763512824e-07,6.29454933090482e-42,1.0934083763512824e-07,4.786310067209453e-42,1.0934083763512824e-07,0.2902837988689899,6.29454933090482e-42,False,True,Solve_Succeeded,9,0.0171190109977033,0.019480463000945747,0.019835623999824747,True,7.076395025507054e-12,622.625329249752,shifted_warm_start,
16.3,31.366,31.34,4.566666700000001,1,learned_h2,3.6097277621818735,0.1955387787565121,0.290289498832766,-0.017306962262992342,8.984430418415266e-07,3.607470695627791,0.19486453500348383,0.29028376305124154,-0.01922515080991128,0.0,-0.00011616332171155229,3.4689466818986063,2.1995050142103088,0.2962331291927442,2.7777777778,1.0934083763512824e-07,6.29454933090482e-42,1.093810593085075e-07,7.77460347367018e-43,1.093810593085075e-07,5.911727896370322e-43,1.093810593085075e-07,0.29028376305124154,7.77460347367018e-43,False,True,Solve_Succeeded,9,0.014130422001471743,0.016659664994222112,0.017115795002609957,True,7.0493610948574315e-12,622.3951060930469,shifted_warm_start,
16.4,31.466,31.442,4.566666700000001,1,learned_h2,3.607946634565449,0.19500673916730882,0.2902894820235988,-0.017117606670530413,4.716522069520942e-07,3.6057455718281397,0.19434922538317437,0.29028369030809,-0.019045984280376002,0.0,-0.0001165754330113216,3.4671833685046654,2.198962403626895,0.2962264636052349,2.7777777778,1.093810593085075e-07,7.77460347367018e-43,1.0942091729237759e-07,-1.5096782614828114e-41,1.0942091729237759e-07,-1.1479437019748901e-41,1.0942091729237759e-07,0.29028369030809,-1.5096782614828114e-41,False,True,Solve_Succeeded,9,0.018878424001741223,0.021269502998620737,0.02162107700132765,True,7.03165303761466e-12,622.1672519664396,shifted_warm_start,
16.5,31.566,31.544,4.566666700000001,1,learned_h2,3.6061839765078196,0.19448021667721493,0.2902894657064068,-0.01692901409943987,4.599775618244072e-07,3.6040381001108592,0.19383918858147856,0.2902836796957905,-0.018867564751073648,0.0,-0.00011642459129945929,3.465438340200124,2.1984254314002367,0.2962198641475871,2.7777777778,1.0942091729237759e-07,-1.5096782614828114e-41,1.0946035783132319e-07,-3.0193565229656227e-41,1.0946035783132319e-07,-2.2958874039497803e-41,1.0946035783132319e-07,0.2902836796957905,-3.0193565229656227e-41,False,True,Solve_Succeeded,9,0.014926773001207039,0.017732902000716422,0.01872182299848646,True,7.022771253417659e-12,621.9418302131825,shifted_warm_start,
16.6,31.666,31.646,4.566666700000001,1,learned_h2,3.6044397097536782,0.19395918828013842,0.2902894492856312,-0.016741257007510953,4.582261965637654e-07,3.6023481984767947,0.19333440055489629,0.29028366314172643,-0.018689953408793383,0.0,-0.00011640624609773615,3.4637115195075303,2.1978940737027783,0.29621333003495415,2.7777777778,1.0946035783132319e-07,-3.0193565229656227e-41,1.0949941973728967e-07,-1.5096782614828114e-41,1.0949941973728967e-07,-1.1479437019748901e-41,1.0949941973728967e-07,0.29028366314172643,-1.5096782614828114e-41,False,True,Solve_Succeeded,9,0.015939302997139748,0.01932281200424768,0.01986919999762904,True,7.0224381865102714e-12,621.7187766354627,shifted_warm_start,
16.7,31.766,31.748,4.566666700000001,1,learned_h2,3.60271374933426,0.1934436285134438,0.2902894328963939,-0.01655440284649042,5.895205445318108e-07,3.6006757793241544,0.19283483502903134,0.2902836645946161,-0.018513207720345,0.0,-0.00011622162637427291,3.4620028223055708,2.1973683042162033,0.2962068611864335,2.7777777778,1.0949941973728967e-07,-1.5096782614828114e-41,1.0953809104852662e-07,-5.977748636766599e-42,1.0953809104852662e-07,-4.545418103076615e-42,1.0953809104852662e-07,0.2902836645946161,-5.977748636766599e-42,False,True,Solve_Succeeded,9,0.015031521004857495,0.01808417699794518,0.01852971599873854,True,7.030265258833879e-12,621.4980962391015,shifted_warm_start,
16.8,31.866,31.85,4.566666700000001,1,learned_h2,3.6010060039339975,0.1929335099921073,0.29028941655100937,-0.016368514286189625,1.0253611939181919e-06,3.5990207488304256,0.1923404638512116,0.290283702416125,-0.01833740002505425,0.0,-0.00011572982411994609,3.4603121580788914,2.1968480946679296,0.2962004573728954,2.7777777778,1.0953809104852662e-07,-5.977748636766599e-42,1.0957636303592634e-07,0.0,1.0957636303592634e-07,0.0,1.0957636303592634e-07,0.290283702416125,0.0,False,True,Solve_Succeeded,9,0.01619801299966639,0.019011397002032027,0.019574256999476347,True,7.0461414480860185e-12,621.2797889688277,shifted_warm_start,
16.9,31.966,31.951999999999998,4.566666700000001,1,learned_h2,3.599316376245345,0.1924288038735104,0.2902894001938729,-0.016183649380955026,1.0060676657026133e-06,3.5973830104992714,0.19185125852917578,0.2902836766043722,-0.018162549032124397,0.0,-0.00011585144413953618,3.4586394303794834,2.1963334152981386,0.2961941182731495,2.7777777778,1.0957636303592634e-07,0.0,1.0961429267929109e-07,-1.5096782614828114e-41,1.0961429267929109e-07,-1.1479437019748901e-41,1.0961429267929109e-07,0.2902836766043722,-1.5096782614828114e-41,False,True,Solve_Succeeded,9,0.012069145996065345,0.014504699996905401,0.014989556002547033,True,7.069955731964228e-12,621.0637644128906,shifted_warm_start,
17.0,32.066,32.054,4.566666700000001,1,learned_h2,3.5976447635698503,0.19192947941856423,0.2902893837620062,-0.015999862015581776,9.954045924318176e-07,3.5957624612620704,0.19136718813569922,0.29028365973555503,-0.017988714012176145,0.0,-0.00011580574433746255,3.456984537540076,2.1958242344245895,0.29618784353671934,2.7777777778,1.0961429267929109e-07,-1.5096782614828114e-41,1.0965184143889845e-07,-4.529034784448434e-41,1.0965184143889845e-07,-3.4438311059246704e-41,1.0965184143889845e-07,0.29028365973555503,-4.529034784448434e-41,False,True,Solve_Succeeded,9,0.020672024998930283,0.02317545700498158,0.023884597001597285,True,7.1012640212586575e-12,620.8500626771784,shifted_warm_start,
17.1,32.166,32.156,4.566666700000001,1,learned_h2,3.5959910581459487,0.19143550437891366,0.2902893673668999,-0.01581720199014582,9.838818742104959e-07,3.594158993611745,0.19088822050763762,0.29028364177995614,-0.01781595459691029,0.0,-0.00011578225833698467,3.455347372880631,2.1953205188318634,0.29618163296687905,2.7777777778,1.0965184143889845e-07,-4.529034784448434e-41,1.0968901669537554e-07,1.6763168087512434e-41,1.0968901669537554e-07,1.2746539260826112e-41,1.0968901669537554e-07,0.29028364177995614,1.6763168087512434e-41,False,True,Solve_Succeeded,9,0.01604464100091718,0.018274312998983078,0.01867090500309132,True,7.140066315969307e-12,620.638660379093,shifted_warm_start,
17.2,32.266,32.258,4.566666700000001,1,learned_h2,3.5943551474381543,0.19094684543373686,0.29028935050566046,-0.015635715198293154,5.146159833750419e-07,3.5925724979217475,0.1904143232463412,0.29028356855572396,-0.017644287615178538,0.0,-0.00011628295486366513,3.453727824992604,2.1948222342099504,0.2961754857328493,2.7777777778,1.0968901669537554e-07,1.6763168087512434e-41,1.0972585040484599e-07,-3.0696990722879316e-41,1.0972585040484599e-07,-2.3341673566458885e-41,1.0972585040484599e-07,0.29028356855572396,-3.0696990722879316e-41,False,True,Solve_Succeeded,9,0.01571764500113204,0.018505558000470046,0.018961157999001443,True,7.186251593793713e-12,620.4295004001551,shifted_warm_start,
17.3,32.366,32.36,4.566666700000001,1,learned_h2,3.5927369148493056,0.19046346713017148,0.29028933415580216,-0.015455444096185036,5.055006679843854e-07,3.591002858186157,0.18994546095843132,0.29028355925799887,-0.017473790755843033,0.0,-0.00011611028587454376,3.4521257784515083,2.194329344098975,0.29616940246726875,2.7777777778,1.0972585040484599e-07,-3.0696990722879316e-41,1.0976227843367216e-07,0.0,1.0976227843367216e-07,0.0,1.0976227843367216e-07,0.29028355925799887,0.0,False,True,Solve_Succeeded,9,0.018220723999547772,0.02119739999761805,0.02174252600525506,True,7.239431276673258e-12,620.2226565046478,shifted_warm_start,
17.4,32.466,32.462,4.566666700000001,1,learned_h2,3.5911362395373265,0.18998533375360405,0.2902893177318578,-0.015276427547032507,5.041410590439957e-07,3.589449956769581,0.1894815989569442,0.290283542554197,-0.017304497046639295,0.0,-0.00011609407044269278,3.450541113624279,2.1938418117584244,0.2961633822220607,2.7777777778,1.0976227843367216e-07,0.0,1.0979834245832411e-07,4.529034784448434e-41,1.0979834245832411e-07,3.4438311059246704e-41,1.0979834245832411e-07,0.290283542554197,4.529034784448434e-41,False,True,Solve_Succeeded,9,0.018269371998030692,0.02149690399528481,0.02188994899915997,True,7.299660875759173e-12,620.0180575476757,shifted_warm_start,
17.5,32.566,32.564,4.566666700000001,1,learned_h2,3.5895529971344393,0.18951240810250944,0.29028930133504993,-0.015098701254270557,5.031773492583888e-07,3.5879136736850383,0.18902270134188845,0.29028352673276997,-0.01713642524053629,0.0,-0.00011606130690833302,3.448973707389709,2.1933595989462975,0.29615742472082174,2.7777777778,1.0979834245832411e-07,4.529034784448434e-41,1.0983404002773505e-07,-2.8176026833411135e-42,1.0983404002773505e-07,-2.14247587551012e-42,1.0983404002773505e-07,0.29028352673276997,-2.8176026833411135e-42,False,True,Solve_Succeeded,9,0.01424538399442099,0.017216555002960376,0.017756475004716776,True,7.366884879900226e-12,619.8156925785833,shifted_warm_start,
17.6,32.666,32.632,4.566666700000001,1,learned_h2,3.588507124213474,0.189199998687815,0.2902892904199111,-0.01498095010624289,6.101158906792696e-07,3.586420012901184,0.18857652513970058,0.2902835597610916,-0.017028651116368487,0.0,-0.00011569389500480096,3.447938295702527,2.1930410596837135,0.2961534877190822,2.7777777778,1.0983404002773505e-07,-2.8176026833411135e-42,1.0986874000461863e-07,-7.982271770900213e-42,1.0986874000461863e-07,-6.069636717068925e-42,1.0986874000461863e-07,0.2902835597610916,-7.982271770900213e-42,False,True,Solve_Succeeded,9,0.01415892799559515,0.01672039899858646,0.01708063099795254,True,7.439548976861943e-12,619.6190163340633,shifted_warm_start,
17.7,32.766,32.734,4.566666700000001,1,learned_h2,3.5869526513553645,0.18873566723040514,0.29028927405534416,-0.014805445359839148,9.770875437335218e-07,3.5849168073635416,0.1881275085983694,0.2902835837505982,-0.01686162769027018,0.0,-0.00011549775915439498,3.4463993713442864,2.1925676250556223,0.2961476339005577,2.7777777778,1.0986874000461863e-07,-7.982271770900213e-42,1.099036850044921e-07,5.957082735977774e-42,1.099036850044921e-07,4.52970396632216e-42,1.099036850044921e-07,0.2902835837505982,5.957082735977774e-42,False,True,Solve_Succeeded,9,0.013266107998788357,0.016039712994825095,0.016371577999962028,True,7.52503614975808e-12,619.421122368816,shifted_warm_start,
17.8,32.866,32.836,4.566666700000001,1,learned_h2,3.5854152641655,0.18827643984290518,0.29028925768646524,-0.014631311529555447,9.6014946920342e-07,3.583429909854457,0.1876833638797171,0.29028355916117904,-0.01669447681030618,0.0,-0.00011559443852709405,3.4448773618157382,2.1920994034643337,0.2961418417202083,2.7777777778,1.099036850044921e-07,5.957082735977774e-42,1.0993829649607544e-07,4.476980271383052e-41,1.0993829649607544e-07,3.4042493937431076e-41,1.0993829649607544e-07,0.29028355916117904,4.476980271383052e-41,False,True,Solve_Succeeded,9,0.014114621000771876,0.016378619999159127,0.01679399999557063,True,7.628231379896988e-12,619.2253797216035,shifted_warm_start,
17.9,32.966,32.938,4.566666700000001,1,learned_h2,3.58389482740664,0.1878222760971977,0.2902892412532595,-0.01445857396725932,9.517173869006989e-07,3.5819590024528867,0.18724399591965946,0.2902835423081956,-0.016531134700759675,0.0,-0.00011555050392421486,3.4433721332340363,2.191636353400043,0.2961361106929855,2.7777777778,1.0993829649607544e-07,4.476980271383052e-41,1.0997254988767082e-07,-3.567191213181277e-42,1.0997254988767082e-07,-2.7124552239955782e-42,1.0997254988767082e-07,0.2902835423081956,-3.567191213181277e-42,False,True,Solve_Succeeded,9,0.017016999998304527,0.020036880996485706,0.02070445899880724,True,7.738309992788572e-12,619.0317880936185,shifted_warm_start,
18.0,33.066,33.04,4.566666700000001,1,learned_h2,3.582391203476809,0.1873731349072672,0.29028922474838115,-0.014287255511260484,8.550176937091876e-07,3.580504071895536,0.1868094007953116,0.290283512323568,-0.01636913664026276,0.0,-0.00011562621477364275,3.441883549374781,2.1911784326873307,0.2961304403758337,2.7777777778,1.0997254988767082e-07,-3.567191213181277e-42,1.1000645653382102e-07,-3.275053264013242e-42,1.1000645653382102e-07,-2.490316555504773e-42,1.1000645653382102e-07,0.290283512323568,-3.275053264013242e-42,False,True,Solve_Succeeded,9,0.015612688002875075,0.018088580000039656,0.018575020993012004,True,7.855383010735295e-12,618.8403285481895,shifted_warm_start,
18.1,33.166,33.142,4.566666700000001,1,learned_h2,3.5809042526559614,0.18692897455896346,0.29028920803601915,-0.014117376625423336,5.490516216925477e-07,3.57906498466294,0.18637953865824866,0.2902834554971772,-0.016208491262408566,0.0,-0.00011591351995392121,3.4404114719164838,2.1907255985163543,0.29612483018749197,2.7777777778,1.1000645653382102e-07,-3.275053264013242e-42,1.1004002662517237e-07,-8.112018128087024e-42,1.1004002662517237e-07,-6.168294502232032e-42,1.1004002662517237e-07,0.2902834554971772,-8.112018128087024e-42,False,True,Solve_Succeeded,9,0.01796394700068049,0.020887999002297875,0.021488273996510543,True,7.979339411434694e-12,618.6509718004812,shifted_warm_start,
18.2,33.266,33.244,4.566666700000001,1,learned_h2,3.5794338334171565,0.18648975247615163,0.29028919165352274,-0.013948955689983713,5.446206421907105e-07,3.577641604201674,0.18595436834559242,0.2902834437458292,-0.016049239770432894,0.0,-0.000115792149614494,3.438955760750526,2.190277807210795,0.29611928021130296,2.7777777778,1.1004002662517237e-07,-8.112018128087024e-42,1.1007322270665663e-07,-1.1202802360510868e-40,1.1007322270665663e-07,-8.51849479609421e-41,1.1007322270665663e-07,0.2902834437458292,-1.1202802360510868e-40,False,True,Solve_Succeeded,9,0.01705763000063598,0.02000086900079623,0.020520384001429193,True,8.110179194886769e-12,618.4637532809911,shifted_warm_start,
18.3,33.366,33.346,4.566666700000001,1,learned_h2,3.57797980240417,0.1860554260563379,0.29028917524741954,-0.013782008900244615,5.416405583222447e-07,3.576233793893112,0.18553384931745648,0.2902834269370876,-0.015891392044121173,0.0,-0.00011577397325911066,3.4375162739541287,2.189835015063317,0.2961137896311426,2.7777777778,1.1007322270665663e-07,-1.1202802360510868e-40,1.1010607534379974e-07,-3.208613590286398e-42,1.1010607534379974e-07,-2.4397965162607252e-42,1.1010607534379974e-07,0.2902834269370876,-3.208613590286398e-42,False,True,Solve_Succeeded,9,0.018160252999223303,0.02100972199696116,0.021512935003556777,True,8.248013383393982e-12,618.2786156933425,shifted_warm_start,
18.4,33.466,33.448,4.566666700000001,1,learned_h2,3.57654201483713,0.18562595202846088,0.2902891588486763,-0.013616550546581065,6.343485514876081e-07,3.5748414160031228,0.18511794039161464,0.2902834231548682,-0.01573495726404651,0.0,-0.00011563452736055622,3.436092868196365,2.1893971776956964,0.2961083580082316,2.7777777778,1.1010607534379974e-07,-3.208613590286398e-42,1.101385771196504e-07,1.5755851577682676e-41,1.101385771196504e-07,1.1980586227748298e-41,1.101385771196504e-07,0.2902834231548682,1.5755851577682676e-41,False,True,Solve_Succeeded,9,0.014221626996004488,0.01664734999940265,0.01705863200186286,True,8.392786465805102e-12,618.0955534814018,shifted_warm_start,
18.5,33.566,33.55,4.566666700000001,1,learned_h2,3.575120324618725,0.18520128677416925,0.2902891423972615,-0.013452593057504679,6.348034301443969e-07,3.5734643318583412,0.18470660019234086,0.2902834056169825,-0.015579941396910409,0.0,-0.000115631524821462,3.434685398841631,2.1889642503806743,0.2961029848061089,2.7777777778,1.101385771196504e-07,1.5755851577682676e-41,1.101707456877113e-07,-1.1765370575459029e-42,1.101707456877113e-07,-8.946265835631267e-43,1.101707456877113e-07,0.2902834056169825,-1.1765370575459029e-42,False,True,Solve_Succeeded,9,0.016934735998802353,0.019961395002610516,0.020310886000515893,True,8.544609464422592e-12,617.9145268372438,shifted_warm_start,
18.6,33.666,33.652,4.566666700000001,1,learned_h2,3.573714584555275,0.18478138622576012,0.2902891260262083,-0.013290147168849764,9.436394999563495e-07,3.572102400955571,0.18429978660225607,0.29028342863427214,-0.015426370448053828,0.0,-0.00011524188302491686,3.4332937201694826,2.188536187941135,0.29609766967554546,2.7777777778,1.101707456877113e-07,-1.1765370575459029e-42,1.1020255348459699e-07,1.5816448244845725e-41,1.1020255348459699e-07,1.2026663305364933e-41,1.1020255348459699e-07,0.29028342863427214,1.5816448244845725e-41,False,True,Solve_Succeeded,9,0.016825026003061794,0.01922760500019649,0.019673587004945148,True,8.703260334641527e-12,617.735557457434,shifted_warm_start,
18.7,33.766,33.754,4.566666700000001,1,learned_h2,3.572324646437019,0.1843662061948399,0.2902891096234769,-0.013129221890707924,9.316050991295243e-07,3.570755483884293,0.18389745813783914,0.29028340551424464,-0.015274229707957977,0.0,-0.00011532246156863018,3.431917685452384,2.188112945079175,0.2960924120167174,2.7777777778,1.1020255348459699e-07,1.5816448244845725e-41,1.1023405167505533e-07,1.5071212807848044e-43,1.1023405167505533e-07,1.1459994003556395e-43,1.1023405167505533e-07,0.29028340551424464,1.5071212807848044e-43,False,True,Solve_Succeeded,9,0.016749080998124555,0.019306369998957962,0.019760499002586585,True,8.869460721427913e-12,617.55855988305,shifted_warm_start,
18.8,33.866,33.856,4.566666700000001,1,learned_h2,3.570950361260585,0.18395570219281274,0.2902890932231383,-0.012969824800448311,9.210186169473773e-07,3.569423439481277,0.18349957260729174,0.2902833883531902,-0.015123528474386666,0.0,-0.00011528674100400069,3.430557147177358,2.1876944761978376,0.2960872113712553,2.7777777778,1.1023405167505533e-07,1.5071212807848044e-43,1.1026521396087811e-07,5.956669579937172e-42,1.1026521396087811e-07,4.529389806751314e-42,1.1026521396087811e-07,0.2902833883531902,5.956669579937172e-42,False,True,Solve_Succeeded,9,0.01803007599664852,0.020252242000424303,0.02060623300349107,True,9.042711024420669e-12,617.3835541415556,shifted_warm_start,
18.9,33.966,33.958,4.566666700000001,1,learned_h2,3.5695915793686392,0.18354982949432286,0.2902890767873644,-0.012811961985482784,9.145520664422869e-07,3.568106125751103,0.1831060875787491,0.29028337100677976,-0.014974282556260397,0.0,-0.00011526002117877926,3.429211957184141,2.1872807354652952,0.2960820672047765,2.7777777778,1.1026521396087811e-07,5.956669579937172e-42,1.1029604660692002e-07,1.712764591141382e-43,1.1029604660692002e-07,1.3023684420249785e-43,1.1029604660692002e-07,0.29028337100677976,1.712764591141382e-43,False,True,Solve_Succeeded,9,0.015079264994710684,0.017470386999775656,0.017865961002826225,True,9.22328879937595e-12,617.2105157969266,shifted_warm_start,
19.0,34.066,34.06,4.566666700000001,1,learned_h2,3.568248150561173,0.1831485432644226,0.2902890602884052,-0.012655638180376808,8.354745964875473e-07,3.566803401120572,0.18271696080113967,0.2902833449877629,-0.014826490222369886,0.0,-0.00011531805107352229,3.4278819667748044,2.1868716769426073,0.2960769789893003,2.7777777778,1.1029604660692002e-07,1.712764591141382e-43,1.1032655721891957e-07,2.3090050240359833e-41,1.1032655721891957e-07,1.755743487070583e-41,1.1032655721891957e-07,0.2902833449877629,2.3090050240359833e-41,False,True,Solve_Succeeded,9,0.014394141995580867,0.016568689003179315,0.01719042400509352,True,9.417355784080428e-12,617.039418732516,shifted_warm_start,
19.1,34.166,34.162,4.566666700000001,1,learned_h2,3.5669199242272778,0.1827517985851985,0.2902890435947123,-0.012500856823995363,5.896096696792822e-07,3.5655151237717435,0.18233214999008115,0.2902833009152698,-0.01468014854835615,0.0,-0.00011554421830945426,3.4265670268443067,2.1864672546110326,0.2960719460898922,2.7777777778,1.1032655721891957e-07,2.3090050240359833e-41,1.1035675389234682e-07,1.6539749019541299e-43,1.1035675389234682e-07,1.2576653717315233e-43,1.1035675389234682e-07,0.2902833009152698,1.6539749019541299e-43,False,True,Solve_Succeeded,9,0.015761487004056107,0.018370448997302447,0.018758555997919757,True,9.624523400475482e-12,616.8702361612493,shifted_warm_start,
19.2,34.266,34.264,4.566666700000001,1,learned_h2,3.565606749597586,0.18235955005331234,0.2902890272161069,-0.012347620219587144,5.845765535395511e-07,3.5642411506693388,0.18195161201445498,0.2902832880708698,-0.0145352788047439,0.0,-0.00011544425568402352,3.4252669881331474,2.1860674219709737,0.29606696851081493,2.7777777778,1.1035675389234682e-07,1.6539749019541299e-43,1.103866119380758e-07,-5.255862306822483e-41,1.103866119380758e-07,-3.9965032202543783e-41,1.103866119380758e-07,0.2902832880708698,-5.255862306822483e-41,False,True,Solve_Succeeded,9,0.01819231600529747,0.020756846002768725,0.021145484999578912,True,9.839185022286756e-12,616.7029856593958,shifted_warm_start,
19.3,34.366,34.366,4.566666700000001,1,learned_h2,3.564308475566081,0.1819717527914218,0.29028901078442393,-0.012195929476460986,5.842776383199286e-07,3.5629813396703662,0.18157530470171643,0.290283271529628,-0.01439187790684747,0.0,-0.00011542273758069172,3.4239817010448617,2.1856721330522753,0.29606204537549974,2.7777777778,1.103866119380758e-07,-5.255862306822483e-41,1.1041615375589358e-07,8.299913274006696e-41,1.1041615375589358e-07,6.311168023626111e-41,1.1041615375589358e-07,0.290283271529628,8.299913274006696e-41,False,True,Solve_Succeeded,9,0.015315483004087582,0.01797791200078791,0.018480236001778394,True,1.0061729227572869e-11,616.5376210698201,shifted_warm_start,
19.4,34.466,34.434,4.566666700000001,1,learned_h2,3.5634511630501153,0.1817156718904704,0.29028899986635476,-0.012095661209834706,6.562236684231142e-07,3.5617627972979506,0.18121131443077443,0.2902833001243993,-0.014300145590548392,0.0,-0.00011513098102042838,3.4231329644731856,2.185411108538165,0.29605879334599844,2.7777777778,1.1041615375589358e-07,8.299913274006696e-41,1.1044471644869221e-07,1.0906472906313649e-41,1.1044471644869221e-07,8.293168950624833e-42,1.1044471644869221e-07,0.2902833001243993,1.0906472906313649e-41,False,True,Solve_Succeeded,9,0.014706690002640244,0.017244621005374938,0.01758652800344862,True,1.0286604901210694e-11,616.3777310784666,shifted_warm_start,
19.5,34.566,34.536,4.566666700000001,1,learned_h2,3.562177387613552,0.181335193080499,0.2902889834616142,-0.011946546589617763,6.533896971353713e-07,3.5605310812824555,0.18084339992397327,0.2902832727900429,-0.014158255068185173,0.0,-0.00011531853120073152,3.4218719310449957,2.185023289743288,0.29605395993196465,2.7777777778,1.1044471644869221e-07,1.0906472906313649e-41,2.3448969124315025e-07,4.2221855827565124e-42,2.3448969124315025e-07,3.2105061534991864e-42,2.3448969124315025e-07,0.2902832727900429,4.2221855827565124e-42,False,True,Solve_Succeeded,9,0.013846688998455647,0.016573658998822793,0.01701819900335977,True,9.563905223330949e-12,616.2161086109429,shifted_warm_start,
19.6,34.666,34.638,4.566666700000001,1,learned_h2,3.560918110001385,0.18095904521108752,0.2902889670266418,-0.011798975867764584,6.521671299238309e-07,3.559313157321983,0.18047960551599035,0.29028325661292953,-0.014016617682915847,0.0,-0.00011528521956674274,3.420625250493113,2.1846398914530267,0.2960491796220231,2.7777777778,2.3448969124315025e-07,4.2221855827565124e-42,2.3454772565113842e-07,1.4909774606458665e-41,2.3454772565113842e-07,1.133723806855269e-41,2.3454772565113842e-07,0.29028325661292953,1.4909774606458665e-41,False,True,Solve_Succeeded,9,0.012813913999707438,0.015082667996466625,0.015528260002611205,True,9.831691016870536e-12,616.056325359218,shifted_warm_start,
19.7,34.766,34.74,4.566666700000001,1,learned_h2,3.559673179605471,0.1805871833165914,0.2902889505382835,-0.011652941362718737,5.883430185639886e-07,3.5581087246834855,0.1801198414106159,0.2902832315048187,-0.013878564593571212,0.0,-0.00011532868601323334,3.419392773649381,2.1842608676309485,0.2960444518809831,2.7777777778,2.3454772565113842e-07,1.4909774606458665e-41,2.3460515266439205e-07,-9.819612135522238e-42,2.3460515266439205e-07,-7.466731286000767e-42,2.3460515266439205e-07,0.2902832315048187,-9.819612135522238e-42,False,True,Solve_Succeeded,9,0.013406705998932011,0.015869365000980906,0.01635038100357633,True,1.0107137349280038e-11,615.8983322086644,shifted_warm_start,
19.8,34.866,34.842,4.566666700000001,1,learned_h2,3.558442446475928,0.18021956251292173,0.2902889340849082,-0.011508442961151779,5.910731832873303e-07,3.5569177441834556,0.1797640957959762,0.29028321672160295,-0.013741968358751369,0.0,-0.00011527603910002661,3.4181743520128616,2.183886172330996,0.2960397762862226,2.7777777778,2.3460515266439205e-07,-9.819612135522238e-42,2.3466195143038535e-07,1.5367935038074357e-41,2.3466195143038535e-07,1.1685618511847109e-41,2.3466195143038535e-07,0.29028321672160295,1.5367935038074357e-41,False,True,Solve_Succeeded,9,0.013204262002545875,0.015591620998748112,0.015972645000147168,True,1.038924501983729e-11,615.742137748543,shifted_warm_start,
19.9,34.966,34.944,4.566666700000001,1,learned_h2,3.5572257604750237,0.17985613793229158,0.2902889176950065,-0.011365479160720804,8.33493927619991e-07,3.555740074250408,0.17941232634681775,0.2902832328702919,-0.013606836899593576,0.0,-0.00011497285132627766,3.4169698369508947,2.1835157596272876,0.29603515235310324,2.7777777778,2.3466195143038535e-07,1.5367935038074357e-41,2.3471810441585988e-07,2.404464423761535e-41,2.3471810441585988e-07,1.8283298251699465e-41,2.3471810441585988e-07,0.2902832328702919,2.404464423761535e-41,False,True,Solve_Succeeded,9,0.019644179003080353,0.02223518599930685,0.02265023599466076,True,1.067790300623983e-11,615.5877382161997,shifted_warm_start,
20.0,35.066,35.046,4.566666700000001,1,learned_h2,3.5560229718310445,0.17949686491282713,0.2902889012789632,-0.011224045136020606,8.958856135110618e-07,3.5545755753476933,0.1790644915074743,0.29028322057471306,-0.013473147645992826,0.0,-0.00011495014908184953,3.415779080192468,2.183149583806833,0.29603057947886435,2.7777777778,2.3471810441585988e-07,2.404464423761535e-41,2.3477368506841107e-07,7.729971490765775e-42,2.3477368506841107e-07,5.877790199187455e-42,2.3477368506841107e-07,0.29028322057471306,7.729971490765775e-42,False,True,Solve_Succeeded,9,0.014592888997867703,0.01688721400569193,0.01721017200179631,True,1.097399948690736e-11,615.4350692636496,shifted_warm_start,
20.1,35.166,35.148,4.566666700000001,1,learned_h2,3.5548339312913475,0.17914169888011566,0.2902888848668072,-0.011084135452236452,8.882528765117665e-07,3.5534241078010327,0.17872054954686842,0.29028320228338206,-0.013340892229500929,0.0,-0.00011494081951244406,3.4146019339806846,2.1827875992518817,0.2960260571809789,2.7777777778,2.3477368506841107e-07,7.729971490765775e-42,2.348286737278353e-07,-3.9894936153191e-41,2.348286737278353e-07,-3.033569593349238e-41,2.348286737278353e-07,0.29028320228338206,-3.9894936153191e-41,False,True,Solve_Succeeded,9,0.013969950996397529,0.01633052199758822,0.01680935000331374,True,1.1277589972991109e-11,615.2841288362287,shifted_warm_start,
20.2,35.266,35.25,4.566666700000001,1,learned_h2,3.5536584901762702,0.17879059539844028,0.2902888684259073,-0.010945744028539709,8.832665841006641e-07,3.552285531977221,0.17838045872564695,0.2902831850704717,-0.013210073358254191,0.0,-0.00011491369228440129,3.4134382511259393,2.182429760491382,0.2960215849150776,2.7777777778,2.348286737278353e-07,-3.9894936153191e-41,2.3488306824647153e-07,-8.843642972793886e-44,2.3488306824647153e-07,-6.724614450738597e-44,2.3488306824647153e-07,0.2902831850704717,-8.843642972793886e-44,False,True,Solve_Succeeded,9,0.016314009997586254,0.019015945996216033,0.01936382499843603,True,1.1588952020247234e-11,615.1349031826232,shifted_warm_start,
20.3,35.366,35.352,4.566666700000001,1,learned_h2,3.5524965004268063,0.17844351022969643,0.2902888520039691,-0.010808864191102958,8.767384064532577e-07,3.5511597092767535,0.17804417763250233,0.29028316750401206,-0.013080684918711852,0.0,-0.0001148922997423673,3.4122878850528653,2.1820760222600817,0.29601716221815366,2.7777777778,2.3488306824647153e-07,-8.843642972793886e-44,2.349368768835576e-07,-1.1616121434493655e-42,2.349368768835576e-07,-8.832778335832413e-43,2.349368768835576e-07,0.29028316750401206,-1.1616121434493655e-42,False,True,Solve_Succeeded,9,0.01985650000278838,0.022874702997796703,0.023363679996691644,True,1.934952198467954e-11,614.9873722468637,shifted_warm_start,
20.4,35.466,35.454,4.566666700000001,1,learned_h2,3.551347814661837,0.17810039934208735,0.29028883556376284,-0.010673488721442057,8.72435417320729e-07,3.550046501818623,0.17771166507318914,0.29028315023708107,-0.012952719614886012,0.0,-0.00011486803598907519,3.4111506898570503,2.181726339507475,0.2960127885435279,2.7777777778,2.349368768835576e-07,-1.1616121434493655e-42,2.3499010326167838e-07,1.3307698782044745e-41,2.3499010326167838e-07,1.0119036217440502e-41,2.3499010326167838e-07,0.29028315023708107,1.3307698782044745e-41,False,True,Solve_Succeeded,9,0.014765239000553265,0.017275626996706706,0.017590850999113172,True,1.9823753749648176e-11,614.8415176420151,shifted_warm_start,
20.5,35.566,35.556,4.566666700000001,1,learned_h2,3.550212286225225,0.17776121894110097,0.2902888191284654,-0.010539609895790319,8.676375710802352e-07,3.548945772427763,0.17738288008575204,0.29028313287930574,-0.012826170041797412,0.0,-0.00011484539250914127,3.4100265203515656,2.181380667428955,0.29600846340639864,2.7777777778,2.3499010326167838e-07,1.3307698782044745e-41,2.350427544076813e-07,-3.298240188014476e-41,2.350427544076813e-07,-2.5079476521791353e-41,2.350427544076813e-07,0.29028313287930574,-3.298240188014476e-41,False,True,Solve_Succeeded,9,0.015226817995426245,0.018048881996946875,0.01846127799944952,True,2.031064205709754e-11,614.6973203429925,shifted_warm_start,
20.6,35.666,35.658,4.566666700000001,1,learned_h2,3.549089769237621,0.17742592547029423,0.2902888026352602,-0.010407219511486984,8.116785647600255e-07,3.5478573848183927,0.17705778198378444,0.29028310934731894,-0.012701025787493051,0.0,-0.0001148814392693509,3.408915232118346,2.1810389614668177,0.2960041862376615,2.7777777778,2.350427544076813e-07,-3.298240188014476e-41,2.3509484307846354e-07,-2.873551033523859e-42,2.3509484307846354e-07,-2.1850184210754812e-42,2.3509484307846354e-07,0.29028310934731894,-2.873551033523859e-42,False,True,Solve_Succeeded,9,0.01479251900309464,0.017816667997976765,0.018224315004772507,True,2.0810408951632553e-11,614.5547571162142,shifted_warm_start,
20.7,35.766,35.76,4.566666700000001,1,learned_h2,3.547980118630876,0.17709447565757847,0.2902887860193775,-0.010276308924292491,6.303074554774297e-07,3.5467812035922663,0.1767363303886884,0.29028307193282815,-0.012577274065463441,0.0,-0.0001150452434189983,3.4078166815420596,2.1807011773566534,0.2959999564681031,2.7777777778,2.3509484307846354e-07,-2.873551033523859e-42,2.3514638386237385e-07,-3.662529311962981e-42,2.3514638386237385e-07,-2.7849493261145435e-42,2.3514638386237385e-07,0.29028307193282815,-3.662529311962981e-42,False,True,Solve_Succeeded,9,0.017678208998404443,0.0210073660055059,0.021556172003329266,True,2.1323443011311838e-11,614.4138036439826,shifted_warm_start,
20.8,35.866,35.862,4.566666700000001,1,learned_h2,3.5468831902854667,0.1767668262047688,0.29028876958194266,-0.010146869129623374,6.313341899103328e-07,3.5457170933696514,0.17641848458813503,0.29028305844529956,-0.012454920713202528,0.0,-0.00011496223564438904,3.4067307259481483,2.180367270817608,0.29599577389680637,2.7777777778,2.3514638386237385e-07,-3.662529311962981e-42,2.3519733945107273e-07,5.721611838629458e-41,2.3519733945107273e-07,4.350654336672012e-41,2.3519733945107273e-07,0.29028305844529956,5.721611838629458e-41,False,True,Solve_Succeeded,9,0.017505687996163033,0.023142868994909804,0.023873136000474915,True,2.184913361347185e-11,614.2744701656902,shifted_warm_start,
20.9,35.966,35.964,4.566666700000001,1,learned_h2,3.545798840882218,0.1764429344222964,0.29028875316411956,-0.010018890696307552,6.297156675972212e-07,3.544664920382628,0.17610420476392424,0.2902830414917514,-0.012333953425380796,0.0,-0.00011494586568920911,3.4056572234522036,2.180037198186146,0.29599163786473753,2.7777777778,2.3519733945107273e-07,5.721611838629458e-41,2.3524774683654297e-07,3.120545006154298e-42,2.3524774683654297e-07,2.3728300777316365e-42,2.3524774683654297e-07,0.2902830414917514,3.120545006154298e-42,False,True,Solve_Succeeded,9,0.01619176699750824,0.019061637001868803,0.019583688997954596,True,2.2388146891927363e-11,614.1367176484081,shifted_warm_start,
21.0,36.066,36.066,4.566666700000001,1,learned_h2,3.544726928066251,0.17612275780791958,0.29028873675541284,-0.009892363880975308,6.837040306884067e-07,3.5436245517530716,0.17579345123875512,0.2902830311745288,-0.01221436042186182,0.0,-0.00011485776667913914,3.4045960331249274,2.1797109159956323,0.2959875478637091,2.7777777778,2.3524774683654297e-07,3.120545006154298e-42,2.3529760020116008e-07,-2.061007068111212e-41,2.3529760020116008e-07,-1.5671684119238653e-41,2.3529760020116008e-07,0.2902830311745288,-2.061007068111212e-41,False,True,Solve_Succeeded,9,0.014258985997003037,0.017463734999182634,0.01801498600252671,True,2.2940316313224685e-11,614.000535707878,shifted_warm_start,
21.1,36.166,36.134,4.566666700000001,1,learned_h2,3.544019158877605,0.17591134985186335,0.29028872581021553,-0.00980881415843877,6.812074328163818e-07,3.5426240625533607,0.1754945997940496,0.29028304962470486,-0.012137936572497768,0.0,-0.00011470310734899915,3.403895343840209,2.1794954790018,0.2959848465134095,2.7777777778,2.3529760020116008e-07,-2.061007068111212e-41,2.3534552938852867e-07,4.2409379949747834e-41,2.3534552938852867e-07,3.224765293378208e-41,2.3534552938852867e-07,0.29028304962470486,4.2409379949747834e-41,False,True,Solve_Succeeded,9,0.015270495001459494,0.018201024002337363,0.018635793996509165,True,2.348954364350675e-11,613.8696102279038,shifted_warm_start,
21.2,36.266,36.236,4.566666700000001,1,learned_h2,3.5429676600159925,0.17559727149736098,0.290288709374477,-0.009684684172473543,6.79452177282826e-07,3.541607076791887,0.17519083143769426,0.2902830250154857,-0.012019831616971562,0.0,-0.00011483635994190122,3.4028543632442756,2.1791754184087266,0.29598083208957,2.7777777778,2.3534552938852867e-07,4.2409379949747834e-41,2.3539431463936903e-07,-7.111883189877836e-41,2.3539431463936903e-07,-5.407802261776363e-41,2.3539431463936903e-07,0.2902830250154857,-7.111883189877836e-41,False,True,Solve_Succeeded,9,0.014043351002328563,0.016664868002408184,0.017560004998813383,True,2.4068413928546306e-11,613.7365163469578,shifted_warm_start,
21.3,36.366,36.338,4.566666700000001,1,learned_h2,3.5419282229512845,0.17528679638750888,0.290288692894498,-0.00956197831469242,6.345889790241635e-07,3.5406015477314865,0.1748904855662793,0.2902830022444369,-0.01190207491307164,0.0,-0.00011486091915579768,3.4018253237796316,2.1788590338081884,0.29597686232905696,2.7777777778,2.3539431463936903e-07,-7.111883189877836e-41,2.3544256616848175e-07,4.188600015620949e-41,2.3544256616848175e-07,3.184968036369079e-41,2.3544256616848175e-07,0.2902830022444369,4.188600015620949e-41,False,True,Solve_Succeeded,9,0.013099829004204366,0.01547681300144177,0.01576793900312623,True,2.4660662401032596e-11,613.6049419169292,shifted_warm_start,
21.4,36.466,36.44,4.566666700000001,1,learned_h2,3.540900709046937,0.17497988302764916,0.29028867645968287,-0.009440685803410932,6.340141797500158e-07,3.53960721343356,0.17459348384690487,0.2902829864052088,-0.01178742847752294,0.0,-0.00011482269766461204,3.400808088198373,2.1785462827765496,0.29597293683365417,2.7777777778,2.3544256616848175e-07,4.188600015620949e-41,2.354902901393194e-07,-4.419430152366293e-43,2.354902901393194e-07,-3.360488879758952e-43,2.354902901393194e-07,0.2902829864052088,-4.419430152366293e-43,False,True,Solve_Succeeded,9,0.014001894996908959,0.017110354994656518,0.01771127400570549,True,2.5266677639024238e-11,613.4748558784555,shifted_warm_start,
21.5,36.566,36.542,4.566666700000001,1,learned_h2,3.5398849806964723,0.17467649036126645,0.29028866002208253,-0.009320795622578992,6.355217358448252e-07,3.5386240306649706,0.1742998134200632,0.29028297004012676,-0.011674109308240815,0.0,-0.00011479825560298673,3.3998025202715376,2.1782371233378686,0.2959690550706532,2.7777777778,2.354902901393194e-07,-4.419430152366293e-43,2.355374965714421e-07,-9.030829661911342e-41,2.355374965714421e-07,-6.86694926892354e-41,2.355374965714421e-07,0.29028297004012676,-9.030829661911342e-41,False,True,Solve_Succeeded,9,0.015895001000899356,0.018174641001678538,0.018476028002623934,True,2.588645964252123e-11,613.3462463026715,shifted_warm_start,
21.6,36.666,36.644,4.566666700000001,1,learned_h2,3.5388809014000464,0.1743765775881152,0.2902886435869525,-0.009202296559055806,6.862665877861733e-07,3.537651872274002,0.17400943627336168,0.29028296030718514,-0.011562107756379471,0.0,-0.00011471649824887099,3.398808484866062,2.177931513782395,0.2959652165637281,2.7777777778,2.355374965714421e-07,-9.030829661911342e-41,2.355841828203492e-07,-1.0672054214168653e-41,2.355841828203492e-07,-8.114919406905016e-42,2.355841828203492e-07,0.29028296030718514,-1.0672054214168653e-41,False,True,Solve_Succeeded,9,0.017213308994541876,0.019434234003711026,0.019823784998152405,True,2.6520008411523577e-11,613.2191013945369,shifted_warm_start,
21.7,36.766,36.746,4.566666700000001,1,learned_h2,3.5378883357491526,0.1740801042862512,0.29028862714856446,-0.009085177198261794,6.857833707809422e-07,3.53669061236695,0.17372231483692052,0.29028294281571165,-0.01145140911775406,0.0,-0.00011470938865750642,3.397825847928945,2.177629412788431,0.29596142082870797,2.7777777778,2.355841828203492e-07,-1.0672054214168653e-41,2.356303708418854e-07,7.349735791247943e-42,2.356303708418854e-07,5.5886629144779365e-42,2.356303708418854e-07,0.29028294281571165,7.349735791247943e-42,False,True,Solve_Succeeded,9,0.011885676998645067,0.014530202002788428,0.015116103997570463,True,2.7167768035241124e-11,613.093393151831,shifted_warm_start,
21.8,36.866,36.848,4.566666700000001,1,learned_h2,3.5369071494717326,0.17378703032488732,0.2902886107122731,-0.008969425974572006,6.858961168185266e-07,3.53574012591088,0.17343841173417027,0.29028292631019126,-0.011342002924149336,0.0,-0.0001146835055347838,3.3968544765324564,2.1773307793353665,0.2959576673958435,2.7777777778,2.356303708418854e-07,7.349735791247943e-42,2.356760561037366e-07,-1.0121381929611362e-42,2.356760561037366e-07,-7.696193909533956e-43,2.356760561037366e-07,0.29028292631019126,-1.0121381929611362e-42,False,True,Solve_Succeeded,9,0.01274519399885321,0.01525440900149988,0.01570260600419715,True,2.782957198022018e-11,612.9691112978668,shifted_warm_start,
21.9,36.966,36.95,4.566666700000001,1,learned_h2,3.5359372094259753,0.17349731593877643,0.2902885942644224,-0.00885503116947901,6.867981493269942e-07,3.534800288875447,0.173157689922301,0.2902829097666567,-0.011233879700866749,0.0,-0.00011465925643530391,3.395894238867587,2.1770355727779496,0.2959539557797059,2.7777777778,2.356760561037366e-07,-1.0121381929611362e-42,2.357212452106124e-07,3.722150355035819e-41,2.357212452106124e-07,2.8302845492854827e-41,2.357212452106124e-07,0.2902829097666567,3.722150355035819e-41,False,True,Solve_Succeeded,9,0.02329955800087191,0.02762296200671699,0.028128291000030003,True,2.8505531268763207e-11,612.846238275113,shifted_warm_start,
22.0,37.066,37.052,4.566666700000001,1,learned_h2,3.5349783836269446,0.17321092169044106,0.29028857783904566,-0.008741980931143038,6.857629477242902e-07,3.533870978414652,0.1728801126940324,0.29028289297338933,-0.011127027710204428,0.0,-0.00011463772271568304,3.3949450042706633,2.176743752808593,0.2959502855460146,2.7777777778,2.357212452106124e-07,3.722150355035819e-41,2.3576594379742932e-07,3.351977095431377e-42,2.3576594379742932e-07,2.5488086395873067e-42,2.3576594379742932e-07,0.29028289297338933,3.351977095431377e-42,False,True,Solve_Succeeded,9,0.022874710004543886,0.026004449995525647,0.02659108299849322,True,2.919586794547513e-11,612.7247573068836,shifted_warm_start,
22.1,37.166,37.154,4.566666700000001,1,learned_h2,3.534030541240933,0.17292780853419204,0.29028856135534,-0.008630263285685762,6.479051727296358e-07,3.5329520728167574,0.1726056437312948,0.2902828715830774,-0.011021433820559347,0.0,-0.00011465802300432632,3.3940066432173936,2.176455279521285,0.2959466561491092,2.7777777778,2.3576594379742932e-07,3.351977095431377e-42,2.3581016218888723e-07,-8.422386314579146e-41,2.3581016218888723e-07,-6.404295254224748e-41,2.3581016218888723e-07,0.2902828715830774,-8.422386314579146e-41,False,True,Solve_Succeeded,9,0.024633445995277725,0.028043147001881152,0.028493958998296876,True,2.990058201035595e-11,612.6046486502197,shifted_warm_start,
22.2,37.266,37.256,4.566666700000001,1,learned_h2,3.5330935526353042,0.17264793768717185,0.29028854491100503,-0.008519866169837513,6.49198007896165e-07,3.5320434512525143,0.17233424687500068,0.2902828557268745,-0.010917089799522432,0.0,-0.00011462201363900467,3.393079027373025,2.1761701132828457,0.2959430672255005,2.7777777778,2.3581016218888723e-07,-8.422386314579146e-41,2.358538941080524e-07,-1.3546734004937577e-40,2.358538941080524e-07,-1.0300796123289896e-40,2.358538941080524e-07,0.2902828557268745,-1.3546734004937577e-40,False,True,Solve_Succeeded,9,0.019135916001687292,0.021679438999854028,0.02202888000465464,True,3.061950692995197e-11,612.4859036768586,shifted_warm_start,
22.3,37.366,37.358,4.566666700000001,1,learned_h2,3.532167289340268,0.17237127079072928,0.2902885284738992,-0.008410777424798746,6.501361157790365e-07,3.5311449941424624,0.17206588642601944,0.2902828391171236,-0.010813983733308573,0.0,-0.00011460067250433136,3.392162029553528,2.175888214894008,0.2959395182854019,2.7777777778,2.358538941080524e-07,-1.3546734004937577e-40,2.3589715202743146e-07,3.3778290917227143e-41,2.3589715202743146e-07,2.5684662296071633e-41,2.3589715202743146e-07,0.2902828391171236,3.3778290917227143e-41,False,True,Solve_Succeeded,9,0.020564032995025627,0.023382375999062788,0.02378558399504982,True,3.135303128232181e-11,612.368501465107,shifted_warm_start,
22.4,37.466,37.46,4.566666700000001,1,learned_h2,3.5312516240824463,0.17209776982676495,0.2902885120398443,-0.008302984821582888,6.927720083752132e-07,3.5302565829592667,0.17180052697585846,0.29028282749492484,-0.010712104898520513,0.0,-0.0001145300762160795,3.391255523759358,2.1756095455058837,0.2959360088706814,2.7777777778,2.3589715202743146e-07,3.3778290917227143e-41,2.3593993459985683e-07,-7.055843133371621e-41,2.3593993459985683e-07,-5.365189983673185e-41,2.3593993459985683e-07,0.29028282749492484,-7.055843133371621e-41,False,True,Solve_Succeeded,9,0.0222608069962007,0.02459581699804403,0.02502413800539216,True,3.2100988534011776e-11,612.2524303973366,shifted_warm_start,
22.5,37.566,37.562,4.566666700000001,1,learned_h2,3.530346430783612,0.17182739714643977,0.2902884955932759,-0.008196476062984435,6.936983470957363e-07,3.52937810047287,0.17153813352475344,0.29028281017612384,-0.010611438511999395,0.0,-0.00011452089503870055,3.39035938517405,2.1753340666485985,0.29593253851552764,2.7777777778,2.3593993459985683e-07,-7.055843133371621e-41,2.3598225925608486e-07,1.0303134881929163e-41,2.3598225925608486e-07,7.834396970577991e-42,2.3598225925608486e-07,0.29028281017612384,1.0303134881929163e-41,False,True,Solve_Succeeded,9,0.01922960399679141,0.021983437000017148,0.022632250998867676,True,3.286365624077803e-11,612.1376665360388,shifted_warm_start,
22.6,37.666,37.664,4.566666700000001,1,learned_h2,3.529451584577022,0.1715601154351889,0.2902884791592711,-0.00809123880871683,6.938051878154213e-07,3.5285094304133287,0.1712786713227848,0.29028279351096287,-0.01051197317212069,0.0,-0.00011449789110033923,3.38947349018061,2.1750617401963237,0.2959291067985615,2.7777777778,2.3598225925608486e-07,1.0303134881929163e-41,2.3602412386902432e-07,-1.0390855347484603e-41,2.3602412386902432e-07,-7.901098703349693e-42,2.3602412386902432e-07,0.29028279351096287,-1.0390855347484603e-41,False,True,Solve_Succeeded,9,0.017886674002511427,0.02069520700024441,0.02119039600074757,True,3.36409233803181e-11,612.0241990423596,shifted_warm_start,
22.7,37.766,37.766,4.566666700000001,1,learned_h2,3.5285669618013245,0.17129588774924148,0.29028846271803393,-0.007987260676917771,6.93960819120099e-07,3.5276504575731167,0.17102210595196538,0.2902827767593288,-0.01041369851057137,0.0,-0.00011447651667731845,3.388597716355271,2.174792528403699,0.2959257132573158,2.7777777778,2.3602412386902432e-07,-1.0390855347484603e-41,2.3606553439858196e-07,5.868794407854686e-42,2.3606553439858196e-07,4.462570436740005e-42,2.3606553439858196e-07,0.2902827767593288,5.868794407854686e-42,False,True,Solve_Succeeded,9,0.01612937400204828,0.018369065001024865,0.018780981001327746,True,3.443278995263199e-11,611.9120118341754,shifted_warm_start,
22.8,37.866,37.834,4.566666700000001,1,learned_h2,3.5279828324410842,0.1711214145860841,0.29028845173641443,-0.007918635303892451,6.58882494559908e-07,3.526830128747663,0.1707770736088142,0.2902827901200739,-0.010350930187736451,0.0,-0.00011437307203730349,3.3880194300881685,2.174614765796977,0.2959234718715403,2.7777777778,2.3606553439858196e-07,5.868794407854686e-42,2.3610506175749997e-07,-1.5529856823139223e-41,2.3610506175749997e-07,-1.1808742158865233e-41,2.3610506175749997e-07,0.2902827901200739,-1.5529856823139223e-41,False,True,Solve_Succeeded,9,0.01555182199808769,0.01893160400504712,0.01940292600193061,True,3.5210501181381915e-11,611.8049028354845,shifted_warm_start,
22.9,37.966,37.936,4.566666700000001,1,learned_h2,3.527114977202098,0.17086219584101864,0.29028843529778314,-0.007816728119832013,6.980337506535944e-07,3.525990350419933,0.17052624218531512,0.29028277296809707,-0.010253976562550792,0.0,-0.00011442720147125372,3.387160256078649,2.1743506622473046,0.29592014099783903,2.7777777778,2.3610506175749997e-07,-1.5529856823139223e-41,2.3614557229597328e-07,-1.4381346326284375e-40,2.3614557229597328e-07,-1.0935426681551801e-40,2.3614557229597328e-07,0.29028277296809707,-1.4381346326284375e-40,False,True,Solve_Succeeded,9,0.015569307004625443,0.018116191000444815,0.01870195999799762,True,3.603078946312621e-11,611.6952481007812,shifted_warm_start,
23.0,38.066,38.038,4.566666700000001,1,learned_h2,3.526257021554639,0.170605934393772,0.2902884188589898,-0.007716046921136845,6.98091021108625e-07,3.5251599678019305,0.17027821753677694,0.2902827555353845,-0.010157363532478378,0.0,-0.00011441925307944534,3.3863108826385124,2.1740895745391815,0.295916847145244,2.7777777778,2.3614557229597328e-07,-1.4381346326284375e-40,2.3618564219635216e-07,2.7487542503576122e-43,2.3618564219635216e-07,2.090124240694485e-43,2.3618564219635216e-07,0.2902827555353845,2.7487542503576122e-43,False,True,Solve_Succeeded,9,0.016289562001475133,0.019115447998046875,0.019723525998415425,True,3.686351224274631e-11,611.5868327910908,shifted_warm_start,
23.1,38.166,38.14,4.566666700000001,1,learned_h2,3.5254088462909907,0.1703525946233983,0.2902884024165416,-0.007616579270538138,6.990996526778458e-07,3.5243387613425,0.1700329340659026,0.2902827389286431,-0.010063352762224427,0.0,-0.00011439624054381598,3.3854711917529645,2.1738314662851645,0.2959135898817629,2.7777777778,2.3618564219635216e-07,2.7487542503576122e-43,2.3622528034681727e-07,-8.324440708224742e-42,2.3622528034681727e-07,-6.329818430374734e-42,2.3622528034681727e-07,0.2902827389286431,-8.324440708224742e-42,False,True,Solve_Succeeded,9,0.015000701001554262,0.017096727999160066,0.017453423999540973,True,3.771088996629146e-11,611.4796286533236,shifted_warm_start,
23.2,38.266,38.242,4.566666700000001,1,learned_h2,3.524570333416929,0.17010214127985723,0.2902883859781159,-0.007518312727743105,6.988023708713492e-07,3.5235266912202254,0.16979037987534165,0.2902827220376684,-0.009970477697981397,0.0,-0.00011437686040922492,3.3846410666084883,2.1735763014781355,0.2959103687904764,2.7777777778,2.3622528034681727e-07,-8.324440708224742e-42,2.3626448955507202e-07,7.217000274090249e-41,2.3626448955507202e-07,5.487732203056091e-41,2.3626448955507202e-07,0.2902827220376684,7.217000274090249e-41,False,True,Solve_Succeeded,9,0.014471884001977742,0.016872180000063963,0.017214948005857877,True,3.8573033656064126e-11,611.3736292269243,shifted_warm_start,
23.3,38.366,38.344,4.566666700000001,1,learned_h2,3.5237413661492902,0.16985453948978074,0.2902883695296039,-0.00742123486871673,7.005223483177802e-07,3.5227236490397513,0.16955052259711456,0.29028270541867135,-0.009878726418301276,0.0,-0.00011435495187392834,3.38382039159039,2.173324044496987,0.29590718343659117,2.7777777778,2.3626448955507202e-07,7.217000274090249e-41,2.3630327403081388e-07,6.358232758721107e-41,2.3630327403081388e-07,4.834734285632044e-41,2.3630327403081388e-07,0.29028270541867135,6.358232758721107e-41,False,True,Solve_Succeeded,9,0.01391758800309617,0.016328969002643134,0.016641196998534724,True,3.9449887800913075e-11,611.2688203841226,shifted_warm_start,
23.4,38.466,38.446,4.566666700000001,1,learned_h2,3.5229218289195963,0.16960975473794712,0.2902883530602008,-0.007325333283948334,6.709701777154778e-07,3.5219295275906872,0.16931333021526807,0.29028268460039164,-0.009788085596740959,0.0,-0.00011436983637490747,3.383009052286513,2.1730746600880657,0.29590403339255894,2.7777777778,2.3630327403081388e-07,6.358232758721107e-41,2.3634164371374227e-07,-1.3262249745904914e-42,2.3634164371374227e-07,-1.0084477241446304e-42,2.3634164371374227e-07,0.29028268460039164,-1.3262249745904914e-42,False,True,Solve_Succeeded,9,0.014227231004042551,0.016751164999732282,0.017132018998381682,True,4.034150791198954e-11,611.1651843326894,shifted_warm_start,
23.5,38.566,38.548,4.566666700000001,1,learned_h2,3.522111607383464,0.16936775282858194,0.2902883366145158,-0.0072305955975371684,6.729976723975443e-07,3.5211442205928765,0.1690787709381399,0.2902826685180621,-0.009698546048670056,0.0,-0.00011433867302994973,3.3822069354967663,2.172828113326456,0.29590091829024356,2.7777777778,2.3634164371374227e-07,-1.3262249745904914e-42,2.3637959311135594e-07,-6.364405582857129e-41,2.3637959311135594e-07,-4.839428037122766e-41,2.3637959311135594e-07,0.2902826685180621,-6.364405582857129e-41,False,True,Solve_Succeeded,9,0.012870565995399375,0.015284147004422266,0.01576260900037596,True,4.1247838478142285e-11,611.062713601241,shifted_warm_start,
23.6,38.666,38.65,4.566666700000001,1,learned_h2,3.521310588389116,0.16912849998027862,0.2902883201645442,-0.007137009458161675,7.082398227201443e-07,3.52036762291288,0.16884681338031324,0.29028265609168513,-0.009610097500456456,0.0,-0.00011428101965156362,3.3814139292013916,2.1725843697106764,0.29589783769278377,2.7777777778,2.3637959311135594e-07,-6.364405582857129e-41,2.3641712818106693e-07,-4.590171962579162e-41,2.3641712818106693e-07,-3.490319182478646e-41,2.3641712818106693e-07,0.29028265609168513,-4.590171962579162e-41,False,True,Solve_Succeeded,9,0.011959277995629236,0.014280502000474371,0.014623830997152254,True,4.216876847706885e-11,610.9613932768992,shifted_warm_start,
23.7,38.766,38.752,4.566666700000001,1,learned_h2,3.5205186599913962,0.1688919627666215,0.29028830371254116,-0.0070445625516201964,7.098553618875784e-07,3.5195996307715585,0.16861742655927933,0.2902826388107141,-0.009522724547093084,0.0,-0.00011427148486165676,3.3806299225751797,2.1723433951033164,0.2958947911975404,2.7777777778,2.3641712818106693e-07,-4.590171962579162e-41,2.364542633699507e-07,3.276851390013579e-43,2.364542633699507e-07,2.4916838318775654e-43,2.364542633699507e-07,0.2902826388107141,3.276851390013579e-43,False,True,Solve_Succeeded,9,0.013800879001792055,0.016388102994824294,0.016757994999352377,True,4.3104575464525396e-11,610.8612029736369,shifted_warm_start,
23.8,38.866,38.854,4.566666700000001,1,learned_h2,3.5197357114594983,0.16865810807577236,0.29028828726926836,-0.006953242611020798,7.103878704251929e-07,3.518840141305251,0.16839057971061244,0.29028262199108956,-0.009436416029983312,0.0,-0.00011425132662795785,3.37985480599537,2.1721051556906157,0.29589177841438874,2.7777777778,2.364542633699507e-07,3.276851390013579e-43,2.364909972042812e-07,-8.692098827011837e-41,2.364909972042812e-07,-6.609381853065236e-41,2.364909972042812e-07,0.29028262199108956,-8.692098827011837e-41,False,True,Solve_Succeeded,9,0.01462349999928847,0.016841564000060316,0.017156146001070738,True,4.4055092907058224e-11,610.762132942551,shifted_warm_start,
23.9,38.966,38.956,4.566666700000001,1,learned_h2,3.5189616332668643,0.1684269031282761,0.290288270931579,-0.0068630374248959975,8.081555699310802e-07,3.518089052492049,0.16816624229115562,0.29028261706534436,-0.009351166338981589,0.0,-0.00011412092291860359,3.3790884710277824,2.1718696180001573,0.2958887990432803,2.7777777778,2.364909972042812e-07,-8.692098827011837e-41,2.3652732114186043e-07,3.9587848965513345e-41,2.3652732114186043e-07,3.0102190018990104e-41,2.3652732114186043e-07,0.29028261706534436,3.9587848965513345e-41,False,True,Solve_Succeeded,9,0.015382826000859495,0.017612638999707997,0.017997169998125173,True,4.5019876715457485e-11,610.6641782000348,shifted_warm_start,
24.0,39.066,39.058,4.566666700000001,1,learned_h2,3.5181963170140307,0.16819831571709143,0.29028825446229756,-0.006773934806883006,7.806567929674614e-07,3.5173462640802664,0.16794438454189142,0.29028259503067183,-0.009266954342224947,0.0,-0.00011416549438194131,3.378330810323036,2.1716367491404105,0.29588585245383636,2.7777777778,2.3652732114186043e-07,3.9587848965513345e-41,2.3656327303893983e-07,-8.233578629479682e-41,2.3656327303893983e-07,-6.260727847496969e-41,2.3656327303893983e-07,0.29028259503067183,-8.233578629479682e-41,False,True,Solve_Succeeded,9,0.014382704001036473,0.016943029004323762,0.017392268004186917,True,4.6000037112747805e-11,610.5673033133072,shifted_warm_start,
24.1,39.166,39.16,4.566666700000001,1,learned_h2,3.5174396555682566,0.16797231372026486,0.29028823802026327,-0.006685922660581891,7.796185739455449e-07,3.5166116763863897,0.16772497655538332,0.290282578440844,-0.009183771572263369,0.0,-0.00011413596635261919,3.3775817178141456,2.171406516314137,0.2958829384159526,2.7777777778,2.3656327303893983e-07,-8.233578629479682e-41,2.3659883147561624e-07,6.136609701078593e-42,2.3659883147561624e-07,4.6662144097591155e-42,2.3659883147561624e-07,0.290282578440844,6.136609701078593e-42,False,True,Solve_Succeeded,9,0.015473557003133465,0.018075906002195552,0.01867023199883988,True,4.6994741431660714e-11,610.4715120666865,shifted_warm_start,
24.2,39.266,39.262,4.566666700000001,1,learned_h2,3.5166915429397987,0.1677488654940065,0.2902882215784285,-0.006598988938497337,8.07824665896186e-07,3.5158851907012707,0.16750798886405535,0.2902825645564314,-0.009101611019731923,0.0,-0.00011408667190012407,3.3768410885730993,2.1711788872107247,0.295880056517429,2.7777777778,2.3659883147561624e-07,6.136609701078593e-42,2.3663400406357566e-07,1.0862906332033415e-40,2.3663400406357566e-07,8.260041379116655e-41,2.3663400406357566e-07,0.2902825645564314,1.0862906332033415e-40,False,True,Solve_Succeeded,9,0.013844357999914791,0.016091419995063916,0.01640472899453016,True,4.800398967219621e-11,610.3767891789513,shifted_warm_start,
24.3,39.366,39.364,4.566666700000001,1,learned_h2,3.5159518743157325,0.16752793973670965,0.29028820513348974,-0.0065131216548650886,8.065857848845075e-07,3.5151667097941335,0.1672933924342721,0.2902825467779425,-0.009020457373843372,0.0,-0.00011407962832908858,3.376108818836927,2.1709538298703364,0.29587720637374837,2.7777777778,2.3663400406357566e-07,1.0862906332033415e-40,2.3666880279891505e-07,7.853098173926568e-42,2.3666880279891505e-07,5.971414452835157e-42,2.3666880279891505e-07,0.2902825467779425,7.853098173926568e-42,False,True,Solve_Succeeded,9,0.013578236998000648,0.01605001700227149,0.01640882799983956,True,4.9028003878959225e-11,610.2831166275739,shifted_warm_start,
24.4,39.466,39.466,4.566666700000001,1,learned_h2,3.5152205460551404,0.1673095054810663,0.2902881886874302,-0.006428308898745253,8.055295943054955e-07,3.5144561372971537,0.16708115846944238,0.29028252954288886,-0.008940299803649325,0.0,-0.0001140619921251457,3.375384806002967,2.1707313126759624,0.2958743876096148,2.7777777778,2.3666880279891505e-07,7.853098173926568e-42,2.3670322694401785e-07,-1.6248016022575475e-40,2.3670322694401785e-07,-1.2354822970281595e-40,2.3670322694401785e-07,0.29028252954288886,-1.6248016022575475e-40,False,True,Solve_Succeeded,9,0.0158430480005336,0.01826402300503105,0.018762767998850904,True,5.006656200734483e-11,610.1904849084649,shifted_warm_start,
24.5,39.566,39.534,4.566666700000001,1,learned_h2,3.514737576754935,0.16716525169865998,0.29028817770104004,-0.006372347057501479,7.811012133543467e-07,3.5137831623657374,0.16688014490947667,0.29028254669350034,-0.00888911721669255,0.0,-0.0001139724973616639,3.3749066677938475,2.170584363641979,0.2958725256603101,2.7777777778,2.3670322694401785e-07,-1.6248016022575475e-40,2.367358006775721e-07,-1.5318322820293113e-41,2.367358006775721e-07,-1.1647893895684824e-41,2.367358006775721e-07,0.29028254669350034,-1.5318322820293113e-41,False,True,Solve_Succeeded,9,0.013286690002132673,0.015526772003795486,0.01589162399613997,True,5.1072646112260145e-11,610.1027846759168,shifted_warm_start,
24.6,39.666,39.636,4.566666700000001,1,learned_h2,3.514019921930232,0.16695090209148145,0.29028816125246815,-0.006289265573361289,8.079954877902254e-07,3.513088237679745,0.16667258539484797,0.29028252839101293,-0.008810076397237607,0.0,-0.00011402381880584932,3.3741961915691885,2.1703660107489897,0.29586975836695206,2.7777777778,2.367358006775721e-07,-1.5318322820293113e-41,2.3676948506828434e-07,-7.008718647030625e-42,2.3676948506828434e-07,-5.32935701271233e-42,2.3676948506828434e-07,0.29028252839101293,-7.008718647030625e-42,False,True,Solve_Succeeded,9,0.0118278929949156,0.014334072002384346,0.014714133998495527,True,5.2139292883168764e-11,610.0122096491514,shifted_warm_start,
24.7,39.766,39.738,4.566666700000001,1,learned_h2,3.5133103367399685,0.16673896312422892,0.2902881447947968,-0.006207207200050891,7.08729454416416e-07,3.512400969126516,0.16646731300278658,0.2902824968416191,-0.008731330672611975,0.0,-0.00011412941212719762,3.373493704229468,2.1701501154485805,0.29586702145809995,2.7777777778,2.3676948506828434e-07,-7.008718647030625e-42,2.368028221215201e-07,1.4736074598257927e-41,2.368028221215201e-07,1.1205158382745216e-41,2.368028221215201e-07,0.2902824968416191,1.4736074598257927e-41,False,True,Solve_Succeeded,9,0.016100753004138824,0.018635512999026105,0.01900805000332184,True,5.322042806454874e-11,609.922631171337,shifted_warm_start,
24.8,39.866,39.84,4.566666700000001,1,learned_h2,3.5126087217713615,0.16652940506341118,0.29028812835704176,-0.00612616032286597,7.090586610434049e-07,3.511721175394678,0.1662642735194148,0.2902824814995731,-0.008654731112262061,0.0,-0.0001140796792305566,3.372799107357828,2.1699366473880146,0.29586431459976525,2.7777777778,2.368028221215201e-07,1.4736074598257927e-41,2.3683578642780805e-07,4.713715939743631e-41,2.3683578642780805e-07,3.584260742161426e-41,2.3683578642780805e-07,0.2902824814995731,4.713715939743631e-41,False,True,Solve_Succeeded,9,0.013523011999495793,0.015849435003474355,0.016257112001767382,True,5.431521898913161e-11,609.8340477360696,shifted_warm_start,
24.9,39.966,39.942,4.566666700000001,1,learned_h2,3.511914978722903,0.16632219858677444,0.29028811188793846,-0.006046113380191992,6.881007451604463e-07,3.5110488223272744,0.1660634567942853,0.290282461373773,-0.008579078295886444,0.0,-0.00011409151894653245,3.372112303637084,2.1697255766337546,0.29586163738143967,2.7777777778,2.3683578642780805e-07,4.713715939743631e-41,2.3686840355361576e-07,4.616890683183676e-41,2.3686840355361576e-07,3.5106358206825056e-41,2.3686840355361576e-07,0.290282461373773,4.616890683183676e-41,False,True,Solve_Succeeded,9,0.013013108000450302,0.015323610001360066,0.01579379000031622,True,5.5424609346488296e-11,609.7464386479545,shifted_warm_start,
25.0,40.066,40.044,4.566666700000001,1,learned_h2,3.511229010439653,0.16611731463514834,0.2902880954437211,-0.005967054908823355,6.895415992218379e-07,3.510383819954368,0.16586483591071488,0.290282444888337,-0.008504359816954318,0.0,-0.00011406702571835249,3.371433196885542,2.1695168735234733,0.29585898950402606,2.7777777778,2.3686840355361576e-07,4.616890683183676e-41,2.3690066790003725e-07,4.0034327166109615e-41,2.3690066790003725e-07,3.044168741490555e-41,2.3690066790003725e-07,0.290282444888337,4.0034327166109615e-41,False,True,Solve_Succeeded,9,0.01632637999864528,0.01888878500176361,0.019404054000915494,True,5.65478774916528e-11,609.6597983078718,shifted_warm_start,
25.1,40.166,40.146,4.566666700000001,1,learned_h2,3.5105507208665796,0.16591472453838452,0.2902880789915942,-0.005888973528161125,7.162006392645187e-07,3.5097260791470597,0.16566838426798686,0.2902824313042642,-0.008430566690616273,0.0,-0.00011402184048714296,3.3707616920100345,2.169310508791674,0.2958563705831404,2.7777777778,2.3690066790003725e-07,4.0034327166109615e-41,2.3693258438214518e-07,9.069564464106828e-42,2.3693258438214518e-07,6.896402811020567e-42,2.3693258438214518e-07,0.2902824313042642,9.069564464106828e-42,False,True,Solve_Succeeded,9,0.015103353995073121,0.017471499006205704,0.017924153995409142,True,5.768513444692758e-11,609.5741142823587,shifted_warm_start,
25.2,40.266,40.248,4.566666700000001,1,learned_h2,3.509880015063896,0.16571439993272205,0.2902880625393975,-0.0058118579435986525,7.177964328546785e-07,3.509075512011743,0.16547407561030575,0.29028241399037563,-0.008357685465252094,0.0,-0.0001140127423270057,3.370097695021587,2.1691064534871143,0.29585378027884873,2.7777777778,2.3693258438214518e-07,9.069564464106828e-42,2.369641646608302e-07,4.4064465645652634e-41,2.369641646608302e-07,3.3506162941720135e-41,2.369641646608302e-07,0.29028241399037563,4.4064465645652634e-41,False,True,Solve_Succeeded,9,0.013332761001947802,0.015769266996358056,0.016104730995721184,True,5.883654674576633e-11,609.4893698088491,shifted_warm_start,
25.3,40.366,40.35,4.566666700000001,1,learned_h2,3.509216799208488,0.1655163127242165,0.2902880461543213,-0.005735696959342832,7.734868096215228e-07,3.50843203139728,0.16528188383190526,0.29028240409792017,-0.008285708599322648,0.0,-0.00011393277574087931,3.3694411130370323,2.1689046789361943,0.2958512183144008,2.7777777778,2.369641646608302e-07,4.4064465645652634e-41,2.3699539987418435e-07,-1.859406237002289e-40,2.3699539987418435e-07,-1.4138732295734987e-40,2.3699539987418435e-07,0.29028240409792017,-1.859406237002289e-40,False,True,Solve_Succeeded,9,0.012916406994918361,0.015155803004745394,0.015431348998390604,True,6.000155927665674e-11,609.4055617408221,shifted_warm_start,
25.4,40.466,40.452,4.566666700000001,1,learned_h2,3.508560980520216,0.1653204353031263,0.29028802971050977,-0.005660479455489976,7.729529666603112e-07,3.507795551423557,0.165091783391142,0.29028238592018535,-0.008214621828188629,0.0,-0.00011393578265653238,3.3687918542047544,2.168705156956891,0.29584868422355665,2.7777777778,2.3699539987418435e-07,-1.859406237002289e-40,2.3702631205037222e-07,1.723114180581006e-41,2.3702631205037222e-07,1.3102381625597186e-41,2.3702631205037222e-07,0.29028238592018535,1.723114180581006e-41,False,True,Solve_Succeeded,9,0.012976245998288505,0.01529118599864887,0.015606590000970755,True,6.118089368456481e-11,609.3226667277339,shifted_warm_start,
25.5,40.566,40.554,4.566666700000001,1,learned_h2,3.507912467341374,0.16512674024482926,0.29028801326470427,-0.005586194421393282,7.954159447537963e-07,3.507165986989893,0.16490374881698838,0.2902823715908788,-0.008144416191131997,0.0,-0.00011389244027211491,3.368149827785135,2.1685078595600853,0.2958461777265526,2.7777777778,2.3702631205037222e-07,1.723114180581006e-41,2.370568911020077e-07,1.5277869302869486e-43,2.370568911020077e-07,1.1617133460343076e-43,2.370568911020077e-07,0.2902823715908788,1.5277869302869486e-43,False,True,Solve_Succeeded,9,0.01576003300579032,0.01845368099748157,0.018817721000232268,True,6.237366179107084e-11,609.240682661217,shifted_warm_start,
25.6,40.666,40.656,4.566666700000001,1,learned_h2,3.507271169070756,0.16493520049749022,0.2902879968080436,-0.005512830931133987,7.96309276963214e-07,3.506543254027776,0.16471775501199412,0.29028235404025426,-0.008075081317982916,0.0,-0.00011388365650015005,3.3675149440841294,2.168312759136816,0.2958436984816559,2.7777777778,2.370568911020077e-07,1.5277869302869486e-43,2.3708714903819996e-07,-2.043893587617519e-42,2.3708714903819996e-07,-1.5541554987404237e-42,2.3708714903819996e-07,0.29028235404025426,-2.043893587617519e-42,False,True,Solve_Succeeded,9,0.015247709001414478,0.017883724998682737,0.01822097200056305,True,6.35803076853847e-11,609.1595929769492,shifted_warm_start,
25.7,40.766,40.758,4.566666700000001,1,learned_h2,3.5066369961746546,0.16474578931137973,0.2902879803360148,-0.005440378149906228,6.953951860765989e-07,3.5059272696968318,0.16453377722924106,0.2902823246461537,-0.008006601620863283,0.0,-0.00011398396839743411,3.3668871144645705,2.1681198283876277,0.29584124615516894,2.7777777778,2.3708714903819996e-07,-2.043893587617519e-42,2.3711709961413142e-07,-2.5829536325746754e-42,2.3711709961413142e-07,-1.9640511694822616e-42,2.3711709961413142e-07,0.2902823246461537,-2.5829536325746754e-42,False,True,Solve_Succeeded,9,0.012608396995346993,0.014941122994059697,0.015267128001141828,True,6.480116443441375e-11,609.0793800880793,shifted_warm_start,
25.8,40.866,40.86,4.566666700000001,1,learned_h2,3.506009860183792,0.16455848021498926,0.29028796389522415,-0.00536882536236127,6.959005227709701e-07,3.505317951440151,0.16435179075323392,0.2902823092185032,-0.007938976012226685,0.0,-0.00011393650191933928,3.3662662513432577,2.167929040298635,0.29583882046819976,2.7777777778,2.3711709961413142e-07,-2.5829536325746754e-42,2.3714671684538613e-07,-5.825406721441416e-41,2.3714671684538613e-07,-4.429578889711664e-41,2.3714671684538613e-07,0.2902823092185032,-5.825406721441416e-41,False,True,Solve_Succeeded,9,0.015638808996300213,0.018154256002162583,0.018567578998045065,True,6.603473323707476e-11,609.0000526495886,shifted_warm_start,
25.9,40.966,40.962,4.566666700000001,1,learned_h2,3.5053896736521915,0.164373247118367,0.2902879474489468,-0.005298161927357061,7.179806477688921e-07,3.504715218056796,0.16417177136485614,0.2902822944467483,-0.007872194570813531,0.0,-0.00011390103863537499,3.3656522681496046,2.167740368244583,0.2958364210620614,2.7777777778,2.3714671684538613e-07,-5.825406721441416e-41,2.3717601981960644e-07,1.0355357181410082e-40,2.3717601981960644e-07,7.874106265810796e-41,2.3717601981960644e-07,0.2902822944467483,1.0355357181410082e-40,False,True,Solve_Succeeded,9,0.014685014997667167,0.017270722004468553,0.017620414000703022,True,6.728151369372881e-11,608.9215897459964,shifted_warm_start,
26.0,41.066,41.064,4.566666700000001,1,learned_h2,3.504776350174591,0.1641900642200727,0.29028793099642086,-0.0052283773047657935,7.199566187193674e-07,3.5041189895394416,0.16399369517515708,0.29028227714281046,-0.007806242390032332,0.0,-0.00011389158312944582,3.365045079343412,2.1675537858958744,0.29583404761764537,2.7777777778,2.3717601981960644e-07,1.0355357181410082e-40,2.3720501589758373e-07,1.0521399675745533e-41,2.3720501589758373e-07,8.000363257446462e-42,2.3720501589758373e-07,0.29028227714281046,1.0521399675745533e-41,False,True,Solve_Succeeded,9,0.012965453002834693,0.015547481998510193,0.0159517229985795,True,6.85416723378296e-11,608.8439783208081,shifted_warm_start,
26.1,41.166,41.166,4.566666700000001,1,learned_h2,3.504169804387284,0.1640089059693885,0.2902879145955624,-0.0051594610623702354,7.69493672367113e-07,3.5035291864409235,0.16381753839788177,0.290282265561022,-0.007741112831528743,0.0,-0.00011382046490321341,3.364444600415929,2.1673692671807467,0.2958316998781488,2.7777777778,2.3720501589758373e-07,1.0521399675745533e-41,2.3723369921579092e-07,-5.103019361495663e-43,2.3723369921579092e-07,-3.880283028869439e-43,2.3723369921579092e-07,0.290282265561022,-5.103019361495663e-43,False,True,Solve_Succeeded,9,0.013763463000941556,0.01630956699955277,0.016626975004328415,True,6.98146540578648e-11,608.7672140827942,shifted_warm_start,
26.2,41.266,41.234,4.566666700000001,1,learned_h2,3.5037691642014384,0.16388924618029602,0.29028790363843526,-0.005113994219183152,7.877204730065831e-07,3.5029761144108025,0.16365234317272137,0.2902822858243609,-0.007699532954317757,0.0,-0.00011372008820090136,3.3640479675476165,2.1672473884866426,0.2958301487931919,2.7777777778,2.3723369921579092e-07,-5.103019361495663e-43,2.3726056722205597e-07,3.334227963649265e-41,2.3726056722205597e-07,2.5353123837527783e-41,2.3726056722205597e-07,0.2902822858243609,3.334227963649265e-41,False,True,Solve_Succeeded,9,0.013416507004876621,0.015727279002021533,0.016054986997914966,True,7.103057031443427e-11,608.6952562569827,shifted_warm_start,
26.3,41.366,41.336,4.566666700000001,1,learned_h2,3.5031737275652457,0.16371140657179326,0.29028788719178406,-0.0050465023359598325,7.875495577688134e-07,3.502399022745083,0.16347998368771186,0.29028226393241363,-0.007635323796916204,0.0,-0.00011379719622741345,3.3634584866236445,2.1670662522509208,0.29582784307332305,2.7777777778,2.3726056722205597e-07,3.334227963649265e-41,2.3728865600098846e-07,-2.4565673749204785e-41,2.3728865600098846e-07,-1.8679483691757852e-41,2.3728865600098846e-07,0.29028226393241363,-2.4565673749204785e-41,False,True,Solve_Succeeded,9,0.012577073997817934,0.014842137999949045,0.015401523000036832,True,7.232892063058216e-11,608.6201507851798,shifted_warm_start,
26.4,41.466,41.438,4.566666700000001,1,learned_h2,3.5025848458662265,0.16353552513239117,0.29028787072006035,-0.004979851475238575,7.724996060532367e-07,3.5018281487133107,0.16330948160927344,0.2902822445436555,-0.0075713671210685795,0.0,-0.00011379918244663359,3.362875495055044,2.166887111814179,0.2958255621593856,2.7777777778,2.3728865600098846e-07,-2.4565673749204785e-41,2.3731644525410348e-07,-1.2271203764219569e-41,2.3731644525410348e-07,-9.330896149322876e-42,2.3731644525410348e-07,0.2902822445436555,-1.2271203764219569e-41,False,True,Solve_Succeeded,9,0.016110682001453824,0.018326360994251445,0.018768727000860963,True,7.363920584424477e-11,608.5458624240889,shifted_warm_start,
26.5,41.566,41.54,4.566666700000001,1,learned_h2,3.502002437414389,0.16336157741557228,0.2902878542704568,-0.004914031559776009,7.189751121557151e-07,3.5012633445725156,0.16314079276206203,0.2902822200789473,-0.007509158814601428,0.0,-0.00011384233875440067,3.362298911969879,2.166709942233848,0.2958233057966755,2.7777777778,2.3731644525410348e-07,-1.2271203764219569e-41,2.373439507482276e-07,4.624504755493028e-41,2.373439507482276e-07,3.51642548234546e-41,2.373439507482276e-07,0.2902822200789473,4.624504755493028e-41,False,True,Solve_Succeeded,9,0.013658069998200517,0.015932597001665272,0.016378328000428155,True,7.496253617844673e-11,608.4723659658688,shifted_warm_start,
26.6,41.666,41.642,4.566666700000001,1,learned_h2,3.5014264214849296,0.1631895393161789,0.29028783782249623,-0.004849032623526869,7.20281716330477e-07,3.5007045816096944,0.1629739085726091,0.29028220385795106,-0.007447728624680782,0.0,-0.00011381109357390287,3.3617286574514353,2.1665347189152566,0.2958210736661935,2.7777777778,2.373439507482276e-07,4.624504755493028e-41,2.3737115830839253e-07,1.9065976841585862e-41,2.3737115830839253e-07,1.4497571168442497e-41,2.3737115830839253e-07,0.29028220385795106,1.9065976841585862e-41,False,True,Solve_Succeeded,9,0.014328412005852442,0.016825865001010243,0.017178691996377893,True,7.62978014101634e-11,608.3996676298854,shifted_warm_start,
26.7,41.766,41.744,4.566666700000001,1,learned_h2,3.5008567183160157,0.16301938704212332,0.29028782134878367,-0.0047848447865576045,7.07627488574911e-07,3.5001517860319824,0.16280880703643033,0.2902821847735454,-0.007387065580348958,0.0,-0.00011381511832671576,3.361164652536163,2.166361417583301,0.2958188654454002,2.7777777778,2.3737115830839253e-07,1.9065976841585862e-41,2.3739808417880403e-07,-1.1729861003830681e-42,2.3739808417880403e-07,-8.91926472542746e-43,2.3739808417880403e-07,0.2902821847735454,-1.1729861003830681e-42,False,True,Solve_Succeeded,9,0.012451766997401137,0.014659300999483094,0.01509463199909078,True,7.764555665090711e-11,608.3277491883075,shifted_warm_start,
26.8,41.866,41.846,4.566666700000001,1,learned_h2,3.500293249144796,0.16285109695810074,0.29028780496815904,-0.004721458282014209,7.829140364970245e-07,3.499604884728211,0.16264546620078896,0.29028217775870485,-0.0073271636426950225,0.0,-0.00011371177488321339,3.3606068192502607,2.1661900141263275,0.29581668096151553,2.7777777778,2.3739808417880403e-07,-1.1729861003830681e-42,2.3742471450048614e-07,1.1433840113562669e-42,2.3742471450048614e-07,8.694173508771537e-43,2.3742471450048614e-07,0.29028217775870485,1.1433840113562669e-42,False,True,Solve_Succeeded,9,0.01379951700073434,0.01619560400285991,0.016618851004750468,True,7.900469167765323e-11,608.2566122724824,shifted_warm_start,
26.9,41.966,41.948,4.566666700000001,1,learned_h2,3.4997359360940203,0.16268464592970683,0.2902877885207853,-0.004658863422830702,7.82864678035108e-07,3.499063805818105,0.1624838647319023,0.29028215914737027,-0.007268007801567306,0.0,-0.00011372366590412972,3.3600550804953473,2.1660204849395917,0.2958145197661737,2.7777777778,2.3742471450048614e-07,1.1433840113562669e-42,2.3745107994234334e-07,-5.174776072074871e-42,2.3745107994234334e-07,-3.9348460878240863e-42,2.3745107994234334e-07,0.29028215914737027,-5.174776072074871e-42,False,True,Solve_Succeeded,9,0.013434508997306693,0.015893641000729986,0.01619951600150671,True,8.037664978033376e-11,608.1862293916045,shifted_warm_start,
27.0,42.066,42.05,4.566666700000001,1,learned_h2,3.4991847022707123,0.16252001095724206,0.29028777205140055,-0.004597050639644006,7.697380819918643e-07,3.4985284780644843,0.1623239813153433,0.29028214021675713,-0.007209588529226887,0.0,-0.00011372304988097142,3.359509360148316,2.165852806559584,0.29581238161906964,2.7777777778,2.3745107994234334e-07,-5.174776072074871e-42,2.3747717077824914e-07,4.296591417482304e-42,2.3747717077824914e-07,3.267083578996301e-42,2.3747717077824914e-07,0.29028214021675713,4.296591417482304e-42,False,True,Solve_Succeeded,9,0.013604745996417478,0.016319864000251982,0.016757675002736505,True,8.176054278052902e-11,608.116599679483,shifted_warm_start,
27.1,42.166,42.152,4.566666700000001,1,learned_h2,3.498639471714351,0.16235716931369087,0.29028775560268466,-0.004536010455863391,7.214647112915746e-07,3.497998830998072,0.16216579486579455,0.29028211698231415,-0.0071518980423729405,0.0,-0.00011376177601872463,3.358969583009205,2.1656869558016933,0.29581026628113133,2.7777777778,2.3747717077824914e-07,4.296591417482304e-42,2.3750299489373468e-07,4.047900043098397e-42,2.3750299489373468e-07,3.0779812356406493e-42,2.3750299489373468e-07,0.29028211698231415,4.047900043098397e-42,False,True,Solve_Succeeded,9,0.01295640500029549,0.015232083002047148,0.01555666499916697,True,8.31565372116927e-11,608.0477107529271,shifted_warm_start,
27.2,42.266,42.254,4.566666700000001,1,learned_h2,3.498100169373743,0.16219609858655953,0.29028773915197575,-0.004475733503929852,7.230411057235804e-07,3.4974747948696825,0.16200928455064983,0.29028210064291116,-0.007094930876518426,0.0,-0.00011373279001747437,3.358435674778022,2.16552290980189,0.29580817345115346,2.7777777778,2.3750299489373468e-07,4.047900043098397e-42,2.3752854257621197e-07,-2.4316107178023246e-41,2.3752854257621197e-07,-1.8489715857828833e-41,2.3752854257621197e-07,0.29028210064291116,-2.4316107178023246e-41,False,True,Solve_Succeeded,9,0.013661408993357327,0.01577373899635859,0.016184030995646026,True,8.456363387310262e-11,607.979561904204,shifted_warm_start,
27.3,42.366,42.356,4.566666700000001,1,learned_h2,3.497566721113636,0.16203677662031604,0.2902877227366399,-0.004416210508008214,7.648285838329359e-07,3.496956300870056,0.16185442980647594,0.29028208835817554,-0.007038679420384361,0.0,-0.00011367521793163794,3.357907562061628,2.1653606459591743,0.29580610289120224,2.7777777778,2.3752854257621197e-07,-2.4316107178023246e-41,2.3755382030876373e-07,-2.6795775563385556e-41,2.3755382030876373e-07,-2.0375229995898921e-41,2.3755382030876373e-07,0.29028208835817554,-2.6795775563385556e-41,False,True,Solve_Succeeded,9,0.017004508001264185,0.01972181999735767,0.020153823999862652,True,8.598188827591002e-11,607.9121418570267,shifted_warm_start,
27.4,42.466,42.458,4.566666700000001,1,learned_h2,3.4970390536910094,0.1618791815603511,0.29028770629479744,-0.004357432285099062,7.794064825400802e-07,3.496443281254738,0.16170121042405455,0.29028207206810897,-0.006983130850258999,0.0,-0.000113659831081796,3.3573851723499786,2.165200141979386,0.29580405426725553,2.7777777778,2.3755382030876373e-07,-2.6795775563385556e-41,2.3757884056272807e-07,3.304379245275907e-42,2.3757884056272807e-07,2.5126157276884173e-42,2.3757884056272807e-07,0.29028207206810897,3.304379245275907e-42,False,True,Solve_Succeeded,9,0.01299429900245741,0.015289486000256147,0.01592314900335623,True,8.741174450932476e-11,607.8454355185895,shifted_warm_start,
27.5,42.566,42.56,4.566666700000001,1,learned_h2,3.4965170947598554,0.1617232918016981,0.29028768983894454,-0.004299389759622449,7.806066630830314e-07,3.495935668917097,0.16154960636258164,0.2902820546376945,-0.0069282761749357305,0.0,-0.0001136495998724099,3.3568684340211576,2.1650413758239195,0.2958020273228505,2.7777777778,2.3757884056272807e-07,3.304379245275907e-42,2.3760360314764168e-07,-1.1214203229732587e-41,2.3760360314764168e-07,-8.527163898878573e-42,2.3760360314764168e-07,0.2902820546376945,-1.1214203229732587e-41,False,True,Solve_Succeeded,9,0.017991043998335954,0.020485418994212523,0.02082581199647393,True,8.885292501759068e-11,607.7794361928671,shifted_warm_start,
27.6,42.666,42.662,4.566666700000001,1,learned_h2,3.496000772860688,0.16156908598908135,0.2902876733757266,-0.004242073947157859,7.092626204902421e-07,3.4954333976435,0.1613995978360509,0.2902820289382688,-0.006874104690985625,0.0,-0.00011371953210520595,3.3563572763309586,2.164884325709695,0.2958000217988253,2.7777777778,2.3760360314764168e-07,-1.1214203229732587e-41,2.376281194004141e-07,1.9037297193216324e-41,2.376281194004141e-07,1.4475763461091442e-41,2.376281194004141e-07,0.2902820289382688,1.9037297193216324e-41,False,True,Solve_Succeeded,9,0.012989429997105617,0.015236306004226208,0.015646767998987343,True,9.030559633416146e-11,607.7141296894907,shifted_warm_start,
27.7,42.766,42.764,4.566666700000001,1,learned_h2,3.4954900174120587,0.1614165430104176,0.290287656927497,-0.004185475979124992,7.249784070089165e-07,3.494936401588001,0.16125116514084067,0.2902820145807851,-0.006820614826958897,0.0,-0.00011366712647551122,3.355851629404525,2.164728970102587,0.2957980374548507,2.7777777778,2.376281194004141e-07,1.9037297193216324e-41,2.3765236969887524e-07,7.278363154898686e-42,2.3765236969887524e-07,5.534391901586752e-42,2.3765236969887524e-07,0.2902820145807851,7.278363154898686e-42,False,True,Solve_Succeeded,9,0.014304199001344386,0.017115237002144568,0.01746167200326454,True,9.176820414680265e-11,607.6495222189894,shifted_warm_start,
27.8,42.866,42.832,4.566666700000001,1,learned_h2,3.4951525717862353,0.1613157611854857,0.29028764599608636,-0.004148138459811489,7.627726851602173e-07,3.4944754286416977,0.16111348246184187,0.29028203587645285,-0.006786471092414912,0.0,-0.00011355351735362044,3.355517558868062,2.1646263305823625,0.2957967262229759,2.7777777778,2.3765236969887524e-07,7.278363154898686e-42,2.3767482746444886e-07,7.695235570264386e-41,2.3767482746444886e-07,5.85137736528157e-41,2.3767482746444886e-07,0.29028203587645285,7.695235570264386e-41,False,True,Solve_Succeeded,9,0.013295940996613353,0.01575222200335702,0.016504814993822947,True,9.314488069733784e-11,607.5896244149171,shifted_warm_start,
27.9,42.966,42.934,4.566666700000001,1,learned_h2,3.4946509392234786,0.16116594346128454,0.29028762955208753,-0.0040927174157043425,7.762056064473665e-07,3.4939888680350375,0.16096816712145684,0.29028201626456307,-0.006733747393037509,0.0,-0.0001136096211301438,3.355020943562707,2.1644737520956445,0.2957947765828357,2.7777777778,2.3767482746444886e-07,7.695235570264386e-41,2.3769858311070425e-07,2.617899035447439e-41,2.3769858311070425e-07,1.990623291612021e-41,2.3769858311070425e-07,0.29028201626456307,2.617899035447439e-41,False,True,Solve_Succeeded,9,0.012914861996250693,0.01570972799527226,0.016061622998677194,True,9.462802763593459e-11,607.5263781007184,shifted_warm_start,
28.0,43.066,43.036,4.566666700000001,1,learned_h2,3.4941546890538273,0.16101773364107447,0.2902876130784322,-0.004037990994627023,7.113043558121897e-07,3.493507411194581,0.1608243764544965,0.2902819894849335,-0.0066812310210197096,0.0,-0.00011367492274151255,3.354529656805536,2.1643228120878915,0.29579284739242295,2.7777777778,2.3769858311070425e-07,2.617899035447439e-41,2.3772210218291392e-07,1.064628284339482e-41,2.3772210218291392e-07,8.095323123692973e-42,2.3772210218291392e-07,0.2902819894849335,1.064628284339482e-41,False,True,Solve_Succeeded,9,0.01275154399627354,0.01637600099638803,0.01703582000482129,True,9.612116658175296e-11,607.4637940419548,shifted_warm_start,
28.1,43.166,43.138,4.566666700000001,1,learned_h2,3.493663753825864,0.1608711115069164,0.29028759663795367,-0.003983950682281289,7.246650440990915e-07,3.493030936105733,0.16068207393628506,0.2902819751059184,-0.006630158346758773,0.0,-0.00011362730424825577,3.354043631820572,2.164173489939564,0.2957909384630566,2.7777777778,2.3772210218291392e-07,1.064628284339482e-41,2.3774536785777375e-07,1.602187260397044e-40,2.3774536785777375e-07,1.218286585878703e-40,2.3774536785777375e-07,0.2902819751059184,1.602187260397044e-40,False,True,Solve_Succeeded,9,0.013490790996002033,0.01582814200082794,0.016185739994398318,True,9.762368691212941e-11,607.4018711138137,shifted_warm_start,
28.2,43.266,43.24,4.566666700000001,1,learned_h2,3.4931780668810473,0.16072605720822142,0.2902875801665185,-0.0039305880401780255,7.163614324520931e-07,3.4925594191440914,0.1605412525775653,0.29028195623735276,-0.00657972700186632,0.0,-0.00011363288037062106,3.353562802616057,2.1640257654036534,0.29578904948191015,2.7777777778,2.3774536785777375e-07,1.602187260397044e-40,2.3776840071183607e-07,-2.6397629481050603e-41,2.3776840071183607e-07,-2.0072483841739246e-41,2.3776840071183607e-07,0.29028195623735276,-2.6397629481050603e-41,False,True,Solve_Succeeded,9,0.018195657998148818,0.021008894997066818,0.021416108997073025,True,9.913658782778612e-11,607.3405932830417,shifted_warm_start,
28.3,43.366,43.342,4.566666700000001,1,learned_h2,3.492697562422149,0.16058255099853264,0.29028756377056536,-0.003877894738895619,7.740649209698359e-07,3.4920927993429576,0.1604018940701157,0.2902819469466176,-0.006529930593294631,0.0,-0.0001135527929683503,3.353087104053752,2.163879618342835,0.2957871803098285,2.7777777778,2.3776840071183607e-07,-2.6397629481050603e-41,2.3779118731829415e-07,2.063653312775028e-43,2.3779118731829415e-07,1.5691805889374817e-43,2.3779118731829415e-07,0.2902819469466176,2.063653312775028e-43,False,True,Solve_Succeeded,9,0.015689747997384984,0.01815394400182413,0.018554416004917584,True,1.0065842603879105e-10,607.2799631693007,shifted_warm_start,
28.4,43.466,43.444,4.566666700000001,1,learned_h2,3.49222217540398,0.16044057356776753,0.2902875473062848,-0.003825862526219908,7.646015446774749e-07,3.491631016691826,0.16026398061467206,0.2902819272566655,-0.0064807569492448015,0.0,-0.00011357185221830495,3.3526164717387674,2.163735029061073,0.2957853305600836,2.7777777778,2.3779118731829415e-07,2.063653312775028e-43,2.3781375360924117e-07,-4.50441088755766e-43,2.3781375360924117e-07,-3.4251073499595553e-43,2.3781375360924117e-07,0.2902819272566655,-4.50441088755766e-43,False,True,Solve_Succeeded,9,0.020917519002978224,0.023476171998481732,0.024007963998883497,True,1.0219092239083238e-10,607.2199576913986,shifted_warm_start,
28.5,43.566,43.546,4.566666700000001,1,learned_h2,3.491751841634474,0.16030010567022263,0.2902875308562692,-0.003774483256955742,7.261390173704471e-07,3.4911740118012924,0.16012749439755847,0.2902819049953337,-0.006432197315293148,0.0,-0.00011360013403095719,3.352150842121826,2.163591977932177,0.29578350007542814,2.7777777778,2.3781375360924117e-07,-4.50441088755766e-43,2.3783609331235225e-07,3.1241121060664084e-41,2.3783609331235225e-07,2.375542463531244e-41,2.3783609331235225e-07,0.2902819049953337,3.1241121060664084e-41,False,True,Solve_Succeeded,9,0.014219101001799572,0.0167240730006597,0.01710624900442781,True,1.0373324421664165e-10,607.1605749396438,shifted_warm_start,
28.6,43.666,43.648,4.566666700000001,1,learned_h2,3.49128649768708,0.16016112838465746,0.2902875143898307,-0.003723748881342299,7.183442042600452e-07,3.4907217257027603,0.15999241782691498,0.29028188717578,-0.006384248688617637,0.0,-0.00011358683790257102,3.351690152410972,2.1634504456593726,0.2957816885880764,2.7777777778,2.3783609331235225e-07,3.1241121060664084e-41,2.3785820106262197e-07,9.289967962110763e-41,2.3785820106262197e-07,7.063995346385251e-41,2.3785820106262197e-07,0.29028188717578,9.289967962110763e-41,False,True,Solve_Succeeded,9,0.018151554999349173,0.020727447998069692,0.02114718800294213,True,1.0528444782664792e-10,607.1018124820047,shifted_warm_start,
28.7,43.766,43.75,4.566666700000001,1,learned_h2,3.4908260809446863,0.16002362293416228,0.29028749798726267,-0.003673651438789684,7.723173146826657e-07,3.490274100275211,0.15985873346804957,0.2902818767956139,-0.006336905848216886,0.0,-0.0001135138301460139,3.351234340616116,2.1633104130953984,0.2957798959441415,2.7777777778,2.3785820106262197e-07,9.289967962110763e-41,2.3788007612176953e-07,6.305431846949599e-41,2.3788007612176953e-07,4.794585019610885e-41,2.3788007612176953e-07,0.2902818767956139,6.305431846949599e-41,False,True,Solve_Succeeded,9,0.013150778999261092,0.01544445900071878,0.01585172400518786,True,1.068442001539438e-10,607.0436649021551,shifted_warm_start,
28.8,43.866,43.852,4.566666700000001,1,learned_h2,3.490370529511417,0.1598875709487298,0.2902874815189862,-0.0036241830444451806,7.160333065818366e-07,3.489831078562666,0.15972642443364554,0.2902818513204051,-0.00629015288670009,0.0,-0.00011358589196249863,3.350783345460133,2.1631718615045696,0.295778121782444,2.7777777778,2.3788007612176953e-07,6.305431846949599e-41,2.3790174726187905e-07,9.886579914895584e-42,2.3790174726187905e-07,7.517652891304515e-42,2.3790174726187905e-07,0.2902818513204051,9.886579914895584e-42,False,True,Solve_Succeeded,9,0.013573964999523014,0.01592612099921098,0.016357138003513683,True,1.0841444408882239e-10,606.9861075816135,shifted_warm_start,
28.9,43.966,43.954,4.566666700000001,1,learned_h2,3.4899197823147334,0.15975295409081985,0.29028746507376985,-0.003575335932333058,7.277245315316347e-07,3.4893926036873424,0.1595954736314607,0.2902818363980615,-0.006243988115069807,0.0,-0.00011354235809459218,3.3503371064821468,2.163034772188891,0.29577636596313844,2.7777777778,2.3790174726187905e-07,9.886579914895584e-42,2.3792318744223632e-07,-2.5350747449010464e-40,2.3792318744223632e-07,-1.9276445595675626e-40,2.3792318744223632e-07,0.2902818363980615,-2.5350747449010464e-40,False,True,Solve_Succeeded,9,0.013247299000795465,0.015935704999719746,0.01664703500136966,True,1.0999251509602459e-10,606.9291525054364,shifted_warm_start,
29.0,44.066,44.056,4.566666700000001,1,learned_h2,3.489473779006504,0.15961975435447354,0.2902874486511678,-0.00352710240917083,7.599161063930274e-07,3.488958619600897,0.1594658643428053,0.29028182263309826,-0.006198406254914647,0.0,-0.00011350166638921182,3.3498955639378103,2.162899126786606,0.29577462825976514,2.7777777778,2.3792318744223632e-07,-2.5350747449010464e-40,2.3794441018276785e-07,3.0091685562507233e-41,2.3794441018276785e-07,2.288140579659675e-41,2.3794441018276785e-07,0.29028182263309826,3.0091685562507233e-41,False,True,Solve_Succeeded,9,0.0127386239983025,0.015350187000876758,0.015833511999517214,True,1.115791348205164e-10,606.8727851401443,shifted_warm_start,
29.1,44.166,44.158,4.566666700000001,1,learned_h2,3.489032459985709,0.1594879539569884,0.2902874322025893,-0.003479474870501,7.710317018655896e-07,3.4885290712308525,0.1593375801390003,0.2902818059904889,-0.006153395919925001,0.0,-0.00011348905967825599,3.349458658822401,2.1627649071639787,0.29577290840041903,2.7777777778,2.3794441018276785e-07,3.0091685562507233e-41,2.3796542274782188e-07,6.304938504731857e-41,2.3796542274782188e-07,4.794209887302084e-41,2.3796542274782188e-07,0.2902818059904889,6.304938504731857e-41,False,True,Solve_Succeeded,9,0.019540841996786185,0.02231047800160013,0.02282047599874204,True,1.1317463632920521e-10,606.8169951627608,shifted_warm_start,
29.2,44.266,44.26,4.566666700000001,1,learned_h2,3.4885957663947815,0.1593575353197294,0.2902874157405593,-0.00343244580227709,7.281253778916939e-07,3.488103904075946,0.15921060474357998,0.29028178329325915,-0.00610894799505643,0.0,-0.00011353094854376498,3.349026332867299,2.1626320953960727,0.2957712061769977,2.7777777778,2.3796542274782188e-07,6.304938504731857e-41,2.3798623138640281e-07,-1.773853528552588e-41,2.3798623138640281e-07,-1.3488198368358527e-41,2.3798623138640281e-07,0.29028178329325915,-1.773853528552588e-41,False,True,Solve_Succeeded,9,0.012836957997933496,0.015467017001355998,0.01596583300124621,True,1.147789641109398e-10,606.7617729729973,shifted_warm_start,
29.3,44.366,44.362,4.566666700000001,1,learned_h2,3.4881636401191254,0.15922848103807324,0.29028739931387176,-0.0033860077910744424,7.593823781364923e-07,3.4876830639223817,0.15908492191289864,0.2902817702137265,-0.006065061582306679,0.0,-0.00011347149279870389,3.348598528539677,2.162500673736669,0.2957695214203595,2.7777777778,2.3798623138640281e-07,-1.773853528552588e-41,2.380068204831061e-07,6.915854879730225e-41,2.380068204831061e-07,5.258744366604906e-41,2.380068204831061e-07,0.2902817702137265,6.915854879730225e-41,False,True,Solve_Succeeded,9,0.01617207199888071,0.018943069997476414,0.019304434004880022,True,1.163906193646369e-10,606.7071233398686,shifted_warm_start,
29.4,44.466,44.464,4.566666700000001,1,learned_h2,3.4877360237438833,0.1591007739949391,0.29028738286762173,-0.003340153492192706,7.694185100310699e-07,3.487266497592045,0.15896051579917567,0.29028175327061306,-0.006021727461983082,0.0,-0.0001134624089815347,3.34817518899901,2.162370624731553,0.2957678538601906,2.7777777778,2.380068204831061e-07,6.915854879730225e-41,2.3802720817120852e-07,2.230958496297793e-40,2.3802720817120852e-07,1.6963977163432059e-40,2.3802720817120852e-07,0.29028175327061306,2.230958496297793e-40,False,True,Solve_Succeeded,9,0.01907896900229389,0.0215370689984411,0.021956268006761093,True,1.1801065680216993e-10,606.6530290088904,shifted_warm_start,
29.5,44.566,44.566,4.566666700000001,1,learned_h2,3.4873128605720938,0.1589743972690821,0.29028736640396996,-0.0032948756529133103,7.193363423573355e-07,3.4868541526682373,0.15883737076037088,0.2902817300268431,-0.00597893424814701,0.0,-0.00011351257826547094,3.3477562581155813,2.1622419311268803,0.2957662032858454,2.7777777778,2.3802720817120852e-07,2.230958496297793e-40,2.3804739974690236e-07,1.4827009678249213e-40,2.3804739974690236e-07,1.127430447501394e-40,2.3804739974690236e-07,0.2902817300268431,1.4827009678249213e-40,False,True,Solve_Succeeded,9,0.015224009002849925,0.017832464996899944,0.018383754999376833,True,1.1963924295699258e-10,606.5994812268734,shifted_warm_start,
29.6,44.666,44.634,4.566666700000001,1,learned_h2,3.4870331981206264,0.15889087689872214,0.2902873554296134,-0.0032650071456860903,7.217334742111312e-07,3.4864772515774063,0.15872480268710534,0.2902817463647969,-0.005951617974633236,0.0,-0.00011343085755212574,3.347479392718782,2.1621568799435473,0.29576511224669305,2.7777777778,2.3804739974690236e-07,1.4827009678249213e-40,2.3806581602595495e-07,6.011442184505963e-42,2.3806581602595495e-07,4.5710383275386164e-42,2.3806581602595495e-07,0.2902817463647969,6.011442184505963e-42,False,True,Solve_Succeeded,9,0.013328029002877884,0.016292951004288625,0.016675708000548184,True,1.2114426128917444e-10,606.5505641733159,shifted_warm_start,
29.7,44.766,44.736,4.566666700000001,1,learned_h2,3.4866173329029957,0.15876668022783447,0.29028733901720916,-0.0032206742084925385,7.675285115858646e-07,3.486073255843934,0.15860415173346604,0.290281732463595,-0.005909444699985262,0.0,-0.00011342921883901679,3.3470676867875535,2.162030407472259,0.2957634895964567,2.7777777778,2.3806581602595495e-07,6.011442184505963e-42,2.3808559401100453e-07,-1.6811572192842952e-42,2.3808559401100453e-07,-1.2783345240803144e-42,2.3808559401100453e-07,0.290281732463595,-1.6811572192842952e-42,False,True,Solve_Succeeded,9,0.013216849001764785,0.015422470001794863,0.015728755002783146,True,1.227860035868389e-10,606.4981134815683,shifted_warm_start,
29.8,44.866,44.838,4.566666700000001,1,learned_h2,3.4862057731239045,0.15864376975304947,0.2902873225538453,-0.003176898811308621,7.29051211407205e-07,3.4856733435076914,0.1584847206493338,0.29028170882924376,-0.00586743882537809,0.0,-0.00011347839859915699,3.3466602432270918,2.161905245414945,0.2957618833434423,2.7777777778,2.3808559401100453e-07,-1.6811572192842952e-42,2.3810518634911256e-07,-1.5287997547521647e-40,2.3810518634911256e-07,-1.1624834872595704e-40,2.3810518634911256e-07,0.29028170882924376,-1.5287997547521647e-40,False,True,Solve_Succeeded,9,0.01227308400120819,0.014487747001112439,0.014795675997447688,True,1.244349623341634e-10,606.4461885357318,shifted_warm_start,
29.9,44.966,44.94,4.566666700000001,1,learned_h2,3.485798464647549,0.15852212924918813,0.29028730609509107,-0.0031336740234960275,7.228835979449223e-07,3.4852774168978438,0.15836648019967595,0.2902816912093274,-0.005826587170735349,0.0,-0.00011346252171214039,3.346257008443562,2.1617813772299614,0.2957602933397186,2.7777777778,2.3810518634911256e-07,-1.5287997547521647e-40,2.3812457946978335e-07,-4.261974204776412e-40,2.3812457946978335e-07,-3.240761009267687e-40,2.3812457946978335e-07,0.2902816912093274,-4.261974204776412e-40,False,True,Solve_Succeeded,9,0.019553507001546677,0.0225104380006087,0.022921219999261666,True,1.2609058241963567e-10,606.3947885313441,shifted_warm_start,
30.0,45.066,45.042,4.566666700000001,1,learned_h2,3.485395354004204,0.15840174271967705,0.2902872896809013,-0.0030909929893924684,7.663989364201486e-07,3.4848854567280148,0.15824942459922262,0.2902816797170161,-0.0057862530630838896,0.0,-0.0001134035459006863,3.3458579295023783,2.161658786608454,0.2957587194241627,2.7777777778,2.3812457946978335e-07,-4.261974204776412e-40,2.3814377410353018e-07,2.6511973741768914e-42,2.3814377410353018e-07,2.01594300323929e-42,2.3814377410353018e-07,0.2902816797170161,2.6511973741768914e-42,False,True,Solve_Succeeded,9,0.012209107000671793,0.014427152003918309,0.014889124999172054,True,1.2775247526519706e-10,606.3439109538284,shifted_warm_start,
30.1,45.166,45.144,4.566666700000001,1,learned_h2,3.484996388362999,0.1582825944583972,0.29028727321825176,-0.003048848923007131,7.296749210590397e-07,3.4844974144331786,0.15813353942138872,0.2902816565234995,-0.005746423072326872,0.0,-0.00011345127057411163,3.3454629541008702,2.1615374575360504,0.2957571613049894,2.7777777778,2.3814377410353018e-07,2.6511973741768914e-42,2.3816279322796113e-07,9.19655613977749e-41,2.3816279322796113e-07,6.992965964911508e-41,2.3816279322796113e-07,0.2902816565234995,9.19655613977749e-41,False,True,Solve_Succeeded,9,0.014782467995246407,0.01790313599485671,0.018272747998707928,True,1.2942258376114069e-10,606.2935358733091,shifted_warm_start,
30.2,45.266,45.246,4.566666700000001,1,learned_h2,3.48460151559172,0.15816466882038385,0.29028725679002526,-0.003007235142558484,7.654653878088986e-07,3.484113241500028,0.1580188100958229,0.29028164445510773,-0.005707096097756225,0.0,-0.0001133882623993259,3.3450720306288257,2.161417374063871,0.29575561886888063,2.7777777778,2.3816279322796113e-07,9.19655613977749e-41,2.3818161265289948e-07,-7.117384567730391e-41,2.3818161265289948e-07,-5.411985452472783e-41,2.3818161265289948e-07,0.29028164445510773,-7.117384567730391e-41,False,True,Solve_Succeeded,9,0.019265577997430228,0.02213316700363066,0.0227890340029262,True,1.310981878610562e-10,606.2436742550605,shifted_warm_start,
30.3,45.366,45.348,4.566666700000001,1,learned_h2,3.4842106841760465,0.15804795046345418,0.2902872403344109,-0.0029661450248809115,7.590040217037639e-07,3.4837328903226137,0.1579052224528741,0.2902816253992037,-0.005668263776834679,0.0,-0.00011340027198028116,3.3446851080871007,2.1612985205497037,0.2957540918600682,2.7777777778,2.3818161265289948e-07,-7.117384567730391e-41,2.3820025564987663e-07,3.3354315874463e-41,2.3820025564987663e-07,2.5362276068122905e-41,2.3820025564987663e-07,0.2902816253992037,3.3354315874463e-41,False,True,Solve_Succeeded,9,0.014563636999810115,0.016910457001358736,0.01723543999833055,True,1.3278095289948055e-10,606.194306069779,shifted_warm_start,
30.4,45.466,45.45,4.566666700000001,1,learned_h2,3.4838238432600264,0.15793242418420375,0.29028722387655964,-0.0029255720368231474,7.235572515891831e-07,3.48335631391094,0.15779276244288418,0.2902816034775498,-0.0056299174806389695,0.0,-0.00011342916066661879,3.344302136128643,2.1611808814942055,0.29575258011215316,2.7777777778,2.3820025564987663e-07,3.3354315874463e-41,2.3821871966139674e-07,-9.022859253609446e-42,2.3821871966139674e-07,-6.860888653065335e-42,2.3821871966139674e-07,0.2902816034775498,-9.022859253609446e-42,False,True,Solve_Succeeded,9,0.016734848999476526,0.019545706993085332,0.020104340997932013,True,1.3447049029835512e-10,606.1454282715744,shifted_warm_start,
30.5,45.566,45.552,4.566666700000001,1,learned_h2,3.4834409426292448,0.15781807494615083,0.2902872074551606,-0.0028855097311851776,7.641743570723013e-07,3.4829834654382728,0.1576814160379285,0.2902815916832627,-0.005592057413549938,0.0,-0.00011336337572811471,3.343923065041644,2.161064441568945,0.2957510834746218,2.7777777778,2.3821871966139674e-07,-9.022859253609446e-42,2.3823699182333192e-07,2.1107990841359175e-41,2.3823699182333192e-07,1.6050297448068414e-41,2.3823699182333192e-07,0.2902815916832627,2.1107990841359175e-41,False,True,Solve_Succeeded,9,0.01766051999584306,0.020284050995542202,0.020875625996268354,True,1.361650237008405e-10,606.09704458054,shifted_warm_start,
30.6,45.666,45.654,4.566666700000001,1,learned_h2,3.483061932668835,0.15770488799240523,0.2902871909940404,-0.0028459517182050685,7.304926322408058e-07,3.4826142991966225,0.15757116965360005,0.29028156920022474,-0.005554671783997749,0.0,-0.00011340840550457832,3.3435478457072985,2.160949185728829,0.2957496016842814,2.7777777778,2.3823699182333192e-07,2.1107990841359175e-41,2.382550984643117e-07,-3.6234717783001883e-41,2.382550984643117e-07,-2.75525038235494e-41,2.382550984643117e-07,0.29028156920022474,-3.6234717783001883e-41,False,True,Solve_Succeeded,9,0.014076328996452503,0.016901223003515042,0.017263980997086037,True,1.378668845752884e-10,606.0491331695548,shifted_warm_start,
30.7,45.766,45.756,4.566666700000001,1,learned_h2,3.482686764412251,0.15759284865473705,0.2902871745331252,-0.002806891706199485,7.332005135948942e-07,3.482248769692157,0.1574620096548735,0.2902815526261058,-0.005517756768729561,0.0,-0.00011338494665187254,3.3431764296491977,2.1608350990214245,0.2957481345964201,2.7777777778,2.382550984643117e-07,-3.6234717783001883e-41,2.3827302247227244e-07,4.672490615951489e-41,2.3827302247227244e-07,3.5529134332569554e-41,2.3827302247227244e-07,0.2902815526261058,4.672490615951489e-41,False,True,Solve_Succeeded,9,0.013810413001920097,0.016306076999171637,0.016737338999519125,True,1.3957396349795204e-10,606.0017006777632,shifted_warm_start,
30.8,45.866,45.858,4.566666700000001,1,learned_h2,3.4823153895007257,0.15748194246202196,0.29028715810990424,-0.0027683234703273023,7.648390153418115e-07,3.4818868319567122,0.15735392258428177,0.2902815388095468,-0.005481309139561758,0.0,-0.0001133430757041047,3.342808768992545,2.1607221666951766,0.29574668206611304,2.7777777778,2.3827302247227244e-07,4.672490615951489e-41,2.3829076964297565e-07,-4.087713737489698e-42,2.3829076964297565e-07,-3.108255156180485e-42,2.3829076964297565e-07,0.2902815388095468,-4.087713737489698e-42,False,True,Solve_Succeeded,9,0.013106225000228733,0.015588463997119106,0.016006550002202857,True,1.4128631597998265e-10,605.9547387874891,shifted_warm_start,
30.9,45.966,45.96,4.566666700000001,1,learned_h2,3.4819477601561246,0.15737215520399167,0.2902871416517633,-0.0027302408544951882,7.322154257996237e-07,3.4815284419418555,0.15724689534835035,0.29028151686109965,-0.0054453175003862896,0.0,-0.00011338277022552548,3.342444816436889,2.1606103742629883,0.29574524384045275,2.7777777778,2.3829076964297565e-07,-4.087713737489698e-42,2.38308354706845e-07,6.051474913559137e-41,2.38308354706845e-07,4.60147879976501e-41,2.38308354706845e-07,0.29028151686109965,6.051474913559137e-41,False,True,Solve_Succeeded,9,0.01611800500540994,0.018874013003369328,0.019694545000675134,True,1.4300527428900978e-10,605.9082334484203,shifted_warm_start,
31.0,46.066,46.062,4.566666700000001,1,learned_h2,3.4815838292295735,0.1572634727417257,0.29028712522341443,-0.0026926377943233886,7.563649720450951e-07,3.481173555692954,0.157140914758604,0.2902815027349483,-0.005409780576194682,0.0,-0.00011333572482798871,3.3420845253053684,2.1604997073129772,0.29574381980617565,2.7777777778,2.38308354706845e-07,6.051474913559137e-41,2.383257612249846e-07,-2.9977538786426123e-40,2.383257612249846e-07,-2.2794609771214266e-40,2.383257612249846e-07,0.2902815027349483,-2.9977538786426123e-40,False,True,Solve_Succeeded,9,0.01967049600352766,0.022232952003832906,0.022776377001719084,True,1.447286734901354e-10,605.8621910095596,shifted_warm_start,
31.1,46.166,46.164,4.566666700000001,1,learned_h2,3.4812235501343594,0.15715588120578666,0.29028710876322117,-0.0026555082806862945,7.252675511461164e-07,3.480822130110506,0.15703596799084005,0.2902814811439127,-0.005374689902230051,0.0,-0.00011337290552517843,3.3417278494771088,2.1603901517062285,0.2957424097257245,2.7777777778,2.383257612249846e-07,-2.9977538786426123e-40,2.3834300899811655e-07,-8.12940182241527e-41,2.3834300899811655e-07,-6.181512883214457e-41,2.3834300899811655e-07,0.2902814811439127,-8.12940182241527e-41,False,True,Solve_Succeeded,9,0.012817839997296687,0.015064150997204706,0.015395656999316998,True,1.4645828994019894e-10,605.8165941934548,shifted_warm_start,
31.2,46.266,46.266,4.566666700000001,1,learned_h2,3.480866876893138,0.1570493668119478,0.29028709233411615,-0.0026188463959774997,7.557710456660298e-07,3.480474122375225,0.15693204220076523,0.29028146759608336,-0.0053400428628447155,0.0,-0.00011331955879111688,3.341374743435027,2.1602816933927738,0.2957410134883563,2.7777777778,2.3834300899811655e-07,-8.12940182241527e-41,2.383600820489863e-07,-2.7316476031681157e-41,2.383600820489863e-07,-2.077116523484726e-41,2.383600820489863e-07,0.29028146759608336,-2.7316476031681157e-41,False,True,Solve_Succeeded,9,0.014320071000838652,0.01661384099861607,0.01709874399966793,True,1.4819190319315112e-10,605.7714491623963,shifted_warm_start,
31.3,46.366,46.334,4.566666700000001,1,learned_h2,3.480631075526081,0.15697894894752273,0.29028708136018766,-0.0025946620348331647,7.574206024841049e-07,3.480161089615011,0.15683855333903887,0.2902814830247377,-0.005317926676618974,0.0,-0.00011327805653579702,3.3411413003875925,2.1602099906473375,0.2957400902307188,2.7777777778,2.383600820489863e-07,-2.7316476031681157e-41,2.3837541018834177e-07,2.9511242992944787e-40,2.3837541018834177e-07,2.244004328308154e-40,2.3837541018834177e-07,0.2902814830247377,2.9511242992944787e-40,False,True,Solve_Succeeded,9,0.014485227002296597,0.017388186002790462,0.017780401998606976,True,1.497651447301962e-10,605.7308609587493,shifted_warm_start,
31.4,46.466,46.436,4.566666700000001,1,learned_h2,3.48028031138292,0.15687419978312195,0.2902870649030088,-0.002558766544064207,7.337398294235652e-07,3.479819842317766,0.15673664709894647,0.2902814597809436,-0.005283776392991444,0.0,-0.00011334343993594518,3.3407940443372675,2.160103330567429,0.29573871660487316,2.7777777778,2.3837541018834177e-07,2.9511242992944787e-40,2.383921670510178e-07,-7.949825759070097e-41,2.383921670510178e-07,-6.044965105981406e-41,2.383921670510178e-07,0.2902814597809436,-7.949825759070097e-41,False,True,Solve_Succeeded,9,0.01682854499813402,0.01906753099319758,0.019573923003918026,True,1.5150897203497493e-10,605.6865897447217,shifted_warm_start,
31.5,46.566,46.538,4.566666700000001,1,learned_h2,3.4799330332462675,0.15677049196117665,0.29028704847428227,-0.0025233232278781374,7.626834237456192e-07,3.4794819008903337,0.1566357283870792,0.2902814467001863,-0.005249767843020935,0.0,-0.00011329492648026115,3.3404502394246522,2.1599977312894887,0.2957373563664742,2.7777777778,2.383921670510178e-07,-7.949825759070097e-41,2.3840875203206044e-07,-1.317935520160297e-41,2.3840875203206044e-07,-1.0021445089174317e-41,2.3840875203206044e-07,0.2902814467001863,-1.317935520160297e-41,False,True,Solve_Succeeded,9,0.018255495000630617,0.0204824990069028,0.020925324002746493,True,1.5325452018544183e-10,605.6427572130323,shifted_warm_start,
31.6,46.666,46.64,4.566666700000001,1,learned_h2,3.47958919718903,0.15666781240671807,0.29028703201602096,-0.0024883264115718394,7.334381937453034e-07,3.479147186507206,0.15653577370841185,0.29028142452721617,-0.005216692848073491,0.0,-0.00011333158950590271,3.3401098421618665,2.1598931794853984,0.2957360092913939,2.7777777778,2.3840875203206044e-07,-1.317935520160297e-41,2.3842519131309776e-07,7.697433335487082e-42,2.3842519131309776e-07,5.85304852317672e-42,2.3842519131309776e-07,0.29028142452721617,7.697433335487082e-42,False,True,Solve_Succeeded,9,0.01877382599923294,0.021957680000923574,0.022369525002432056,True,1.5500595251793925e-10,605.5993384405532,shifted_warm_start,
31.7,46.766,46.742,4.566666700000001,1,learned_h2,3.4792487598606736,0.15656614812131664,0.2902870155864468,-0.0024537705082114704,7.615014838452762e-07,3.4788156834986714,0.1564367783288631,0.29028141132166707,-0.005184036003338057,0.0,-0.00011328186826015495,3.33977280963234,2.159789661907089,0.2957346752738459,2.7777777778,2.3842519131309776e-07,7.697433335487082e-42,2.3844146461897703e-07,3.3576871211738056e-41,2.3844146461897703e-07,2.553150483976519e-41,2.3844146461897703e-07,0.29028141132166707,3.3576871211738056e-41,False,True,Solve_Succeeded,9,0.013164767005946487,0.015418893002788536,0.015892538998741657,True,1.5676049347490562e-10,605.5563450619492,shifted_warm_start,
31.8,46.866,46.844,4.566666700000001,1,learned_h2,3.478911678427823,0.15646548635734714,0.2902869991264532,-0.0024196499812809353,7.334413526620752e-07,3.478487352356986,0.15633873049862093,0.29028138941880455,-0.005151789254737565,0.0,-0.00011331729616614067,3.339439099430956,2.1596871655604684,0.2957333540926142,2.7777777778,2.3844146461897703e-07,3.3576871211738056e-41,2.384575943608512e-07,-4.681946837361687e-41,2.384575943608512e-07,-3.560103846002022e-41,2.384575943608512e-07,0.29028138941880455,-4.681946837361687e-41,False,True,Solve_Succeeded,9,0.015305077999073546,0.01781511100125499,0.01823274599883007,True,1.5852053003584388e-10,605.5137584682071,shifted_warm_start,
31.9,46.966,46.946,4.566666700000001,1,learned_h2,3.4785779106191796,0.1563658144431983,0.2902869826923114,-0.002385959379740427,7.557041855253172e-07,3.4781621538325975,0.15624161844477652,0.2902813753017577,-0.005119949925657386,0.0,-0.0001132748179176663,3.3391086697095487,2.1595856775308735,0.29573204564394145,2.7777777778,2.384575943608512e-07,-4.681946837361687e-41,2.384735632515185e-07,-6.535878781693077e-41,2.384735632515185e-07,-4.969814480170489e-41,2.384735632515185e-07,0.2902813753017577,-6.535878781693077e-41,False,True,Solve_Succeeded,9,0.01538140200136695,0.01813171899993904,0.01996443200187059,True,1.6028339766549493e-10,605.4715860401197,shifted_warm_start,
32.0,47.066,47.048,4.566666700000001,1,learned_h2,3.4782474146708187,0.1562671199424067,0.2902869662324569,-0.0023526933031753168,7.285495675342195e-07,3.477840049361379,0.15614543069033318,0.29028135372696556,-0.005088510633961953,0.0,-0.0001133074780998146,3.3387814791217965,2.1594851851418877,0.29573074971810137,2.7777777778,2.384735632515185e-07,-6.535878781693077e-41,2.3848939084834667e-07,-1.453769952468836e-40,2.3848939084834667e-07,-1.1054316032992283e-40,2.3848939084834667e-07,0.29028135372696556,-1.453769952468836e-40,False,True,Solve_Succeeded,9,0.014099093998083845,0.01647379799396731,0.016889881000679452,True,1.6205137232105926e-10,605.4298111335808,shifted_warm_start,
32.1,47.166,47.15,4.566666700000001,1,learned_h2,3.477920149365159,0.156169390499375,0.29028694980108066,-0.002319846434168958,7.608811722685754e-07,3.4775210006286406,0.15605015574315337,0.290281340786365,-0.0050574692555956525,0.0,-0.00011325415127523119,3.338457486862696,2.1593856758012717,0.29572946621314705,2.7777777778,2.3848939084834667e-07,-1.453769952468836e-40,2.385050602720437e-07,3.0933505916555867e-40,2.385050602720437e-07,2.352151726821272e-40,2.385050602720437e-07,0.290281340786365,3.0933505916555867e-40,False,True,Solve_Succeeded,9,0.021730519998527598,0.02412801099853823,0.02460869099741103,True,1.6382178946727777e-10,605.3884409562668,shifted_warm_start,
32.2,47.266,47.252,4.566666700000001,1,learned_h2,3.4775960739766503,0.1560726139976881,0.2902869333377249,-0.002287413502658371,7.297680480391796e-07,3.4772049700697507,0.15595578243511843,0.2902813186402038,-0.005026817320475631,0.0,-0.00011329470567198603,3.3381366526138523,2.15928713715897,0.29572819491429575,2.7777777778,2.385050602720437e-07,3.0933505916555867e-40,2.3852059405476526e-07,3.3235879148860627e-41,2.3852059405476526e-07,2.5272218009590467e-41,2.3852059405476526e-07,0.2902813186402038,3.3235879148860627e-41,False,True,Solve_Succeeded,9,0.020247730004484765,0.023181409000244457,0.023756836999382358,True,1.6559731363940955e-10,605.3474570244716,shifted_warm_start,
32.3,47.366,47.354,4.566666700000001,1,learned_h2,3.477275148318187,0.15597677838139223,0.29028691690519476,-0.0022553893227099855,7.557791988877144e-07,3.47689192029733,0.15586229954273426,0.290281304858979,-0.004996552988043522,0.0,-0.00011324711835542772,3.3378189365871447,2.159189556928637,0.2957269357320256,2.7777777778,2.3852059405476526e-07,3.3235879148860627e-41,2.385359735529599e-07,-8.838399587489701e-42,2.385359735529599e-07,-6.720627434901823e-42,2.385359735529599e-07,0.290281304858979,-8.838399587489701e-42,False,True,Solve_Succeeded,9,0.013392250999459065,0.015666608000174165,0.016020738003135193,True,1.6737500274643935e-10,605.3068677909437,shifted_warm_start,
32.4,47.466,47.456,4.566666700000001,1,learned_h2,3.476957332685692,0.15588187181764798,0.29028690047065303,-0.002223768756587122,7.588339802022094e-07,3.476581814554122,0.1557696961161406,0.2902812871262409,-0.004966670417744103,0.0,-0.00011324679585670459,3.3375042994711155,2.1590929230499785,0.29572568848295494,2.7777777778,2.385359735529599e-07,-8.838399587489701e-42,2.3855121484325697e-07,-2.900129235369292e-40,2.3855121484325697e-07,-2.2052282102714357e-40,2.3855121484325697e-07,0.2902812871262409,-2.900129235369292e-40,False,True,Solve_Succeeded,9,0.015372986999864224,0.0182039290011744,0.018653758001164533,True,1.6915674416750903e-10,605.2666590747097,shifted_warm_start,
32.5,47.566,47.558,4.566666700000001,1,learned_h2,3.4766425878769427,0.15578788261080495,0.29028688400992736,-0.0021925467358345028,7.289275610058042e-07,3.476274616624587,0.15567796135178827,0.29028126588229014,-0.004937162044199564,0.0,-0.0001132746840994736,3.3371927024558317,2.158997223602923,0.2957244529942263,2.7777777778,2.3855121484325697e-07,-2.900129235369292e-40,2.385663191419495e-07,-2.530852271370013e-41,2.385663191419495e-07,-1.9244338344611784e-41,2.385663191419495e-07,0.29028126588229014,-2.530852271370013e-41,False,True,Solve_Succeeded,9,0.01418137699511135,0.016819381999084726,0.017228539996722247,True,1.709422048357112e-10,605.2268264713813,shifted_warm_start,
32.6,47.666,47.66,4.566666700000001,1,learned_h2,3.476330875198045,0.1556947991585152,0.29028686757822264,-0.0021617182618073605,7.586181297842425e-07,3.4759702903826684,0.15558708441209218,0.2902812522902944,-0.004908028161871997,0.0,-0.00011322469799297468,3.336884107234946,2.1589024467637623,0.295723229174246,2.7777777778,2.385663191419495e-07,-2.530852271370013e-41,2.3858127519451225e-07,-6.097067203966676e-42,2.3858127519451225e-07,-4.636146704819521e-42,2.3858127519451225e-07,0.2902812522902944,-6.097067203966676e-42,False,True,Solve_Succeeded,9,0.016553796995140146,0.01927410999633139,0.019712266002898104,True,1.727296639053577e-10,605.1873737271293,shifted_warm_start,
32.7,47.766,47.762,4.566666700000001,1,learned_h2,3.4760221564160534,0.15560261008799944,0.29028685111756314,-0.0021312783822879946,7.295773695915222e-07,3.47566880056057,0.15549705481322512,0.29028123071897843,-0.004879259886362207,0.0,-0.00011326254998706014,3.336578475957936,2.158808580941151,0.2957220168199437,2.7777777778,2.3858127519451225e-07,-6.097067203966676e-42,2.385961028660871e-07,9.351710583131855e-41,2.385961028660871e-07,7.110943795437547e-41,2.385961028660871e-07,0.29028123071897843,9.351710583131855e-41,False,True,Solve_Succeeded,9,0.015671721994294785,0.0186130670044804,0.019305260997498408,True,1.745213418224978e-10,605.1482843433865,shifted_warm_start,
32.8,47.866,47.864,4.566666700000001,1,learned_h2,3.4757163938042988,0.15551130408228916,0.29028683468459693,-0.002101222224322312,7.58546147293815e-07,3.475370112004172,0.15540786200358123,0.2902812169559048,-0.004850855682232943,0.0,-0.00011321274238436024,3.3362757712760054,2.158715614602591,0.2957208158447572,2.7777777778,2.385961028660871e-07,9.351710583131855e-41,2.3861078547489737e-07,-6.580147949768709e-41,2.3861078547489737e-07,-5.003476296718192e-41,2.3861078547489737e-07,0.2902812169559048,-6.580147949768709e-41,False,True,Solve_Succeeded,9,0.014358996995724738,0.016672403005941305,0.01704778600105783,True,1.7631457405187234e-10,605.1095657133743,shifted_warm_start,
32.9,47.966,47.966,4.566666700000001,1,learned_h2,3.4754135500842818,0.1554208700531166,0.29028681822306196,-0.002071544957257523,7.307071571861332e-07,3.475074190246173,0.15531949573765208,0.29028119564002614,-0.004822808171869997,0.0,-0.00011324910579441362,3.3359759562835234,2.1586235364469943,0.29571962605087093,2.7777777778,2.3861078547489737e-07,-6.580147949768709e-41,2.386253425376617e-07,7.156896830273243e-41,2.386253425376617e-07,5.442030167359447e-41,2.386253425376617e-07,0.29028119564002614,7.156896830273243e-41,False,True,Solve_Succeeded,9,0.0164013760004309,0.01948658499895828,0.020202680003421847,True,1.7811185859528678e-10,605.0712016501901,shifted_warm_start,
33.0,48.066,48.034,4.566666700000001,1,learned_h2,3.475213257696484,0.15536105966589667,0.2902868072758867,-0.0020519682595679556,7.579956480149896e-07,3.4748128633138875,0.1552414527840921,0.2902812145557723,-0.0048049056682454,0.0,-0.00011316674541994304,3.3357776670060817,2.1585626388753285,0.2957188390407813,2.7777777778,2.386253425376617e-07,7.156896830273243e-41,2.3863815629360254e-07,-2.7778863806128465e-40,2.3863815629360254e-07,-2.112276010581376e-40,2.3863815629360254e-07,0.2902812145557723,-2.7778863806128465e-40,False,True,Solve_Succeeded,9,0.017001611995510757,0.019899179998901673,0.020509196998318657,True,1.797073601039756e-10,605.0373496288278,shifted_warm_start,
33.1,48.166,48.136,4.566666700000001,1,learned_h2,3.474915197264957,0.15527205453320664,0.2902867908144629,-0.002022911932591074,7.353618901574085e-07,3.4745224138284057,0.15515472123306506,0.2902811912966606,-0.004777262763074349,0.0,-0.00011323409812292189,3.335482587447879,2.158472016161841,0.29571766762043344,2.7777777778,2.3863815629360254e-07,-2.7778863806128465e-40,2.386524496701115e-07,3.028790428384368e-41,2.386524496701115e-07,2.3030608478462556e-41,2.386524496701115e-07,0.2902811912966606,3.028790428384368e-41,False,True,Solve_Succeeded,9,0.01974800100288121,0.02255443000467494,0.02305658199475147,True,1.815094186063959e-10,604.9996964433623,shifted_warm_start,
33.2,48.266,48.238,4.566666700000001,1,learned_h2,3.474619958634117,0.15518389233837543,0.29028677437210426,-0.001994221935495947,7.304076885940085e-07,3.4742346404011575,0.1550687890816291,0.2902811734186381,-0.004749732552689286,0.0,-0.00011322521588651604,3.3351903014600373,2.1583822520390177,0.2957165070601672,2.7777777778,2.386524496701115e-07,3.028790428384368e-41,2.3866660678500306e-07,-2.4841470608726316e-41,2.3866660678500306e-07,-1.8889196765059463e-41,2.3866660678500306e-07,0.2902811734186381,-2.4841470608726316e-41,False,True,Solve_Succeeded,9,0.01737521999893943,0.02027481299592182,0.020765823996043764,True,1.8331108853075762e-10,604.9623957617536,shifted_warm_start,
33.3,48.366,48.34,4.566666700000001,1,learned_h2,3.474327506228385,0.15509656245059816,0.29028675794056547,-0.001965893663408371,7.56958810070545e-07,3.4739494789228327,0.15498363717555483,0.29028115950781747,-0.004722962007992919,0.0,-0.0001131883679223353,3.3349007738230627,2.158293335673444,0.2957153572165159,2.7777777778,2.3866660678500306e-07,-2.4841470608726316e-41,2.386806323930975e-07,-2.853646896838156e-40,2.386806323930975e-07,-2.169883521849233e-40,2.386806323930975e-07,0.29028115950781747,-2.853646896838156e-40,False,True,Solve_Succeeded,9,0.013841834996128455,0.016244083999481518,0.01672397299989825,True,1.8511459032310995e-10,604.9254381545841,shifted_warm_start,
33.4,48.466,48.442,4.566666700000001,1,learned_h2,3.474037804908848,0.15501005440838472,0.29028674148068234,-0.0019379225615867343,7.350405304877675e-07,3.473666916994491,0.15489926184876948,0.29028113840353964,-0.0046965270208733645,0.0,-0.00011321653654104144,3.3346139697495403,2.1582052564036363,0.29571421791671704,2.7777777778,2.386806323930975e-07,-2.853646896838156e-40,2.3869454005156375e-07,4.5008619250460677e-42,2.3869454005156375e-07,3.422408755651305e-42,2.3869454005156375e-07,0.29028113840353964,4.5008619250460677e-42,False,True,Solve_Succeeded,9,0.016946804003964644,0.019389498003874905,0.019824146998871583,True,1.8692142278453616e-10,604.8888134934664,shifted_warm_start,
33.5,48.566,48.544,4.566666700000001,1,learned_h2,3.4737508199976013,0.15492435781777122,0.2902867250401317,-0.0019103041454908887,7.581244186687262e-07,3.4733869223731806,0.15481565343165757,0.29028112426817704,-0.0046704265109745405,0.0,-0.00011317638028694671,3.3343298549088254,2.158118003638386,0.2957130890765695,2.7777777778,2.3869454005156375e-07,4.5008619250460677e-42,2.387083148233246e-07,2.30231336312222e-41,2.387083148233246e-07,1.7506552174718932e-41,2.387083148233246e-07,0.29028112426817704,2.30231336312222e-41,False,True,Solve_Succeeded,9,0.016589257000305224,0.019150471001921687,0.019483219002722763,True,1.8872897689092838e-10,604.8525283245481,shifted_warm_start,
33.6,48.666,48.646,4.566666700000001,1,learned_h2,3.473466517240168,0.15483946245811708,0.2902867086014737,-0.0018830339738260804,7.566331746939286e-07,3.4731094634095676,0.15473280248413435,0.29028110597869566,-0.004644655032732587,0.0,-0.0001131808478356849,3.334048395389205,2.158031566962337,0.2957119705483297,2.7777777778,2.387083148233246e-07,2.30231336312222e-41,2.3872197117448324e-07,-6.119822316541002e-41,2.3872197117448324e-07,-4.653449456560657e-41,2.3872197117448324e-07,0.29028110597869566,-6.119822316541002e-41,False,True,Solve_Succeeded,9,0.018590968997159507,0.02125447399885161,0.021692921000067145,True,1.9053925104373093e-10,604.816570045154,shifted_warm_start,
33.7,48.766,48.748,4.566666700000001,1,learned_h2,3.4731848628126345,0.15475535823828468,0.29028669214370983,-0.001856107666354017,7.352995164955911e-07,3.4728345088643695,0.15465069968674888,0.29028108557967164,-0.004619206785193284,0.0,-0.00011319844546275663,3.3337695577052155,2.1579459360922053,0.29571086218230114,2.7777777778,2.3872197117448324e-07,-6.119822316541002e-41,2.387355082215049e-07,3.8738000221034887e-41,2.387355082215049e-07,2.9455973842506844e-41,2.387355082215049e-07,0.29028108557967164,3.8738000221034887e-41,False,True,Solve_Succeeded,9,0.014312935003545135,0.01898796200111974,0.019310399002279155,True,1.9235180115373396e-10,604.7809361298305,shifted_warm_start,
33.8,48.866,48.85,4.566666700000001,1,learned_h2,3.4729058233266987,0.15467203516037176,0.29028667570243166,-0.0018295209013285696,7.575547648948369e-07,3.4725620276348743,0.15456933572273224,0.29028107112168877,-0.004594081433026441,0.0,-0.00011316077715066165,3.3334933088028347,2.1578611008405333,0.29570976388700326,2.7777777778,2.387355082215049e-07,3.8738000221034887e-41,2.387489180853216e-07,9.183357175795792e-41,2.387489180853216e-07,6.982929609509199e-41,2.387489180853216e-07,0.29028107112168877,9.183357175795792e-41,False,True,Solve_Succeeded,9,0.014634967999882065,0.017110552995291073,0.017450904997531325,True,1.9416485086409807e-10,604.7456286279231,shifted_warm_start,
33.9,48.966,48.952,4.566666700000001,1,learned_h2,3.472629365804741,0.15458948338371387,0.29028665926381064,-0.0018032694016843955,7.560168281448302e-07,3.4722919892790394,0.15448870151080538,0.29028105284051897,-0.00456927264962358,0.0,-0.0001131652169102972,3.3332196160344276,2.157777051179547,0.29570867552306485,2.7777777778,2.387489180853216e-07,9.183357175795792e-41,2.387622135963339e-07,-1.5619588704897833e-41,2.387622135963339e-07,-1.1876973351669174e-41,2.387622135963339e-07,0.29028105284051897,-1.5619588704897833e-41,False,True,Solve_Succeeded,9,0.01828274499712279,0.020792802002688404,0.02135015900421422,True,1.959802320428139e-10,604.7106361298457,shifted_warm_start,
34.0,49.066,49.054,4.566666700000001,1,learned_h2,3.4723554576833746,0.1545076931939613,0.2902866428057565,-0.001777348948726271,7.356853452644833e-07,3.4720243636876256,0.15440878806936242,0.2902810326834346,-0.004544775059255013,0.0,-0.0001131818888619059,3.3329484471624258,2.157693777210247,0.29570759694440013,2.7777777778,2.387622135963339e-07,-1.5619588704897833e-41,2.3877539393086834e-07,6.468470090093589e-43,2.3877539393086834e-07,4.918557609780108e-43,2.3877539393086834e-07,0.2902810326834346,6.468470090093589e-43,False,True,Solve_Succeeded,9,0.01426635000098031,0.016976852995867375,0.0174159009984578,True,1.9779738957836912e-10,604.6759561854813,shifted_warm_start,
34.1,49.166,49.156,4.566666700000001,1,learned_h2,3.4720840668172546,0.15442665497131236,0.2902866263600939,-0.0017517553790516818,7.321115561860528e-07,3.471759120952126,0.15432958644598185,0.2902810149118674,-0.004520587078385482,0.0,-0.00011317436458570689,3.3326797703632804,2.1576112691306637,0.29570652806040015,2.7777777778,2.3877539393086834e-07,6.468470090093589e-43,2.387884555645712e-07,3.01756286631086e-41,2.387884555645712e-07,2.294523526021037e-41,2.387884555645712e-07,0.2902810149118674,3.01756286631086e-41,False,True,Solve_Succeeded,9,0.01673553299769992,0.01956440600042697,0.02032902999781072,True,1.9961565733694897e-10,604.6415881204168,shifted_warm_start,
34.2,49.266,49.258,4.566666700000001,1,learned_h2,3.4718151614632893,0.15434635922480616,0.29028660992468686,-0.0017264845791504372,7.558094218089607e-07,3.471496231588709,0.154251087824517,0.2902810001252113,-0.004496705922651172,0.0,-0.00011314175903511552,3.3324135542116182,2.1575295172700484,0.29570546874799947,2.7777777778,2.387884555645712e-07,3.01756286631086e-41,2.3880139921644004e-07,2.8203153673670865e-40,2.3880139921644004e-07,2.144538572326066e-40,2.3880139921644004e-07,0.2902810001252113,2.8203153673670865e-40,False,True,Solve_Succeeded,9,0.03361511199909728,0.03649326199956704,0.03693490599835059,True,2.0143464674049483e-10,604.6075285323881,shifted_warm_start,
34.3,49.366,49.36,4.566666700000001,1,learned_h2,3.471548710265405,0.15426679662498533,0.29028659346212593,-0.001701532480602122,7.368752327195789e-07,3.471235666687123,0.15417328360769586,0.29028097978461265,-0.004473124191325669,0.0,-0.0001131661517979995,3.332149767664964,2.1574485121214595,0.2957044188503011,2.7777777778,2.3880139921644004e-07,2.8203153673670865e-40,2.388142362173275e-07,-2.517552577816182e-41,2.388142362173275e-07,-1.914320885336296e-41,2.388142362173275e-07,0.29028097978461265,-2.517552577816182e-41,False,True,Solve_Succeeded,9,0.02558930999657605,0.028438964000088163,0.028885596999316476,True,2.032558010789387e-10,604.5737671578121,shifted_warm_start,
34.4,49.466,49.462,4.566666700000001,1,learned_h2,3.471284682284156,0.15418795788633066,0.29028657702193844,-0.0016768950761537843,7.326967684991199e-07,3.470977397471973,0.15409616515500668,0.2902809619867512,-0.004449839659822434,0.0,-0.00011315893589370227,3.3318883800937273,2.1573682442243443,0.29570337829890886,2.7777777778,2.388142362173275e-07,-2.517552577816182e-41,2.388269585249573e-07,-1.3775779582237438e-40,2.388269585249573e-07,-1.0474960006174666e-40,2.388269585249573e-07,0.2902809619867512,-1.3775779582237438e-40,False,True,Solve_Succeeded,9,0.022203927001100965,0.024399246998655144,0.024755680999078322,True,2.0507756604004612e-10,604.5403063801391,shifted_warm_start,
34.5,49.566,49.564,4.566666700000001,1,learned_h2,3.471023046952865,0.15410983389643693,0.2902865605813562,-0.001652568404068795,7.561720256209583e-07,3.4707213954767115,0.15401972398138095,0.2902809470291209,-0.004426850736972663,0.0,-0.00011312652732491864,3.3316293612370247,2.157288704293478,0.29570234695452163,2.7777777778,2.388269585249573e-07,-1.3775779582237438e-40,2.3883956715814857e-07,1.794624424197404e-41,2.3883956715814857e-07,1.3646138105905154e-41,2.3883956715814857e-07,0.2902809470291209,1.794624424197404e-41,False,True,Solve_Succeeded,9,0.025130984002316836,0.0282551619966398,0.028826925001339987,True,2.0689988611266585e-10,604.5071427129778,shifted_warm_start,
34.6,49.666,49.666,4.566666700000001,1,learned_h2,3.470763774094298,0.15403241564229264,0.29028654414061367,-0.0016285485482481895,7.551129786839391e-07,3.4704676328261392,0.15394395176252423,0.29028092881636625,-0.0044041509274256145,0.0,-0.00011313056491251523,3.331372681219603,2.157209883145323,0.2957013247023001,2.7777777778,2.3883956715814857e-07,1.794624424197404e-41,2.388520705595462e-07,-1.5200879124274643e-40,2.388520705595462e-07,-1.1558590926555073e-40,2.388520705595462e-07,0.29028092881636625,-1.5200879124274643e-40,False,True,Solve_Succeeded,9,0.0222817350004334,0.024886163002520334,0.025252355000702664,True,2.0872370498636883e-10,604.4742678743742,shifted_warm_start,
34.7,49.766,49.734,4.566666700000001,1,learned_h2,3.4705922232743665,0.1539811911562171,0.2902865331670207,-0.0016127038540884803,7.360967296684654e-07,3.4702481572736112,0.15387841095828692,0.2902809409928175,-0.004389659635415705,0.0,-0.00011311791286902066,3.331202845978125,2.157157730561681,0.2957006481828225,2.7777777778,2.388520705595462e-07,-1.5200879124274643e-40,2.388628539671922e-07,-5.491281619229368e-43,2.388628539671922e-07,-4.175513625249747e-43,2.388628539671922e-07,0.2902809409928175,-5.491281619229368e-43,False,True,Solve_Succeeded,9,0.022432247002143413,0.02567999399616383,0.026148629003728274,True,2.1030754915329908e-10,604.445854406478,shifted_warm_start,
34.8,49.866,49.836,4.566666700000001,1,learned_h2,3.4703368218402786,0.15390492940497735,0.29028651672149636,-0.0015891868000741348,7.360634396559913e-07,3.4699988237036723,0.1538039618290292,0.2902809220959711,-0.004367286622809741,0.0,-0.0001131374391363843,3.3309499986568736,2.1570800872885028,0.29569964082783523,2.7777777778,2.388628539671922e-07,-5.491281619229368e-43,2.3887514232191523e-07,-4.56536233904985e-42,2.3887514232191523e-07,-3.4714542019026734e-42,2.3887514232191523e-07,0.2902809220959711,-4.56536233904985e-42,False,True,Solve_Succeeded,9,0.044529915001476184,0.04868797700328287,0.04915105999680236,True,2.1213275580578284e-10,604.4135549931173,shifted_warm_start,
34.9,49.966,49.938,4.566666700000001,1,learned_h2,3.4700837042551713,0.15382934989194658,0.2902865002821826,-0.0015659663698822106,7.520502366353363e-07,3.469751655932495,0.15373015967264622,0.2902809066341776,-0.004345006523182042,0.0,-0.00011311484572431883,3.3306994123380114,2.157003138856663,0.2956986422714467,2.7777777778,2.3887514232191523e-07,-4.56536233904985e-42,2.388873211817276e-07,4.49228106639735e-42,2.388873211817276e-07,3.4158839596767924e-42,2.388873211817276e-07,0.2902809066341776,4.49228106639735e-42,False,True,Solve_Succeeded,9,0.019021166997845285,0.021849215001566336,0.0221932040003594,True,2.139558530345198e-10,604.381539877988,shifted_warm_start,
35.0,50.066,50.04,4.566666700000001,1,learned_h2,3.469832841707713,0.15375444402763266,0.2902864838368797,-0.0015430388249834598,7.517246887251361e-07,3.4695066022511845,0.15365698906078668,0.2902808886158594,-0.004323338896163348,0.0,-0.00011311569945592622,3.330451058498427,2.1569268765141905,0.2956976523915007,2.7777777778,2.388873211817276e-07,4.49228106639735e-42,2.388994000437745e-07,-7.344546963299961e-41,2.388994000437745e-07,-5.584717383489322e-41,2.388994000437745e-07,0.2902808886158594,-7.344546963299961e-41,False,True,Solve_Succeeded,9,0.021893007993639912,0.02481056900433032,0.025195517999236472,True,2.1578011599743263e-10,604.3497977805282,shifted_warm_start,
35.1,50.166,50.142,4.566666700000001,1,learned_h2,3.4695842057544892,0.15368020331390897,0.29028646737850183,-0.00152040047610598,7.343796809320045e-07,3.4692636524863225,0.15358444695287696,0.29028086856340013,-0.0043019433308084075,0.0,-0.00011313025730695193,3.3302049089793395,2.1568512916026426,0.29569667107233555,2.7777777778,2.388994000437745e-07,-7.344546963299961e-41,2.3891137877304153e-07,1.3846753073503741e-40,2.3891137877304153e-07,1.0528927513281976e-40,2.3891137877304153e-07,0.29028086856340013,1.3846753073503741e-40,False,True,Solve_Succeeded,9,0.01306688000477152,0.015839514999242965,0.01623331099835923,True,2.1760526713876516e-10,604.3183277514895,shifted_warm_start,
35.2,50.266,50.244,4.566666700000001,1,learned_h2,3.469337768314431,0.15360661934610456,0.2902864509352773,-0.0014980476830332831,7.338890749707023e-07,3.469022780560004,0.15351252554176256,0.2902808510885936,-0.00428081829742921,0.0,-0.00011312076247769012,3.329960935980766,2.1567763755591565,0.2956956982349649,2.7777777778,2.3891137877304153e-07,1.3846753073503741e-40,2.389232532528812e-07,1.359415332716143e-40,2.389232532528812e-07,1.0336853284400054e-40,2.389232532528812e-07,0.2902808510885936,1.359415332716143e-40,False,True,Solve_Succeeded,9,0.014790845998504665,0.017173956999613438,0.017625017004320398,True,2.1943041828009768e-10,604.2871298885343,shifted_warm_start,
35.3,50.366,50.346,4.566666700000001,1,learned_h2,3.469093501653131,0.15353368384911292,0.2902864344909457,-0.001475976847287765,7.364782378280721e-07,3.468783960803763,0.1534412171699525,0.29028083371371166,-0.004259960303557261,0.0,-0.00011311387922734063,3.329719112045776,2.156702119952469,0.29569473375721267,2.7777777778,2.389232532528812e-07,1.359415332716143e-40,2.389350276068948e-07,-1.3471821381244613e-40,2.389350276068948e-07,-1.0243833340715092e-40,2.389350276068948e-07,0.29028083371371166,-1.3471821381244613e-40,False,True,Solve_Succeeded,9,0.013889057001506444,0.01616658499551704,0.016469182002765592,True,2.2125584697718637e-10,604.2561989578069,shifted_warm_start,
35.4,50.466,50.448,4.566666700000001,1,learned_h2,3.4688513783906787,0.15346138863499206,0.29028641805078736,-0.0014541844176593935,7.544462891912566e-07,3.4685471678605744,0.153370514253475,0.2902808183126099,-0.004239366115578009,0.0,-0.00011308971659875649,3.329479410068484,2.156628516440558,0.29569377753977655,2.7777777778,2.389350276068948e-07,-1.3471821381244613e-40,2.3894670087413313e-07,-6.407410913487725e-41,2.3894670087413313e-07,-4.87212884477714e-41,2.3894670087413313e-07,0.2902808183126099,-6.407410913487725e-41,False,True,Solve_Succeeded,9,0.013782378999167122,0.016291809995891526,0.016615910004475154,True,2.2308110914082135e-10,604.2255330708177,shifted_warm_start,
35.5,50.566,50.55,4.566666700000001,1,learned_h2,3.468611371485213,0.15338972564211556,0.2902864016057192,-0.001432666883619174,7.514726408171541e-07,3.4683123767566193,0.15330040934936545,0.290280799913582,-0.004219030924801637,0.0,-0.0001130944211319029,3.329241803277535,2.1565555568096975,0.29569282947025927,2.7777777778,2.3894670087413313e-07,-6.407410913487725e-41,2.3895828005273476e-07,-1.056309458622655e-41,2.3895828005273476e-07,-8.032067635201811e-42,2.3895828005273476e-07,0.290280799913582,-1.056309458622655e-41,False,True,Solve_Succeeded,9,0.01721984300093027,0.020314167995820753,0.02086366699950304,True,2.2490714846057358e-10,604.1951251895402,shifted_warm_start,
35.6,50.666,50.652,4.566666700000001,1,learned_h2,3.468373454242814,0.15331868688624128,0.29028638516069694,-0.0014114207835013133,7.536454858455025e-07,3.468079562735104,0.15323089505135318,0.29028078253807443,-0.004198952035587081,0.0,-0.00011308595162684863,3.3290062652461687,2.1564832329255768,0.2956918894516114,2.7777777778,2.3895828005273476e-07,-1.056309458622655e-41,2.3896976164985803e-07,2.159437486686467e-40,2.3896976164985803e-07,1.6420138819614577e-40,2.3896976164985803e-07,0.29028078253807443,2.159437486686467e-40,False,True,Solve_Succeeded,9,0.018288769999344368,0.021515639004064724,0.022052457003155723,True,2.267331877803258e-10,604.1649751386362,shifted_warm_start,
35.7,50.766,50.754,4.566666700000001,1,learned_h2,3.4681376003001643,0.15324826450294993,0.2902863687004684,-0.001390442694983309,7.353324089854676e-07,3.467848701392766,0.15316196408115895,0.29028076247269885,-0.0041791256598816984,0.0,-0.00011310352793923465,3.3287727698748126,2.156411536775644,0.29569095736781836,2.7777777778,2.3896976164985803e-07,2.159437486686467e-40,2.38981151171237e-07,-1.768177492120255e-40,2.38981151171237e-07,-1.3445038375657322e-40,2.38981151171237e-07,0.29028076247269885,-1.768177492120255e-40,False,True,Solve_Succeeded,9,0.013382482000452,0.01580902900604997,0.016253916997811757,True,2.2855983772274158e-10,604.1350769107225,shifted_warm_start,
35.8,50.866,50.856,4.566666700000001,1,learned_h2,3.4679037836349944,0.15317845069734226,0.29028635225712124,-0.001369729243855039,7.34943998954992e-07,3.4676197685489254,0.1530936091931305,0.29028074501813755,-0.004159549881289777,0.0,-0.00011309383735790777,3.3285412914016925,2.1563404604188556,0.2956900331514895,2.7777777778,2.38981151171237e-07,-1.768177492120255e-40,2.3899244360610847e-07,-3.052424503073633e-41,2.3899244360610847e-07,-2.3210319532690087e-41,2.3899244360610847e-07,0.29028074501813755,-3.052424503073633e-41,False,True,Solve_Succeeded,9,0.015345885003625881,0.017839303996879607,0.01821071699669119,True,2.3038593255364503e-10,604.1054313752878,shifted_warm_start,
35.9,50.966,50.958,4.566666700000001,1,learned_h2,3.46767197854368,0.15310923780383562,0.29028633581321944,-0.0013492770938184709,7.369569566917175e-07,3.467392740368264,0.1530258232802393,0.29028072752136874,-0.004140221630867085,0.0,-0.00011308801581925321,3.3283118043803106,2.1562699960453435,0.29568911668690795,2.7777777778,2.3899244360610847e-07,-3.052424503073633e-41,2.3900364319666516e-07,1.506108807389979e-40,2.3900364319666516e-07,1.145229526080663e-40,2.3900364319666516e-07,0.29028072752136874,1.506108807389979e-40,False,True,Solve_Succeeded,9,0.018453153999871574,0.02096145100222202,0.021423833000881132,True,2.3221197187339726e-10,604.0760334075488,shifted_warm_start,
36.0,51.066,51.06,4.566666700000001,1,learned_h2,3.4674421596498637,0.15304061824229104,0.29028631936780663,-0.001329082951443673,7.369408181781994e-07,3.467167593353913,0.1529585993238405,0.2902807097712144,-0.004121137022796708,0.0,-0.00011308461282308041,3.3280842836882236,2.15620013593259,0.2956882078760687,2.7777777778,2.3900364319666516e-07,1.506108807389979e-40,2.3901475132364763e-07,-1.1915947577714361e-42,2.3901475132364763e-07,-9.06076302739151e-43,2.3901475132364763e-07,0.2902807097712144,-1.1915947577714361e-42,False,True,Solve_Succeeded,9,0.021828996999829542,0.024820644001010805,0.025223357995855622,True,2.340378446596958e-10,604.0468797805871,shifted_warm_start,
36.1,51.166,51.162,4.566666700000001,1,learned_h2,3.467214301897771,0.15297258452548335,0.29028630292156027,-0.0013091435651061394,7.369348534322225e-07,3.466944304256421,0.1528919303762607,0.290280692056237,-0.004102293123063875,0.0,-0.00011308050282434178,3.327858704520379,2.156130872452859,0.29568730662380815,2.7777777778,2.3901475132364763e-07,-1.1915947577714361e-42,2.3902576877376877e-07,-1.3673327585351072e-40,2.3902576877376877e-07,-1.0397056569673609e-40,2.3902576877376877e-07,0.290280692056237,-1.3673327585351072e-40,False,True,Solve_Succeeded,9,0.01570970399916405,0.017697055998723954,0.017992468005104456,True,2.358636619348431e-10,604.0179676792845,shifted_warm_start,
36.2,51.266,51.264,4.566666700000001,1,learned_h2,3.4669883805471966,0.15290512926137695,0.290286286475961,-0.0012894557250265944,7.519439747573834e-07,3.466722850080526,0.15282580956647848,0.29028067604537583,-0.004083687712399016,0.0,-0.00011305931098749563,3.327635042384125,2.1560621980754373,0.29568641283695496,2.7777777778,2.3902576877376877e-07,-1.3673327585351072e-40,2.39036694711344e-07,-3.2604421574944217e-41,2.39036694711344e-07,-2.4792064215543176e-41,2.39036694711344e-07,0.29028067604537583,-3.2604421574944217e-41,False,True,Solve_Succeeded,9,0.01194056699750945,0.014128623995929956,0.014581478004402015,True,2.376887575650244e-10,603.9892953730341,shifted_warm_start,
36.3,51.366,51.366,4.566666700000001,1,learned_h2,3.4667643711692184,0.15283824515288622,0.29028627003315155,-0.0012700162583745346,7.53434113106457e-07,3.46650320820905,0.15276023013915185,0.29028065822166305,-0.004065316618845102,0.0,-0.0001130584775328282,3.3274132730949684,2.1559941053663745,0.29568552642417345,2.7777777778,2.39036694711344e-07,-3.2604421574944217e-41,2.390475343315198e-07,-1.0628931080234695e-40,2.390475343315198e-07,-8.082129022839815e-41,2.390475343315198e-07,0.29028065822166305,-1.0628931080234695e-40,False,True,Solve_Succeeded,9,0.011487692005175631,0.013746256998274475,0.014189121997333132,True,2.395139087063569e-10,603.96085723442,shifted_warm_start,
36.4,51.466,51.434,4.566666700000001,1,learned_h2,3.4666160818657765,0.1527939694973312,0.2902862590721368,-0.0012571930518934641,7.527349949702387e-07,3.4663176041473323,0.1527048076407357,0.29028067261852186,-0.0040535895523283304,0.0,-0.00011303230748673616,3.3272664666780982,2.1559490297507327,0.2956849395326936,2.7777777778,2.390475343315198e-07,-1.0628931080234695e-40,2.3905666136636847e-07,1.354525447505074e-41,2.3905666136636847e-07,1.0299671104099508e-41,2.3905666136636847e-07,0.29028067261852186,1.354525447505074e-41,False,True,Solve_Succeeded,9,0.014306069999292959,0.016880287999811117,0.01722007799980929,True,2.410588950674253e-10,603.9368468063931,shifted_warm_start,
36.5,51.566,51.536,4.566666700000001,1,learned_h2,3.466395205652278,0.15272802136396368,0.29028624261056335,-0.0012381606034672424,7.363782321455419e-07,3.4661015467726513,0.15264029901381362,0.2902806513112329,-0.004035482427633483,0.0,-0.00011307144765954312,3.3270477992123655,2.155881890238699,0.2956840651820142,2.7777777778,2.3905666136636847e-07,1.354525447505074e-41,2.390673299972771e-07,-4.2694206180832104e-41,2.390673299972771e-07,-3.246423184762912e-41,2.390673299972771e-07,0.2902806513112329,-4.2694206180832104e-41,False,True,Solve_Succeeded,9,0.022955063002882525,0.025967255998693872,0.02648094800679246,True,2.4289759092965824e-10,603.9088717321202,shifted_warm_start,
36.6,51.666,51.638,4.566666700000001,1,learned_h2,3.466176177766603,0.15266262536021835,0.29028622616721433,-0.0012193682691925868,7.360935939518123e-07,3.4658872422031277,0.15257631398078506,0.29028063381876906,-0.004017450075939758,0.0,-0.00011306250479361658,3.3268309615858414,2.1558153130127504,0.2956831979772172,2.7777777778,2.390673299972771e-07,-4.2694206180832104e-41,2.390779087873276e-07,-4.087311148872383e-42,2.390779087873276e-07,-3.107949031968774e-42,2.390779087873276e-07,0.29028063381876906,-4.087311148872383e-42,False,True,Solve_Succeeded,9,0.012930820994370151,0.015340584999648854,0.015697939998062793,True,2.447441138642148e-10,603.8811273362951,shifted_warm_start,
36.7,51.766,51.74,4.566666700000001,1,learned_h2,3.4659589748853428,0.15259777453659185,0.2902862097222105,-0.0012008130210041535,7.379035561132247e-07,3.465674648512173,0.15251284003560744,0.290280616309903,-0.003999914495926265,0.0,-0.00011305725474677074,3.326615930708383,2.1557492909929294,0.2956823378091127,2.7777777778,2.390779087873276e-07,-4.087311148872383e-42,2.3908840426589374e-07,3.009174073929379e-42,2.3908840426589374e-07,2.2881447752453333e-42,2.3908840426589374e-07,0.290280616309903,3.009174073929379e-42,False,True,Solve_Succeeded,9,0.016497267002705485,0.01915297599771293,0.019460903000435792,True,2.465903592430152e-10,603.8536052618585,shifted_warm_start,
36.8,51.866,51.842,4.566666700000001,1,learned_h2,3.465743573984168,0.15253346201431933,0.2902861932750812,-0.0011824918694893305,7.36091657232688e-07,3.465463757476442,0.15244987472099095,0.2902805982962453,-0.003982599889650768,0.0,-0.00011305622207608736,3.3264026837860357,2.155683817171749,0.2956814845890502,2.7777777778,2.3908840426589374e-07,3.009174073929379e-42,2.3909881738433073e-07,-2.4006132657721974e-41,2.3909881738433073e-07,-1.825401444552723e-41,2.3909881738433073e-07,0.2902805982962453,-2.4006132657721974e-41,False,True,Solve_Succeeded,9,0.016426488000433892,0.019391777997952886,0.01976403199660126,True,2.4843632706605945e-10,603.8263040521485,shifted_warm_start,
36.9,51.966,51.944,4.566666700000001,1,learned_h2,3.4655299523294665,0.1524696809998844,0.2902861768287099,-0.001164401863620759,7.361553255426202e-07,3.4652545480449994,0.15238741174594303,0.29028058060161416,-0.003965503745440106,0.0,-0.00011305184110360626,3.3261911983126575,2.15561888462865,0.2956806382328309,2.7777777778,2.3909881738433073e-07,-2.4006132657721974e-41,2.391091481962217e-07,3.454567307490607e-41,2.391091481962217e-07,2.626817173473189e-41,2.391091481962217e-07,0.29028058060161416,3.454567307490607e-41,False,True,Solve_Succeeded,9,0.013003344000026118,0.015715806002845056,0.01618490099644987,True,2.502817952887426e-10,603.7992215883314,shifted_warm_start,
37.0,52.066,52.046,4.566666700000001,1,learned_h2,3.4653180874736726,0.15240642478732477,0.29028616038297295,-0.001146540089227563,7.380298560941619e-07,3.4650469994328352,0.15232544490117106,0.2902805631065285,-0.003948623443632882,0.0,-0.00011304617741451632,3.3259814520652813,2.155554486532282,0.2956797986543302,2.7777777778,2.391091481962217e-07,3.454567307490607e-41,2.391193978427805e-07,-3.450944918168431e-42,2.391193978427805e-07,-2.6240627461792504e-42,2.391193978427805e-07,0.2902805631065285,-3.450944918168431e-42,False,True,Solve_Succeeded,9,0.012522004995844327,0.014791032001085114,0.015255997997883242,True,2.521265418664598e-10,603.7723550693953,shifted_warm_start,
37.1,52.166,52.148,4.566666700000001,1,learned_h2,3.465107957251683,0.15234368675708576,0.29028614393611324,-0.0011289036682919328,7.381211169704551e-07,3.464841091127898,0.15226396806100828,0.29028054534371844,-0.003931956043854778,0.0,-0.00011304310767745927,3.3257734231005607,2.155490616139335,0.2956789657668563,2.7777777778,2.391193978427805e-07,-3.450944918168431e-42,2.39129567857906e-07,2.7928126402946242e-40,2.39129567857906e-07,2.1236257837303305e-40,2.39129567857906e-07,0.29028054534371844,2.7928126402946242e-40,False,True,Solve_Succeeded,9,0.013105991994962096,0.01573505899432348,0.01614375899953302,True,2.5397078884381585e-10,603.7457014662733,shifted_warm_start,
37.2,52.266,52.25,4.566666700000001,1,learned_h2,3.464899539778548,0.1522814603708263,0.29028612748918575,-0.001111489759681048,7.383004519707555e-07,3.4646368028600474,0.15220297516945255,0.2902805276217043,-0.003915498892156263,0.0,-0.0001130393376669699,3.325567089752513,2.1554272667893257,0.295678139487589,2.7777777778,2.39129567857906e-07,2.7928126402946242e-40,2.3913965885918754e-07,-5.866179237025632e-41,2.3913965885918754e-07,-4.460581887948257e-41,2.3913965885918754e-07,0.2902805276217043,-5.866179237025632e-41,False,True,Solve_Succeeded,9,0.012260647999937646,0.01482678100001067,0.015184756994131021,True,2.558143141762059e-10,603.7192583711012,shifted_warm_start,
37.3,52.366,52.352,4.566666700000001,1,learned_h2,3.4646928134449007,0.15221973917381237,0.2902861110411653,-0.0010942955575737536,7.385850079154266e-07,3.464434114607638,0.1521424602460704,0.2902805099038628,-0.0038992493967098065,0.0,-0.00011303559229161871,3.325362430627973,2.155364431906971,0.2956773197326693,2.7777777778,2.3913965885918754e-07,-5.866179237025632e-41,2.391496718550799e-07,3.750413536638244e-42,2.391496718550799e-07,2.8517755796235686e-42,2.391496718550799e-07,0.2902805099038628,3.750413536638244e-42,False,True,Solve_Succeeded,9,0.014549378996889573,0.017067442000552546,0.01744227200106252,True,2.576571733747812e-10,603.6930231464706,shifted_warm_start,
37.4,52.466,52.454,4.566666700000001,1,learned_h2,3.464487756916563,0.15215851678365075,0.29028609460587895,-0.0010773182927065286,7.519052390062146e-07,3.4642330065715,0.15208241736677613,0.290280493809098,-0.003883205569786604,0.0,-0.00011301697212803953,3.3251594246062632,2.1553021049909105,0.2956765064341338,2.7777777778,2.391496718550799e-07,3.750413536638244e-42,2.391596059126415e-07,-2.640596933516932e-41,2.391596059126415e-07,-2.0078825380367196e-41,2.391596059126415e-07,0.290280493809098,-2.640596933516932e-41,False,True,Solve_Succeeded,9,0.015306798995879944,0.01778983700205572,0.018354335996264126,True,2.5949881132802943e-10,603.6669944401362,shifted_warm_start,
37.5,52.566,52.556,4.566666700000001,1,learned_h2,3.4642843491216238,0.15209778692107206,0.29028607815901253,-0.0010605552273459272,7.518433387728507e-07,3.4640334592722497,0.15202284072855796,0.2902804758075618,-0.0038673637348214827,0.0,-0.00011301790937985047,3.3249580508262127,2.1552402796444206,0.29567569948686667,2.7777777778,2.391596059126415e-07,-2.640596933516932e-41,2.3916946608979625e-07,1.0589079038725216e-40,2.3916946608979625e-07,8.051825943548791e-41,2.3916946608979625e-07,0.2902804758075618,1.0589079038725216e-40,False,True,Solve_Succeeded,9,0.013205402996391058,0.01569077599560842,0.01608303999819327,True,2.6134011621437025e-10,603.6411670332344,shifted_warm_start,
37.6,52.666,52.658,4.566666700000001,1,learned_h2,3.464082569259822,0.1520375433660749,0.29028606171163496,-0.0010440036613351793,7.502128034825239e-07,3.4638354534236666,0.15196372456341023,0.2902804578561977,-0.0038517213731896933,0.0,-0.00011301587503319506,3.324758288695701,2.1551789495316087,0.295674898822166,2.7777777778,2.3916946608979625e-07,1.0589079038725216e-40,2.391792510343845e-07,1.553082432934928e-40,2.391792510343845e-07,1.1809477840559004e-40,2.391792510343845e-07,0.2902804578561977,1.553082432934928e-40,False,True,Solve_Succeeded,9,0.012288484002056066,0.014692950004246086,0.015107608000107575,True,2.631805884334426e-10,603.6155398992548,shifted_warm_start,
37.7,52.766,52.76,4.566666700000001,1,learned_h2,3.4638823967920493,0.15197777998096124,0.29028604526536517,-0.0010276609279380317,7.517378199654206e-07,3.463638969947629,0.15190506317002192,0.2902804402802811,-0.003836276599780655,0.0,-0.00011301030676066967,3.324560117881121,2.1551181084003836,0.295674104362868,2.7777777778,2.391792510343845e-07,1.553082432934928e-40,2.3918896128823965e-07,6.843378746490573e-41,2.3918896128823965e-07,5.203634266116188e-41,2.3918896128823965e-07,0.2902804402802811,6.843378746490573e-41,False,True,Solve_Succeeded,9,0.012544965000415687,0.015019872000266332,0.015389311003673356,True,2.6502017247409526e-10,603.590110798938,shifted_warm_start,
37.8,52.866,52.862,4.566666700000001,1,learned_h2,3.463683811436953,0.15191849070968044,0.29028602881727256,-0.0010115243930806257,7.502321011431591e-07,3.4634439900453873,0.15184685093534733,0.29028042228938566,-0.003821026612372589,0.0,-0.00011300932960545834,3.3243635183040174,2.155057750081786,0.295673316028235,2.7777777778,2.3918896128823965e-07,6.843378746490573e-41,2.391985986817118e-07,-6.680630380441743e-42,2.391985986817118e-07,-5.0798820954855025e-42,2.391985986817118e-07,0.29028042228938566,-6.680630380441743e-42,False,True,Solve_Succeeded,9,0.015285085995856207,0.017546348004543688,0.017925815998751204,True,2.66858812825177e-10,603.5648766823547,shifted_warm_start,
37.9,52.967,52.964,4.566666700000001,1,learned_h2,3.4634867931697686,0.1518596695697335,0.2902860123692409,-0.0009955914566732067,7.504419472541529e-07,3.463249541193894,0.15178879734222755,0.290280405303284,-0.0038059690473837985,0.0,-0.00011300532796696399,3.324168470139974,2.154997868481876,0.2956725337433165,2.7777777778,2.391985986817118e-07,-6.680630380441743e-42,2.3920820953457594e-07,5.519392569752221e-43,2.3920820953457594e-07,4.196888900652827e-43,2.3920820953457594e-07,0.290280405303284,5.519392569752221e-43,False,True,Solve_Succeeded,9,0.014489590997982305,0.017039270998793654,0.017612812996958382,True,2.68705446782036e-10,603.5397127556798,shifted_warm_start,
38.0,53.066,53.032,4.566666700000001,1,learned_h2,3.463356308488507,0.15182071262877556,0.2902860014066833,-0.0009850813398721463,7.499837449417824e-07,3.4630908368126367,0.15174141048503118,0.29028041863091003,-0.0037963574485197034,0.0,-0.00011298398667257506,3.3240392902503455,2.154958209283991,0.29567201554624406,2.7777777778,2.3920820953457594e-07,5.519392569752221e-43,2.392160233170318e-07,-8.426711680994841e-42,2.392160233170318e-07,-6.407584218014127e-42,2.392160233170318e-07,0.29028041863091003,-8.426711680994841e-42,False,True,Solve_Succeeded,9,0.014199744000507053,0.01649068400001852,0.017106780003814492,True,2.702130186271745e-10,603.5191937334455,shifted_warm_start,
38.1,53.166,53.134,4.566666700000001,1,learned_h2,3.4631618582198724,0.1517626586166813,0.29028598496007546,-0.0009694820441599798,7.51532008328772e-07,3.462900279122888,0.15168451928155527,0.2902804000677668,-0.003781517327655034,0.0,-0.00011299899859063781,3.3238467843984605,2.154899108880486,0.29567124317735677,2.7777777778,2.392160233170318e-07,-8.426711680994841e-42,2.3922544546032503e-07,9.78589789150048e-42,2.3922544546032503e-07,7.441095324300153e-42,2.3922544546032503e-07,0.2902804000677668,9.78589789150048e-42,False,True,Solve_Succeeded,9,0.014090036995185073,0.01675519499985967,0.01710785099567147,True,2.720493275099045e-10,603.4945334148538,shifted_warm_start,
38.2,53.266,53.236,4.566666700000001,1,learned_h2,3.4629689228650324,0.1517050571515659,0.2902859685108275,-0.0009540795710983026,7.503593988327394e-07,3.462711157700976,0.15162805713143337,0.290280382089767,-0.0037667379717354855,0.0,-0.00011299752907466528,3.32365577830749,2.1548404693211753,0.2956704766552348,2.7777777778,2.3922544546032503e-07,9.78589789150048e-42,2.392347968232645e-07,-1.5825046999103406e-41,2.392347968232645e-07,-1.2033201708975013e-41,2.392347968232645e-07,0.290280382089767,-1.5825046999103406e-41,False,True,Solve_Succeeded,9,0.013406660000327975,0.01569920299516525,0.016091908000817057,True,2.738815285674434e-10,603.4700600694636,shifted_warm_start,
38.3,53.366,53.338,4.566666700000001,1,learned_h2,3.4627774833090843,0.15164790252530658,0.29028595206057833,-0.0009388714376541579,7.382297081885691e-07,3.4625234382123526,0.15157201378041038,0.29028036261721574,-0.0037523647819590385,0.0,-0.00011300793057715538,3.32346625305376,2.1547822847917146,0.2956697159081317,2.7777777778,2.392347968232645e-07,-1.5825046999103406e-41,2.3924408151127676e-07,-8.117319512720632e-42,2.3924408151127676e-07,-6.172325620157728e-42,2.3924408151127676e-07,0.29028036261721574,-8.117319512720632e-42,False,True,Solve_Succeeded,9,0.014390481002919842,0.01674988600279903,0.017178612004499882,True,2.7571317451347e-10,603.445767657396,shifted_warm_start,
38.4,53.466,53.44,4.566666700000001,1,learned_h2,3.4625875206813417,0.15159118909128638,0.290285935613458,-0.0009238551944688345,7.383571655857167e-07,3.462337113842382,0.1515163871827497,0.29028034505450506,-0.0037381733794947998,0.0,-0.00011300091857262432,3.3232781899554227,2.154724549540661,0.2956689608677186,2.7777777778,2.3924408151127676e-07,-8.117319512720632e-42,2.3925329586922803e-07,9.528610549838077e-41,2.3925329586922803e-07,7.24545669652451e-41,2.3925329586922803e-07,0.29028034505450506,9.528610549838077e-41,False,True,Solve_Succeeded,9,0.015214541999739595,0.017543807996844407,0.017822348003392108,True,2.7754321063611087e-10,603.4216578694459,shifted_warm_start,
38.5,53.566,53.542,4.566666700000001,1,learned_h2,3.462399016345116,0.15153491128751356,0.29028591916572205,-0.0009090284202937731,7.385613688747445e-07,3.462152167356144,0.15146117219552638,0.29028032728073627,-0.00372416133436444,0.0,-0.00011299822581343915,3.3230915705622124,2.1546672579025343,0.2956682114586812,2.7777777778,2.3925329586922803e-07,9.528610549838077e-41,2.39262443206832e-07,-8.650954617610206e-41,2.39262443206832e-07,-6.578096222702547e-41,2.39262443206832e-07,0.29028032728073627,-8.650954617610206e-41,False,True,Solve_Succeeded,9,0.013218098996730987,0.015360064004198648,0.01572114699956728,True,2.7937219204687835e-10,603.397726849184,shifted_warm_start,
38.6,53.666,53.644,4.566666700000001,1,learned_h2,3.46221195190106,0.15147906361455288,0.2902859027253801,-0.000894388726201608,7.497353973587987e-07,3.4619685817194346,0.15140636372686472,0.29028031100427404,-0.0037103265474701403,0.0,-0.00011298251692680657,3.322906376658872,2.154610404275769,0.29566746761835855,2.7777777778,2.39262443206832e-07,-8.650954617610206e-41,2.3927152235359217e-07,-4.0119257510352544e-42,2.3927152235359217e-07,-3.050626756835127e-42,2.3927152235359217e-07,0.29028031100427404,-4.0119257510352544e-42,False,True,Solve_Succeeded,9,0.012355074999504723,0.014726037996297237,0.015116176997253206,True,2.811995081231089e-10,603.3739736774362,shifted_warm_start,
38.7,53.766,53.746,4.566666700000001,1,learned_h2,3.4620263091794694,0.15142364065047814,0.29028588627876306,-0.000879933750936663,7.510639155998694e-07,3.461786340149768,0.1513519567696819,0.2902802932008981,-0.0036966660314247347,0.0,-0.00011298164395255845,3.3227225902574395,2.1545539831376197,0.2956667292632832,2.7777777778,2.3927152235359217e-07,-4.0119257510352544e-42,2.3928053765316823e-07,2.9507626362588146e-40,2.3928053765316823e-07,2.24372932348453e-40,2.3928053765316823e-07,0.2902802932008981,2.9507626362588146e-40,False,True,Solve_Succeeded,9,0.013411590000032447,0.016569700004765764,0.01719781899737427,True,2.8302610255437344e-10,603.3503938697208,shifted_warm_start,
38.8,53.866,53.848,4.566666700000001,1,learned_h2,3.4618420702418087,0.151368637035086,0.2902858698300046,-0.0008656611651354523,7.513691059903316e-07,3.4616054260381963,0.15129794636073374,0.2902802754351618,-0.0036831775815549896,0.0,-0.0001129783838848543,3.3225401935988508,2.154497989028382,0.2956659963286701,2.7777777778,2.3928053765316823e-07,2.9507626362588146e-40,2.3928948808258144e-07,1.322085718111454e-40,2.3928948808258144e-07,1.0053002764220258e-40,2.3928948808258144e-07,0.2902802754351618,1.322085718111454e-40,False,True,Solve_Succeeded,9,0.016185291999136098,0.018592314998386428,0.01896132299589226,True,2.848514757403109e-10,603.3269864537475,shifted_warm_start,
38.9,53.966,53.95,4.566666700000001,1,learned_h2,3.461659217374291,0.1513140474808745,0.29028585337874613,-0.0008515686673177076,7.385639287309123e-07,3.461425822993321,0.15124432760778478,0.29028025598334356,-0.003669858728831765,0.0,-0.00011299026794337154,3.3223591691465084,2.1544424165623353,0.29566526874609333,2.7777777778,2.3928948808258144e-07,1.322085718111454e-40,2.392983764485736e-07,-2.1601814388201216e-42,2.392983764485736e-07,-1.6425795754527057e-42,2.392983764485736e-07,0.29028025598334356,-2.1601814388201216e-42,False,True,Solve_Succeeded,9,0.013338329998077825,0.015522664994932711,0.01586199399753241,True,2.8667612728128233e-10,603.3037479853357,shifted_warm_start,
39.0,54.066,54.052,4.566666700000001,1,learned_h2,3.461477733090812,0.15125986675284908,0.29028583693099946,-0.0008376539878640666,7.387240745114765e-07,3.461247514767425,0.1511910956452848,0.29028023842459,-0.0036567083497741765,0.0,-0.00011298316513756771,3.3221794995893026,2.154387260407563,0.29566454645436474,2.7777777778,2.392983764485736e-07,-2.1601814388201216e-42,2.393071993589337e-07,6.854021314801197e-41,2.393071993589337e-07,5.211726764747664e-41,2.393071993589337e-07,0.29028023842459,6.854021314801197e-41,False,True,Solve_Succeeded,9,0.012855141001637094,0.01518929500161903,0.015728208993095905,True,2.8849894695426315e-10,603.2806790686999,shifted_warm_start,
39.1,54.166,54.154,4.566666700000001,1,learned_h2,3.4612976001218243,0.1512060896954676,0.2902858204903902,-0.0008239148835673361,7.495432797975645e-07,3.4610704853373657,0.15113824569013923,0.29028022195710684,-0.003643724751804857,0.0,-0.00011296855762048059,3.322001167830436,2.154332515312834,0.2956638293907319,2.7777777778,2.393071993589337e-07,6.854021314801197e-41,2.3931595852585627e-07,-8.612213829241079e-41,2.3931595852585627e-07,-6.548638128781131e-41,2.3931595852585627e-07,0.29028022195710684,-8.612213829241079e-41,False,True,Solve_Succeeded,9,0.014247043000068516,0.016646897995087784,0.017084922001231462,True,2.9032032333731195e-10,603.2577770092737,shifted_warm_start,
39.2,54.266,54.256,4.566666700000001,1,learned_h2,3.4611188014150693,0.15115271122007926,0.2902858040434342,-0.0008103491381119913,7.507934127950127e-07,3.460894718956966,0.15108577304419135,0.2902802041275178,-0.003630904601812244,0.0,-0.0001129678428877658,3.321824156988212,2.1542781760950476,0.2956631174761586,2.7777777778,2.3931595852585627e-07,-8.612213829241079e-41,2.393246575777213e-07,-5.6405842404929e-41,2.393246575777213e-07,-4.289041790912988e-41,2.393246575777213e-07,0.2902802041275178,-5.6405842404929e-41,False,True,Solve_Succeeded,9,0.011530659001437016,0.013807682000333443,0.014132422002148814,True,2.9214081154194105e-10,603.2350378924586,shifted_warm_start,
39.3,54.366,54.358,4.566666700000001,1,learned_h2,3.460941320133743,0.15109972630106133,0.2902857875910665,-0.000796954564336819,7.3867819530501e-07,3.4607202000412527,0.15103367305577758,0.29028018485803236,-0.0036182453098512627,0.0,-0.00011297899333154667,3.32164845039424,2.1542242376353573,0.29566241064684773,2.7777777778,2.393246575777213e-07,-5.6405842404929e-41,2.3933329736038934e-07,-2.0651650412282417e-42,2.3933329736038934e-07,-1.570330091583998e-42,2.3933329736038934e-07,0.29028018485803236,-2.0651650412282417e-42,False,True,Solve_Succeeded,9,0.013995812005305197,0.016286030993796885,0.01662705300259404,True,2.9396041156815045e-10,603.2124596322722,shifted_warm_start,
39.4,54.466,54.46,4.566666700000001,1,learned_h2,3.460765139657755,0.15104712996167294,0.29028577114262005,-0.0007837290049253033,7.376065256140938e-07,3.4605469131150226,0.15098194108977897,0.2902801671357395,-0.003605746134364404,0.0,-0.00011297362498228079,3.321474031594761,2.1541706948650257,0.2956617088482247,2.7777777778,2.3933329736038934e-07,-2.0651650412282417e-42,2.393418751359109e-07,2.8542584989780843e-40,2.393418751359109e-07,2.1703485777770807e-40,2.393418751359109e-07,0.2902801671357395,2.8542584989780843e-40,False,True,Solve_Succeeded,9,0.012301038994337432,0.014572831001714803,0.015045198000734672,True,2.9577823523752045e-10,603.1900424832533,shifted_warm_start,
39.5,54.566,54.562,4.566666700000001,1,learned_h2,3.460590243573101,0.15099491729998132,0.2902857547019421,-0.000770670327846798,7.493579009403078e-07,3.4603748429262056,0.15093057259140183,0.2902801507061433,-0.0035934056007847193,0.0,-0.00011295766386461994,3.3213008843399643,2.1541175427912975,0.29566101202101297,2.7777777778,2.393418751359109e-07,2.8542584989780843e-40,2.3935039194078565e-07,-4.0324276683435996e-42,2.3935039194078565e-07,-3.0662162022507404e-42,2.3935039194078565e-07,0.2902801507061433,-4.0324276683435996e-42,False,True,Solve_Succeeded,9,0.01425300000119023,0.016487246997712646,0.01693348899425473,True,2.9759450459465597e-10,603.1677842674713,shifted_warm_start,
39.6,54.666,54.664,4.566666700000001,1,learned_h2,3.460416615671325,0.15094308348089852,0.29028573825460013,-0.0007577764261533055,7.506410768191551e-07,3.460203974497889,0.15087956309379288,0.29028013284607534,-0.0035812204103021633,0.0,-0.00011295739576835199,3.3211289925835095,2.1540647764894314,0.2956603200884379,2.7777777778,2.3935039194078565e-07,-4.0324276683435996e-42,2.3935885168229336e-07,5.597299855523933e-41,2.3935885168229336e-07,4.256128793232159e-41,2.3935885168229336e-07,0.29028013284607534,5.597299855523933e-41,False,True,Solve_Succeeded,9,0.013123281998559833,0.01518695199774811,0.01551558100618422,True,2.9940977475106934e-10,603.1456809662681,shifted_warm_start,
39.7,54.766,54.732,4.566666700000001,1,learned_h2,3.4603015603722005,0.15090873570658922,0.2902857272897049,-0.0007492710062581239,7.506029256458367e-07,3.4600667793004507,0.15083860159506174,0.29028014678942937,-0.0035734420737957564,0.0,-0.00011293957349409475,3.3210150877467677,2.154029810865774,0.29565986149256906,2.7777777778,2.3935885168229336e-07,5.597299855523933e-41,2.393656123711828e-07,-2.058887768793945e-41,2.393656123711828e-07,-1.5655569186898917e-41,2.393656123711828e-07,0.29028014678942937,-2.058887768793945e-41,False,True,Solve_Succeeded,9,0.013581353996414691,0.015945688995998353,0.016293475004204083,True,3.0086494406944553e-10,603.1279536322679,shifted_warm_start,
39.8,54.866,54.834,4.566666700000001,1,learned_h2,3.4601300106486943,0.15085752269668815,0.2902857108399691,-0.0007366471249369079,7.497963591329182e-07,3.4598982878670785,0.15078830217083944,0.29028012803997033,-0.003561432465021752,0.0,-0.0001129541474064236,3.3208452533824278,2.1539776767257783,0.295659177590026,2.7777777778,2.393656123711828e-07,-2.058887768793945e-41,2.3937395683051206e-07,-2.8312767711099156e-40,2.3937395683051206e-07,-2.15287351011541e-40,2.3937395683051206e-07,0.29028012803997033,-2.8312767711099156e-40,False,True,Solve_Succeeded,9,0.012846803998399992,0.015762716997414827,0.016093699996417854,True,3.026784933801707e-10,603.1061580935793,shifted_warm_start,
39.9,54.966,54.936,4.566666700000001,1,learned_h2,3.4599596868832236,0.1508066759150671,0.2902856943896796,-0.0007241825340384134,7.389832237915774e-07,3.4597309587657334,0.15073834996830493,0.2902801087030955,-0.0035494716167852594,0.0,-0.00011296359864228735,3.320676632713995,2.1539259155098947,0.2956584984257848,2.7777777778,2.3937395683051206e-07,-2.8312767711099156e-40,2.393822451513214e-07,-2.2809087340161885e-42,2.393822451513214e-07,-1.734379359362071e-42,2.393822451513214e-07,0.2902801087030955,-2.2809087340161885e-42,False,True,Solve_Succeeded,9,0.013474384002620354,0.015717458998551592,0.016168128000572324,True,3.044877683322511e-10,603.0845129779331,shifted_warm_start,
40.0,55.066,55.038,4.566666700000001,1,learned_h2,3.4597905736087764,0.1507561907323741,0.2902856779480241,-0.0007118752262811907,7.492228199394961e-07,3.459564764126832,0.15068873665265567,0.2902800925116032,-0.0035378408440526407,0.0,-0.00011294594503658971,3.3205092104292335,2.153874522503318,0.2956578239495154,2.7777777778,2.393822451513214e-07,-2.2809087340161885e-42,2.3939047433710556e-07,3.148532423525483e-40,2.3939047433710556e-07,2.3941114198066283e-40,2.3939047433710556e-07,0.2902800925116032,3.148532423525483e-40,False,True,Solve_Succeeded,9,0.014006833996973,0.016554029993130825,0.017029957998602185,True,3.062949338605847e-10,603.0630175069873,shifted_warm_start,
40.1,55.166,55.14,4.566666700000001,1,learned_h2,3.4596226555485092,0.15070606259433705,0.29028566150020524,-0.0006997232151537649,7.505710035769279e-07,3.459399698513126,0.15063946060958397,0.2902800746879564,-0.0035263568332977125,0.0,-0.0001129456650544373,3.320342971404074,2.1538234930674,0.29565715408762566,2.7777777778,2.3939047433710556e-07,3.148532423525483e-40,2.39398650226391e-07,6.214598332238501e-41,2.39398650226391e-07,4.725516156528474e-41,2.39398650226391e-07,0.2902800746879564,6.214598332238501e-41,False,True,Solve_Succeeded,9,0.01618181600497337,0.018468195994501002,0.018988102005096152,True,3.081012112104986e-10,603.0416673348916,shifted_warm_start,
40.2,55.266,55.242,4.566666700000001,1,learned_h2,3.459455917619878,0.15065628699884653,0.2902856450480464,-0.0006877245411241033,7.390938093439783e-07,3.4592357480163822,0.15059051768777376,0.2902800552951175,-0.003515016787455608,0.0,-0.00011295642131651281,3.3201779007068293,2.15377282261676,0.29565648878388684,2.7777777778,2.39398650226391e-07,6.214598332238501e-41,2.394067734206145e-07,2.11004235606448e-40,2.394067734206145e-07,1.604454336624928e-40,2.394067734206145e-07,0.2902800552951175,2.11004235606448e-40,False,True,Solve_Succeeded,9,0.01375324899709085,0.015973399000358768,0.016409809002652764,True,3.099066003819928e-10,603.0204607018316,shifted_warm_start,
40.3,55.366,55.344,4.566666700000001,1,learned_h2,3.4592903449356616,0.15060685948370042,0.2902856286068336,-0.0006758772724195827,7.50231874682352e-07,3.4590728987685204,0.1505419037288128,0.2902800391730794,-0.0035038207960960354,0.0,-0.0001129375301630279,3.320013983599287,2.153722506607022,0.29565582799627643,2.7777777778,2.394067734206145e-07,2.11004235606448e-40,2.3941483893831655e-07,1.4046099665534182e-40,2.3941483893831655e-07,1.0680508595602612e-40,2.3941483893831655e-07,0.2902800391730794,1.4046099665534182e-40,False,True,Solve_Succeeded,9,0.0150130089969025,0.017609551003261004,0.01802818699798081,True,3.117096580851353e-10,602.9993994813908,shifted_warm_start,
40.4,55.466,55.446,4.566666700000001,1,learned_h2,3.459125922788661,0.15055777566908768,0.290285612156443,-0.0006641794962413209,7.494950135875116e-07,3.458911137207122,0.1504936146955656,0.2902800210413983,-0.003492765981090322,0.0,-0.00011294004779145192,3.3198512055212976,2.1536725405772237,0.295655171648048,2.7777777778,2.3941483893831655e-07,1.4046099665534182e-40,2.3942285360842777e-07,-2.321381417927194e-41,2.3942285360842777e-07,-1.7651543687021579e-41,2.3942285360842777e-07,0.2902800210413983,-2.321381417927194e-41,False,True,Solve_Succeeded,9,0.01454272099363152,0.016889556995010935,0.017249626995180734,True,3.1351199414331177e-10,602.978477896472,shifted_warm_start,
40.5,55.566,55.548,4.566666700000001,1,learned_h2,3.458962636661307,0.1505090312168586,0.2902855957056819,-0.0006526293268117281,7.392615171753205e-07,3.458750449926163,0.1504456465818002,0.2902800019131964,-0.0034818498175817753,0.0,-0.00011294876459155191,3.3196895521005274,2.1536229201091364,0.29565451969211,2.7777777778,2.3942285360842777e-07,-2.321381417927194e-41,2.394308168984025e-07,-2.011189712638148e-40,2.394308168984025e-07,-1.5292878111870046e-40,2.394308168984025e-07,0.2902800019131964,-2.011189712638148e-40,False,True,Solve_Succeeded,9,0.013671533000888303,0.016090254997834563,0.01656523199926596,True,3.153132199784636e-10,602.9576949740433,shifted_warm_start,
40.6,55.666,55.65,4.566666700000001,1,learned_h2,3.4588004722217356,0.15046062183494063,0.2902855792639485,-0.0006412249040483772,7.490092908320392e-07,3.4585908235680694,0.1503979953860115,0.29027998551702483,-0.0034710723096527136,0.0,-0.0001129320402535915,3.3195290091485328,2.1535736408316524,0.29565387208267,2.7777777778,2.394308168984025e-07,-2.011189712638148e-40,2.3943872510022746e-07,6.893704636617237e-41,2.3943872510022746e-07,5.241901551332603e-41,2.3943872510022746e-07,0.29027998551702483,6.893704636617237e-41,False,True,Solve_Succeeded,9,0.013043263999861665,0.0156643640002585,0.016011249004804995,True,3.1711228087871746e-10,602.9370518102666,shifted_warm_start,
40.7,55.766,55.752,4.566666700000001,1,learned_h2,3.4586394153116733,0.15041254330973247,0.29028556281108986,-0.0006299643860964288,7.380855610030851e-07,3.4584322450898166,0.15035065722847138,0.2902799661275166,-0.0034604301896256715,0.0,-0.00011294583279774682,3.31936956264859,2.1535246984531184,0.2956532287450464,2.7777777778,2.3943872510022746e-07,6.893704636617237e-41,2.394465855386851e-07,-8.621387368677422e-42,2.394465855386851e-07,-6.555613593083323e-42,2.394465855386851e-07,0.2902799661275166,-8.621387368677422e-42,False,True,Solve_Succeeded,9,0.01661356600379804,0.019388419997994788,0.01974009400146315,True,3.189108421786102e-10,602.9165423582066,shifted_warm_start,
40.8,55.866,55.854,4.566666700000001,1,learned_h2,3.4584794519594504,0.15036479145399373,0.29028554636212334,-0.0006188459597845059,7.384273083888218e-07,3.4582747015131314,0.15030362821810128,0.2902799485515014,-0.0034499224079731898,0.0,-0.00011293930532882712,3.3192111987688633,2.153476088709294,0.2956525896404412,2.7777777778,2.394465855386851e-07,-8.621387368677422e-42,2.394543932271543e-07,-1.2922669463588841e-40,2.394543932271543e-07,-9.8262639145771e-41,2.394543932271543e-07,0.2902799485515014,-1.2922669463588841e-40,False,True,Solve_Succeeded,9,0.01629986300395103,0.018896770998253487,0.01925734299584292,True,3.2070757161051233e-10,602.8961685830058,shifted_warm_start,
40.9,55.966,55.956,4.566666700000001,1,learned_h2,3.4583205683657643,0.15031736214643382,0.2902855299215655,-0.0006078678324385547,7.501008313773371e-07,3.45811818000651,0.15025690452279783,0.29027993214016123,-0.003439548128979111,0.0,-0.00011292425829186404,3.3190539038480833,2.1534278074028608,0.29565195472021194,2.7777777778,2.394543932271543e-07,-1.2922669463588841e-40,2.39462149547774e-07,3.41990409392911e-41,2.39462149547774e-07,2.6004596251707793e-41,2.39462149547774e-07,0.29027993214016123,3.41990409392911e-41,False,True,Solve_Succeeded,9,0.014588596997782588,0.01723978299560258,0.01777631100412691,True,3.225025801967263e-10,602.8759283228896,shifted_warm_start,
41.0,56.066,56.058,4.566666700000001,1,learned_h2,3.4581627509017454,0.1502702513300374,0.290285513468221,-0.0005970282312805745,7.382536054201281e-07,3.457962668028339,0.15021048241083926,0.29027991268923137,-0.003429303709348864,0.0,-0.0001129393811389727,3.318897664393639,2.1533798504017354,0.29565132391065535,2.7777777778,2.39462149547774e-07,3.41990409392911e-41,2.3946986002400865e-07,-7.637160002186762e-41,2.3946986002400865e-07,-5.807217305277897e-41,2.3946986002400865e-07,0.29027991268923137,-7.637160002186762e-41,False,True,Solve_Succeeded,9,0.0134639129973948,0.01562878400000045,0.015947211999446154,True,3.2429708918257916e-10,602.8558167534143,shifted_warm_start,
41.1,56.166,56.16,4.566666700000001,1,learned_h2,3.458005986119744,0.15022345496793715,0.29028549702715983,-0.0005863254120962044,7.499347497685673e-07,3.457808153024693,0.15016435811160403,0.2902798964702109,-0.003419189234300048,0.0,-0.0001129195599393873,3.318742467092503,2.153332213595002,0.2956506971850264,2.7777777778,2.3946986002400865e-07,-7.637160002186762e-41,2.3947751793651294e-07,-4.395645624702398e-42,2.3947751793651294e-07,-3.34240337145376e-42,2.3947751793651294e-07,0.2902798964702109,-4.395645624702398e-42,False,True,Solve_Succeeded,9,0.01732073199673323,0.02047065599617781,0.02082070700271288,True,3.2608932221123155e-10,602.8358370073486,shifted_warm_start,
41.2,56.266,56.262,4.566666700000001,1,learned_h2,3.45785026073136,0.15017696910907816,0.29028548057417697,-0.0005757576456431055,7.393586197747578e-07,3.457654622726232,0.1501185279791783,0.2902798771870206,-0.0034092018678660513,0.0,-0.00011293377852436761,3.3185882987891038,2.1532848929584554,0.29565007446791175,2.7777777778,2.3947751793651294e-07,-4.395645624702398e-42,2.394851312413659e-07,-2.1625187581050157e-40,2.394851312413659e-07,-1.6443568488102509e-40,2.394851312413659e-07,0.2902798771870206,-2.1625187581050157e-40,False,True,Solve_Succeeded,9,0.013707578000321519,0.01628841999627184,0.01661652699840488,True,3.278811111506741e-10,602.8159827056163,shifted_warm_start,
41.3,56.366,56.364,4.566666700000001,1,learned_h2,3.45769556162425,0.15013078982418265,0.290285464123469,-0.0005653232305303617,7.399517559552946e-07,3.4575020649415618,0.15007298835885638,0.29027985962339314,-0.0033993405210782576,0.0,-0.00011292713360510617,3.3184351465023267,2.1532378844906597,0.2956494557229742,2.7777777778,2.394851312413659e-07,-2.1625187581050157e-40,2.394926949398339e-07,1.5594299647487644e-41,2.394926949398339e-07,1.1857743814539592e-41,2.394926949398339e-07,0.29027985962339314,1.5594299647487644e-41,False,True,Solve_Succeeded,9,0.020552920002955943,0.02361841400124831,0.02410621700255433,True,3.2967095719982353e-10,602.7962558990532,shifted_warm_start,
41.4,56.466,56.432,4.566666700000001,1,learned_h2,3.457592992640448,0.15010017204087606,0.29028545315929505,-0.000558440205727544,7.398291849289733e-07,3.4573830481347843,0.15003745721636888,0.29027987300891744,-0.003393046031272202,0.0,-0.0001129134916488545,3.318333603093536,2.1532067169917437,0.29564904541013903,2.7777777778,2.394926949398339e-07,1.5594299647487644e-41,2.394985649688347e-07,-8.003535671336047e-41,2.394985649688347e-07,-6.085805566556604e-41,2.394985649688347e-07,0.29027987300891744,-8.003535671336047e-41,False,True,Solve_Succeeded,9,0.022337664995575324,0.025786654005059972,0.02641245500126388,True,3.310630103392498e-10,602.780885534161,shifted_warm_start,
41.5,56.566,56.534,4.566666700000001,1,learned_h2,3.4574399753045073,0.1500544951400788,0.2902854367175518,-0.0005482243137226086,7.489139294751519e-07,3.4572324138927994,0.1499924922032378,0.2902798558430721,-0.0033833277308301236,0.0,-0.00011291410924404446,3.318182115757241,2.15316022007481,0.29564843318005396,2.7777777778,2.394985649688347e-07,-8.003535671336047e-41,2.3950603393404484e-07,1.7813632196115998e-42,2.3950603393404484e-07,1.3545301280779763e-42,2.3950603393404484e-07,0.2902798558430721,1.7813632196115998e-42,False,True,Solve_Succeeded,9,0.013620722005725838,0.01658676900115097,0.016907120996620506,True,3.328511910538623e-10,602.7614085109359,shifted_warm_start,
41.6,56.666,56.636,4.566666700000001,1,learned_h2,3.4572879500747504,0.15000911461588026,0.29028542026512644,-0.0005381373311640478,7.396097852492725e-07,3.4570827202835175,0.149947808190589,0.29027983653576145,-0.003373648549877301,0.0,-0.0001129255139833616,3.318031610604272,2.153114024941284,0.2956478247774513,2.7777777778,2.3950603393404484e-07,1.7813632196115998e-42,2.3951345935571483e-07,7.763999058506231e-41,2.3951345935571483e-07,5.903664408996115e-41,2.3951345935571483e-07,0.29027983653576145,7.763999058506231e-41,False,True,Solve_Succeeded,9,0.012302734998229425,0.014572508000128437,0.015040450998640154,True,3.346352639432837e-10,602.742051903302,shifted_warm_start,
41.7,56.766,56.738,4.566666700000001,1,learned_h2,3.457136904436376,0.1499640267141546,0.2902854038227323,-0.0005281776344328816,7.487338040499375e-07,3.456933944747591,0.14990339842312098,0.29027982015844905,-0.003364236305043943,0.0,-0.00011290969475361947,3.317882075245097,2.1530681277682326,0.29564722017479445,2.7777777778,2.3951345935571483e-07,7.763999058506231e-41,2.3952083641204953e-07,3.4959976097466657e-41,2.3952083641204953e-07,2.6583203458769865e-41,2.3952083641204953e-07,0.29027982015844905,3.4959976097466657e-41,False,True,Solve_Succeeded,9,0.013608367997221649,0.01606631700269645,0.016443210995930713,True,3.3641728292010953e-10,602.722816639784,shifted_warm_start,
41.8,56.866,56.84,4.566666700000001,1,learned_h2,3.4569868260240355,0.14991922775640798,0.2902853873700011,-0.0005183436145183261,7.384874735220711e-07,3.456786082898003,0.14985926160638946,0.2902798007293997,-0.0033549423250581276,0.0,-0.0001129227615110615,3.3177334974379744,2.1530225248092028,0.29564661930403413,2.7777777778,2.3952083641204953e-07,3.4959976097466657e-41,2.395281723049933e-07,7.378848483414532e-41,2.395281723049933e-07,5.6107999038437e-41,2.395281723049933e-07,0.2902798007293997,7.378848483414532e-41,False,True,Solve_Succeeded,9,0.013285021996125579,0.015457329005585052,0.01594073999876855,True,3.3819891331887675e-10,602.7036975995868,shifted_warm_start,
41.9,56.966,56.942,4.566666700000001,1,learned_h2,3.4568377026370785,0.14987471408155245,0.29028537092738577,-0.0005086336888468108,7.486517201362574e-07,3.4566391233973492,0.14981539433641122,0.29027978447162434,-0.0033457661634612103,0.0,-0.00011290549663116816,3.3175858651043857,2.152977212336065,0.29564602213857477,2.7777777778,2.395281723049933e-07,7.378848483414532e-41,2.395354603105984e-07,7.381248103776694e-41,2.395354603105984e-07,5.612624550294639e-41,2.395354603105984e-07,0.29027978447162434,7.381248103776694e-41,False,True,Solve_Succeeded,9,0.0135338510008296,0.01729389899992384,0.017681764998997096,True,3.3997821224929226e-10,602.6846980386189,shifted_warm_start,
42.0,57.066,57.044,4.566666700000001,1,learned_h2,3.4566895222198624,0.14983048210458766,0.2902853544749666,-0.0004990462885466907,7.396640109563142e-07,3.4564930551370727,0.14977179331185547,0.29027976523151433,-0.0033367053409384733,0.0,-0.00011291754120121094,3.3174391663091916,2.152932186697593,0.29564542861200005,2.7777777778,2.395354603105984e-07,7.381248103776694e-41,2.3954270816526525e-07,-1.583736481159928e-41,2.3954270816526525e-07,-1.2042568045920778e-41,2.3954270816526525e-07,0.29027976523151433,-1.583736481159928e-41,False,True,Solve_Succeeded,9,0.013056438998319209,0.015428669001266826,0.01578417999553494,True,3.4175728913510284e-10,602.66581183692,shifted_warm_start,
42.1,57.166,57.146,4.566666700000001,1,learned_h2,3.4565422728774373,0.1497865282569834,0.29028533803127016,-0.00048957987054553,7.486781679958818e-07,3.456347867065432,0.14972845521539108,0.2902797487574575,-0.0033277592651752676,0.0,-0.00011290200496163281,3.317293389276506,2.152887444259934,0.2956448386969572,2.7777777778,2.3954270816526525e-07,-1.583736481159928e-41,2.3954990968573017e-07,-4.883602774572083e-43,2.3954990968573017e-07,-3.713440930460765e-43,2.3954990968573017e-07,0.2902797487574575,-4.883602774572083e-43,False,True,Solve_Succeeded,9,0.012429596994479652,0.01475808500254061,0.015055502000905108,True,3.4353414557486417e-10,602.6470419269577,shifted_warm_start,
42.2,57.266,57.248,4.566666700000001,1,learned_h2,3.4563959428568833,0.14974284904224092,0.2902853215793796,-0.0004802329055361434,7.397374569753493e-07,3.4562035483411444,0.1496853768234954,0.2902797295784171,-0.0033189256409863017,0.0,-0.00011291362487972248,3.317148522370895,2.152842981462058,0.29564425233119185,2.7777777778,2.3954990968573017e-07,-4.883602774572083e-43,2.395570717979738e-07,8.227198674688856e-42,2.395570717979738e-07,6.255876596003276e-42,2.395570717979738e-07,0.2902797295784171,8.227198674688856e-42,False,True,Solve_Succeeded,9,0.013433804000669625,0.0158545000012964,0.016162507003173232,True,3.453106689477181e-10,602.6283827423273,shifted_warm_start,
42.3,57.366,57.35,4.566666700000001,1,learned_h2,3.4562505205614675,0.14969944098155402,0.29028530513604717,-0.00047100388906960375,7.485720112885922e-07,3.4560600881821912,0.14964255490011708,0.29027971304005906,-0.003310203923797936,0.0,-0.0001128984043948108,3.317004554111703,2.152798794761506,0.29564366948671744,2.7777777778,2.395570717979738e-07,8.227198674688856e-42,2.3956418877623064e-07,1.1877198378105036e-40,2.3956418877623064e-07,9.03129853765023e-41,2.3956418877623064e-07,0.29027971304005906,1.1877198378105036e-40,False,True,Solve_Succeeded,9,0.013436287998047192,0.015799639993929304,0.016199921003135387,True,3.4708502738567404e-10,602.6098369444538,shifted_warm_start,
42.4,57.466,57.452,4.566666700000001,1,learned_h2,3.45610599453261,0.1496563006673461,0.2902852886826575,-0.00046189133013240945,7.38738262907391e-07,3.4559174760177083,0.14959998630347693,0.29027969378365753,-0.0033015917790364673,0.0,-0.00011291103640539506,3.316861473154885,2.1527548806878185,0.2956430901007077,2.7777777778,2.3956418877623064e-07,1.1877198378105036e-40,2.3957126740243796e-07,-1.2305620105736903e-40,2.3957126740243796e-07,-9.357065978681773e-41,2.3957126740243796e-07,0.29027969378365753,-1.2305620105736903e-40,False,True,Solve_Succeeded,9,0.01464651199785294,0.01700764999986859,0.017526107003504876,True,3.488590527567226e-10,602.5913990880963,shifted_warm_start,
42.5,57.566,57.554,4.566666700000001,1,learned_h2,3.455962353465114,0.14961342470556996,0.29028527224054484,-0.0004528937622813278,7.496193220611318e-07,3.455775701321286,0.14955766787153324,0.2902796774783439,-0.0032930888817219546,0.0,-0.0001128932372105443,3.3167192683084155,2.152711235784927,0.2956425141508749,2.7777777778,2.3957126740243796e-07,-1.2305620105736903e-40,2.395783015599565e-07,7.675948074813457e-41,2.395783015599565e-07,5.836711353658658e-41,2.395783015599565e-07,0.2902796774783439,7.675948074813457e-41,False,True,Solve_Succeeded,9,0.013124877994414419,0.015637286996934563,0.01610661399899982,True,3.5063096870402433e-10,602.5730721132292,shifted_warm_start,
42.6,57.666,57.656,4.566666700000001,1,learned_h2,3.4558195861868204,0.14957080977719805,0.2902852557865352,-0.00044400973132448267,7.388510505764249e-07,3.455634753792694,0.14951559654639388,0.29027965810775797,-0.003284692704766038,0.0,-0.00011290767853460949,3.3165779285117916,2.1526678566725246,0.2956419415709297,2.7777777778,2.395783015599565e-07,7.675948074813457e-41,2.3958529878712647e-07,-4.320422016870487e-41,2.3958529878712647e-07,-3.285204119763101e-41,2.3958529878712647e-07,0.29027965810775797,-4.320422016870487e-41,False,True,Solve_Succeeded,9,0.014062629001273308,0.01635420700040413,0.016944250994129106,True,3.524026070955699e-10,602.5548501106526,shifted_warm_start,
42.7,57.766,57.758,4.566666700000001,1,learned_h2,3.4556776816764962,0.14952845257172148,0.2902852393432008,-0.00043523780791442416,7.486684396983955e-07,3.4554946231626036,0.14947376924151165,0.2902796416467758,-0.0032764029701909253,0.0,-0.00011289076227537773,3.316437442854118,2.1526247399796667,0.2956413723409104,2.7777777778,2.3958529878712647e-07,-4.320422016870487e-41,2.395922525969104e-07,-2.9890653369040692e-40,2.395922525969104e-07,-2.2728543000415634e-40,2.395922525969104e-07,0.2902796416467758,-2.9890653369040692e-40,False,True,Solve_Succeeded,9,0.012439835001714528,0.015002494998043403,0.015376181996543892,True,3.541721360633687e-10,602.5367362860147,shifted_warm_start,
42.8,57.866,57.86,4.566666700000001,1,learned_h2,3.455536629042064,0.14948634985360262,0.2902852228890606,-0.00042657657439969026,7.3922317506141e-07,3.455355299374495,0.14943218297155264,0.29027962248989597,-0.0032682174038741827,0.0,-0.00011290342896572236,3.316297800552169,2.1525818824111034,0.2956408063972937,2.7777777778,2.395922525969104e-07,-2.9890653369040692e-40,2.3959917003574406e-07,3.911793409934106e-41,2.3959917003574406e-07,2.9744871625495443e-41,2.3959917003574406e-07,0.29027962248989597,3.911793409934106e-41,False,True,Solve_Succeeded,9,0.013574626005720347,0.016013364998798352,0.016416957005276345,True,3.559413874754114e-10,602.5187250745207,shifted_warm_start,
42.9,57.966,57.962,4.566666700000001,1,learned_h2,3.4553964175382523,0.14944449839672794,0.2902852064445181,-0.00041802463647853234,7.397896617490405e-07,3.4552167724393352,0.14939083473586173,0.2902796048898991,-0.003260135139147845,0.0,-0.00011289763267050848,3.31615899096824,2.1525392806818293,0.29564024371900544,2.7777777778,2.3959917003574406e-07,3.911793409934106e-41,2.396060466173107e-07,2.1637666297507366e-42,2.396060466173107e-07,1.645305717475268e-42,2.396060466173107e-07,0.2902796048898991,2.1637666297507366e-42,False,True,Solve_Succeeded,9,0.013248606999695767,0.015714699002273846,0.0161817769985646,True,3.577089735529171e-10,602.5008184085483,shifted_warm_start,
43.0,58.066,58.064,4.566666700000001,1,learned_h2,3.455257036549726,0.1494028950346081,0.29028519000082276,-0.00040958061472921994,7.48332247455867e-07,3.4550790324736917,0.14934972158667956,0.2902795879964842,-0.003252155574342905,0.0,-0.000112886699987608,3.316021003593153,2.1524969315671867,0.29563968425631404,2.7777777778,2.396060466173107e-07,2.1637666297507366e-42,2.396128838179668e-07,-2.664009632753223e-41,2.396128838179668e-07,-2.0256853118596232e-41,2.396128838179668e-07,0.2902795879964842,-2.664009632753223e-41,False,True,Solve_Succeeded,9,0.012625859999388922,0.014828687999397516,0.015123150005820207,True,3.59475171851642e-10,602.4830143592235,shifted_warm_start,
43.1,58.166,58.132,4.566666700000001,1,learned_h2,3.45516457210642,0.1493752957454051,0.2902851790358627,-0.0004040105465263956,7.494527711003883e-07,3.4549747265117934,0.14931858495464778,0.2902796015888134,-0.0032470619128839246,0.0,-0.00011287647166140264,3.3159294636625933,2.152468837592291,0.29563931304465707,2.7777777778,2.396128838179668e-07,-2.664009632753223e-41,2.396180312773539e-07,-4.645933416333495e-41,2.396180312773539e-07,-3.532719613937054e-41,2.396180312773539e-07,0.2902796015888134,-4.645933416333495e-41,False,True,Solve_Succeeded,9,0.013272208998387214,0.015694961002736818,0.01605363900307566,True,3.608063847693188e-10,602.469551006526,shifted_warm_start,
43.2,58.266,58.234,4.566666700000001,1,learned_h2,3.4550265520831758,0.14933409894709293,0.2902851625824747,-0.0003957433653408933,7.399766775706658e-07,3.4548385432395703,0.149277936838376,0.2902795818231514,-0.003239196534201116,0.0,-0.00011289633275489905,3.315792823640984,2.152426902447346,0.29563875884051183,2.7777777778,2.396180312773539e-07,-4.645933416333495e-41,2.396247954619667e-07,2.6791533855112168e-40,2.396247954619667e-07,2.037200464489382e-40,2.396247954619667e-07,0.2902795818231514,2.6791533855112168e-40,False,True,Solve_Succeeded,9,0.015845488000195473,0.01862280500063207,0.018957086002046708,True,3.6257263857919497e-10,602.4519466050457,shifted_warm_start,
43.3,58.366,58.336,4.566666700000001,1,learned_h2,3.4548893349228074,0.14929314197718285,0.29028514613845324,-0.0003875805081176626,7.483516129375243e-07,3.454703121109682,0.14923751608717717,0.2902795653296806,-0.0032313641818571557,0.0,-0.00011288188748192022,3.3156569784524295,2.1523852114992232,0.2956382077537132,2.7777777778,2.396247954619667e-07,2.6791533855112168e-40,2.3963151852281524e-07,-1.5662940757711848e-40,2.3963151852281524e-07,-1.190993780327799e-40,2.3963151852281524e-07,0.2902795653296806,-1.5662940757711848e-40,False,True,Solve_Succeeded,9,0.012725289001537021,0.015024397005618084,0.015338917997723911,True,3.643331192293431e-10,602.4344434146637,shifted_warm_start,
43.4,58.466,58.438,4.566666700000001,1,learned_h2,3.4547529104897325,0.14925242182382173,0.2902851296847778,-0.0003795206557393704,7.390749292888138e-07,3.4545684419676768,0.14919731729451177,0.2902795460093297,-0.003223746928999199,0.0,-0.00011289396802947307,3.315521918062642,2.1523437616805765,0.2956376597260987,2.7777777778,2.3963151852281524e-07,-1.5662940757711848e-40,2.396382084878504e-07,4.712791856772781e-42,2.396382084878504e-07,3.583558079048659e-42,2.396382084878504e-07,0.2902795460093297,4.712791856772781e-42,False,True,Solve_Succeeded,9,0.01756125000247266,0.02015732899599243,0.02065654499892844,True,3.6609354436833996e-10,602.4170344481668,shifted_warm_start,
43.5,58.566,58.54,4.566666700000001,1,learned_h2,3.45461726878368,0.1492119354883829,0.29028511323815587,-0.00037156251050149907,7.388089075051051e-07,3.4544345022054563,0.14915733937071593,0.2902795282935783,-0.003216225804598575,0.0,-0.00011288935897207727,3.3153876325714418,2.152302549938044,0.2956371147357528,2.7777777778,2.396382084878504e-07,4.712791856772781e-42,2.396448603446035e-07,-5.22015672049896e-42,2.396448603446035e-07,-3.969353062508085e-42,2.396448603446035e-07,0.2902795282935783,-5.22015672049896e-42,False,True,Solve_Succeeded,9,0.01609039300092263,0.018953646002046298,0.019361250000656582,True,3.678523041727999e-10,602.3997226014951,shifted_warm_start,
43.6,58.666,58.642,4.566666700000001,1,learned_h2,3.4544823999278544,0.14917168001913844,0.2902850967948478,-0.00036370478917087254,7.494101383459992e-07,3.454301292646439,0.14911757957326602,0.2902795118779792,-0.0032088004139263792,0.0,-0.0001128759105038497,3.31525411220083,2.1522615732658448,0.29563657274078786,2.7777777778,2.396448603446035e-07,-5.22015672049896e-42,2.396514748975478e-07,-3.519053068265854e-41,2.396514748975478e-07,-2.675851477561462e-41,2.396514748975478e-07,0.2902795118779792,-3.519053068265854e-41,False,True,Solve_Succeeded,9,0.019797026994638145,0.02263154300453607,0.023135597999498714,True,3.6960967619847906e-10,602.3825064508873,shifted_warm_start,
43.7,58.766,58.744,4.566666700000001,1,learned_h2,3.454348294166396,0.14913165251398655,0.2902850803421213,-0.00035594622221128545,7.400325476620762e-07,3.4541688043439662,0.1490780352422678,0.2902794925786714,-0.00320146785849309,0.0,-0.00011288850550621487,3.3151213472924628,2.1522208287085056,0.2956360336907853,2.7777777778,2.396514748975478e-07,-3.519053068265854e-41,2.396580574787596e-07,3.584379010180537e-41,2.396580574787596e-07,2.725524646679551e-41,2.396580574787596e-07,0.2902794925786714,3.584379010180537e-41,False,True,Solve_Succeeded,9,0.014483108003332745,0.016745193999668118,0.01721891299530398,True,3.71366992713007e-10,602.3653816556717,shifted_warm_start,
43.8,58.866,58.846,4.566666700000001,1,learned_h2,3.4542149418739214,0.14909185008272002,0.29028506389691466,-0.00034828556133849163,7.483610850120891e-07,3.4540370283251223,0.14903870368179734,0.2902794760008314,-0.003194228282866609,0.0,-0.00011287397749703545,3.314989328317312,2.1521803133231674,0.29563549756549967,2.7777777778,2.396580574787596e-07,3.584379010180537e-41,2.3966460196807346e-07,-2.300997122334133e-41,2.3966460196807346e-07,-1.7496543616196781e-41,2.3966460196807346e-07,0.2902794760008314,-2.300997122334133e-41,False,True,Solve_Succeeded,9,0.01257658100075787,0.015019898004538845,0.015408113999001216,True,3.7312242184839306e-10,602.3483513104301,shifted_warm_start,
43.9,58.966,58.948,4.566666700000001,1,learned_h2,3.4540823335376443,0.14905226990130604,0.2902850474415604,-0.0003407215685537878,7.407407034551978e-07,3.453905955819831,0.14899958229025295,0.2902794569826484,-0.0031870797264782727,0.0,-0.00011288423991443883,3.314858045857649,2.152140024233774,0.29563496431051034,2.7777777778,2.3966460196807346e-07,-2.300997122334133e-41,2.396711148332039e-07,1.0635938301550686e-41,2.396711148332039e-07,8.087457241297525e-42,2.396711148332039e-07,0.2902794569826484,1.0635938301550686e-41,False,True,Solve_Succeeded,9,0.02059448200452607,0.02331336899806047,0.02411407900217455,True,3.7487768445032543e-10,602.3314103555565,shifted_warm_start,
44.0,59.066,59.05,4.566666700000001,1,learned_h2,3.453950459774803,0.14901290914785936,0.29028503099658226,-0.00033325302575871736,7.390191838557697e-07,3.4537755781280093,0.1489606684493025,0.29027943905015746,-0.0031800212610548946,0.0,-0.00011288193090498108,3.314727490624659,2.15209995856714,0.29563443391008865,2.7777777778,2.396711148332039e-07,1.0635938301550686e-41,2.3967759237478274e-07,1.162735674025506e-42,2.3967759237478274e-07,8.841321545877646e-43,2.3967759237478274e-07,0.29027943905015746,1.162735674025506e-42,False,True,Solve_Succeeded,9,0.01868069500051206,0.021786946002976038,0.022443490001023747,True,3.766316702957795e-10,602.3145603370981,shifted_warm_start,
44.1,59.166,59.152,4.566666700000001,1,learned_h2,3.4538193113143443,0.14897376505850615,0.29028501455305067,-0.00032587872901008574,7.493397825838668e-07,3.453645886616217,0.1489219595855107,0.2902794225143557,-0.0031730526826983687,0.0,-0.00011286836852269324,3.314597653439994,2.1520601135087145,0.2956339063194795,2.7777777778,2.3967759237478274e-07,1.162735674025506e-42,2.396840346496191e-07,-7.519550505209066e-41,2.396840346496191e-07,-5.717788262817303e-41,2.396840346496191e-07,0.2902794225143557,-7.519550505209066e-41,False,True,Solve_Succeeded,9,0.015469395999389235,0.017736180001520552,0.018055088999972213,True,3.7838426836245276e-10,602.2978003733068,shifted_warm_start,
44.2,59.266,59.254,4.566666700000001,1,learned_h2,3.453688879000323,0.14893483491055132,0.2902849980981918,-0.00031859748654933636,7.393282309796924e-07,3.4535168728799266,0.1488834532010876,0.29027940322499096,-0.0031661712004983546,0.0,-0.00011288175633611951,3.314468525239219,2.1520204862857653,0.2956333814905263,2.7777777778,2.396840346496191e-07,-7.519550505209066e-41,2.396904469250899e-07,-2.891212629029823e-40,2.396904469250899e-07,-2.198448115232954e-40,2.396904469250899e-07,0.29027940322499096,-2.891212629029823e-40,False,True,Solve_Succeeded,9,0.016583557000558358,0.01917706699896371,0.019628268004453275,True,3.8013686642912603e-10,602.2811262198044,shifted_warm_start,
44.3,59.366,59.356,4.566666700000001,1,learned_h2,3.453559153799435,0.14889611599183855,0.29028498165165784,-0.00031140812650615944,7.39067271356726e-07,3.4533885285039356,0.14884514676806915,0.29027938552165783,-0.0031593765950019776,0.0,-0.00011287698220359383,3.3143400970794574,2.1519810741367733,0.295632859407969,2.7777777778,2.396904469250899e-07,-2.891212629029823e-40,2.396968245343658e-07,2.1654827958653538e-40,2.396968245343658e-07,1.6466106724004865e-40,2.396968245343658e-07,0.29027938552165783,2.1654827958653538e-40,False,True,Solve_Succeeded,9,0.01428375999967102,0.01728263500262983,0.017692343004455324,True,3.8188813222816975e-10,602.2645400811332,shifted_warm_start,
44.4,59.466,59.458,4.566666700000001,1,learned_h2,3.453430126788923,0.1488576056359659,0.2902849652082707,-0.00030430948955628137,7.492473523033929e-07,3.45326084517754,0.14880703780294488,0.2902793688761075,-0.0031526685669038524,0.0,-0.00011286420145105306,3.3142123601272027,2.1519418743465963,0.2956323400321435,2.7777777778,2.396968245343658e-07,2.1654827958653538e-40,2.3970316850216503e-07,4.4419649845088643e-41,2.3970316850216503e-07,3.377624132543024e-41,2.3970316850216503e-07,0.2902793688761075,4.4419649845088643e-41,False,True,Solve_Succeeded,9,0.014241527998819947,0.016764267995313276,0.017164578996016644,True,3.8363812127073516e-10,602.2480404761494,shifted_warm_start,
44.5,59.566,59.56,4.566666700000001,1,learned_h2,3.4533017891545414,0.14881930122383302,0.2902849487535739,-0.00029730042858629164,7.405188942186631e-07,3.4531338148064714,0.14876912390203992,0.2902793498009162,-0.0031460443622138125,0.0,-0.00011287606837578291,3.3140853056562976,2.1519028842479937,0.295631823314521,2.7777777778,2.3970316850216503e-07,4.4419649845088643e-41,2.3970948330510704e-07,1.5439429546292135e-40,2.3970948330510704e-07,1.1739982194843895e-40,2.3970948330510704e-07,0.2902793498009162,1.5439429546292135e-40,False,True,Solve_Succeeded,9,0.015506067000387702,0.018653207996976562,0.01928396000585053,True,3.853881658244518e-10,602.23162370595,shifted_warm_start,
44.6,59.666,59.662,4.566666700000001,1,learned_h2,3.4531741322005263,0.14878120014507554,0.29028493230720415,-0.00029037981542326125,7.402093669264842e-07,3.453007429283994,0.14873140263057436,0.29027933206776846,-0.003139503758671737,0.0,-0.00011287182061928038,3.3139589250580217,2.151864101183116,0.29563130924112363,2.7777777778,2.3970948330510704e-07,1.5439429546292135e-40,2.3971576492566817e-07,9.728562890397256e-42,2.3971576492566817e-07,7.39749838374772e-42,2.3971576492566817e-07,0.29027933206776846,9.728562890397256e-42,False,True,Solve_Succeeded,9,0.014776637995964848,0.018383157999778632,0.018843845995434094,True,3.871369336216901e-10,602.2152915834428,shifted_warm_start,
44.7,59.766,59.764,4.566666700000001,1,learned_h2,3.4530471473374615,0.14874329983355383,0.29028491586260086,-0.0002835465340791554,7.492433692555802e-07,3.4528816806048335,0.14869387159695296,0.2902793152278027,-0.003133046439352084,0.0,-0.00011286033996222126,3.3138332098288723,2.15182552253893,0.2956307977721837,2.7777777778,2.3971576492566817e-07,9.728562890397256e-42,2.3972201428081787e-07,6.456923449522365e-42,2.3972201428081787e-07,4.9097776639725256e-42,2.3972201428081787e-07,0.2902793152278027,6.456923449522365e-42,False,True,Solve_Succeeded,9,0.01839516600011848,0.021267866999551188,0.02173754500108771,True,3.888845911959038e-10,602.1990427279555,shifted_warm_start,
44.8,59.866,59.866,4.566666700000001,1,learned_h2,3.4529208260802093,0.1487055977693522,0.2902848994063699,-0.000276799480401627,7.408492923826691e-07,3.4527565609662516,0.14865652848539704,0.29027929625647547,-0.003126669843487454,0.0,-0.00011287151141653322,3.3137081515685,2.151787145749206,0.29563028886150045,2.7777777778,2.3972201428081787e-07,6.456923449522365e-42,2.397282352913653e-07,1.601368011556006e-41,2.397282352913653e-07,1.217663637551623e-41,2.397282352913653e-07,0.29027929625647547,1.601368011556006e-41,False,True,Solve_Succeeded,9,0.018990805998328142,0.021932463001576252,0.022355667999363504,True,3.906322487701175e-10,602.1828738311825,shifted_warm_start,
44.9,59.966,59.934,4.566666700000001,1,learned_h2,3.452836976443229,0.14868057194612383,0.29028488844841127,-0.0002723488127284829,7.48041122066422e-07,3.4526647884742894,0.14862913591880522,0.290279310658989,-0.003122599827946495,0.0,-0.00011285089697624582,3.3136251402836456,2.151761672090363,0.29562995101229705,2.7777777778,2.397282352913653e-07,1.601368011556006e-41,2.397327656746189e-07,-2.8577088317879203e-40,2.397327656746189e-07,-2.1729721750824284e-40,2.397327656746189e-07,0.290279310658989,-2.8577088317879203e-40,False,True,Solve_Succeeded,9,0.014189286004693713,0.016976242004602682,0.017336292999971192,True,3.919052304901527e-10,602.171035115203,shifted_warm_start,
45.0,60.066,60.036,4.566666700000001,1,learned_h2,3.4527117426446754,0.14864319473122142,0.2902848719949794,-0.0002657430630065618,7.391403159156082e-07,3.4525409129190945,0.1485921644441902,0.2902792909552848,-0.0031163152896384358,0.0,-0.00011287092654600911,3.3135011586059107,2.1517236260606087,0.2956294463158223,2.7777777778,2.397327656746189e-07,-2.8577088317879203e-40,2.3973892645318245e-07,-3.5982016669252796e-43,2.3973892645318245e-07,-2.7360352515942053e-43,2.3973892645318245e-07,0.2902792909552848,-3.5982016669252796e-43,False,True,Solve_Succeeded,9,0.014458289006142877,0.016966360999504104,0.01727862600091612,True,3.936534431758787e-10,602.1550269158346,shifted_warm_start,
45.1,60.166,60.138,4.566666700000001,1,learned_h2,3.4525871503589123,0.14860600915044597,0.2902848555472384,-0.00025922067199523203,7.40262397964794e-07,3.452417645724338,0.14855537470006894,0.2902792734137284,-0.0031100566384473873,0.0,-0.00011286509017394909,3.3133778120249784,2.1516857751515763,0.29562894410949103,2.7777777778,2.3973892645318245e-07,-3.5982016669252796e-43,2.3974505487219895e-07,-6.579272587007229e-42,2.3974505487219895e-07,-5.0028106799476375e-42,2.3974505487219895e-07,0.2902792734137284,-6.579272587007229e-42,False,True,Solve_Succeeded,9,0.015267577997292392,0.018092651000188198,0.0186246309967828,True,3.9539621576878403e-10,602.1390992523542,shifted_warm_start,
45.2,60.266,60.24,4.566666700000001,1,learned_h2,3.4524631914908532,0.1485690127850206,0.2902848391020704,-0.0002527805876298125,7.480690018825284e-07,3.4522949723126812,0.1485187623314337,0.2902792565934103,-0.00310397087761699,0.0,-0.00011285556172048113,3.3132550925267323,2.1516481169003363,0.29562844435887903,2.7777777778,2.3974505487219895e-07,-6.579272587007229e-42,2.397511533369373e-07,-1.8583594370355075e-40,2.397511533369373e-07,-1.4130772537290074e-40,2.397511533369373e-07,0.2902792565934103,-1.8583594370355075e-40,False,True,Solve_Succeeded,9,0.016520370001671836,0.018992330005858094,0.019330607996380422,True,3.971381556944209e-10,602.1232491402642,shifted_warm_start,
45.3,60.366,60.342,4.566666700000001,1,learned_h2,3.4523398580447013,0.14853220325626493,0.29028482264762256,-0.00024642176944747647,7.394748992301539e-07,3.4521728898802557,0.1484823265108752,0.2902792374162128,-0.003097961144391385,0.0,-0.00011286658975424732,3.313132992195296,2.1516106488846027,0.2956279470212072,2.7777777778,2.397511533369373e-07,-1.8583594370355075e-40,2.3975722558495287e-07,5.615135371789086e-40,2.3975722558495287e-07,4.269690734932202e-40,2.3975722558495287e-07,0.2902792374162128,5.615135371789086e-40,False,True,Solve_Succeeded,9,0.012657864994253032,0.014938507993065286,0.01538510899990797,True,3.9888026215351147e-10,602.1074738748482,shifted_warm_start,
45.4,60.466,60.444,4.566666700000001,1,learned_h2,3.4522171421310444,0.14849557819711418,0.29028480620135133,-0.00024014319398489586,7.403623298928057e-07,3.452051391082756,0.14844606503374758,0.2902792198265047,-0.0030920273821866857,0.0,-0.00011286123844753056,3.3130115032202223,2.1515733686942964,0.29562745208341623,2.7777777778,2.3975722558495287e-07,5.615135371789086e-40,2.397632673579927e-07,4.590910243849319e-42,2.397632673579927e-07,3.4908805639040706e-42,2.397632673579927e-07,0.2902792198265047,4.590910243849319e-42,False,True,Solve_Succeeded,9,0.01331414699961897,0.01572995899914531,0.016051304002758116,True,4.006212028784262e-10,602.0917755006421,shifted_warm_start,
45.5,60.566,60.546,4.566666700000001,1,learned_h2,3.4520950359570777,0.1484591352802742,0.2902847897553615,-0.00023394384849205618,7.481223855976779e-07,3.451930468683372,0.14840997573893575,0.29027920295413684,-0.003086169124526165,0.0,-0.00011285172434420214,3.3128906178866453,2.1515362739596453,0.2956269595074656,2.7777777778,2.397632673579927e-07,4.590910243849319e-42,2.3976928002918284e-07,6.2110281454377e-42,2.3976928002918284e-07,4.722801423490702e-42,2.3976928002918284e-07,0.29027920295413684,6.2110281454377e-42,False,True,Solve_Succeeded,9,0.012739361998683307,0.015159759001107886,0.015555600002699066,True,4.0236136644722365e-10,602.0761524167486,shifted_warm_start,
45.6,60.666,60.648,4.566666700000001,1,learned_h2,3.4519735318266274,0.14842287221353445,0.2902847733084904,-0.00022782273209490822,7.490842076761554e-07,3.4518101156001917,0.14837405651790572,0.2902791850752148,-0.003080384508900766,0.0,-0.000112851836393225,3.3127703285753323,2.1514993623464904,0.29562646926241914,2.7777777778,2.3976928002918284e-07,6.2110281454377e-42,2.3977526596319777e-07,1.1801502535099167e-41,2.3977526596319777e-07,8.973740203228088e-42,2.3977526596319777e-07,0.2902791850752148,1.1801502535099167e-41,False,True,Solve_Succeeded,9,0.015463637006178033,0.0184328729956178,0.018795439005771186,True,4.041013634825674e-10,602.0606023952404,shifted_warm_start,
45.7,60.766,60.75,4.566666700000001,1,learned_h2,3.4518526221425794,0.1483867867270523,0.2902847568536876,-0.00022177885740851512,7.39343866279065e-07,3.451690324817041,0.1483383052743812,0.2902791659376609,-0.0030746721900412758,0.0,-0.00011286178117802583,3.312650627765156,2.151462631543593,0.2956259813118344,2.7777777778,2.3977526596319777e-07,1.1801502535099167e-41,2.397812257989879e-07,-1.5089088636871947e-40,2.397812257989879e-07,-1.1473586598660345e-40,2.397812257989879e-07,0.2902791659376609,-1.5089088636871947e-40,False,True,Solve_Succeeded,9,0.015621785998519044,0.01802708899776917,0.018387210002401844,True,4.0584124949560874e-10,602.0451243338439,shifted_warm_start,
45.8,60.866,60.852,4.566666700000001,1,learned_h2,3.4517322994053705,0.14835087657404214,0.2902847404068304,-0.00021581125133322794,7.403683079394512e-07,3.4515710893337523,0.14830271991047372,0.2902791483590642,-0.003069032349017372,0.0,-0.00011285624706383741,3.312531508031598,2.1514260792633086,0.29562549564257173,2.7777777778,2.397812257989879e-07,-1.5089088636871947e-40,2.397871565801351e-07,1.4294950325312525e-40,2.397871565801351e-07,1.0869732057921174e-40,2.397871565801351e-07,0.2902791483590642,1.4294950325312525e-40,False,True,Solve_Succeeded,9,0.012812492001103237,0.015052494003612082,0.015498745000513736,True,4.075801363079279e-10,602.0297194659656,shifted_warm_start,
45.9,60.966,60.954,4.566666700000001,1,learned_h2,3.4516125562085653,0.14831513954105666,0.2902847239608897,-0.0002099189512299852,7.492009946553744e-07,3.451452402275116,0.14826729837150715,0.29027913154993634,-0.003063464330728976,0.0,-0.00011284565532581898,3.3124129620423024,2.1513897032518456,0.29562501221894394,2.7777777778,2.397871565801351e-07,1.4294950325312525e-40,2.397930595681149e-07,2.5730793206137144e-40,2.397930595681149e-07,1.9565428450159695e-40,2.397930595681149e-07,0.29027913154993634,2.5730793206137144e-40,False,True,Solve_Succeeded,9,0.015073508999194019,0.01731497400032822,0.017705669997667428,True,4.0931819045297857e-10,602.0143862984842,shifted_warm_start,
46.0,61.066,61.056,4.566666700000001,1,learned_h2,3.4514933852364518,0.1482795734518003,0.2902847075128278,-0.0002041010054750511,7.478626429851198e-07,3.4513342569131518,0.14823203865696674,0.29027911335961804,-0.003057966131670049,0.0,-0.00011284880415552956,3.312294982554682,2.1513535012930682,0.29562453100960323,2.7777777778,2.397930595681149e-07,2.5730793206137144e-40,2.3979893761025333e-07,-7.962288160490113e-41,2.3979893761025333e-07,-6.054441386846403e-41,2.3979893761025333e-07,0.29027911335961804,-7.962288160490113e-41,False,True,Solve_Succeeded,9,0.012946746006491594,0.01565693000156898,0.01599784300196916,True,4.1105641113148295e-10,601.9991223256811,shifted_warm_start,
46.1,61.166,61.158,4.566666700000001,1,learned_h2,3.451374779268817,0.14824417614673294,0.2902846910581977,-0.00019835647606875767,7.394535214831162e-07,3.45121664656035,0.14819693876637466,0.2902790944982043,-0.0030525367292308305,0.0,-0.00011285650270784006,3.312177562420751,2.1513174711881184,0.29562405198216063,2.7777777778,2.3979893761025333e-07,-7.962288160490113e-41,2.3980479020285023e-07,9.432494472188825e-42,2.3980479020285023e-07,7.172371027338536e-42,2.3980479020285023e-07,0.2902790944982043,9.432494472188825e-42,False,True,Solve_Succeeded,9,0.017012087002513,0.01933390500198584,0.01970771200285526,True,4.1279429874307993e-10,601.9839272193321,shifted_warm_start,
46.2,61.266,61.26,4.566666700000001,1,learned_h2,3.4512567311773874,0.1482089454908313,0.29028467461120555,-0.00019268443776438026,7.404555562791143e-07,3.451099564557927,0.1481619967047742,0.290279076879448,-0.0030471762553897614,0.0,-0.00011285157364851936,3.312060694583565,2.1512816107631663,0.2956235751232341,2.7777777778,2.3980479020285023e-07,9.432494472188825e-42,2.3981061543113075e-07,-6.75714661833872e-41,2.3981061543113075e-07,-5.138064249679319e-41,2.3981061543113075e-07,0.290279076879448,-6.75714661833872e-41,False,True,Solve_Succeeded,9,0.01696345399977872,0.01990720500180032,0.020324800003436394,True,4.145314647097109e-10,601.9688015697675,shifted_warm_start,
46.3,61.366,61.362,4.566666700000001,1,learned_h2,3.4511392339223517,0.1481738793809543,0.2902846581647325,-0.000187083975766309,7.492879547038752e-07,3.450983004366715,0.14812721051862976,0.2902790599990425,-0.0030418840302408206,0.0,-0.00011284097975775351,3.3119443720737185,2.1512459178767527,0.2956231003984573,2.7777777778,2.3981061543113075e-07,-6.75714661833872e-41,2.398164142061879e-07,3.9693293476569614e-41,2.398164142061879e-07,3.018236893224807e-41,2.398164142061879e-07,0.2902790599990425,3.9693293476569614e-41,False,True,Solve_Succeeded,9,0.014285840996308252,0.016695502999937162,0.01702410200232407,True,4.162679645425271e-10,601.9537441449346,shifted_warm_start,
46.4,61.466,61.464,4.566666700000001,1,learned_h2,3.451022280550575,0.14813897574775955,0.2902846417171129,-0.0001815541854671698,7.478034195258299e-07,3.4508669595853902,0.14809257830362646,0.29027904180010045,-0.0030366581471546303,0.0,-0.0001128443551845694,3.3118285880075824,2.151210390421694,0.29562262777925097,2.7777777778,2.398164142061879e-07,3.9693293476569614e-41,2.398221892501715e-07,-2.337936226490859e-41,2.398221892501715e-07,-1.77774247354073e-41,2.398221892501715e-07,0.29027904180010045,-2.337936226490859e-41,False,True,Solve_Succeeded,9,0.01464711299922783,0.01783874199463753,0.018228151006042026,True,4.1800468641994826e-10,601.9387525524083,shifted_warm_start,
46.5,61.566,61.566,4.566666700000001,1,learned_h2,3.450905864198443,0.14810423254204408,0.29028462526024235,-0.0001760941753357361,7.39857753353342e-07,3.450751423848977,0.14805809815944512,0.2902790230551713,-0.003031497651888055,0.0,-0.00011285153284975681,3.3117133355901847,2.1511750263114413,0.2956221572309409,2.7777777778,2.398221892501715e-07,-2.337936226490859e-41,2.3982793996983445e-07,-1.1050233962990114e-40,2.3982793996983445e-07,-8.402483368015272e-41,2.3982793996983445e-07,0.2902790230551713,-1.1050233962990114e-40,False,True,Solve_Succeeded,9,0.02267256999766687,0.025844285999482963,0.026396361005026847,True,4.1974129727506693e-10,601.9238265550276,shifted_warm_start,
46.6,61.666,61.634,4.566666700000001,1,learned_h2,3.4508285482947025,0.1480811585188611,0.2902846143020967,-0.00017249250131715673,7.478118147978409e-07,3.4506691652128083,0.1480335476261607,0.29027903741805383,-0.0030282041706840906,0.0,-0.00011283239237899734,3.311636792692633,2.1511515399544288,0.2956218446878515,2.7777777778,2.3982793996983445e-07,-1.1050233962990114e-40,2.398320022956096e-07,6.482832950140502e-41,2.398320022956096e-07,4.929478979686439e-41,2.398320022956096e-07,0.29027903741805383,6.482832950140502e-41,False,True,Solve_Succeeded,9,0.022957777000556234,0.026560047997918446,0.02705131800030358,True,4.209673720723117e-10,601.9132202184003,shifted_warm_start,
46.7,61.766,61.736,4.566666700000001,1,learned_h2,3.4507130119607226,0.1480466781980126,0.2902845978451937,-0.00016714684113472154,7.398699648695771e-07,3.450554636228315,0.14799936822528661,0.29027901790457106,-0.003023118458885479,0.0,-0.00011285017918737351,3.3115224114920916,2.1511164435095718,0.29562137754829465,2.7777777778,2.398320022956096e-07,6.482832950140502e-41,2.3983770445562664e-07,7.115409242551525e-41,2.3983770445562664e-07,5.410483435681335e-41,2.3983770445562664e-07,0.29027901790457106,7.115409242551525e-41,False,True,Solve_Succeeded,9,0.023370760995021556,0.02597814299952006,0.02635483699850738,True,4.2270587030657225e-10,601.8984241094295,shifted_warm_start,
46.8,61.866,61.838,4.566666700000001,1,learned_h2,3.450597994768422,0.14801235295039294,0.290284581399438,-0.00016186863866077944,7.393536237081259e-07,3.450440599562329,0.14796533588475597,0.29027900010708474,-0.003018053587991072,0.0,-0.00011284676635029186,3.311408544241203,2.1510815049580194,0.2956209124308188,2.7777777778,2.3983770445562664e-07,7.115409242551525e-41,2.3984338046222656e-07,1.4519808786563106e-40,2.3984338046222656e-07,1.10407121011622e-40,2.3984338046222656e-07,0.29027900010708474,1.4519808786563106e-40,False,True,Solve_Succeeded,9,0.016246621002210304,0.01954739600478206,0.01995666400034679,True,4.2443915049261705e-10,601.8836931412859,shifted_warm_start,
46.9,61.966,61.94,4.566666700000001,1,learned_h2,3.4504834901637196,0.14797818082918876,0.2902845649508581,-0.00015665704214277786,7.392867465101104e-07,3.450327043421251,0.14793144709278586,0.29027898221515835,-0.003013128390228496,0.0,-0.00011284595137287254,3.31129518445138,2.151046722317322,0.2956204492960739,2.7777777778,2.3984338046222656e-07,1.4519808786563106e-40,2.3984903301653404e-07,1.3940474478637452e-40,2.3984903301653404e-07,1.0600192298308295e-40,2.3984903301653404e-07,0.29027898221515835,1.3940474478637452e-40,False,True,Solve_Succeeded,9,0.014200867000909057,0.01687317600590177,0.01753961599752074,True,4.261723751675106e-10,601.8690244142705,shifted_warm_start,
47.0,62.066,62.042,4.566666700000001,1,learned_h2,3.450369491680174,0.1479441598956392,0.29028454850487156,-0.00015151121176933848,7.478368820529265e-07,3.4502139654804105,0.1478977011477212,0.29027896550444887,-0.003008265726372467,0.0,-0.00011283510947571021,3.311182325720891,2.151012093613559,0.2956199881244391,2.7777777778,2.3984903301653404e-07,1.3940474478637452e-40,2.3985466073663775e-07,-5.7419581590309155e-40,2.3985466073663775e-07,-4.366125467812416e-40,2.3985466073663775e-07,0.29027896550444887,-5.7419581590309155e-40,False,True,Solve_Succeeded,9,0.015840859996387735,0.01867887200205587,0.01927498399891192,True,4.2790498921974063e-10,601.8544185929218,shifted_warm_start,
47.1,62.166,62.144,4.566666700000001,1,learned_h2,3.4502559929286405,0.14791028824982144,0.2902845320570271,-0.0001464303163294644,7.490140367100901e-07,3.4501013598561143,0.14786409630086525,0.29027894763272544,-0.0030034642093876617,0.0,-0.0001128354761952351,3.3110699617244497,2.150977616912075,0.29561952888672094,2.7777777778,2.3985466073663775e-07,-5.7419581590309155e-40,2.398602666542296e-07,-5.714681394665959e-40,2.398602666542296e-07,-4.345384498917328e-40,2.398602666542296e-07,0.29027894763272544,-5.714681394665959e-40,False,True,Solve_Succeeded,9,0.018165822999435477,0.02068691999738803,0.021360252998420037,True,4.296378808277268e-10,601.839873135406,shifted_warm_start,
47.2,62.266,62.246,4.566666700000001,1,learned_h2,3.450142987602666,0.14787656400889554,0.2902845156001603,-0.00014141353631872279,7.411440410686917e-07,3.4499892207310636,0.14783063081549222,0.2902789286887993,-0.0029987226434332417,0.0,-0.00011284352003313068,3.310958086218669,2.150943290295756,0.2956190715513316,2.7777777778,2.398602666542296e-07,-5.714681394665959e-40,2.3986585095046755e-07,-5.75607790177051e-40,2.3986585095046755e-07,-4.376861973838212e-40,2.3986585095046755e-07,0.2902789286887993,-5.75607790177051e-40,False,True,Solve_Succeeded,9,0.015004373002739158,0.017421500000637025,0.017920815997058526,True,4.3137110550262037e-10,601.825387355396,shifted_warm_start,
47.3,62.366,62.348,4.566666700000001,1,learned_h2,3.4500304694794997,0.14784298529996484,0.2902844991541793,-0.00013646006409992654,7.40610418260619e-07,3.4498775423005825,0.14779730294337784,0.290278910869452,-0.0029940411691470326,0.0,-0.00011284056713317927,3.31084669304311,2.1509091118578887,0.2956186161140797,2.7777777778,2.3986585095046755e-07,-5.75607790177051e-40,2.3987141133797734e-07,8.960489656854003e-42,2.3987141133797734e-07,6.813463458163342e-42,2.3987141133797734e-07,0.290278910869452,8.960489656854003e-42,False,True,Solve_Succeeded,9,0.016739551996579394,0.01902956300182268,0.019621702005679253,True,4.331038860883041e-10,601.8109621661655,shifted_warm_start,
47.4,62.466,62.45,4.566666700000001,1,learned_h2,3.4499184324076464,0.14780955029808124,0.29028448270477,-0.00013156909982662245,7.394436556680529e-07,3.4497663188721504,0.14776411099681028,0.2902788928313598,-0.0029894189312614167,0.0,-0.00011284106968343663,3.3107357761077365,2.1508750797401004,0.295618162536824,2.7777777778,2.3987141133797734e-07,8.960489656854003e-42,2.398769496681607e-07,4.330166186557487e-42,2.398769496681607e-07,3.2926134853932186e-42,2.398769496681607e-07,0.2902788928313598,4.330166186557487e-42,False,True,Solve_Succeeded,9,0.013399069001025055,0.016669254000589717,0.017106767001678236,True,4.34836722185139e-10,601.7965958125799,shifted_warm_start,
47.5,62.566,62.552,4.566666700000001,1,learned_h2,3.449806870319049,0.14777625718189885,0.29028446625746646,-0.00012673985587843467,7.480633575306606e-07,3.449655544812134,0.14773105328408015,0.29027887605665587,-0.002984855443733018,0.0,-0.00011282986042954306,3.3106253294052266,2.1508411920880808,0.2956177108015952,2.7777777778,2.398769496681607e-07,4.330166186557487e-42,2.3988246448175e-07,8.620134793673331e-41,2.3988246448175e-07,6.554661148033352e-41,2.3988246448175e-07,0.29027887605665587,8.620134793673331e-41,False,True,Solve_Succeeded,9,0.013987001002533361,0.016813670001283754,0.017298897997534368,True,4.3656900317046166e-10,601.7822886884916,shifted_warm_start,
47.6,62.666,62.654,4.566666700000001,1,learned_h2,3.4496957772178947,0.14774310416754327,0.2902844498103213,-0.00012197155167403874,7.476836023397287e-07,3.4495452145978605,0.1476981281628914,0.2902788579739931,-0.0029803492748552243,0.0,-0.0001128321426676162,3.310515346999695,2.15080744708539,0.2956172608832196,2.7777777778,2.3988246448175e-07,8.620134793673331e-41,2.3988795906203687e-07,-1.396517208866701e-42,2.3988795906203687e-07,-1.0618972104980094e-42,2.3988795906203687e-07,0.2902788579739931,-1.396517208866701e-42,False,True,Solve_Succeeded,9,0.014967754999815952,0.017705950005620252,0.018153673998313025,True,4.3830189477844783e-10,601.7680381240398,shifted_warm_start,
47.7,62.766,62.756,4.566666700000001,1,learned_h2,3.449585147186558,0.1477100894851952,0.2902844333620106,-0.00011726341911590225,7.488778098739984e-07,3.4494353227385233,0.1476653339907741,0.2902788402469165,-0.0029758998210249105,0.0,-0.00011282935276048402,3.310405823032712,2.1507738429300716,0.2956168127574489,2.7777777778,2.3988795906203687e-07,-1.396517208866701e-42,2.39893431729153e-07,-2.5771447940858374e-41,2.39893431729153e-07,-1.9596341889048892e-41,2.39893431729153e-07,0.2902788402469165,-2.5771447940858374e-41,False,True,Solve_Succeeded,9,0.015020581995486282,0.017210660000273492,0.017548126001202036,True,4.4003467536413154e-10,601.753844672428,shifted_warm_start,
47.8,62.866,62.858,4.566666700000001,1,learned_h2,3.4494749743803057,0.14767721139334994,0.290284416904708,-0.00011261469807813435,7.398803338362621e-07,3.449325863827819,0.14763266915733878,0.2902788212399218,-0.0029715061017087084,0.0,-0.00011283913264893124,3.3102967517179773,2.1507403778488823,0.29561636639381356,2.7777777778,2.39893431729153e-07,-2.5771447940858374e-41,2.39898884664578e-07,-5.4106765588800085e-40,2.39898884664578e-07,-4.114222372844437e-40,2.39898884664578e-07,0.2902788212399218,-5.4106765588800085e-40,False,True,Solve_Succeeded,9,0.01443726300203707,0.0169422930048313,0.01732549000007566,True,4.4176801106132757e-10,601.739706389968,shifted_warm_start,
47.9,62.966,62.96,4.566666700000001,1,learned_h2,3.4493652530324694,0.14764446815799143,0.29028440045797727,-0.00010802464023543741,7.394505403248845e-07,3.449216832486863,0.14760013204418612,0.2902788034554173,-0.0029671680597044958,0.0,-0.00011283577228716495,3.310188127346557,2.150707050076502,0.2956159217895347,2.7777777778,2.39898884664578e-07,-5.4106765588800085e-40,2.399043152011095e-07,4.90055716911022e-41,2.399043152011095e-07,3.7263328763325536e-41,2.399043152011095e-07,0.2902788034554173,4.90055716911022e-41,False,True,Solve_Succeeded,9,0.015123632998438552,0.017590894000022672,0.017934944000444375,True,4.435010136916162e-10,601.7256244789419,shifted_warm_start,
48.0,63.066,63.062,4.566666700000001,1,learned_h2,3.449255977444006,0.14761185808428126,0.29028438400978407,-0.00010349250478697889,7.406472536946909e-07,3.4491082234256996,0.1475677210787888,0.29027878570123045,-0.0029628850627049777,0.0,-0.00011283371588965438,3.310079944276367,2.150673857887154,0.29561547891049716,2.7777777778,2.399043152011095e-07,4.90055716911022e-41,2.3990972499445817e-07,-5.624518526324045e-41,2.3990972499445817e-07,-4.2768255883826875e-41,2.3990972499445817e-07,0.29027878570123045,-5.624518526324045e-41,False,True,Solve_Succeeded,9,0.013068596002995037,0.015392884997709189,0.015742333998787217,True,4.452341273442073e-10,601.7115973494756,shifted_warm_start,
48.1,63.166,63.164,4.566666700000001,1,learned_h2,3.4491471419899398,0.14757937949149247,0.2902843675592565,-9.901756053479851e-05,7.394108810314669e-07,3.4490000314471763,0.1475354347082502,0.2902787676536005,-0.0029586559583774804,0.0,-0.00011283463329808846,3.3099721969386904,2.150640799569584,0.29561503773403247,2.7777777778,2.3990972499445817e-07,-5.624518526324045e-41,2.399151146792757e-07,5.340474108284197e-42,2.399151146792757e-07,4.0608411570710104e-42,2.399151146792757e-07,0.2902787676536005,5.340474108284197e-42,False,True,Solve_Succeeded,9,0.016028298996388912,0.018707016002736054,0.019246190000558272,True,4.469675740637058e-10,601.697624081268,shifted_warm_start,
48.2,63.266,63.266,4.566666700000001,1,learned_h2,3.449038741117767,0.14754703071515274,0.29028435111386924,-9.459908669044575e-05,7.476415878441736e-07,3.4488922513705025,0.1475032713790202,0.29027875071716674,-0.002954480638086526,0.0,-0.00011282386023678694,3.3098648798365877,2.1506078734291885,0.29561459824609887,2.7777777778,2.399151146792757e-07,5.340474108284197e-42,2.3992048286429256e-07,-1.879092864758402e-41,2.3992048286429256e-07,-1.4288427372642018e-41,2.3992048286429256e-07,0.29027875071716674,-1.879092864758402e-41,False,True,Solve_Succeeded,9,0.01603799900476588,0.01884749500459293,0.019485483993776143,True,4.4870079873859936e-10,601.6837050692502,shifted_warm_start,
48.3,63.366,63.334,4.566666700000001,1,learned_h2,3.44896671259058,0.14752553618286285,0.2902843401447187,-9.168445619686605e-05,7.406403945721405e-07,3.4488176917821427,0.1474810207590519,0.29027876283567017,-0.0029518149981120376,0.0,-0.00011282847637411047,3.309793571435249,2.1505859952843185,0.2956143061732862,2.7777777778,2.3992048286429256e-07,-1.879092864758402e-41,2.399241687830739e-07,1.0493929410138565e-41,2.399241687830739e-07,7.97947515221262e-42,2.399241687830739e-07,0.29027876283567017,1.0493929410138565e-41,False,True,Solve_Succeeded,9,0.015203058996121399,0.018164364999393,0.018508043001929764,True,4.4988940350876305e-10,601.6740941626347,shifted_warm_start,
48.4,63.469,63.436,4.566666700000001,1,learned_h2,3.448859023866384,0.14749340014607223,0.2902843236960995,-8.735851928731198e-05,7.479784110193606e-07,3.4487104753215854,0.14744902579924693,0.29027874808474874,-0.0029476997657500326,0.0,-0.00011282218653968882,3.309686959358774,2.150553285752065,0.295613869440667,2.7777777778,2.399241687830739e-07,1.0493929410138565e-41,2.399295068464939e-07,1.147594461399269e-41,2.399295068464939e-07,8.726189334478644e-42,2.399295068464939e-07,0.29027874808474874,1.147594461399269e-41,False,True,Solve_Succeeded,9,0.014987974005634896,0.0172902400008752,0.017848160001449287,True,4.5162873441029205e-10,601.6602499654095,shifted_warm_start,
48.5,63.566,63.538,4.566666700000001,1,learned_h2,3.448751755251659,0.14746138960882804,0.29028430724874565,-8.308717140695974e-05,7.489265524515715e-07,3.448604159482746,0.14741729987958593,0.2902787279445241,-0.0029436014622323723,0.0,-0.00011282281181241377,3.3095807631901586,2.150520704001571,0.2956134343366167,2.7777777778,2.399295068464939e-07,1.147594461399269e-41,2.399348067433e-07,2.296316960172912e-41,2.399348067433e-07,1.746095614822915e-41,2.399348067433e-07,0.2902787279445241,2.296316960172912e-41,False,True,Solve_Succeeded,9,0.015721812997071538,0.01863823100575246,0.019153417000779882,True,4.533576847265408e-10,601.6465181894548,shifted_warm_start,
48.6,63.666,63.64,4.566666700000001,1,learned_h2,3.4486449014448883,0.14742950298780172,0.2902842907994763,-7.886972375540131e-05,7.476304529327246e-07,3.448497981420666,0.14738561512035994,0.290278709860873,-0.002939615641642597,0.0,-0.00011282345393649515,3.309474977680909,2.1504882484207513,0.2956130008374061,2.7777777778,2.399348067433e-07,2.296316960172912e-41,2.3994009763713024e-07,2.8210857056973178e-40,2.3994009763713024e-07,2.145124329607694e-40,2.3994009763713024e-07,0.290278709860873,2.8210857056973178e-40,False,True,Solve_Succeeded,9,0.01371297899459023,0.016236258998105768,0.016950960001850035,True,4.5509029877877083e-10,601.6328059803889,shifted_warm_start,
48.7,63.766,63.742,4.566666700000001,1,learned_h2,3.448538457212393,0.1473977387165637,0.29028427435032955,-7.470549674276747e-05,7.488189549823609e-07,3.4483921903465142,0.14735404596382815,0.2902786921425868,-0.002935680249419041,0.0,-0.00011282079904032043,3.309369597649702,2.1504559174147984,0.2956125689247877,2.7777777778,2.3994009763713024e-07,2.8210857056973178e-40,2.399453691284292e-07,2.4053695234213535e-40,2.399453691284292e-07,1.82901805356977e-40,2.399453691284292e-07,0.2902786921425868,2.4053695234213535e-40,False,True,Solve_Succeeded,9,0.015586247995088343,0.01779721800266998,0.018254731003253255,True,4.56823190386757e-10,601.6191442323588,shifted_warm_start,
48.8,63.866,63.844,4.566666700000001,1,learned_h2,3.4484324173843945,0.14736609525560357,0.290284257894596,-7.05938175256116e-05,7.396883075647109e-07,3.448286781504288,0.1473225909942559,0.29027867298629534,-0.002931794064518297,0.0,-0.00011283087537527066,3.309264617978443,2.1504237094161707,0.2956121385720113,2.7777777778,2.399453691284292e-07,2.4053695234213535e-40,2.399506235642685e-07,-2.498704721681248e-41,2.399506235642685e-07,-1.899989170892336e-41,2.399506235642685e-07,0.29027867298629534,-2.498704721681248e-41,False,True,Solve_Succeeded,9,0.015947298998071346,0.018549505999544635,0.018994152997038327,True,4.585569701731629e-10,601.6055309585853,shifted_warm_start,
48.9,63.966,63.946,4.566666700000001,1,learned_h2,3.448326776859619,0.14733457107396208,0.2902842414465782,-6.653402476958475e-05,7.407940408947942e-07,3.4481817501354506,0.1472912487827865,0.29027865539419395,-0.0029279572265211704,0.0,-0.00011282581853273357,3.309160033616911,2.1503916228662523,0.295611709773605,2.7777777778,2.399506235642685e-07,-2.498704721681248e-41,2.3995585765975226e-07,9.357859970418655e-41,2.3995585765975226e-07,7.115619725791046e-41,2.3995585765975226e-07,0.29027865539419395,9.357859970418655e-41,False,True,Solve_Succeeded,9,0.014789765002205968,0.016994206998788286,0.017301773994404357,True,4.602904724038126e-10,601.5919678240379,shifted_warm_start,
49.0,64.066,64.048,4.566666700000001,1,learned_h2,3.4482215305980684,0.14730316467026672,0.29028422499692663,-6.252546265162867e-05,7.395261223480326e-07,3.4480770915819274,0.147260017942328,0.2902786373023183,-0.002924168940498745,0.0,-0.00011282719107934985,3.309055839575492,2.1503596562363545,0.29561128250068025,2.7777777778,2.3995585765975226e-07,9.357859970418655e-41,2.3996107406283546e-07,-2.0373607556201824e-40,2.3996107406283546e-07,-1.5491880010034975e-40,2.3996107406283546e-07,0.2902786373023183,-2.0373607556201824e-40,False,True,Solve_Succeeded,9,0.017010947995004244,0.0195031379989814,0.02015553599630948,True,4.6202475179057956e-10,601.5784526561006,shifted_warm_start,
49.1,64.166,64.15,4.566666700000001,1,learned_h2,3.4481166736250497,0.14727187455645108,0.29028420854792697,-5.856748512908387e-05,7.406841678335346e-07,3.4479728012428574,0.1472288970964092,0.29027861958477574,-0.0029204284632710995,0.0,-0.00011282461528144538,3.3089520309292597,2.150327808011449,0.29561085673623594,2.7777777778,2.3996107406283546e-07,-2.0373607556201824e-40,2.3996627197500747e-07,-7.21916668809485e-41,2.3996627197500747e-07,-5.489379521809962e-41,2.3996627197500747e-07,0.29027861958477574,-7.21916668809485e-41,False,True,Solve_Succeeded,9,0.01746515500417445,0.019787429002462886,0.02048397799808299,True,4.6375930873310267e-10,601.5649855228527,shifted_warm_start,
49.2,64.266,64.252,4.566666700000001,1,learned_h2,3.4480122010283,0.14724069926435573,0.290284192099259,-5.4659454137262395e-05,7.478746660336576e-07,3.447868874550546,0.1471978848797721,0.2902786025782905,-0.0029167355478917725,0.0,-0.00011281600482862057,3.3088486028150808,2.150296076696756,0.2956104324609066,2.7777777778,2.3996627197500747e-07,-7.21916668809485e-41,2.399714512259535e-07,-1.3922397085819785e-40,2.399714512259535e-07,-1.0586446436184809e-40,2.399714512259535e-07,0.2902786025782905,-1.3922397085819785e-40,False,True,Solve_Succeeded,9,0.01692664199799765,0.01928243199654389,0.019610720002674498,True,4.6549414323138194e-10,601.5515660882775,shifted_warm_start,
49.3,64.366,64.354,4.566666700000001,1,learned_h2,3.4479081079562013,0.14720963734887252,0.2902841756508435,-5.080073838833039e-05,7.476495110208873e-07,3.4477653070400525,0.1471669799629749,0.2902785845323288,-0.002913088956243956,0.0,-0.00011281774100986744,3.3087455504298386,2.1502644608208814,0.29561000965580114,2.7777777778,2.399714512259535e-07,-1.3922397085819785e-40,2.399766140869613e-07,-5.968518099400996e-41,2.399766140869613e-07,-4.538399298139807e-41,2.399766140869613e-07,0.2902785845323288,-5.968518099400996e-41,False,True,Solve_Succeeded,9,0.01868060899869306,0.02194947700627381,0.022409885001252405,True,4.672299214192321e-10,601.5381924433442,shifted_warm_start,
49.4,64.466,64.456,4.566666700000001,1,learned_h2,3.4478043896200976,0.1471786873772835,0.29028415920224243,-4.699071619703433e-05,7.48861639589915e-07,3.4476620942642557,0.14713618101520654,0.29027856679278163,-0.0029094882806977203,0.0,-0.00011281521921312215,3.3086428690327834,2.150232958925165,0.2956095883019124,2.7777777778,2.399766140869613e-07,-5.968518099400996e-41,2.3998175919881434e-07,-5.624619470756417e-40,2.3998175919881434e-07,-4.2769023454827586e-40,2.3998175919881434e-07,0.29027856679278163,-5.624619470756417e-40,False,True,Solve_Succeeded,9,0.013335725998331327,0.01595557799737435,0.016292752996378113,True,4.689661436962922e-10,601.5248650350368,shifted_warm_start,
49.5,64.566,64.558,4.566666700000001,1,learned_h2,3.4477010412909297,0.1471478479377152,0.29028414275235387,-4.322877282563548e-05,7.475382521913679e-07,3.4475592318360286,0.14710548672679255,0.2902785487044944,-0.002905932996141399,0.0,-0.00011281637672336413,3.3085405539421417,2.15020156957212,0.29560916837980117,2.7777777778,2.3998175919881434e-07,-5.624619470756417e-40,2.399868875452263e-07,1.1166731356948218e-40,2.399868875452263e-07,8.491066778866893e-41,2.399868875452263e-07,0.2902785487044944,1.1166731356948218e-40,False,True,Solve_Succeeded,9,0.019788726000115275,0.022322497999994084,0.02292200000374578,True,4.707031431294695e-10,601.5115827966206,shifted_warm_start,
49.6,64.666,64.66,4.566666700000001,1,learned_h2,3.447598058300069,0.147117117633634,0.2902841263030835,-3.9514301940934754e-05,7.487004683767931e-07,3.4474567154202904,0.14707489580077973,0.29027853095821904,-0.0029024226446062278,0.0,-0.00011281382312326156,3.3084386005359905,2.150170291339926,0.2956087498732682,2.7777777778,2.399868875452263e-07,1.1166731356948218e-40,2.399919985295667e-07,1.3739564530310255e-42,2.399919985295667e-07,1.0447422456064043e-42,2.399919985295667e-07,0.29027853095821904,1.3739564530310255e-42,False,True,Solve_Succeeded,9,0.0162491949959076,0.01899637799942866,0.019395425995753612,True,4.724406421630079e-10,601.4983456912114,shifted_warm_start,
49.7,64.766,64.762,4.566666700000001,1,learned_h2,3.4474954360360117,0.14708649509206997,0.2902841098473241,-3.584670364571223e-05,7.410069604910678e-07,3.447354540760673,0.14704440697040433,0.290278512128954,-0.0028989562119434154,0.0,-0.00011282233355535284,3.308337004248922,2.1501391228306415,0.2956083327573211,2.7777777778,2.399919985295667e-07,1.3739564530310255e-42,2.3999709403140213e-07,2.7152102368258534e-40,2.3999709403140213e-07,2.064617720494001e-40,2.3999709403140213e-07,0.290278512128954,2.7152102368258534e-40,False,True,Solve_Succeeded,9,0.01444663699658122,0.016903540999919642,0.01721488600014709,True,4.741792514195708e-10,601.4851520847689,shifted_warm_start,
49.8,64.866,64.864,4.566666700000001,1,learned_h2,3.447393169948358,0.14705597894767103,0.29028409339781336,-3.222538757417853e-05,7.395973106301318e-07,3.4472527036101748,0.14701401896078267,0.29027849419882706,-0.0028955336587574085,0.0,-0.00011282071081742053,3.3082357605760775,2.1501080626542772,0.29560791702704986,2.7777777778,2.3999709403140213e-07,2.7152102368258534e-40,2.400021719360374e-07,5.705683406944758e-41,2.400021719360374e-07,4.338542522319709e-41,2.400021719360374e-07,0.29027849419882706,5.705683406944758e-41,False,True,Solve_Succeeded,9,0.014576373003365006,0.016885550998267718,0.017221494003024418,True,4.759181937430412e-10,601.472002932859,shifted_warm_start,
49.9,64.966,64.966,4.566666700000001,1,learned_h2,3.447291255541751,0.14702556786023685,0.290284076948247,-2.8649769321593473e-05,7.396354226401177e-07,3.447151199791409,0.14698373052677013,0.29027847631723125,-0.0028921545392313398,0.0,-0.00011281980910736938,3.3081348650670446,2.1500771094462947,0.29560750265871494,2.7777777778,2.400021719360374e-07,5.705683406944758e-41,2.400072334459079e-07,1.451056599498231e-40,2.400072334459079e-07,1.1033683978247177e-40,2.400072334459079e-07,0.29027847631723125,1.451056599498231e-40,False,True,Solve_Succeeded,9,0.02010545300436206,0.022913982000318356,0.023326615999394562,True,4.776578022003264e-10,601.4588970480212,shifted_warm_start,
50.0,65.066,65.034,4.566666700000001,1,learned_h2,3.4472235057896152,0.14700535150784572,0.29028406598606227,-2.629112693967782e-05,7.474164795726291e-07,3.447082870559345,0.1469633410681467,0.2902784903863778,-0.0028899979476383723,0.0,-0.00011280602075418918,3.308067792647889,2.1500565327302352,0.2956072271655078,2.7777777778,2.400072334459079e-07,1.451056599498231e-40,2.400106102447307e-07,3.6473722905686452e-40,2.400106102447307e-07,2.773424084151242e-40,2.400106102447307e-07,0.2902784903863778,3.6473722905686452e-40,False,True,Solve_Succeeded,9,0.013738093999563716,0.016206440996029414,0.01692301099683391,True,4.788163199265227e-10,601.4500944537109,shifted_warm_start,
50.1,65.166,65.136,4.566666700000001,1,learned_h2,3.4471221676832204,0.14697511257946488,0.2902840495304622,-2.2790393110781656e-05,7.397526303547673e-07,3.4469820260579853,0.14693324959241516,0.29027847103367643,-0.0028866673318097046,0.0,-0.000112821103997977,3.3079674676753563,2.15002575481377,0.2956068150229769,2.7777777778,2.400106102447307e-07,3.6473722905686452e-40,2.4001564108729894e-07,1.8517838501864435e-41,2.4001564108729894e-07,1.4080772456459884e-41,2.4001564108729894e-07,0.29027847103367643,1.8517838501864435e-41,False,True,Solve_Succeeded,9,0.022940976996324025,0.02621085000282619,0.02666403599869227,True,4.805608688762675e-10,601.4370728953368,shifted_warm_start,
50.2,65.266,65.238,4.566666700000001,1,learned_h2,3.447021169548566,0.14694497520655786,0.2902840330820625,-1.933383610230188e-05,7.40853923205547e-07,3.4468815039564573,0.14690325442287042,0.2902784534356381,-0.002883350491015169,0.0,-0.00011281632526751796,3.3078674792744542,2.14999508030082,0.2956064042042182,2.7777777778,2.4001564108729894e-07,1.8517838501864435e-41,2.4002065407176623e-07,-8.101194409219687e-41,2.4002065407176623e-07,-6.160064258594886e-41,2.4002065407176623e-07,0.2902784534356381,-8.101194409219687e-41,False,True,Solve_Succeeded,9,0.026309884997317567,0.028832755000621546,0.0293955500019365,True,4.823004218224014e-10,601.4240944840441,shifted_warm_start,
50.3,65.366,65.34,4.566666700000001,1,learned_h2,3.4469205070942968,0.1469149381116722,0.29028401663227443,-1.592089766096873e-05,7.408914825710898e-07,3.446781296536473,0.1468733532585572,0.29027843551045057,-0.002880125156225546,0.0,-0.00011281625961946113,3.3077678231967225,2.149964507890716,0.2956059946839953,2.7777777778,2.4002065407176623e-07,-8.101194409219687e-41,2.4002565202055624e-07,6.093384050547189e-40,2.4002565202055624e-07,4.633346073135817e-40,2.4002565202055624e-07,0.29027843551045057,6.093384050547189e-40,False,True,Solve_Succeeded,9,0.02230423199944198,0.0244870520036784,0.025107757006480824,True,4.840411960138624e-10,601.411156639191,shifted_warm_start,
50.4,65.466,65.442,4.566666700000001,1,learned_h2,3.4468201760847097,0.14688500002841726,0.29028400018226236,-1.255102728900287e-05,7.395487479484365e-07,3.4466814022957597,0.14684354564960186,0.290278417431727,-0.0028769403711041233,0.0,-0.00011281708830740903,3.3076684952488224,2.1499340362941473,0.2956055864470399,2.7777777778,2.4002565202055624e-07,6.093384050547189e-40,2.4003063480282824e-07,9.499298472407027e-42,2.4003063480282824e-07,7.22316809667031e-42,2.4003063480282824e-07,0.290278417431727,9.499298472407027e-42,False,True,Solve_Succeeded,9,0.02366583500406705,0.02660559800278861,0.026991670005372725,True,4.857828583837431e-10,601.3982592967443,shifted_warm_start,
50.5,65.566,65.544,4.566666700000001,1,learned_h2,3.446720172337352,0.14685515970712174,0.2902839837320202,-9.22368171148143e-06,7.395445021064547e-07,3.446581817354225,0.14681383043662236,0.2902783995568779,-0.0028737958247119512,0.0,-0.00011281599199411985,3.307569491290133,2.149903664238818,0.2956051794771198,2.7777777778,2.4003063480282824e-07,9.499298472407027e-42,2.4003560219025626e-07,1.3456110923262265e-41,2.4003560219025626e-07,1.0231887271306723e-41,2.4003560219025626e-07,0.2902783995568779,1.3456110923262265e-41,False,True,Solve_Succeeded,9,0.016024297998228576,0.018302395998034626,0.01892033699550666,True,4.875253534208923e-10,601.3854022258985,shifted_warm_start,
50.6,65.666,65.646,4.566666700000001,1,learned_h2,3.4466204917225522,0.1468254159138338,0.2902839672825378,-5.9383243498409204e-06,7.40756894526608e-07,3.4464825378872153,0.14678420647678952,0.29027838181863086,-0.002870691053451821,0.0,-0.00011281399358728118,3.3074708072322863,2.1498733904684375,0.2956047737592017,2.7777777778,2.4003560219025626e-07,1.3456110923262265e-41,2.400405544499107e-07,-2.6461962351588023e-40,2.400405544499107e-07,-2.0121401889675407e-40,2.400405544499107e-07,0.29027838181863086,-2.6461962351588023e-40,False,True,Solve_Succeeded,9,0.014910829995642416,0.017692778004857246,0.018103809998137876,True,4.892687366364612e-10,601.3725848798457,shifted_warm_start,
50.7,65.766,65.748,4.566666700000001,1,learned_h2,3.4465211301631156,0.14679576742897457,0.2902839508337975,-2.694425781939553e-06,7.490773877532401e-07,3.44638356010676,0.1467546726368561,0.29027836498249415,-0.002867625827615191,0.0,-0.00011280418704846905,3.307372439038871,2.1498432137413794,0.29560436927744854,2.7777777778,2.400405544499107e-07,-2.6461962351588023e-40,2.4004549087041723e-07,-5.77369293861733e-40,2.4004549087041723e-07,-4.390256265273859e-40,2.4004549087041723e-07,0.29027836498249415,-5.77369293861733e-40,False,True,Solve_Succeeded,9,0.015816721999726724,0.01812623699515825,0.01844659999915166,True,4.910126749635424e-10,601.359807349731,shifted_warm_start,
50.8,65.866,65.85,4.566666700000001,1,learned_h2,3.4464220836315893,0.1467662130540542,0.2902839343847509,5.085384803644339e-07,7.474974321873375e-07,3.4462848803184714,0.14672522781802977,0.2902783467347228,-0.002864598909154656,0.0,-0.00011280796860545385,3.307274382722689,2.149813132837372,0.29560396601518407,2.7777777778,2.4004549087041723e-07,-5.77369293861733e-40,2.4005041434685454e-07,-9.627999834206716e-41,2.4005041434685454e-07,-7.321031278172595e-41,2.4005041434685454e-07,0.2902783467347228,-9.627999834206716e-41,False,True,Solve_Succeeded,9,0.017741864998242818,0.020760393999808002,0.021296323000569828,True,4.927582786251605e-10,601.3470673981703,shifted_warm_start,
50.9,65.966,65.952,4.566666700000001,1,learned_h2,3.4463233481530424,0.14673675160004612,0.2902839179348506,3.6710841111854836e-06,7.474837047109592e-07,3.4461864948289467,0.14669587091522912,0.2902783288621496,-0.0028616100418113423,0.0,-0.00011280650334017738,3.307176634348572,2.1497831465458974,0.29560356395643667,2.7777777778,2.4005041434685454e-07,-9.627999834206716e-41,2.400553229652168e-07,3.2209462320723544e-41,2.400553229652168e-07,2.4491741292449617e-41,2.400553229652168e-07,0.2902783288621496,3.2209462320723544e-41,False,True,Solve_Succeeded,9,0.015620771999238059,0.017878199003462214,0.018276416005392093,True,4.945047149540471e-10,601.3343659057847,shifted_warm_start,
51.0,66.066,66.054,4.566666700000001,1,learned_h2,3.446224919802436,0.14670738189376736,0.2902839014847989,6.793721288253067e-06,7.475062293458355e-07,3.4460883999892085,0.14666660083777158,0.2902783109483537,-0.0028586589925145827,0.0,-0.0001128059088637079,3.3070791900307372,2.149753253672554,0.2956031630866769,2.7777777778,2.400553229652168e-07,3.2209462320723544e-41,2.4006021739363605e-07,1.3602008556152605e-40,2.4006021739363605e-07,1.0342826319104238e-40,2.4006021739363605e-07,0.2902783109483537,1.3602008556152605e-40,False,True,Solve_Succeeded,9,0.01318143800017424,0.01533408899558708,0.015639903002011124,True,4.962523170171096e-10,601.321702082734,shifted_warm_start,
51.1,66.166,66.156,4.566666700000001,1,learned_h2,3.446126794704119,0.14667810277739926,0.29028388503453967,9.876953601419935e-06,7.475174232852538e-07,3.445990592212452,0.14663741651412074,0.29027829303508873,-0.0028557451714405035,0.0,-0.00011280528318578708,3.3069820459322927,2.1497234530385705,0.2956027633908082,2.7777777778,2.4006021739363605e-07,1.3602008556152605e-40,2.4006509775963827e-07,-1.938933123850411e-40,2.4006509775963827e-07,-1.474344650023909e-40,2.4006509775963827e-07,0.29027829303508873,-1.938933123850411e-40,False,True,Solve_Succeeded,9,0.015183267998509109,0.018009898994932882,0.018348648001847323,True,4.980009737920454e-10,601.3090754961474,shifted_warm_start,
51.2,66.266,66.258,4.566666700000001,1,learned_h2,3.446028969031618,0.14664891310678652,0.29028386858539473,1.2921278222139528e-05,7.486779377788851e-07,3.4458930679477917,0.1466083168824347,0.2902782752605672,-0.002852868176946482,0.0,-0.00011280334221080724,3.3068851982650447,2.1496937434791117,0.29560236485530117,2.7777777778,2.4006509775963827e-07,-1.938933123850411e-40,2.4006996407599117e-07,-1.5824665574986022e-40,2.4006996407599117e-07,-1.2032911678029674e-40,2.4006996407599117e-07,0.2902782752605672,-1.5824665574986022e-40,False,True,Solve_Succeeded,9,0.016185781998501625,0.018519735996960662,0.019056134995480534,True,4.997506297677035e-10,601.296485790798,shifted_warm_start,
51.3,66.366,66.36,4.566666700000001,1,learned_h2,3.4459314390058693,0.14661981175511668,0.2902838521347466,1.5927186299972203e-05,7.486821974454891e-07,3.4457958236950836,0.14657930089924634,0.29027825732476337,-0.0028500274507531585,0.0,-0.00011280310336747864,3.3067886432877067,2.149664123846941,0.29560196746287226,2.7777777778,2.4006996407599117e-07,-1.5824665574986022e-40,2.4007481686660635e-07,2.960896112016052e-40,2.4007481686660635e-07,2.2514347134152363e-40,2.4007481686660635e-07,0.29027825732476337,2.960896112016052e-40,False,True,Solve_Succeeded,9,0.018566040002042428,0.02205909599433653,0.022453766003309283,True,5.01501618010991e-10,601.2839322858724,shifted_warm_start,
51.4,66.466,66.462,4.566666700000001,1,learned_h2,3.445834200896407,0.14659079760679983,0.2902838356840787,1.889516251929608e-05,7.486749128950465e-07,3.445698855993469,0.1465503675294892,0.29027823940804964,-0.0028472225430827103,0.0,-0.00011280246846270261,3.3066923773071326,2.1496345930063123,0.29560157120052444,2.7777777778,2.4007481686660635e-07,2.960896112016052e-40,2.400796560904057e-07,2.8847165159051563e-40,2.400796560904057e-07,2.193508538146209e-40,2.400796560904057e-07,0.29027823940804964,2.8847165159051563e-40,False,True,Solve_Succeeded,9,0.015625861997250468,0.018659130997548345,0.019348691996128764,True,5.032537164773032e-10,601.2714146698589,shifted_warm_start,
51.5,66.566,66.564,4.566666700000001,1,learned_h2,3.4457372510184814,0.14656186956486456,0.2902838192275492,2.1825686256352304e-05,7.398468789136321e-07,3.4456021614431425,0.1465215157613921,0.29027822047821955,-0.0028444525999145012,0.0,-0.00011281200002842066,3.3065963966753995,2.1496051498403417,0.29560117604811453,2.7777777778,2.400796560904057e-07,2.8847165159051563e-40,2.4008448312520177e-07,-1.487283372202766e-40,2.4008448312520177e-07,-1.130914860292953e-40,2.4008448312520177e-07,0.29027822047821955,-1.487283372202766e-40,False,True,Solve_Succeeded,9,0.019186021003406495,0.021507012999791186,0.021952283001155593,True,5.050074802781523e-10,601.2589317184804,shifted_warm_start,
51.6,66.666,66.666,4.566666700000001,1,learned_h2,3.445640585736921,0.14653302653585726,0.29028380277801313,2.4719228716692153e-05,7.397098629490485e-07,3.445505736636288,0.14649274456924813,0.2902782027040746,-0.002841717885083606,0.0,-0.00011280874880114656,3.3065006977937315,2.1495757932359405,0.29560078200438655,2.7777777778,2.4008448312520177e-07,-1.487283372202766e-40,2.4008929559536295e-07,1.6798142285212879e-40,2.4008929559536295e-07,1.2773133278244377e-40,2.4008929559536295e-07,0.2902782027040746,1.6798142285212879e-40,False,True,Solve_Succeeded,9,0.0227812230004929,0.025612416997319087,0.026213454999378882,True,5.067620212351187e-10,601.2464846376378,shifted_warm_start,
51.7,66.766,66.734,4.566666700000001,1,learned_h2,3.4455762985495175,0.14651384454917188,0.2902837918158442,2.662794241697572e-05,7.475008235544184e-07,3.4454424492924756,0.14647386125521475,0.2902782167176837,-0.00283997280815035,0.0,-0.00011279613630282307,3.306437053309401,2.1495562697164243,0.29560051991791314,2.7777777778,2.4008929559536295e-07,1.6798142285212879e-40,2.400924241362757e-07,2.9249106399674775e-40,2.400924241362757e-07,2.2240717334646736e-40,2.400924241362757e-07,0.2902782167176837,2.9249106399674775e-40,False,True,Solve_Succeeded,9,0.015086277002410498,0.01781528599531157,0.018181247993197758,True,5.07899888813057e-10,601.2383349097063,shifted_warm_start,
51.8,66.866,66.836,4.566666700000001,1,learned_h2,3.44548009963512,0.14648514083689157,0.2902837753664779,2.946088470063568e-05,7.486755307987808e-07,3.4453465580059324,0.14644524943992096,0.29027819866106186,-0.0028372779268014043,0.0,-0.00011280036820258636,3.306341816130637,2.149527054966819,0.29560012767960203,2.7777777778,2.400924241362757e-07,2.9249106399674775e-40,2.400972107393164e-07,1.3962554352502676e-40,2.400972107393164e-07,1.0616981605533987e-40,2.400972107393164e-07,0.29027819866106186,1.3962554352502676e-40,False,True,Solve_Succeeded,9,0.015306531997339334,0.017565217000083067,0.01799315200332785,True,5.096601474186002e-10,601.2259567666557,shifted_warm_start,
51.9,66.966,66.938,4.566666700000001,1,learned_h2,3.4453841758392905,0.14645651931109765,0.29028375891610375,3.225807778688999e-05,7.486510475696044e-07,3.445250927633505,0.1464167155679216,0.29027818073712636,-0.0028345938698353286,0.0,-0.00011279985197851624,3.306246851318905,2.14949792390115,0.29559973650517785,2.7777777778,2.400972107393164e-07,1.3962554352502676e-40,2.4010198441156064e-07,2.062585096809048e-41,2.4010198441156064e-07,1.56836832858918e-41,2.4010198441156064e-07,0.29027818073712636,2.062585096809048e-41,False,True,Solve_Succeeded,9,0.02355022099800408,0.026038574003905524,0.026425017000292428,True,5.11416464732406e-10,601.2136125738289,shifted_warm_start,
52.0,67.066,67.04,4.566666700000001,1,learned_h2,3.445288523690445,0.14642797893409212,0.2902837424651455,3.501997278930892e-05,7.486604262716538e-07,3.445155551921752,0.14638825777053305,0.2902781628207357,-0.0028319837204363926,0.0,-0.00011279922969570097,3.3061521554373394,2.149468875462972,0.29559934638158764,2.7777777778,2.4010198441156064e-07,2.062585096809048e-41,2.40106745609379e-07,5.256892935131315e-41,2.40106745609379e-07,3.997286899337787e-41,2.40106745609379e-07,0.2902781628207357,5.256892935131315e-41,False,True,Solve_Succeeded,9,0.014360073000716511,0.01689040399651276,0.017357561002427246,True,5.131741698249925e-10,601.2013014271633,shifted_warm_start,
52.1,67.166,67.142,4.566666700000001,1,learned_h2,3.4451931397607196,0.14639951868157822,0.2902837260144035,3.7747015159112704e-05,7.486479057669228e-07,3.4450604296416634,0.14635987568029987,0.2902781448982147,-0.0028294065170821176,0.0,-0.00011279869918626941,3.3060577250923613,2.1494399086094793,0.2955989572963224,2.7777777778,2.40106745609379e-07,5.256892935131315e-41,2.4011149440840034e-07,3.5953912917436865e-41,2.4011149440840034e-07,2.73389827143611e-41,2.4011149440840034e-07,0.2902781448982147,3.5953912917436865e-41,False,True,Solve_Succeeded,9,0.018689881995669566,0.020928787998855114,0.021390239002357703,True,5.149332626963599e-10,601.1890231561401,shifted_warm_start,
52.2,67.266,67.244,4.566666700000001,1,learned_h2,3.445098020663932,0.14637113754747655,0.29028370955644994,4.043964530499157e-05,7.414498234624806e-07,3.4449655576771954,0.14633156837192426,0.290278126006413,-0.0028268614773068437,0.0,-0.0001128064075688499,3.3059635569316237,2.1494110223163116,0.29559856922880706,2.7777777778,2.4011149440840034e-07,3.5953912917436865e-41,2.401162320914555e-07,6.7702398841827125e-43,2.401162320914555e-07,5.148020233313297e-43,2.401162320914555e-07,0.290278126006413,6.7702398841827125e-43,False,True,Solve_Succeeded,9,0.016520420998858754,0.01936510699306382,0.020011052998597734,True,5.166942984580203e-10,601.1767766265635,shifted_warm_start,
52.3,67.366,67.346,4.566666700000001,1,learned_h2,3.4450031630615205,0.14634283452206126,0.2902836931069849,4.309829641538477e-05,7.398717903463137e-07,3.4448709329136693,0.14630333490239708,0.29027810800784704,-0.0028243487043794796,0.0,-0.00011280537822105214,3.3058696476500193,2.1493822155557187,0.2955981821817787,2.7777777778,2.401162320914555e-07,6.7702398841827125e-43,2.401209566283011e-07,3.252801949935026e-41,2.401209566283011e-07,2.4733968869181265e-41,2.401209566283011e-07,0.29027810800784704,3.252801949935026e-41,False,True,Solve_Succeeded,9,0.016507894004462287,0.019005485002708156,0.01953529599995818,True,5.184563889315541e-10,601.1645628472442,shifted_warm_start,
52.4,67.466,67.448,4.566666700000001,1,learned_h2,3.4449085636513725,0.14631460862731854,0.2902836766572499,4.5723397663345425e-05,7.397342315334807e-07,3.444776552290328,0.14627517436587226,0.290278090097529,-0.0028218678603575053,0.0,-0.00011280479536722037,3.3057759939784153,2.1493534873318674,0.2955977961336563,2.7777777778,2.401209566283011e-07,3.252801949935026e-41,2.401256691129797e-07,1.4622878921049414e-41,2.401256691129797e-07,1.1119085563087161e-41,2.401256691129797e-07,0.290278090097529,1.4622878921049414e-41,False,True,Solve_Succeeded,9,0.01746444799937308,0.02026125900010811,0.02070492599887075,True,5.202198671838687e-10,601.152380812751,shifted_warm_start,
52.5,67.566,67.55,4.566666700000001,1,learned_h2,3.4448142191755147,0.1462864588893074,0.2902836602070541,4.831537248945501e-05,7.396716464201865e-07,3.444682412801152,0.14624708586368243,0.2902780721849339,-0.0028194183097023026,0.0,-0.00011280436565420093,3.3056825926914213,2.149324836653231,0.2955974110715986,2.7777777778,2.401256691129797e-07,1.4622878921049414e-41,2.4013036979989274e-07,-5.143263012661595e-41,2.4013036979989274e-07,-3.910883884084132e-41,2.4013036979989274e-07,0.2902780721849339,-5.143263012661595e-41,False,True,Solve_Succeeded,9,0.020876450995274354,0.023147785999753978,0.023814277999917977,True,5.219848997484178e-10,601.1402300646411,shifted_warm_start,
52.6,67.666,67.652,4.566666700000001,1,learned_h2,3.44472012641703,0.14625838434660637,0.2902836437566292,5.087463893537046e-05,7.396559369591752e-07,3.444588511465778,0.14621906850506977,0.2902780542796637,-0.0028169996632132575,0.0,-0.00011280385415248977,3.3055894406042996,2.1492962625410295,0.29559702698334367,2.7777777778,2.4013036979989274e-07,-5.143263012661595e-41,2.4013505882465497e-07,1.0403317846394323e-40,2.4013505882465497e-07,7.910575058344849e-41,2.4013505882465497e-07,0.2902780542796637,1.0403317846394323e-40,False,True,Solve_Succeeded,9,0.014854939996439498,0.01778678900154773,0.018283869998413138,True,5.237515421363526e-10,601.1281102241051,shifted_warm_start,
52.7,67.766,67.754,4.566666700000001,1,learned_h2,3.4446262821995357,0.1462303840501027,0.290283627305983,5.340160972592149e-05,7.396646458825839e-07,3.444494845340464,0.14619112141041796,0.2902780363763376,-0.002814611539359093,0.0,-0.00011280333310762696,3.305496534572431,2.1492677640290103,0.295596643856565,2.7777777778,2.4013505882465497e-07,1.0403317846394323e-40,2.401397363386396e-07,-7.853376943852047e-41,2.401397363386396e-07,-5.971626426596997e-41,2.401397363386396e-07,0.2902780363763376,-7.853376943852047e-41,False,True,Solve_Succeeded,9,0.015615832002367824,0.018419908999931067,0.018803086000843905,True,5.255196833253706e-10,601.116020905766,shifted_warm_start,
52.8,67.866,67.856,4.566666700000001,1,learned_h2,3.4445326833865857,0.1462024570631484,0.2902836108553931,5.589669246381549e-05,7.396761286846716e-07,3.444401411518163,0.14616324371160597,0.29027801847275453,-0.0028122535516711595,0.0,-0.00011280282121343158,3.3054038714907352,2.1492393401636045,0.29559626167935893,2.7777777778,2.401397363386396e-07,-7.853376943852047e-41,2.401444024876062e-07,-4.269986724395404e-40,2.401444024876062e-07,-3.2468536461349216e-40,2.401444024876062e-07,0.29027801847275453,-4.269986724395404e-40,False,True,Solve_Succeeded,9,0.013659242002177052,0.01591847300005611,0.016374965001887176,True,5.272894343377743e-10,601.1039617316476,shifted_warm_start,
52.9,67.966,67.958,4.566666700000001,1,learned_h2,3.444439326881503,0.1461746024602824,0.2902835944046114,5.8360289478911176e-05,7.396879580111725e-07,3.4443082071278726,0.14613543455058725,0.2902780005686635,-0.0028099253195995448,0.0,-0.00011280231515641423,3.305311448293508,2.1492109900026444,0.29559588043944984,2.7777777778,2.401444024876062e-07,-4.269986724395404e-40,2.401490574133681e-07,2.80389057925065e-40,2.401490574133681e-07,2.1320493336878833e-40,2.401490574133681e-07,0.2902780005686635,2.80389057925065e-40,False,True,Solve_Succeeded,9,0.01715812700422248,0.01928041799692437,0.019612283002061304,True,5.29060850684715e-10,601.0919323296454,shifted_warm_start,
53.0,68.066,68.06,4.566666700000001,1,learned_h2,3.4443462096265134,0.14614681932831328,0.2902835779540556,6.07927981338448e-05,7.396749488670858e-07,3.4442152293339334,0.14610769308052188,0.2902779826615096,-0.0028076264664793574,0.0,-0.00011280184384262554,3.305219261953552,2.1491827126164473,0.2955955001253801,2.7777777778,2.401490574133681e-07,2.80389057925065e-40,2.401537012586093e-07,2.803579602260827e-42,2.401537012586093e-07,2.1318128700081483e-42,2.401537012586093e-07,0.2902779826615096,2.803579602260827e-42,False,True,Solve_Succeeded,9,0.01473031500063371,0.01696105900191469,0.01734163999935845,True,5.308339323661926e-10,601.0799323307546,shifted_warm_start,
53.1,68.166,68.162,4.566666700000001,1,learned_h2,3.444253328602506,0.14611910676531292,0.2902835615032619,6.319461070332274e-05,7.396675117969067e-07,3.4441224753356825,0.1460800184647371,0.29027796475490486,-0.0028053566226813346,0.0,-0.00011280136435394193,3.305127309481954,2.1491545070868,0.29559512072495825,2.7777777778,2.401537012586093e-07,2.803579602260827e-42,2.401583341571059e-07,8.213849853294552e-41,2.401583341571059e-07,6.245726290577717e-41,2.401583341571059e-07,0.29027796475490486,8.213849853294552e-41,False,True,Solve_Succeeded,9,0.024285728999529965,0.026791205003974028,0.027184361999388784,True,5.326087348933584e-10,601.0679613750831,shifted_warm_start,
53.2,68.266,68.264,4.566666700000001,1,learned_h2,3.444160680828442,0.1460914638808053,0.29028354505245757,6.556611447868578e-05,7.396580909735245e-07,3.444029942367062,0.14605240987697693,0.2902779468476484,-0.002803115422537836,0.0,-0.00011280089603792152,3.3050355879274824,2.149126372507151,0.29559474222683246,2.7777777778,2.401583341571059e-07,8.213849853294552e-41,2.4016295624657376e-07,5.899083471130344e-40,2.4016295624657376e-07,4.48560192650383e-40,2.4016295624657376e-07,0.2902779468476484,5.899083471130344e-40,False,True,Solve_Succeeded,9,0.027793141001893673,0.031140425002377015,0.031510385000729,True,5.343852582662123e-10,601.0560191035978,shifted_warm_start,
53.3,68.366,68.332,4.566666700000001,1,learned_h2,3.444099043773334,0.14607307356885113,0.29028353408126484,6.713046795702589e-05,7.402006155836749e-07,3.4439705169383874,0.14603468022336613,0.2902779597884478,-0.002801684841259862,0.0,-0.00011279699836557966,3.3049745670706407,2.1491076550969774,0.2955944903863863,2.7777777778,2.4016295624657376e-07,5.899083471130344e-40,2.4016589587571105e-07,-3.0542328182519537e-41,2.4016589587571105e-07,-2.3224069773871275e-41,2.4016589587571105e-07,0.2902779597884478,-3.0542328182519537e-41,False,True,Solve_Succeeded,9,0.023621398999239318,0.026992063998477533,0.02754726500279503,True,5.355118570804507e-10,601.0483686962353,shifted_warm_start,
53.4,68.466,68.434,4.566666700000001,1,learned_h2,3.44400677822701,0.14604554486544502,0.2902835176311079,6.94523048752259e-05,7.400859187076698e-07,3.4438784211537885,0.146007202233317,0.29027794170649207,-0.0027994760014305913,0.0,-0.0001127998277365472,3.3048832239211188,2.1490796367824387,0.29559411336741764,2.7777777778,2.4016589587571105e-07,-3.0542328182519537e-41,2.401704967206968e-07,3.108174888816076e-42,2.401704967206968e-07,2.3634239687258976e-42,2.401704967206968e-07,0.29027794170649207,3.108174888816076e-42,False,True,Solve_Succeeded,9,0.018731295996985864,0.02273704500112217,0.023087346999091096,True,5.372952638360573e-10,601.0364829721428,shifted_warm_start,
53.5,68.566,68.536,4.566666700000001,1,learned_h2,3.4439147381636817,0.14601808352100099,0.2902835011808276,7.17448422182826e-05,7.399817899824718e-07,3.443786539145832,0.14597978810527687,0.290277923788925,-0.002797276209360256,0.0,-0.0001127993939193376,3.304792103999451,2.1490516870564873,0.2955937372204609,2.7777777778,2.401704967206968e-07,3.108174888816076e-42,2.401750869200688e-07,-2.9802635131137946e-40,2.401750869200688e-07,-2.26616148446375e-40,2.401750869200688e-07,0.290277923788925,-2.9802635131137946e-40,False,True,Solve_Succeeded,9,0.015466468001250178,0.018076670996379107,0.018570766995253507,True,5.390748958333802e-10,601.0246251188157,shifted_warm_start,
53.6,68.666,68.638,4.566666700000001,1,learned_h2,3.44382292073801,0.14599068868529055,0.2902834847303593,7.400844977473547e-05,7.398956830281524e-07,3.443694865799256,0.14595243631096197,0.2902779058706566,-0.002795136972285056,0.0,-0.00011279900845850666,3.304701204488752,2.1490238050535604,0.2955933619343985,2.7777777778,2.401750869200688e-07,-2.9802635131137946e-40,2.401796669209749e-07,5.5129425283518434e-42,2.401796669209749e-07,4.19198435602769e-42,2.401796669209749e-07,0.2902779058706566,5.5129425283518434e-42,False,True,Solve_Succeeded,9,0.016954289996647276,0.019810839999991003,0.02033826200204203,True,5.40856415209845e-10,601.0127943493055,shifted_warm_start,
53.7,68.766,68.74,4.566666700000001,1,learned_h2,3.443731323140537,0.14596335951890071,0.2902834682795927,7.624349257952436e-05,7.398330594213926e-07,3.4436034001068156,0.14592514654931504,0.2902778879551185,-0.0027930247318758207,0.0,-0.00011279860715526442,3.304610522607662,2.148995989919099,0.29559298749820445,2.7777777778,2.401796669209749e-07,5.5129425283518434e-42,2.4018423676828756e-07,8.149607905940812e-41,2.4018423676828756e-07,6.196877379687993e-41,2.4018423676828756e-07,0.2902778879551185,8.149607905940812e-41,False,True,Solve_Succeeded,9,0.013899611003580503,0.016553586996451486,0.017004205998091493,True,5.426398219654516e-10,601.0009905351117,shifted_warm_start,
53.8,68.866,68.842,4.566666700000001,1,learned_h2,3.443639942597253,0.14593609519307865,0.2902834518289646,7.845033122425451e-05,7.39776088066948e-07,3.443512139502232,0.14589791805363775,0.29027787004011424,-0.0027909391464858786,0.0,-0.00011279821183423266,3.3045200556099164,2.148968240809401,0.29559261390153774,2.7777777778,2.4018423676828756e-07,8.149607905940812e-41,2.4018879659111323e-07,-1.4068461728710672e-40,2.4018879659111323e-07,-1.0697512476655654e-40,2.4018879659111323e-07,0.29027787004011424,-1.4068461728710672e-40,False,True,Solve_Succeeded,9,0.015804173999640625,0.01858215399988694,0.018949258999782614,True,5.444251161002001e-10,600.9892133422984,shifted_warm_start,
53.9,68.966,68.944,4.566666700000001,1,learned_h2,3.443548776369231,0.1459088948892701,0.2902834353779655,8.062932157797108e-05,7.397635099215121e-07,3.4434210814508686,0.1458707500664016,0.29027785213058843,-0.0027888798813785983,0.0,-0.00011279777206432843,3.3044298007839776,2.1489405568911515,0.29559224113324833,2.7777777778,2.4018879659111323e-07,-1.4068461728710672e-40,2.4019334650866774e-07,-2.8907543593472916e-40,2.4019334650866774e-07,-2.198099651716396e-40,2.4019334650866774e-07,0.29027785213058843,-2.8907543593472916e-40,False,True,Solve_Succeeded,9,0.012557504000142217,0.01485679300094489,0.015158057998633012,True,5.462122421029392e-10,600.9774624463494,shifted_warm_start,
54.0,69.066,69.046,4.566666700000001,1,learned_h2,3.443457821751861,0.14588175780008208,0.29028341892718973,8.27808150445328e-05,7.397345212028537e-07,3.443330223449336,0.1458436418403241,0.2902778342181956,-0.0027868466022458677,0.0,-0.00011279737063275396,3.304339755452283,2.1489129373423848,0.29559186918342056,2.7777777778,2.4019334650866774e-07,-2.8907543593472916e-40,2.401978866540926e-07,-8.780349214886297e-42,2.401978866540926e-07,-6.676486533275591e-42,2.401978866540926e-07,0.2902778342181956,-8.780349214886297e-42,False,True,Solve_Succeeded,9,0.014816501003224403,0.01745081300032325,0.01784573300392367,True,5.480014220182738e-10,600.965737517065,shifted_warm_start,
54.1,69.166,69.148,4.566666700000001,1,learned_h2,3.443367076074895,0.14585468312746308,0.29028340247589013,8.490515861330328e-05,7.397484386848229e-07,3.4432395630252253,0.14581659263645236,0.2902778163110484,-0.0027848389827669078,0.0,-0.00011279691840264101,3.3042499169712913,2.14888538135066,0.29559149804093254,2.7777777778,2.401978866540926e-07,-8.780349214886297e-42,2.40202417139834e-07,-1.304315854053412e-40,2.40202417139834e-07,-9.917882559797737e-41,2.40202417139834e-07,0.2902778163110484,-1.304315854053412e-40,False,True,Solve_Succeeded,9,0.014510975997836795,0.01759514500008663,0.018151087999285664,True,5.497926003350528e-10,600.954038240403,shifted_warm_start,
54.2,69.266,69.25,4.566666700000001,1,learned_h2,3.443276536701678,0.14582767008386335,0.2902833860252194,8.700269488291223e-05,7.397022698240633e-07,3.443149097736816,0.14578960172546923,0.29027779839579887,-0.002782856695527694,0.0,-0.00011279655488080051,3.304160282730714,2.1488578881142235,0.2955911276966914,2.7777777778,2.40202417139834e-07,-1.304315854053412e-40,2.4020693810195377e-07,3.430256554350856e-41,2.4020693810195377e-07,2.6083315287705665e-41,2.4020693810195377e-07,0.29027779839579887,3.430256554350856e-41,False,True,Solve_Succeeded,9,0.01442415999918012,0.01665587599563878,0.01742873700277414,True,5.515857770532762e-10,600.9423642901631,shifted_warm_start,
54.3,69.366,69.352,4.566666700000001,1,learned_h2,3.4431862010288414,0.1458007178915866,0.29028336957398926,8.90737620977389e-05,7.396993582487053e-07,3.44305882517225,0.14576266838688645,0.29027778048640374,-0.002780899423780235,0.0,-0.00011279612609812991,3.304070850153215,2.148830456841356,0.29559075813939195,2.7777777778,2.4020693810195377e-07,3.430256554350856e-41,2.402114496430061e-07,-1.279429060385917e-41,2.402114496430061e-07,-9.728645960306073e-42,2.402114496430061e-07,0.29027778048640374,-1.279429060385917e-41,False,True,Solve_Succeeded,9,0.013350221997825429,0.015855116995226126,0.016238044001511298,True,5.53381007684095e-10,600.9307153647574,shifted_warm_start,
54.4,69.466,69.454,4.566666700000001,1,learned_h2,3.443096066485835,0.1457738257828483,0.29028335312292697,9.111869435897756e-05,7.397060428562465e-07,3.4429687429495424,0.1457357919092485,0.2902777625772992,-0.002778966852658321,0.0,-0.00011279570786699415,3.3039816166939566,2.1488030867504264,0.29559038935977267,2.7777777778,2.402114496430061e-07,-1.279429060385917e-41,2.402159518869809e-07,2.8402711234841214e-40,2.402159518869809e-07,2.1597127224328554e-40,2.402159518869809e-07,0.2902777625772992,2.8402711234841214e-40,False,True,Solve_Succeeded,9,0.016064248004113324,0.01910307799698785,0.01956256500125164,True,5.551783477386607e-10,600.9190911516611,shifted_warm_start,
54.5,69.566,69.556,4.566666700000001,1,learned_h2,3.4430061305347306,0.1457469929989706,0.2902833366720308,9.313782129615711e-05,7.410663461049542e-07,3.4428788487131965,0.14570897158836182,0.2902777448330235,-0.002777058736113811,0.0,-0.00011279374382116459,3.3038925798403893,2.1487757770690883,0.29559002134796813,2.7777777778,2.402159518869809e-07,2.8402711234841214e-40,2.402204447569438e-07,5.727864818571089e-40,2.402204447569438e-07,4.355409037806492e-40,2.402204447569438e-07,0.2902777448330235,5.727864818571089e-40,False,True,Solve_Succeeded,9,0.014356615996803157,0.016934040002524853,0.01745137200487079,True,5.569776306835195e-10,600.907491470959,shifted_warm_start,
54.6,69.666,69.658,4.566666700000001,1,learned_h2,3.4429163906692595,0.1457202187920431,0.2902833202207628,9.513146879736541e-05,7.410672867490676e-07,3.442789140144914,0.14568220673249493,0.29027772689803344,-0.002775174654877897,0.0,-0.00011279377678606648,3.303803737111309,2.148748527035933,0.29558965409370014,2.7777777778,2.402204447569438e-07,5.727864818571089e-40,2.402249287845778e-07,-7.119187123943175e-41,2.402249287845778e-07,-5.413356097533201e-41,2.402249287845778e-07,0.29027772689803344,-7.119187123943175e-41,False,True,Solve_Succeeded,9,0.013787173993478063,0.016187143002753146,0.016515832001459785,True,5.587791340744275e-10,600.8959157523435,shifted_warm_start,
54.7,69.766,69.76,4.566666700000001,1,learned_h2,3.4428268444150754,0.14569350242262047,0.2902833037694854,9.709995824481687e-05,7.410621737458e-07,3.442699614949546,0.14565549665571642,0.2902777089865776,-0.0027733143154365877,0.0,-0.00011279333146930887,3.303715086057111,2.148721335898195,0.2955892875877153,2.7777777778,2.402249287845778e-07,-7.119187123943175e-41,2.402294038315839e-07,1.5503595940294825e-41,2.402294038315839e-07,1.1788773655748605e-41,2.402294038315839e-07,0.2902777089865776,1.5503595940294825e-41,False,True,Solve_Succeeded,9,0.01361149000149453,0.01647295500151813,0.016915329004405066,True,5.605828579113847e-10,600.8843638616474,shifted_warm_start,
54.8,69.866,69.862,4.566666700000001,1,learned_h2,3.442737489329054,0.14566684316060668,0.2902832873183687,9.904360715207806e-05,7.410340059556736e-07,3.442610270858746,0.14562884068014256,0.2902776910697116,-0.0027714774604833572,0.0,-0.00011279297097615702,3.3036266242591092,2.1486942029126217,0.2955889218206873,2.7777777778,2.402294038315839e-07,1.5503595940294825e-41,2.402338700438887e-07,-7.213219513215831e-42,2.402338700438887e-07,-5.4848573516753746e-42,2.402338700438887e-07,0.2902776910697116,-7.213219513215831e-42,False,True,Solve_Succeeded,9,0.014625468000303954,0.01707664199784631,0.01742610200017225,True,5.6238874668324e-10,600.8728354831313,shifted_warm_start,
54.9,69.966,69.964,4.566666700000001,1,learned_h2,3.4426483229986955,0.14564024028576306,0.29028327086697725,0.000100962728952805,7.410412872447002e-07,3.4425211056343556,0.1456022381376142,0.29027767315683106,-0.002769663786388219,0.0,-0.00011279256763335566,3.3035383493289268,2.148667127345986,0.29558855678280416,2.7777777778,2.402338700438887e-07,-7.213219513215831e-42,2.4023832752080494e-07,-1.1435782884111508e-39,2.4023832752080494e-07,-8.695650771359748e-40,2.4023832752080494e-07,0.29027767315683106,-1.1435782884111508e-39,False,True,Solve_Succeeded,9,0.01254186499863863,0.01508673100033775,0.01556713900208706,True,5.641969114122958e-10,600.8613303344375,shifted_warm_start,
55.0,70.066,70.066,4.566666700000001,1,learned_h2,3.4425593430418973,0.14561369308714547,0.2902832544146253,0.0001028576332953965,7.397991086304733e-07,3.4424321170684893,0.14557568836924067,0.2902776551022803,-0.002767872937779622,0.0,-0.00011279361432693305,3.3034502589082795,2.148640108474522,0.2955881924641205,2.7777777778,2.4023832752080494e-07,-1.1435782884111508e-39,2.4024277654220103e-07,-1.6213719583131556e-42,2.4024277654220103e-07,-1.2328744313216519e-42,2.4024277654220103e-07,0.2902776551022803,-1.6213719583131556e-42,False,True,Solve_Succeeded,9,0.014586675999453291,0.01705704800406238,0.017435024994483683,True,5.660072965874008e-10,600.8498480192331,shifted_warm_start,
55.1,70.166,70.134,4.566666700000001,1,learned_h2,3.442500125450194,0.14559602553438344,0.2902832434527574,0.00010410759892317906,7.485989200336236e-07,3.4423762116391567,0.1455590102276714,0.2902776692309838,-0.0027667302547170866,0.0,-0.00011278050973643045,3.3033916333167457,2.1486221270330246,0.2955879499869399,2.7777777778,2.4024277654220103e-07,-1.6213719583131556e-42,2.4024554153928414e-07,2.7124727674804846e-44,2.4024554153928414e-07,2.0625361771780901e-44,2.4024554153928414e-07,0.2902776692309838,2.7124727674804846e-44,False,True,Solve_Succeeded,9,0.014389630996447522,0.017244778995518573,0.01775598899985198,True,5.671287328645747e-10,600.8426544465409,shifted_warm_start,
55.2,70.266,70.236,4.566666700000001,1,learned_h2,3.4424114509048893,0.1455695695705524,0.2902832270013846,0.00010596281772036828,7.485914507690307e-07,3.4422875724620563,0.14553256483099145,0.29027765103713066,-0.002764965482797458,0.0,-0.0001127854027529171,3.3033038452530104,2.1485952010665392,0.29558758684924696,2.7777777778,2.4024554153928414e-07,2.7124727674804846e-44,2.402499736070983e-07,3.6963344396596055e-42,2.402499736070983e-07,2.8106543948195018e-42,2.402499736070983e-07,0.29027765103713066,3.6963344396596055e-42,False,True,Solve_Succeeded,9,0.015375790004327428,0.017992337001487613,0.01856186099757906,True,5.689472781789107e-10,600.83121734358,shifted_warm_start,
55.3,70.366,70.338,4.566666700000001,1,learned_h2,3.442322956527256,0.14554316742908902,0.2902832105488043,0.00010779462538122962,7.473447411902521e-07,3.4421991041570403,0.1455061704798877,0.2902776329507224,-0.002763207663180033,0.0,-0.00011278607692043363,3.303216235554982,2.1485683299079668,0.2955872244063827,2.7777777778,2.402499736070983e-07,3.6963344396596055e-42,2.4025439721220993e-07,-3.3712120403217905e-42,2.4025439721220993e-07,-2.563434692308697e-42,2.4025439721220993e-07,0.2902776329507224,-3.3712120403217905e-42,False,True,Solve_Succeeded,9,0.014067756004806142,0.016446402005385607,0.016835530004755128,True,5.707623818018703e-10,600.8198025145764,shifted_warm_start,
55.4,70.466,70.44,4.566666700000001,1,learned_h2,3.4422346400441812,0.1455168184292917,0.2902831940973331,0.00010960331714699618,7.473396663043694e-07,3.4421108026185685,0.1454798259462697,0.29027761504200095,-0.002761498329713777,0.0,-0.00011278531995962479,3.3031288019722918,2.148541512864371,0.29558686265182804,2.7777777778,2.4025439721220993e-07,-3.3712120403217905e-42,2.4025881247587374e-07,-2.4383460079644103e-43,2.4025881247587374e-07,-1.8540930306097736e-43,2.4025881247587374e-07,0.29027761504200095,-2.4383460079644103e-43,False,True,Solve_Succeeded,9,0.01387727000110317,0.01625112699548481,0.016762396997364704,True,5.725797613820305e-10,600.8084094817492,shifted_warm_start,
55.5,70.566,70.542,4.566666700000001,1,learned_h2,3.4421464992106285,0.14549052190110906,0.2902831776460758,0.00011138918488257301,7.472948011486356e-07,3.4420226670445913,0.14545353099115083,0.29027759710547907,-0.002759810594974937,0.0,-0.00011278506116710869,3.3030415422823483,2.148514749253621,0.29558650157595967,2.7777777778,2.4025881247587374e-07,-2.4383460079644103e-43,2.402632196782945e-07,1.5430572257297687e-42,2.402632196782945e-07,1.1733247204099734e-42,2.402632196782945e-07,0.29027759710547907,1.5430572257297687e-42,False,True,Solve_Succeeded,9,0.013449186997604556,0.016039872003602795,0.016405374997702893,True,5.743994724305423e-10,600.7970379846839,shifted_warm_start,
55.6,70.666,70.644,4.566666700000001,1,learned_h2,3.4420585318099324,0.14546427718284696,0.2902831611944443,0.00011315251656476307,7.473120142759053e-07,3.441934695385529,0.1454272850027466,0.2902775791800117,-0.002758144151222475,0.0,-0.00011278467245073927,3.3029544542906577,2.148488038402097,0.2955861411695715,2.7777777778,2.402632196782945e-07,1.5430572257297687e-42,2.402676188749167e-07,-2.60673816023857e-42,2.402676188749167e-07,-1.9821366777874537e-42,2.402676188749167e-07,0.2902775791800117,-2.60673816023857e-42,False,True,Solve_Succeeded,9,0.019087827000475954,0.021822445996804163,0.02214590500079794,True,5.762216814808596e-10,600.785687787898,shifted_warm_start,
55.7,70.766,70.746,4.566666700000001,1,learned_h2,3.4419707356536033,0.14543808362041788,0.29028314474312117,0.00011489359651707479,7.472646475895474e-07,3.441846885615399,0.14540108737551588,0.29027756124496673,-0.002756498734732913,0.0,-0.00011278438376714413,3.3028675358306105,2.1484613796439396,0.29558578142483777,2.7777777778,2.402676188749167e-07,-2.60673816023857e-42,2.402720101900162e-07,-3.2831862521032364e-43,2.402720101900162e-07,-2.496500795348682e-43,2.402720101900162e-07,0.29027756124496673,-3.2831862521032364e-43,False,True,Solve_Succeeded,9,0.013185640003939625,0.01557561599474866,0.0161423269964871,True,5.780462219995286e-10,600.7743586133658,shifted_warm_start,
55.8,70.866,70.848,4.566666700000001,1,learned_h2,3.441883108580737,0.14541194056816098,0.2902831282918166,0.00011661270562452427,7.486378642614295e-07,3.4417592357300792,0.14537493751061661,0.2902775434956115,-0.0027548741509173906,0.0,-0.0001127824471880875,3.30278078476292,2.1484347723218606,0.29558542233306645,2.7777777778,2.402720101900162e-07,-3.2831862521032364e-43,2.4027639349319253e-07,-6.251932985938034e-43,2.4027639349319253e-07,-4.753905040221942e-43,2.4027639349319253e-07,0.2902775434956115,-6.251932985938034e-43,False,True,Solve_Succeeded,9,0.015381044999230653,0.01795895200484665,0.018271748995175585,True,5.798732050088518e-10,600.7630503502594,shifted_warm_start,
55.9,70.966,70.95,4.566666700000001,1,learned_h2,3.4417956484574903,0.14538584738922644,0.290283111840111,0.00011831012121743263,7.486475047988734e-07,3.4416717437586852,0.1453488348199099,0.29027752554286246,-0.0027532700260083243,0.0,-0.00011278253614939813,3.302694198975075,2.1484082157875357,0.29558506388554173,2.7777777778,2.4027639349319253e-07,-6.251932985938034e-43,2.4028076933861885e-07,9.47637778957354e-43,2.4028076933861885e-07,7.20573944702027e-43,2.4028076933861885e-07,0.29027752554286246,9.47637778957354e-43,False,True,Solve_Succeeded,9,0.013496638006472494,0.0157172429971979,0.01606778499990469,True,5.817027415311316e-10,600.7517624477023,shifted_warm_start,
56.0,71.066,71.052,4.566666700000001,1,learned_h2,3.441708353177252,0.14535980345382354,0.2902830953886804,0.00011998611695294051,7.486048839843071e-07,3.441584407749415,0.14532277871983276,0.29027750760827253,-0.002751686107229047,0.0,-0.00011278219498952228,3.302607776381536,2.148381709399842,0.29558470607474857,2.7777777778,2.4028076933861885e-07,9.47637778957354e-43,2.402851375625069e-07,3.00882913396572e-42,2.402851375625069e-07,2.2878824864723248e-42,2.402851375625069e-07,0.29027750760827253,3.00882913396572e-42,False,True,Solve_Succeeded,9,0.022840942001494113,0.025482117001956794,0.02587877999758348,True,5.83534831566368e-10,600.740494821502,shifted_warm_start,
56.1,71.166,71.154,4.566666700000001,1,learned_h2,3.4416212206595196,0.14533380814160513,0.29028307893581234,0.00012164096327582428,7.473628951498119e-07,3.4414972257750507,0.14529676863584112,0.2902774895216552,-0.0027501221253667355,0.0,-0.00011278327227754221,3.3025215149226,2.148355252527247,0.29558434889088425,2.7777777778,2.402851375625069e-07,3.00882913396572e-42,2.402894984597169e-07,-3.3880578470478535e-43,2.402894984597169e-07,-2.576244069133714e-43,2.402894984597169e-07,0.2902774895216552,-3.3880578470478535e-43,False,True,Solve_Succeeded,9,0.01258275100553874,0.014972219003539067,0.015355536001152359,True,5.853695306257123e-10,600.729247093246,shifted_warm_start,
56.2,71.266,71.256,4.566666700000001,1,learned_h2,3.4415342488508807,0.1453078608373291,0.2902830624840633,0.0001232749268251078,7.473698348805504e-07,3.4414101959279324,0.14527080399620657,0.29027747161225986,-0.0027485779205125233,0.0,-0.000112782539649319,3.302435412565399,2.148328844543465,0.29558399232852084,2.7777777778,2.402894984597169e-07,-3.3880578470478535e-43,2.402938517379842e-07,-1.8893726182402548e-42,2.402938517379842e-07,-1.4366593552605136e-42,2.402938517379842e-07,0.29027747161225986,-1.8893726182402548e-42,False,True,Solve_Succeeded,9,0.01528499400592409,0.017918238998390734,0.018346434997511096,True,5.87206727686862e-10,600.7180192658569,shifted_warm_start,
56.3,71.366,71.358,4.566666700000001,1,learned_h2,3.44144743572316,0.14528196093575838,0.2902830460325124,0.00012488827125448844,7.473189379661441e-07,3.441323316328345,0.1452448842400568,0.2902774536734595,-0.002747053229548523,0.0,-0.00011278232615764972,3.3023494673020384,2.1483024848323526,0.2955836363788501,2.7777777778,2.402938517379842e-07,-1.8893726182402548e-42,2.402981977327175e-07,-1.080785062150876e-42,2.402981977327175e-07,-8.21817758749495e-43,2.402981977327175e-07,0.2902774536734595,-1.080785062150876e-42,False,True,Solve_Succeeded,9,0.0180421179975383,0.02066308299981756,0.021011931996326894,True,5.890465892832708e-10,600.7068109391325,shifted_warm_start,
56.4,71.466,71.46,4.566666700000001,1,learned_h2,3.4413607792738596,0.1452561078390235,0.2902830295807765,0.0001264812567319697,7.472871397014595e-07,3.441236585120982,0.14521900881348923,0.29027743574019177,-0.002745547769586269,0.0,-0.00011278202551773812,3.3022636771500427,2.148276172785278,0.2955832810337018,2.7777777778,2.402981977327175e-07,-1.080785062150876e-42,2.403025364944321e-07,4.821405946782721e-43,2.403025364944321e-07,3.666147107289803e-43,2.403025364944321e-07,0.29027743574019177,4.821405946782721e-43,False,True,Solve_Succeeded,9,0.014490112000203226,0.01689477000036277,0.01724574300169479,True,5.908888933703338e-10,600.695621899722,shifted_warm_start,
56.5,71.566,71.562,4.566666700000001,1,learned_h2,3.4412742775259186,0.14523030095620976,0.2902830131289816,0.00012805414005614786,7.48689286282431e-07,3.441150000467967,0.1451931771671555,0.2902774179725699,-0.002744061379298197,0.0,-0.00011278009295186969,3.302178040152127,2.1482499078006954,0.2955829262855128,2.7777777778,2.403025364944321e-07,4.821405946782721e-43,2.403068679258411e-07,3.980165056103928e-43,2.403068679258411e-07,3.0264762536140287e-43,2.403068679258411e-07,0.2902774179725699,3.980165056103928e-43,False,True,Solve_Succeeded,9,0.014236267998057883,0.016878866001206916,0.017222795002453495,True,5.927339175038071e-10,600.684452031519,shifted_warm_start,
56.6,71.666,71.664,4.566666700000001,1,learned_h2,3.441187928527017,0.14520453970457065,0.29028299667717455,0.00012960717515524066,7.486735658512589e-07,3.4410635605634425,0.14516738876208685,0.29027740001470814,-0.0027425937009273853,0.0,-0.00011278024868987112,3.3020925543754904,2.1482236892853632,0.29558257212673805,2.7777777778,2.403068679258411e-07,3.980165056103928e-43,2.4031119253410636e-07,-4.421733738580714e-43,2.4031119253410636e-07,-3.362240502839358e-43,2.4031119253410636e-07,0.29027740001470814,-4.421733738580714e-43,False,True,Solve_Succeeded,9,0.01617771699966397,0.01829727799486136,0.018622449002577923,True,5.945816616836908e-10,600.6733008302434,shifted_warm_start,
56.7,71.766,71.766,4.566666700000001,1,learned_h2,3.441101730349681,0.14517882350803207,0.2902829802255672,0.00013114061235441218,7.486213128434504e-07,3.4409772636180533,0.14514164306345273,0.2902773820784381,-0.002741144506571265,0.0,-0.00011277993797508603,3.3020072179119375,2.1481975166528504,0.2955822185500926,2.7777777778,2.4031119253410636e-07,-4.421733738580714e-43,2.4031551015879887e-07,-5.154274154766526e-44,2.4031551015879887e-07,-3.9192566424084727e-44,2.4031551015879887e-07,0.2902773820784381,-5.154274154766526e-44,False,True,Solve_Succeeded,9,0.011747962002118584,0.01403500799642643,0.014335922001919243,True,5.964320703988335e-10,600.6621682254391,shifted_warm_start,
56.8,71.866,71.834,4.566666700000001,1,learned_h2,3.4410443477460424,0.14516170412983626,0.29028296925437336,0.0001321521389843988,7.410472200982806e-07,3.440924030181582,0.14512576312663808,0.29027739407977915,-0.002740219083843298,0.0,-0.00011278649163776164,3.3019504089555083,2.1481800934387865,0.29558198314850403,2.7777777778,2.4031551015879887e-07,-5.154274154766526e-44,2.403181462714016e-07,-8.887235615235422e-43,2.403181462714016e-07,-6.75776184420643e-43,2.403181462714016e-07,0.29027739407977915,-8.887235615235422e-43,False,True,Solve_Succeeded,9,0.01316646600025706,0.015787586002261378,0.01615757700346876,True,5.975578365458034e-10,600.6553192301028,shifted_warm_start,
56.9,71.966,71.936,4.566666700000001,1,learned_h2,3.440958396720416,0.14513606176532434,0.2902829528026392,0.00013365346106305226,7.410207176561641e-07,3.440838015990563,0.14510010189522374,0.2902773761817289,-0.0027387906920723877,0.0,-0.00011278573124746521,3.301865317171704,2.1481539959951634,0.2955816305252104,2.7777777778,2.403181462714016e-07,-8.887235615235422e-43,2.403224500255771e-07,-1.4988283704128893e-42,2.403224500255771e-07,-1.1396935572661778e-42,2.403224500255771e-07,0.2902773761817289,-1.4988283704128893e-42,False,True,Solve_Succeeded,9,0.016374580998672172,0.01895350300037535,0.019322992004163098,True,5.99417571134353e-10,600.6442233520423,shifted_warm_start,
57.0,72.066,72.038,4.566666700000001,1,learned_h2,3.4408725914942213,0.14511046295588442,0.29028293635055114,0.00013513583775731316,7.41029741977973e-07,3.440752140056338,0.1450744819657455,0.29027735824985734,-0.0027373683489070816,0.0,-0.00011278570099116557,3.301780369729074,2.148127942907341,0.29558127846395876,2.7777777778,2.403224500255771e-07,-1.4988283704128893e-42,2.403267470933839e-07,4.4919931181205474e-45,2.403267470933839e-07,3.4156650067917416e-45,2.403267470933839e-07,0.29027735824985734,4.4919931181205474e-45,False,True,Solve_Succeeded,9,0.012774193994118832,0.015145186000154354,0.015669440996134654,True,6.012739750538287e-10,600.6331454198186,shifted_warm_start,
57.1,72.166,72.14,4.566666700000001,1,learned_h2,3.4407869302274063,0.1450849071525429,0.29028291989751226,0.00013659950825140388,7.397913044460293e-07,3.440666399085954,0.14504890235523402,0.29027734015849693,-0.0027359850399171774,0.0,-0.00011278683069555843,3.301695564805958,2.1481019336164597,0.2955809269569957,2.7777777778,2.403267470933839e-07,4.4919931181205474e-45,2.403310377856876e-07,-8.565885338323722e-43,2.403310377856876e-07,-6.51341042448979e-43,2.403310377856876e-07,0.29027734015849693,-8.565885338323722e-43,False,True,Solve_Succeeded,9,0.014469599002040923,0.01705483900150284,0.017428115002985578,True,6.031333765754709e-10,600.6220849126687,shifted_warm_start,
57.2,72.266,72.242,4.566666700000001,1,learned_h2,3.440701411103856,0.1450593938108412,0.2902829034456599,0.00013804470848790128,7.397579210494659e-07,3.4405807924205862,0.14502336286490622,0.290277322256907,-0.0027346192243161436,0.0,-0.00011278618133816238,3.301610900604419,2.148075967568302,0.2955805759993936,2.7777777778,2.403310377856876e-07,-8.565885338323722e-43,2.403353217245381e-07,-3.419910138883176e-42,2.403353217245381e-07,-2.600464221691194e-42,2.403353217245381e-07,0.290277322256907,-3.419910138883176e-42,False,True,Solve_Succeeded,9,0.012239937001140788,0.014895104002789594,0.015384325000923127,True,6.049954426323723e-10,600.6110420099208,shifted_warm_start,
57.3,72.366,72.344,4.566666700000001,1,learned_h2,3.4406160323295163,0.1450339223960742,0.29028288699363436,0.00013947167158888046,7.397247492925457e-07,3.4404953184003935,0.14499786300016626,0.2902773043332937,-0.002733270673979285,0.0,-0.00011278597198011673,3.301526375348335,2.1480500442185266,0.2955802255828138,2.7777777778,2.403353217245381e-07,-3.419910138883176e-42,2.4033959924056447e-07,-2.5067625185327077e-42,2.4033959924056447e-07,-1.9061162360978324e-42,2.4033959924056447e-07,0.2902773043332937,-2.5067625185327077e-42,False,True,Solve_Succeeded,9,0.013735891996475402,0.016008508995582815,0.01636218799831113,True,6.068604507802888e-10,600.6000163361767,shifted_warm_start,
57.4,72.466,72.446,4.566666700000001,1,learned_h2,3.4405307921334094,0.14500849237882835,0.2902828705417627,0.00014088062763577744,7.411134768052036e-07,3.44040997538459,0.14497240227047553,0.2902772865997921,-0.002731939203040775,0.0,-0.00011278408664522257,3.30144198728444,2.148024163028205,0.2955798757006947,2.7777777778,2.4033959924056447e-07,-2.5067625185327077e-42,2.403438701656357e-07,-1.7314123307279987e-42,2.403438701656357e-07,-1.3165479899198384e-42,2.403438701656357e-07,0.2902772865997921,-1.7314123307279987e-42,False,True,Solve_Succeeded,9,0.013470757003233302,0.015906446002190933,0.016255214002740104,True,6.087281789746157e-10,600.5890078404212,shifted_warm_start,
57.5,72.566,72.548,4.566666700000001,1,learned_h2,3.440445688766685,0.14498310323709743,0.2902828540897599,0.00014227180404942545,7.410743896904756e-07,3.4403247617591246,0.14494698019412766,0.2902772686521822,-0.0027306244885249176,0.0,-0.00011278429751929322,3.301357734681373,2.147998323465939,0.2955795263459475,2.7777777778,2.403438701656357e-07,-1.7314123307279987e-42,2.4034813505436196e-07,2.1837997312709126e-43,2.4034813505436196e-07,1.6605386802249082e-43,2.4034813505436196e-07,0.2902772686521822,2.1837997312709126e-43,False,True,Solve_Succeeded,9,0.013012832998356316,0.015475280000828207,0.015813707999768667,True,6.105990713045628e-10,600.5780160064309,shifted_warm_start,
57.6,72.666,72.65,4.566666700000001,1,learned_h2,3.4403607205024747,0.1449577544557572,0.2902828376362691,0.00014364542518896495,7.398259721724742e-07,3.440239675927028,0.1449215962947959,0.29027725057413234,-0.002729326269242837,0.0,-0.00011278538379201278,3.301273615829529,2.14797252500733,0.29557917751049784,2.7777777778,2.4034813505436196e-07,2.1837997312709126e-43,2.4035239388723377e-07,-5.5984883620364355e-43,2.4035239388723377e-07,-4.257032521265206e-43,2.4035239388723377e-07,0.29027725057413234,-5.5984883620364355e-43,False,True,Solve_Succeeded,9,0.015323547006119043,0.01776619999873219,0.018055590997391846,True,6.124727947032227e-10,600.567040691573,shifted_warm_start,
57.7,72.766,72.752,4.566666700000001,1,learned_h2,3.440275885636425,0.14493244552378792,0.2902828211841662,0.00014500171237297792,7.398046067048954e-07,3.440154716302443,0.14489625009683357,0.29027723267323663,-0.002728044482078076,0.0,-0.00011278473731018633,3.3011896290416107,2.147946767132204,0.2955788291905897,2.7777777778,2.4035239388723377e-07,-5.5984883620364355e-43,2.403566463814817e-07,-1.14659564081411e-41,2.403566463814817e-07,-8.718594406278446e-42,2.403566463814817e-07,0.29027723267323663,-1.14659564081411e-41,False,True,Solve_Succeeded,9,0.013918110002123285,0.016564680001465604,0.016914191000978462,True,6.143495157040491e-10,600.5560819239622,shifted_warm_start,
57.8,72.866,72.854,4.566666700000001,1,learned_h2,3.4401911824848725,0.14490717593932229,0.2902828047320256,0.00014634088445622268,7.397729697597491e-07,3.4400698813262194,0.14487094113558407,0.29027721474884055,-0.002726778899371562,0.0,-0.00011278454811568196,3.301105772650783,2.147921049329654,0.2955784813782485,2.7777777778,2.403566463814817e-07,-1.14659564081411e-41,2.4036089284974406e-07,2.1192993172671302e-44,2.4036089284974406e-07,1.6114932339735396e-44,2.4036089284974406e-07,0.29027721474884055,2.1192993172671302e-44,False,True,Solve_Succeeded,9,0.012684294000791851,0.015149903003475629,0.015515453997068107,True,6.162292343070419e-10,600.5451393496625,shifted_warm_start,
57.9,72.966,72.956,4.566666700000001,1,learned_h2,3.4401066093856687,0.1448819452059399,0.2902827882797684,0.00014766315743188402,7.397618451154433e-07,3.4399851694595664,0.1448456689514749,0.29027719682944625,-0.0027255292789796627,0.0,-0.00011278428557323721,3.3010220450115244,2.1478953710943345,0.2955781340669271,2.7777777778,2.4036089284974406e-07,2.1192993172671302e-44,2.403651333345513e-07,-3.8852180597847795e-42,2.403651333345513e-07,-2.954279541753751e-42,2.403651333345513e-07,0.29027719682944625,-3.8852180597847795e-42,False,True,Solve_Succeeded,9,0.014066746000025887,0.01626987500640098,0.016629060002742335,True,6.1811189500105e-10,600.5342127913398,shifted_warm_start,
58.0,73.066,73.058,4.566666700000001,1,learned_h2,3.4400221646977625,0.14485675283307636,0.29028277182720735,0.00014896874440038145,7.412472397527332e-07,3.4399005791770327,0.14482043308846101,0.2902771790887177,-0.002724295502599214,0.0,-0.00011278231717275738,3.3009384444991907,2.14786973192687,0.2955777872500546,2.7777777778,2.403651333345513e-07,-3.8852180597847795e-42,2.4036936770726484e-07,6.2104684340784595e-43,2.4036936770726484e-07,4.7223758247746335e-43,2.4036936770726484e-07,0.2902771790887177,6.2104684340784595e-43,False,True,Solve_Succeeded,9,0.012981993000721559,0.015149077000387479,0.015465730997675564,True,6.199976088083758e-10,600.5233021836615,shifted_warm_start,
58.1,73.166,73.16,4.566666700000001,1,learned_h2,3.4399378468005954,0.1448315983370746,0.2902827553749249,0.00015025785618631913,7.412698108314456e-07,3.43981610898159,0.14479523309981512,0.2902771611457698,-0.0027230772492687337,0.0,-0.00011278250793197558,3.300854969509432,2.147844131334903,0.2955774409219064,2.7777777778,2.4036936770726484e-07,6.2104684340784595e-43,2.4037359648937873e-07,2.307271952363867e-42,2.4037359648937873e-07,1.754425677334671e-42,2.4037359648937873e-07,0.2902771611457698,2.307271952363867e-42,False,True,Solve_Succeeded,9,0.011691214000165928,0.01410400700115133,0.014626930002123117,True,6.218863757290194e-10,600.5124070433304,shifted_warm_start,
58.2,73.266,73.262,4.566666700000001,1,learned_h2,3.4398536540934415,0.14480648124242623,0.2902827389199021,0.00015153070063945784,7.402520446631529e-07,3.439731757390285,0.14477006854520222,0.2902771431057077,-0.002721874281236089,0.0,-0.00011278336578381553,3.300771618457513,2.1478185688343334,0.2955770950732362,2.7777777778,2.4037359648937873e-07,2.307271952363867e-42,2.403778196302628e-07,-5.67430874267202e-43,2.403778196302628e-07,-4.314685552810132e-43,2.403778196302628e-07,0.2902771431057077,-5.67430874267202e-43,False,True,Solve_Succeeded,9,0.012730417001876049,0.01494820600055391,0.015382754005258903,True,6.237784178075856e-10,600.5015272595966,shifted_warm_start,
58.3,73.366,73.364,4.566666700000001,1,learned_h2,3.439769584999638,0.14478140106675325,0.29028272247488257,0.00015278748231802562,7.471684381206353e-07,3.4396475229175656,0.1447449389693878,0.29027712599698696,-0.0027206868806119904,0.0,-0.00011277485447278276,3.300688389782601,2.1477930439343202,0.29557674971065234,2.7777777778,2.403778196302628e-07,-5.67430874267202e-43,2.4038203599649933e-07,-2.7378122158391133e-42,2.4038203599649933e-07,-2.0818040310625564e-42,2.4038203599649933e-07,0.29027712599698696,-2.7378122158391133e-42,False,True,Solve_Succeeded,9,0.014258205999794882,0.016633501996693667,0.016943574002652895,True,6.256730133991084e-10,600.4906634181505,shifted_warm_start,
58.4,73.466,73.432,4.566666700000001,1,learned_h2,3.4397136068378513,0.14476470123724797,0.2902827115057699,0.0001536165139343799,7.473529380330426e-07,3.439596336074122,0.14472967040396087,0.29027713893811563,-0.0027199288645256025,0.0,-0.00011277516425657125,3.3006329712209044,2.1477760479964267,0.2955765197246448,2.7777777778,2.4038203599649933e-07,-2.7378122158391133e-42,2.4038457050436677e-07,3.736189321031266e-42,2.4038457050436677e-07,2.8409596335122925e-42,2.4038457050436677e-07,0.29027713893811563,3.736189321031266e-42,False,True,Solve_Succeeded,9,0.016462710002087988,0.018978993000928313,0.019610329996794462,True,6.268073837745192e-10,600.4840804071041,shifted_warm_start,
58.5,73.566,73.534,4.566666700000001,1,learned_h2,3.4396297403044165,0.1447396815781692,0.29028269505353615,0.0001548469751096949,7.473132762512003e-07,3.4395123333041266,0.14470461005015384,0.2902771209297109,-0.002718758234482064,0.0,-0.0001127763248905127,3.300549943080304,2.1477505847303955,0.29557617513484685,2.7777777778,2.4038457050436677e-07,3.736189321031266e-42,2.403887766255924e-07,2.098567041337343e-43,2.403887766255924e-07,1.5957286262498854e-43,2.403887766255924e-07,0.2902771209297109,2.098567041337343e-43,False,True,Solve_Succeeded,9,0.013715082000999246,0.016094470003736205,0.016431955998996273,True,6.287128040405321e-10,600.4732459777948,shifted_warm_start,
58.6,73.666,73.636,4.566666700000001,1,learned_h2,3.4395459932659236,0.14471469761649058,0.2902826786007649,0.00015606190893099507,7.473509868293289e-07,3.439428443822501,0.14467958353971802,0.29027710300177384,-0.0027175924570788297,0.0,-0.00011277599945675415,3.3004670332394404,2.1477251578212426,0.29557583100456736,2.7777777778,2.403887766255924e-07,2.098567041337343e-43,2.403929771600009e-07,6.892416338030056e-42,2.403929771600009e-07,5.240921942440331e-42,2.403929771600009e-07,0.29027710300177384,6.892416338030056e-42,False,True,Solve_Succeeded,9,0.012722931001917459,0.015150227998674382,0.015633132003131323,True,6.306150601709248e-10,600.4624263513649,shifted_warm_start,
58.7,73.766,73.738,4.566666700000001,1,learned_h2,3.4394623642143847,0.14468974890198205,0.29028266214778237,0.00015726151125230014,7.488983362828086e-07,3.4393446649174773,0.14465459006282197,0.2902770852819566,-0.0027164588459067385,0.0,-0.00011277399730157173,3.300384240205404,2.1476997668106454,0.2955754873282653,2.7777777778,2.403929771600009e-07,6.892416338030056e-42,2.4039717209210506e-07,-3.2469047692261088e-43,2.4039717209210506e-07,-2.468912731832287e-43,2.4039717209210506e-07,0.2902770852819566,-3.2469047692261088e-43,False,True,Solve_Succeeded,9,0.013664760001120158,0.015845926995098125,0.016192421004234347,True,6.325203694146353e-10,600.4516212747869,shifted_warm_start,
58.8,73.866,73.84,4.566666700000001,1,learned_h2,3.4393788516609223,0.14466483498981195,0.29028264569481854,0.00015844597580575456,7.489698994226301e-07,3.4392609960611997,0.144629629461745,0.29027706732828745,-0.0027153394930285748,0.0,-0.00011277417078703324,3.3003015625042074,2.147674411245785,0.2955751441003747,2.7777777778,2.4039717209210506e-07,-3.2469047692261088e-43,2.4040136196707956e-07,1.1934734277177529e-44,2.4040136196707956e-07,9.075048238936158e-45,2.4040136196707956e-07,0.29027706732828745,1.1934734277177529e-44,False,True,Solve_Succeeded,9,0.013701481999305543,0.016546008999284822,0.016910027006815653,True,6.344290648385709e-10,600.44083034314,shifted_warm_start,
58.9,73.966,73.942,4.566666700000001,1,learned_h2,3.439295454135056,0.1446399554421043,0.2902826292404318,0.00015961549422312756,7.396954438916934e-07,3.439177435915033,0.14460470133807724,0.2902770481292705,-0.002714233763620481,0.0,-0.0001127845313328707,3.3002189986800685,2.1476490906808947,0.29557480131373265,2.7777777778,2.4040136196707956e-07,1.1934734277177529e-44,2.4040554803976747e-07,-4.111671034119675e-42,2.4040554803976747e-07,-3.1264720362167075e-42,2.4040554803976747e-07,0.2902770481292705,-4.111671034119675e-42,False,True,Solve_Succeeded,9,0.013872911004000343,0.015981914999429137,0.01633808900078293,True,6.363417570653951e-10,600.4300526141907,shifted_warm_start,
59.0,74.066,74.044,4.566666700000001,1,learned_h2,3.439212170186524,0.14461510982090203,0.2902826127883549,0.00016077025368841725,7.396602162661716e-07,3.439093983098127,0.14457980527438363,0.2902770303533115,-0.0027131422901975877,0.0,-0.000112781367212986,3.3001365472972526,2.1476238046702383,0.29557445896642615,2.7777777778,2.4040554803976747e-07,-4.111671034119675e-42,2.404097272428941e-07,-3.175947115115028e-42,2.404097272428941e-07,-2.4149572671336554e-42,2.404097272428941e-07,0.2902770303533115,-3.175947115115028e-42,False,True,Solve_Succeeded,9,0.013299177997396328,0.015782746995682828,0.016113840996695217,True,6.382570028051759e-10,600.4192899378093,shifted_warm_start,
59.1,74.166,74.146,4.566666700000001,1,learned_h2,3.4391289983812694,0.14459029770081677,0.2902825963361731,0.00016191044116973364,7.396108925767172e-07,3.439010636286847,0.14455494087838572,0.29027701240846465,-0.0027120648171008372,0.0,-0.00011278156054740324,3.30005420693603,2.147598552780735,0.29557411705046005,2.7777777778,2.404097272428941e-07,-3.175947115115028e-42,2.404139015125116e-07,5.55797763884377e-43,2.404139015125116e-07,4.226228587249628e-43,2.404139015125116e-07,0.29027701240846465,5.55797763884377e-43,False,True,Solve_Succeeded,9,0.013491088997398037,0.016056114000093658,0.01648974000272574,True,6.401756347251819e-10,600.408540932708,shifted_warm_start,
59.2,74.266,74.248,4.566666700000001,1,learned_h2,3.4390459373042086,0.1445655186589075,0.29028257988402834,0.00016303624040295858,7.410251627024228e-07,3.4389273941817633,0.1445301077616638,0.2902769946728638,-0.0027110009456918667,0.0,-0.00011277969781106036,3.299971976195467,2.147573334581852,0.295573775560468,2.7777777778,2.404139015125116e-07,5.55797763884377e-43,2.4041807046844243e-07,1.5076971773384094e-43,2.4041807046844243e-07,1.146437306125741e-43,2.4041807046844243e-07,0.2902769946728638,1.5076971773384094e-43,False,True,Solve_Succeeded,9,0.013206835996243171,0.015582387000904419,0.01593990200490225,True,6.420974307808081e-10,600.3978057184521,shifted_warm_start,
59.3,74.366,74.35,4.566666700000001,1,learned_h2,3.4389629855579638,0.14454077227805104,0.29028256343171144,0.00016414783320299514,7.41010575439185e-07,3.438844255491105,0.1445053055386744,0.29027697672507297,-0.0027099504546148454,0.0,-0.00011277994569474843,3.299889853692161,2.1475481496489723,0.29557343449080165,2.7777777778,2.4041807046844243e-07,1.5076971773384094e-43,2.4042223466988155e-07,-8.843467477161428e-43,2.4042223466988155e-07,-6.724481005678716e-43,2.4042223466988155e-07,0.29027697672507297,-8.843467477161428e-43,False,True,Solve_Succeeded,9,0.01344787199923303,0.015721952004241757,0.016031182996812277,True,6.44022779550113e-10,600.3870838074207,shifted_warm_start,
59.4,74.466,74.452,4.566666700000001,1,learned_h2,3.4388801417627177,0.1445160581466471,0.29028254697805816,0.00016524539883666252,7.39760434526083e-07,3.4387612189390944,0.14448053382888978,0.29027695864615005,-0.002708913122883219,0.0,-0.00011278109630620752,3.299807838060088,2.1475229975630974,0.2955730938349255,2.7777777778,2.4042223466988155e-07,-8.843467477161428e-43,2.404263940845593e-07,7.357654368860014e-43,2.404263940845593e-07,5.594684118816832e-43,2.404263940845593e-07,0.29027695864615005,7.357654368860014e-43,False,True,Solve_Succeeded,9,0.01480137399630621,0.01711492199683562,0.017489671998191625,True,6.459516255219455e-10,600.3763750965308,shifted_warm_start,
59.5,74.566,74.554,4.566666700000001,1,learned_h2,3.438797404556625,0.14449137585638686,0.2902825305255157,0.00016632911409821666,7.397256830936081e-07,3.4386782832567886,0.14445579225173016,0.2902769407406647,-0.0027078889300654733,0.0,-0.00011278051848046688,3.2997259279510307,2.1474978779086134,0.29557275358998664,2.7777777778,2.404263940845593e-07,7.357654368860014e-43,2.404305484174501e-07,-4.807584429496196e-43,2.404305484174501e-07,-3.6556373688073665e-43,2.404305484174501e-07,0.2902769407406647,-4.807584429496196e-43,False,True,Solve_Succeeded,9,0.013557227997807786,0.01619462599774124,0.01656853400345426,True,6.478837466517007e-10,600.3656796528005,shifted_warm_start,
59.6,74.666,74.656,4.566666700000001,1,learned_h2,3.438714772594416,0.14446672500620358,0.2902825140727771,0.0001673991538700245,7.397186866495302e-07,3.4385954471981353,0.14443108043578162,0.29027692281639816,-0.0027068776929690007,0.0,-0.00011278035097668049,3.2996441220331674,2.147472790277241,0.2955724137494408,2.7777777778,2.404305484174501e-07,-4.807584429496196e-43,2.404346979560026e-07,-3.387744825106443e-44,2.404346979560026e-07,-2.5760060504939877e-44,2.404346979560026e-07,0.29027692281639816,-3.387744825106443e-44,False,True,Solve_Succeeded,9,0.013671874003193807,0.015954711998347193,0.016390461998526007,True,6.498193094728322e-10,600.354997169147,shifted_warm_start,
59.7,74.766,74.758,4.566666700000001,1,learned_h2,3.438632244548099,0.14444210519903933,0.2902824976200802,0.0001684556906287862,7.411235843734371e-07,3.438512709530477,0.1444063980124512,0.2902769050633895,-0.0027058792786089788,0.0,-0.0001127785264589905,3.299562418991788,2.1474477342648015,0.29557207430835675,2.7777777778,2.404346979560026e-07,-3.387744825106443e-44,2.404388425378353e-07,1.9926020754739865e-43,2.404388425378353e-07,1.5151539645512085e-43,2.404388425378353e-07,0.2902769050633895,1.9926020754739865e-43,False,True,Solve_Succeeded,9,0.014092179000726901,0.01647497800149722,0.01681370700680418,True,6.517582584741888e-10,600.3443276306085,shifted_warm_start,
59.8,74.866,74.86,4.566666700000001,1,learned_h2,3.4385498191060258,0.144417516044261,0.2902824811660582,0.0001694988950742731,7.39840490458712e-07,3.4384300690456104,0.14438174462204464,0.29027688696382553,-0.002704893354686965,0.0,-0.00011278023810064967,3.2994808175283574,2.14742270947363,0.29557173526026065,2.7777777778,2.404388425378353e-07,1.9926020754739865e-43,2.40442982831246e-07,3.0522517341075515e-43,2.40442982831246e-07,2.3209005815379783e-43,2.40442982831246e-07,0.29027688696382553,3.0522517341075515e-43,False,True,Solve_Succeeded,9,0.01316661400051089,0.015626705993781798,0.015950756998790894,True,6.537009267226779e-10,600.3336704874137,shifted_warm_start,
59.9,74.966,74.962,4.566666700000001,1,learned_h2,3.4384674949739034,0.14439295715345313,0.2902824647131579,0.00017052893513013078,7.398108878335308e-07,3.4383475245374404,0.14435711990245412,0.29027686906157296,-0.002703919877001,0.0,-0.00011277959685207137,3.2993993163615336,2.1473977155083728,0.2955713966025615,2.7777777778,2.40442982831246e-07,3.0522517341075515e-43,2.4044711825681715e-07,-2.5468449186636294e-42,2.4044711825681715e-07,-1.9365944776968972e-42,2.4044711825681715e-07,0.29027686906157296,-2.5468449186636294e-42,False,True,Solve_Succeeded,9,0.014045960000657942,0.016215172996453475,0.016714561999833677,True,6.556469811513921e-10,600.3230259966816,shifted_warm_start,
60.0,75.066,75.064,4.566666700000001,1,learned_h2,3.4383852708730243,0.14436842814562312,0.2902824482602099,0.00017154597705126498,7.397963988424929e-07,3.4382650748176906,0.14433252349971645,0.29027685113544643,-0.0027029587256991636,0.0,-0.00011277945159547105,3.299317914225393,2.1473727519811816,0.2955710583291108,2.7777777778,2.4044711825681715e-07,-2.5468449186636294e-42,2.4045124913319603e-07,-1.156349888690798e-42,2.4045124913319603e-07,-8.792764696089388e-43,2.4045124913319603e-07,0.29027685113544643,-1.156349888690798e-42,False,True,Solve_Succeeded,9,0.011098672999651171,0.013577152996731456,0.013960128999315202,True,6.575966438049363e-10,600.3123938368506,shifted_warm_start,
60.1,75.166,75.166,4.566666700000001,1,learned_h2,3.438303145541085,0.14434392864366574,0.2902824318071742,0.00017255018474972801,7.412670209737315e-07,3.4381827187137066,0.14430795506349378,0.2902768333776633,-0.002702009768227552,0.0,-0.00011277755962734557,3.2992366098702512,2.1473478185081873,0.2955707204349552,2.7777777778,2.4045124913319603e-07,-1.156349888690798e-42,2.404553752924117e-07,9.673033683194062e-43,2.404553752924117e-07,7.355274550159525e-43,2.404553752924117e-07,0.2902768333776633,9.673033683194062e-43,False,True,Solve_Succeeded,9,0.0127348539972445,0.015051558002596721,0.015370107001217548,True,6.595496926387057e-10,600.3017740025214,shifted_warm_start,
60.2,75.266,75.234,4.566666700000001,1,learned_h2,3.438248449575916,0.14432761184834292,0.29028242084337047,0.00017321260616908808,7.472367470431162e-07,3.4381333972991985,0.14429324375414113,0.2902768470392061,-0.002701404303490843,0.0,-0.0001127697991769424,3.2991824606802607,2.1473312127001654,0.2955704953854427,2.7777777778,2.404553752924117e-07,9.673033683194062e-43,2.404578175226088e-07,1.6332426260243427e-43,2.404578175226088e-07,1.2419007640078691e-43,2.404578175226088e-07,0.2902768470392061,1.6332426260243427e-43,False,True,Solve_Succeeded,9,0.012191771995276213,0.014500620003673248,0.015005216999270488,True,6.60700771870637e-10,600.2954334703809,shifted_warm_start,
60.3,75.366,75.336,4.566666700000001,1,learned_h2,3.438166486097046,0.14430316069742033,0.29028240439045977,0.0001741957825201995,7.486300954817167e-07,3.4380512263555443,0.14426873063122822,0.29027682914353853,-0.0027004691360857187,0.0,-0.00011277112145962026,3.299101316559249,2.147306328477275,0.29557015811296244,2.7777777778,2.404578175226088e-07,1.6332426260243427e-43,2.404619348455738e-07,-3.838926426332252e-43,2.404619348455738e-07,-2.9190798634966346e-43,2.404619348455738e-07,0.29027682914353853,-3.838926426332252e-43,False,True,Solve_Succeeded,9,0.012919839995447546,0.015203114002360962,0.015529147000052035,True,6.626654780461649e-10,600.2848376074334,shifted_warm_start,
60.4,75.466,75.438,4.566666700000001,1,learned_h2,3.4380846180982694,0.1442787380699847,0.29028238793743455,0.00017516655214653353,7.485947770578232e-07,3.437969145967244,0.14424424456069926,0.290276811188621,-0.0026995376222812098,0.0,-0.00011277115578008198,3.2990202669632804,2.1472814733085697,0.2955698212069451,2.7777777778,2.404619348455738e-07,-3.838926426332252e-43,2.404660478703134e-07,9.153875719554629e-43,2.404660478703134e-07,6.960512215763427e-43,2.404660478703134e-07,0.290276811188621,9.153875719554629e-43,False,True,Solve_Succeeded,9,0.013713693006138783,0.016462521998619195,0.016802874000859447,True,6.646271311083751e-10,600.2742535009825,shifted_warm_start,
60.5,75.566,75.54,4.566666700000001,1,learned_h2,3.4380028443744557,0.14425434360699269,0.2902823714830087,0.00017612507164055353,7.473674720220107e-07,3.437887153961688,0.1442197848945143,0.2902767930807947,-0.002698631697588222,0.0,-0.0001127723024021132,3.298939310699274,2.147256646828548,0.29556948466141186,2.7777777778,2.404660478703134e-07,9.153875719554629e-43,2.404701568146995e-07,-1.3372317974712707e-43,2.404701568146995e-07,-1.0168171981756954e-43,2.404701568146995e-07,0.2902767930807947,-1.3372317974712707e-43,False,True,Solve_Succeeded,9,0.015390398002637085,0.017505313000583556,0.017863241002487484,True,6.665925034177178e-10,600.2636807996114,shifted_warm_start,
60.6,75.666,75.642,4.566666700000001,1,learned_h2,3.4379211637364193,0.14422997695143341,0.29028235502964345,0.000177071495398673,7.47431123654136e-07,3.4378052499074405,0.14419535150198762,0.2902767751704399,-0.002697737258105267,0.0,-0.00011277164750989997,3.2988584465899415,2.1472318486738264,0.29556914847419385,2.7777777778,2.404701568146995e-07,-1.3372317974712707e-43,2.4047426128810146e-07,-4.048667951155266e-42,2.4047426128810146e-07,-3.078565144967603e-42,2.4047426128810146e-07,0.2902767751704399,-4.048667951155266e-42,False,True,Solve_Succeeded,9,0.014779771001485642,0.017441477000829764,0.017806688003474846,True,6.685615394630418e-10,600.2531197131565,shifted_warm_start,
60.7,75.766,75.744,4.566666700000001,1,learned_h2,3.4378395750090274,0.14420563775396905,0.29028233857599384,0.00017800597607814985,7.489926834448671e-07,3.4377234327145434,0.14417094405922667,0.29027675743691467,-0.002696854211192896,0.0,-0.00011276973904675103,3.298777673471897,2.1472070784887722,0.29556881263936985,2.7777777778,2.4047426128810146e-07,-4.048667951155266e-42,2.404783613684419e-07,1.7171795487123005e-43,2.404783613684419e-07,1.3057255300001635e-43,2.404783613684419e-07,0.29027675743691467,1.7171795487123005e-43,False,True,Solve_Succeeded,9,0.015597366000292823,0.01806755399593385,0.01853585799835855,True,6.705341282220445e-10,600.2425700856751,shifted_warm_start,
60.8,75.866,75.846,4.566666700000001,1,learned_h2,3.4377580770325826,0.14418132566771039,0.29028232212221267,0.0001789286651535467,7.409724561312708e-07,3.437641701336707,0.14414656225333383,0.2902767384116418,-0.002695981848085139,0.0,-0.00011277924834078117,3.2986969901970395,2.1471823359202826,0.2955684771525771,2.7777777778,2.404783613684419e-07,1.7171795487123005e-43,2.4048245883438083e-07,-7.559218162621834e-43,2.4048245883438083e-07,-5.747951138352359e-43,2.4048245883438083e-07,0.2902767384116418,-7.559218162621834e-43,False,True,Solve_Succeeded,9,0.01326272699952824,0.015709897998021916,0.016205377003643662,True,6.72511213384297e-10,600.232030664237,shifted_warm_start,
60.9,75.966,75.948,4.566666700000001,1,learned_h2,3.4376766686622475,0.14415704034932458,0.2902823056683737,0.00017983971030917188,7.397200279853187e-07,3.437560054684239,0.14412220575726772,0.29027672045388825,-0.0026951206480773033,0.0,-0.00011277787004342146,3.2986163956319907,2.1471576206188927,0.2955681420094312,2.7777777778,2.4048245883438083e-07,-7.559218162621834e-43,2.404865509659447e-07,1.3270048666093714e-42,2.404865509659447e-07,1.0090407459520812e-42,2.404865509659447e-07,0.29027672045388825,1.3270048666093714e-42,False,True,Solve_Succeeded,9,0.014508104999549687,0.017058461002307013,0.017458640999393538,True,6.744914071710184e-10,600.2215031025542,shifted_warm_start,
61.0,76.066,76.05,4.566666700000001,1,learned_h2,3.4375953487673625,0.14413278146075034,0.29028228921570465,0.000180739258801163,7.396861409146045e-07,3.437478491705704,0.14409787425671056,0.290276702530222,-0.002694270562170535,0.0,-0.00011277765336075018,3.2985358886573963,2.1471329322404853,0.2955678072067567,2.7777777778,2.404865509659447e-07,1.3270048666093714e-42,2.404906390303583e-07,1.6888742331026048e-42,2.404906390303583e-07,1.2842024613996745e-42,2.404906390303583e-07,0.290276702530222,1.6888742331026048e-42,False,True,Solve_Succeeded,9,0.013337664997379761,0.01598184600152308,0.016294433000439312,True,6.764754312271748e-10,600.2109864782091,shifted_warm_start,
61.1,76.166,76.152,4.566666700000001,1,learned_h2,3.437514116231112,0.14410854866959472,0.2902822727627526,0.00018162745583219332,7.396792237412475e-07,3.437397011379754,0.1440735674477922,0.29027668460395495,-0.002693431176327181,0.0,-0.00011277752272831454,3.298455468167605,2.147108270446685,0.29556747273875167,2.7777777778,2.404906390303583e-07,1.6888742331026048e-42,2.404947231211108e-07,3.0437582127257967e-43,2.404947231211108e-07,2.3144421959159994e-43,2.404947231211108e-07,0.29027668460395495,3.0437582127257967e-43,False,True,Solve_Succeeded,9,0.013538281004002783,0.016074188002676237,0.016468365996843204,True,6.784631745304637e-10,600.2004806317276,shifted_warm_start,
61.2,76.266,76.254,4.566666700000001,1,learned_h2,3.4374329699512134,0.14408434164620226,0.29028225630985893,0.00018250444453360583,7.411006187458967e-07,3.4373156126806617,0.14404928502371267,0.29027666685668624,-0.002692602445398081,0.0,-0.00011277571541163118,3.2983751330713575,2.147083634901931,0.295567138601465,2.7777777778,2.404947231211108e-07,3.0437582127257967e-43,2.404988030754772e-07,-1.3360800043640604e-44,2.404988030754772e-07,-1.0159413866354924e-44,2.404988030754772e-07,0.29027666685668624,-1.3360800043640604e-44,False,True,Solve_Succeeded,9,0.01333796499966411,0.016141721003805287,0.016480589998536743,True,6.80454637080885e-10,600.1899855685064,shifted_warm_start,
61.3,76.366,76.356,4.566666700000001,1,learned_h2,3.4373519088388105,0.14406016006666428,0.29028223985556534,0.000183370366649321,7.398303044013509e-07,3.437234294607406,0.14402502668684128,0.2902766487512744,-0.0026917840637782626,0.0,-0.0001127774533524781,3.2982948822906804,2.1470590252764876,0.29556680478919684,2.7777777778,2.404988030754772e-07,-1.3360800043640604e-44,2.4050287957444634e-07,4.769805615579695e-42,2.4050287957444634e-07,3.626910750288708e-42,2.4050287957444634e-07,0.2902766487512744,4.769805615579695e-42,False,True,Solve_Succeeded,9,0.015243647998431697,0.017747029996826313,0.018282938995980658,True,6.824501519453463e-10,600.1795007509666,shifted_warm_start,
61.4,76.466,76.458,4.566666700000001,1,learned_h2,3.4372709318197994,0.14403600360779534,0.2902822234023081,0.00018422536155872317,7.397988046511048e-07,3.437153056158747,0.14400079213571756,0.2902766308464072,-0.0026909760132151524,0.0,-0.00011277685292186408,3.2982147147622243,2.147034441241414,0.29556647130020103,2.7777777778,2.4050287957444634e-07,4.769805615579695e-42,2.405069520109483e-07,3.318194465812576e-43,2.405069520109483e-07,2.5231206781875295e-43,2.405069520109483e-07,0.2902766308464072,3.318194465812576e-43,False,True,Solve_Succeeded,9,0.01398425099614542,0.016540098004043102,0.016899907997867558,True,6.844494970792425e-10,600.1690264737929,shifted_warm_start,
61.5,76.566,76.56,4.566666700000001,1,learned_h2,3.43719003783261,0.14401187195390902,0.2902822069489308,0.00018506956723062618,7.397565281025367e-07,3.4370718963484257,0.14397658107716882,0.29027661291485873,-0.00269017819999593,0.0,-0.00011277677318358282,3.2981346294350264,2.1470098824753414,0.2955661381291863,2.7777777778,2.405069520109483e-07,3.318194465812576e-43,2.4051102070079157e-07,-1.9551687994896488e-43,2.4051102070079157e-07,-1.4866900894946106e-43,2.4051102070079157e-07,0.29027661291485873,-1.9551687994896488e-43,False,True,Solve_Succeeded,9,0.014408057999389712,0.01691907499480294,0.017273145000217482,True,6.864527279937249e-10,600.1585624371658,shifted_warm_start,
61.6,76.666,76.662,4.566666700000001,1,learned_h2,3.437109225829606,0.14398776479151545,0.2902821904956291,0.00018590311971508722,7.411571670012477e-07,3.4369908142036047,0.14395239322003556,0.2902765951533842,-0.0026893905169727648,0.0,-0.00011277498699224691,3.2980546252719285,2.1469853486591712,0.2955658052722679,2.7777777778,2.4051102070079157e-07,-1.9551687994896488e-43,2.4051508546082345e-07,-1.2203247970894155e-42,2.4051508546082345e-07,-9.279223268450898e-43,2.4051508546082345e-07,0.2902765951533842,-1.2203247970894155e-42,False,True,Solve_Succeeded,9,0.01459036799496971,0.016918219000217505,0.01725960300245788,True,6.884597891776423e-10,600.148108664792,shifted_warm_start,
61.7,76.766,76.764,4.566666700000001,1,learned_h2,3.437028494776069,0.14396368181205638,0.29028217404218076,0.00018672615363721202,7.411440096149782e-07,3.4369098087693457,0.14392822827961702,0.2902765772018942,-0.002688612729409465,0.0,-0.0001127752866543674,3.2979747012485587,2.1469608394788047,0.29556547272519373,2.7777777778,2.4051508546082345e-07,-1.2203247970894155e-42,2.405191467617188e-07,5.967440088457066e-43,2.405191467617188e-07,4.537579589791798e-43,2.405191467617188e-07,0.2902765772018942,5.967440088457066e-43,False,True,Solve_Succeeded,9,0.01312698800029466,0.015361851001216564,0.01572314399527386,True,6.904709026755995e-10,600.1376647594376,shifted_warm_start,
61.8,76.866,76.832,4.566666700000001,1,learned_h2,3.436974718541275,0.14394763977445507,0.29028216307788995,0.00018726906430976923,7.486061349748285e-07,3.436861827627857,0.14391391735106276,0.29027659110283427,-0.002688116595678061,0.0,-0.00011276553211463378,3.2979214625890774,2.1469445135561593,0.2955652512020716,2.7777777778,2.405191467617188e-07,5.967440088457066e-43,2.405215231808028e-07,2.8944560784197274e-43,2.405215231808028e-07,2.200914400530166e-43,2.405215231808028e-07,0.29027659110283427,2.8944560784197274e-43,False,True,Solve_Succeeded,9,0.013662074001331348,0.016136295002070256,0.016657448999467306,True,6.91642410011184e-10,600.1314983655358,shifted_warm_start,
61.9,76.966,76.934,4.566666700000001,1,learned_h2,3.4368941201397236,0.14392359642413785,0.2902821466232061,0.0001880748614052427,7.47308690968522e-07,3.436780973916383,0.14388979773655028,0.2902765728009499,-0.0026873500784027056,0.0,-0.0001127702855729099,3.297841669890762,2.1469200447475982,0.29556491916159516,2.7777777778,2.405215231808028e-07,2.8944560784197274e-43,2.405255775512573e-07,-2.3106042245159173e-42,2.405255775512573e-07,-1.7569595025395563e-42,2.405255775512573e-07,0.2902765728009499,-2.3106042245159173e-42,False,True,Solve_Succeeded,9,0.013771626006928273,0.016775001997302752,0.017159240000182763,True,6.936662355627732e-10,600.121073947758,shifted_warm_start,
62.0,77.066,77.036,4.566666700000001,1,learned_h2,3.436813599992497,0.14389957645047313,0.2902821301697849,0.00018887048990448173,7.47260659110922e-07,3.4367001944032296,0.14386570028706344,0.29027655489062676,-0.002686586561031599,0.0,-0.00011276945002524701,3.297761954663992,2.146895599754134,0.29556458742187375,2.7777777778,2.405255775512573e-07,-2.3106042245159173e-42,2.405296279031408e-07,-3.706700577624499e-42,2.405296279031408e-07,-2.818536698681329e-42,2.405296279031408e-07,0.29027655489062676,-3.706700577624499e-42,False,True,Solve_Succeeded,9,0.013310174996149726,0.01563010600511916,0.015903776002232917,True,6.95686841467591e-10,600.1106595141496,shifted_warm_start,
62.1,77.166,77.138,4.566666700000001,1,learned_h2,3.436733157111794,0.14387557955945218,0.2902821137159771,0.00018965607830569032,7.472659325027017e-07,3.436619487301932,0.14384162447004942,0.290276536949066,-0.0026858441465652683,0.0,-0.000112769323366037,3.297682315930835,2.1468711782764682,0.29556425597741065,2.7777777778,2.405296279031408e-07,-3.706700577624499e-42,2.405336748223094e-07,-2.1639888898268935e-42,2.405336748223094e-07,-1.6454747217334164e-42,2.405336748223094e-07,0.290276536949066,-2.1639888898268935e-42,False,True,Solve_Succeeded,9,0.016314011001668405,0.019035970995901152,0.019429256994044408,True,6.977114996864486e-10,600.1002545128154,shifted_warm_start,
62.2,77.266,77.24,4.566666700000001,1,learned_h2,3.436652790522538,0.14385160545995912,0.2902820972622188,0.00019043175322707757,7.48773640907383e-07,3.4365388522638933,0.1438175701815151,0.2902765192163187,-0.0026851111672326227,0.0,-0.00011276744193008058,3.297602752725968,2.146846780018267,0.29556392482484356,2.7777777778,2.405336748223094e-07,-2.1639888898268935e-42,2.4053771804341297e-07,-7.164153126848668e-43,2.4053771804341297e-07,-5.447547780062726e-43,2.4053771804341297e-07,0.2902765192163187,-7.164153126848668e-43,False,True,Solve_Succeeded,9,0.015462259005289525,0.01811490600084653,0.0186788200007868,True,6.997400991970437e-10,600.0898590812093,shifted_warm_start,
62.3,77.366,77.342,4.566666700000001,1,learned_h2,3.4365724992614317,0.14382765386628604,0.2902820808065231,0.0001911976400587257,7.476906462563542e-07,3.436458288406032,0.14379353715976095,0.29027650109946884,-0.002684387335073296,0.0,-0.00011276901232141038,3.297523264095714,2.146822404688668,0.29556359395843257,2.7777777778,2.4053771804341297e-07,-7.164153126848668e-43,2.4054175830725054e-07,9.716526652426908e-43,2.4054175830725054e-07,7.388346153152598e-43,2.4054175830725054e-07,0.29027650109946884,9.716526652426908e-43,False,True,Solve_Succeeded,9,0.012116473000787664,0.014297790999989957,0.014748822002729867,True,7.017729730662836e-10,600.079472654871,shifted_warm_start,
62.4,77.466,77.444,4.566666700000001,1,learned_h2,3.436492282378744,0.1438037244916332,0.29028206435270615,0.0001919538626392627,7.396598588304683e-07,3.436377794863865,0.14376952514349148,0.29027648210290713,-0.002683672234637417,0.0,-0.00011277766177770179,3.297443849099858,2.1467980519957903,0.29556326337829425,2.7777777778,2.4054175830725054e-07,9.716526652426908e-43,2.405457962401124e-07,-7.391632265522722e-43,2.405457962401124e-07,-5.620520559252821e-43,2.405457962401124e-07,0.29027648210290713,-7.391632265522722e-43,False,True,Solve_Succeeded,9,0.01575489300012123,0.01904875199397793,0.019475764995149802,True,7.038105653833782e-10,600.0690947436536,shifted_warm_start,
62.5,77.566,77.546,4.566666700000001,1,learned_h2,3.4364121389361078,0.1437798170548658,0.2902820478994718,0.00019270054180121044,7.396381126556087e-07,3.436297370735283,0.14374553386224218,0.290276464301348,-0.002682966449972881,0.0,-0.00011277500944834025,3.297364506809418,2.1467737216534766,0.29556293307947706,2.7777777778,2.405457962401124e-07,-7.391632265522722e-43,2.405498294464106e-07,2.335519678318202e-42,2.405498294464106e-07,1.7759049553581498e-42,2.405498294464106e-07,0.290276464301348,2.335519678318202e-42,False,True,Solve_Succeeded,9,0.01793902499775868,0.02033145799941849,0.020776206998561975,True,7.058515438806978e-10,600.0587268092276,shifted_warm_start,
62.6,77.666,77.648,4.566666700000001,1,learned_h2,3.436332068006414,0.14375593128039724,0.2902820314464557,0.00019343779845525146,7.410625996693307e-07,3.4362170151635394,0.1437215630615325,0.29027644654552803,-0.00268226983256197,0.0,-0.00011277354740686734,3.29728523630655,2.1467494133811806,0.2955626030580044,2.7777777778,2.405498294464106e-07,2.335519678318202e-42,2.405538593201703e-07,-6.301460089548081e-43,2.405538593201703e-07,-4.791564936450671e-43,2.405538593201703e-07,0.29027644654552803,-6.301460089548081e-43,False,True,Solve_Succeeded,9,0.015990015999705065,0.0181436089987983,0.01858064100088086,True,7.078965746920574e-10,600.0483678669411,shifted_warm_start,
62.7,77.766,77.75,4.566666700000001,1,learned_h2,3.436252068674501,0.14373206689526102,0.29028201499300615,0.00019416575175605866,7.410495324869109e-07,3.436136727318728,0.14369761249388396,0.29027642859275665,-0.002681581901580065,0.0,-0.00011277387289746923,3.2972060366852434,2.14672512690104,0.295562273309659,2.7777777778,2.405538593201703e-07,-6.301460089548081e-43,2.405578861879062e-07,-1.1071039370877288e-42,2.405578861879062e-07,-8.418303584521299e-43,2.405578861879062e-07,0.29027642859275665,-1.1071039370877288e-42,False,True,Solve_Succeeded,9,0.018326724995858967,0.021086088003357872,0.021554803002800327,True,7.099459353732129e-10,600.038017625016,shifted_warm_start,
62.8,77.866,77.852,4.566666700000001,1,learned_h2,3.4361721400367036,0.14370822363009692,0.2902819985384333,0.00019488451905452423,7.39775483625507e-07,3.4360565063633413,0.14367368190969365,0.2902764105060113,-0.002680902553495689,0.0,-0.00011277512722083024,3.297126907050866,2.1467008619388603,0.2955619438302304,2.7777777778,2.405578861879062e-07,-1.1071039370877288e-42,2.4056191001693867e-07,-1.1096374794864963e-42,2.4056191001693867e-07,-8.437568378315805e-43,2.4056191001693867e-07,0.2902764105060113,-1.1096374794864963e-42,False,True,Solve_Succeeded,9,0.014599806003388949,0.016944038994552102,0.01738715400279034,True,7.119995704130133e-10,600.0276760233482,shifted_warm_start,
62.9,77.966,77.954,4.566666700000001,1,learned_h2,3.4360922812013386,0.14368440121702808,0.290281982084644,0.00019559421609705838,7.39750423661108e-07,3.435976351463985,0.14364977105847412,0.2902763925970728,-0.002680231828148294,0.0,-0.0001127746058224992,3.2970478465206594,2.1466766182219947,0.2955616146181516,2.7777777778,2.4056191001693867e-07,-1.1096374794864963e-42,2.405659304820196e-07,-1.6333290105073836e-42,2.405659304820196e-07,-1.2419664498733844e-42,2.405659304820196e-07,0.2902763925970728,-1.6333290105073836e-42,False,True,Solve_Succeeded,9,0.019451180000032764,0.022245352003665175,0.022604290999879595,True,7.140573132780048e-10,600.0173431908106,shifted_warm_start,
63.0,78.066,78.056,4.566666700000001,1,learned_h2,3.4360124912874586,0.14366059939326636,0.29028196563081743,0.00019629495732895682,7.41164102077034e-07,3.435896261801641,0.14362587969593868,0.29027637484093893,-0.002679569669084,0.0,-0.00011277288748061834,3.2969688542224835,2.1466523954829437,0.29556128566916906,2.7777777778,2.405659304820196e-07,-1.6333290105073836e-42,2.405699476530605e-07,-1.059649658633565e-42,2.405699476530605e-07,-8.057466169867698e-43,2.405699476530605e-07,0.29027637484093893,-1.059649658633565e-42,False,True,Solve_Succeeded,9,0.018983113994181622,0.02146759899915196,0.022087638993980363,True,7.161191639681874e-10,600.0070190026614,shifted_warm_start,
63.1,78.166,78.158,4.566666700000001,1,learned_h2,3.435932769425188,0.143636817899507,0.2902819491769953,0.0001969868559942271,7.411176717312019e-07,3.435816236577467,0.1436020075840277,0.2902763568834996,-0.0026789158098549167,0.0,-0.00011277325516101126,3.2968899292951583,2.146628193457749,0.2955609569799352,2.7777777778,2.405699476530605e-07,-1.059649658633565e-42,2.4057396198612546e-07,-8.136655239507927e-42,2.4057396198612546e-07,-6.187028306388886e-42,2.4057396198612546e-07,0.2902763568834996,-8.136655239507927e-42,False,True,Solve_Succeeded,9,0.016479218000313267,0.01897847199870739,0.019360997001058422,True,7.181854555504685e-10,599.996703086425,shifted_warm_start,
63.2,78.266,78.26,4.566666700000001,1,learned_h2,3.4358531147556066,0.14361305647979916,0.29028193272169533,0.00019767002363765208,7.398764657523111e-07,3.4357362749967506,0.14357815448596442,0.29027633881010956,-0.0026782701064972775,0.0,-0.00011277446874144727,3.2968110708883396,2.146604011885867,0.2955606285456206,2.7777777778,2.4057396198612546e-07,-8.136655239507927e-42,2.405779734200803e-07,6.238111468651509e-43,2.405779734200803e-07,4.743395301739506e-43,2.405779734200803e-07,0.29027633881010956,6.238111468651509e-43,False,True,Solve_Succeeded,9,0.018196803001046646,0.020870813001238275,0.021324353001546115,True,7.202561325136969e-10,599.9863954045771,shifted_warm_start,
63.3,78.366,78.362,4.566666700000001,1,learned_h2,3.4357735264310243,0.14358931488008309,0.2902819162675073,0.00019834457028873224,7.399610345743723e-07,3.435656376265905,0.14355432016383002,0.2902763209125303,-0.002677632606430053,0.0,-0.00011277384056613282,3.2967322781624855,2.1465798505087057,0.29556030036551234,2.7777777778,2.405779734200803e-07,6.238111468651509e-43,2.4058198165112533e-07,1.0310499170149303e-42,2.4058198165112533e-07,7.83999669900856e-43,2.4058198165112533e-07,0.2902763209125303,1.0310499170149303e-42,False,True,Solve_Succeeded,9,0.015044063002278563,0.01747387099749176,0.017911374998220708,True,7.223308617909652e-10,599.9760960761897,shifted_warm_start,
63.4,78.466,78.464,4.566666700000001,1,learned_h2,3.435694003615242,0.14356559284685028,0.2902818998194076,0.00019901060413194223,7.484728069780478e-07,3.435576539590153,0.14353050437643755,0.29027630395687437,-0.002677003602244977,0.0,-0.00011276402289992147,3.2966535502896375,2.1465557090682843,0.2955599724413282,2.7777777778,2.4058198165112533e-07,1.0310499170149303e-42,2.4058598581786066e-07,-4.024905019612132e-43,2.4058598581786066e-07,-3.0604960581287894e-43,2.4058598581786066e-07,0.29027630395687437,-4.024905019612132e-43,False,True,Solve_Succeeded,9,0.01394779900147114,0.017467629004386254,0.01800627299962798,True,7.244093658265172e-10,599.9658055799168,shifted_warm_start,
63.5,78.566,78.566,4.566666700000001,1,learned_h2,3.435614545479714,0.14354189013953914,0.29028188336612903,0.00019966823390549256,7.484343345515481e-07,3.4354967642358805,0.14350670691172623,0.29027628587287524,-0.0026763822517954653,0.0,-0.00011276665641386888,3.2965748864494997,2.1465315873196102,0.2955596447585723,2.7777777778,2.4058598581786066e-07,-4.024905019612132e-43,2.4058998839123787e-07,-3.775376241641919e-42,2.4058998839123787e-07,-2.8707569617659334e-42,2.4058998839123787e-07,0.29027628587287524,-3.775376241641919e-42,False,True,Solve_Succeeded,9,0.015845510999497492,0.01816770000004908,0.018629392005095724,True,7.264929768879824e-10,599.9555222485687,shifted_warm_start,
63.6,78.666,78.634,4.566666700000001,1,learned_h2,3.435561608919935,0.1435260989487656,0.2902818723953467,0.0002001020368746451,7.486478542106844e-07,3.4354500047391268,0.14349276093018343,0.290276298946031,-0.002675985483963728,0.0,-0.00011276514529884081,3.2965224790642718,2.1465155169690115,0.295559426436906,2.7777777778,2.4058998839123787e-07,-3.775376241641919e-42,2.4059230625352047e-07,1.8305767349867464e-42,2.4059230625352047e-07,1.3919515750632796e-42,2.4059230625352047e-07,0.290276298946031,1.8305767349867464e-42,False,True,Solve_Succeeded,9,0.011853376003273297,0.014575050001440104,0.015147701000387315,True,7.276940161560219e-10,599.9495139480863,shifted_warm_start,
63.7,78.766,78.736,4.566666700000001,1,learned_h2,3.4354822567770715,0.14350242790775447,0.29028185593946737,0.00020074589391029206,7.475427859737844e-07,3.4353703506530646,0.14346899969478627,0.29027628079754736,-0.0026753729097165465,0.0,-0.0001127671824323212,3.2964439201556552,2.146491427486684,0.2955590991555164,2.7777777778,2.4059230625352047e-07,1.8305767349867464e-42,2.405963030694903e-07,4.976083348875067e-43,2.405963030694903e-07,3.7837622005848105e-43,2.405963030694903e-07,0.29027628079754736,4.976083348875067e-43,False,True,Solve_Succeeded,9,0.014663221998489462,0.01701243999559665,0.01743070600059582,True,7.297912829606901e-10,599.9392463861828,shifted_warm_start,
63.8,78.866,78.838,4.566666700000001,1,learned_h2,3.4354029671613118,0.14347877554722172,0.2902818394842658,0.00020138162651561094,7.396594405889181e-07,3.435290755880615,0.1434452561800168,0.29027626176930704,-0.0026747624863603,0.0,-0.00011277572346465978,3.296365423148142,2.14646735703915,0.2955587721130212,2.7777777778,2.405963030694903e-07,4.976083348875067e-43,2.406002980995984e-07,1.1967130383916022e-42,2.406002980995984e-07,9.099681902709281e-43,2.406002980995984e-07,0.29027626176930704,1.1967130383916022e-42,False,True,Solve_Succeeded,9,0.01842092099832371,0.021184691999224015,0.021593129000393674,True,7.318861627858553e-10,599.9289859178326,shifted_warm_start,
63.9,78.966,78.94,4.566666700000001,1,learned_h2,3.4353237392846,0.1434551416281675,0.29028182303067673,0.00020200933614928238,7.396331593536729e-07,3.435211218973378,0.143421529949454,0.2902762439630363,-0.0026741691368033387,0.0,-0.00011277314837282896,3.2962869872615825,2.146443305383198,0.2955584453072837,2.7777777778,2.406002980995984e-07,1.1967130383916022e-42,2.406042889434915e-07,2.9347688371720912e-43,2.406042889434915e-07,2.231567804437271e-43,2.406042889434915e-07,0.2902762439630363,2.9347688371720912e-43,False,True,Solve_Succeeded,9,0.019043850996240508,0.02185537200421095,0.022232837000046857,True,7.339847063470017e-10,599.918733953759,shifted_warm_start,
64.0,79.066,79.042,4.566666700000001,1,learned_h2,3.4352445723672274,0.14343152591992295,0.29028180657750124,0.00020262912460625174,7.41016211673265e-07,3.4351317396524417,0.14339782092211598,0.29027622620917337,-0.002673583529940174,0.0,-0.00011277175003124003,3.2962086117240474,2.1464192722839903,0.2955581187340661,2.7777777778,2.406042889434915e-07,2.9347688371720912e-43,2.4060827699054926e-07,-7.421233348378029e-42,2.4060827699054926e-07,-5.6430289158360383e-42,2.4060827699054926e-07,0.29027622620917337,-7.421233348378029e-42,False,True,Solve_Succeeded,9,0.015044644998852164,0.017616873999941163,0.017947816995729227,True,7.360876908002467e-10,599.9084895687952,shifted_warm_start,
64.1,79.166,79.144,4.566666700000001,1,learned_h2,3.4351654656394683,0.14340792819432183,0.2902817901224777,0.00020324109210894875,7.397788550009006e-07,3.4350523172256624,0.14337412889304532,0.29027620809038923,-0.0026730051502416863,0.0,-0.00011277348978903368,3.2961302957735072,2.1463952575092473,0.295557792388107,2.7777777778,2.4060827699054926e-07,-7.421233348378029e-42,2.406122627658526e-07,-1.8296233508037153e-43,2.406122627658526e-07,-1.3912266316124824e-43,2.406122627658526e-07,0.29027620809038923,-1.8296233508037153e-43,False,True,Solve_Succeeded,9,0.012356798004475422,0.014927233001799323,0.015443021002283785,True,7.381953381901951e-10,599.8982523566738,shifted_warm_start,
64.2,79.266,79.246,4.566666700000001,1,learned_h2,3.43508641834245,0.1433843482221963,0.2902817736685099,0.00020384533707821603,7.397605188455678e-07,3.4349729509825457,0.14335045364748242,0.29027619018314466,-0.002672434073405942,0.0,-0.00011277293682456848,3.2960520386586882,2.1463712608257453,0.2955574662693525,2.7777777778,2.406122627658526e-07,-1.8296233508037153e-43,2.40616245626699e-07,5.6207503631867365e-43,2.40616245626699e-07,4.273960316190692e-43,2.40616245626699e-07,0.29027619018314466,5.6207503631867365e-43,False,True,Solve_Succeeded,9,0.011895657997229137,0.013951327004178893,0.014261418997193687,True,7.40307426472242e-10,599.8880226631572,shifted_warm_start,
64.3,79.366,79.348,4.566666700000001,1,learned_h2,3.435007429725983,0.14336078578029318,0.2902817572146443,0.0002044419569560008,7.411559498172318e-07,3.4348936402233967,0.1433267949772612,0.2902761724348102,-0.0026718703135701033,0.0,-0.00011277126101705515,3.2959738396369005,2.1463472820062233,0.29555714037392516,2.7777777778,2.40616245626699e-07,5.6207503631867365e-43,2.406202256695513e-07,1.5888985913967424e-42,2.406202256695513e-07,1.2081820197100532e-42,2.406202256695513e-07,0.2902761724348102,1.5888985913967424e-42,False,True,Solve_Succeeded,9,0.013039657002082095,0.015471913997316733,0.01597310400393326,True,7.424239001352362e-10,599.8778003581199,shifted_warm_start,
64.4,79.466,79.45,4.566666700000001,1,learned_h2,3.4349284990494473,0.143337240647815,0.2902817407602929,0.00020503104816238532,7.411224620438573e-07,3.434814384270281,0.14330315268033778,0.2902761544774134,-0.0026713136132078493,0.0,-0.00011277162842469007,3.2958956979749274,2.146323320825924,0.2955568146983505,2.7777777778,2.406202256695513e-07,1.5888985913967424e-42,2.406242033609472e-07,3.974881511572899e-43,2.406242033609472e-07,3.0224587011174184e-43,2.406242033609472e-07,0.2902761544774134,3.974881511572899e-43,False,True,Solve_Succeeded,9,0.013284098000440281,0.01564970499748597,0.01600537700142013,True,7.445450367349338e-10,599.8675850741438,shifted_warm_start,
64.5,79.566,79.552,4.566666700000001,1,learned_h2,3.4348496255814682,0.14331371260709969,0.2902817243047331,0.00020561270572068839,7.398473476430675e-07,3.4347351824476404,0.14327952655571802,0.29027613638828953,-0.0026707638410239888,0.0,-0.00011277290620117386,3.2958176129487073,2.1462993770632797,0.2955564892390543,2.7777777778,2.406242033609472e-07,3.974881511572899e-43,2.4062817864325e-07,1.1808182935120989e-42,2.4062817864325e-07,8.978819910161265e-43,2.4062817864325e-07,0.29027613638828953,1.1808182935120989e-42,False,True,Solve_Succeeded,9,0.012091657001292333,0.014266054997278843,0.014582159004930872,True,7.46670891782486e-10,599.8573767830978,shifted_warm_start,
64.6,79.666,79.654,4.566666700000001,1,learned_h2,3.4347708086006916,0.1432902014406096,0.2902817078502135,0.00020618702320592273,7.398634959103728e-07,3.43465603407987,0.1432559163995072,0.29027611848219664,-0.002670221058834884,0.0,-0.00011277236527206957,3.2957395838441115,2.146275450496897,0.29555616399547463,2.7777777778,2.4062817864325e-07,1.1808182935120989e-42,2.4063215117986906e-07,3.4238018388733035e-44,2.4063215117986906e-07,2.603423430025594e-44,2.4063215117986906e-07,0.29027611848219664,3.4238018388733035e-44,False,True,Solve_Succeeded,9,0.013205843999458011,0.015596283999911975,0.015964270001859404,True,7.488011877221368e-10,599.8471756363095,shifted_warm_start,
64.7,79.766,79.756,4.566666700000001,1,learned_h2,3.434692047393688,0.14326670693745308,0.2902816913951712,0.00020675409326952705,7.414626070700622e-07,3.4345769385029294,0.1432323220155685,0.2902761007452198,-0.0026696852361686725,0.0,-0.00011277047440718016,3.2956616099548333,2.1462515409120737,0.29555583896326665,2.7777777778,2.4063215117986906e-07,3.4238018388733035e-44,2.4063612101973346e-07,2.266728834990061e-43,2.4063612101973346e-07,1.723597111119525e-43,2.4063612101973346e-07,0.2902761007452198,2.266728834990061e-43,False,True,Solve_Succeeded,9,0.017319049999059644,0.019832974001474213,0.020353873005660716,True,7.50935924553886e-10,599.8369815382948,shifted_warm_start,
64.8,79.866,79.858,4.566666700000001,1,learned_h2,3.434613341258237,0.1432432288820319,0.2902816749473328,0.00020731400699629365,7.484218889755942e-07,3.434497895057518,0.1432087432010929,0.2902760836289853,-0.0026691564610073844,0.0,-0.00011276289220684603,3.2955836905857065,2.1462276480894595,0.29555551414742026,2.7777777778,2.4063612101973346e-07,2.266728834990061e-43,2.406400876649252e-07,-1.6450485053732492e-42,2.406400876649252e-07,-1.25087783229495e-42,2.406400876649252e-07,0.2902760836289853,-1.6450485053732492e-42,False,True,Solve_Succeeded,9,0.016046010998252314,0.018303388998901937,0.018651356003829278,True,7.530749357442801e-10,599.8267947450641,shifted_warm_start,
64.9,79.966,79.96,4.566666700000001,1,learned_h2,3.434534689496819,0.1432197670753897,0.29028165849230997,0.00020786685581985416,7.47158924115791e-07,3.4344189031259806,0.14318517978110284,0.2902760654256171,-0.0026686340351391754,0.0,-0.00011276639236753099,3.2955058250461358,2.146203771826372,0.29555518953082793,2.7777777778,2.406400876649252e-07,-1.6450485053732492e-42,2.406440531545331e-07,-3.747452457498987e-42,2.406440531545331e-07,-2.8495240057381367e-42,2.406440531545331e-07,0.2902760654256171,-3.747452457498987e-42,False,True,Solve_Succeeded,9,0.015355084993643686,0.018184681997809093,0.0187235609992058,True,7.552193870274948e-10,599.8166138812093,shifted_warm_start,
65.0,80.066,80.062,4.566666700000001,1,learned_h2,3.434456091424894,0.14319632130709617,0.2902816420387582,0.0002084127281243543,7.470930538381415e-07,3.4343399620635875,0.14316163155696332,0.29027604750998204,-0.0026681180794566584,0.0,-0.00011276567052107049,3.2954280126584634,2.1461799119087255,0.29555486511947643,2.7777777778,2.406440531545331e-07,-3.747452457498987e-42,2.406480159034198e-07,-2.991955364945087e-42,2.406480159034198e-07,-2.2750518474083507e-42,2.406480159034198e-07,0.29027604750998204,-2.991955364945087e-42,False,True,Solve_Succeeded,9,0.015598598998622037,0.018061932998534758,0.018410280004900414,True,7.57368279202808e-10,599.8064399070479,shifted_warm_start,
65.1,80.166,80.164,4.566666700000001,1,learned_h2,3.4343775463646273,0.14317289137585804,0.2902816255847162,0.0002089517119203354,7.48539867176772e-07,3.4342610712279518,0.14313809833798036,0.29027602973046096,-0.002667608790742994,0.0,-0.00011276393320785506,3.295350252751627,2.1461560681316048,0.29555454090876226,2.7777777778,2.406480159034198e-07,-2.991955364945087e-42,2.4065197612167993e-07,1.2292943859118164e-42,2.4065197612167993e-07,9.347427092144207e-43,2.4065197612167993e-07,0.29027602973046096,1.2292943859118164e-42,False,True,Solve_Succeeded,9,0.019998380994366016,0.022475275996839628,0.022880787000758573,True,7.595217788036734e-10,599.796272624698,shifted_warm_start,
65.2,80.266,80.266,4.566666700000001,1,learned_h2,3.43429905364701,0.143149477082005,0.2902816091303965,0.00020948389439695694,7.485219127303225e-07,3.434182230008342,0.1431145799419147,0.2902760117591104,-0.0026671058742107918,0.0,-0.0001127643126373621,3.295272544663304,2.1461322402917684,0.29555421689628986,2.7777777778,2.4065197612167993e-07,1.2292943859118164e-42,2.40655934225536e-07,-2.8023126298428954e-42,2.40655934225536e-07,-2.130849477313925e-42,2.40655934225536e-07,0.2902760117591104,-2.8023126298428954e-42,False,True,Solve_Succeeded,9,0.01840945300500607,0.021201870004006196,0.02175724600238027,True,7.61680107874696e-10,599.7861117057827,shifted_warm_start,
65.3,80.366,80.334,4.566666700000001,1,learned_h2,3.4342467539204433,0.143133876145616,0.2902815981568715,0.00020983494713109878,7.41043051195052e-07,3.4341363978320616,0.14310091098724662,0.29027602370198163,-0.002666784452108529,0.0,-0.00011277209033385655,3.2952207677350063,2.1461163638229186,0.2955540009930081,2.7777777778,2.40655934225536e-07,-2.8023126298428954e-42,2.40658208427559e-07,-1.4167055218687882e-43,2.40658208427559e-07,-1.0772481944497031e-43,2.40658208427559e-07,0.29027602370198163,-1.4167055218687882e-43,False,True,Solve_Succeeded,9,0.02201939600490732,0.025184425001498312,0.025605526003346313,True,7.629142873000205e-10,599.7802231913698,shifted_warm_start,
65.4,80.466,80.436,4.566666700000001,1,learned_h2,3.4341683469767244,0.14311048747736596,0.29028158170174406,0.00021035598412992825,7.397676427294876e-07,3.434057654750821,0.14307742191019232,0.2902760056751444,-0.002666288578588921,0.0,-0.00011277172566682972,3.2951431445616657,2.146092562100698,0.2955536773048866,2.7777777778,2.40658208427559e-07,-1.4167055218687882e-43,2.4066216191084083e-07,-1.2147189926829992e-42,2.4066216191084083e-07,-9.236597312795101e-43,2.4066216191084083e-07,0.2902760056751444,-1.2147189926829992e-42,False,True,Solve_Succeeded,9,0.024835807002091315,0.028579117002664134,0.028972173000511248,True,7.650871602926657e-10,599.7700750596953,shifted_warm_start,
65.5,80.566,80.538,4.566666700000001,1,learned_h2,3.434089990633039,0.14308711392483142,0.2902815652474652,0.00021087044600394414,7.397614966505922e-07,3.4339789596442167,0.143053947164601,0.2902759877512147,-0.0026657949649611435,0.0,-0.00011277151782797781,3.295065571481657,2.146068775784785,0.29555335380933917,2.7777777778,2.4066216191084083e-07,-1.2147189926829992e-42,2.4066611301442463e-07,-6.271081546345407e-43,2.4066611301442463e-07,-4.768465407077817e-43,2.4066611301442463e-07,0.2902759877512147,-6.271081546345407e-43,False,True,Solve_Succeeded,9,0.016175900003872812,0.018769201000395697,0.01921928000228945,True,7.672571467054468e-10,599.759933303091,shifted_warm_start,
65.6,80.666,80.64,4.566666700000001,1,learned_h2,3.4340116842505766,0.14306375529823773,0.2902815487929137,0.00021137841579296868,7.397437736709648e-07,3.43390031137613,0.14303048641215352,0.29027596981730824,-0.0026653149144683697,0.0,-0.00011277148591017784,3.294988047862557,2.1460450046819957,0.29555303050275417,2.7777777778,2.4066611301442463e-07,-6.271081546345407e-43,2.4067006192749754e-07,-4.3019472554308325e-44,2.4067006192749754e-07,-3.271156102658245e-44,2.4067006192749754e-07,0.29027596981730824,-4.3019472554308325e-44,False,True,Solve_Succeeded,9,0.021387801003584173,0.024988064003991894,0.025494765002804343,True,7.69431962588385e-10,599.7497976894939,shifted_warm_start,
65.7,80.766,80.742,4.566666700000001,1,learned_h2,3.433933427199038,0.14304041140867724,0.2902815323384846,0.00021187997541143047,7.411181911351494e-07,3.433821709716458,0.1430070395834728,0.2902759520754997,-0.002664840981535565,0.0,-0.00011276980341476807,3.294910573080373,2.146021248600055,0.2955527073830692,2.7777777778,2.4067006192749754e-07,-4.3019472554308325e-44,2.406740084235617e-07,6.5256278230389045e-43,2.406740084235617e-07,4.962019757462682e-43,2.406740084235617e-07,0.2902759520754997,6.5256278230389045e-43,False,True,Solve_Succeeded,9,0.015963448000547942,0.018476523997378536,0.018857535993447527,True,7.716114414080266e-10,599.7396683425395,shifted_warm_start,
65.8,80.866,80.844,4.566666700000001,1,learned_h2,3.433855218855438,0.14301708207178512,0.29028151588245954,0.00021237520603627205,7.398561593822559e-07,3.4337431540966588,0.14298360651050127,0.2902759339511873,-0.002664372923032544,0.0,-0.00011277159184456421,3.294833146518342,2.1459975073512743,0.2955523844461364,2.7777777778,2.406740084235617e-07,6.5256278230389045e-43,2.40677953206901e-07,2.9711473327403856e-43,2.40677953206901e-07,2.2592296353984773e-43,2.40677953206901e-07,0.2902759339511873,2.9711473327403856e-43,False,True,Solve_Succeeded,9,0.020279761003621388,0.02309474899811903,0.023665551001613494,True,7.737960827647328e-10,599.729544752283,shifted_warm_start,
65.9,80.966,80.946,4.566666700000001,1,learned_h2,3.433777058605724,0.1429937671019256,0.29028149942753534,0.00021286418727367324,7.398710957472917e-07,3.433664643942899,0.14296018701957192,0.2902759160464386,-0.002663910777916848,0.0,-0.00011277101636344414,3.2947557675685615,2.1459737807467385,0.2955520616922589,2.7777777778,2.40677953206901e-07,2.9711473327403856e-43,2.4068189559762865e-07,2.3095755385782878e-42,2.4068189559762865e-07,1.756177300415077e-42,2.4068189559762865e-07,0.2902759160464386,2.3095755385782878e-42,False,True,Solve_Succeeded,9,0.01703335199999856,0.01960844600398559,0.019941213002311997,True,7.759854425692936e-10,599.7194273017542,shifted_warm_start,
66.0,81.066,81.048,4.566666700000001,1,learned_h2,3.4336989458424094,0.1429704663197735,0.29028148297204315,0.00021334699791837234,7.414641038153701e-07,3.4335861786872615,0.14293678094318263,0.29027589832019524,-0.0026634545845168655,0.0,-0.00011276914852858569,3.294678435629614,2.14595006860388,0.2955517391173986,2.7777777778,2.4068189559762865e-07,2.3095755385782878e-42,2.406858356718934e-07,1.5769199430817543e-42,2.406858356718934e-07,1.1990735796919419e-42,2.406858356718934e-07,0.29027589832019524,1.5769199430817543e-42,False,True,Solve_Succeeded,9,0.027575480999075808,0.03059710700472351,0.03111151300254278,True,7.78179520821709e-10,599.7093158872182,shifted_warm_start,
66.1,81.166,81.15,4.566666700000001,1,learned_h2,3.4336208799678483,0.1429471795409798,0.2902814665239293,0.0002138237155493859,7.484155107684877e-07,3.433507757768478,0.14291338810781584,0.29027588125760756,-0.002663004433655243,0.0,-0.00011276159019237414,3.294601150109858,2.14592637073516,0.2955514167271718,2.7777777778,2.406858356718934e-07,1.5769199430817543e-42,2.406897728873206e-07,-1.0673162815034344e-42,2.406897728873206e-07,-8.115762375512461e-43,2.406897728873206e-07,0.29027588125760756,-1.0673162815034344e-42,False,True,Solve_Succeeded,9,0.016372086000046693,0.019181493000360206,0.019525611998687964,True,7.80378039966223e-10,599.6992108028737,shifted_warm_start,
66.2,81.266,81.252,4.566666700000001,1,learned_h2,3.4335428603877913,0.14292390659742407,0.2902814500685039,0.00021429441809707003,7.471510104472533e-07,3.4334293806652316,0.14289000836727161,0.2902758630428397,-0.0026625596402727425,0.0,-0.00011276510637139456,3.294523910420938,2.1459026869692863,0.29555109450457173,2.7777777778,2.406897728873206e-07,-1.0673162815034344e-42,2.40693709405878e-07,5.611536018329053e-43,2.40693709405878e-07,4.266953823869068e-43,2.40693709405878e-07,0.2902758630428397,5.611536018329053e-43,False,True,Solve_Succeeded,9,0.013954895002825651,0.016350024001440033,0.016720455001632217,True,7.825823877816163e-10,599.6891106036436,shifted_warm_start,
66.3,81.366,81.354,4.566666700000001,1,learned_h2,3.4334648865196504,0.1429006473091347,0.2902814336145279,0.00021475918075775113,7.470898156160261e-07,3.4333510468279456,0.1428666415513339,0.2902758451260412,-0.0026621203378335914,0.0,-0.00011276439530894989,3.294446715986128,2.1458790171231787,0.29555077245608646,2.7777777778,2.40693709405878e-07,5.611536018329053e-43,2.406976435486617e-07,-3.465099724459758e-43,2.406976435486617e-07,-2.6348259141663447e-43,2.406976435486617e-07,0.2902758451260412,-3.465099724459758e-43,False,True,Solve_Succeeded,9,0.01291439900523983,0.015229475000523962,0.015619104000506923,True,7.847913985337129e-10,599.6790163194208,shifted_warm_start,
66.4,81.466,81.456,4.566666700000001,1,learned_h2,3.4333869577862615,0.14287740150489842,0.2902814171601568,0.00021521807844156464,7.485326707865404e-07,3.433272755708254,0.1428432874974019,0.290275827356406,-0.0026616867347020153,0.0,-0.00011276268020611942,3.2943695662340247,2.145855361022542,0.2955504505776218,2.7777777778,2.406976435486617e-07,-3.465099724459758e-43,2.407015755202088e-07,7.92986518452214e-42,2.407015755202088e-07,6.029787291989688e-42,2.407015755202088e-07,0.290275827356406,7.92986518452214e-42,False,True,Solve_Succeeded,9,0.019052258001465816,0.02220529299665941,0.022608048995607533,True,7.87005294267118e-10,599.6689277651085,shifted_warm_start,
66.5,81.566,81.558,4.566666700000001,1,learned_h2,3.433309073618015,0.14285416901472034,0.29028140070540215,0.00021567118540010989,7.485292005545562e-07,3.4331945067881935,0.14281994605093382,0.2902758093855053,-0.002661258549408701,0.0,-0.00011276305747692877,3.2942924606007185,2.1458317184943443,0.2955501288669679,2.7777777778,2.407015755202088e-07,7.92986518452214e-42,2.407055057563813e-07,-2.7758213883770564e-42,2.407055057563813e-07,-2.1107058118892557e-42,2.407055057563813e-07,0.2902758093855053,-2.7758213883770564e-42,False,True,Solve_Succeeded,9,0.01607229399814969,0.01898142600111896,0.01932954299991252,True,7.892243525375875e-10,599.6588446087386,shifted_warm_start,
66.6,81.666,81.66,4.566666700000001,1,learned_h2,3.433231233452398,0.142830949671095,0.2902813842494343,0.0002161185747114607,7.472247079796758e-07,3.4331162995483075,0.1427966170572809,0.29027579128616227,-0.002660835666655009,0.0,-0.00011276440363763912,3.294215398529317,2.145808089368077,0.2955498073211009,2.7777777778,2.407055057563813e-07,-2.7758213883770564e-42,2.4070943419714395e-07,1.4162448046259039e-42,2.4070943419714395e-07,1.0768978698336219e-42,2.4070943419714395e-07,0.29027579128616227,1.4162448046259039e-42,False,True,Solve_Succeeded,9,0.012984308996237814,0.015487313998164609,0.01581354699737858,True,7.914485178339703e-10,599.6487668388207,shifted_warm_start,
66.7,81.766,81.762,4.566666700000001,1,learned_h2,3.43315343673453,0.14280774330681215,0.2902813677944338,0.00021656031829299374,7.471871983722023e-07,3.4330381334666,0.14277330035903477,0.2902757733576831,-0.002660418170541934,0.0,-0.0001127639402865994,3.2941383794704984,2.1457844734735687,0.29554948594003777,2.7777777778,2.4070943419714395e-07,1.4162448046259039e-42,2.407133605162465e-07,-8.006113888219468e-43,2.407133605162465e-07,-6.087766015951127e-43,2.407133605162465e-07,0.2902757733576831,-8.006113888219468e-43,False,True,Solve_Succeeded,9,0.013048038999841083,0.01545107700076187,0.0160021699994104,True,7.936775681116615e-10,599.6386946150393,shifted_warm_start,
66.8,81.866,81.864,4.566666700000001,1,learned_h2,3.433075682916047,0.142784549758425,0.2902813513391469,0.00021699648739929321,7.486416611909742e-07,3.432960008031629,0.14274999580378078,0.29027575557602747,-0.002660006048424012,0.0,-0.00011276222565535504,3.2940614028813804,2.1457608706444486,0.29554916472038645,2.7777777778,2.407133605162465e-07,-8.006113888219468e-43,2.407172847673003e-07,1.9805082478482773e-42,2.407172847673003e-07,1.505957943379077e-42,2.407172847673003e-07,0.29027575557602747,1.9805082478482773e-42,False,True,Solve_Succeeded,9,0.0167590140044922,0.019362727995030582,0.019790332997217774,True,7.959115588818122e-10,599.6286278531733,shifted_warm_start,
66.9,81.966,81.966,4.566666700000001,1,learned_h2,3.432997971455026,0.1427613688661057,0.2902813348829296,0.00021742715273680515,7.47422949610774e-07,3.432881922751056,0.14272670324653428,0.29027573746711716,-0.002659599011279346,0.0,-0.00011276400382876445,3.2939844682254527,2.1457372807179986,0.2955488436593887,2.7777777778,2.407172847673003e-07,1.9805082478482773e-42,2.407212075325766e-07,-4.556378352813609e-42,2.407212075325766e-07,-3.46462287188909e-42,2.407212075325766e-07,0.29027573746711716,-4.556378352813609e-42,False,True,Solve_Succeeded,9,0.013658292999025434,0.016193414994631894,0.016771439004514832,True,7.981508787224811e-10,599.6185661297533,shifted_warm_start,
67.0,82.066,82.034,4.566666700000001,1,learned_h2,3.4329461870818556,0.14274592189071295,0.2902813239116832,0.00021771123990366336,7.411226487704186e-07,3.4328368409885806,0.14271325846800695,0.29027574955893537,-0.0026593388671341048,0.0,-0.00011277018530323813,3.293933201489276,2.1457215611887746,0.2955486297059157,2.7777777778,2.407212075325766e-07,-4.556378352813609e-42,2.407234453527735e-07,-9.011168553571261e-42,2.407234453527735e-07,-6.851999165932274e-42,2.407234453527735e-07,0.29027574955893537,-9.011168553571261e-42,False,True,Solve_Succeeded,9,0.013638264004839584,0.016125263005960733,0.016565231002459768,True,7.994221951079794e-10,599.6127755211992,shifted_warm_start,
67.1,82.166,82.136,4.566666700000001,1,learned_h2,3.4328685450329965,0.1427227617350968,0.2902813074551541,0.00021813288576621526,7.398541768758411e-07,3.4327588351237446,0.14268998963561105,0.2902757315156142,-0.0026589375775164267,0.0,-0.00011277013083024855,3.293856335550241,2.145697992403714,0.29554830890596373,2.7777777778,2.407234453527735e-07,-9.011168553571261e-42,2.4072736428444513e-07,2.7783553332129194e-42,2.4072736428444513e-07,2.1126325972777023e-42,2.4072736428444513e-07,0.2902757315156142,2.7783553332129194e-42,False,True,Solve_Succeeded,9,0.01598322799691232,0.018499939993489534,0.018893988002673723,True,8.016769470486906e-10,599.6027242579243,shifted_warm_start,
67.2,82.266,82.238,4.566666700000001,1,learned_h2,3.432790943931855,0.14269961381191199,0.29028129099992467,0.00021854921069878889,7.398936106498649e-07,3.4326808680816954,0.14266673240089292,0.29027571359816695,-0.002658538123804942,0.0,-0.00011276984613717814,3.2937795101487586,2.145674436090167,0.29554798826139744,2.7777777778,2.4072736428444513e-07,2.7783553332129194e-42,2.407312812633527e-07,5.4986602938224346e-43,2.407312812633527e-07,4.181124292929173e-43,2.407312812633527e-07,0.29027571359816695,5.4986602938224346e-43,False,True,Solve_Succeeded,9,0.014158341000438668,0.016683009002008475,0.01705082500120625,True,8.039288679206891e-10,599.5926782047361,shifted_warm_start,
67.3,82.366,82.34,4.566666700000001,1,learned_h2,3.432713383260806,0.14267647796979016,0.2902812745433527,0.00021896028188061236,7.415787228108222e-07,3.432602938938533,0.14264348649111747,0.29027569589511754,-0.002658149733100306,0.0,-0.00011276789521810596,3.293702724772368,2.1456508920940025,0.29554766776755587,2.7777777778,2.407312812633527e-07,5.4986602938224346e-43,2.4073519623068266e-07,-3.920806316027537e-43,2.4073519623068266e-07,-2.9813404829227757e-43,2.4073519623068266e-07,0.29027569589511754,-3.920806316027537e-43,False,True,Solve_Succeeded,9,0.012423815998772625,0.014569683000445366,0.015202746995782945,True,8.061856737739959e-10,599.582637311141,shifted_warm_start,
67.4,82.466,82.442,4.566666700000001,1,learned_h2,3.432635862512319,0.1426533540473997,0.29028125809575733,0.0002193661653601723,7.484101151220029e-07,3.432525047503881,0.1426202518396572,0.2902756788699826,-0.0026577665197739866,0.0,-0.00011276051725565722,3.2936259789186657,2.145627360251184,0.29554734743277844,2.7777777778,2.4073519623068266e-07,-3.920806316027537e-43,2.407391086514844e-07,-5.28989779314055e-43,2.407391086514844e-07,-4.022383451267377e-43,2.407391086514844e-07,0.2902756788699826,-5.28989779314055e-43,False,True,Solve_Succeeded,9,0.01422903400089126,0.01649078899936285,0.016902912997466046,True,8.084473090974598e-10,599.572601901086,shifted_warm_start,
67.5,82.566,82.544,4.566666700000001,1,learned_h2,3.432558381179021,0.14263024190634044,0.29028124164027036,0.00021976692761022836,7.471092404991238e-07,3.4324471933368725,0.1425970283281218,0.2902756606415821,-0.0026573878191603513,0.0,-0.00011276404704978112,3.293549272085282,2.145603840420604,0.295547027238218,2.7777777778,2.407391086514844e-07,-5.28989779314055e-43,2.4074302076067785e-07,1.471530873772003e-42,2.4074302076067785e-07,1.1189368237633664e-42,2.4074302076067785e-07,0.2902756606415821,1.471530873772003e-42,False,True,Solve_Succeeded,9,0.01759513399883872,0.020174461002170574,0.020580712000082713,True,8.107149396252566e-10,599.5625704917602,shifted_warm_start,
67.6,82.666,82.646,4.566666700000001,1,learned_h2,3.4324809387653015,0.1426071413920143,0.2902812251854671,0.0002201626325406469,7.470992899563973e-07,3.432369375968675,0.14257381580979875,0.2902756427299533,-0.002657013782797357,0.0,-0.00011276328435102605,3.2934726037815985,2.1455803324450247,0.29554670719051596,2.7777777778,2.4074302076067785e-07,1.471530873772003e-42,2.4074693079270644e-07,1.1841186937762793e-43,2.4074693079270644e-07,9.003915811678327e-44,2.4074693079270644e-07,0.2902756427299533,1.1841186937762793e-43,False,True,Solve_Succeeded,9,0.016536399998585694,0.018995047998032533,0.01937905500381021,True,8.129874551343619e-10,599.5525441764071,shifted_warm_start,
67.7,82.766,82.748,4.566666700000001,1,learned_h2,3.432403534779911,0.1425840523581375,0.2902812087306025,0.00022055334394591918,7.485418555206382e-07,3.432291594931493,0.1425506141454216,0.2902756249697306,-0.0026566446205128188,0.0,-0.00011276160118438327,3.2933959735212763,2.1455568361755386,0.2955463872870117,2.7777777778,2.4074693079270644e-07,1.1841186937762793e-43,2.4075083896543005e-07,-7.54654843844252e-43,2.4075083896543005e-07,-5.738317211410126e-43,2.4075083896543005e-07,0.2902756249697306,-7.54654843844252e-43,False,True,Solve_Succeeded,9,0.013803645997541025,0.016067354001279455,0.01634679599374067,True,8.152650776693804e-10,599.5425227689695,shifted_warm_start,
67.8,82.866,82.85,4.566666700000001,1,learned_h2,3.4323261687375783,0.14256097466096712,0.2902811922743012,0.0002209391251908409,7.472672178739057e-07,3.4322138497890515,0.14252742320592232,0.29027560683407827,-0.0026562799980615515,0.0,-0.00011276344759294126,3.2933193808238914,2.1455333514658173,0.2955460675244371,2.7777777778,2.4075083896543005e-07,-7.54654843844252e-43,2.407547459207085e-07,6.187000649519048e-43,2.407547459207085e-07,4.704531164642997e-43,2.407547459207085e-07,0.29027560683407827,6.187000649519048e-43,False,True,Solve_Succeeded,9,0.013612558999739122,0.015883129999565426,0.016269722997094505,True,8.17548251319522e-10,599.5325058127435,shifted_warm_start,
67.9,82.966,82.952,4.566666700000001,1,learned_h2,3.43224884016003,0.14253790815567424,0.29028117581900326,0.00022132003817810743,7.472170233392222e-07,3.432136140092439,0.14250424285520077,0.29027558890509714,-0.0026559199792948124,0.0,-0.00011276296173417055,3.293242825215965,2.145509878168483,0.29554574790336574,2.7777777778,2.407547459207085e-07,6.187000649519048e-43,2.407586509956535e-07,-2.2813067053964946e-43,2.407586509956535e-07,-1.7346819726746187e-43,2.407586509956535e-07,0.29027558890509714,-2.2813067053964946e-43,False,True,Solve_Succeeded,9,0.014696768994326703,0.017129431005741935,0.017436686997825745,True,8.198365319955769e-10,599.5224936918169,shifted_warm_start,
68.0,83.066,83.054,4.566666700000001,1,learned_h2,3.4321715485742414,0.14251485270192077,0.2902811593635099,0.00022169614440782555,7.471882026830694e-07,3.4320584654014255,0.1424810729627318,0.2902755709535912,-0.0026555645456467747,0.0,-0.00011276295493464911,3.2931663062291974,2.1454864161406753,0.2955454284207539,2.7777777778,2.407586509956535e-07,-2.2813067053964946e-43,2.407625544818694e-07,3.7520812260485885e-42,2.407625544818694e-07,2.8530436733653276e-42,2.407625544818694e-07,0.2902755709535912,3.7520812260485885e-42,False,True,Solve_Succeeded,9,0.012027118995320052,0.014348056000017095,0.01469474499754142,True,8.2213014174215e-10,599.5124861753359,shifted_warm_start,
68.1,83.166,83.156,4.566666700000001,1,learned_h2,3.4320942935134395,0.1424918081601172,0.29028114290822393,0.00022206750447856707,7.486233332924567e-07,3.4319808252823347,0.14245791339879815,0.2902755531829748,-0.002655213661439856,0.0,-0.00011276122724621216,3.293089823401484,2.145462965240316,0.2955451090751835,2.7777777778,2.407625544818694e-07,3.7520812260485885e-42,2.407664561613501e-07,1.8382617991077935e-43,2.407664561613501e-07,1.397795218164005e-43,2.407664561613501e-07,0.2902755531829748,1.8382617991077935e-43,False,True,Solve_Succeeded,9,0.012626317002286669,0.015041118000226561,0.015452360996278003,True,8.244290250480901e-10,599.5024833619798,shifted_warm_start,
68.2,83.266,83.258,4.566666700000001,1,learned_h2,3.43201707451532,0.14246877439728345,0.2902811264492331,0.00022243417914668076,7.397069350140855e-07,3.431903219333025,0.142434764048494,0.29027553413825863,-0.0026548667158501496,0.0,-0.00011277183943492,3.2930133762751206,2.145439525331961,0.29554478986093846,2.7777777778,2.407664561613501e-07,1.8382617991077935e-43,2.407703577668056e-07,-6.22166823312794e-42,2.407703577668056e-07,-4.73089203588415e-42,2.407703577668056e-07,0.29027553413825863,-6.22166823312794e-42,False,True,Solve_Succeeded,9,0.012329906996455975,0.01484314700064715,0.015202567003143486,True,8.267341256029681e-10,599.4924840948858,shifted_warm_start,
68.3,83.366,83.36,4.566666700000001,1,learned_h2,3.4319398911273997,0.1424457512686894,0.29028110999457674,0.00022279622608517468,7.396646355491563e-07,3.431825647098509,0.1424116247661639,0.2902755163484973,-0.00265452439427814,0.0,-0.0001127689020182008,3.292936964402196,2.1454160962684683,0.2955444707842933,2.7777777778,2.407703577668056e-07,-6.22166823312794e-42,2.407742563438467e-07,-1.663547399957692e-43,2.407742563438467e-07,-1.264944199992959e-43,2.407742563438467e-07,0.2902755163484973,-1.663547399957692e-43,False,True,Solve_Succeeded,9,0.016292487998725846,0.01953584900184069,0.020008140993013512,True,8.290436670499446e-10,599.4824902355552,shifted_warm_start,
68.4,83.466,83.462,4.566666700000001,1,learned_h2,3.4318627428991175,0.1424227386441586,0.2902810935400491,0.00022315370423997517,7.410403312610438e-07,3.431748108158351,0.1423884954307174,0.29027549856022117,-0.0026541866917896787,0.0,-0.00011276760180032175,3.2928605873366315,2.1453926779172603,0.29554415183928456,2.7777777778,2.407742563438467e-07,-1.663547399957692e-43,2.4077815338886387e-07,2.0156379376181947e-43,2.4077815338886387e-07,1.5326701953552687e-43,2.4077815338886387e-07,0.29027549856022117,2.0156379376181947e-43,False,True,Solve_Succeeded,9,0.017722060001688078,0.02021289600088494,0.020953813997039106,True,8.313586485897417e-10,599.4725007778061,shifted_warm_start,
68.5,83.566,83.564,4.566666700000001,1,learned_h2,3.4317856293866575,0.14239973639160478,0.2902810770850433,0.00022350667149224473,7.410410222381439e-07,3.4316706021204393,0.14236537592552592,0.2902754806046551,-0.002653853142805316,0.0,-0.00011276797217445281,3.2927842446390505,2.1453692701438865,0.29554383302357295,2.7777777778,2.4077815338886387e-07,2.0156379376181947e-43,2.4078204912002334e-07,4.995038757694689e-43,2.4078204912002334e-07,3.7981756969754065e-43,2.4078204912002334e-07,0.2902754806046551,4.995038757694689e-43,False,True,Solve_Succeeded,9,0.012085956004739273,0.01455189300031634,0.014922214002581313,True,8.336791257335108e-10,599.4625155427713,shifted_warm_start,
68.6,83.666,83.666,4.566666700000001,1,learned_h2,3.4317085501517353,0.14237674438083106,0.2902810606284714,0.00022385518474879592,7.398056144635087e-07,3.4315931285773194,0.14234226612959816,0.29027546253404457,-0.0026535237072469707,0.0,-0.00011276926306553029,3.292707935875549,2.1453458728158123,0.29554351433436127,2.7777777778,2.4078204912002334e-07,4.995038757694689e-43,2.40785943495918e-07,6.025744919892253e-44,2.40785943495918e-07,4.581913979276212e-44,2.40785943495918e-07,0.29027546253404457,6.025744919892253e-44,False,True,Solve_Succeeded,9,0.029195108996646013,0.032718916998419445,0.03316676099348115,True,8.360051539924029e-10,599.4525345178708,shifted_warm_start,
68.7,83.766,83.734,4.566666700000001,1,learned_h2,3.4316571828255147,0.1423614219958109,0.29028104966174423,0.00022408507960554598,7.471328290686554e-07,3.431548654051518,0.14232900275260638,0.2902754763393561,-0.0026533138101545446,0.0,-0.0001127599837344662,3.292657082008278,2.1453302803311933,0.2955433019495252,2.7777777778,2.40785943495918e-07,6.025744919892253e-44,2.4078815020535465e-07,-6.4627111245575366e-43,2.4078815020535465e-07,-4.914178552079093e-43,2.4078815020535465e-07,0.2902754763393561,-6.4627111245575366e-43,False,True,Solve_Succeeded,9,0.02429106499766931,0.027979170001344755,0.028424187999917194,True,8.373164939179389e-10,599.4468245130344,shifted_warm_start,
68.8,83.866,83.836,4.566666700000001,1,learned_h2,3.431580159762052,0.14233844676578097,0.29028103320687565,0.00022442629386723497,7.471314132618036e-07,3.4314712447602527,0.14230591215107785,0.2902754582516658,-0.002652989337594626,0.0,-0.00011276275246142414,3.292580828853394,2.1453069001179608,0.29554298347172286,2.7777777778,2.4078815020535465e-07,-6.4627111245575366e-43,2.4079204159823827e-07,-8.745709037186945e-43,2.4079204159823827e-07,-6.650146501203985e-43,2.4079204159823827e-07,0.2902754582516658,-8.745709037186945e-43,False,True,Solve_Succeeded,9,0.015060004996485077,0.017457617999752983,0.017796986998291686,True,8.396589534775956e-10,599.4368519265672,shifted_warm_start,
68.9,83.966,83.938,4.566666700000001,1,learned_h2,3.4315031698349783,0.14231548143576594,0.290281016751536,0.00022476320226929173,7.471335140810206e-07,3.431393866902298,0.14228283094082783,0.29027544032092184,-0.002652666006263748,0.0,-0.00011276237876024107,3.292504608502857,2.145283530002184,0.295542665117063,2.7777777778,2.4079204159823827e-07,-8.745709037186945e-43,2.4079593136840104e-07,-2.185527420931728e-42,2.4079593136840104e-07,-1.6618523975352127e-42,2.4079593136840104e-07,0.29027544032092184,-2.185527420931728e-42,False,True,Solve_Succeeded,9,0.015408038001623936,0.017772223000065424,0.018238908996863756,True,8.419984709462369e-10,599.4268836196585,shifted_warm_start,
69.0,84.066,84.04,4.566666700000001,1,learned_h2,3.4314262126263007,0.14229252588031838,0.29028100029625525,0.0002250958590536997,7.485279187326269e-07,3.431316519711052,0.1422597588922702,0.29027542256698063,-0.002652351696888523,0.0,-0.00011276071347928487,3.2924284205428584,2.1452601698561873,0.2955423468844441,2.7777777778,2.4079593136840104e-07,-2.185527420931728e-42,2.407998195306669e-07,-2.6343811948116198e-42,2.407998195306669e-07,-2.003156154752326e-42,2.407998195306669e-07,0.29027542256698063,-2.6343811948116198e-42,False,True,Solve_Succeeded,9,0.01397500500024762,0.016175848002603743,0.016499466997629497,True,8.443433729965477e-10,599.4169195082951,shifted_warm_start,
69.1,84.166,84.142,4.566666700000001,1,learned_h2,3.431349287722669,0.14226957997766398,0.29028098383923007,0.0002254243183153079,7.472654046479371e-07,3.4312392030490164,0.14223669596607594,0.2902754044223017,-0.002652041246470362,0.0,-0.00011276254160708549,3.2923522645641703,2.145236819555996,0.2955420287704501,2.7777777778,2.407998195306669e-07,-2.6343811948116198e-42,2.408037067600129e-07,1.5570182621891992e-42,2.408037067600129e-07,1.1839405478253484e-42,2.408037067600129e-07,0.2902754044223017,1.5570182621891992e-42,False,True,Solve_Succeeded,9,0.014295907996711321,0.016568974002439063,0.016901350005355198,True,8.46694159228889e-10,599.4069591435313,shifted_warm_start,
69.2,84.266,84.244,4.566666700000001,1,learned_h2,3.4312723947171024,0.14224664360374606,0.2902809673834427,0.00022574863263228023,7.472189423815998e-07,3.431161916534232,0.1422136420456167,0.2902753864920717,-0.0026517347172437125,0.0,-0.00011276206869488137,3.292276140163898,2.1452134789753847,0.295541710776475,2.7777777778,2.408037067600129e-07,1.5570182621891992e-42,2.4080759236294303e-07,3.952953943946082e-43,2.4080759236294303e-07,3.0057852059767326e-43,2.4080759236294303e-07,0.2902753864920717,3.952953943946082e-43,False,True,Solve_Succeeded,9,0.015858380000281613,0.01843893400655361,0.01882919300260255,True,8.490502745317485e-10,599.3970029354533,shifted_warm_start,
69.3,84.366,84.346,4.566666700000001,1,learned_h2,3.4311955332067394,0.14222371663946867,0.29028095092775447,0.00022606885432808202,7.486679818267686e-07,3.431084659788445,0.14219059701915082,0.2902753687344786,-0.0026514321709280903,0.0,-0.00011276037903341102,3.2922000469432016,2.14519014799311,0.2955413928998088,2.7777777778,2.4080759236294303e-07,3.952953943946082e-43,2.408114764072866e-07,1.6089397914622032e-42,2.408114764072866e-07,1.2234211405095856e-42,2.408114764072866e-07,0.2902753687344786,1.6089397914622032e-42,False,True,Solve_Succeeded,9,0.013708977996429894,0.01618014899577247,0.016539377000299282,True,8.514118299274287e-10,599.3870508039103,shifted_warm_start,
69.4,84.466,84.448,4.566666700000001,1,learned_h2,3.43111870279357,0.14220079896800675,0.29028093447079145,0.0002263850353171416,7.488906053269887e-07,3.4310074324507553,0.14216756078096515,0.29027535078898903,-0.002651133399272442,0.0,-0.0001127605259481533,3.2921239845080414,2.1451668264902297,0.29554107513752376,2.7777777778,2.408114764072866e-07,1.6089397914622032e-42,2.408153593353413e-07,-2.6128426637067854e-43,2.408153593353413e-07,-1.9867784789505297e-43,2.408153593353413e-07,0.29027535078898903,-2.6128426637067854e-43,False,True,Solve_Succeeded,9,0.012260638999578077,0.014773062997846864,0.015191473998129368,True,8.537790474605345e-10,599.3771024288337,shifted_warm_start,
69.5,84.566,84.55,4.566666700000001,1,learned_h2,3.4310419030855126,0.14217789047097457,0.2902809180135776,0.00022669722709185947,7.396783956941133e-07,3.4309302341800145,0.1421445332279622,0.29027533165821695,-0.0026508378962303973,0.0,-0.00011277103998922921,3.292047952470263,2.1451435143462683,0.29554075748911396,2.7777777778,2.408153593353413e-07,-2.6128426637067854e-43,2.4081924233921887e-07,-4.64518160137953e-43,2.4081924233921887e-07,-3.532147941638742e-43,2.4081924233921887e-07,0.29027533165821695,-4.64518160137953e-43,False,True,Solve_Succeeded,9,0.017844039997726213,0.0205510379964835,0.020921338997140992,True,8.561529818429392e-10,599.3671570067812,shifted_warm_start,
69.6,84.666,84.652,4.566666700000001,1,learned_h2,3.430965133696007,0.14215499102955337,0.2902809015584837,0.00022700547866149305,7.396388499943289e-07,3.4308530645796322,0.14212151423814223,0.2902753138698106,-0.0026505464181669244,0.0,-0.00011276806487174685,3.29197195044719,2.1451202114403483,0.2955404399554415,2.7777777778,2.4081924233921887e-07,-4.64518160137953e-43,2.4082312246151226e-07,6.4209010347658e-42,2.4082312246151226e-07,4.8823865931697236e-42,2.4082312246151226e-07,0.2902753138698106,6.4209010347658e-42,False,True,Solve_Succeeded,9,0.016288085003907327,0.019180448005499784,0.019541370995284524,True,8.585313571174424e-10,599.3572164082874,shifted_warm_start,
69.7,84.766,84.754,4.566666700000001,1,learned_h2,3.4308883942418555,0.14213210053156358,0.29028088510321554,0.00022730984030647905,7.410778964162319e-07,3.430775923294449,0.14209850370779675,0.2902752960985204,-0.0026502589190253657,0.0,-0.00011276671560945641,3.2918959780594466,2.14509691765825,0.29554012253271705,2.7777777778,2.4082312246151226e-07,6.4209010347658e-42,2.408270012806677e-07,-2.542454462700092e-42,2.408270012806677e-07,-1.9332560204900014e-42,2.408270012806677e-07,0.2902752960985204,-2.542454462700092e-42,False,True,Solve_Succeeded,9,0.012793622001481708,0.015257986000506207,0.01578136500029359,True,8.609154500405225e-10,599.3472795801272,shifted_warm_start,
69.8,84.866,84.856,4.566666700000001,1,learned_h2,3.430811684344942,0.14210921886531924,0.2902808686465297,0.00022761036142435076,7.398013394490451e-07,3.4306988099969975,0.14207550154039641,0.29027527798396374,-0.002649974872041594,0.0,-0.0001127685814492356,3.2918200349326883,2.1450736328862736,0.29553980521822143,2.7777777778,2.408270012806677e-07,-2.542454462700092e-42,2.408308792373159e-07,1.9315570407918355e-43,2.408308792373159e-07,1.4687359529204489e-43,2.408308792373159e-07,0.29027527798396374,1.9315570407918355e-43,False,True,Solve_Succeeded,9,0.013122333999490365,0.01559354699566029,0.015998987000784837,True,8.633054826567843e-10,599.3373462063307,shifted_warm_start,
69.9,84.966,84.958,4.566666700000001,1,learned_h2,3.4307350036328357,0.1420863459175406,0.29028085219063104,0.00022790709017510275,7.397860031431703e-07,3.4306217243332884,0.14205250762813162,0.29027526007297144,-0.0026496944136313867,0.0,-0.00011276807207799567,3.2917441206982234,2.145050357009157,0.295539488012706,2.7777777778,2.408308792373159e-07,1.9315570407918355e-43,2.4083475570514663e-07,-2.3773009732822593e-43,2.4083475570514663e-07,-1.807675018979014e-43,2.4083475570514663e-07,0.29027526007297144,-2.3773009732822593e-43,False,True,Solve_Succeeded,9,0.0122601780021796,0.014650477998657152,0.01502845399954822,True,8.657010663881692e-10,599.3274166563907,shifted_warm_start,
70.0,85.066,85.06,4.566666700000001,1,learned_h2,3.4306583517369797,0.14206348157914162,0.2902808357345884,0.00022820007452279222,7.397549675342654e-07,3.4305446659597605,0.14202952186939916,0.29027524213429207,-0.0026494175351391373,0.0,-0.0001127680957783334,3.2916682349911763,2.145027089915849,0.2955391709138008,2.7777777778,2.4083475570514663e-07,-2.3773009732822593e-43,2.408386309735076e-07,8.486411613926204e-43,2.408386309735076e-07,6.452979428215783e-43,2.408386309735076e-07,0.29027524213429207,8.486411613926204e-43,False,True,Solve_Succeeded,9,0.013310692003869917,0.01584748100140132,0.016155106997757684,True,8.68102367768131e-10,599.317490710409,shifted_warm_start,
70.1,85.166,85.162,4.566666700000001,1,learned_h2,3.430581728293898,0.14204062574094306,0.2902808192785912,0.00022848936159996662,7.411507594222138e-07,3.430467634538286,0.14200654416257874,0.2902752243639414,-0.0026491442120718848,0.0,-0.00011276642758544415,3.2915923774517046,2.145003831495239,0.2955388539202771,2.7777777778,2.408386309735076e-07,8.486411613926204e-43,2.408425048283507e-07,4.798226110500112e-43,2.408425048283507e-07,3.648521400043217e-43,2.408425048283507e-07,0.2902752243639414,4.798226110500112e-43,False,True,Solve_Succeeded,9,0.01243934899684973,0.014859809998597484,0.015248497998982202,True,8.705092757743671e-10,599.3075684736024,shifted_warm_start,
70.2,85.266,85.264,4.566666700000001,1,learned_h2,3.4305051329437823,0.14201777829826084,0.2902808028207115,0.00022877499840038266,7.400440490394185e-07,3.4303906297426834,0.14198357441306383,0.2902752062781643,-0.002648874239195267,0.0,-0.00011276808744532868,3.2915165477235906,2.1449805816407266,0.29553853702880256,2.7777777778,2.408425048283507e-07,4.798226110500112e-43,2.408463778553947e-07,-2.67198698654494e-43,2.408463778553947e-07,-2.0317512089962966e-43,2.408463778553947e-07,0.2902752062781643,-2.67198698654494e-43,False,True,Solve_Succeeded,9,0.012531448999652639,0.015031159993668552,0.015508836004300974,True,8.729222344960874e-10,599.2976495369427,shifted_warm_start,
70.3,85.366,85.366,4.566666700000001,1,learned_h2,3.4304285653339766,0.14199493913894723,0.29028078637061044,0.00022905703012610038,7.470748111808255e-07,3.4303136512241545,0.14196061250977418,0.2902751891581565,-0.0026486080238109656,0.0,-0.00011275955672308392,3.2914407454577357,2.144957340238285,0.2955382202476619,2.7777777778,2.408463778553947e-07,-2.67198698654494e-43,2.4085024856351407e-07,-3.079203692816275e-42,2.4085024856351407e-07,-2.3413945715787287e-42,2.4085024856351407e-07,0.2902751891581565,-3.079203692816275e-42,False,True,Solve_Succeeded,9,0.014944693000870757,0.017428890001610853,0.017840923996118363,True,8.753401892214185e-10,599.287734827352,shifted_warm_start,
70.4,85.466,85.434,4.566666700000001,1,learned_h2,3.4303775354978496,0.1419797175868301,0.29028077539942504,0.00022924307166811308,7.472104000856656e-07,3.4302696681351197,0.1419474959504428,0.2902752020175358,-0.0026484380249477096,0.0,-0.00011276130805732136,3.2913902256981578,2.1449418506168807,0.2955380091120781,2.7777777778,2.4085024856351407e-07,-3.079203692816275e-42,2.4085243304999975e-07,1.636928363967416e-42,2.4085243304999975e-07,1.2447033609365188e-42,2.4085243304999975e-07,0.2902752020175358,1.636928363967416e-42,False,True,Solve_Succeeded,9,0.014298121001047548,0.016859613002452534,0.01734058700094465,True,8.766978254470814e-10,599.2820884540776,shifted_warm_start,
70.5,85.566,85.536,4.566666700000001,1,learned_h2,3.4303010133432137,0.1419568920114665,0.2902807589426032,0.00022951919733139886,7.473314521101245e-07,3.430192741636311,0.14192454959199544,0.29027518408059894,-0.0026481752933155554,0.0,-0.00011276122668102,3.2913144684317883,2.1449186230754167,0.2955376924921024,2.7777777778,2.4085243304999975e-07,1.636928363967416e-42,2.408563023248034e-07,3.9044634541325246e-42,2.408563023248034e-07,2.968913540134186e-42,2.408563023248034e-07,0.29027518408059894,3.9044634541325246e-42,False,True,Solve_Succeeded,9,0.015435475994308945,0.018069074998493306,0.018548249994637445,True,8.791338212965627e-10,599.2721799966203,shifted_warm_start,
70.6,85.666,85.638,4.566666700000001,1,learned_h2,3.4302245180031803,0.141934074450404,0.2902807424848001,0.00022979183901217508,7.410235505465199e-07,3.430115840579426,0.14190161083788938,0.2902751652468935,-0.0026479133702132576,0.0,-0.00011276843502243867,3.2912387377111902,2.14489540371203,0.29553737597008717,2.7777777778,2.408563023248034e-07,3.9044634541325246e-42,2.4086017151563796e-07,-3.38108866621612e-42,2.4086017151563796e-07,-2.5709447762659378e-42,2.4086017151563796e-07,0.2902751652468935,-3.38108866621612e-42,False,True,Solve_Succeeded,9,0.015578147998894565,0.017902646999573335,0.01821498299977975,True,8.815677077222972e-10,599.262274244342,shifted_warm_start,
70.7,85.766,85.74,4.566666700000001,1,learned_h2,3.4301480491407714,0.14191126479785315,0.29028072602828386,0.00023006103981777556,7.397090793383476e-07,3.4300389643380695,0.14187867949575053,0.2902751472309874,-0.0026476587850115534,0.0,-0.00011276786382654559,3.2911630332027855,2.144872192419139,0.2955370595469851,2.7777777778,2.4086017151563796e-07,-3.38108866621612e-42,2.4086403863420717e-07,-3.2409154450686144e-42,2.4086403863420717e-07,-2.4643585118232314e-42,2.4086403863420717e-07,0.2902751472309874,-3.2409154450686144e-42,False,True,Solve_Succeeded,9,0.018453007003699895,0.02105353099614149,0.021424313003080897,True,8.840067566850962e-10,599.2523724188399,shifted_warm_start,
70.8,85.866,85.842,4.566666700000001,1,learned_h2,3.430071606421499,0.14188846295521684,0.2902807095729234,0.00023032684354078588,7.396867112504359e-07,3.429962112789041,0.14185575553015092,0.2902751293040485,-0.002647407608854629,0.0,-0.00011276767188476294,3.291087354575423,2.1448489890963636,0.2955367432213596,2.7777777778,2.4086403863420717e-07,-3.2409154450686144e-42,2.4086790454511465e-07,2.0594060756921897e-42,2.4086790454511465e-07,1.565951033882983e-42,2.4086790454511465e-07,0.2902751293040485,2.0594060756921897e-42,False,True,Solve_Succeeded,9,0.012844602999393828,0.01509341099881567,0.015526465002039913,True,8.864516343187745e-10,599.2424739501694,shifted_warm_start,
70.9,85.966,85.944,4.566666700000001,1,learned_h2,3.4299951895152816,0.14186566882457446,0.29028069311738375,0.00023058929296025887,7.41104100841197e-07,3.4298852856336515,0.14183283885254186,0.290275111559256,-0.0026471596596740633,0.0,-0.0001127660399690871,3.2910117015023186,2.1448257936440305,0.2955364269905873,2.7777777778,2.4086790454511465e-07,2.0594060756921897e-42,2.408717691532872e-07,1.2552241282378905e-42,2.408717691532872e-07,9.54459416513241e-43,2.408717691532872e-07,0.290275111559256,1.2552241282378905e-42,False,True,Solve_Succeeded,9,0.015149261998885777,0.017591461997653823,0.017925230000400916,True,8.889022851121808e-10,599.2325788709313,shifted_warm_start,
71.0,86.066,86.046,4.566666700000001,1,learned_h2,3.4299187980962187,0.14184288230916958,0.2902806766613957,0.00023084843066371004,7.410881834181333e-07,3.4298084825756514,0.14180992937505418,0.2902750935988311,-0.002646914784407342,0.0,-0.00011276646080337203,3.2909360736608284,2.144802605963645,0.2955361108531267,2.7777777778,2.408717691532872e-07,1.2552241282378905e-42,2.4087563294208387e-07,-3.321787994573323e-42,2.4087563294208387e-07,-2.5258531602097013e-42,2.4087563294208387e-07,0.2902750935988311,-3.321787994573323e-42,False,True,Solve_Succeeded,9,0.014551940999808721,0.017002018001221586,0.017371889000060037,True,8.913589866210714e-10,599.2226868404724,shifted_warm_start,
71.1,86.166,86.148,4.566666700000001,1,learned_h2,3.4298424318425287,0.14182010331343536,0.2902806602037662,0.00023110429843067412,7.398383732232861e-07,3.429731703319064,0.1417870270098237,0.29027507550237913,-0.002646672902500939,0.0,-0.00011276777983398305,3.2908604707323876,2.144779425957931,0.2955357948065285,2.7777777778,2.4087563294208387e-07,-3.321787994573323e-42,2.408794958323342e-07,3.036126630606606e-42,2.408794958323342e-07,2.308639219975136e-42,2.408794958323342e-07,0.29027507550237913,3.036126630606606e-42,False,True,Solve_Succeeded,9,0.01372601500042947,0.0161275749997003,0.01647142400179291,True,8.938217388454461e-10,599.2127978813672,shifted_warm_start,
71.2,86.266,86.25,4.566666700000001,1,learned_h2,3.4297660904372655,0.1417973317404481,0.2902806437476317,0.00023135693732072776,7.397480992019734e-07,3.429654947563497,0.14176413166484866,0.2902750575775369,-0.00264643411890619,0.0,-0.00011276743304691158,3.2907848924032286,2.144756253528278,0.2955354788526922,2.7777777778,2.408794958323342e-07,3.036126630606606e-42,2.4088335747679953e-07,4.048552771844545e-44,2.4088335747679953e-07,3.0784775638135825e-44,2.4088335747679953e-07,0.2902750575775369,4.048552771844545e-44,False,True,Solve_Succeeded,9,0.015096652001375332,0.017510442005004734,0.017907626999658532,True,8.962903752518514e-10,599.2029121879544,shifted_warm_start,
71.3,86.366,86.352,4.566666700000001,1,learned_h2,3.4296897735665044,0.14177456749773928,0.29028062729092063,0.00023160638807392074,7.412276952897661e-07,3.429578215015212,0.14174124325369045,0.2902750398290312,-0.0026461984555969016,0.0,-0.00011276570803545577,3.290709338362563,2.144733088580548,0.29553516298831983,2.7777777778,2.4088335747679953e-07,4.048552771844545e-44,2.408872178842924e-07,-2.9670190441739823e-43,2.408872178842924e-07,-2.2560905275629555e-43,2.408872178842924e-07,0.2902750398290312,-2.9670190441739823e-43,False,True,Solve_Succeeded,9,0.012255134999577422,0.015040999001939781,0.01540866499999538,True,8.987646737956823e-10,599.1930297264411,shifted_warm_start,
71.4,86.466,86.454,4.566666700000001,1,learned_h2,3.4296134809201826,0.14175181049437693,0.2902806108336069,0.00023185269115057498,7.414186947367633e-07,3.429501505394197,0.14171836169442026,0.29027502189153603,-0.0026459657216087906,0.0,-0.00011276591683986183,3.29063380830342,2.1447099310221573,0.2955348472121755,2.7777777778,2.408872178842924e-07,-2.9670190441739823e-43,2.4089107749898825e-07,7.532366985809992e-44,2.4089107749898825e-07,5.727533781821376e-44,2.4089107749898825e-07,0.29027502189153603,7.532366985809992e-44,False,True,Solve_Succeeded,9,0.013094456000544596,0.015272003998688888,0.01557187599973986,True,9.012453006107535e-10,599.1831501834159,shifted_warm_start,
71.5,86.566,86.556,4.566666700000001,1,learned_h2,3.4295372121941883,0.14172906063370586,0.2902805943827667,0.00023209588571796773,7.470697177188858e-07,3.4294248184050997,0.1416954868929373,0.2902750046491543,-0.0026457361627458685,0.0,-0.00011275938827826327,3.290558301924755,2.1446867807548355,0.2955345315301483,2.7777777778,2.4089107749898825e-07,7.532366985809992e-44,2.4089493529456253e-07,1.9989507482596906e-42,2.4089493529456253e-07,1.519981429532449e-42,2.4089493529456253e-07,0.2902750046491543,1.9989507482596906e-42,False,True,Solve_Succeeded,9,0.014787168001930695,0.017355334995954763,0.017809121003665496,True,9.037314230297966e-10,599.1732741909864,shifted_warm_start,
71.6,86.666,86.658,4.566666700000001,1,learned_h2,3.4294609670847374,0.14170631783212995,0.29028057792704576,0.0002323360118509764,7.470415194009148e-07,3.429348153786095,0.14167261877828466,0.29027498660825407,-0.0026455093257508324,0.0,-0.00011276117378928625,3.290482818925791,2.144663637693369,0.2955342159296971,2.7777777778,2.4089493529456253e-07,1.9989507482596906e-42,2.4089879304317444e-07,1.322316076732896e-42,2.4089879304317444e-07,1.0054754387300664e-42,2.4089879304317444e-07,0.29027498660825407,1.322316076732896e-42,False,True,Solve_Succeeded,9,0.013656884999363683,0.0158312669955194,0.01616762000048766,True,9.06224095764685e-10,599.1634005819045,shifted_warm_start,
71.7,86.766,86.76,4.566666700000001,1,learned_h2,3.429384745294677,0.14168358199764716,0.2902805614713577,0.00023257310775205408,7.484816837912445e-07,3.4292715112562795,0.14164975726323947,0.29027496884262294,-0.0026452852863826756,0.0,-0.0001127592355091437,3.290407359012362,2.1446405017441768,0.29553390041457583,2.7777777778,2.4089879304317444e-07,1.322316076732896e-42,2.4090264949381425e-07,-2.8699804748915064e-43,2.4090264949381425e-07,-2.182303405300852e-43,2.4090264949381425e-07,0.29027496884262294,-2.8699804748915064e-43,False,True,Solve_Succeeded,9,0.012916855004732497,0.015369075001217425,0.0158321090057143,True,9.087226526816039e-10,599.1535301355239,shifted_warm_start,
71.8,86.866,86.862,4.566666700000001,1,learned_h2,3.4293085465293887,0.1416608530435217,0.29028054501412437,0.00023280721199125706,7.472052715765818e-07,3.4291948905424174,0.14162690226749633,0.2902749507197244,-0.0026450640068577374,0.0,-0.00011276111444049618,3.290331921892786,2.1446173728189555,0.2955335849820562,2.7777777778,2.4090264949381425e-07,-2.8699804748915064e-43,2.409065054053579e-07,1.3274037997276586e-42,2.409065054053579e-07,1.0093440905602213e-42,2.409065054053579e-07,0.2902749507197244,1.3274037997276586e-42,False,True,Solve_Succeeded,9,0.016557430993998423,0.019260982000560034,0.019899081002222374,True,9.112275933809144e-10,599.1436623358402,shifted_warm_start,
71.9,86.966,86.964,4.566666700000001,1,learned_h2,3.4292323704988763,0.1416381308811124,0.29028052855769826,0.0002330383619469086,7.471933110874614e-07,3.4291182913719798,0.14160405370759407,0.29027493279321376,-0.002644845524094965,0.0,-0.00011276061438987174,3.2902565072799828,2.1445942508275215,0.2955332696333582,2.7777777778,2.409065054053579e-07,1.3274037997276586e-42,2.409103601391448e-07,-1.2732079210380426e-42,2.409103601391448e-07,-9.68134106153588e-43,2.409103601391448e-07,0.29027493279321376,-1.2732079210380426e-42,False,True,Solve_Succeeded,9,0.014441274004639126,0.016444859000330325,0.016872387001058087,True,9.137385292845579e-10,599.1337975680647,shifted_warm_start,
72.0,87.066,87.066,4.566666700000001,1,learned_h2,3.4291562169160654,0.14161541542532757,0.29028051210139416,0.0002332665949498335,7.485635406008028e-07,3.4290417134734374,0.14158121150308978,0.2902749149957502,-0.002644629908821086,0.0,-0.00011275904522358645,3.2901811148897444,2.144571135683257,0.2955329543666755,2.7777777778,2.409103601391448e-07,-1.2732079210380426e-42,2.409142137879306e-07,-1.6461964753158884e-42,2.409142137879306e-07,-1.2517507367404406e-42,2.409142137879306e-07,0.2902749149957502,-1.6461964753158884e-42,False,True,Solve_Succeeded,9,0.014187369000865147,0.01677173300413415,0.017239936998521443,True,9.162554048813831e-10,599.1239357461791,shifted_warm_start,
72.1,87.166,87.134,4.566666700000001,1,learned_h2,3.4291054601906334,0.14160027547600196,0.29028050112715564,0.00023341714881735986,7.397009580007163e-07,3.4289981280943156,0.14156821376461728,0.2902749266939502,-0.002644491809818093,0.0,-0.00011276933303519601,3.29013086550234,2.144555729352275,0.2955327442304634,2.7777777778,2.409142137879306e-07,-1.6461964753158884e-42,2.409163809685205e-07,9.989465625301172e-43,2.409163809685205e-07,7.59588611907008e-43,2.409163809685205e-07,0.2902749266939502,9.989465625301172e-43,False,True,Solve_Succeeded,9,0.012342030000581872,0.01496446700184606,0.015441949995874893,True,9.176636117658177e-10,599.1183407417975,shifted_warm_start,
72.2,87.266,87.236,4.566666700000001,1,learned_h2,3.4290293433927315,0.14157757101109716,0.2902804846706616,0.0002336406019398125,7.41138359616585e-07,3.4289215922870264,0.14154538413596168,0.2902749090945471,-0.0026442791385531063,0.0,-0.00011276503430235921,3.2900555095280564,2.1445326254297936,0.29553242909762834,2.7777777778,2.409163809685205e-07,9.989465625301172e-43,2.4092023248234017e-07,3.3131328728907064e-43,2.4092023248234017e-07,2.51927189539396e-43,2.4092023248234017e-07,0.2902749090945471,3.3131328728907064e-43,False,True,Solve_Succeeded,9,0.012618847002158873,0.01482419999956619,0.015152188003412448,True,9.201988060425492e-10,599.1084846611845,shifted_warm_start,
72.3,87.366,87.338,4.566666700000001,1,learned_h2,3.4289532482947154,0.14155487303068795,0.2902804682130047,0.00023386123549519304,7.398343517452972e-07,3.428845077052681,0.14152256065522054,0.2902748909335081,-0.0026440674576316448,0.0,-0.00011276730305797139,3.2899801750359936,2.1445095281283764,0.2955321140426037,2.7777777778,2.4092023248234017e-07,3.3131328728907064e-43,2.4092408375989846e-07,4.9001885953159125e-42,2.4092408375989846e-07,3.7260526166396886e-42,2.4092408375989846e-07,0.2902748909335081,4.9001885953159125e-42,False,True,Solve_Succeeded,9,0.014174232994264457,0.016813826994621195,0.017127335995610338,True,9.227314468063241e-10,599.0986309112164,shifted_warm_start,
72.4,87.466,87.44,4.566666700000001,1,learned_h2,3.4288771746233313,0.14153218145102497,0.2902804517560303,0.00023407908476519613,7.398085704517738e-07,3.4287685819081397,0.1414997431758896,0.29027487301930016,-0.002643861543572971,0.0,-0.00011276681281268498,3.289904861755642,2.1444864373628207,0.29553179906616817,2.7777777778,2.4092408375989846e-07,4.9001885953159125e-42,2.409279338726074e-07,2.4139279940915497e-42,2.409279338726074e-07,1.8355258259574698e-42,2.409279338726074e-07,0.29027487301930016,2.4139279940915497e-42,False,True,Solve_Succeeded,9,0.015511229998082854,0.017932600996573456,0.01827212000353029,True,9.252701382855832e-10,599.0887800438229,shifted_warm_start,
72.5,87.566,87.542,4.566666700000001,1,learned_h2,3.428801122107708,0.1415094961929558,0.29028043529897335,0.00023429418502873747,7.39877239053958e-07,3.4286921067507428,0.14147693166908265,0.2902748550918811,-0.0026436582747033617,0.0,-0.00011276673561280446,3.289829569418831,2.1444633530525348,0.2955314841664988,2.7777777778,2.409279338726074e-07,2.4139279940915497e-42,2.4093178313174897e-07,-1.1886504866411296e-43,2.4093178313174897e-07,-9.03837509489507e-44,2.4093178313174897e-07,0.2902748550918811,-1.1886504866411296e-43,False,True,Solve_Succeeded,9,0.015327893997891806,0.017727557999023702,0.018218246994365472,True,9.278150470137803e-10,599.0789318485831,shifted_warm_start,
72.6,87.666,87.644,4.566666700000001,1,learned_h2,3.4287250904805107,0.14148681717797545,0.29028041884103123,0.00023450657084502904,7.415269016498675e-07,3.4286156513319366,0.14145412606188879,0.29027483737606946,-0.002643457641886752,0.0,-0.0001127648240975453,3.289754297760892,2.1444402751175944,0.295531169341749,2.7777777778,2.4093178313174897e-07,-1.1886504866411296e-43,2.409356312844573e-07,-2.2421956418064797e-42,2.409356312844573e-07,-1.704942325313201e-42,2.409356312844573e-07,0.29027483737606946,-2.2421956418064797e-42,False,True,Solve_Succeeded,9,0.01431827100168448,0.017194549000123516,0.017539680004119873,True,9.303660619686127e-10,599.0690864650115,shifted_warm_start,
72.7,87.766,87.746,4.566666700000001,1,learned_h2,3.4286490794803433,0.14146414431995924,0.29028040239070513,0.00023471627627488694,7.471118364348034e-07,3.428539215402649,0.14143132627184313,0.2902748201552197,-0.0026432597645630203,0.0,-0.00011275890249355272,3.2896790465230836,2.1444172034704816,0.2955308545993994,2.7777777778,2.409356312844573e-07,-2.2421956418064797e-42,2.4093947801035217e-07,4.0237028355564805e-42,2.4093947801035217e-07,3.0595819298337025e-42,2.4093947801035217e-07,0.2902748201552197,4.0237028355564805e-42,False,True,Solve_Succeeded,9,0.01341849500022363,0.015845315996557474,0.01626354199834168,True,9.329229055943244e-10,599.0592440732029,shifted_warm_start,
72.8,87.866,87.848,4.566666700000001,1,learned_h2,3.428573088844174,0.1414414775503871,0.29028038593460853,0.00023492333589946701,7.470872963614776e-07,3.4284627987405014,0.14140853224266742,0.2902748021177464,-0.002643064165409444,0.0,-0.00011276060993887131,3.2896038154449556,2.144394138041282,0.29553053992503586,2.7777777778,2.4093947801035217e-07,4.0237028355564805e-42,2.4094332486502e-07,1.6941724813957727e-42,2.4094332486502e-07,1.2882311944846084e-42,2.4094332486502e-07,0.2902748021177464,1.6941724813957727e-42,False,True,Solve_Succeeded,9,0.012429091999365482,0.015045490996271838,0.015515143997617997,True,9.3548668811394e-10,599.0494036507266,shifted_warm_start,
72.9,87.966,87.95,4.566666700000001,1,learned_h2,3.428497118316156,0.14141881678867585,0.29028036947852937,0.0002351277825682171,7.484940213058686e-07,3.4283864011005964,0.14138574389696915,0.2902747843612357,-0.0026428709802086905,0.0,-0.00011275872043524279,3.2895286042732406,2.1443710787480508,0.29553022532344747,2.7777777778,2.4094332486502e-07,1.6941724813957727e-42,2.409471705674493e-07,4.675968423027852e-42,2.409471705674493e-07,3.555557921709795e-42,2.409471705674493e-07,0.2902747843612357,4.675968423027852e-42,False,True,Solve_Succeeded,9,0.012768272004905157,0.015111312000954058,0.01542850799887674,True,9.380565768601912e-10,599.039565999306,shifted_warm_start,
73.0,88.066,88.052,4.566666700000001,1,learned_h2,3.4284211676424126,0.14139616195945967,0.2902803530218574,0.00023532964941285416,7.485032238474309e-07,3.428310022245235,0.14136296116425018,0.2902747663881956,-0.002642680230060123,0.0,-0.00011275912065686432,3.2894534127565964,2.144348025514073,0.2955299107930325,2.7777777778,2.409471705674493e-07,4.675968423027852e-42,2.409510157158609e-07,-6.454648572807064e-43,2.409510157158609e-07,-4.908047871297672e-43,2.409510157158609e-07,0.2902747663881956,-6.454648572807064e-43,False,True,Solve_Succeeded,9,0.014480225996521767,0.016789964996860363,0.017110807995777577,True,9.406329604111363e-10,599.029730709949,shifted_warm_start,
73.1,88.166,88.154,4.566666700000001,1,learned_h2,3.4283452365722837,0.1413735129882838,0.2902803365639953,0.00023552896904836123,7.472009884415536e-07,3.4282336619467975,0.1413401839769327,0.2902747482766915,-0.0026424917870852354,0.0,-0.000112760519660279,3.2893782406468706,2.1443249782635623,0.2955295963322143,2.7777777778,2.409510157158609e-07,-6.454648572807064e-43,2.409548602294926e-07,1.239329383358387e-43,2.409548602294926e-07,9.423732172584395e-44,2.409548602294926e-07,0.2902747482766915,1.239329383358387e-43,False,True,Solve_Succeeded,9,0.031323146002250724,0.034880587001680396,0.03537672599486541,True,9.432157832556243e-10,599.0198978128352,shifted_warm_start,
73.2,88.266,88.256,4.566666700000001,1,learned_h2,3.4282693248588165,0.14135086979982212,0.2902803201068582,0.00023572577339777683,7.471661014663018e-07,3.4281573199691815,0.1413174122629096,0.2902747303437439,-0.002642305771785673,0.0,-0.0001127601027796719,3.2893030876995852,2.144301936919881,0.295529281941944,2.7777777778,2.409548602294926e-07,1.239329383358387e-43,2.409587037465981e-07,-6.855472574116282e-43,2.409587037465981e-07,-5.2128302872883195e-43,2.409587037465981e-07,0.2902747303437439,-6.855472574116282e-43,False,True,Solve_Succeeded,9,0.012994748998607974,0.015405416997964494,0.01574009799514897,True,9.458048233490501e-10,599.0100675180339,shifted_warm_start,
73.3,88.366,88.358,4.566666700000001,1,learned_h2,3.428193432257563,0.14132823232171546,0.29028030364986934,0.00023592009419921817,7.486047195705785e-07,3.4280809960831347,0.14129464595436225,0.2902747125647855,-0.0026421222085545692,0.0,-0.00011275845571778563,3.2892279536727367,2.1442789014093697,0.29552896762068936,2.7777777778,2.409587037465981e-07,-6.855472574116282e-43,2.4096254630743027e-07,-1.4973310393735158e-43,2.4096254630743027e-07,-1.1385550022639139e-43,2.4096254630743027e-07,0.2902747125647855,-1.4973310393735158e-43,False,True,Solve_Succeeded,9,0.012314626001170836,0.014775067997106817,0.015312032999645453,True,9.484001362025651e-10,599.000239777531,shifted_warm_start,
73.4,88.466,88.46,4.566666700000001,1,learned_h2,3.4281175585264547,0.1413056004849128,0.2902802871902246,0.00023611196310960143,7.476009727949196e-07,3.4280046900741974,0.14127188499052024,0.29027469446841203,-0.002641940857260599,0.0,-0.00011276003023065443,3.28915283832666,2.144255871661691,0.2955286533647019,2.7777777778,2.4096254630743027e-07,-1.4973310393735158e-43,2.409663884779121e-07,2.483427910051317e-42,2.409663884779121e-07,1.888372841675532e-42,2.409663884779121e-07,0.29027469446841203,2.483427910051317e-42,False,True,Solve_Succeeded,9,0.012908063996292185,0.01556576899747597,0.015955046997987665,True,9.510021103942279e-10,598.9904142063356,shifted_warm_start,
73.5,88.566,88.562,4.566666700000001,1,learned_h2,3.4280417034284603,0.14128297421459368,0.29028027073299567,0.00023630141132989396,7.39653575578796e-07,3.4279284017366414,0.1412491293059423,0.2902746756157268,-0.0026417613951333443,0.0,-0.00011276872626668972,3.2890777414267136,2.1442328476007675,0.2955283391781265,2.7777777778,2.409663884779121e-07,2.483427910051317e-42,2.4097023078640075e-07,2.373946292840879e-43,2.4097023078640075e-07,1.805124154743188e-43,2.4097023078640075e-07,0.2902746756157268,2.373946292840879e-43,False,True,Solve_Succeeded,9,0.01633549299731385,0.018850207001378294,0.019202110001060646,True,9.53611134502097e-10,598.9805904423027,shifted_warm_start,
73.6,88.666,88.664,4.566666700000001,1,learned_h2,3.4279658667286292,0.14126035343989513,0.29028025427661813,0.0002364884683833079,7.396275701451508e-07,3.4278521308193524,0.14122637882481617,0.29027465780414186,-0.0026415844841248407,0.0,-0.00011276621485006336,3.2890026627403035,2.1442098291544864,0.2955280250584816,2.7777777778,2.4097023078640075e-07,2.373946292840879e-43,2.409740711263339e-07,1.0978891897929503e-42,2.409740711263339e-07,8.348235601215098e-43,2.409740711263339e-07,0.29027465780414186,1.0978891897929503e-42,False,True,Solve_Succeeded,9,0.01615249200403923,0.018797853001160547,0.01923950399941532,True,9.562257652362405e-10,598.9707698202376,shifted_warm_start,
73.7,88.766,88.766,4.566666700000001,1,learned_h2,3.4278900481944676,0.14123773809260176,0.2902802378205435,0.00023667316484308456,7.41030727568665e-07,3.4277758771080458,0.1412036334844345,0.29027464001193637,-0.002641410064085726,0.0,-0.00011276488367706878,3.288927602037252,2.144186816253397,0.2955277110043106,2.7777777778,2.409740711263339e-07,1.0978891897929503e-42,2.409779107127828e-07,3.302550773718211e-43,2.409779107127828e-07,2.511225376868345e-43,2.409779107127828e-07,0.29027464001193637,3.302550773718211e-43,False,True,Solve_Succeeded,9,0.012849767997977324,0.015200778005237225,0.015572402000543661,True,9.588468352639268e-10,598.9609515356485,shifted_warm_start,
73.8,88.866,88.834,4.566666700000001,1,learned_h2,3.427839512484378,0.14122266417364188,0.2902802268520459,0.00023679499871658764,7.484254213707445e-07,3.4277326135153237,0.14119073187617423,0.29027465381079587,-0.0026412990385312894,0.0,-0.00011275659888101852,3.288877571447758,2.144171477363412,0.29552750167284786,2.7777777778,2.409779107127828e-07,3.302550773718211e-43,2.409800605237334e-07,3.3332892522668885e-43,2.409800605237334e-07,2.534598597347513e-43,2.409800605237334e-07,0.29027465381079587,3.3332892522668885e-43,False,True,Solve_Succeeded,9,0.012004019001324195,0.014750353999261279,0.015077901000040583,True,9.603066675190064e-10,598.9554005782333,shifted_warm_start,
73.9,88.966,88.936,4.566666700000001,1,learned_h2,3.427763723718067,0.14120005772120836,0.29028021039577206,0.00023697582722437407,7.483955180732177e-07,3.42765639385999,0.14116799671149258,0.2902746357280788,-0.0026411271266049445,0.0,-0.00011275914015227392,3.288802540213786,2.144148473550794,0.29552718772511,2.7777777778,2.409800605237334e-07,3.3332892522668885e-43,2.4098389895107134e-07,-1.861945544874807e-42,2.4098389895107134e-07,-1.4158040929594294e-42,2.4098389895107134e-07,0.2902746357280788,-1.861945544874807e-42,False,True,Solve_Succeeded,9,0.01444689100026153,0.01700323099794332,0.017399924996425398,True,9.629473329830773e-10,598.9455866260574,shifted_warm_start,
74.0,89.066,89.038,4.566666700000001,1,learned_h2,3.427687952512219,0.14117745651656935,0.29028019393815585,0.0002371543739435276,7.471080966045385e-07,3.427580190869038,0.14114526652695067,0.2902746176110036,-0.0026409556844418647,0.0,-0.00011276026754916738,3.2887275263640148,2.1441254751005445,0.2955268738388366,2.7777777778,2.4098389895107134e-07,-1.861945544874807e-42,2.4098773671515096e-07,-1.2351829281724296e-42,2.4098773671515096e-07,-9.392202957137086e-43,2.4098773671515096e-07,0.2902746176110036,-1.2351829281724296e-42,False,True,Solve_Succeeded,9,0.013125657998898532,0.015605794003931805,0.01592271900153719,True,9.655851118672842e-10,598.9357749010077,shifted_warm_start,
74.1,89.166,89.14,4.566666700000001,1,learned_h2,3.4276121986456385,0.1411548604921521,0.2902801774811771,0.00023733066743992137,7.471132560304932e-07,3.427504004128511,0.14112254119737633,0.29027459968284147,-0.0026407890555299653,0.0,-0.00011275981520619932,3.2886525296794673,2.1441024819439134,0.29552656001514344,2.7777777778,2.4098773671515096e-07,-1.2351829281724296e-42,2.4099157357351026e-07,2.3375497136696604e-42,2.4099157357351026e-07,1.7774485731977576e-42,2.4099157357351026e-07,0.29027459968284147,2.3375497136696604e-42,False,True,Solve_Succeeded,9,0.012981243002286647,0.015606955006660428,0.015975463000359014,True,9.682292745338827e-10,598.9259655189762,shifted_warm_start,
74.2,89.266,89.242,4.566666700000001,1,learned_h2,3.427536461899446,0.1411322695828204,0.2902801610243817,0.0002375047362298754,7.485164024386842e-07,3.4274278335596464,0.14109982069949017,0.29027458192156463,-0.0026406246303617487,0.0,-0.00011275822511539626,3.288577549943453,2.144079494014605,0.2955262462527213,2.7777777778,2.4099157357351026e-07,2.3375497136696604e-42,2.4099540955594327e-07,-8.819279821910008e-43,2.4099540955594327e-07,-6.706088963334453e-43,2.4099540955594327e-07,0.29027458192156463,-8.819279821910008e-43,False,True,Solve_Succeeded,9,0.012663736000831705,0.01516519399592653,0.015521446999628097,True,9.708798209828728e-10,598.9161584530978,shifted_warm_start,
74.3,89.366,89.344,4.566666700000001,1,learned_h2,3.4274607420571463,0.14110968372560517,0.290280144565673,0.00023767660869477718,7.472438171222948e-07,3.4273516789726144,0.14107710497833045,0.29027456377469296,-0.0026404621625054736,0.0,-0.00011276009896755827,3.2885025869416338,2.144056511248498,0.29552593254862786,2.7777777778,2.4099540955594327e-07,-8.819279821910008e-43,2.4099924532310216e-07,7.737746094239446e-43,2.4099924532310216e-07,5.883701927083826e-43,2.4099924532310216e-07,0.29027456377469296,7.737746094239446e-43,False,True,Solve_Succeeded,9,0.016442158004792873,0.018946641001093667,0.01930381599959219,True,9.735371953034644e-10,598.9063532592388,shifted_warm_start,
74.4,89.466,89.446,4.566666700000001,1,learned_h2,3.427385038906076,0.14108710285457665,0.29028012810832426,0.00023784631221930987,7.472201359883383e-07,3.427275540164667,0.14105439397088446,0.2902745458446666,-0.0026403017496760624,0.0,-0.00011275962744961109,3.288427640463484,2.144033533578534,0.2955256189053055,2.7777777778,2.4099924532310216e-07,7.737746094239446e-43,2.410030801750706e-07,-4.907790429823501e-43,2.410030801750706e-07,-3.7318329728050285e-43,2.410030801750706e-07,0.2902745458446666,-4.907790429823501e-43,False,True,Solve_Succeeded,9,0.01942548100487329,0.022473608994914684,0.022837276999780443,True,9.762011199399012e-10,598.8965503685733,shifted_warm_start,
74.5,89.566,89.548,4.566666700000001,1,learned_h2,3.4273093522351927,0.14106452690819982,0.2902801116508724,0.0002380138742029762,7.487071226232709e-07,3.42719941693504,0.14103168761869073,0.2902745280854185,-0.0026401434773429266,0.0,-0.00011275793268243704,3.2883527103000647,2.1440105609420597,0.29552530532046695,2.7777777778,2.410030801750706e-07,-4.907790429823501e-43,2.4100691417581285e-07,-3.416218355986037e-43,2.4100691417581285e-07,-2.5976570282421296e-43,2.4100691417581285e-07,0.2902745280854185,-3.416218355986037e-43,False,True,Solve_Succeeded,9,0.02028154499566881,0.022718153995811008,0.023092413997801486,True,9.788799770760193e-10,598.8867497207764,shifted_warm_start,
74.6,89.666,89.65,4.566666700000001,1,learned_h2,3.427233681835719,0.1410419558270887,0.29028009519180886,0.00023817932243693797,7.409687062889135e-07,3.427123309117124,0.14100898587505972,0.2902745091169585,-0.0026399867609690976,0.0,-0.0001127672508416097,3.2882777962446736,2.1439875932785775,0.2955249917917874,2.7777777778,2.4100691417581285e-07,-3.416218355986037e-43,2.41010748962278e-07,-1.225925391073226e-42,2.41010748962278e-07,-9.32180960459327e-43,2.41010748962278e-07,0.2902745091169585,-1.225925391073226e-42,False,True,Solve_Succeeded,9,0.01921575800224673,0.021863203997781966,0.022238546000153292,True,9.815716017769205e-10,598.8769502456603,shifted_warm_start,
74.7,89.766,89.752,4.566666700000001,1,learned_h2,3.427158027503841,0.14101938954478332,0.29028007873400097,0.00023834268244900036,7.39706148903593e-07,3.4270472164937615,0.1409862886693867,0.29027449114679565,-0.0026398321686221834,0.0,-0.00011276612780555323,3.288202898095561,2.143964630520547,0.29552467832133833,2.7777777778,2.41010748962278e-07,-1.225925391073226e-42,2.410145819453611e-07,7.342485771221465e-43,2.410145819453611e-07,5.58315007439742e-43,2.410145819453611e-07,0.29027449114679565,7.342485771221465e-43,False,True,Solve_Succeeded,9,0.01517966700339457,0.01763039000070421,0.017976753995753825,True,9.84269055148701e-10,598.8671535923661,shifted_warm_start,
74.8,89.866,89.854,4.566666700000001,1,learned_h2,3.4270823890365154,0.1409968280016891,0.2902800622774492,0.0002385039809305541,7.3965358129545e-07,3.426971138872474,0.14096359594530058,0.2902744732104047,-0.002639679765541602,0.0,-0.00011276606635725857,3.2881280156517114,2.1439416726072964,0.2955243649083267,2.7777777778,2.410145819453611e-07,7.342485771221465e-43,2.410184142705622e-07,-3.5370990425877684e-42,2.410184142705622e-07,-2.6895734493864356e-42,2.410184142705622e-07,0.2902744732104047,-3.5370990425877684e-42,False,True,Solve_Succeeded,9,0.013018981000641361,0.015622783001163043,0.01596046899794601,True,9.869732253697805e-10,598.8573590026732,shifted_warm_start,
74.9,89.966,89.956,4.566666700000001,1,learned_h2,3.427006766233221,0.14097427113911032,0.29028004582046874,0.00023866324392428565,7.410968148481541e-07,3.426895076076662,0.1409409076512431,0.29027445544993086,-0.0026395293334498114,0.0,-0.00011276441377870885,3.2880531487146003,2.143918719479064,0.2955240515502847,2.7777777778,2.410184142705622e-07,-3.5370990425877684e-42,2.4102224577883543e-07,4.65842722211245e-43,2.4102224577883543e-07,3.5422197743510767e-43,2.4102224577883543e-07,0.29027445544993086,4.65842722211245e-43,False,True,Solve_Succeeded,9,0.012739644000248518,0.015235776001645718,0.015580838000460062,True,9.896840014178565e-10,598.8475665624258,shifted_warm_start,
75.0,90.066,90.058,4.566666700000001,1,learned_h2,3.426931158896021,0.14095171889893,0.2902800293620688,0.00023882049738235947,7.398145428885362e-07,3.4268190279307555,0.14091822373581595,0.2902744373339555,-0.0026393806819854063,0.0,-0.00011276631686381815,3.2879782970882685,2.143895771076684,0.29552373824544764,2.7777777778,2.4102224577883543e-07,4.65842722211245e-43,2.410260771054905e-07,-6.864686918973965e-44,2.410260771054905e-07,-5.219836779609944e-44,2.410260771054905e-07,0.2902744373339555,-6.864686918973965e-44,False,True,Solve_Succeeded,9,0.012083705005352385,0.014592388004530221,0.015503863003687002,True,9.924018828932901e-10,598.8377758450738,shifted_warm_start,
75.1,90.166,90.16,4.566666700000001,1,learned_h2,3.4268555668303184,0.140929171220889,0.290280012904381,0.0002389757664179987,7.397897062515034e-07,3.426742994248444,0.14089554414119645,0.29027441941873544,-0.002639233909999621,0.0,-0.00011276584484167277,3.287903460580074,2.1438728273388623,0.29552342499518747,2.7777777778,2.410260771054905e-07,-6.864686918973965e-44,2.410299076041134e-07,-3.3683037627260846e-42,2.410299076041134e-07,-2.5612232681696844e-42,2.410299076041134e-07,0.29027441941873544,-3.3683037627260846e-42,False,True,Solve_Succeeded,9,0.012084467001841404,0.014355396000610199,0.014803415004280396,True,9.951263701957203e-10,598.8279872488898,shifted_warm_start,
75.2,90.266,90.262,4.566666700000001,1,learned_h2,3.426779989843082,0.1409066280485064,0.29027999644675545,0.00023912907617160283,7.397644044967024e-07,3.426666974848832,0.14087286881454433,0.2902744014779281,-0.002639089031660078,0.0,-0.00011276588725398961,3.287828638998911,2.1438498882080963,0.29552311179809915,2.7777777778,2.410299076041134e-07,-3.3683037627260846e-42,2.410337375504645e-07,-2.0820388102488738e-42,2.410337375504645e-07,-1.5831607306479722e-42,2.410337375504645e-07,0.2902744014779281,-2.0820388102488738e-42,False,True,Solve_Succeeded,9,0.012935658000060357,0.015155225999478716,0.015603965999616776,True,9.978577963920543e-10,598.8182005788121,shifted_warm_start,
75.3,90.366,90.364,4.566666700000001,1,learned_h2,3.4267044277440686,0.14088408932484653,0.2902799799891894,0.0002392804511893534,7.412203323750982e-07,3.4265909695543173,0.14085019770268725,0.29027438370854985,-0.0026389460460558047,0.0,-0.00011276418006101775,3.2877538321564392,2.14382695362644,0.29552279865343734,2.7777777778,2.410337375504645e-07,-2.0820388102488738e-42,2.410375667210326e-07,2.0640132481210313e-43,2.410375667210326e-07,1.5694542800437951e-43,2.410375667210326e-07,0.29027438370854985,2.0640132481210313e-43,False,True,Solve_Succeeded,9,0.011914540998986922,0.014175335003528744,0.014644991999375634,True,1.0005958284153849e-09,598.808415961764,shifted_warm_start,
75.4,90.466,90.466,4.566666700000001,1,learned_h2,3.426628880345756,0.14086155499259406,0.2902799635357284,0.0002394299157272809,7.470984868480085e-07,3.4265149781821886,0.14082753074972787,0.29027436640859705,-0.0026388051115176637,0.0,-0.00011275787610882628,3.287679039867021,2.1438040235355795,0.29552248556451477,2.7777777778,2.410375667210326e-07,2.0640132481210313e-43,2.410413947736282e-07,1.2819457283251718e-42,2.410413947736282e-07,9.747782442459509e-43,2.410413947736282e-07,0.29027436640859705,1.2819457283251718e-42,False,True,Solve_Succeeded,9,0.012866180004493799,0.015260052001394797,0.015750514998217113,True,1.0033403552434095e-09,598.7986336003427,shifted_warm_start,
75.5,90.566,90.534,4.566666700000001,1,learned_h2,3.4265785234887263,0.14084653451727883,0.29027995256462524,0.0002395285096598988,7.485153530296841e-07,3.42647197503372,0.14081470695573228,0.2902743794677189,-0.002638715108497173,0.0,-0.00011275786770827493,3.2876291863348093,2.143788739275923,0.2955222768647635,2.7777777778,2.410413947736282e-07,1.2819457283251718e-42,2.4104353363316057e-07,-1.3770838389807504e-42,2.4104353363316057e-07,-1.0471202774667196e-42,2.4104353363316057e-07,0.2902743794677189,-1.3770838389807504e-42,False,True,Solve_Succeeded,9,0.012873740997747518,0.015584262997435872,0.015890086004219484,True,1.0048658016792444e-09,598.793116616444,shifted_warm_start,
75.6,90.666,90.636,4.566666700000001,1,learned_h2,3.4265030001791916,0.14082400738564438,0.2902799361052463,0.0002396748445463237,7.47347227275117e-07,3.4263960112390177,0.14079204824544894,0.2902743613268707,-0.002638575817965119,0.0,-0.00011275958078905163,3.2875544178921836,2.1437658165491467,0.29552196385436835,2.7777777778,2.4104353363316057e-07,-1.3770838389807504e-42,2.410473615025366e-07,3.1876450138601335e-42,2.410473615025366e-07,2.4238522280888422e-42,2.410473615025366e-07,0.2902743613268707,3.1876450138601335e-42,False,True,Solve_Succeeded,9,0.012956607999512926,0.015375955001218244,0.01605514599941671,True,1.0076315892781906e-09,598.7833373335266,shifted_warm_start,
75.7,90.766,90.738,4.566666700000001,1,learned_h2,3.42642749107984,0.1408014845026292,0.2902799196458295,0.00023981933326780244,7.396118193100075e-07,3.426320060936436,0.14076939356937068,0.2902743423136655,-0.002638436759822829,0.0,-0.00011276798893073683,3.287479663516981,2.143742898167777,0.29552165089365207,2.7777777778,2.410473615025366e-07,3.1876450138601335e-42,2.4105118985755006e-07,-3.496843873490765e-42,2.4105118985755006e-07,-2.6589638360563404e-42,2.4105118985755006e-07,0.2902743423136655,-3.496843873490765e-42,False,True,Solve_Succeeded,9,0.014673288002086338,0.01727469899924472,0.01785679800377693,True,1.0103950454087851e-09,598.7735592313915,shifted_warm_start,
75.8,90.866,90.84,4.566666700000001,1,learned_h2,3.4263519960129525,0.14077896580922017,0.2902799031890875,0.00023996199801514745,7.410140156782196e-07,3.426244123771693,0.14074674281556993,0.29027432469395936,-0.0026383018778169593,0.0,-0.00011276392314688941,3.287404923033288,2.14371998407186,0.295521337984634,2.7777777778,2.4105118985755006e-07,-3.496843873490765e-42,2.4105501604406153e-07,-7.022902351044848e-43,2.4105501604406153e-07,-5.3401421542283845e-43,2.4105501604406153e-07,0.29027432469395936,-7.022902351044848e-43,False,True,Solve_Succeeded,9,0.013829392999468837,0.01614454300579382,0.016543871999601834,True,1.0131642191879564e-09,598.763783985789,shifted_warm_start,
75.9,90.966,90.942,4.566666700000001,1,learned_h2,3.4262765148002208,0.1407564512567179,0.2902798867309476,0.00024010286273220166,7.397220722715862e-07,3.426168199693784,0.14072409597351868,0.2902743065414373,-0.002638168770373342,0.0,-0.00011276614015651324,3.2873301962645565,2.1436970742117496,0.2955210251225434,2.7777777778,2.4105501604406153e-07,-7.022902351044848e-43,2.410588423359244e-07,-2.5901523394947404e-42,2.410588423359244e-07,-1.9695249916085304e-42,2.410588423359244e-07,0.2902743065414373,-2.5901523394947404e-42,False,True,Solve_Succeeded,9,0.01324041200132342,0.01568632099952083,0.016067642995039932,True,1.0159408314613927e-09,598.7540101264576,shifted_warm_start,
76.0,91.066,91.044,4.566666700000001,1,learned_h2,3.426201047267354,0.14073394079108342,0.2902798702736092,0.0002402419497887546,7.397184852197187e-07,3.4260922885473724,0.14070145299478448,0.2902742886291082,-0.0026380372924197848,0.0,-0.00011276564559372771,3.2872554830382485,2.1436741685324825,0.2955207123088997,2.7777777778,2.410588423359244e-07,-2.5901523394947404e-42,2.410626678293492e-07,-3.2434493899044776e-43,2.410626678293492e-07,-2.466285297211678e-43,2.410626678293492e-07,0.2902742886291082,-3.2434493899044776e-43,False,True,Solve_Succeeded,9,0.014163620995532256,0.016355387997464277,0.016733214004489128,True,1.0187244381398841e-09,598.7442382206306,shifted_warm_start,
76.1,91.166,91.146,4.566666700000001,1,learned_h2,3.4261255932415384,0.1407114343613945,0.29027985381633603,0.0002403792816516125,7.411357388667333e-07,3.4260163901646536,0.14067881382994665,0.2902742708781527,-0.002637907586200413,0.0,-0.00011276404409795662,3.287180783183277,2.143651266982219,0.2955203995422904,2.7777777778,2.410626678293492e-07,-3.2434493899044776e-43,2.4106649262563945e-07,-1.0465768068667271e-42,2.4106649262563945e-07,-7.958061560054656e-43,2.4106649262563945e-07,0.2902742708781527,-1.0465768068667271e-42,False,True,Solve_Succeeded,9,0.01234871299675433,0.014725040004123002,0.015158415997575503,True,1.0215148171788258e-09,598.7344681869777,shifted_warm_start,
76.2,91.266,91.248,4.566666700000001,1,learned_h2,3.426050152552211,0.14068893191712262,0.2902798373584168,0.00024051488062755357,7.411049568763303e-07,3.4259405043958466,0.14065617843471223,0.29027425291263204,-0.002637779460784375,0.0,-0.00011276450602229951,3.2871060965307812,2.143628369509528,0.29552008682133796,2.7777777778,2.4106649262563945e-07,-1.0465768068667271e-42,2.4107031717565643e-07,5.162336706516999e-43,2.4107031717565643e-07,3.925387323189894e-43,2.4107031717565643e-07,0.29027425291263204,5.162336706516999e-43,False,True,Solve_Succeeded,9,0.013115780995576642,0.015858359998674132,0.016166859000804834,True,1.0243124681785787e-09,598.7246997203282,shifted_warm_start,
76.3,91.366,91.35,4.566666700000001,1,learned_h2,3.4259747250308816,0.14066643340862922,0.2902798208991519,0.00024064876864570247,7.3982860222107e-07,3.4258646310868515,0.1406335467637358,0.29027423481262643,-0.0026376528547134817,0.0,-0.00011276587527733243,3.287031422913952,2.143605476063875,0.2955197741446846,2.7777777778,2.4107031717565643e-07,5.162336706516999e-43,2.410741413925109e-07,-2.132429814756237e-43,2.410741413925109e-07,-1.6214775281645496e-43,2.410741413925109e-07,0.29027423481262643,-2.132429814756237e-43,False,True,Solve_Succeeded,9,0.012688294002145994,0.014777052005229052,0.015238634005072527,True,1.027117391139143e-09,598.7149328620054,shifted_warm_start,
76.4,91.466,91.452,4.566666700000001,1,learned_h2,3.4258993105118876,0.1406439387845942,0.2902798044409279,0.00024078096707464363,7.398669204541597e-07,3.425788770076934,0.14061091876714604,0.29027421690126876,-0.002637527899860681,0.0,-0.00011276539735342735,3.2869567621687943,2.1435825865930633,0.2955194615140691,2.7777777778,2.410741413925109e-07,-2.132429814756237e-43,2.4107796490330565e-07,-1.1153964450225482e-42,2.4107796490330565e-07,-8.481358955325955e-43,2.4107796490330565e-07,0.29027421690126876,-1.1153964450225482e-42,False,True,Solve_Succeeded,9,0.012644823997106869,0.015042435996292625,0.01552897699730238,True,1.0299290864601574e-09,598.705167836345,shifted_warm_start,
76.5,91.566,91.554,4.566666700000001,1,learned_h2,3.4258239088302234,0.14062144799912346,0.29027978798180515,0.00024091149719578867,7.415573479737163e-07,3.425712921210262,0.1405882944017896,0.2902741991699693,-0.002637404635844515,0.0,-0.00011276349673271425,3.286882114131936,2.1435597010503216,0.2955191489269065,2.7777777778,2.4107796490330565e-07,-1.1153964450225482e-42,2.4108178772538653e-07,-2.1500986158583925e-42,2.4108178772538653e-07,-1.6349127013826796e-42,2.4108178772538653e-07,0.2902741991699693,-2.1500986158583925e-42,False,True,Solve_Succeeded,9,0.01161989299725974,0.014155623000988271,0.014482368002063595,True,1.0327477206750757e-09,598.6954046181069,shifted_warm_start,
76.6,91.666,91.656,4.566666700000001,1,learned_h2,3.4257485198265494,0.14059896099489017,0.2902797715314484,0.0002410403797899175,7.483721575849857e-07,3.4256370843316803,0.14056567361156042,0.2902741820415813,-0.0026372832025117646,0.0,-0.0001127561952556383,3.28680747864568,2.143536819377481,0.2955188363922398,2.7777777778,2.4108178772538653e-07,-2.1500986158583925e-42,2.410856093691411e-07,-2.075531179193135e-43,2.410856093691411e-07,-1.5782123954458252e-43,2.410856093691411e-07,0.2902741820415813,-2.075531179193135e-43,False,True,Solve_Succeeded,9,0.015245417002006434,0.017859377003333066,0.018189579001045786,True,1.0355729052058393e-09,598.685643504946,shifted_warm_start,
76.7,91.766,91.758,4.566666700000001,1,learned_h2,3.425673143337307,0.14057647773614879,0.2902797550731515,0.0002411676366985683,7.470737035422705e-07,3.425561259318127,0.1405430563729283,0.290274163826474,-0.0026371629789301394,0.0,-0.0001127597717797721,3.2867328555480366,2.1435139415379276,0.2955185238927225,2.7777777778,2.410856093691411e-07,-2.075531179193135e-43,2.4108943183198715e-07,-1.6406428967381694e-42,2.4108943183198715e-07,-1.2475278531536735e-42,2.4108943183198715e-07,0.290274163826474,-1.6406428967381694e-42,False,True,Solve_Succeeded,9,0.011507037001138087,0.013863685002434067,0.014186833002895582,True,1.0384063608981364e-09,598.6758832009439,shifted_warm_start,
76.8,91.866,91.86,4.566666700000001,1,learned_h2,3.4255977792063583,0.140553998169718,0.2902797386155754,0.00024129328766353406,7.470899126480044e-07,3.425485446014666,0.1405204426329752,0.29027414591257855,-0.0026370441595342468,0.0,-0.00011275903485119816,3.286658244684464,2.143491067477652,0.29551821143640616,2.7777777778,2.4108943183198715e-07,-1.6406428967381694e-42,2.4109325348525484e-07,1.9494098339535966e-43,2.4109325348525484e-07,1.4823110317935956e-43,2.4109325348525484e-07,0.29027414591257855,1.9494098339535966e-43,False,True,Solve_Succeeded,9,0.013205492999986745,0.015343423998274375,0.01565826500154799,True,1.041246644462035e-09,598.666124739327,shifted_warm_start,
76.9,91.966,91.962,4.566666700000001,1,learned_h2,3.4255224272776714,0.1405315222492733,0.2902797221581235,0.00024141735296383788,7.484871994008678e-07,3.425409644263849,0.14049783234496455,0.29027412812124753,-0.0026369269903293913,0.0,-0.00011275746552486649,3.2865836459004893,2.143468197149501,0.2955178990220837,2.7777777778,2.4109325348525484e-07,1.9494098339535966e-43,2.4109707454750143e-07,1.5599885844057613e-42,2.4109707454750143e-07,1.1861991500509577e-42,2.4109707454750143e-07,0.29027412812124753,1.5599885844057613e-42,False,True,Solve_Succeeded,9,0.012927761999890208,0.015202923998003826,0.015697900002123788,True,1.0440939224309886e-09,598.6563679639847,shifted_warm_start,
77.0,92.066,92.064,4.566666700000001,1,learned_h2,3.4254470873968015,0.14050904993037916,0.2902797056986347,0.0002415398529326843,7.47230924262004e-07,3.4253338539352636,0.14047522547167074,0.29027411000058345,-0.002636811182760277,0.0,-0.00011275932827855165,3.2865090590432016,2.143445330508223,0.29551758664699046,2.7777777778,2.4109707454750143e-07,1.5599885844057613e-42,2.411008955581218e-07,-1.9974641534627463e-42,2.411008955581218e-07,-1.5188510382576454e-42,2.411008955581218e-07,0.29027411000058345,-1.9974641534627463e-42,False,True,Solve_Succeeded,9,0.01410846300132107,0.01635002800321672,0.01680946499982383,True,1.0469489164499635e-09,598.6466125149889,shifted_warm_start,
77.1,92.166,92.166,4.566666700000001,1,learned_h2,3.4253717594124313,0.14048658116522203,0.29027968924030584,0.00024166080698887778,7.471963229813694e-07,3.4252580748826458,0.1404526219667551,0.29027409206809107,-0.0026366968405794966,0.0,-0.00011275888454955382,3.286434483962814,2.1434224675052014,0.2955172743137317,2.7777777778,2.411008955581218e-07,-1.9974641534627463e-42,2.4110471591424275e-07,-2.1745853864132293e-43,2.4110471591424275e-07,-1.6535321879032841e-43,2.4110471591424275e-07,0.29027409206809107,-2.1745853864132293e-43,False,True,Solve_Succeeded,9,0.021331132003979292,0.02382311200199183,0.024187220995372627,True,1.049810793851691e-09,598.6368587660966,shifted_warm_start,
77.2,92.266,92.234,4.566666700000001,1,learned_h2,3.425321547289872,0.14047160394482444,0.29027967826576345,0.00024174059452505668,7.397550353164283e-07,3.425215282512328,0.14043986115397836,0.2902741039393243,-0.0026366235131442214,0.0,-0.00011276729133499706,3.2863847737105276,2.143407227506116,0.2955170661115382,2.7777777778,2.4110471591424275e-07,-2.1745853864132293e-43,2.411068468370169e-07,1.73598257118751e-42,2.411068468370169e-07,1.3200231533939777e-42,2.411068468370169e-07,0.2902741039393243,1.73598257118751e-42,False,True,Solve_Succeeded,9,0.015374487004010007,0.01805846099887276,0.0184405549953226,True,1.0513988568661148e-09,598.631369008282,shifted_warm_start,
77.3,92.366,92.336,4.566666700000001,1,learned_h2,3.425246238799626,0.14044914100555328,0.290279661807398,0.00024185901552125572,7.397452980585681e-07,3.425139525766263,0.14041726431494075,0.2902740861126815,-0.002636510725677248,0.0,-0.0001127650502108819,3.2863102179282495,2.1433843704680777,0.29551675384473103,2.7777777778,2.411068468370169e-07,1.73598257118751e-42,2.411106661562411e-07,-6.8335885050792845e-43,2.411106661562411e-07,-5.196189868024462e-43,2.411106661562411e-07,0.2902740861126815,-6.8335885050792845e-43,False,True,Solve_Succeeded,9,0.014670862998173106,0.017076222000468988,0.017430260006221943,True,1.0542822170833688e-09,598.6216183771584,shifted_warm_start,
77.4,92.466,92.438,4.566666700000001,1,learned_h2,3.4251709418094904,0.14042668150258336,0.2902796453492526,0.00024197594199422285,7.411521122832617e-07,3.4250637799138697,0.14039467073106043,0.29027406835814207,-0.002636398654874808,0.0,-0.00011276371139903135,3.286235673530441,2.14336151694876,0.29551644161726903,2.7777777778,2.411106661562411e-07,-6.8335885050792845e-43,2.4111448497691145e-07,-2.5869064889418825e-42,2.4111448497691145e-07,-1.9670568804918974e-42,2.4111448497691145e-07,0.29027406835814207,-2.5869064889418825e-42,False,True,Solve_Succeeded,9,0.013010153998038732,0.015679634998377878,0.016113601996039506,True,1.0571623021427001e-09,598.6118693088815,shifted_warm_start,
77.5,92.566,92.54,4.566666700000001,1,learned_h2,3.425095656173884,0.14040422539408576,0.290279628889378,0.00024209139322619138,7.399457603348273e-07,3.42498804471372,0.14037208033191356,0.2902740502282201,-0.002636289511568762,0.0,-0.00011276552242816245,3.286161140372966,2.1433386669055614,0.29551612942663413,2.7777777778,2.4111448497691145e-07,-2.5869064889418825e-42,2.4111830383872913e-07,-1.0550424862047235e-42,2.4111830383872913e-07,-8.022433708259578e-43,2.4111830383872913e-07,0.2902740502282201,-1.0550424862047235e-42,False,True,Solve_Succeeded,9,0.014172610004607122,0.016570564002904575,0.016928480996284634,True,1.0600501032520526e-09,598.6021214325976,shifted_warm_start,
77.6,92.666,92.642,4.566666700000001,1,learned_h2,3.425020381749459,0.14038177263744517,0.29027961242976064,0.00024220538748384834,7.401975325152193e-07,3.4249123201058254,0.14034949309973846,0.2902740323462494,-0.0026361817618027134,0.0,-0.00011276476728246233,3.2860866183139117,2.1433158202951073,0.29551581727425225,2.7777777778,2.4111830383872913e-07,-1.0550424862047235e-42,2.4112212200911556e-07,1.83014165770196e-42,2.4112212200911556e-07,1.3916207468055738e-42,2.4112212200911556e-07,0.2902740323462494,1.83014165770196e-42,False,True,Solve_Succeeded,9,0.016409759999078233,0.019101269004750066,0.019534675004251767,True,1.0629450097887627e-09,598.592375214848,shifted_warm_start,
77.7,92.766,92.744,4.566666700000001,1,learned_h2,3.4249451183971567,0.1403593231823007,0.2902795959790357,0.00024231794276232578,7.470093717576744e-07,3.42483660594468,0.14032690898220296,0.2902740153219259,-0.0026360757427641855,0.0,-0.00011275706254608106,3.286012107215656,2.1432929770662987,0.2955155051682146,2.7777777778,2.4112212200911556e-07,1.83014165770196e-42,2.411259387772457e-07,-1.8068600302094218e-42,2.411259387772457e-07,-1.3739176385780404e-42,2.411259387772457e-07,0.2902740153219259,-1.8068600302094218e-42,False,True,Solve_Succeeded,9,0.017345448999549262,0.019889005001459736,0.020321358999353833,True,1.0658465221524693e-09,598.5826310970564,shifted_warm_start,
77.8,92.866,92.846,4.566666700000001,1,learned_h2,3.4248698659739967,0.14033687699790653,0.290279579521897,0.0002424290781953161,7.483926922901888e-07,3.424760902123532,0.14030432795950987,0.2902739974458224,-0.0026359708987769123,0.0,-0.00011275762446043093,3.285937606936587,2.1432701371876335,0.2955151930926564,2.7777777778,2.411259387772457e-07,-1.8068600302094218e-42,2.411297561636925e-07,1.681652421840979e-42,2.411297561636925e-07,1.2787110709715631e-42,2.411297561636925e-07,0.2902739974458224,1.681652421840979e-42,False,True,Solve_Succeeded,9,0.017387238003720995,0.019779745998675935,0.020222464998369105,True,1.0687561391442557e-09,598.57288776989,shifted_warm_start,
77.9,92.966,92.948,4.566666700000001,1,learned_h2,3.4247946243429515,0.140314434040051,0.29027956306266495,0.00024253881143626,7.471563298605071e-07,3.4246852085206485,0.14028174999197343,0.29027397932201393,-0.0026358671068005546,0.0,-0.00011275918590725973,3.285863117341062,2.143247300614174,0.2955148810513624,2.7777777778,2.411297561636925e-07,1.681652421840979e-42,2.411335734622473e-07,-3.282941496067954e-42,2.411335734622473e-07,-2.4963146853963888e-42,2.411335734622473e-07,0.29027397932201393,-3.282941496067954e-42,False,True,Solve_Succeeded,9,0.017174175001855474,0.019346173001395073,0.019789117002801504,True,1.071673416674912e-09,598.5631456758532,shifted_warm_start,
78.0,93.066,93.05,4.566666700000001,1,learned_h2,3.424719393368536,0.14029199426567845,0.2902795466048363,0.00024264715988328307,7.471284733762418e-07,3.4246095249948674,0.14025917503480834,0.2902739613900061,-0.0026357646783815407,0.0,-0.00011275874392255506,3.2857886382949673,2.143224467302148,0.2955145690472996,2.7777777778,2.411335734622473e-07,-3.282941496067954e-42,2.411373901617164e-07,-1.547318860226447e-42,2.411373901617164e-07,-1.1765652231087245e-42,2.411373901617164e-07,0.2902739613900061,-1.547318860226447e-42,False,True,Solve_Succeeded,9,0.017316736993961968,0.020117906002269592,0.020498147001489997,True,1.0745978551440771e-09,598.553405130033,shifted_warm_start,
78.1,93.166,93.152,4.566666700000001,1,learned_h2,3.424644172915973,0.14026955763565507,0.29027953014644536,0.0002427541410115,7.485440566021708e-07,3.4245338514185635,0.14023660305102031,0.29027394361459546,-0.002635663654319157,0.0,-0.0001127571404150772,3.2857141696648675,2.143201637211704,0.29551425707797474,2.7777777778,2.411373901617164e-07,-1.547318860226447e-42,2.4114120630981536e-07,-1.6023745707511042e-42,2.4114120630981536e-07,-1.2184290147304284e-42,2.4114120630981536e-07,0.29027394361459546,-1.6023745707511042e-42,False,True,Solve_Succeeded,9,0.012854599001002498,0.015213778002362233,0.015643396000086796,True,1.0775295655740535e-09,598.5436660896469,shifted_warm_start,
78.2,93.266,93.254,4.566666700000001,1,learned_h2,3.424568962852447,0.14024712411044032,0.29027951368791943,0.00024285977228159132,7.485002171597541e-07,3.4244581876767586,0.14021403400642282,0.2902739256318942,-0.0026355638494940793,0.0,-0.0001127576237948911,3.285639711319274,2.1431788103026017,0.2955139451432968,2.7777777778,2.4114120630981536e-07,-1.6023745707511042e-42,2.411450223416836e-07,-2.0527256756703693e-42,2.411450223416836e-07,-1.5608713269498056e-42,2.411450223416836e-07,0.2902739256318942,-2.0527256756703693e-42,False,True,Solve_Succeeded,9,0.013006758003029972,0.015553860997897573,0.015916737997031305,True,1.0804689920540511e-09,598.533928263073,shifted_warm_start,
78.3,93.366,93.356,4.566666700000001,1,learned_h2,3.4244937630466277,0.14022469365163115,0.29027949722795826,0.00024296407076757203,7.47271199350919e-07,3.424382533649559,0.14019146786602296,0.29027390752973853,-0.002635465209255649,0.0,-0.00011275894060352182,3.2855652631281664,2.1431559865357395,0.2955136332414518,2.7777777778,2.411450223416836e-07,-2.0527256756703693e-42,2.411488381595199e-07,-5.816555191412504e-43,2.411488381595199e-07,-4.422848278025204e-43,2.411488381595199e-07,0.29027390752973853,-5.816555191412504e-43,False,True,Solve_Succeeded,9,0.019795851003436837,0.022405823998269625,0.022764009998354595,True,1.0834160235617674e-09,598.5241917020079,shifted_warm_start,
78.4,93.466,93.458,4.566666700000001,1,learned_h2,3.4244185733689827,0.14020226622084825,0.29027948076838866,0.00024306705303390715,7.474961669863787e-07,3.4243068892092965,0.14016890459197665,0.2902738896232225,-0.0026353678754420127,0.0,-0.00011275827019393823,3.2854908249633072,2.143133165872055,0.29551332137375935,2.7777777778,2.411488381595199e-07,-5.816555191412504e-43,2.411526533977758e-07,2.138879800089707e-43,2.411526533977758e-07,1.6263820301569908e-43,2.411526533977758e-07,0.2902738896232225,2.138879800089707e-43,False,True,Solve_Succeeded,9,0.019135840004310012,0.02227679099451052,0.02283752799849026,True,1.086370327030295e-09,598.5144566298276,shifted_warm_start,
78.5,93.566,93.56,4.566666700000001,1,learned_h2,3.424343393692085,0.14017984177863374,0.29027946430965074,0.0002431687363128247,7.410034287543397e-07,3.424231254255239,0.14014634415286842,0.29027387089887635,-0.0026352714693257057,0.0,-0.00011276581764207428,3.2854163966985483,2.143110348271414,0.29551300954016224,2.7777777778,2.411526533977758e-07,2.138879800089707e-43,2.4115646925779974e-07,1.0083257577762698e-41,2.4115646925779974e-07,7.667204547553237e-42,2.4115646925779974e-07,0.29027387089887635,1.0083257577762698e-41,False,True,Solve_Succeeded,9,0.015293817996280268,0.018244447994220536,0.018668545999389607,True,1.089332901660356e-09,598.5047222619274,shifted_warm_start,
78.6,93.666,93.662,4.566666700000001,1,learned_h2,3.4242682238898823,0.14015742028680472,0.2902794478507099,0.00024326913608894326,7.397124750152514e-07,3.424155628649746,0.14012378650694887,0.2902738529137032,-0.0026351764073583913,0.0,-0.00011276519001428922,3.2853419782091033,2.143087533694966,0.2955126977391328,2.7777777778,2.4115646925779974e-07,1.0083257577762698e-41,2.4116028390894724e-07,8.509447476070411e-43,2.4116028390894724e-07,6.470495659019843e-43,2.4116028390894724e-07,0.2902738529137032,8.509447476070411e-43,False,True,Solve_Succeeded,9,0.018387320000329055,0.021001341003284324,0.021315971003787126,True,1.0923023596731696e-09,598.4949897648701,shifted_warm_start,
78.7,93.766,93.764,4.566666700000001,1,learned_h2,3.424193063837815,0.14013500170796384,0.2902794313927611,0.00024336826888237694,7.397107463824531e-07,3.424080012273769,0.14010123161851243,0.29027383498458326,-0.0026350827469845957,0.0,-0.00011276502298049288,3.28526756937166,2.143064722104653,0.29551238597137847,2.7777777778,2.4116028390894724e-07,8.509447476070411e-43,2.4116409816340294e-07,-1.6873769020632314e-43,2.4116409816340294e-07,-1.2830639063974106e-43,2.4116409816340294e-07,0.29027383498458326,-1.6873769020632314e-43,False,True,Solve_Succeeded,9,0.01501609700062545,0.017539098000270315,0.018054771004244685,True,1.095279422713702e-09,598.4852586035151,shifted_warm_start,
78.8,93.866,93.866,4.566666700000001,1,learned_h2,3.424117913412666,0.1401125860059862,0.2902794149346107,0.00024346615060127463,7.411195119124444e-07,3.424004405020128,0.1400786794562198,0.2902738172030466,-0.002634990322873421,0.0,-0.00011276343970851299,3.2851931700642316,2.1430419134636995,0.29551207423522424,2.7777777778,2.4116409816340294e-07,-1.6873769020632314e-43,2.411679119183633e-07,-3.2083197001345605e-43,2.411679119183633e-07,-2.4395730452354862e-43,2.411679119183633e-07,0.2902738172030466,-3.2083197001345605e-43,False,True,Solve_Succeeded,9,0.014397835002455395,0.01693224900373025,0.017301998996117618,True,1.0982638132261968e-09,598.475528833948,shifted_warm_start,
78.9,93.966,93.934,4.566666700000001,1,learned_h2,3.4240678184180715,0.14009764378295148,0.29027940396576696,0.0002435307176240032,7.470297715922027e-07,3.4239617831706344,0.1400659695878322,0.2902738307847508,-0.002634931594178031,0.0,-0.00011275697786802767,3.2851435757615532,2.143026709321308,0.29551186643181276,2.7777777778,2.411679119183633e-07,-3.2083197001345605e-43,2.411700334940969e-07,3.8884535299423e-43,2.411700334940969e-07,2.956739759725364e-43,2.411700334940969e-07,0.2902738307847508,3.8884535299423e-43,False,True,Solve_Succeeded,9,0.01810925100289751,0.02063013699807925,0.021013012999901548,True,1.099915325486478e-09,598.4700633098041,shifted_warm_start,
79.0,94.066,94.036,4.566666700000001,1,learned_h2,3.4239926837684327,0.14007523279582612,0.29027938750765075,0.00024362654947086306,7.48470356510452e-07,3.4238861939607204,0.14004342281782647,0.2902738129400489,-0.002634840589758483,0.0,-0.00011275726490047644,3.285069192070814,2.143003905514607,0.29551155474764235,2.7777777778,2.411700334940969e-07,3.8884535299423e-43,2.4117384662418886e-07,-7.176297846803828e-42,2.4117384662418886e-07,-5.456782499234665e-42,2.4117384662418886e-07,0.2902738129400489,-7.176297846803828e-42,False,True,Solve_Succeeded,9,0.014515867005684413,0.01685526000073878,0.017209138997714035,True,1.102922309037524e-09,598.4603359794058,shifted_warm_start,
79.1,94.166,94.138,4.566666700000001,1,learned_h2,3.423917558424805,0.14005282459094975,0.2902793710481332,0.00024372117219173702,7.472118427171102e-07,3.4238106135876976,0.14002087868997679,0.2902737947975018,-0.002634749713951977,0.0,-0.00011275890845055184,3.2849948175923864,2.142981104560951,0.29551124309261667,2.7777777778,2.4117384662418886e-07,-7.176297846803828e-42,2.411776597946992e-07,1.103301032958945e-43,2.411776597946992e-07,8.389386695703122e-44,2.411776597946992e-07,0.2902737947975018,1.103301032958945e-43,False,True,Solve_Succeeded,9,0.01662766299705254,0.019130242995743174,0.019483620999380946,True,1.105926406008706e-09,598.4506096655847,shifted_warm_start,
79.2,94.266,94.24,4.566666700000001,1,learned_h2,3.4238424422702947,0.14003041913140982,0.2902793545894224,0.00024381460080982989,7.471758299961447e-07,3.423735041826971,0.13999833713515938,0.29027377686341843,-0.0026346613843440986,0.0,-0.00011275846940074942,3.284920452210552,2.1429583064228086,0.29551093146848756,2.7777777778,2.411776597946992e-07,1.103301032958945e-43,2.411814724194321e-07,-1.8032472886485975e-42,2.411814724194321e-07,-1.3711705473418335e-42,2.411814724194321e-07,0.29027377686341843,-1.8032472886485975e-42,False,True,Solve_Succeeded,9,0.01577053400251316,0.01826065399654908,0.018614232998515945,True,1.108937941474153e-09,598.4408847237798,shifted_warm_start,
79.3,94.366,94.342,4.566666700000001,1,learned_h2,3.4237673351886855,0.14000801638345978,0.29027933813051865,0.00024390685048813468,7.471369252529439e-07,3.4236594786369636,0.13997579814194053,0.29027375890381896,-0.0026345742100088595,0.0,-0.000112758535149817,3.2848460958102543,2.14293551106582,0.29551061987380045,2.7777777778,2.411814724194321e-07,-1.8032472886485975e-42,2.4118528477646276e-07,-1.3895232045386228e-42,2.4118528477646276e-07,-1.056579042100912e-42,2.4118528477646276e-07,0.29027375890381896,-1.3895232045386228e-42,False,True,Solve_Succeeded,9,0.016626447999442462,0.019157133996486664,0.01951728499989258,True,1.1119572485007723e-09,598.4311609710007,shifted_warm_start,
79.4,94.466,94.444,4.566666700000001,1,learned_h2,3.423692237065562,0.13998561631263212,0.2902793216716533,0.00024399793600388643,7.485867786221428e-07,3.4235839239106554,0.13995326167804545,0.29027374114629023,-0.00263448820076197,0.0,-0.00011275684314978609,3.2847717482782235,2.1429127184549097,0.2955103083083395,2.7777777778,2.4118528477646276e-07,-1.3895232045386228e-42,2.411890966025247e-07,1.6491373709038463e-42,2.411890966025247e-07,1.2539869632626707e-42,2.411890966025247e-07,0.29027374114629023,1.6491373709038463e-42,False,True,Solve_Succeeded,9,0.01766970100288745,0.020266641993657686,0.020675298997957725,True,1.1149839940216566e-09,598.4214385664626,shifted_warm_start,
79.5,94.566,94.546,4.566666700000001,1,learned_h2,3.4236171477868966,0.13996321888843669,0.2902793052104121,0.00024408787235605923,7.475764378432052e-07,3.4235083775501804,0.1399307277178528,0.2902737230322207,-0.002634403181104142,0.0,-0.00011275844948988115,3.2846974095015526,2.142889928558986,0.2955099967692446,2.7777777778,2.411890966025247e-07,1.6491373709038463e-42,2.4119290856133765e-07,-5.6111918963030635e-43,2.4119290856133765e-07,-4.266692157047385e-43,2.4119290856133765e-07,0.2902737230322207,-5.6111918963030635e-43,False,True,Solve_Succeeded,9,0.017010807001497597,0.019548356998711824,0.020105326002521906,True,1.1180188441706207e-09,598.4117170740399,shifted_warm_start,
79.6,94.666,94.648,4.566666700000001,1,learned_h2,3.4235420672422583,0.1399408240735607,0.2902792887513123,0.00024417667436712234,7.39636826703133e-07,3.4234328394678637,0.1399081962308834,0.2902737040665777,-0.0026343188352330143,0.0,-0.00011276715427408259,3.284623079370941,2.1428671413401497,0.29550968526060045,2.7777777778,2.4119290856133765e-07,-5.6111918963030635e-43,2.411967212423617e-07,1.3158084456771574e-42,2.411967212423617e-07,1.0005271035279194e-42,2.411967212423617e-07,0.2902737040665777,1.3158084456771574e-42,False,True,Solve_Succeeded,9,0.014793053996982053,0.01686107700516004,0.017190086000482552,True,1.1210623540591769e-09,598.4019961040229,shifted_warm_start,
79.7,94.766,94.75,4.566666700000001,1,learned_h2,3.423466995321686,0.1399184318342403,0.29027927229349426,0.00024426435508554366,7.410338293690708e-07,3.4233573095253576,0.1398856671747353,0.2902736864340965,-0.002634235911122667,0.0,-0.0001127630337000829,3.284548757777529,2.142844356764057,0.29550937378111797,2.7777777778,2.411967212423617e-07,1.3158084456771574e-42,2.412005320736094e-07,-3.2849715314194124e-42,2.412005320736094e-07,-2.4978583032359966e-42,2.412005320736094e-07,0.2902736864340965,-3.2849715314194124e-42,False,True,Solve_Succeeded,9,0.015351549001934472,0.01775776000431506,0.01820269300515065,True,1.1241121922189734e-09,598.3922773002738,shifted_warm_start,
79.8,94.866,94.852,4.566666700000001,1,learned_h2,3.4233919319157335,0.13989604214005136,0.2902792558350855,0.00024435092954702865,7.410281171083317e-07,3.4232817876317574,0.13986314052464283,0.2902736684552518,-0.002634154176249668,0.0,-0.00011276379323193325,3.2844744446129557,2.142821574799704,0.29550906232849616,2.7777777778,2.412005320736094e-07,-3.2849715314194124e-42,2.4120434304189927e-07,-2.3089684497989833e-42,2.4120434304189927e-07,-1.7557156763998662e-42,2.4120434304189927e-07,0.2902736684552518,-2.3089684497989833e-42,False,True,Solve_Succeeded,9,0.01603681899723597,0.018895524000981823,0.019266935996711254,True,1.127170190518001e-09,598.3825593742698,shifted_warm_start,
79.9,94.966,94.954,4.566666700000001,1,learned_h2,3.4233168769168256,0.13987365495932688,0.2902792393751449,0.00024443641164396496,7.397724882394393e-07,3.423206273701714,0.1398406162555637,0.29027365036146824,-0.002634073317987132,0.0,-0.00011276515730573657,3.2844001397707183,2.142798795414854,0.29550875090137374,2.7777777778,2.4120434304189927e-07,-2.3089684497989833e-42,2.4120815387822456e-07,-1.4324638358854084e-43,2.4120815387822456e-07,-1.089230653090496e-43,2.4120815387822456e-07,0.29027365036146824,-1.4324638358854084e-43,False,True,Solve_Succeeded,9,0.01435941799718421,0.0169111499999417,0.017361915000947192,True,1.1302361269116545e-09,598.3728424912507,shifted_warm_start,
80.0,95.066,95.056,4.566666700000001,1,learned_h2,3.4232418302193137,0.13985127025890168,0.29027922291618347,0.0002445208149941373,7.397391149052674e-07,3.4231307676274945,0.13981809433368905,0.290273632439831,-0.002633993528660684,0.0,-0.00011276477682621789,3.284325843146233,2.1427760185757827,0.29550843950184835,2.7777777778,2.4120815387822456e-07,-1.4324638358854084e-43,2.4121196424929747e-07,-1.8428689715366348e-44,2.4121196424929747e-07,-1.401298464324817e-44,2.4121196424929747e-07,0.290273632439831,-1.8428689715366348e-44,False,True,Solve_Succeeded,9,0.013405126999714412,0.015634773997589946,0.01617855200311169,True,1.133309723844178e-09,598.3631268550614,shifted_warm_start,
80.1,95.166,95.158,4.566666700000001,1,learned_h2,3.4231667917183133,0.13982888800792664,0.29027920645717953,0.00024460415317439503,7.411367452948578e-07,3.423055269309343,0.13979557472970408,0.2902736146677512,-0.002633914847607458,0.0,-0.00011276319768028,3.284251554635663,2.1427532442510873,0.2955081281284875,2.7777777778,2.4121196424929747e-07,-1.8428689715366348e-44,2.412157741866761e-07,6.536137935142199e-43,2.412157741866761e-07,4.970011537767035e-43,2.412157741866761e-07,0.2902736146677512,6.536137935142199e-43,False,True,Solve_Succeeded,9,0.01332043600268662,0.015780612993694376,0.016098000000056345,True,1.1363911478490252e-09,598.3534124358488,shifted_warm_start,
80.2,95.266,95.26,4.566666700000001,1,learned_h2,3.423091761309939,0.13980650817702717,0.29027918999660995,0.00024468643997553233,7.399423535056549e-07,3.422979778661202,0.1397730574195922,0.2902735965624677,-0.0026338370470888376,0.0,-0.00011276499968335378,3.284177274136152,2.1427304724108427,0.2955078167793621,2.7777777778,2.412157741866761e-07,6.536137935142199e-43,2.412195842643439e-07,6.29800471022645e-43,2.412195842643439e-07,4.788937501830062e-43,2.412195842643439e-07,0.2902735965624677,6.29800471022645e-43,False,True,Solve_Succeeded,9,0.018623550997290295,0.0208561540057417,0.021403163998911623,True,1.139480676481952e-09,598.3436988559245,shifted_warm_start,
80.3,95.366,95.362,4.566666700000001,1,learned_h2,3.423016738892006,0.13978413073588108,0.29027917353606264,0.0002447676883299381,7.401895258271337e-07,3.422904295582064,0.13975054237334641,0.2902735786734658,-0.002633760244003475,0.0,-0.00011276426060214466,3.2841030015465393,2.1427077030241852,0.2955075054556609,2.7777777778,2.412195842643439e-07,6.29800471022645e-43,2.412233938385793e-07,-5.36965946581487e-43,2.412233938385793e-07,-4.083033400426436e-43,2.412233938385793e-07,0.2902735786734658,-5.36965946581487e-43,False,True,Solve_Succeeded,9,0.017200989001139533,0.019830581004498526,0.020182155996735673,True,1.1425778656537489e-09,598.3339865203747,shifted_warm_start,
80.4,95.466,95.464,4.566666700000001,1,learned_h2,3.422941724366095,0.13976175564628016,0.2902791570846673,0.0002448479109611151,7.469992035303273e-07,3.422828819963776,0.13972802954981628,0.2902735615117778,-0.0026336847807723078,0.0,-0.00011275656288842599,3.2840287367694345,2.1426849360523876,0.29550719416612764,2.7777777778,2.412233938385793e-07,-5.36965946581487e-43,2.4122720231279477e-07,3.494885825208507e-42,2.4122720231279477e-07,2.6574749564379953e-42,2.4122720231279477e-07,0.2902735615117778,3.494885825208507e-42,False,True,Solve_Succeeded,9,0.01693397099734284,0.019297967999591492,0.019637748002423905,True,1.145682326786357e-09,598.3242758003842,shifted_warm_start,
80.5,95.566,95.532,4.566666700000001,1,learned_h2,3.42289171901547,0.13974684021801048,0.29027914611057704,0.0002449008298660496,7.472227765990409e-07,3.422786328759375,0.13971535872187865,0.2902735743713105,-0.002633636513546118,0.0,-0.00011275836594233139,3.2839792312076463,2.1426697594042254,0.29550698664697717,2.7777777778,2.4122720231279477e-07,3.494885825208507e-42,2.412293193298753e-07,9.122201409106343e-43,2.412293193298753e-07,6.9364273984078445e-43,2.412293193298753e-07,0.2902735743713105,9.122201409106343e-43,False,True,Solve_Succeeded,9,0.015986760998202953,0.018510152003727853,0.019150225998600945,True,1.1473989536270324e-09,598.3188274629202,shifted_warm_start,
80.6,95.666,95.634,4.566666700000001,1,learned_h2,3.422816717416677,0.13972446900056468,0.290279129649222,0.000244979373441469,7.409973291220307e-07,3.4227108679613005,0.13969285033600184,0.2902735555256363,-0.002633561436162684,0.0,-0.00011276538509064622,3.2839049792272905,2.1426469964089097,0.29550667538829334,2.7777777778,2.412293193298753e-07,9.122201409106343e-43,2.412331292525414e-07,5.3996060866023404e-43,2.412331292525414e-07,4.105804500471714e-43,2.412331292525414e-07,0.2902735555256363,5.3996060866023404e-43,False,True,Solve_Succeeded,9,0.015572964002785739,0.018975642997247633,0.019350182999914978,True,1.1505286168222995e-09,598.3091175366357,shifted_warm_start,
80.7,95.766,95.736,4.566666700000001,1,learned_h2,3.4227417234460824,0.13970210005984157,0.2902791131908198,0.0002450569253719321,7.409607089574055e-07,3.422635414383638,0.1396703441049763,0.29027353768099184,-0.0026334869102568534,0.0,-0.00011276340810548401,3.2838307347982365,2.1426242357522365,0.29550636415654674,2.7777777778,2.412331292525414e-07,5.3996060866023404e-43,2.412369377635034e-07,1.4058006776537025e-42,2.412369377635034e-07,1.0689562639390064e-42,2.412369377635034e-07,0.29027353768099184,1.4058006776537025e-42,False,True,Solve_Succeeded,9,0.015103809993888717,0.01753105199895799,0.017936543001269456,True,1.1536539501477705e-09,598.299409404747,shifted_warm_start,
80.8,95.866,95.838,4.566666700000001,1,learned_h2,3.4226667370063097,0.1396797333708626,0.29027909673138236,0.00024513349878188697,7.396605570000542e-07,3.422559967859592,0.13964783998318364,0.2902735195464213,-0.002633414524951518,0.0,-0.00011276512535506389,3.283756497824062,2.142601477408711,0.2955060529473687,2.7777777778,2.412369377635034e-07,1.4058006776537025e-42,2.4124074639457284e-07,8.549832221891977e-43,2.4124074639457284e-07,6.501203801148211e-43,2.4124074639457284e-07,0.2902735195464213,8.549832221891977e-43,False,True,Solve_Succeeded,9,0.014680341999337543,0.01701663799758535,0.01738824199856026,True,1.1567876101459262e-09,598.289702065374,shifted_warm_start,
80.9,95.966,95.94,4.566666700000001,1,learned_h2,3.4225917580027345,0.13965736890385771,0.2902790802725072,0.0002452091058649566,7.396696298421101e-07,3.422484528360047,0.13962533796038568,0.2902735016309752,-0.002633343050135779,0.0,-0.0001127646849708115,3.283682268211095,2.1425787213480647,0.2955057417619859,2.7777777778,2.4124074639457284e-07,8.549832221891977e-43,2.412445545463559e-07,1.4282234529408921e-43,2.412445545463559e-07,1.0860063098517332e-43,2.412445545463559e-07,0.2902735016309752,1.4282234529408921e-43,False,True,Solve_Succeeded,9,0.01441661599528743,0.01642074200208299,0.016790433001006022,True,1.1599289861941031e-09,598.2799959013848,shifted_warm_start,
81.0,96.066,96.042,4.566666700000001,1,learned_h2,3.4225167863413963,0.13963500663121017,0.2902790638135069,0.0002452837587673197,7.411221652975401e-07,3.422409095792954,0.13960283800953982,0.29027348388800456,-0.0026332725809330502,0.0,-0.00011276306000853155,3.283608045866315,2.1425559675421804,0.2955054305993441,2.7777777778,2.412445545463559e-07,1.4282234529408921e-43,2.412483622784464e-07,3.621251926483328e-42,2.412483622784464e-07,2.753562430042518e-42,2.412483622784464e-07,0.29027348388800456,3.621251926483328e-42,False,True,Solve_Succeeded,9,0.013348574000701774,0.015776106003613677,0.016109875999973156,True,1.1630783558480573e-09,598.2702908656053,shifted_warm_start,
81.1,96.166,96.144,4.566666700000001,1,learned_h2,3.4224418219293176,0.13961264652635386,0.29027904735305,0.0002453574698984068,7.398158336722853e-07,3.422333670083093,0.13958034010942696,0.2902734657478844,-0.0026332028799571834,0.0,-0.00011276500796009035,3.283533830697665,2.1425332159640034,0.29550511945774727,2.7777777778,2.412483622784464e-07,3.621251926483328e-42,2.4125217026703275e-07,-9.569639863356299e-42,2.4125217026703275e-07,-7.27665496124837e-42,2.4125217026703275e-07,0.2902734657478844,-9.569639863356299e-42,False,True,Solve_Succeeded,9,0.012428376001480501,0.014840602998447139,0.015180605005298276,True,1.1662361631969986e-09,598.2605865154821,shifted_warm_start,
81.2,96.266,96.246,4.566666700000001,1,learned_h2,3.422366864675591,0.13959028856002437,0.29027903089354834,0.00024543025081970044,7.397886661374094e-07,3.4222582511402586,0.13955784423094703,0.2902734478297672,-0.0026331340630612165,0.0,-0.00011276454712067454,3.283459622615161,2.142510466583789,0.2955048083392524,2.7777777778,2.4125217026703275e-07,-9.569639863356299e-42,2.412559777858426e-07,4.382500785866359e-43,2.412559777858426e-07,3.332408172251193e-43,2.412559777858426e-07,0.2902734478297672,4.382500785866359e-43,False,True,Solve_Succeeded,9,0.013550662006309722,0.01590890700026648,0.016206925000005867,True,1.1694017976182636e-09,598.2508833095352,shifted_warm_start,
81.3,96.366,96.348,4.566666700000001,1,learned_h2,3.422291914489494,0.13956793270655055,0.29027901443403065,0.0002455021132533238,7.412873458302771e-07,3.4221828388749818,0.13953535034880643,0.29027343008385986,-0.0026330662327096123,0.0,-0.00011276285845031511,3.2833854215289775,2.142487719375384,0.29550449724253297,2.7777777778,2.412559777858426e-07,4.382500785866359e-43,2.412597848979038e-07,-1.1741090986625983e-43,2.412597848979038e-07,-8.92780388794444e-44,2.412597848979038e-07,0.29027343008385986,-1.1741090986625983e-43,False,True,Solve_Succeeded,9,0.012946240000019316,0.015483934002986643,0.015928738001093734,True,1.1725753146230034e-09,598.2411811989358,shifted_warm_start,
81.4,96.466,96.45,4.566666700000001,1,learned_h2,3.4222169712825945,0.13954557893679484,0.2902789979802768,0.0002455730684574412,7.483507547729024e-07,3.422107433197002,0.13951285843328456,0.29027341302765475,-0.0026329995533823695,0.0,-0.00011275522480613829,3.283311227351584,2.1424649743091853,0.2955041861730229,2.7777777778,2.412597848979038e-07,-1.1741090986625983e-43,2.4126359099702525e-07,-1.6836911641201582e-42,2.4126359099702525e-07,-1.280261309468761e-42,2.4126359099702525e-07,0.29027341302765475,-1.6836911641201582e-42,False,True,Solve_Succeeded,9,0.01334496500203386,0.015623833998688497,0.016062139999121428,True,1.1757563256331593e-09,598.2314805646046,shifted_warm_start,
81.5,96.566,96.552,4.566666700000001,1,learned_h2,3.422142034965142,0.13952322723007732,0.2902789815202608,0.00024564312896725406,7.4708471202319e-07,3.4220320340529575,0.13949036847470525,0.29027339480221603,-0.002632933390817041,0.0,-0.00011275886306468203,3.2832370399940976,2.142442231364037,0.2955038751183445,2.7777777778,2.4126359099702525e-07,-1.6836911641201582e-42,2.41267398280145e-07,1.6882983365489996e-42,2.41267398280145e-07,1.283764555629573e-42,2.41267398280145e-07,0.29027339480221603,1.6882983365489996e-42,False,True,Solve_Succeeded,9,0.012791281995305326,0.015056443997309543,0.015383158999611624,True,1.1789467180278734e-09,598.2217799879871,shifted_warm_start,
81.6,96.666,96.654,4.566666700000001,1,learned_h2,3.4220671054515224,0.13950087755596258,0.2902789650619211,0.0002457123053135455,7.470308287868914e-07,3.4219566413538227,0.13946788044150965,0.29027337687836646,-0.0026328679382000837,0.0,-0.00011275821813603158,3.283162859371781,2.142419490509054,0.2955035640861021,2.7777777778,2.41267398280145e-07,1.6882983365489996e-42,2.4127120501556753e-07,-1.8736218474991526e-42,2.4127120501556753e-07,-1.4246826324482375e-42,2.4127120501556753e-07,0.29027337687836646,-1.8736218474991526e-42,False,True,Solve_Succeeded,9,0.02589538600295782,0.028912702000525314,0.0294505640049465,True,1.1821449374949111e-09,598.2120805745316,shifted_warm_start,
81.7,96.766,96.756,4.566666700000001,1,learned_h2,3.421992182655555,0.13947852988988918,0.2902789486027945,0.0002457806086812348,7.484739271304654e-07,3.421881255006144,0.13944539430697378,0.2902733591000747,-0.002632803467830778,0.0,-0.00011275658372914076,3.283088685399313,2.142396751719217,0.29550325307349484,2.7777777778,2.4127120501556753e-07,-1.8736218474991526e-42,2.412750113920277e-07,-4.9236275850476436e-42,2.412750113920277e-07,-3.74387538148282e-42,2.412750113920277e-07,0.2902733591000747,-4.9236275850476436e-42,False,True,Solve_Succeeded,9,0.028477182997448836,0.03179760599596193,0.0322587629998452,True,1.1853512060788773e-09,598.2023821939755,shifted_warm_start,
81.8,96.866,96.858,4.566666700000001,1,learned_h2,3.4219172664924242,0.13945618420667882,0.29027893214341643,0.0002458480502505975,7.484813830820046e-07,3.421805874941432,0.13942291005082047,0.29027334112210995,-0.0026327397575422163,0.0,-0.0001127570258339605,3.283014517992724,2.1423740149688997,0.2955029420807262,2.7777777778,2.412750113920277e-07,-4.9236275850476436e-42,2.41278817820632e-07,6.012360019638272e-44,2.41278817820632e-07,4.571736239859716e-44,2.41278817820632e-07,0.29027334112210995,6.012360019638272e-44,False,True,Solve_Succeeded,9,0.01791535999655025,0.021559797001827974,0.021887314003834035,True,1.1885659123578307e-09,598.192684574911,shifted_warm_start,
81.9,96.966,96.96,4.566666700000001,1,learned_h2,3.42184235687829,0.13943384048180268,0.29027891568278186,0.0002459146409261407,7.471671700936096e-07,3.421730501084198,0.1394004276510108,0.2902733230130452,-0.002632676749661963,0.0,-0.0001127584632318694,3.282940357069011,2.1423512802331315,0.29550263110646346,2.7777777778,2.41278817820632e-07,6.012360019638272e-44,2.412826242240956e-07,-1.0924757621890613e-43,2.412826242240956e-07,-8.307072458825556e-44,2.412826242240956e-07,0.2902733230130452,-1.0924757621890613e-43,False,True,Solve_Succeeded,9,0.0175508100001025,0.02004189800209133,0.020437769002455752,True,1.1917890563317712e-09,598.1829877599813,shifted_warm_start,
82.0,97.066,97.062,4.566666700000001,1,learned_h2,3.421767453730941,0.13941149868911168,0.29027889922289707,0.0002459803912698432,7.471549182109698e-07,3.4216551333508143,0.13937794708095153,0.29027330507912064,-0.002632614588359485,0.0,-0.00011275804298974706,3.282866202546791,2.1423285474853277,0.295502320152391,2.7777777778,2.412826242240956e-07,-1.0924757621890613e-43,2.412864302451673e-07,4.623758249585417e-42,2.412864302451673e-07,3.515857846990966e-42,2.412864302451673e-07,0.29027330507912064,4.623758249585417e-42,False,True,Solve_Succeeded,9,0.013693474000319839,0.016074257997388486,0.016550949003431015,True,1.1950202494226403e-09,598.1732919707187,shifted_warm_start,
82.1,97.166,97.164,4.566666700000001,1,learned_h2,3.4216925569684222,0.1393891588054313,0.29027888276296565,0.0002460453118247054,7.486904227321391e-07,3.4215797716624765,0.13935546831841147,0.2902732872979582,-0.002632553320603793,0.0,-0.00011275631858120994,3.282792054344926,2.142305816701881,0.29550200921739167,2.7777777778,2.412864302451673e-07,4.623758249585417e-42,2.412902359139958e-07,-1.5779565568782437e-43,2.412902359139958e-07,-1.1998618100781246e-43,2.412902359139958e-07,0.2902732872979582,-1.5779565568782437e-43,False,True,Solve_Succeeded,9,0.013447387005726341,0.015737950001494028,0.016089944998384453,True,1.1982596026527403e-09,598.1635971804764,shifted_warm_start,
82.2,97.266,97.266,4.566666700000001,1,learned_h2,3.421617666509146,0.1393668208100787,0.2902788663005834,0.00024610941399802043,7.396764276803833e-07,3.4215044159729966,0.1393329913533707,0.29027326830550915,-0.0026324923190417945,0.0,-0.00011276713502739569,3.2827179123826244,2.142283087861678,0.2955016982987421,2.7777777778,2.412902359139958e-07,-1.5779565568782437e-43,2.412940428433892e-07,-9.260416581971591e-43,2.412940428433892e-07,-7.041524783232206e-43,2.412940428433892e-07,0.29027326830550915,-9.260416581971591e-43,False,True,Solve_Succeeded,9,0.012918906002596486,0.015032909999717958,0.015308823996747378,True,1.2015085593120034e-09,598.153902347108,shifted_warm_start,
82.3,97.366,97.334,4.566666700000001,1,learned_h2,3.421567743000489,0.1393519298447582,0.2902788553279805,0.0002461516982152542,7.410981965193806e-07,3.4214620438518106,0.13932035611057447,0.29027328135899916,-0.0026324535525415593,0.0,-0.00011276246763812683,3.2826684878369807,2.142267936363433,0.2955014910322584,2.7777777778,2.412940428433892e-07,-9.260416581971591e-43,2.412961549417198e-07,-6.23822664796223e-42,2.412961549417198e-07,-4.743482882893526e-42,2.412961549417198e-07,0.29027328135899916,-6.23822664796223e-42,False,True,Solve_Succeeded,9,0.013568746995588299,0.015891973998805042,0.016235662005783524,True,1.2033015139856218e-09,598.1484705155428,shifted_warm_start,
82.4,97.466,97.436,4.566666700000001,1,learned_h2,3.421492862872932,0.13932959493526537,0.29027883886616074,0.00024621445737615607,7.400139299986749e-07,3.421386699960099,0.1392978826691484,0.29027326321660496,-0.002632393885141672,0.0,-0.00011276460134264612,3.28259435610205,2.142245210699699,0.2955011801448259,2.7777777778,2.412961549417198e-07,-6.23822664796223e-42,2.412999604800228e-07,-1.8958514544683133e-43,2.412999604800228e-07,-1.4415857951741556e-43,2.412999604800228e-07,0.29027326321660496,-1.8958514544683133e-43,False,True,Solve_Succeeded,9,0.013140621995262336,0.015843403001781553,0.016310329003317747,True,1.2065742294176118e-09,598.1387780093766,shifted_warm_start,
82.5,97.566,97.538,4.566666700000001,1,learned_h2,3.421417988841071,0.13930726184342196,0.2902788224127408,0.00024627642391857984,7.469899813314327e-07,3.421311361835699,0.13927541094720425,0.2902732462800707,-0.0026323347430176752,0.0,-0.0001127561828591295,3.2825202304012584,2.142222486907432,0.2955008692837819,2.7777777778,2.412999604800228e-07,-1.8958514544683133e-43,2.4130376443699395e-07,1.7599398678174863e-43,2.4130376443699395e-07,1.3382400334302003e-43,2.4130376443699395e-07,0.2902732462800707,1.7599398678174863e-43,False,True,Solve_Succeeded,9,0.013189143006457016,0.015309089001675602,0.015675372000259813,True,1.2098422264017472e-09,598.129087265466,shifted_warm_start,
82.6,97.666,97.64,4.566666700000001,1,learned_h2,3.4213431208259215,0.13928493055322638,0.29027880595384814,0.00024633760893646593,7.483986652984813e-07,3.421236029357435,0.1392529409162989,0.2902732284081996,-0.002632277118865269,0.0,-0.0001127568326875525,3.282446110656368,2.1421997649702162,0.2955005584349444,2.7777777778,2.4130376443699395e-07,1.7599398678174863e-43,2.413075693464557e-07,7.74926402531155e-43,2.413075693464557e-07,5.892460042485856e-43,2.413075693464557e-07,0.2902732284081996,7.74926402531155e-43,False,True,Solve_Succeeded,9,0.013682035998499487,0.016148381000675727,0.016485316002217587,True,1.2131195492592894e-09,598.1193966424478,shifted_warm_start,
82.7,97.766,97.742,4.566666700000001,1,learned_h2,3.421268258752305,0.1392626010394284,0.290278789494766,0.0002463980220352857,7.484000465053354e-07,3.4211607025039834,0.13923047256720725,0.2902732104447604,-0.002632219997823,0.0,-0.00011275698605110157,3.2823719967929716,2.142177044862402,0.2955002476033021,2.7777777778,2.413075693464557e-07,7.74926402531155e-43,2.413113742132826e-07,-1.819833109392427e-43,2.413113742132826e-07,-1.3837822335207569e-43,2.413113742132826e-07,0.2902732104447604,-1.819833109392427e-43,False,True,Solve_Succeeded,9,0.01344113600498531,0.01593613700242713,0.01650715899450006,True,1.2164054763452725e-09,598.1097067782969,shifted_warm_start,
82.8,97.866,97.844,4.566666700000001,1,learned_h2,3.4211934025450845,0.13924027328016803,0.29027877303428273,0.00024645767290568707,7.471205428275986e-07,3.42108538119719,0.13920800587717205,0.29027319231958754,-0.002632163550305193,0.0,-0.00011275838449594093,3.282297888736676,2.1421543265617347,0.2954999367873499,2.7777777778,2.413113742132826e-07,-1.819833109392427e-43,2.41315179124181e-07,1.396203604560443e-42,2.41315179124181e-07,1.0616587490340895e-42,2.41315179124181e-07,0.29027319231958754,1.396203604560443e-42,False,True,Solve_Succeeded,9,0.014116146994638257,0.016429801005870104,0.01679219699872192,True,1.2196999521485452e-09,598.1000176098007,shifted_warm_start,
82.9,97.966,97.946,4.566666700000001,1,learned_h2,3.421118552130646,0.13921794725192632,0.29027875657443003,0.0002465165709989263,7.471133212003433e-07,3.4210100653642255,0.13918554082288256,0.2902731743856189,-0.0026321078656470582,0.0,-0.00011275797122312785,3.282223786414616,2.1421316100443053,0.2954996259888314,2.7777777778,2.41315179124181e-07,1.396203604560443e-42,2.413189836661271e-07,1.7274077858278945e-44,2.413189836661271e-07,1.3135029754855477e-44,2.413189836661271e-07,0.2902731743856189,1.7274077858278945e-44,False,True,Solve_Succeeded,9,0.013778096006717533,0.016275412002869416,0.016628329998638947,True,1.2230026436022001e-09,598.0903293954319,shifted_warm_start,
83.0,98.066,98.048,4.566666700000001,1,learned_h2,3.4210437074358615,0.13919562293300353,0.2902787401147755,0.00024657472578482525,7.484959298385983e-07,3.420934754935016,0.13916307738355405,0.29027315660944447,-0.002632052984135943,0.0,-0.00011275642371400651,3.2821496897543927,2.1421088952880285,0.2954993152070276,2.7777777778,2.413189836661271e-07,1.7274077858278945e-44,2.4132278788205405e-07,5.362748707171608e-43,2.4132278788205405e-07,4.077778531185218e-43,2.4132278788205405e-07,0.29027315660944447,5.362748707171608e-43,False,True,Solve_Succeeded,9,0.013301334998686798,0.015665662998799235,0.016047256998717785,True,1.2263137727508422e-09,598.0806421007974,shifted_warm_start,
83.1,98.166,98.15,4.566666700000001,1,learned_h2,3.420968868388028,0.1391733003036012,0.2902787236532028,0.00024663214697756396,7.472584372049753e-07,3.42085944985258,0.1391406155441215,0.2902731384710262,-0.002631998680353766,0.0,-0.00011275827427305841,3.28207559868402,2.142086182272722,0.29549900443953786,2.7777777778,2.4132278788205405e-07,5.362748707171608e-43,2.413265923888276e-07,1.2139899349997582e-43,2.413265923888276e-07,9.231053633739732e-44,2.413265923888276e-07,0.2902731384710262,1.2139899349997582e-43,False,True,Solve_Succeeded,9,0.012472968999645673,0.014659426000434905,0.014964347996283323,True,1.22963372817253e-09,598.0709553237227,shifted_warm_start,
83.2,98.266,98.252,4.566666700000001,1,learned_h2,3.420894034916237,0.13915097934124315,0.29027870719258025,0.00024668884351757454,7.47413551049494e-07,3.420784150045049,0.13911815528178037,0.2902731205586104,-0.002631945074836195,0.0,-0.00011275763251449575,3.2820015131333067,2.1420634709755344,0.2954986936889527,2.7777777778,2.413265923888276e-07,1.2139899349997582e-43,2.4133039649534557e-07,-7.572827599611201e-42,2.4133039649534557e-07,-5.758299613175082e-42,2.4133039649534557e-07,0.2902731205586104,-7.572827599611201e-42,False,True,Solve_Succeeded,9,0.011139466005261056,0.01333755499945255,0.013731583996559493,True,1.2329619547557513e-09,598.0612695019124,shifted_warm_start,
83.3,98.366,98.354,4.566666700000001,1,learned_h2,3.4208192069496413,0.13912866002651159,0.29027869073196316,0.00024674482513884795,7.409854985789571e-07,3.4207088554610157,0.13909569658299484,0.29027310180225013,-0.0026318918613035805,0.0,-0.00011276509295450735,3.281927433032103,2.1420407613766748,0.2954983829540507,2.7777777778,2.4133039649534557e-07,-7.572827599611201e-42,2.4133420146789417e-07,-8.881584630303172e-43,2.4133420146789417e-07,-6.753464893837309e-43,2.4133420146789417e-07,0.29027310180225013,-8.881584630303172e-43,False,True,Solve_Succeeded,9,0.011318044998915866,0.013480488996719941,0.013862383006198797,True,1.2362997292569844e-09,598.0515838154981,shifted_warm_start,
83.4,98.466,98.456,4.566666700000001,1,learned_h2,3.4207443844199332,0.139106342334755,0.29027867427262094,0.0002468000998934715,7.409596018424097e-07,3.4206335660143132,0.1390732394176553,0.2902730839615531,-0.002631839509431608,0.0,-0.00011276304718997922,3.2818533583128113,2.1420180534511304,0.2954980722358334,2.7777777778,2.4133420146789417e-07,-8.881584630303172e-43,2.4133800523271386e-07,1.8765234946417252e-42,2.4133800523271386e-07,1.4268890148594129e-42,2.4133800523271386e-07,0.2902730839615531,1.8765234946417252e-42,False,True,Solve_Succeeded,9,0.014513246002024971,0.01680866799870273,0.01726372600387549,True,1.239645053274785e-09,598.0418995902306,shifted_warm_start,
83.5,98.566,98.558,4.566666700000001,1,learned_h2,3.420669567257546,0.13908402624870903,0.2902786578119532,0.00024685467729886827,7.397318459187304e-07,3.4205582816448925,0.13905078377142183,0.29027306585963325,-0.002631787916825857,0.0,-0.00011276469751643424,3.281779288906536,2.141995347181271,0.2954977615314283,2.7777777778,2.4133800523271386e-07,1.8765234946417252e-42,2.413418091825883e-07,-8.61847396628539e-43,2.413418091825883e-07,-6.553398272102303e-43,2.413418091825883e-07,0.29027306585963325,-8.61847396628539e-43,False,True,Solve_Succeeded,9,0.0144701030003489,0.01714926300337538,0.01751664800394792,True,1.2429993145879337e-09,598.0322159245096,shifted_warm_start,
83.6,98.666,98.66,4.566666700000001,1,learned_h2,3.4205947553953573,0.1390617117460839,0.2902786413524075,0.00024690856591662297,7.396872153419371e-07,3.420483002295791,0.13902832962501027,0.29027304793550507,-0.0026317369656324195,0.0,-0.00011276434582944525,3.281705224746843,2.14197264254445,0.2954974508430204,2.7777777778,2.413418091825883e-07,-8.61847396628539e-43,2.4134561280206216e-07,6.35789795180139e-43,2.4134561280206216e-07,4.834479701920619e-43,2.4134561280206216e-07,0.29027304793550507,6.35789795180139e-43,False,True,Solve_Succeeded,9,0.01446834699891042,0.0170507809962146,0.017582905995368492,True,1.2463619025737671e-09,598.0225331440395,shifted_warm_start,
83.7,98.766,98.762,4.566666700000001,1,learned_h2,3.4205199487661844,0.13903939880792826,0.29027862489235606,0.00024696177444083803,7.411289830108151e-07,3.4204077278992586,0.13900587695930194,0.2902730301619408,-0.0026316867605128205,0.0,-0.00011276271738873037,3.2816311657672155,2.1419499395213655,0.29549714016871825,2.7777777778,2.4134561280206216e-07,6.35789795180139e-43,2.413494161265032e-07,-6.6337524009782806e-43,2.413494161265032e-07,-5.04423656579924e-43,2.413494161265032e-07,0.2902730301619408,-6.6337524009782806e-43,False,True,Solve_Succeeded,9,0.014476039999863133,0.017029390997777227,0.01736020499811275,True,1.2497330392768902e-09,598.0128512198344,shifted_warm_start,
83.8,98.866,98.864,4.566666700000001,1,learned_h2,3.4204451473039565,0.13901708741465124,0.2902786084321733,0.00024701431168909163,7.410820713129993e-07,3.420332458401687,0.13898342575845174,0.29027301219151397,-0.0026316371328118336,0.0,-0.00011276322403774994,3.2815571119022424,2.1419272380920726,0.2954968295086386,2.7777777778,2.413494161265032e-07,-6.6337524009782806e-43,2.4135321956904076e-07,3.979445185411921e-44,2.4135321956904076e-07,3.025928871401402e-44,2.4135321956904076e-07,0.29027301219151397,3.979445185411921e-44,False,True,Solve_Succeeded,9,0.01390340700163506,0.016176946002815384,0.016651411999191623,True,1.253113002253059e-09,598.0031698807367,shifted_warm_start,
83.9,98.966,98.932,4.566666700000001,1,learned_h2,3.420395282501442,0.13900221399882073,0.290278597463493,0.0002470489671845774,7.484449211895398e-07,3.42029017181031,0.13897081607563497,0.2902730260190578,-0.002631605794551621,0.0,-0.00011275463414174778,3.2815077454691743,2.141912104679242,0.29549662241454416,2.7777777778,2.4135321956904076e-07,3.979445185411921e-44,2.4135532759643235e-07,-1.5772654810139173e-42,2.4135532759643235e-07,-1.1993363231540028e-42,2.4135532759643235e-07,0.2902730260190578,-1.5772654810139173e-42,False,True,Solve_Succeeded,9,0.015774758001498412,0.018149461997381877,0.01851245899888454,True,1.254976456088741e-09,597.9977505557455,shifted_warm_start,
84.0,99.066,99.034,4.566666700000001,1,learned_h2,3.420320489505995,0.13897990513817704,0.2902785810019755,0.0002471004043101186,7.472005517067558e-07,3.420214911994975,0.13894836777039124,0.2902730077608205,-0.0026315569268858027,0.0,-0.00011275847632324145,3.2814336999852705,2.1418894058633478,0.29549631177648533,2.7777777778,2.4135532759643235e-07,-1.5772654810139173e-42,2.4135913109697814e-07,4.5634042907675925e-43,2.4135913109697814e-07,3.4699653222843283e-43,2.4135913109697814e-07,0.2902730077608205,4.5634042907675925e-43,False,True,Solve_Succeeded,9,0.01460449599835556,0.017440315001294948,0.0178860550004174,True,1.2583822317502324e-09,597.9880704070492,shifted_warm_start,
84.1,99.166,99.136,4.566666700000001,1,learned_h2,3.420245701505814,0.13895759776974603,0.29027856454163997,0.0002471511922424761,7.471676860029374e-07,3.4201396569224523,0.13892592088194222,0.2902729898368701,-0.0026315081158159457,0.0,-0.00011275780501065917,3.2813596594460694,2.1418667085876746,0.2954960011532895,2.7777777778,2.4135913109697814e-07,4.5634042907675925e-43,2.4136293409618466e-07,-6.989080574552688e-43,2.4136293409618466e-07,-5.314424425951869e-43,2.4136293409618466e-07,0.2902729898368701,-6.989080574552688e-43,False,True,Solve_Succeeded,9,0.01672006000444526,0.019597487000282854,0.020049318998644594,True,1.2617840106088352e-09,597.9783912267964,shifted_warm_start,
84.2,99.266,99.238,4.566666700000001,1,learned_h2,3.4201709184375355,0.13893529187580947,0.2902785480815956,0.0002472013391735405,7.48565162631361e-07,3.4200644064647276,0.13890347537326822,0.2902729720765047,-0.002631460802180809,0.0,-0.00011275623242433245,3.2812856237888317,2.141844012834172,0.2954956905438181,2.7777777778,2.4136293409618466e-07,-6.989080574552688e-43,2.4136673680186197e-07,-4.065944847763422e-42,2.4136673680186197e-07,-3.091702318070648e-42,2.4136673680186197e-07,0.2902729720765047,-4.065944847763422e-42,False,True,Solve_Succeeded,9,0.01321174600161612,0.015856186997552868,0.01633029400545638,True,1.2651943381847275e-09,597.968712869162,shifted_warm_start,
84.3,99.366,99.34,4.566666700000001,1,learned_h2,3.420096140238261,0.1389129874399978,0.29027853161981876,0.00024725085346848997,7.488387316673217e-07,3.4199891606082384,0.13888103124276402,0.29027295413338444,-0.002631414046408058,0.0,-0.00011275635749578889,3.281211592951277,2.1418213185861377,0.29549537994580144,2.7777777778,2.4136673680186197e-07,-4.065944847763422e-42,2.413705396235193e-07,-4.098079875454592e-42,2.413705396235193e-07,-3.116137460042312e-42,2.413705396235193e-07,0.29027295413338444,-4.098079875454592e-42,False,True,Solve_Succeeded,9,0.01505272099893773,0.0177713200027938,0.01810362599644577,True,1.2686135475448168e-09,597.9590350699106,shifted_warm_start,
84.4,99.466,99.442,4.566666700000001,1,learned_h2,3.4200213668468855,0.13889068444275798,0.2902785151580721,0.00024729974370495995,7.396715668992718e-07,3.41991391931854,0.13885858847892077,0.2902729349270387,-0.0026313673809602593,0.0,-0.00011276689125729636,3.281137566872916,2.1417986258236983,0.2954950693607629,2.7777777778,2.413705396235193e-07,-4.098079875454592e-42,2.4137434383981954e-07,-1.7052491679177218e-43,2.4137434383981954e-07,-1.296653792104271e-43,2.4137434383981954e-07,0.2902729349270387,-1.7052491679177218e-43,False,True,Solve_Succeeded,9,0.013362963996769395,0.015457920999324415,0.01590007900085766,True,1.272043026467884e-09,597.9493570021048,shifted_warm_start,
84.5,99.566,99.544,4.566666700000001,1,learned_h2,3.4199465982038317,0.13886838286231268,0.2902784986986727,0.00024734801634441746,7.396133157912506e-07,3.4198386825022964,0.13883614704967853,0.290272917128288,-0.0026313215964166277,0.0,-0.00011276400221829223,3.281063545494791,2.14177593452476,0.2954947587907858,2.7777777778,2.4137434383981954e-07,-1.7052491679177218e-43,2.413781463001532e-07,-8.85268182201911e-43,2.413781463001532e-07,-6.73148749800034e-43,2.413781463001532e-07,0.290272917128288,-8.85268182201911e-43,False,True,Solve_Succeeded,9,0.014837156006251462,0.017262504996324424,0.017665220999333542,True,1.2754797773517623e-09,597.9396806838632,shifted_warm_start,
84.6,99.666,99.646,4.566666700000001,1,learned_h2,3.4198718342483745,0.13884608268351167,0.2902784822389998,0.00024739567976365706,7.410598949423214e-07,3.419763450103008,0.13881370694124912,0.2902728993629594,-0.002631276690600034,0.0,-0.00011276268813154835,3.280989528756765,2.1417532446738536,0.29549444823301235,2.7777777778,2.413781463001532e-07,-8.85268182201911e-43,2.413819486306144e-07,-7.793697860852032e-43,2.413819486306144e-07,-5.926247070467026e-43,2.413819486306144e-07,0.2902728993629594,-7.793697860852032e-43,False,True,Solve_Succeeded,9,0.01288806099910289,0.01516306300618453,0.015625751999323256,True,1.2789252989975353e-09,597.9300050637543,shifted_warm_start,
84.7,99.766,99.748,4.566666700000001,1,learned_h2,3.4197970749210937,0.1388237838895798,0.29027846577775557,0.0002474427419588466,7.39790388980781e-07,3.419688222088635,0.13879126814506734,0.29027288123187595,-0.0026312321765251316,0.0,-0.00011276460004484621,3.2809155166000137,2.1417305562538895,0.29549413768591154,2.7777777778,2.413819486306144e-07,-7.793697860852032e-43,2.413857513043552e-07,-5.466091333829888e-42,2.413857513043552e-07,-4.15635919333332e-42,2.413857513043552e-07,0.29027288123187595,-5.466091333829888e-42,False,True,Solve_Succeeded,9,0.01267395000468241,0.01543290800327668,0.0159236969993799,True,1.2823800354944126e-09,597.9203298343755,shifted_warm_start,
84.8,99.866,99.85,4.566666700000001,1,learned_h2,3.419722320164125,0.13880148646125162,0.29027844931723573,0.00024748921023413364,7.39763759819912e-07,3.419612998396986,0.13876883064053355,0.2902728633121028,-0.0026311882272023615,0.0,-0.00011276415591293605,3.2808415089672587,2.1417078692452978,0.29549382715155265,2.7777777778,2.413857513043552e-07,-5.466091333829888e-42,2.4138955364288995e-07,2.5325626841342205e-42,2.4138955364288995e-07,1.92573441459838e-42,2.4138955364288995e-07,0.2902728633121028,2.5325626841342205e-42,False,True,Solve_Succeeded,9,0.012471761998313013,0.015266102003806736,0.015637725999113172,True,1.2858434872420332e-09,597.9106554258855,shifted_warm_start,
84.9,99.966,99.952,4.566666700000001,1,learned_h2,3.419647569919526,0.13877919038219788,0.2902784328566855,0.0002475350921764216,7.397233295414185e-07,3.4195377789725705,0.13874639441206757,0.29027284536523895,-0.002631144873032243,0.0,-0.0001127642361895959,3.280767505801131,2.141685183631443,0.29549351662895434,2.7777777778,2.4138955364288995e-07,2.5325626841342205e-42,2.4139335593055856e-07,-2.1091635379236786e-42,2.4139335593055856e-07,-1.603786092419753e-42,2.4139335593055856e-07,0.29027284536523895,-2.1091635379236786e-42,False,True,Solve_Succeeded,9,0.012238899995281827,0.014305270997283515,0.014663779002148658,True,1.2893158762850021e-09,597.9009816501756,shifted_warm_start,
85.0,100.066,100.054,4.566666700000001,1,learned_h2,3.419572824130397,0.13875689563528174,0.29027841639606966,0.00024758039509085767,7.412085392249807e-07,3.419462563761446,0.13872395944340085,0.29027282761025236,-0.0026311021324591736,0.0,-0.00011276251198136459,3.2806935070453,2.1416624993948905,0.29549320611785856,2.7777777778,2.4139335593055856e-07,-2.1091635379236786e-42,2.4139715791131067e-07,-2.6713537535530733e-42,2.4139715791131067e-07,-2.0312697051928426e-42,2.4139715791131067e-07,0.29027282761025236,-2.6713537535530733e-42,False,True,Solve_Succeeded,9,0.013059097000223119,0.015419406998262275,0.015860908999457024,True,1.292796925067563e-09,597.891308666809,shifted_warm_start,
85.1,100.166,100.156,4.566666700000001,1,learned_h2,3.419498082739434,0.1387346022073464,0.29027839993285676,0.0002476251265629233,7.402165090765491e-07,3.4193873527182475,0.13870152572497946,0.2902728095202795,-0.0026310598353732864,0.0,-0.00011276411779776185,3.2806195126430193,2.141639816522179,0.29549289561550907,2.7777777778,2.4139715791131067e-07,-2.6713537535530733e-42,2.4140096020942653e-07,1.152802725855936e-42,2.4140096020942653e-07,8.765792437562199e-43,2.4140096020942653e-07,0.2902728095202795,1.152802725855936e-42,False,True,Solve_Succeeded,9,0.012159158999565989,0.014427677997446153,0.014871945000777487,True,1.2962874107458333e-09,597.88163607077,shifted_warm_start,
85.2,100.266,100.258,4.566666700000001,1,learned_h2,3.4194233456945105,0.13871231007045806,0.29027838347996165,0.0002476692929726119,7.470213069622659e-07,3.419312145774236,0.13867909322381583,0.2902727924222383,-0.0026310184055769606,0.0,-0.00011275592712961563,3.2805455225427442,2.1416171349851,0.2954925851346169,2.7777777778,2.4140096020942653e-07,1.152802725855936e-42,2.4140476126213413e-07,-5.350415219916448e-43,2.4140476126213413e-07,-4.068400275314962e-43,2.4140476126213413e-07,0.2902727924222383,-5.350415219916448e-43,False,True,Solve_Succeeded,9,0.014327921002404764,0.01650065200374229,0.01693313600117108,True,1.2997856124741247e-09,597.8719648575199,shifted_warm_start,
85.3,100.366,100.36,4.566666700000001,1,learned_h2,3.4193486129371293,0.1386900192205433,0.29027836702051,0.0002477129025457379,7.48415439813963e-07,3.4192369428964673,0.13865666194359297,0.29027277452260875,-0.002630977386789543,0.0,-0.00011275653859533869,3.2804715366864947,2.1415944547792733,0.29549227465807903,2.7777777778,2.4140476126213413e-07,-5.350415219916448e-43,2.414085631885733e-07,-2.9217827494561286e-43,2.414085631885733e-07,-2.2216933179409293e-43,2.414085631885733e-07,0.29027277452260875,-2.9217827494561286e-43,False,True,Solve_Succeeded,9,0.013497410996933468,0.015846349000639748,0.016265717000351287,True,1.303293861720789e-09,597.8622936639574,shifted_warm_start,
85.4,100.466,100.462,4.566666700000001,1,learned_h2,3.4192738844144315,0.13866772963725207,0.29027835056028706,0.00024775596194186205,7.484173321889068e-07,3.4191617440410376,0.13863423186658602,0.29027275655773677,-0.002630936666968769,0.0,-0.00011275669717404116,3.280397555021966,2.141571775884069,0.29549196419147283,2.7777777778,2.414085631885733e-07,-2.9217827494561286e-43,2.414123651214433e-07,2.0220879790185726e-42,2.414123651214433e-07,1.5375747399804055e-42,2.414123651214433e-07,0.29027275655773677,2.0220879790185726e-42,False,True,Solve_Succeeded,9,0.012588567995408084,0.014857638001558371,0.015229732998705003,True,1.3068111037739527e-09,597.852623042697,shifted_warm_start,
85.5,100.566,100.564,4.566666700000001,1,learned_h2,3.4191991600727802,0.13864544130525702,0.2902783340984047,0.0002477984781010449,7.471936492619679e-07,3.4190865491497306,0.13861180297610318,0.2902727384628685,-0.0026308964155650197,0.0,-0.000112758035806105,3.2803235774960515,2.141549098283878,0.29549165373370107,2.7777777778,2.414123651214433e-07,2.0220879790185726e-42,2.414161671400892e-07,8.045274853864622e-44,2.414161671400892e-07,6.11754360831803e-44,2.414161671400892e-07,0.2902727384628685,8.045274853864622e-44,False,True,Solve_Succeeded,9,0.013716133005800657,0.016103475994896144,0.01657648999389494,True,1.3103376717005233e-09,597.8429529372634,shifted_warm_start,
85.6,100.666,100.666,4.566666700000001,1,learned_h2,3.4191244398600493,0.13862315420669694,0.290278317637941,0.00024784045770844226,7.47117547722834e-07,3.4190113581698385,0.13858937525409043,0.29027272051951625,-0.002630856717324711,0.0,-0.00011275772277841961,3.2802496040571585,2.141526421960562,0.29549134328763704,2.7777777778,2.414161671400892e-07,8.045274853864622e-44,2.4141996891479324e-07,2.8388244713414652e-42,2.4141996891479324e-07,2.1586127031383604e-42,2.4141996891479324e-07,0.29027272051951625,2.8388244713414652e-42,False,True,Solve_Succeeded,9,0.015699439994932618,0.018112409001332708,0.01855834999878425,True,1.3138730103889884e-09,597.8332835540704,shifted_warm_start,
85.7,100.766,100.734,4.566666700000001,1,learned_h2,3.4190746286517797,0.13860829682255169,0.2902783066611532,0.00024786815005681923,7.397078511479676e-07,3.418969149589221,0.13857678889429983,0.29027273238581086,-0.0026308310317335404,0.0,-0.00011276618770614481,3.2802002906750864,2.1415113051172385,0.2954911363260595,2.7777777778,2.4141996891479324e-07,2.8388244713414652e-42,2.414220766227341e-07,5.259483256403275e-43,2.414220766227341e-07,3.9992565527838915e-43,2.414220766227341e-07,0.29027273238581086,5.259483256403275e-43,False,True,Solve_Succeeded,9,0.012871082995843608,0.015593770003761165,0.015930715002468787,True,1.3158227285536839e-09,597.8278738036033,shifted_warm_start,
85.8,100.866,100.836,4.566666700000001,1,learned_h2,3.4189999152044215,0.13858601174754637,0.2902782902004029,0.0002479092505577581,7.397164036481414e-07,3.418893966354167,0.13855436348829037,0.29027271456308595,-0.0026307918036555127,0.0,-0.00011276385335063205,3.2801263239328864,2.141488630889269,0.29549082589640313,2.7777777778,2.414220766227341e-07,5.259483256403275e-43,2.41425878069982e-07,-2.846771843781217e-42,2.41425878069982e-07,-2.1646558027657612e-42,2.41425878069982e-07,0.29027271456308595,-2.846771843781217e-42,False,True,Solve_Succeeded,9,0.012837775000662077,0.015074089998961426,0.015584834000037517,True,1.3193848791281937e-09,597.8182056714318,shifted_warm_start,
85.9,100.966,100.938,4.566666700000001,1,learned_h2,3.41892520574829,0.13856372786563215,0.290278273740023,0.00024794983226255647,7.410790396412866e-07,3.4188187868920807,0.13853193921018594,0.2902726967991375,-0.00263075298654713,0.0,-0.00011276258623252119,3.280052361141389,2.1414659578971067,0.2954905154768671,2.7777777778,2.41425878069982e-07,-2.846771843781217e-42,2.4142967938986085e-07,-4.533257193521793e-42,2.4142967938986085e-07,-3.447041782018107e-42,2.4142967938986085e-07,0.2902726967991375,-4.533257193521793e-42,False,True,Solve_Succeeded,9,0.012995404002140276,0.015043398001580499,0.015453288004209753,True,1.3229432549444198e-09,597.8085381734064,shifted_warm_start,
86.0,101.066,101.04,4.566666700000001,1,learned_h2,3.4188505002325345,0.13854144516333403,0.29027825727755485,0.000247989902098615,7.398407903914631e-07,3.418743611131673,0.13850951604044123,0.29027267866235545,-0.0026307150802167595,0.0,-0.00011276443411587626,3.279978402250245,2.141443286127009,0.2954902050647934,2.7777777778,2.4142967938986085e-07,-4.533257193521793e-42,2.4143348109567077e-07,1.1402751761382928e-42,2.4143348109567077e-07,8.670534248009806e-43,2.4143348109567077e-07,0.29027267866235545,1.1402751761382928e-42,False,True,Solve_Succeeded,9,0.013834819001203869,0.016216591000556946,0.016532194000319578,True,1.3265112341898089e-09,597.7988709727395,shifted_warm_start,
86.1,101.166,101.142,4.566666700000001,1,learned_h2,3.418775798607829,0.13851916362447758,0.29027824081625986,0.0002480294662723712,7.39960285942325e-07,3.4186684390471918,0.13848709396987785,0.290272660760612,-0.002630677664067773,0.0,-0.00011276383722080522,3.2799044472106273,2.1414206155625397,0.29548989466325115,2.7777777778,2.4143348109567077e-07,1.1402751761382928e-42,2.414372824704173e-07,-1.825592074928479e-42,2.414372824704173e-07,-1.3881612912217719e-42,2.414372824704173e-07,0.290272660760612,-1.825592074928479e-42,False,True,Solve_Succeeded,9,0.014266448997659609,0.016941540998232085,0.017394574999343604,True,1.3300880397082437e-09,597.789204527932,shifted_warm_start,
86.2,101.266,101.244,4.566666700000001,1,learned_h2,3.4187011008260098,0.13849688323124612,0.29027822436173567,0.0002480685305779328,7.483728088797832e-07,3.41859327057287,0.13846467297535697,0.29027264394861946,-0.0026306411754512407,0.0,-0.00011275427055330988,3.279830495974872,2.1413979461856325,0.2954895842776488,2.7777777778,2.414372824704173e-07,-1.825592074928479e-42,2.4144108250759474e-07,3.125505775726133e-42,2.4144108250759474e-07,2.3766021954948898e-42,2.4144108250759474e-07,0.29027264394861946,3.125505775726133e-42,False,True,Solve_Succeeded,9,0.01368856499902904,0.015993972003343515,0.016388591000577435,True,1.3336728943436071e-09,597.7795394792937,shifted_warm_start,
86.3,101.366,101.346,4.566666700000001,1,learned_h2,3.418626406836693,0.13847460397553185,0.2902782079016225,0.0002481071026440069,7.483494456459299e-07,3.418518105697519,0.13844225306065427,0.29027262585464053,-0.0026306048665828323,0.0,-0.00011275697811291735,3.279756548493066,2.1413752779879096,0.29548927389542895,2.7777777778,2.4144108250759474e-07,3.125505775726133e-42,2.4144488443011243e-07,1.8377532761189317e-42,2.4144488443011243e-07,1.3974085425541966e-42,2.4144488443011243e-07,0.29027262585464053,1.8377532761189317e-42,False,True,Solve_Succeeded,9,0.013264419998449739,0.01573707699571969,0.01608545500494074,True,1.3373263052507411e-09,597.7698740240611,shifted_warm_start,
86.4,101.466,101.448,4.566666700000001,1,learned_h2,3.418551716592629,0.138452325840985,0.29027819144014133,0.0002481451880612869,7.471118366624876e-07,3.418442944376567,0.1384198342101278,0.2902726077535626,-0.002630568749287368,0.0,-0.00011275803988670053,3.279682604718441,2.141352610952776,0.29548896352062837,2.7777777778,2.4144488443011243e-07,1.8377532761189317e-42,2.4144868667081863e-07,-3.2025034485287713e-43,2.4144868667081863e-07,-2.4351504278008223e-43,2.4144868667081863e-07,0.2902726077535626,-3.2025034485287713e-43,False,True,Solve_Succeeded,9,0.013152315994375385,0.015501219000725541,0.015855990001000464,True,1.3410383359335754e-09,597.7602091253938,shifted_warm_start,
86.5,101.566,101.55,4.566666700000001,1,learned_h2,3.418477030047156,0.1384300488114253,0.29027817497968583,0.0002481827928736543,7.470856918925067e-07,3.418367786549108,0.1383974164033283,0.290272589815682,-0.002630533187890962,0.0,-0.00011275766701800698,3.2796086646048153,2.141329945063803,0.2954886531554572,2.7777777778,2.4144868667081863e-07,-3.2025034485287713e-43,2.414524886768665e-07,5.711025123945861e-43,2.414524886768665e-07,4.3426043085595965e-43,2.414524886768665e-07,0.290272589815682,5.711025123945861e-43,False,True,Solve_Succeeded,9,0.01537279399781255,0.018484733998775482,0.01901522600383032,True,1.3447598035121189e-09,597.7505449040196,shifted_warm_start,
86.6,101.666,101.652,4.566666700000001,1,learned_h2,3.418402347153303,0.1384077728739734,0.2902781585189222,0.0002482199230535233,7.48511283036497e-07,3.4182926321715725,0.13837499962839292,0.2902725720385118,-0.0026304981772575023,0.0,-0.00011275606668182462,3.2795347281056815,2.141307280307865,0.2954883427983978,2.7777777778,2.414524886768665e-07,5.711025123945861e-43,2.4145629045318834e-07,1.2809314321034807e-42,2.4145629045318834e-07,9.740069839123196e-43,2.4145629045318834e-07,0.2902725720385118,1.2809314321034807e-42,False,True,Solve_Succeeded,9,0.014474757001153193,0.016873572996701114,0.01735142200050177,True,1.3484908745198254e-09,597.7408813529065,shifted_warm_start,
86.7,101.766,101.754,4.566666700000001,1,learned_h2,3.418327667864979,0.1383854980148736,0.2902781420576736,0.0002482565848763269,7.4847869027175e-07,3.4182174812088677,0.1383525838748775,0.2902725540536965,-0.0026304635529781958,0.0,-0.00011275655417186493,3.279460795175411,2.1412846166709647,0.29548803244909355,2.7777777778,2.4145629045318834e-07,1.2809314321034807e-42,2.4146009243708966e-07,7.546331729393629e-42,2.4146009243708966e-07,5.738152428095573e-42,2.4146009243708966e-07,0.2902725540536965,7.546331729393629e-42,False,True,Solve_Succeeded,9,0.012255749003088567,0.014770132998819463,0.015077921001648065,True,1.3522318265124511e-09,597.7312181873175,shifted_warm_start,
86.8,101.866,101.856,4.566666700000001,1,learned_h2,3.4182529921364373,0.13836322422136926,0.29027812559551236,0.0002482927841930893,7.472050060547684e-07,3.4181423336205565,0.1383301691316059,0.2902725359430942,-0.0026304292680093787,0.0,-0.00011275793909466288,3.279386865768709,2.1412619541401026,0.2954877221069364,2.7777777778,2.4146009243708966e-07,7.546331729393629e-42,2.4146389453367394e-07,-3.6276731577101026e-43,2.4146389453367394e-07,-2.758445067710269e-43,2.4146389453367394e-07,0.2902725359430942,-3.6276731577101026e-43,False,True,Solve_Succeeded,9,0.01226314499945147,0.014475652998953592,0.014886915996612515,True,1.3559827705122984e-09,597.7215554646871,shifted_warm_start,
86.9,101.966,101.958,4.566666700000001,1,learned_h2,3.4181783199226374,0.13834095148045006,0.29027810913294577,0.00024832852666969074,7.474691629653075e-07,3.418067189357028,0.13830775538417897,0.2902725180384743,-0.0026303954804929447,0.0,-0.00011275722250879794,3.279312939840983,2.141239292702033,0.29548741177225785,2.7777777778,2.4146389453367394e-07,-3.6276731577101026e-43,2.4146769635304583e-07,-4.6573325649355573e-42,2.4146769635304583e-07,-3.541387408380064e-42,2.4146769635304583e-07,0.2902725180384743,-4.6573325649355573e-42,False,True,Solve_Succeeded,9,0.013501499000994954,0.015924112005450297,0.01627347199973883,True,1.3597433179413088e-09,597.7118934311891,shifted_warm_start,
87.0,102.066,102.06,4.566666700000001,1,learned_h2,3.4181036511796434,0.13831867977741882,0.2902780926716652,0.00024836381866870605,7.409842994000489e-07,3.4179920483951114,0.13828534262417252,0.29027249931118204,-0.0026303618190989366,0.0,-0.00011276478864603623,3.2792390173487465,2.141216632341826,0.29548710144657736,2.7777777778,2.4146769635304583e-07,-4.6573325649355573e-42,2.414714991130187e-07,7.907103445979562e-44,2.414714991130187e-07,6.012479501930972e-44,2.414714991130187e-07,0.29027249931118204,7.907103445979562e-44,False,True,Solve_Succeeded,9,0.013809976997436024,0.015800558001501486,0.016119477004394867,True,1.3635145790225067e-09,597.7022313006632,shifted_warm_start,
87.1,102.166,102.162,4.566666700000001,1,learned_h2,3.4180289858637996,0.1382964090987731,0.29027807621035123,0.0002483986649497511,7.396852313346704e-07,3.417916910673709,0.13826293083276822,0.290272481322028,-0.0026303287081438876,0.0,-0.000112764184432683,3.2791650982487806,2.1411939730457505,0.2954867911284041,2.7777777778,2.414714991130187e-07,7.907103445979562e-44,2.414753009710745e-07,1.889428758078759e-42,2.414753009710745e-07,1.436702043411814e-42,2.414753009710745e-07,0.290272481322028,1.889428758078759e-42,False,True,Solve_Succeeded,9,0.01413863700145157,0.016805002000182867,0.01715087500633672,True,1.3672948329102041e-09,597.6925702523898,shifted_warm_start,
87.2,102.266,102.264,4.566666700000001,1,learned_h2,3.417954323931903,0.13827413943140554,0.2902780597497812,0.0002484330714998211,7.396903654260613e-07,3.417841776149136,0.13824051999676043,0.29027246339061813,-0.002630296217683154,0.0,-0.00011276401962924527,3.279091182498319,2.1411713148004696,0.29548648081834666,2.7777777778,2.414753009710745e-07,1.889428758078759e-42,2.414791027339971e-07,-4.792453654797862e-43,2.414791027339971e-07,-3.644132084559653e-43,2.414791027339971e-07,0.29027246339061813,-4.792453654797862e-43,False,True,Solve_Succeeded,9,0.013570142997195944,0.015838432998862118,0.016235435999988113,True,1.3710849122716695e-09,597.6829097630654,shifted_warm_start,
87.3,102.366,102.366,4.566666700000001,1,learned_h2,3.4178796653410757,0.13825187076317696,0.29027804328909257,0.00024846704376993564,7.411061282970292e-07,3.417766644788791,0.13821811010707474,0.29027244560659793,-0.002630264191954372,0.0,-0.00011276244371484736,3.2790172700549083,2.1411486575936216,0.29548617051537374,2.7777777778,2.414791027339971e-07,-4.792453654797862e-43,2.414829042972985e-07,-3.4461649767735072e-43,2.414829042972985e-07,-2.620428128287408e-43,2.414829042972985e-07,0.29027244560659793,-3.4461649767735072e-43,False,True,Solve_Succeeded,9,0.012618685002962593,0.014817527000559494,0.015140636001888197,True,1.3748845950622979e-09,597.6732498969574,shifted_warm_start,
87.4,102.466,102.434,4.566666700000001,1,learned_h2,3.4178298947830967,0.1382370255312258,0.29027803231854166,0.0002484894531266706,7.470013868920456e-07,3.417724495368887,0.13820554142643746,0.2902724591795002,-0.002630244015924713,0.0,-0.00011275608923194737,3.278967996909854,2.1411335533576468,0.29548596365388957,2.7777777778,2.414829042972985e-07,-3.4461649767735072e-43,2.4148500866580937e-07,6.700089779164416e-43,2.4148500866580937e-07,5.094678820574442e-43,2.4148500866580937e-07,0.2902724591795002,6.700089779164416e-43,False,True,Solve_Succeeded,9,0.011402894000639208,0.014184216001012828,0.014525879996654112,True,1.3769772544414138e-09,597.6678500195678,shifted_warm_start,
87.5,102.566,102.536,4.566666700000001,1,learned_h2,3.417755241667131,0.13821475850087311,0.29027801585792823,0.0002485227140004333,7.484544143420711e-07,3.4176493702680486,0.13818313340888982,0.2902724413377788,-0.0026302125377085056,0.0,-0.00011275628888835542,3.278894089885539,2.1411108978536686,0.29548565336263144,2.7777777778,2.4148500866580937e-07,6.700089779164416e-43,2.414888101910989e-07,-7.385297403433065e-43,2.414888101910989e-07,-5.6157035957817044e-43,2.414888101910989e-07,0.2902724413377788,-7.385297403433065e-43,False,True,Solve_Succeeded,9,0.013693938999495003,0.01623886399465846,0.016651519006700255,True,1.3808058585418337e-09,597.6581910773169,shifted_warm_start,
87.6,102.666,102.638,4.566666700000001,1,learned_h2,3.417680591780872,0.13819249243681642,0.2902779993968654,0.0002485555552485579,7.484489824792598e-07,3.417574248238784,0.1381607263104301,0.29027242336813697,-0.0026301810062691142,0.0,-0.0001127565133216964,3.2788201860580246,2.141088243354693,0.29548534307769136,2.7777777778,2.414888101910989e-07,-7.385297403433065e-43,2.41492611846413e-07,-1.9937801871110284e-43,2.41492611846413e-07,-1.5160497884286995e-43,2.41492611846413e-07,0.29027242336813697,-1.9937801871110284e-43,False,True,Solve_Succeeded,9,0.015123450000828598,0.01745972899516346,0.01793917900067754,True,1.3846311319731797e-09,597.6485325370546,shifted_warm_start,
87.7,102.766,102.74,4.566666700000001,1,learned_h2,3.4176059450834275,0.13817022732729967,0.290277982934368,0.00024858798215644605,7.471548327486651e-07,3.417499129201624,0.13813832010778077,0.2902724052336396,-0.0026301502856721144,0.0,-0.00011275793005524787,3.2787462853868248,2.1410655898487483,0.295485032797924,2.7777777778,2.41492611846413e-07,-1.9937801871110284e-43,2.414964136798915e-07,9.454729291700885e-43,2.414964136798915e-07,7.189278153628046e-43,2.414964136798915e-07,0.2902724052336396,9.454729291700885e-43,False,True,Solve_Succeeded,9,0.01335929799824953,0.016019656002754346,0.016477985001984052,True,1.3884666194563522e-09,597.6388743606658,shifted_warm_start,
87.8,102.866,102.842,4.566666700000001,1,learned_h2,3.4175313015349484,0.13814796315897965,0.29027796647297244,0.00024861999984712263,7.471215232515318e-07,3.4174240131373654,0.13811591479373803,0.29027238729443544,-0.002630120002935881,0.0,-0.00011275754769460865,3.278672387832497,2.1410429373222817,0.2954847225257091,2.7777777778,2.414964136798915e-07,9.454729291700885e-43,2.4150021526678703e-07,2.7067290141847424e-42,2.4150021526678703e-07,2.0581686867069294e-42,2.4150021526678703e-07,0.29027238729443544,2.7067290141847424e-42,False,True,Solve_Succeeded,9,0.013357855001231655,0.01579366000078153,0.01635140099824639,True,1.3923118769021414e-09,597.629216819044,shifted_warm_start,
87.9,102.966,102.944,4.566666700000001,1,learned_h2,3.41745666109542,0.1381256999209378,0.29027795001105844,0.00024865161345157644,7.486674911542497e-07,3.4173489000061346,0.1380935103574265,0.2902723695435113,-0.002630090212038447,0.0,-0.00011275581042761507,3.278598493355421,2.141020285764164,0.29548441225927036,2.7777777778,2.4150021526678703e-07,2.7067290141847424e-42,2.4150401661722057e-07,2.048405453935698e-43,2.4150401661722057e-07,1.5575862751225509e-43,2.4150401661722057e-07,0.2902723695435113,2.048405453935698e-43,False,True,Solve_Succeeded,9,0.015239847998600453,0.018024030003289226,0.018480421000276692,True,1.3961669043105474e-09,597.619559902143,shifted_warm_start,
88.0,103.066,103.046,4.566666700000001,1,learned_h2,3.417382023724525,0.13810343760506127,0.2902779335468914,0.00024868282897030734,7.396669334100716e-07,3.417273789800126,0.13807110680056303,0.29027235037027477,-0.002630060291133725,0.0,-0.0001127666222865599,3.278524601915666,2.1409976351660704,0.2954841019967147,2.7777777778,2.4150401661722057e-07,2.048405453935698e-43,2.415078196358867e-07,-2.2415045659421534e-42,2.415078196358867e-07,-1.704416838389079e-42,2.415078196358867e-07,0.29027235037027477,-2.2415045659421534e-42,False,True,Solve_Succeeded,9,0.012997447003726847,0.015574190998449922,0.01591661699785618,True,1.4000337555941655e-09,597.6099023853772,shifted_warm_start,
88.1,103.166,103.148,4.566666700000001,1,learned_h2,3.4173073893858272,0.1380811761921107,0.2902779170863936,0.00024871364996389576,7.396196116579903e-07,3.4171986824494156,0.1380487040937012,0.29027233257183443,-0.0026300309933296366,0.0,-0.0001127637257806058,3.2784507134772003,2.1409749855085702,0.29548379174382156,2.7777777778,2.415078196358867e-07,-2.2415045659421534e-42,2.4151162101936074e-07,-2.492164897372039e-43,2.4151162101936074e-07,-1.895016356273938e-43,2.4151162101936074e-07,0.29027233257183443,-2.492164897372039e-43,False,True,Solve_Succeeded,9,0.013996547000715509,0.016827321996970568,0.017194878004374914,True,1.4039089335504684e-09,597.6002463840837,shifted_warm_start,
88.2,103.266,103.25,4.566666700000001,1,learned_h2,3.4172327580399875,0.13805891567430117,0.29027790062592806,0.0002487440819565802,7.410367312639693e-07,3.417123577914836,0.1380263022292039,0.29027231479613697,-0.002630002369624532,0.0,-0.00011276244566255825,3.2783768280010595,2.1409523367836707,0.2954834814968005,2.7777777778,2.4151162101936074e-07,-2.492164897372039e-43,2.4151542236810323e-07,-3.7411388720013966e-42,2.4151542236810323e-07,-2.8447232207670925e-42,2.4151542236810323e-07,0.29027231479613697,-3.7411388720013966e-42,False,True,Solve_Succeeded,9,0.012819316005334258,0.01478645500174025,0.015093642003193963,True,1.4077942145362954e-09,597.5905908663316,shifted_warm_start,
88.3,103.366,103.352,4.566666700000001,1,learned_h2,3.417158129649072,0.13803665604090734,0.2902778841648495,0.0002487741300678704,7.410214608378314e-07,3.4170484761813102,0.13800390120319045,0.2902722968285827,-0.0026299739965300563,0.0,-0.00011276291276710936,3.2783029454496844,2.140929688980449,0.29548317125485696,2.7777777778,2.4151542236810323e-07,-3.7411388720013966e-42,2.4151922393660736e-07,1.4319654827432284e-42,2.4151922393660736e-07,1.0888517105266923e-42,2.4151922393660736e-07,0.2902722968285827,1.4319654827432284e-42,False,True,Solve_Succeeded,9,0.012438231002306566,0.014773422000871506,0.015152890999161173,True,1.4116898761074026e-09,597.5809356671747,shifted_warm_start,
88.4,103.466,103.454,4.566666700000001,1,learned_h2,3.417083504175638,0.13801439728130735,0.29027786770209635,0.00024880379916012753,7.397944437220803e-07,3.416973377213357,0.13798150100562032,0.2902722787351777,-0.0026299458856571738,0.0,-0.00011276425137652828,3.278229065786004,2.1409070420880836,0.29548286101678284,2.7777777778,2.4151922393660736e-07,1.4319654827432284e-42,2.4152302564850735e-07,7.590603598860844e-43,2.4152302564850735e-07,5.771816298753436e-43,2.4152302564850735e-07,0.2902722787351777,7.590603598860844e-43,False,True,Solve_Succeeded,9,0.013082194993330631,0.0154155729978811,0.01577796800120268,True,1.4155958627526388e-09,597.571280832485,shifted_warm_start,
88.5,103.566,103.556,4.566666700000001,1,learned_h2,3.417008881583497,0.1379921393824038,0.29027785124073135,0.0002488330938183368,7.397201545830718e-07,3.41689828097062,0.13795910162213038,0.2902722608050734,-0.0026299181755321424,0.0,-0.00011276393845268206,3.278155188974206,2.140884396093289,0.2954825507854997,2.7777777778,2.4152302564850735e-07,7.590603598860844e-43,2.4152682716417303e-07,-1.1171927133714762e-42,2.4152682716417303e-07,-8.495017593665115e-43,2.4152682716417303e-07,0.2902722608050734,-1.1171927133714762e-42,False,True,Solve_Succeeded,9,0.01411004200053867,0.01649784600158455,0.017145584999525454,True,1.4195118414050967e-09,597.5616265760776,shifted_warm_start,
88.6,103.666,103.658,4.566666700000001,1,learned_h2,3.416934261835938,0.13796988233449725,0.29027783477901464,0.0002488620187420901,7.411507302078066e-07,3.4168231874163077,0.13793670304299777,0.29027224303443505,-0.0026298909186384754,0.0,-0.0001127623182056184,3.2780813149779404,2.1408617509861716,0.29548224055912276,2.7777777778,2.4152682716417303e-07,-1.1171927133714762e-42,2.415306284897789e-07,-1.6282287037245155e-42,2.415306284897789e-07,-1.238088229461187e-42,2.415306284897789e-07,0.29027224303443505,-1.6282287037245155e-42,False,True,Solve_Succeeded,9,0.013756943000771571,0.016178641002625227,0.016515464994881768,True,1.4234378120647762e-09,597.551972890819,shifted_warm_start,
88.7,103.766,103.76,4.566666700000001,1,learned_h2,3.4168596448967747,0.13794762612786676,0.2902778183169415,0.00024889057882013276,7.412652976148607e-07,3.416748096524124,0.13791430526147935,0.2902722250808038,-0.0026298639587013415,0.0,-0.00011276264211749922,3.278007443761379,2.1408391067568195,0.2954819303375058,2.7777777778,2.415306284897789e-07,-1.6282287037245155e-42,2.4153443003157013e-07,-3.374887077521096e-42,2.4153443003157013e-07,-2.5662291525027004e-42,2.4153443003157013e-07,0.2902722250808038,-3.374887077521096e-42,False,True,Solve_Succeeded,9,0.01367714699881617,0.01587609400303336,0.016235994997259695,True,1.4273741633097359e-09,597.5423195132556,shifted_warm_start,
88.8,103.866,103.862,4.566666700000001,1,learned_h2,3.416785030731583,0.13792537074853553,0.2902778018602987,0.0002489187780771293,7.470086857137844e-07,3.416673008248097,0.1378919082600909,0.29027220780868745,-0.002629837585573307,0.0,-0.0001127560283994408,3.2779335752904557,2.140816463391078,0.2954816201263015,2.7777777778,2.4153443003157013e-07,-3.374887077521096e-42,2.415382307697803e-07,8.235885619531339e-42,2.415382307697803e-07,6.262482058819929e-42,2.415382307697803e-07,0.29027220780868745,8.235885619531339e-42,False,True,Solve_Succeeded,9,0.013556422003603075,0.01583164899784606,0.016147242997249123,True,1.4313200069615561e-09,597.532667093579,shifted_warm_start,
88.9,103.966,103.964,4.566666700000001,1,learned_h2,3.416710419303995,0.13790311619061058,0.2902777853994239,0.0002489466220219718,7.469837757212317e-07,3.4165979225748204,0.1378695120398958,0.2902721897595296,-0.0026298113689691574,0.0,-0.00011275788553032407,3.277859709529144,2.140793820882859,0.2954813099157039,2.7777777778,2.415382307697803e-07,8.235885619531339e-42,2.41542032429698e-07,-5.752157430221936e-43,2.41542032429698e-07,-4.3738808879089904e-43,2.41542032429698e-07,0.2902721897595296,-5.752157430221936e-43,False,True,Solve_Succeeded,9,0.013450228994770441,0.01571683400106849,0.016217587995924987,True,1.4352771193770764e-09,597.5230145225742,shifted_warm_start,
89.0,104.066,104.066,4.566666700000001,1,learned_h2,3.4166358105801455,0.13788086244146341,0.29027776893842705,0.00024897411452397776,7.484347309373834e-07,3.4165228394675617,0.13784711658734022,0.2902721719792991,-0.0026297854159661417,0.0,-0.00011275597432856898,3.277785846443932,2.14077117921936,0.2954809997096912,2.7777777778,2.41542032429698e-07,-5.752157430221936e-43,2.415458337762337e-07,2.6226495166834666e-42,2.415458337762337e-07,1.9942355083043986e-42,2.415458337762337e-07,0.2902721719792991,2.6226495166834666e-42,False,True,Solve_Succeeded,9,0.014324112999020144,0.016600372997345403,0.016918180997890886,True,1.4392441127775157e-09,597.5133625901473,shifted_warm_start,
89.1,104.166,104.134,4.566666700000001,1,learned_h2,3.416586072915109,0.13786602705639067,0.2902777579594545,0.00024899225064120307,7.395778675134216e-07,3.416480737982047,0.13783456224455226,0.2902721836542964,-0.002629768415267,0.0,-0.00011276655897708098,3.2777366058561266,2.1407560852445915,0.2954807929032524,2.7777777778,2.415458337762337e-07,2.6226495166834666e-42,2.415479392077516e-07,-2.055259620506232e-42,2.415479392077516e-07,-1.5627981123382522e-42,2.415479392077516e-07,0.2902721836542964,-2.055259620506232e-42,False,True,Solve_Succeeded,9,0.012631753001187462,0.015543442998023238,0.01602244799869368,True,1.4414303084464564e-09,597.507968402216,shifted_warm_start,
89.2,104.266,104.236,4.566666700000001,1,learned_h2,3.4165114686218296,0.13784377463284517,0.29027774149892316,0.0002490191674595342,7.409548603561169e-07,3.4164056599496075,0.13781216830990534,0.29027216605328593,-0.0026297427121832347,0.0,-0.0001127621143984389,3.277662747156175,2.140733444966195,0.2954804827052525,2.7777777778,2.415479392077516e-07,-2.055259620506232e-42,2.415517402957428e-07,5.003368471943307e-42,2.415517402957428e-07,3.804509525351235e-42,2.415517402957428e-07,0.29027216605328593,5.003368471943307e-42,False,True,Solve_Succeeded,9,0.012976197001989931,0.015274245000910014,0.015673191999667324,True,1.4454271668462582e-09,597.4983174210832,shifted_warm_start,
89.3,104.366,104.338,4.566666700000001,1,learned_h2,3.416436866941819,0.13782152299265898,0.29027772503631344,0.00024904574478034675,7.397182405261312e-07,3.4163305843894283,0.13778977511655402,0.2902721478959757,-0.002629717238109168,0.0,-0.00011276432814275065,3.2775888910427495,2.1407108055066244,0.2954801725095263,2.7777777778,2.415517402957428e-07,5.003368471943307e-42,2.415555420504639e-07,-1.1664773039530926e-42,2.415555420504639e-07,-8.869772512021086e-43,2.415555420504639e-07,0.2902721478959757,-1.1664773039530926e-42,False,True,Solve_Succeeded,9,0.01282669699867256,0.015201811998849735,0.015600539998558816,True,1.4494211941773472e-09,597.4886664393341,shifted_warm_start,
89.4,104.466,104.44,4.566666700000001,1,learned_h2,3.4163622678428056,0.1377992721235873,0.29027770857498175,0.00024907198663461956,7.39707179517393e-07,3.416255511251747,0.13776738264697166,0.29027212997654406,-0.0026296924056907435,0.0,-0.00011276388358925857,3.277515037483914,2.1406881668534616,0.29547986231930407,2.7777777778,2.415555420504639e-07,-1.1664773039530926e-42,2.415593435359021e-07,2.8222684451547378e-42,2.415593435359021e-07,2.1460236724318323e-42,2.415593435359021e-07,0.29027212997654406,2.8222684451547378e-42,False,True,Solve_Succeeded,9,0.013126468998962082,0.015329749003285542,0.015714187997218687,True,1.4534252135156578e-09,597.4790160536428,shifted_warm_start,
89.5,104.566,104.542,4.566666700000001,1,learned_h2,3.416287671291908,0.1377770220169688,0.29027769211318083,0.00024909789728232986,7.411150032090076e-07,3.416180440516347,0.1377449908962847,0.29027211222458255,-0.002629667997489455,0.0,-0.00011276231067451868,3.2774411864471134,2.140665528997875,0.2954795521327084,2.7777777778,2.415593435359021e-07,2.8222684451547378e-42,2.4156314483617533e-07,2.008886427799354e-42,2.4156314483617533e-07,1.5275364172695014e-42,2.4156314483617533e-07,0.29027211222458255,2.008886427799354e-42,False,True,Solve_Succeeded,9,0.013267458001791965,0.015483317998587154,0.015798911997990217,True,1.457439446905795e-09,597.4693662083197,shifted_warm_start,
89.6,104.666,104.644,4.566666700000001,1,learned_h2,3.4162130772569337,0.13775477266329816,0.29027767565126245,0.0002491234811460024,7.41078230335568e-07,3.416105372161482,0.13772259985813676,0.2902720942532081,-0.0026296438418462213,0.0,-0.00011276279888418236,3.277367337900475,2.1406428919301894,0.2954792419499664,2.7777777778,2.4156314483617533e-07,2.008886427799354e-42,2.415669464100911e-07,-3.035032364601402e-42,2.415669464100911e-07,-2.307807151447021e-42,2.415669464100911e-07,0.2902720942532081,-3.035032364601402e-42,False,True,Solve_Succeeded,9,0.015772874998219777,0.018334527005208656,0.01871024900174234,True,1.461464449459271e-09,597.4597166063039,shifted_warm_start,
89.7,104.766,104.746,4.566666700000001,1,learned_h2,3.4161384857058694,0.13773252405401065,0.2902776591876975,0.00024914874230835555,7.398959899791249e-07,3.4160303061592314,0.13770020952517972,0.29027207615524897,-0.002629619898623935,0.0,-0.00011276408052427473,3.2772934918123005,2.1406202556416725,0.29547893176942225,2.7777777778,2.415669464100911e-07,-3.035032364601402e-42,2.4157074814908084e-07,5.153641010218697e-42,2.4157074814908084e-07,3.918775205856948e-42,2.4157074814908084e-07,0.29027207615524897,5.153641010218697e-42,False,True,Solve_Succeeded,9,0.013519653999537695,0.01602192399877822,0.016626508004264906,True,1.4655001101537835e-09,597.4500673150251,shifted_warm_start,
89.8,104.866,104.848,4.566666700000001,1,learned_h2,3.4160638966071826,0.1377102761803748,0.2902776427245501,0.0002491736846418597,7.401211682536324e-07,3.415955242473024,0.13767781988715228,0.2902720582606633,-0.0026295963175037014,0.0,-0.00011276344025829413,3.2772196481513687,2.1405976201234265,0.2954786215930176,2.7777777778,2.4157074814908084e-07,5.153641010218697e-42,2.4157454966448003e-07,5.6612934805605426e-42,2.4157454966448003e-07,4.304788882405838e-42,2.4157454966448003e-07,0.2902720582606633,5.6612934805605426e-42,False,True,Solve_Succeeded,9,0.013262191001558676,0.015734076994704083,0.016057365995948203,True,1.4695459849001224e-09,597.4404185810556,shifted_warm_start,
89.9,104.966,104.95,4.566666700000001,1,learned_h2,3.4159893099324963,0.13768802902449784,0.2902776262702619,0.0002491983116336986,7.483681136063368e-07,3.4158801810589554,0.13765543092146526,0.2902720413752084,-0.0026295734661129343,0.0,-0.00011275409793483094,3.2771458068896377,2.14057498535741,0.2954783114290821,2.7777777778,2.4157454966448003e-07,5.6612934805605426e-42,2.415783500065852e-07,7.410498614049919e-43,2.415783500065852e-07,5.634866335120182e-43,2.415783500065852e-07,0.2902720413752084,7.410498614049919e-43,False,True,Solve_Succeeded,9,0.015317633995437063,0.017860057996585965,0.018180401995778084,True,1.4736010744975658e-09,597.4307710077899,shifted_warm_start,
90.0,105.066,105.052,4.566666700000001,1,learned_h2,3.415914725647478,0.13766578258986886,0.2902776098079938,0.0002492226286511702,7.470958158608047e-07,3.4158051219222356,0.13763304264359033,0.29027202312469735,-0.002629550563284014,0.0,-0.00011275818332461029,3.277071967993048,2.1405523513469324,0.2954780012606422,2.7777777778,2.415783500065852e-07,7.410498614049919e-43,2.415821519821455e-07,-2.5493788634994925e-42,2.415821519821455e-07,-1.9385212630853438e-42,2.415821519821455e-07,0.29027202312469735,-2.5493788634994925e-42,False,True,Solve_Succeeded,9,0.01333565099776024,0.01561804799712263,0.016042245006246958,True,1.477668598592885e-09,597.4211227955279,shifted_warm_start,
90.1,105.166,105.154,4.566666700000001,1,learned_h2,3.415840143723848,0.1376435368611295,0.2902775933464107,0.0002492466387825832,7.470813414353459e-07,3.4157300650280114,0.13761065503608566,0.2902720052045195,-0.0026295277882316353,0.0,-0.00011275745211613857,3.2769981314336367,2.1405297180764853,0.29547769109625166,2.7777777778,2.415821519821455e-07,-2.5493788634994925e-42,2.4158595358799393e-07,-1.3414906244429616e-42,2.4158595358799393e-07,-1.0200555660615464e-42,2.4158595358799393e-07,0.2902720052045195,-1.3414906244429616e-42,False,True,Solve_Succeeded,9,0.013165891003154684,0.015404410005430691,0.015787065000040457,True,1.4817462257177283e-09,597.4114752266063,shifted_warm_start,
90.2,105.266,105.256,4.566666700000001,1,learned_h2,3.415765564131557,0.13762129183022973,0.29027757688444455,0.00024927034595610546,7.470940149833978e-07,3.415655010336145,0.13758826808791225,0.29027198724781683,-0.0026295053932794948,0.0,-0.00011275747995868477,3.276924297181649,2.1405070855378607,0.2954773809347257,2.7777777778,2.4158595358799393e-07,-1.3414906244429616e-42,2.415897552600896e-07,6.278353338697988e-43,2.415897552600896e-07,4.773994802609429e-43,2.415897552600896e-07,0.29027198724781683,6.278353338697988e-43,False,True,Solve_Succeeded,9,0.013507695999578573,0.015633028000593185,0.015978039002220612,True,1.485834510983608e-09,597.4018280171708,shifted_warm_start,
90.3,105.366,105.358,4.566666700000001,1,learned_h2,3.415690986841377,0.1375990474877512,0.29027756042249797,0.00024929375391261494,7.484732945009206e-07,3.4155799578212114,0.13756588179077384,0.29027196945707,-0.0026294833401839133,0.0,-0.00011275589814193429,3.2768504652081565,2.140484453721489,0.29547707077635155,2.7777777778,2.415897552600896e-07,6.278353338697988e-43,2.4159355676022395e-07,2.660610693956892e-42,2.4159355676022395e-07,2.0231007940294372e-42,2.4159355676022395e-07,0.29027196945707,2.660610693956892e-42,False,True,Solve_Succeeded,9,0.011908473003131803,0.013949637999758124,0.014281804003985599,True,1.4899332323459191e-09,597.3921813176872,shifted_warm_start,
90.4,105.467,105.46,4.566666700000001,1,learned_h2,3.4156164118237147,0.13757680382684961,0.29027754395902533,0.0002493168667434772,7.472099976496156e-07,3.415505146350336,0.13754356749982063,0.29027195207308826,-0.0026294614581550994,0.0,-0.00011275778331870694,3.2767766354838526,2.1404618226203693,0.29547676061946754,2.7777777778,2.4159355676022395e-07,2.660610693956892e-42,2.415973457538672e-07,-1.4570530743762293e-43,2.415973457538672e-07,-1.1079280551675264e-43,2.415973457538672e-07,0.29027195207308826,-1.4570530743762293e-43,False,True,Solve_Succeeded,9,0.012394568999297917,0.014890030994138215,0.015199982997728512,True,1.4940289005949126e-09,597.3825660142185,shifted_warm_start,
90.5,105.566,105.562,4.566666700000001,1,learned_h2,3.4155418390502748,0.13755456083763334,0.29027752749593544,0.0002493396878685213,7.473852299751591e-07,3.4154298592316006,0.13752111112717014,0.29027193341193835,-0.0026294398672981703,0.0,-0.00011275711717549693,3.2767028079807283,2.14043919222446,0.29547645046587157,2.7777777778,2.415973457538672e-07,-1.4570530743762293e-43,2.4160116038623735e-07,3.061343656713092e-42,2.4160116038623735e-07,2.327813985247999e-42,2.4160116038623735e-07,0.29027193341193835,3.061343656713092e-42,False,True,Solve_Succeeded,9,0.014795784998568706,0.01705092899646843,0.017516293002699967,True,1.498163482160919e-09,597.3728887073702,shifted_warm_start,
90.6,105.666,105.664,4.566666700000001,1,learned_h2,3.4154672684922383,0.13753231851333625,0.2902775110331209,0.0002493622215426182,7.409758797262717e-07,3.4153548131123257,0.13749872674781355,0.29027191471913716,-0.002629418265338876,0.0,-0.0001127645703873812,3.276628982670247,2.140416562526847,0.2954761403153437,2.7777777778,2.4160116038623735e-07,3.061343656713092e-42,2.416049630331415e-07,-6.925474718857604e-43,2.416049630331415e-07,-5.266059192566194e-43,2.416049630331415e-07,0.29027191471913716,-6.925474718857604e-43,False,True,Solve_Succeeded,9,0.013186869000492152,0.01583461699920008,0.016204958999878727,True,1.5022953436805153e-09,597.3632424574523,shifted_warm_start,
90.7,105.766,105.766,4.566666700000001,1,learned_h2,3.415392700122802,0.13751007684172784,0.290277494571631,0.00024938447045332626,7.409388241238853e-07,3.4152797690583285,0.1374763429842691,0.29027189687473137,-0.0026293971242800115,0.0,-0.00011276254923017523,3.2765551595258944,2.140393933515156,0.2954758301688277,2.7777777778,2.416049630331415e-07,-6.925474718857604e-43,2.4160876470640856e-07,-9.210956844548303e-44,2.4160876470640856e-07,-7.003916111553626e-44,2.4160876470640856e-07,0.29027189687473137,-9.210956844548303e-44,False,True,Solve_Succeeded,9,0.013055568997515365,0.015514874998189043,0.015903542000160087,True,1.506436919651577e-09,597.3535972214776,shifted_warm_start,
90.8,105.866,105.834,4.566666700000001,1,learned_h2,3.415342989078125,0.13749524942128394,0.2902774835937319,0.0002493991468637959,7.414085454944512e-07,3.415237706314063,0.13746380022444624,0.29027190966355665,-0.002629383772673517,0.0,-0.0001127622288343917,3.2765059452855874,2.1403788478863808,0.2954756234023486,2.7777777778,2.4160876470640856e-07,-9.210956844548303e-44,2.416108681016185e-07,-3.1589154819456805e-42,2.416108681016185e-07,-2.4020065898072854e-42,2.416108681016185e-07,0.29027190966355665,-3.1589154819456805e-42,False,True,Solve_Succeeded,9,0.01264377600455191,0.015417342001455836,0.015742704999865964,True,1.508716818143796e-09,597.3482098262695,shifted_warm_start,
90.9,105.966,105.936,4.566666700000001,1,learned_h2,3.4152684242950695,0.1374730088195532,0.29027746713828767,0.0002494209293454083,7.483196692691397e-07,3.415162666340573,0.13744141767818824,0.2902718926972505,-0.002629363402146129,0.0,-0.00011275447874419969,3.276432125690777,2.1403562199996364,0.29547531326611715,2.7777777778,2.416108681016185e-07,-3.1589154819456805e-42,2.416146687398647e-07,-7.321266348592417e-42,2.416146687398647e-07,-5.567015045373001e-42,2.416146687398647e-07,0.2902718926972505,-7.321266348592417e-42,False,True,Solve_Succeeded,9,0.013718207999772858,0.01604922099795658,0.016339594003511593,True,1.5128885921811275e-09,597.3385659436601,shifted_warm_start,
91.0,106.066,106.038,4.566666700000001,1,learned_h2,3.415193861625861,0.13745076885510601,0.29027745067568567,0.0002494424375567081,7.470221789819344e-07,3.4150876283860465,0.1374190357409855,0.2902718744470346,-0.002629342815977409,0.0,-0.00011275815564636002,3.2763583081880525,2.14033359278302,0.2954750031251224,2.7777777778,2.416146687398647e-07,-7.321266348592417e-42,2.416184709284176e-07,-1.5887834120860213e-42,2.416184709284176e-07,-1.2080944385560329e-42,2.416184709284176e-07,0.2902718744470346,-1.5887834120860213e-42,False,True,Solve_Succeeded,9,0.01363177700113738,0.015889050002442673,0.016223569997237064,True,1.5170583123058634e-09,597.3289214498266,shifted_warm_start,
91.1,106.166,106.14,4.566666700000001,1,learned_h2,3.4151193010452157,0.13742852951520867,0.2902774342139868,0.00024946367428501975,7.470262002705895e-07,3.415012592395494,0.13739665439111062,0.2902718565268933,-0.0026293226723198785,0.0,-0.00011275745008712856,3.2762844927524153,2.140310966223661,0.29547469298732587,2.7777777778,2.416184709284176e-07,-1.5887834120860213e-42,2.416222727615073e-07,3.077987438847029e-42,2.416222727615073e-07,2.340469744667181e-42,2.416222727615073e-07,0.2902718565268933,3.077987438847029e-42,False,True,Solve_Succeeded,9,0.013280513994686771,0.01540882699919166,0.015773196995723993,True,1.5212384130158796e-09,597.319277563319,shifted_warm_start,
91.2,106.266,106.242,4.566666700000001,1,learned_h2,3.4150447425266615,0.13740629079240152,0.29027741775192967,0.0002494846429562953,7.484673640980965e-07,3.4149375583458994,0.1373742736221475,0.2902718387641537,-0.002629302936921538,0.0,-0.0001127558472380961,3.276210679357653,2.1402883403139654,0.2954743828513627,2.7777777778,2.416222727615073e-07,3.077987438847029e-42,2.416260744445679e-07,-1.153348514548343e-42,2.416260744445679e-07,-8.769942558207391e-43,2.416260744445679e-07,0.2902718387641537,-1.153348514548343e-42,False,True,Solve_Succeeded,9,0.012016756998491473,0.014295216002210509,0.01462413600529544,True,1.5254291718669322e-09,597.3096341500058,shifted_warm_start,
91.3,106.366,106.344,4.566666700000001,1,learned_h2,3.414970186043857,0.13738405268000378,0.2902774012884468,0.0002495053472664893,7.471870254387304e-07,3.414862526226061,0.13735189343197876,0.29027182060943635,-0.00262928333136715,0.0,-0.0001127577726080378,3.2761368679776828,2.1402657150471107,0.29547407271606185,2.7777777778,2.416260744445679e-07,-1.153348514548343e-42,2.4162987662819653e-07,-6.823619997964727e-43,2.4162987662819653e-07,-5.188609918539723e-43,2.4162987662819653e-07,0.29027182060943635,-6.823619997964727e-43,False,True,Solve_Succeeded,9,0.012668875002418645,0.01499821000470547,0.015516708001086954,True,1.5296313660151384e-09,597.2999907910233,shifted_warm_start,
91.4,106.466,106.446,4.566666700000001,1,learned_h2,3.414895631571676,0.13736181516841503,0.29027738482585147,0.00024952579031069705,7.471472845380765e-07,3.4147874960068165,0.13732951380975408,0.29027180267085906,-0.002629263976480659,0.0,-0.00011275734549935026,3.2760630585876394,2.1402430904133665,0.29547376258363806,2.7777777778,2.4162987662819653e-07,-6.823619997964727e-43,2.4163367859445913e-07,4.535761256194543e-43,2.4163367859445913e-07,3.448945845319456e-43,2.4163367859445913e-07,0.29027180267085906,4.535761256194543e-43,False,True,Solve_Succeeded,9,0.012781553996319417,0.015128015998925548,0.015447687997948378,True,1.533844218304381e-09,597.2903479443399,shifted_warm_start,
91.5,106.566,106.548,4.566666700000001,1,learned_h2,3.4148210790843203,0.13733957825152923,0.2902773683632211,0.00024954597539147483,7.471831491316986e-07,3.4147124676622465,0.13730713474934728,0.290271784716827,-0.0026292449108683788,0.0,-0.00011275733969265133,3.2759892511619775,2.14022046640649,0.29547345245306794,2.7777777778,2.4163367859445913e-07,4.535761256194543e-43,2.4163748061851685e-07,5.8904719854482e-42,2.4163748061851685e-07,4.479053842050554e-42,2.4163748061851685e-07,0.290271784716827,5.8904719854482e-42,False,True,Solve_Succeeded,9,0.011585906999243889,0.01401498400082346,0.014311779996205587,True,1.5380680618015674e-09,597.2807054311062,shifted_warm_start,
