elapsed_s,publish_time_s,odometry_time_s,commissioned_delay_ms,x_m,y_m,yaw_rad,speed_mps,yaw_rate_radps,progress_m,lateral_error_m,yaw_error_rad,reference_speed_mps,published_speed_command_mps,published_steering_command_rad,next_speed_command_mps,next_steering_command_rad,solver_success,solver_status,solver_iterations,solver_time_s,mpc_total_compute_s,cycle_compute_s,deadline_met,constraint_violation,fallback_reason
0.0,6.938,6.931,4.5,0.12336028929142506,-2.0033891585213395,-0.00194331045536016,0.0001829643157936036,8.137187639755994e-07,-0.0043621783865020886,5.8510759847750156e-06,4.67480227210426e-05,0.5,0.0,0.0,0.3118170747947223,-0.008025069247884922,True,Solve_Succeeded,3,0.03545795299578458,0.038846678005938884,0.03918239300401183,True,2.4212667550155613e-07,
0.1,7.038,7.033,4.5,0.12327566581821359,-2.0033889611668427,-0.0019433190743705796,0.0001822887256089134,8.083568967675194e-07,-0.004446806198953485,5.87998755311633e-06,4.761360905074078e-05,0.5,0.3118170747947223,-0.008025069247884922,0.5502665749270476,-0.012381823219017962,True,Solve_Succeeded,2,0.025905162998242304,0.0291789089969825,0.029543290002038702,True,1.991144787724134e-07,
0.2,7.138,7.135,4.5,0.12399870289069881,-2.0033903094317775,-0.0019454131531615913,0.01758259905628598,-7.243660676535058e-05,-0.0037237317907556043,5.968543092227029e-06,3.80543006496916e-05,0.5,0.5502665749270476,-0.012381823219017962,0.7271253023097114,-0.01493753512800634,True,Solve_Succeeded,2,0.024587612999312114,0.02775982700404711,0.02814197399857221,True,1.1016170250238552e-08,
0.3,7.2379999999999995,7.237,4.5,0.12727357581461074,-2.0033966552778484,-0.0019665950841161665,0.04946087207103699,-0.000374032853436328,-0.00044866196477140637,6.0630823048969255e-06,-1.682325470003061e-05,0.54166666667,0.7271253023097114,-0.01493753512800634,0.8773901071125351,-0.016789609193715454,True,Solve_Succeeded,2,0.02401966899924446,0.027443120001407806,0.02776852399983909,True,2.4570604950830924e-08,
0.4,7.338,7.305,4.5,0.13149770319197773,-2.0034049931725884,-0.002003312570719544,0.07722850474797745,-0.0007114130214376799,0.003775513626057812,5.869889311209536e-06,-9.678616120759997e-05,0.7222222222266667,0.8773901071125351,-0.016789609193715454,1.0907844438285295,-0.01991957529292916,True,Solve_Succeeded,2,0.02862463199562626,0.03390588400361594,0.034609835005539935,True,6.016296643096553e-07,
0.5,7.438,7.407,4.5,0.14156022056675888,-2.0034255885896424,-0.0021044192355932968,0.12387730698902076,-0.0012950334978130017,0.013838062677879364,3.943054837343143e-06,-0.0003002848339777654,0.9027777777833333,1.0907844438285295,-0.01991957529292916,1.3435265969692982,-0.022901046254591873,True,Solve_Succeeded,2,0.023684432002482936,0.02772971500235144,0.028069428000890184,True,9.298158963888525e-07,
0.6,7.538,7.509,4.5,0.1568288634678905,-2.003458904842657,-0.0022739246433403915,0.18006966091326435,-0.0021018020423775865,0.029106729646061882,-3.0023512409516423e-06,-0.0006234764861968445,1.08333333334,1.3435265969692982,-0.022901046254591873,1.6227966608743778,-0.025444150715258042,True,Solve_Succeeded,2,0.024580728997534607,0.027683296000759583,0.028062170997145586,True,1.5601288437805394e-06,
0.7,7.638,7.611,4.5,0.17842156862898362,-2.003510748450677,-0.0025442452514748064,0.2482574956836156,-0.0032878475001072147,0.05069947792933402,-2.1524578098789273e-05,-0.00110766193160907,1.2638888888966666,1.6227966608743778,-0.025444150715258042,1.9186087902478,-0.027373327815988016,True,Solve_Succeeded,3,0.03224112300085835,0.035357676999410614,0.03574141800345387,True,6.501010744824076e-08,
0.8,7.7379999999999995,7.713,4.5,0.20764933814423547,-2.003590879400396,-0.002956281878950596,0.3298862460332115,-0.004881153724437511,0.07992731145735797,-6.382078766346076e-05,-0.0018026540166005255,1.4444444444533333,1.9186087902478,-0.027373327815988016,2.222982416991237,-0.028571964651993544,True,Solve_Succeeded,3,0.03393669700017199,0.03702617200178793,0.0377798499976052,True,6.791580072188806e-08,
0.9,7.838,7.8149999999999995,4.5,0.2459172246418032,-2.0037150285785077,-0.003548530054733745,0.4254644503225533,-0.006803611232903745,0.11819526314083806,-0.00015073400158617585,-0.0027539157762439316,1.62500000001,2.222982416991237,-0.028571964651993544,2.53005376158241,-0.02901754257035922,True,Solve_Succeeded,3,0.03365832199779106,0.03824397899734322,0.03872038300323766,True,5.853609966647795e-08,
1.0,7.938,7.917,4.5,0.29464900148497697,-2.0039071343778416,-0.004349121200686916,0.5349030982760129,-0.008928500184466046,0.16692704001470576,-0.00031487981695501823,-0.00399265518569452,1.8055555555666667,2.53005376158241,-0.02901754257035922,2.835539343994008,-0.028741208531551873,True,Solve_Succeeded,2,0.025668543996289372,0.029268345002492424,0.029896175001340453,True,2.3902593881963696e-06,
1.1,8.038,8.019,4.5,0.3552463119657433,-2.0042013952846593,-0.005371429245771024,0.657832132478207,-0.01111769632464001,0.22752414416424943,-0.0006033031292929767,-0.005529604470136588,1.9861111111233336,2.835539343994008,-0.028741208531551873,3.136143771414603,-0.027795078273015368,True,Solve_Succeeded,2,0.027894727994862478,0.03117120199749479,0.031648158001189586,True,2.1571552935029104e-06,
1.2,8.138,8.121,4.5,0.4290460601595778,-2.004643534295444,-0.006612367760461503,0.7934519437588099,-0.013195069233096797,0.3013231984025038,-0.0010788580549666975,-0.007351266509105582,2.16666666668,3.136143771414603,-0.027795078273015368,3.429019788367753,-0.02623724821812033,True,Solve_Succeeded,2,0.025394320000486914,0.0297196539977449,0.030516453000018373,True,2.2402201973470426e-06,
1.3,8.238,8.223,4.5,0.5172960520380072,-2.005290922987994,-0.008052612800526267,0.9408170054140115,-0.015013155867597015,0.38957155373174557,-0.0018196503098382702,-0.009418045671458982,2.3472222222366668,3.429019788367753,-0.02623724821812033,3.7114515837732696,-0.02410112506371387,True,Solve_Succeeded,2,0.023567519994685426,0.027012097998522222,0.027511787004186772,True,2.5862762456085875e-06,
1.4,8.338,8.325,4.5,0.6211423056401758,-2.006211318458557,-0.009656622641046731,1.098816074152019,-0.016410571116157194,0.49341459362409845,-0.002915992163097279,-0.01166203283834556,2.5277777777933332,3.7114515837732696,-0.02410112506371387,3.980975778670198,-0.021404133201752103,True,Solve_Succeeded,2,0.0236343489959836,0.028177050000522286,0.028424470001482405,True,2.9858899979195996e-06,
1.5,8.438,8.427,4.5,0.7415539330857805,-2.007479039644317,-0.011371478015930784,1.2650870711366633,-0.017210304647194134,0.6138207398636194,-0.004463167965645912,-0.01398306004828546,2.70833333335,3.980975778670198,-0.021404133201752103,4.2362752462198925,-0.0181955808757289,True,Solve_Succeeded,2,0.025011385005200282,0.02851768000255106,0.02895280699885916,True,3.2025434917315465e-06,
1.6,8.538,8.529,4.5,0.8792841472242203,-2.009168808897437,-0.013123900804552635,1.4380236035115799,-0.01720714248092654,0.7515427509392979,-0.006549909323025569,-0.016243288122727816,2.8888888889066666,4.2362752462198925,-0.0181955808757289,4.477232685288075,-0.01456503436345426,True,Solve_Succeeded,2,0.02603976799582597,0.02932634700118797,0.029844645003322512,True,3.0661515872942857e-06,
1.7,8.638,8.631,4.5,1.034936984723567,-2.011348198519878,-0.014821998588281144,1.6162336675450177,-0.01623365057672618,0.9071850303588229,-0.009243650187152962,-0.01826684201837802,3.0694444444633335,4.477232685288075,-0.01456503436345426,4.70496458576155,-0.010663259389140471,True,Solve_Succeeded,2,0.02428897600475466,0.026950933002808597,0.027200948999961838,True,2.6600476394911254e-06,
1.8,8.738,8.733,4.5,1.2089910558351857,-2.0140681240744756,-0.016358779837366756,1.7985447179896021,-0.014172807710508956,1.0812282371319948,-0.012571478439607214,-0.019840375320263372,3.25000000002,4.70496458576155,-0.010663259389140471,4.921420692058668,-0.006699127538858959,True,Solve_Succeeded,2,0.02626312199572567,0.02996448399790097,0.03043145899573574,True,2.105711023325796e-06,
1.9,8.838,8.835,4.5,1.401798661501688,-2.017352390663304,-0.01762181278428434,1.9837701917243487,-0.01101877215584727,1.2740295802367156,-0.016497332256759593,-0.020719140225735976,3.430555555576667,4.921420692058668,-0.006699127538858959,5.128822422329705,-0.002905527898471306,True,Solve_Succeeded,2,0.026034724003693555,0.029806475999066606,0.03022935299668461,True,1.506635850745397e-06,
2.0,8.938,8.937,4.5,1.6136146568313618,-2.021188966031324,-0.01850648011717633,2.171056857454693,-0.006917433248142237,1.4858496198297004,-0.020906191662595445,-0.020794316280072073,3.6111111111333334,5.128822422329705,-0.002905527898471306,5.302618169204603,0.0004531142611553991,True,Solve_Succeeded,5,0.051200597001297865,0.05501554500369821,0.05526837600336876,True,1.843549122249044e-07,
2.1,9.038,9.005,4.5,1.7654697648505473,-2.0240296810393237,-0.018844467913690627,2.297817999938259,-0.003003590047072297,1.6377124803739607,-0.02404833194911934,-0.020524659850462784,3.7916666666900007,5.302618169204603,0.0004531142611553991,5.434124615181266,0.0021180666562101024,True,Solve_Succeeded,7,0.06582198200339917,0.06949557399639161,0.06983982599922456,True,6.959925836743505e-08,
2.2,9.138,9.107,4.5,2.0092702246442142,-2.0286474957225167,-0.018933677728345928,2.4859250362969116,0.0018987393627760856,1.8815337142007367,-0.028954634595448378,-0.019615884140506475,3.972222222246667,5.434124615181266,0.0021180666562101024,5.500000008468036,0.0037868571798574317,True,Solve_Succeeded,7,0.06542831200204091,0.06904667200433323,0.06942605399672175,True,8.555047888483328e-08,
2.3,9.238,9.209,4.5,2.27215779625973,-2.033584611617878,-0.018554031176927385,2.671478127708257,0.005630439328949107,2.144455314118191,-0.03392690254745829,-0.018135739343722864,4.152777777803333,5.500000008468036,0.0037868571798574317,5.5000000237275914,0.00513220699677612,True,Solve_Succeeded,7,0.06793122999806656,0.07163413299713284,0.07197142099903431,True,4.6343405557536244e-08,
2.4,9.338,9.311,4.5,2.5537074853720343,-2.0387149074691258,-0.017828773708615225,2.8509486545722273,0.008831296214069119,2.426053518812605,-0.03877129058669427,-0.016214012307634734,4.33333333336,5.5000000237275914,0.00513220699677612,5.50000004953067,0.005931049060655965,True,Solve_Succeeded,7,0.06675500099663623,0.07037998700252501,0.07090681100089569,True,4.953067023194535e-08,
2.5,9.438,9.413,4.5,2.8531010485425217,-2.043903572693201,-0.016773694739727122,3.0205048876666916,0.012073619530998175,2.72551057374773,-0.04328502557739478,-0.013879996398789342,4.513888888916667,5.50000004953067,0.005931049060655965,5.500000033921707,0.006043302583580967,True,Solve_Succeeded,7,0.0665900120002334,0.06960089600033825,0.070110601001943,True,1.372113311731715e-07,
2.6,9.538,9.515,4.5,3.1692442717652085,-2.048995501227046,-0.01538717756784876,3.179410541682019,0.015170780231097887,3.041730585615046,-0.04724964759636017,-0.011152592031854553,4.6944444444733335,5.500000033921707,0.006043302583580967,5.49999996557773,0.005484076632914515,True,Solve_Succeeded,7,0.06726540800445946,0.07087219000095502,0.07310438599961344,True,4.5602678008251595e-08,
2.7,9.638,9.617,4.5,3.501085149832882,-2.0538292255546144,-0.013710071670355534,3.3282937030771285,0.017636885908034167,3.373656951240028,-0.050451719392377053,-0.0081305627692636,4.87500000003,5.49999996557773,0.005484076632914515,5.500000052046318,0.004463660578708611,True,Solve_Succeeded,7,0.06946346900076605,0.07222689699847251,0.07253093900362728,True,5.2046318366194555e-08,
2.8,9.738,9.719,4.5,3.847632397850998,-2.0582570487909613,-0.01184507111563305,3.46774528390335,0.01766304520370519,3.7202909590169972,-0.05272079802604969,-0.0049879901352949466,5.0555555555866665,5.500000052046318,0.004463660578708611,5.500000009659267,0.003570339664284793,True,Solve_Succeeded,6,0.06020462399465032,0.06382478500017896,0.06448282199562527,True,4.880824810982176e-08,
2.9,9.838,9.821,4.5,4.207955035611566,-2.062210385732087,-0.010150984389703788,3.5983465562137833,0.015073467445923767,4.08069666311315,-0.0539844110649632,-0.0021020718625765385,5.236111111143334,5.500000009659267,0.003570339664284793,5.500000054981303,0.0029804864549177576,True,Solve_Succeeded,7,0.06986175799829653,0.07333759799803374,0.07372017699526623,True,5.49813030659152e-08,
3.0,9.938,9.923,4.5,4.581163149846084,-2.065695630600833,-0.008585126589004437,3.7203804480889593,0.012761822757636558,4.453979921817524,-0.054257803475657236,0.0005531304186490345,5.4166666667,5.500000054981303,0.0029804864549177576,5.500000054989537,0.0019932595817065287,True,Solve_Succeeded,7,0.06784251499630045,0.07200123500660993,0.07252650499867741,True,5.498953736804424e-08,
3.1,10.038,10.025,4.5,4.966410976999897,-2.0687474984847394,-0.007285473317722991,3.8344534133774815,0.01090858193115814,4.839291667343974,-0.05359704121314348,0.002823992049455947,5.4166666667,5.500000054989537,0.0019932595817065287,5.500000044008269,0.0017082730845762624,True,Solve_Succeeded,6,0.06016675499995472,0.06533710900112055,0.06567555000219727,True,4.4008269028950053e-08,
3.2,10.138,10.127,4.5,5.362922072387671,-2.071409836379993,-0.00619137417913009,3.941287973423676,0.008359205931875455,5.235853135403206,-0.05207917663149188,0.004756610804060295,5.4166666667,5.500000044008269,0.0017082730845762624,5.500000042190335,0.001533493751051473,True,Solve_Succeeded,6,0.05989514099928783,0.06343276299594436,0.0637344220012892,True,5.2887862089789905e-08,
3.3,10.238,10.229,4.5,5.769990454677565,-2.073743438506819,-0.005298887140199219,4.041507098569592,0.007041311005621727,5.642957185490311,-0.04980947879036735,0.006341355175271898,5.4166666667,5.500000042190335,0.001533493751051473,5.500000025278071,0.0009275366324695435,True,Solve_Succeeded,6,0.058516457000223454,0.06235190100414911,0.06262894999963464,True,3.274134829922559e-08,
3.4,10.338,10.331,4.5,6.1869664678328595,-2.0757847150918947,-0.004505208111476912,4.135593742840138,0.006428580170472133,6.059953730197279,-0.046879685477850104,0.007668279922659958,5.4166666667,5.500000025278071,0.0009275366324695435,5.5000000186090245,0.00028744845367256435,True,Solve_Succeeded,6,0.06144035199395148,0.06496471999707865,0.06522403500275686,True,4.9515253230936196e-08,
3.5,10.438,10.433,4.5,6.613244711855676,-2.077549680452604,-0.0038071530758136637,4.2239395291032595,0.005047073260174726,6.4862375926255265,-0.043371606501517904,0.008728513925242242,5.4166666667,5.5000000186090245,0.00028744845367256435,5.500000053211202,-0.00023311725119772307,True,Solve_Succeeded,7,0.07273174700094387,0.07670897700154455,0.07696870100335218,True,5.3211201667124897e-08,
3.6,10.538,10.535,4.5,7.048257226763184,-2.0790803355401968,-0.003269173598912105,4.3068922925005415,0.0031684957764957565,6.92124219591115,-0.03940309419883567,0.009446136825247638,5.4166666667,5.500000053211202,-0.00023311725119772307,5.499999934756513,-0.0008229718763602718,True,Maximum_CpuTime_Exceeded,6,0.06497815700276988,0.06886698600283125,0.06909374600218143,True,4.9408740983658355e-08,
3.7,10.638,10.637,4.5,7.49147055145349,-2.08045026596326,-0.0029481451505333632,4.384780279686704,0.0011994903378842587,7.3644366233470535,-0.035133209099857794,0.00975329072552751,5.4166666667,5.499999934756513,-0.0008229718763602718,5.500000054879621,-0.0013900510265665502,True,Solve_Succeeded,7,0.06586308399710106,0.0735447760016541,0.07387371300137602,True,5.4951843075912166e-08,
3.8,10.738,10.705,4.5,7.791253082486713,-2.0813162700976178,-0.002844152524210135,4.4340369533798345,0.00026822868894644484,7.66420250741621,-0.03220681400102858,0.00974966573395761,5.4166666667,5.500000054879621,-0.0013900510265665502,5.499999730675603,-0.0022887778307698007,True,Solve_Succeeded,6,0.061666198998864274,0.06532833199889865,0.06570731399551732,True,6.818621223203536e-09,
3.9,10.838,10.807,4.5,8.247039890286525,-2.0825999193302356,-0.0028033809472121874,4.504306693509688,-0.00045677602374717425,8.119964734375039,-0.02778879571394039,0.009624751622388772,5.4166666667,5.499999730675603,-0.0022887778307698007,5.4999999986307575,-0.0029668676440641733,True,Solve_Succeeded,6,0.06466613099473761,0.06888048300606897,0.06916199099941878,True,1.5309719514106524e-08,
4.0,10.938,10.909,4.5,8.709790586371714,-2.083900870937078,-0.0028287149795800178,4.570585484907283,-0.001233080615952513,8.582692322439433,-0.02337436272659158,0.009447953023449716,5.4166666667,5.4999999986307575,-0.0029668676440641733,5.500000012641492,-0.0036966578776705555,True,Solve_Succeeded,6,0.057438203002675436,0.06194600799790351,0.0624057199966046,True,1.2641492297404966e-08,
4.1,11.038,11.011,4.5,9.179091173552786,-2.085241007267197,-0.0028781815036153925,4.63273424329674,-0.001613602202346372,9.051971408983372,-0.018985769844020214,0.009262129459832971,5.4166666667,5.500000012641492,-0.0036966578776705555,5.4999999569429585,-0.0046149584970030045,True,Solve_Succeeded,6,0.057618680999439675,0.06078647099639056,0.061042627996357623,True,2.7945141965456132e-08,
4.2,11.138,11.113,4.5,9.654523980497464,-2.086635849583159,-0.0030094133504197725,4.690856786073658,-0.0021969154283937586,9.527384352025646,-0.014638079132497926,0.009010484615400154,5.4166666667,5.4999999569429585,-0.0046149584970030045,5.500000054156831,-0.005410585625985859,True,Solve_Succeeded,7,0.06569958399632014,0.06923903500137385,0.06951083299645688,True,5.4156831019724905e-08,
4.3,11.238,11.215,4.5,10.135690069867087,-2.0881314919129284,-0.003203559885795275,4.7452026196679205,-0.0017355395567754672,10.008532584899559,-0.010375863862876958,0.008712648261678908,5.4166666667,5.500000054156831,-0.005410585625985859,5.500000053336203,-0.006605703335721107,True,Solve_Succeeded,7,0.06804779700178187,0.07157137300237082,0.0718300549997366,True,5.333620300973507e-08,
4.4,11.338,11.317,4.5,10.62221317909059,-2.0897303558221414,-0.003363671869723346,4.795919269333472,-0.0013861590494354719,10.495039670360057,-0.006198978440772355,0.008466292427326954,5.4166666667,5.500000053336203,-0.006605703335721107,5.500000052868491,-0.00768195768877463,True,Solve_Succeeded,7,0.06998116499744356,0.07373856399499346,0.07400274799874751,True,5.2868490918456246e-08,
4.5,11.438,11.419,4.5,11.113729348105963,-2.0914180921781975,-0.0035015064969734955,4.843139261374264,-0.0011961543422149374,10.986541269853662,-0.002089638479520799,0.008260329918464659,5.4166666667,5.500000052868491,-0.00768195768877463,5.500000052324867,-0.008900505616165243,True,Solve_Succeeded,7,0.06716179499926511,0.0700508930021897,0.07036200999573339,True,5.232486710582407e-08,
4.6,11.538,11.521,4.5,11.609891133979634,-2.0931877592048656,-0.003631883475553293,4.887060115363117,-0.0011387848789712425,11.482689647663408,0.0019633975464282217,0.008080558536790046,5.4166666667,5.500000052324867,-0.008900505616165243,5.500000051791848,-0.010155977521501977,True,Solve_Succeeded,7,0.06685570800618734,0.07050584399985382,0.07095565599593101,True,5.190641427788023e-08,
4.7,11.638,11.623,4.5,12.110374782898296,-2.0950383719062695,-0.0037644851304343917,4.927928197287876,-0.001077145496777752,11.983160822821914,0.005966306213146583,0.007917862420514043,5.4166666667,5.500000051791848,-0.010155977521501977,5.5000000489213425,-0.011500416238444866,True,Solve_Succeeded,7,0.06822468800237402,0.07134627199411625,0.07168291899870383,True,4.892134253253744e-08,
4.8,11.738,11.725,4.5,12.614879189441574,-2.096972835270296,-0.003906929075082515,4.96593676314499,-0.0012903873662808074,12.487653503606547,0.009922197759440754,0.007765142730168913,5.4166666667,5.5000000489213425,-0.011500416238444866,5.500000048094719,-0.012812829863186933,True,Solve_Succeeded,7,0.0686233739979798,0.07211928800097667,0.07248550399526721,True,5.142086312304173e-08,
4.9,11.838,11.827,4.5,13.123128252590629,-2.0989994973482538,-0.004081329260100011,5.001466827405105,-0.0011326134710501876,12.995891462166743,0.013829538264249095,0.007600760050585028,5.4166666667,5.500000048094719,-0.012812829863186933,5.500000042561093,-0.014298258361410932,True,Solve_Succeeded,7,0.06945125500351423,0.07337387999723433,0.07369148999714525,True,4.256109331635116e-08,
5.0,11.938,11.929,4.5,13.634900748009832,-2.101314629358493,-0.005257933590140458,5.035161027889138,-0.015468368952755704,13.507655543791122,0.017499983827014502,0.0064549033711666344,5.4166666667,5.500000042561093,-0.014298258361410932,5.499999547828201,-0.010406059681128876,True,Maximum_CpuTime_Exceeded,6,0.06372082499729004,0.0668493170014699,0.06710586500412319,True,2.0432388878728424e-07,
5.1,12.038,12.031,4.5,14.150028098164707,-2.104565207431138,-0.007603583890511859,5.067343075518226,-0.027120374463954423,14.02278457884568,0.020295556176318452,0.004161140960724393,5.4166666667,5.499999547828201,-0.010406059681128876,5.500000051680464,-0.007295490382631854,True,Solve_Succeeded,7,0.06771889499941608,0.07331069999781903,0.0739160980010638,True,5.168046435244378e-08,
5.2,12.138,12.133,4.5,14.668351295011373,-2.109238329697816,-0.010305901938820704,5.098013182657144,-0.02143132030667145,14.541125287047482,0.02173865466976821,0.0015322374107560773,5.4166666667,5.500000051680464,-0.007295490382631854,5.500000004231538,-0.006895090287045439,True,Solve_Succeeded,7,0.06787317599810194,0.07258065800124314,0.07289728500472847,True,4.457795821366517e-08,
5.3,12.238,12.235,4.5,15.189698153897282,-2.1151548295268943,-0.012253435675168954,5.126822984468521,-0.015262540551205685,15.062503556391789,0.02201811073290438,-0.0003199973056207655,5.4166666667,5.500000004231538,-0.006895090287045439,5.5000000055289195,-0.005152927800379723,True,Maximum_CpuTime_Exceeded,7,0.06596414100204129,0.06894441400072537,0.0693242220004322,True,4.957427357510369e-08,
5.4,12.338,12.337,4.5,15.713867750760782,-2.1219438873015366,-0.013571715821277492,5.153500310267422,-0.01085854776931438,15.586714318904491,0.021514382576606327,-0.0015207717247224424,5.4166666667,5.5000000055289195,-0.005152927800379723,5.500000007083878,-0.004154444224343603,True,Maximum_CpuTime_Exceeded,7,0.06976383399887709,0.0745100080021075,0.07480749699607259,True,4.578327228443868e-08,
5.5,12.438,12.405,4.5,16.064774106249562,-2.1268262557893274,-0.014227129545205917,5.170198303465929,-0.008604404346022452,15.937652134794254,0.02087666960575408,-0.002085369697876236,5.4166666667,5.500000007083878,-0.004154444224343603,5.499999747014195,-0.0029455260158954668,True,Maximum_CpuTime_Exceeded,6,0.06928716399852419,0.07283271699998295,0.07310817299730843,True,7.300129833964775e-09,
5.6,12.538,12.507,4.5,16.593208218424802,-2.134550613187949,-0.014961191112171977,5.1941640731995875,-0.0060381883512311135,16.466138040753176,0.01960886700434242,-0.0026642876138099885,5.4166666667,5.499999747014195,-0.0029455260158954668,5.4999996236690665,-0.002324346236739405,True,Maximum_CpuTime_Exceeded,6,0.06598450200544903,0.06972885399591178,0.0700965139985783,True,1.2210052080519063e-08,
5.7,12.638,12.609,4.5,17.124016731565803,-2.142637465350725,-0.015474425042306684,5.216874736506808,-0.004114816621933421,16.99700280958703,0.018094799002929023,-0.003008671292491506,5.4166666667,5.4999996236690665,-0.002324346236739405,5.499999992165573,-0.0016122025324603077,True,Solve_Succeeded,7,0.06525877099920763,0.06845495099696564,0.06868876500084298,True,3.1680585266258277e-08,
5.8,12.738,12.711,4.5,17.657078725017964,-2.1509874285750774,-0.01582675610182902,5.2384321505188645,-0.0029727055102660555,17.530124828586843,0.016433666962806334,-0.003200014739867838,5.4166666667,5.499999992165573,-0.0016122025324603077,5.499999230471815,-0.0009486046337743163,True,Maximum_CpuTime_Exceeded,6,0.06389220200071577,0.06715491900104098,0.06738644700089935,True,6.554690421348401e-08,
5.9,12.838,12.813,4.5,18.192277979206555,-2.159523188012717,-0.0160526175565124,5.258829306853432,-0.002852972478337516,18.06538696150113,0.014697360560635192,-0.0032737909473091365,5.4166666667,5.499999230471815,-0.0009486046337743163,5.4999999547368965,-0.00014184414937610984,True,Maximum_CpuTime_Exceeded,7,0.06867246299952967,0.07201070000155596,0.07228170800226508,True,4.426309363481096e-08,
6.0,12.938,12.915,4.5,18.72949326675834,-2.168172088282591,-0.01611003409548402,5.278001694496758,-0.0009673568018573337,18.60266705532626,0.012952818389003527,-0.003188167697965441,5.4166666667,5.4999999547368965,-0.00014184414937610984,5.49999993858617,-0.00011370167515813232,True,Solve_Succeeded,7,0.07110787499550497,0.07444103300076677,0.07470214999921154,True,5.40623013023378e-08,
6.1,13.038,13.017,4.5,19.268604086346755,-2.176854488682493,-0.016096696175737907,5.29600747279042,-0.0007298284763548228,19.14184354885323,0.011273789900145636,-0.003040970235433999,5.4166666667,5.49999993858617,-0.00011370167515813232,5.499999961813553,0.0004765050613571556,True,Maximum_CpuTime_Exceeded,7,0.06909453400294296,0.07293224400200415,0.0732149949981249,True,7.539533442013635e-10,
6.2,13.138,13.119,4.5,19.80949350165525,-2.1855583218471737,-0.016082503355911715,5.312888219465261,-0.0004982331652720338,19.68279929606052,0.009666331049597932,-0.002902223740545551,5.4166666667,5.499999961813553,0.0004765050613571556,5.49999995499829,0.0007864206443279282,True,Solve_Succeeded,6,0.059113905001140665,0.06215278900344856,0.06255129400233272,True,4.520290541876193e-08,
6.3,13.238,13.221,4.5,20.3520501249211,-2.194280917666046,-0.01606770080715558,5.328708993780882,-0.0003797081486829407,20.225422822077242,0.008127014404271507,-0.0027722899265084614,5.4166666667,5.49999995499829,0.0007864206443279282,5.4999873958404155,0.0011916466250902942,True,Solve_Succeeded,3,0.033323357994959224,0.03750827399926493,0.03779588399629574,True,7.661482559484512e-08,
6.4,13.338,13.323,4.5,20.896169481875756,-2.203020190868966,-0.016051592486226098,5.3435394958086775,-0.00034744990226340017,20.76960957571682,0.006651772122681018,-0.002650580440852958,5.4166666667,5.4999873958404155,0.0011916466250902942,5.499965476501154,0.001592969314451783,True,Solve_Succeeded,2,0.023694060000707395,0.027331154997227713,0.027591551006480586,True,5.6951648730318993e-08,
6.5,13.438,13.425,4.5,21.441753744957587,-2.2117738648195067,-0.01603399022105711,5.35744267532446,-0.0001477600809742491,21.315261652448292,0.005236681564287009,-0.002537006579171882,5.4166666667,5.499965476501154,0.001592969314451783,5.497971996351466,0.0019387796667415973,True,Solve_Succeeded,2,0.024319660005858168,0.02722608100157231,0.027637226005026605,True,6.411548181262106e-08,
6.6,13.538,13.527,4.5,21.988711962139305,-2.2205357896024345,-0.015985057829924227,5.370493011232383,0.0008239329580038079,21.862287972961173,0.0038816621168906063,-0.0024018239420981087,5.4166666667,5.497971996351466,0.0019387796667415973,5.491437133732537,0.002029607676176341,True,Solve_Succeeded,2,0.02503179100312991,0.029028975004621316,0.02940783200028818,True,5.2586738519266873e-08,
6.7,13.638,13.629,4.5,22.536958778256658,-2.2292787944850443,-0.015891938313519535,5.382696074126478,0.0011782140444641872,22.4106027687611,0.0026076150823861996,-0.002232260412088457,5.4166666667,5.491437133732537,0.002029607676176341,5.481573024555211,0.0022661751830289575,True,Solve_Succeeded,2,0.024423777002084535,0.027511262000189163,0.028027640997606795,True,2.8539868246468814e-08,
6.8,13.738,13.731,4.5,23.08639600882352,-2.2379705690385374,-0.015727053647612725,5.393765367654714,0.002203922657002032,22.96010736895032,0.0014403011864743322,-0.0020008184403105186,5.4166666667,5.481573024555211,0.0022661751830289575,5.469580849274362,0.0021060185141155386,True,Solve_Succeeded,2,0.02593230100319488,0.02977944900339935,0.030097648996161297,True,1.548166661535788e-08,
6.9,13.838,13.833,4.5,23.63689323604322,-2.246549924285559,-0.015406121677618748,5.403449417664977,0.003959114095214875,23.510670471832714,0.0004338139776215756,-0.001623292577024829,5.4166666667,5.469580849274362,0.0021060185141155386,5.456471576190096,0.0015702746948754748,True,Solve_Succeeded,2,0.024808057998598088,0.027895404004084412,0.02814820499770576,True,7.279789215886012e-09,
7.0,13.938,13.935,4.5,24.188312884599544,-2.254930235662493,-0.014986108013136485,5.411824843615896,0.0041249615731764715,24.06215326206947,-0.00033251433709907186,-0.0011567164478200002,5.4166666667,5.456471576190096,0.0015702746948754748,5.442924607055525,0.001265846983132996,True,Solve_Succeeded,2,0.024635639994812664,0.02993575100117596,0.030207108000467997,True,4.22721502246759e-09,
7.1,14.038,14.037,4.5,24.740523447302408,-2.263102445596283,-0.014636275156265218,5.4188931125234365,0.0028100373769581483,24.61442406437664,-0.0008569108493354214,-0.0007704103209547255,5.4166666667,5.442924607055525,0.001265846983132996,5.429531738469262,0.0011833493549901312,True,Solve_Succeeded,2,0.02690294399508275,0.03129795600398211,0.03175664100126596,True,3.729762276805104e-09,
7.2,14.138,14.105,4.5,25.109035223984094,-2.26846576900045,-0.014484277926996468,5.4227835295464235,0.0016735374921317977,24.98297480162268,-0.001106565556369831,-0.0005997270945878857,5.4166666667,5.429531738469262,0.0011833493549901312,5.417597876728735,0.0011205002264257841,True,Solve_Succeeded,2,0.024137294996762648,0.027952609001658857,0.028294686999288388,True,3.6507250555928294e-09,
7.3,14.238,14.207,4.5,25.662263205760265,-2.276444368532287,-0.014380307854599903,5.427725431030359,0.00042778045158416394,25.536260261461763,-0.001397440781071079,-0.00047620214557245535,5.4166666667,5.417597876728735,0.0011205002264257841,5.40618304158829,0.0013453419818979574,True,Solve_Succeeded,2,0.02414497699646745,0.02744467300362885,0.027719999001419637,True,3.336597664826968e-09,
7.4,14.338,14.309,4.5,26.21593813990472,-2.2843965810525977,-0.014347619008212244,5.431571170181591,0.00020635410716414543,26.08999225737555,-0.001647715560261203,-0.0004341555695678307,5.4166666667,5.40618304158829,0.0013453419818979574,5.395677677199668,0.001382701755402422,True,Solve_Succeeded,2,0.024297503994603176,0.02788481499737827,0.028245560002687853,True,2.3564377116258584e-09,
7.5,14.438,14.411,4.5,26.769954657980392,-2.29233922481687,-0.014314402024222114,5.43444873408649,0.0006787474489922674,26.644065656327097,-0.0018813175507477256,-0.00040180217814493607,5.4166666667,5.395677677199668,0.001382701755402422,5.386302476035404,0.001338708489227829,True,Solve_Succeeded,2,0.02481534099933924,0.028491041004599538,0.02894940500118537,True,2.2952413303301e-09,
7.6,14.538,14.513,4.5,27.324220504257532,-2.300243818296415,-0.01418227446047892,5.4364697961176,0.001997421756449894,27.198387808333752,-0.0020767198494745245,-0.00028077660043845237,5.4166666667,5.386302476035404,0.001338708489227829,5.378198360224499,0.0009369814711664243,True,Solve_Succeeded,2,0.02683488599723205,0.030318511002406012,0.030749106001167092,True,2.7946196468064954e-09,
7.7,14.638,14.615,4.5,27.878654220048922,-2.3080403573666,-0.013925763165503457,5.437740807643643,0.002847233336751975,27.752876286149306,-0.0021707407180479987,-4.5616687724769546e-05,5.4166666667,5.378198360224499,0.0009369814711664243,5.3711823128825325,0.0005163265313796527,True,Solve_Succeeded,1,0.01767495400417829,0.020950486999936402,0.021244420000584796,True,4.4771144125377305e-08,
7.8,14.738,14.717,4.5,28.43318748524027,-2.3156847036369754,-0.01365947222719916,5.438411247427197,0.002139278768192373,28.307462168578482,-0.0021258853196781257,0.0001890673825220516,5.4166666667,5.3711823128825325,0.0005163265313796527,5.365601728839202,0.00040007590861030733,True,Solve_Succeeded,2,0.025644237000960857,0.02909515299688792,0.029627497002366,True,2.8593110101837738e-09,
7.9,14.838,14.818999999999999,4.5,28.98776445018716,-2.323211694746401,-0.01351453191756176,5.4385863660986145,0.0006168922317821468,28.862090107020773,-0.0019834547140345675,0.00029214291240457595,5.4166666667,5.365601728839202,0.00040007590861030733,5.361136924894403,0.0005279105173131535,True,Solve_Succeeded,2,0.024640834002639167,0.0284178840011009,0.028680955998424906,True,2.802168275195527e-09,
8.0,14.938,14.921,4.5,29.54233876923539,-2.3307002419019374,-0.013500292604517496,5.438372762836915,4.019547480802673e-05,29.416714862827572,-0.0018286841229849314,0.0002542598772779722,5.4166666667,5.361136924894403,0.0005279105173131535,5.357535365587801,0.0005561062350349573,True,Solve_Succeeded,1,0.01617663799697766,0.020209982998494525,0.02047592000599252,True,2.3820009076302995e-08,
8.1,15.038,15.023,4.5,30.09687575258538,-2.338186523450114,-0.013498394070600734,5.437874481951776,2.205022776879083e-05,29.971302252488062,-0.001703912806234958,0.0001937805590889012,5.4166666667,5.357535365587801,0.0005561062350349573,5.354887480973499,0.0005991460867119662,True,Solve_Succeeded,1,0.015566467998723965,0.01976634999300586,0.020391709003888536,True,1.0843714282060546e-07,
8.2,15.138,15.125,4.5,30.65135078415734,-2.345670027248479,-0.013490389253744987,5.437172246765317,0.00016996690814093763,30.525827655006772,-0.0016146469515301042,0.00012915499384716538,5.4166666667,5.354887480973499,0.0005991460867119662,5.35307536376141,0.000622767701070549,True,Solve_Succeeded,1,0.015670763998059556,0.019244964998506475,0.019839453998429235,True,7.755561792777144e-08,
8.3,15.238,15.227,4.5,31.205747061352,-2.353142695457159,-0.013461672510350726,5.43634063004754,0.00039482776947362923,31.080274161845143,-0.0015584448217599186,7.772015250236304e-05,5.4166666667,5.35307536376141,0.000622767701070549,5.351977991738285,0.0006033901056522788,True,Solve_Succeeded,1,0.014972149998357054,0.019014903999050148,0.019365549000212923,True,4.5337445797599685e-08,
8.4,15.338,15.329,4.5,31.760054690015302,-2.36058949207528,-0.013395134021890414,5.435435446490404,0.0009525057287763277,31.634631692905266,-0.0015209498718129551,6.902610726255455e-05,5.4166666667,5.351977991738285,0.0006033901056522788,5.351490524046008,0.00043694568750448883,True,Solve_Succeeded,1,0.01653674199769739,0.019629381997219753,0.01999009700375609,True,9.27856014243389e-09,
8.5,15.438,15.431,4.5,32.31426907225255,-2.3679829355743918,-0.013279478788493983,5.4345073871080505,0.001236761533267867,32.18889528369137,-0.0014712763818285266,0.00011590009750286207,5.4166666667,5.351490524046008,0.00043694568750448883,5.35148076146277,0.00028851589701706115,True,Solve_Succeeded,1,0.016130085998156574,0.018969495002238546,0.019264560003648512,True,1.013828754281576e-08,
8.6,15.538,15.533,4.5,32.868390785385756,-2.375309723531158,-0.013171562837071417,5.433605745826681,0.0008752886040798609,32.74306533854827,-0.001392527050884525,0.00016148500423975726,5.4166666667,5.35148076146277,0.00028851589701706115,5.351823409000023,0.00026067466675244136,True,Solve_Succeeded,1,0.018709995005337987,0.02285659000335727,0.02325086200289661,True,9.663737188247978e-08,
8.7,15.638,15.635,4.5,33.42242369899272,-2.3825881325332854,-0.013111167092648755,5.432755778976552,0.0003560667429332138,33.29714597579327,-0.0012993396626026737,0.00016599819502721887,5.4166666667,5.351823409000023,0.00026067466675244136,5.352424816679435,0.00027522205383517264,True,Solve_Succeeded,1,0.015512742000282742,0.019460303003143054,0.020050618004461285,True,5.856141971349871e-08,
8.8,15.738,15.737,4.5,33.97637377770883,-2.389845160027501,-0.013094106917851171,5.431977327646063,4.546938114965038e-05,33.851143519322456,-0.0012150478152168666,0.00013362232649161837,5.4166666667,5.352424816679435,0.00027522205383517264,5.353198085106776,0.00029978618202135244,True,Solve_Succeeded,1,0.01519021200510906,0.0185920959993382,0.01889282200136222,True,4.77008832433512e-08,
8.9,15.838,15.805,4.5,34.345631634630976,-2.3946799615483205,-0.013091125265307242,5.431509081948121,4.450321285267964e-05,34.220432988906595,-0.0011706382134342814,0.00010722697781502707,5.4166666667,5.353198085106776,0.00029978618202135244,5.35397796254954,0.00028819381877923366,True,Solve_Succeeded,1,0.015803950002009515,0.019142819997796323,0.01944772400020156,True,1.873103450122926e-08,
9.0,15.938,15.907,4.5,34.899461694941735,-2.4019286899571415,-0.013082149608871808,5.430877174810355,0.0001647783348195682,34.774310437577725,-0.001120316969353522,7.75061416428899e-05,5.4166666667,5.35397796254954,0.00028819381877923366,5.354846338699662,0.00025620018497315257,True,Solve_Succeeded,1,0.01624279200041201,0.01976623600057792,0.020023827004479244,True,1.797179827178752e-08,
9.1,16.039,16.009,4.5,35.45323199946094,-2.409166545469125,-0.013052061180219785,5.430333192431425,0.0004284668950428633,35.328128002969045,-0.001079558422539547,7.533914185514808e-05,5.4166666667,5.354846338699662,0.00025620018497315257,5.355759288686363,0.00014601919327549633,True,Solve_Succeeded,1,0.016199073994357605,0.020263491998775862,0.020526664004137274,True,4.889443516731262e-09,
9.2,16.138,16.111,4.5,36.00695143774601,-2.4163802905264924,-0.013000733147637177,5.429874199139634,0.0005260635641859002,35.88189439953344,-0.00103143903737082,0.00010085100502531599,5.4166666667,5.355759288686363,0.00014601919327549633,5.356664220869838,5.032203468318091e-05,True,Solve_Succeeded,1,0.018031633000646252,0.021189245002460666,0.021476894995430484,True,5.803816982563603e-09,
9.3,16.238,16.213,4.5,36.560628859013335,-2.4235650279904695,-0.01295588490694603,5.429501188335996,0.0002861504915466677,36.43561841174941,-0.000967378223890833,0.00012632065419922522,5.4166666667,5.356664220869838,5.032203468318091e-05,5.357522790554351,2.18583005267634e-05,True,Solve_Succeeded,1,0.016457338999316562,0.019223026996769477,0.019852649995300453,True,3.195611686379607e-08,
9.4,16.338,16.315,4.5,37.11427263072506,-2.4307331704286144,-0.012943757802072886,5.429208487117207,-7.806457210110405e-06,36.98930856853677,-0.0008961122255204215,0.00012550519836120912,5.4166666667,5.357522790554351,2.18583005267634e-05,5.3583148664323135,1.593508619408693e-05,True,Solve_Succeeded,1,0.016780545003712177,0.02033125799789559,0.02074355100194225,True,1.854748710172771e-08,
9.5,16.438,16.417,4.5,37.667890361342316,-2.4378993690904727,-0.012943594192922767,5.428988349854999,2.355123852443333e-06,37.54297266820279,-0.0008286275824001544,0.00011916085272025909,5.4166666667,5.3583148664323135,1.593508619408693e-05,5.359034758030757,-5.713827370343674e-05,True,Solve_Succeeded,1,0.016791904999990948,0.02203162400110159,0.022471727002994157,True,5.624359644684773e-09,
9.6,16.538,16.519,4.5,38.22148898452011,-2.4450652909240067,-0.012943564648884987,5.428832068639483,2.748079361202386e-06,38.09661766422417,-0.0007629379517385214,0.0001191157022479069,5.4166666667,5.359034758030757,-5.713827370343674e-05,5.359664158264777,-0.00010521083546446849,True,Solve_Succeeded,1,0.017010671996104065,0.021448828003485687,0.021939718993962742,True,6.754472536840694e-09,
9.7,16.638,16.621,4.5,38.775074651498926,-2.45223125364938,-0.01294519488744284,5.428732105027124,-3.7234487974964536e-05,38.6502497101324,-0.000695719273363162,0.0001238427148781921,5.4166666667,5.359664158264777,-0.00010521083546446849,5.360205512124949,-0.00016186062709038426,True,Solve_Succeeded,1,0.015197991000604816,0.018134546000510454,0.01861898800416384,True,4.366356165519392e-09,
9.8,16.738,16.723,4.5,39.32865259033525,-2.459399305572926,-0.012951825479822883,5.428678948019191,-8.504342202008941e-05,39.20387405904163,-0.0006253909194044079,0.000129999986571587,5.4166666667,5.360205512124949,-0.00016186062709038426,5.360659991571503,-0.0002231623818504428,True,Solve_Succeeded,1,0.016248056999756955,0.020813347000512294,0.02118712299852632,True,4.361758954019024e-09,
9.9,16.838,16.825,4.5,39.88222706106708,-2.466572313919474,-0.012962979938999178,5.428663644572068,-0.00012249960825586154,39.75749500671348,-0.0005512045368700619,0.0001380625987868114,5.4166666667,5.360659991571503,-0.0002231623818504428,5.361029677027882,-0.0003019371681330245,True,Solve_Succeeded,1,0.015381848003016785,0.019226128002628684,0.01997097799903713,True,6.21170546111216e-08,
10.0,16.938,16.927,4.5,40.435801492117385,-2.47375231816579,-0.01297695396935015,5.4286783222457515,-0.00014665713439470203,40.311116006407744,-0.00047159567126423826,0.00014973331929737067,5.4166666667,5.361029677027882,-0.0003019371681330245,5.361316051963347,-0.00041236209192228884,True,Solve_Succeeded,1,0.01675368199357763,0.020315387002483476,0.020610431005479768,True,4.835871081354526e-07,
10.1,17.038,17.029,4.5,40.98937850661055,-2.480941039872961,-0.012994861603022675,5.428715161030842,-0.00018692876493081308,40.864739701993464,-0.0003846932212639248,0.00016389641910217502,5.4166666667,5.361316051963347,-0.00041236209192228884,5.361518676251965,-0.0005534783566389817,True,Solve_Succeeded,1,0.016576276000705548,0.019527254997228738,0.020026865997351706,True,1.5405170863402873e-06,
10.2,17.138,17.131,4.5,41.54295995339268,-2.4881415318722433,-0.01302003994120637,5.428766746712004,-0.00027961261096176137,41.41836798046684,-0.00028996815914548394,0.00017721288823580386,5.4166666667,5.361518676251965,-0.0005534783566389817,5.361636965966441,-0.0007125732439310329,True,Solve_Succeeded,1,0.016421844004071318,0.02008475299953716,0.020581584998581093,True,3.2744784457250375e-06,
10.3,17.238,17.233,4.5,42.09654685036109,-2.4953587504808326,-0.013055188804615663,5.42882511524736,-0.0003624032984739119,41.97200192305207,-0.00018880660051628275,0.00018698073725951884,5.4166666667,5.361636965966441,-0.0007125732439310329,5.36186760673959,-0.0008895252203266978,True,Solve_Succeeded,2,0.02485373899980914,0.028180474997498095,0.028458567001507618,True,3.5086102911918715e-09,
10.4,17.338,17.335,4.5,42.650139424435004,-2.502598294780077,-0.013100282737704777,5.4288827938753155,-0.00046990640559360853,42.52564182917466,-8.324890170668766e-05,0.0001932229488194326,5.4166666667,5.36186760673959,-0.0008895252203266978,5.361981428027593,-0.0010383727541828781,True,Solve_Succeeded,2,0.0242238909995649,0.02914388400677126,0.029393008000624832,True,3.447696350633578e-09,
10.5,17.438,17.437,4.5,43.203737686633566,-2.50986545113513,-0.013154668873308987,5.428943668304781,-0.0005549126290915594,43.07928777892671,2.497310336997248e-05,0.0001965896298349052,5.4166666667,5.361981428027593,-0.0010383727541828781,5.361995182401231,-0.0011266939471767357,True,Solve_Succeeded,2,0.02443649899942102,0.02703075699537294,0.02726835799694527,True,3.4382452440695488e-09,
10.6,17.538,17.505,4.5,43.57280634418286,-2.5147278666923567,-0.01319475719064884,5.428982704812936,-0.0006237214365902625,43.44838845600483,9.805107241110608e-05,0.00019856651894161435,5.4166666667,5.361995182401231,-0.0011266939471767357,5.3619350252127225,-0.0010797778508934938,True,Solve_Succeeded,2,0.02438602000620449,0.027912024001125246,0.028223461005836725,True,3.4138194493493756e-09,
10.7,17.638,17.607,4.5,44.12641360411973,-2.5220499247148784,-0.01325569591345946,5.429034424491924,-0.0005924290724973216,44.00204411317441,0.00020971981635333273,0.00020606811995524214,5.4166666667,5.3619350252127225,-0.0010797778508934938,5.361814323260316,-0.0008453080830523715,True,Solve_Succeeded,2,0.023427893000189215,0.026516364996496122,0.02689640800235793,True,3.3758524864424544e-09,
10.8,17.738,17.709,4.5,44.68002542970533,-2.529404101966308,-0.013307363739734865,5.429081715172166,-0.00041042987895684245,44.55570475006668,0.00032900028415302443,0.00022924840166203307,5.4166666667,5.361814323260316,-0.0008453080830523715,5.3616596554909,-0.000346837720389948,True,Solve_Succeeded,2,0.025257460001739673,0.028714883999782614,0.02895193400036078,True,3.3436249324836353e-09,
10.9,17.838,17.811,4.5,45.2336420199791,-2.536780597345675,-0.013331255279933077,5.429136335480882,-1.5491007281600288e-05,45.109370430985386,0.000469242820093827,0.00028660894656883096,5.4166666667,5.3616596554909,-0.000346837720389948,5.361500324877261,0.0004754603301769157,True,Solve_Succeeded,2,0.026141053000173997,0.030779387001530267,0.031209029002639,True,3.325884456728545e-09,
11.0,17.938,17.913,4.5,45.78726445443893,-2.5441619969651956,-0.013332824960262843,5.429191840514881,-4.533997009552952e-05,45.66304199204885,0.0006514198363453864,0.0003726913753783669,5.4166666667,5.361500324877261,0.0004754603301769157,5.361373371891016,0.0019249129318182415,True,Solve_Succeeded,2,0.02500419300486101,0.028913485999510158,0.02936003200011328,True,3.3697071799565492e-09,
11.1,18.038,18.015,4.5,46.340891837834135,-2.5515438738211764,-0.013331846070135081,5.42923385581568,3.1837747456284564e-05,46.21671846714888,0.0008834782684905713,0.0004667820540793146,5.4166666667,5.361373371891016,0.0019249129318182415,5.361353487109331,0.003918444787494512,True,Solve_Succeeded,2,0.026301042998966295,0.03056566799932625,0.030990041996119544,True,3.4607356980131954e-09,
11.2,18.138,18.117,4.5,46.894523862590724,-2.558917468845846,-0.013271294460030135,5.429297325436856,0.0015222107469071392,46.77039972774366,0.0011233996781164054,0.00035136383243020847,5.4166666667,5.361353487109331,0.003918444787494512,5.361506808671137,0.006167175941553178,True,Solve_Succeeded,2,0.02432282399968244,0.029270177001308184,0.02956156400614418,True,3.559187611301695e-09,
11.3,18.238,18.219,4.5,47.44816468510412,-2.5661788734593505,-0.012815746044028532,5.429342897374353,0.008271903211478622,47.324088952300734,0.0012437339164935667,0.00014527882869512683,5.4166666667,5.361506808671137,0.006167175941553178,5.361846247613291,0.007237618137767381,True,Solve_Succeeded,2,0.02544390999537427,0.029018598004768137,0.029599840003356803,True,3.853010355214792e-09,
11.4,18.338,18.321,4.5,48.001811039292726,-2.572966875602284,-0.011534196272358752,5.429309870379239,0.01660608636826707,47.877778423909206,0.0013367088990843237,0.0002795050136217194,5.4166666667,5.361846247613291,0.007237618137767381,5.362461335396533,0.00784878014898688,True,Solve_Succeeded,2,0.024145155999576673,0.027654412006086204,0.028117074994952418,True,3.867405062862872e-09,
11.5,18.438,18.423,4.5,48.55546690982435,-2.5788276422373833,-0.009530828090393989,5.4293336730672985,0.022040611103688764,48.43146771591391,0.00158720637429161,0.0006496596633101814,5.4166666667,5.362461335396533,0.00784878014898688,5.36341057233862,0.008808976858176266,True,Solve_Succeeded,2,0.02903531800257042,0.03401449899683939,0.034392177003610414,True,3.934714776221426e-09,
11.6,18.538,18.525,4.5,49.10913955223886,-2.583453131414101,-0.007122381538223911,5.429402809624966,0.02477423163206152,48.98516345749559,0.002034191775347641,0.0009386116273187401,5.4166666667,5.36341057233862,0.008808976858176266,5.364735393472947,0.010211476691016776,True,Solve_Succeeded,2,0.02999959499720717,0.034908131005067844,0.03551329999754671,True,4.233482009396994e-09,
11.7,18.638,18.627,4.5,49.66283096332392,-2.5866753390761286,-0.00446162936595613,5.429511671825975,0.027242951379184997,49.53887016515697,0.002576258085248428,0.0009930401122992174,5.4166666667,5.364735393472947,0.010211476691016776,5.366428039432337,0.011825259286498779,True,Solve_Succeeded,2,0.02403809200040996,0.027564798001549207,0.027938082996115554,True,4.573004197538921e-09,
11.8,18.738,18.729,4.5,50.216543540481204,-2.5883433934076314,-0.0014824517434648438,5.4296865062110236,0.0309745658764498,50.09259402535671,0.003094488252838748,0.000878370075415133,5.4166666667,5.366428039432337,0.011825259286498779,5.368452512806497,0.013418328886343553,True,Solve_Succeeded,2,0.025279588997364044,0.028679784998530522,0.028923117999511305,True,4.887690252530774e-09,
11.9,18.838,18.831,4.5,50.7702802520141,-2.5882431169835556,0.0019463119025763503,5.429938552570003,0.03585033405986197,50.64634275479621,0.0035327904799918783,0.0007249431502355491,5.4166666667,5.368452512806497,0.013418328886343553,5.370770598889357,0.014953940134249602,True,Solve_Succeeded,2,0.024258540994196665,0.027240652998443693,0.0274856579999323,True,5.187013485397074e-09,
12.0,18.938,18.933,4.5,51.32404334213071,-2.5861006791762025,0.005897340445421975,5.430287967437324,0.0410458484514841,51.200125385782506,0.0038941508302415967,0.0006045249057059195,5.4166666667,5.370770598889357,0.014953940134249602,5.373315930107754,0.016522383466166198,True,Solve_Succeeded,2,0.02618444900144823,0.03095805000339169,0.0312868309993064,True,5.4301931839972895e-09,
12.1,19.038,19.035,4.5,51.87783383444112,-2.581623212122006,0.010374821139147079,5.430752449555954,0.046100783186160746,51.7539528452365,0.0041999408551521705,0.0005203246054952988,5.4166666667,5.373315930107754,0.016522383466166198,5.375978813682811,0.01817741612473786,True,Solve_Succeeded,2,0.023993536000489257,0.027249416001723148,0.02745899099681992,True,5.7193565439206395e-09,
12.2,19.138,19.137,4.5,52.43165048315657,-2.5745223479432964,0.015368241925459644,5.431339394967404,0.05111696451526705,52.307837442398245,0.0044663283450680795,0.0004608304297026161,5.4166666667,5.375978813682811,0.01817741612473786,5.3786091302175825,0.01988009287855999,True,Solve_Succeeded,2,0.024723681002797093,0.02802578699629521,0.028330230998108163,True,6.194833090944485e-09,
12.3,19.238,19.205,4.5,52.80087373773864,-2.568190665079839,0.018990457880385447,5.431801516247554,0.05536187134172757,52.67713171219221,0.004627622176418219,0.0004410503365221974,5.4166666667,5.3786091302175825,0.01988009287855999,5.381185000604733,0.02183316801110259,True,Solve_Succeeded,2,0.02436543600197183,0.027673222997691482,0.02797560299950419,True,6.9663084190096924e-09,
12.4,19.338,19.307,4.5,53.354719864204505,-2.5560734838621273,0.0248716845547747,5.4325833694836145,0.06068682942999839,53.23113900503356,0.004865563117969043,0.0004485478429873922,5.4166666667,5.381185000604733,0.02183316801110259,5.383314817061376,0.023317340018739082,True,Solve_Succeeded,2,0.024095105000014883,0.02851836099580396,0.028851551993284374,True,8.113882010718498e-09,
12.5,19.438,19.409,4.5,53.90856552477124,-2.5405426999667995,0.03132340982201021,5.433461514268801,0.0665758745472487,53.78523506524059,0.0051252368851517705,0.0005330100227271053,5.4166666667,5.383314817061376,0.023317340018739082,5.384835960152777,0.02444719305061668,True,Solve_Succeeded,2,0.02454767000017455,0.028489864998846315,0.028813016004278325,True,9.149430546528947e-09,
12.6,19.538,19.511,4.5,54.46238761619714,-2.5212683257763477,0.03836666569279037,5.434429516591779,0.07183715888119514,54.33942976796828,0.005462414738863783,0.0007149490026654645,5.4166666667,5.384835960152777,0.02444719305061668,5.385601558425428,0.02521241720287223,True,Solve_Succeeded,2,0.02396001000306569,0.02679305600031512,0.027356168000551406,True,9.393377631283784e-09,
12.7,19.638,19.613,4.5,55.01615623720518,-2.4979485568623834,0.045894738774935606,5.435459792804312,0.07588131778649992,54.89373207122948,0.00590456472977662,0.0008874362139890679,5.4166666667,5.385601558425428,0.02521241720287223,5.385513940393592,0.02559287778515093,True,Solve_Succeeded,2,0.024206296999182086,0.02787822700338438,0.028142051000031643,True,8.175554455647216e-09,
12.8,19.738,19.715,4.5,55.56983470059504,-2.470350989848786,0.05377419898410828,5.436510016862179,0.07862157591045209,55.44814743277721,0.006409988960960985,0.0009172536628507741,5.4166666667,5.385513940393592,0.02559287778515093,5.384535742574691,0.025518816260756912,True,Solve_Succeeded,2,0.023904210000182502,0.027790097999968566,0.028118868998717517,True,6.277315556246776e-09,
12.9,19.838,19.817,4.5,56.123380362746396,-2.438318389536583,0.06186987582221369,5.43752862463513,0.08006114156038381,56.002675951093295,0.006862488111571822,0.0006700009004113466,5.4166666667,5.384535742574691,0.025518816260756912,5.3827134132693795,0.0249175724642495,True,Solve_Succeeded,2,0.025289438999607228,0.02858543199545238,0.028849194997746963,True,2.8686755694094963e-08,
13.0,19.938,19.919,4.5,56.67674661009812,-2.401769824245273,0.07004140081171945,5.438465978924773,0.08007958878083817,56.55731117046675,0.007070691922894786,6.772006699684585e-06,5.4166666667,5.3827134132693795,0.0249175724642495,5.380153451725714,0.02373961468920479,True,Solve_Succeeded,2,0.024685424999915995,0.028570382004545536,0.02883302299596835,True,3.895101130524381e-09,
13.1,20.038,20.021,4.5,57.22988606853955,-2.360707530843914,0.07813010017465423,5.439276438582725,0.07846397698102249,57.11203905147616,0.00676165916995496,-0.001228809606517542,5.4166666667,5.380153451725714,0.02373961468920479,5.376986425153265,0.022009352403485664,True,Solve_Succeeded,2,0.02927120600361377,0.032409427003585733,0.03285757500270847,True,4.097704131577912e-09,
13.2,20.138,20.123,4.5,57.78275484064204,-2.3152282953309493,0.08595691934581684,5.439921381262444,0.07502900344076494,57.66683295378412,0.005697041950944847,-0.0025104237498417836,5.4166666667,5.376986425153265,0.022009352403485664,5.373355412188148,0.01982608411392333,True,Solve_Succeeded,2,0.024498213999322616,0.028341502998955548,0.02860527599841589,True,3.1294256075398152e-09,
13.3,20.238,20.225,4.5,58.335317032642706,-2.265533554855022,0.09332870928447415,5.44036785300009,0.06974195158180552,58.221664306822994,0.0040774403989517595,-0.003266598842549512,5.4166666667,5.373355412188148,0.01982608411392333,5.369424304217707,0.01735539017448913,True,Solve_Succeeded,2,0.025095502998738084,0.028794174002541695,0.02914323799632257,True,3.294373662754424e-09,
13.4,20.338,20.327,4.5,58.88754797357341,-2.211929600478839,0.10006763696478482,5.4405827779156715,0.06286572963857241,58.77651095689306,0.0021432635105645384,-0.0036756903703640815,5.4166666667,5.369424304217707,0.01735539017448913,5.365394234629004,0.014780577043105248,True,Solve_Succeeded,2,0.024649305996717885,0.02837398200063035,0.028816526995797176,True,3.9131489160126876e-09,
13.5,20.438,20.429,4.5,59.43943595869341,-2.154811240518915,0.1060365451889466,5.440547038145644,0.05489807632113456,59.3313506720217,4.569934536751514e-05,-0.0038765200218929406,5.4166666667,5.365394234629004,0.014780577043105248,5.361508546208203,0.012304552416657951,True,Solve_Succeeded,2,0.02557075700315181,0.030242456996347755,0.030860448998282664,True,5.337448705233783e-09,
13.6,20.538,20.531,4.5,59.990981822775744,-2.094633192547541,0.11115764994639403,5.4402533179071755,0.046457382056966694,59.88616092441164,-0.0021253142756550627,-0.0039490169810613845,5.4166666667,5.361508546208203,0.012304552416657951,5.358046293375082,0.010143353093134598,True,Solve_Succeeded,2,0.026772914003231563,0.03079085000354098,0.031037388995173387,True,7.982161598363291e-09,
13.7,20.638,20.633,4.5,60.54219691060051,-2.031874162092898,0.11542141774591462,5.439713538499092,0.03822562486725362,60.440919981463374,-0.004305572073285155,-0.0039050678370352726,5.4166666667,5.358046293375082,0.010143353093134598,5.355297143340811,0.008505693193061832,True,Solve_Succeeded,2,0.02419030499731889,0.02764403200126253,0.028048442996805534,True,1.0690680340985637e-08,
13.8,20.738,20.735,4.5,61.093100294080564,-1.9669972922952237,0.11889144013210727,5.438966264805518,0.030922955932597276,60.99560928549793,-0.0064172934017845155,-0.0036834112858752516,5.4166666667,5.355297143340811,0.008505693193061832,5.353525466871817,0.007563503661513036,True,Solve_Succeeded,2,0.02551777000189759,0.029927336996479426,0.030233783996663988,True,9.8698267336772e-09,
13.9,20.838,20.837,4.5,61.64371420029639,-1.900408457135703,0.12170745296425664,5.438066155239127,0.025275581967513335,61.55021524065643,-0.008327345289210893,-0.003146407519337397,5.4166666667,5.353525466871817,0.007563503661513036,5.3529115677858,0.007436903078188787,True,Solve_Succeeded,2,0.024219632003223523,0.027694711003277916,0.028046213003108278,True,1.7698477782282507e-08,
14.0,20.938,20.905,4.5,62.010639926775696,-1.8552221797728408,0.12331983296105464,5.437414129527749,0.022424143150367278,61.91990266423485,-0.009380663736407661,-0.0025156861048266643,5.4166666667,5.3529115677858,0.007436903078188787,5.353339961701823,0.007995479312445188,True,Solve_Succeeded,2,0.02520363299845485,0.028557060002640355,0.029098037994117476,True,1.942915440157275e-07,
14.1,21.038,21.007,4.5,62.56081572129373,-1.7864058182515392,0.12552901370834474,5.436433771122521,0.02120612791122692,62.47435814186317,-0.01038703786758333,-0.000973366891654226,5.4166666667,5.353339961701823,0.007995479312445188,5.354969285385864,0.009668141502299185,True,Solve_Succeeded,2,0.024262339000415523,0.028682832002232317,0.02907030100323027,True,4.12002520988608e-09,
14.2,21.138,21.109,4.5,63.110742667494925,-1.7164016800852337,0.12773367175292522,5.435502531046022,0.022519455869880405,63.028724175516665,-0.010298005761224922,0.0013605901468472514,5.4166666667,5.354969285385864,0.009668141502299185,5.357613364592388,0.01194187143106334,True,Solve_Succeeded,2,0.02463436600373825,0.0276345090023824,0.02806042800511932,True,4.329355540733104e-09,
14.3,21.238,21.211,4.5,63.66041718051232,-1.6451383891859361,0.1302176665131418,5.434683418337598,0.027024744682531274,63.582990944698174,-0.009017276688647815,0.003154098159251023,5.4166666667,5.357613364592388,0.01194187143106334,5.3610414071925145,0.014485430071864381,True,Solve_Succeeded,2,0.02477767499658512,0.027966121000645217,0.02841027199610835,True,4.560646083007214e-09,
14.4,21.338,21.313,4.5,64.20981819321058,-1.5723700220115393,0.13329964666840913,5.434031649491708,0.03409955977215974,64.13717122612046,-0.006930037075746736,0.004324213216445855,5.4166666667,5.3610414071925145,0.014485430071864381,5.365012244720755,0.01706214848099065,True,Solve_Succeeded,2,0.0254029149946291,0.0288368929977878,0.02919284199742833,True,5.048600648649426e-09,
14.5,21.438,21.415,4.5,64.75890774486528,-1.4977029616530364,0.1371857311509806,5.433592807026621,0.042499563625994635,64.69129097066912,-0.004318003178954501,0.005075716134246121,5.4166666667,5.365012244720755,0.01706214848099065,5.369283819795835,0.01955254746940952,True,Solve_Succeeded,2,0.023931946998345666,0.026858332996198442,0.02714821800327627,True,5.68662628097627e-09,
14.6,21.538,21.517,4.5,65.30763675268105,-1.4206661132041183,0.1419565387090816,5.433397599207525,0.05116739861768783,65.2453817931653,-0.001385499694064779,0.005487122252538612,5.4166666667,5.369283819795835,0.01955254746940952,5.373596650485599,0.021857680263928845,True,Solve_Succeeded,2,0.024730244003876578,0.028827226000430528,0.029274767002789304,True,6.4423986145811796e-09,
14.7,21.638,21.619,4.5,65.85594972601523,-1.340771006736143,0.14760497746948684,5.433460274154591,0.05949720682641395,65.79947835734184,0.0016798028572627948,0.005548659716474308,5.4166666667,5.373596650485599,0.021857680263928845,5.377673932397633,0.02385142272487054,True,Solve_Succeeded,2,0.024446893003187142,0.027906440001970623,0.028387614998791832,True,7.3427361968469995e-09,
14.8,21.738,21.721,4.5,66.4037871626019,-1.257548596429698,0.15407421391729134,5.433780028684596,0.06713469084838343,66.35361588222783,0.004669720473231366,0.00520054953476809,5.4166666667,5.377673932397633,0.02385142272487054,5.381242066589532,0.025409928625520727,True,Solve_Succeeded,2,0.02445008000358939,0.028016966993163805,0.028427740995539352,True,8.304124499147747e-09,
14.9,21.838,21.823,4.5,66.9510864466655,-1.1705698259015622,0.16127977882879632,5.434344280167771,0.07379155257693307,66.90782723389215,0.0073349324606939775,0.004355553849884758,5.4166666667,5.381242066589532,0.025409928625520727,5.384057562033837,0.026431253918948336,True,Solve_Succeeded,2,0.026601530000334606,0.03057394600182306,0.03086875100416364,True,1.4342204891163585e-08,
15.0,21.938,21.925,4.5,67.49778289824326,-1.0794633395885802,0.16909779747291087,5.435115039553044,0.07908252806739711,67.46213911585947,0.009367522751580057,0.002887796843352275,5.4166666667,5.384057562033837,0.026431253918948336,5.385947251985959,0.02690973572427082,True,Solve_Succeeded,2,0.025172092995489947,0.028683202996035106,0.029091487995174248,True,1.0288253871081933e-07,
15.1,22.038,22.027,4.5,68.04381354253097,-0.9839378406509942,0.1773665443544087,5.436053812945239,0.08266125335229213,68.0165676798827,0.01038155045997827,0.0006911452020358644,5.4166666667,5.385947251985959,0.02690973572427082,5.386816839458163,0.02690684599336906,True,Solve_Succeeded,2,0.027129002002766356,0.030707108999195043,0.03139214700058801,True,9.706005980273519e-09,
15.2,22.138,22.129,4.5,68.58912048727544,-0.8837998156072046,0.18590118630020336,5.4370974913427945,0.08441972492331902,68.57110242878237,0.010208613882352708,-0.0011766906965451351,5.4166666667,5.386816839458163,0.02690684599336906,5.386658008636753,0.026500942567213474,True,Solve_Succeeded,2,0.025451232999330387,0.02886290600145003,0.02930557900253916,True,6.735182189743227e-09,
15.3,22.238,22.231,4.5,69.1336536783431,-0.7789588217660777,0.194520696830263,5.438175669184358,0.08450724513361083,69.12573316504891,0.009191686444631076,-0.002385363242178057,5.4166666667,5.386658008636753,0.026500942567213474,5.38531630566818,0.02576681164594676,True,Solve_Succeeded,1,0.015787195996381342,0.019269777003501076,0.019682766003825236,True,6.808189222162753e-06,
15.4,22.338,22.333,4.5,69.677371952056,-0.6694190500323256,0.2030677708075449,5.439215250422925,0.08319916514484997,69.68045368367343,0.007651262423271017,-0.003090547609672423,5.4166666667,5.38531630566818,0.02576681164594676,5.383185113847883,0.02476673676047465,True,Solve_Succeeded,1,0.016474030002427753,0.02012720399943646,0.020389504003105685,True,4.9638551740116554e-06,
15.5,22.438,22.435,4.5,70.22024263895077,-0.5552635130884713,0.21141660705062157,5.440136800554741,0.08079613656349308,70.23525423769564,0.005830214292499315,-0.003417153855600069,5.4166666667,5.383185113847883,0.02476673676047465,5.380420721484769,0.023569568740137846,True,Solve_Succeeded,1,0.016598481000983156,0.02053745000011986,0.02079008999862708,True,3.625608800739144e-06,
15.6,22.538,22.537,4.5,70.76224203946187,-0.43663856563930903,0.21946417353025122,5.44088953158013,0.07749451187299823,70.79012095341281,0.003908712540413825,-0.003467924874709538,5.4166666667,5.380420721484769,0.023569568740137846,5.377409137818575,0.022272166149060506,True,Solve_Succeeded,2,0.026196046004770324,0.029930885997600853,0.030326495005283505,True,3.975823226198827e-09,
15.7,22.638,22.605,4.5,71.12308345894186,-0.35516616875415874,0.22462217690260664,5.441271625896389,0.0743326013232075,71.16006051844049,0.002639256681160979,-0.003388284370650113,5.4166666667,5.377409137818575,0.022272166149060506,5.373940339520206,0.020700600294800947,True,Solve_Succeeded,1,0.01870834999863291,0.022197796002728865,0.022735131002264097,True,1.8553043377167455e-06,
15.8,22.738,22.707,4.5,71.66360506029842,-0.22954408544865654,0.2320120385699637,5.441668655417784,0.07012354069672466,71.71499864505128,0.0008235584635817283,-0.003135581877797916,5.4166666667,5.373940339520206,0.020700600294800947,5.370559684005401,0.019405995657918573,True,Solve_Succeeded,2,0.02547258700360544,0.02917837399581913,0.029564985001343302,True,3.424211136859867e-09,
15.9,22.838,22.809,4.5,72.20324085184663,-0.10004388320398454,0.2389445150359139,5.4418418252914655,0.06529887363997065,72.26995415727944,-0.0008152425891907071,-0.0027645559918894613,5.4166666667,5.370559684005401,0.019405995657918573,5.367201071682626,0.01825554922045262,True,Solve_Succeeded,2,0.025059246996534057,0.028593096001714002,0.029087622002407443,True,3.1898137464736465e-09,
16.0,22.938,22.911,4.5,72.74200501301127,0.03306076129900548,0.245381406262266,5.441780131345698,0.06074485068813809,72.82490690644867,-0.0022275430949082586,-0.002314454888604378,5.4166666667,5.367201071682626,0.01825554922045262,5.3640257336984725,0.017185581005891442,True,Solve_Succeeded,2,0.02612747099919943,0.030052645000978373,0.03043804899789393,True,3.0659252914233548e-09,
16.1,23.038,23.013,4.5,73.27991498349161,0.1695049026315541,0.2513788474008345,5.44149707523591,0.056795436788459226,73.3798365422629,-0.0033560312719413494,-0.0017303246928699334,5.4166666667,5.3640257336984725,0.017185581005891442,5.361154150192612,0.016141988258568735,True,Solve_Succeeded,2,0.024384308999287896,0.027827669997350313,0.028185538998513948,True,2.9782922794652222e-09,
16.2,23.138,23.115,4.5,73.81698658464431,0.3090580548300636,0.25699363573821943,5.441021144376347,0.053303113159588196,73.93472429482615,-0.004128070224727324,-0.0010800143893150427,5.4166666667,5.361154150192612,0.016141988258568735,5.358674196750016,0.015136068518988435,True,Solve_Succeeded,2,0.025417010998353362,0.02982571499887854,0.030326533000334166,True,2.9316220562236595e-09,
16.3,23.238,23.217,4.5,74.35323617057995,0.4515157204147613,0.26226057357757393,5.44038496597509,0.050016072135210074,74.4895532264004,-0.004580675626015098,-0.0005823358156099578,5.4166666667,5.358674196750016,0.015136068518988435,5.356640773978858,0.014212202897892618,True,Solve_Succeeded,2,0.027617134001047816,0.030954533998738043,0.031192757000098936,True,2.9288997893672786e-09,
16.4,23.338,23.319,4.5,74.88868317074342,0.5966875394168187,0.26719518002120923,5.439622815381207,0.04684255889546641,75.04430993067123,-0.004797818982167814,-0.0002294319307102333,5.4166666667,5.356640773978858,0.014212202897892618,5.35508055789237,0.013410347281591382,True,Solve_Succeeded,2,0.024904379002691712,0.0292380500031868,0.02965822000260232,True,2.957823319604813e-09,
16.5,23.438,23.421,4.5,75.4233513466836,0.7443920937581161,0.2718133907474149,5.43877081602381,0.043867313067800055,75.59898429690223,-0.004856105078407174,-5.5533096790516545e-06,5.4166666667,5.35508055789237,0.013410347281591382,5.353997532190497,0.012752945896886555,True,Solve_Succeeded,2,0.024707019998459145,0.02799519900145242,0.028533541000797413,True,3.0011868545898324e-09,
16.6,23.538,23.523,4.5,75.95726718866128,0.8944606572143443,0.2761416993345851,5.437860893734071,0.04121962714474361,76.15356934064249,-0.0048205996220754815,0.00011554346570119556,5.4166666667,5.353997532190497,0.012752945896886555,5.353380685102516,0.012258869527393437,True,Solve_Succeeded,2,0.024515640994650312,0.02794081100000767,0.028193772996019106,True,3.0531905892416944e-09,
16.7,23.638,23.625,4.5,76.4904575211318,1.0467441280481071,0.28022152613867163,5.436928408815464,0.03902098074237476,76.70806125338817,-0.004737631995174765,0.00017497699479945839,5.4166666667,5.353380685102516,0.012258869527393437,5.353204800710479,0.01193476980654892,True,Solve_Succeeded,2,0.024696648004464805,0.02790180499869166,0.028362012999423314,True,3.114317692620716e-09,
16.8,23.738,23.727,4.5,77.02294702399524,1.2011198930945968,0.28410443451438727,5.43600442688923,0.03735384742326524,77.26245948715865,-0.0046276209740346705,0.00022396908135613458,5.4166666667,5.353204800710479,0.01193476980654892,5.353434322647323,0.011781376251228026,True,Solve_Succeeded,2,0.02372305800236063,0.02701049399911426,0.027261531999101862,True,3.192901054660524e-09,
16.9,23.838,23.829,4.5,77.55475608077448,1.357495777827744,0.28784763058094576,5.435116613887814,0.036252202885624696,77.81676643059158,-0.004480768568382821,0.0003193587038080592,5.4166666667,5.353434322647323,0.011781376251228026,5.354026263711043,0.011793164305137991,True,Solve_Succeeded,2,0.024760496999078896,0.028516727004898712,0.028791049000574276,True,3.6197681308521718e-09,
17.0,23.938,23.931,4.5,78.08589941249637,1.5158117178157762,0.29151003167393996,5.434289439820642,0.03572076895706375,78.37098720214965,-0.004255134451229393,0.0005196829373369516,5.4166666667,5.354026263711043,0.011793164305137991,5.354932623704306,0.011953797322617768,True,Solve_Succeeded,2,0.029176373005611822,0.033144531000289135,0.033375317994796205,True,3.4274405535938968e-09,
17.1,24.038,24.033,4.5,78.61638512961882,1.6760396917426281,0.2951496559915144,5.433542717799027,0.03574162879341313,78.92512918947644,-0.0038782882578243345,0.0008558099794671592,5.4166666667,5.354932623704306,0.011953797322617768,5.356103397745318,0.012239497885738521,True,Solve_Succeeded,2,0.02661410399741726,0.030109481995168608,0.030574907999834977,True,3.585140184725333e-09,
17.2,24.138,24.135,4.5,79.14621420904818,1.8381822887617323,0.2988207750975903,5.4328922101863615,0.036264504669024304,79.47920080938219,-0.003333161233022533,0.00109094262552889,5.4166666667,5.356103397745318,0.012239497885738521,5.357489079205319,0.01262702089234355,True,Solve_Succeeded,2,0.025449621003645007,0.02852113799599465,0.029005036005401053,True,3.764555778218437e-09,
17.3,24.238,24.237,4.5,79.67538054440936,2.0022695888715485,0.30257069095990435,5.432349696564411,0.03721048407796647,80.0332129126854,-0.0026969820820246103,0.0011925905962490435,5.4166666667,5.357489079205319,0.01262702089234355,5.359042573249246,0.013097451995379728,True,Solve_Succeeded,2,0.02401625399943441,0.027344150003045797,0.027726310996513348,True,3.959327976588156e-09,
17.4,24.338,24.305,4.5,80.02778401112987,2.1127665839800454,0.30513472195173164,5.43205856479123,0.03823588301794146,80.40252714944188,-0.002254496102548192,0.0012063332544359762,5.4166666667,5.359042573249246,0.013097451995379728,5.3606671494096,0.013714803236550433,True,Solve_Succeeded,2,0.024600951001048088,0.027454149996628985,0.027872836006281432,True,4.136211373406695e-09,
17.5,24.438,24.407,4.5,80.55581472422247,2.280222161096679,0.30909838116101807,5.431712374491869,0.039734546443745127,80.95646690460684,-0.0015967498404205985,0.0011671146090136417,5.4166666667,5.3606671494096,0.013714803236550433,5.362404136710874,0.014308350340958603,True,Solve_Succeeded,2,0.02558264499384677,0.028648477004026063,0.029037974003585987,True,4.36639080447776e-09,
17.6,24.538,24.509,4.5,81.08313590405561,2.449803079975876,0.31323230885433395,5.431482910879519,0.04160811045185554,81.51037970139656,-0.0009749603142177575,0.001084880848357117,5.4166666667,5.362404136710874,0.014308350340958603,5.364210679503648,0.014912157561378557,True,Solve_Succeeded,2,0.026381327996205073,0.030697305999638047,0.031046907002746593,True,4.560082977889124e-09,
17.7,24.638,24.611,4.5,81.60971784990716,2.621609472649761,0.3175678357853911,5.4313714971160385,0.04359502415239526,82.06427751198393,-0.0004027522226252848,0.0009905663170957646,5.4166666667,5.364210679503648,0.014912157561378557,5.366049443676367,0.015538177068183598,True,Solve_Succeeded,2,0.02507519999926444,0.027837400004500523,0.02807958899938967,True,4.752157778398214e-09,
17.8,24.738,24.713,4.5,82.13552708484191,2.7957492942586897,0.32210811910089643,5.431377605115925,0.045578982864420046,82.61817242851484,0.0001145344428124375,0.0008869326904609176,5.4166666667,5.366049443676367,0.015538177068183598,5.3676880002375515,0.016200650174327806,True,Solve_Succeeded,1,0.01847806300065713,0.021801472998049576,0.02207111600000644,True,9.080688370133316e-07,
17.9,24.838,24.815,4.5,82.66052828397808,2.972330172651959,0.3268531939989151,5.431495747912273,0.04758071803428432,83.17207613152914,0.0005715002612670864,0.0007736348049626196,5.4166666667,5.3676880002375515,0.016200650174327806,5.369347941049743,0.01688885886749034,True,Solve_Succeeded,1,0.01746225299575599,0.021785544995509554,0.022451794997323304,True,7.441412099851163e-07,
18.0,24.938,24.917,4.5,83.18468330851198,3.1514601877959856,0.3318079906111045,5.431710339897611,0.04966100559303771,83.72599929825489,0.0009637535441392011,0.0006552540450471267,5.4166666667,5.369347941049743,0.01688885886749034,5.370999276725019,0.017595622898256506,True,Solve_Succeeded,1,0.017229192999366205,0.02037274799658917,0.02068370400229469,True,4.391235881584521e-07,
18.1,25.038,25.019,4.5,83.70794958906555,3.333250119450841,0.33698023647854264,5.432011432984068,0.05182206033348261,84.2799509156694,0.0012906053959472448,0.0005392201710612832,5.4166666667,5.370999276725019,0.017595622898256506,5.372612799108321,0.018320140677112035,True,Solve_Succeeded,1,0.01617844100110233,0.020493764001003,0.020854876995144878,True,1.9419843777512824e-07,
18.2,25.138,25.121,4.5,84.23028075781853,3.517814678449843,0.342380208914226,5.432395476525577,0.05406493167881118,84.83393946310362,0.00155608679065372,0.0004355662362331425,5.4166666667,5.372612799108321,0.018320140677112035,5.374155288231746,0.019047546376467828,True,Solve_Succeeded,1,0.01688515099522192,0.019984869999461807,0.020221449005475733,True,7.25276070312475e-08,
18.3,25.238,25.223,4.5,84.75162631285184,3.7052724156391124,0.348014390080248,5.432854495274041,0.05636688208745148,85.38797278128723,0.0017690265753800161,0.0003505978212728356,5.4166666667,5.374155288231746,0.019047546376467828,5.375593412852144,0.019767467710342525,True,Solve_Succeeded,1,0.01732056600303622,0.02038970099965809,0.020844631995714735,True,6.503759202025616e-08,
18.4,25.338,25.325,4.5,85.27193200671893,3.895743592642886,0.35388648579064896,5.4333802804551485,0.05868823288433035,85.94205793186677,0.001940983854731185,0.0002879269160203091,5.4166666667,5.375593412852144,0.019767467710342525,5.37689382169149,0.020466217410135795,True,Solve_Succeeded,1,0.015974018999258988,0.02012889900652226,0.020746497000800446,True,5.966124103085058e-08,
18.5,25.438,25.427,4.5,85.79114021408327,4.089348374610314,0.35999639922353655,5.433962891357214,0.06099262916139056,86.4962010887611,0.0020845084796455816,0.000247461174052499,5.4166666667,5.37689382169149,0.020466217410135795,5.378024357262216,0.021123549739687688,True,Solve_Succeeded,1,0.01577464200090617,0.019748769998841453,0.020106999996642116,True,5.442041021985755e-08,
18.6,25.538,25.529,4.5,86.30919048031637,4.286204642826717,0.36633983358506506,5.434591167401116,0.06323643629514658,87.05040740497336,0.0022110003470476878,0.00022502314683781052,5.4166666667,5.378024357262216,0.021123549739687688,5.3789560620179975,0.02171722224695234,True,Solve_Succeeded,1,0.016562682001676876,0.02142132599692559,0.021834346000105143,True,6.270454644408119e-08,
18.7,25.638,25.631,4.5,86.82602031288009,4.486425449733818,0.37290704650518397,5.435252889404104,0.06535872039818269,87.60468088996608,0.0023281670401177432,0.0002111218417752414,5.4166666667,5.3789560620179975,0.02171722224695234,5.3796652921718975,0.02222684806651392,True,Solve_Succeeded,1,0.015500514004088473,0.01895480600069277,0.01919593300408451,True,9.640762677065595e-08,
18.8,25.738,25.733,4.5,87.34156643682734,4.69011567746323,0.3796812397296158,5.435935320593987,0.06728643629518104,88.15902431326649,0.0024365887718815166,0.00018935991694840618,5.4166666667,5.3796652921718975,0.02222684806651392,5.380135432739095,0.022637205901609992,True,Solve_Succeeded,1,0.016815201001008973,0.02029083600064041,0.020615107998310123,True,1.2430881213276734e-07,
18.9,25.838,25.835,4.5,87.85576639034055,4.897367989027209,0.38663749689285254,5.436624175592577,0.0689426442615606,88.71343899888969,0.002525517063465194,0.0001353909286114785,5.4166666667,5.380135432739095,0.022637205901609992,5.380359177443861,0.022943156162347447,True,Solve_Succeeded,1,0.016517674004717264,0.020353660998807754,0.020651209997595288,True,1.4453386665280732e-07,
19.0,25.938,25.937,4.5,88.36856018579509,5.108259399804471,0.39374584841325283,5.437305800997627,0.07028619960861983,89.2679247055519,0.0025692408404189527,2.0003239838140008e-05,5.4166666667,5.380359177443861,0.022943156162347447,5.380337116396882,0.02314135964541888,True,Solve_Succeeded,1,0.016053799001383595,0.01975212799879955,0.020134871003392618,True,1.5528883867688137e-07,
19.1,26.038,26.005,4.5,88.70961372492107,5.250905051333264,0.3985522462621326,5.437747180478992,0.07111141589528279,89.6376204100749,0.00255241553931457,-0.00010757564769192651,5.4166666667,5.380337116396882,0.02314135964541888,5.380183253561665,0.02329462371396392,True,Solve_Succeeded,1,0.01770387800206663,0.02116372500313446,0.022057930000300985,True,1.6574246775036272e-07,
19.2,26.138,26.107,4.5,89.21994184566343,5.467982718845648,0.40583539534480095,5.4383841962194905,0.07181075966001427,90.19221915608381,0.002416227045436926,-0.00038224447355583724,5.4166666667,5.380183253561665,0.02329462371396392,5.379773260705293,0.02329209160676163,True,Solve_Succeeded,1,0.016034424006647896,0.020261515994207002,0.020617920999939088,True,1.5136294351236756e-07,
19.3,26.238,26.209,4.5,89.72872600772668,5.688812745835393,0.4131784897594739,5.438978824969568,0.07228007022052718,90.74687910533343,0.002141385768302893,-0.0005788014863530311,5.4166666667,5.379773260705293,0.02329209160676163,5.379147282697139,0.023214917943456346,True,Solve_Succeeded,1,0.01593864100141218,0.019418062001932412,0.019854636993841268,True,1.4453452479301632e-07,
19.4,26.338,26.311,4.5,90.23592349192886,5.913406655539913,0.4205544461086787,5.439522723970595,0.07237979815626193,91.30159460831105,0.0017894003939717214,-0.0006681425567778843,5.4166666667,5.379147282697139,0.023214917943456346,5.378348740983723,0.023097416960316558,True,Solve_Succeeded,1,0.01683218099788064,0.02009013999486342,0.02030560699495254,True,1.394136441845717e-07,
19.5,26.438,26.413,4.5,90.74149830149706,6.141757070527074,0.4279240822655384,5.440003439224014,0.07215811567853504,91.85635957082766,0.0014082679186835,-0.0006903747742032507,5.4166666667,5.378348740983723,0.023097416960316558,5.377419612134435,0.022959212952524694,True,Solve_Succeeded,1,0.015466901000763755,0.019292486998892855,0.019712007997441106,True,1.3561956535568243e-07,
19.6,26.538,26.515,4.5,91.24542120517776,6.373838728968649,0.4352606172438075,5.440411290946338,0.07175070071365991,92.4111670155252,0.0010267558386760354,-0.000673216443850433,5.4166666667,5.377419612134435,0.022959212952524694,5.376400578054373,0.02280111133838106,True,Solve_Succeeded,1,0.017198289002408274,0.02151991599384928,0.021830240002600476,True,1.2940453597565238e-07,
19.7,26.638,26.617,4.5,91.74766721168625,6.609615832713033,0.44255050876408086,5.440739371173187,0.07126134295124813,92.96600924067663,0.0006621555757145041,-0.0006311602073774125,5.4166666667,5.376400578054373,0.02280111133838106,5.375330362108265,0.022621641066694835,True,Solve_Succeeded,1,0.015828085997782182,0.019409526998060755,0.01996512400364736,True,1.332102312900929e-07,
19.8,26.738,26.719,4.5,92.24821372143145,6.849047630686199,0.4497875421954267,5.440985419247084,0.07072492640676505,93.52087817446072,0.0003261284163372671,-0.0005713872667232334,5.4166666667,5.375330362108265,0.022621641066694835,5.374231614539065,0.022443723009633838,True,Solve_Succeeded,1,0.016137303995492402,0.019181252995622344,0.01941996499954257,True,5.917942278443888e-07,
19.9,26.838,26.821,4.5,92.74704008309422,7.092090650702234,0.4569668183719383,5.441150695146548,0.07013831570414585,94.07576576878533,2.6899121960084597e-05,-0.0004997830750100851,5.4166666667,5.374231614539065,0.022443723009633838,5.373104223242539,0.022298732040734712,True,Solve_Succeeded,1,0.016457429999718443,0.019191416999092326,0.019446351994702127,True,2.5922047486304223e-06,
20.0,26.938,26.923000000000002,4.5,93.24412773529308,7.338699098494656,0.46408486588112113,5.441237245368013,0.06954088914763865,94.63066419623064,-0.0002304717727453159,-0.0004208258361036444,5.4166666667,5.373104223242539,0.022298732040734712,5.372134794480929,0.022191138008059465,True,Solve_Succeeded,2,0.02366900400375016,0.027867477998370305,0.028273412994167302,True,6.623725568033478e-09,
20.1,27.038,27.025,4.5,93.73945924085852,7.5888270410689005,0.47114520648339436,5.441247130340882,0.06902136887043625,95.18556588534457,-0.00044173262047119874,-0.00033201981871838754,5.4166666667,5.372134794480929,0.022191138008059465,5.37103610915545,0.02209939278065244,True,Solve_Succeeded,2,0.023962417006259784,0.027383767999708652,0.027732294001907576,True,7.1435826143328995e-09,
20.2,27.138,27.127,4.5,94.23301645459682,7.842432658092146,0.4781589610659075,5.441191441482562,0.06862795570012212,95.74046383808006,-0.0005988531984382206,-0.00022329173157664695,5.4166666667,5.37103610915545,0.02209939278065244,5.3697781154272874,0.02196741986907507,True,Solve_Succeeded,2,0.02447916000528494,0.02775699199992232,0.028198797001095954,True,7.38828820345816e-09,
20.3,27.238,27.229,4.5,94.72477955324413,8.09948042906171,0.4851374157898083,5.441070301290829,0.06832059080762082,96.29535193949187,-0.0006876781307505154,-8.442665360464119e-05,5.4166666667,5.3697781154272874,0.02196741986907507,5.368343615525641,0.021722321038695515,True,Solve_Succeeded,2,0.024040451004111674,0.027242714000749402,0.02782229099830147,True,6.944430808175639e-09,
20.4,27.338,27.331,4.5,95.21472720749718,8.359938117420587,0.4920811886243333,5.440880874351792,0.06794355097587428,96.85022390738165,-0.0006907141686098425,8.411303931549208e-05,5.4166666667,5.368343615525641,0.021722321038695515,5.3667449040289155,0.02127649725414945,True,Solve_Succeeded,2,0.02482168499409454,0.028410209000867326,0.02880961499613477,True,5.88415094426864e-09,
20.5,27.438,27.433,4.5,95.70284077118288,8.623768721070038,0.4989697279482658,5.440620253840383,0.06725885717169805,97.4050732433093,-0.0005962105525482843,0.00026068790769862016,5.4166666667,5.3667449040289155,0.02127649725414945,5.365022317293316,0.020539593802609057,True,Solve_Succeeded,2,0.024024831000133418,0.028514000994618982,0.02883514699351508,True,4.750789983631876e-09,
20.6,27.538,27.535,4.5,96.18911100077801,8.890918602499166,0.5057550208614764,5.440286371419596,0.06597844443372775,97.95989318620796,-0.00041180117306520106,0.00039619128606827037,5.4166666667,5.365022317293316,0.020539593802609057,5.363236969847668,0.019438902568142038,True,Solve_Succeeded,2,0.02652142999431817,0.02955057399958605,0.02999563599587418,True,3.9039820265429626e-09,
20.7,27.638,27.637,4.5,96.6735471256644,9.16130311224281,0.5123561208982705,5.439882188346277,0.06377958122574712,98.5146769518796,-0.0001814832033345001,0.00040857501343438685,5.4166666667,5.363236969847668,0.019438902568142038,5.361461860875531,0.017946232312002458,True,Solve_Succeeded,2,0.02638440000009723,0.030259758001193404,0.030528990995662753,True,3.384431401798338e-09,
20.8,27.738,27.705,4.5,96.99550203624867,9.343295271280445,0.5165983906962035,5.439573467339696,0.06107248982283678,98.88450926186785,-4.702423769389803e-05,0.0002917504527042425,5.4166666667,5.361461860875531,0.017946232312002458,5.3597249102202875,0.01587083360095346,True,Solve_Succeeded,2,0.026412911000079475,0.029917732004832942,0.030253937002271414,True,3.1650762011281586e-09,
20.9,27.838,27.807,4.5,97.47698102740316,9.618753655439537,0.5226376980586629,5.4390563233483125,0.056673999307858686,99.4392166414833,9.8924293424638e-06,-0.0001583256799344568,5.4166666667,5.3597249102202875,0.01587083360095346,5.358180545919372,0.013628606934522683,True,Solve_Succeeded,2,0.027054275997215882,0.031034180006827228,0.031473886003368534,True,3.0834179653993488e-09,
21.0,27.938,27.909,4.5,97.95680080338586,9.896981498235007,0.5282661342396227,5.438493795946696,0.05246420814008755,99.99386763297667,-0.0002885498027865336,-0.0009611468893633291,5.4166666667,5.358180545919372,0.013628606934522683,5.357018775271511,0.010514685380156943,True,Solve_Succeeded,2,0.027349895004590508,0.03089200100657763,0.031354712999018375,True,3.1712668047134684e-09,
21.1,28.038,28.011,4.5,98.43508085494085,10.17773098102098,0.5331866893578847,5.43787624154131,0.04387788927082018,100.54845572296936,-0.0010856208274142448,-0.0018780879603315095,5.4166666667,5.357018775271511,0.010514685380156943,5.356086932597779,0.008443736271722716,True,Solve_Succeeded,2,0.026363936995039694,0.02963783199811587,0.030252048003603704,True,3.5838150225231402e-09,
21.2,28.138,28.113,4.5,98.91203854979364,10.460592221857402,0.5372096492897798,5.437212048074933,0.03426122467489687,101.10297306859049,-0.0023104302375656243,-0.00254301661773293,5.4166666667,5.356086932597779,0.008443736271722716,5.355615083032147,0.006249334705809527,True,Solve_Succeeded,2,0.02613738399668364,0.029697420002776198,0.030160993002937175,True,3.4268792248326463e-09,
21.3,28.238,28.215,4.5,99.38793573051144,10.745098021124049,0.5402745895869463,5.436499695852342,0.026000315996992752,101.65741663074904,-0.0038596234545871634,-0.0030142607402476873,5.4166666667,5.355615083032147,0.006249334705809527,5.355617596077498,0.003864500181228125,True,Solve_Succeeded,2,0.02654403699852992,0.029486781000741757,0.029881983995437622,True,3.7303031774627016e-09,
21.4,28.338,28.317,4.5,99.86301003831679,11.030833183545093,0.5425547418238205,5.435776784403261,0.018732629331082638,102.211785744231,-0.005572077879649243,-0.0031174624370599036,5.4166666667,5.355617596077498,0.003864500181228125,5.356045085005679,0.001300992320016458,True,Solve_Succeeded,2,0.0289905519966851,0.032367897998483386,0.032826025999384,True,4.749725909022201e-09,
21.5,28.438,28.419,4.5,100.33747665952264,11.317436356174433,0.5440802060118416,5.435085723504962,0.011174681547610485,102.76608593007299,-0.007228763695902751,-0.002822086428910242,5.4166666667,5.356045085005679,0.001300992320016458,5.356754921161699,-0.0011705210765727964,True,Solve_Succeeded,2,0.026294224997400306,0.030939451993617695,0.03131856399704702,True,5.4008504335456564e-09,
21.6,28.538,28.521,4.5,100.8115634524734,11.604537194660569,0.5447785278543255,5.434460237786108,0.002457080368410451,103.32032658188088,-0.008625061708681884,-0.0022009649617903415,5.4166666667,5.356754921161699,-0.0011705210765727964,5.3575282322107745,-0.0031893494287747316,True,Solve_Succeeded,2,0.029051764999167062,0.03310759900341509,0.03347334200225305,True,7.392602086042643e-09,
21.7,28.638,28.623,4.5,101.28551799210595,11.89173624681879,0.5447264349889538,5.4338191987150415,-0.0022136131199109632,103.87451308813338,-0.00965623879474697,-0.0015144736889551869,5.4166666667,5.3575282322107745,-0.0031893494287747316,5.358553270111012,-0.006193744536169905,True,Solve_Succeeded,2,0.025956696998036932,0.03027802999713458,0.031008245998236816,True,1.0517272386323384e-08,
21.8,28.738,28.725,4.5,101.75947178739908,12.178793564579992,0.5443705773957495,5.433017030669151,-0.004359033609897744,104.42863192587217,-0.010255110205871311,-0.0006130195669815651,5.4166666667,5.358553270111012,-0.006193744536169905,5.359803106852513,-0.009595730778949985,True,Solve_Succeeded,2,0.030027834000065923,0.03433849500288488,0.034774558000208344,True,1.8777380539347632e-08,
21.9,28.838,28.826999999999998,4.5,102.23349945186956,12.465599558009599,0.5437809909977181,5.433091605012175,-0.008011494792007568,104.98268983803707,-0.010267037080845259,0.0005725973901867798,5.4166666667,5.359803106852513,-0.009595730778949985,5.360796640733842,-0.012500078171936786,True,Solve_Succeeded,2,0.02533138799481094,0.029078690000460483,0.029535405003116466,True,2.8400993556942922e-08,
22.0,28.938,28.929,4.5,102.70783948458107,12.751929950866453,0.5421393985590192,5.433443538840655,-0.022045545227189347,105.53677354655579,-0.009720701082473904,0.0012233313147199665,5.4166666667,5.360796640733842,-0.012500078171936786,5.361093571269916,-0.011312353055671028,True,Solve_Succeeded,2,0.026950949999445584,0.030645402002846822,0.031058124004630372,True,2.3357142886482052e-08,
22.1,29.038,29.031,4.5,103.18286874204041,13.037191275632757,0.5392061941731369,5.433815946367153,-0.03406885714066864,106.09089961115436,-0.009032567493462415,0.0010983950825461664,5.4166666667,5.361093571269916,-0.011312353055671028,5.361148768903535,-0.008991236173829022,True,Solve_Succeeded,2,0.0243412880008691,0.027319957000145223,0.027587677002884448,True,1.5088703619881016e-08,
22.2,29.138,29.133,4.5,103.65889240375326,13.320863475565076,0.5356370609136538,5.434216981820679,-0.03342321825894847,106.64506633317019,-0.00851992756608171,0.0008518589135937393,5.4166666667,5.361148768903535,-0.008991236173829022,5.3611233802827325,-0.007184428457124425,True,Solve_Succeeded,2,0.024389561003772542,0.027656330006720964,0.02809121700556716,True,7.4183219567203196e-09,
22.3,29.238,29.235,4.5,104.13591857922887,13.60291709558475,0.5324976661187651,5.434542172180181,-0.024827640662638213,107.19927131934357,-0.007927527788932246,0.001547357816040207,5.4166666667,5.3611233802827325,-0.007184428457124425,5.361228866227473,-0.005196476858357063,True,Solve_Succeeded,2,0.02405532499687979,0.027501333999680355,0.027920745000301395,True,6.761066095872792e-09,
22.4,29.338,29.337,4.5,104.61372412736277,13.883688332285251,0.530203225559245,5.434401906264895,-0.016795619688726983,107.75349447657753,-0.006575425216553114,0.0034876692086311945,5.4166666667,5.361228866227473,-0.005196476858357063,5.361925029198086,-0.0019372967909886897,True,Solve_Succeeded,2,0.024246674998721574,0.027266010001767427,0.02772288999403827,True,5.607027286913535e-09,
22.5,29.438,29.405,4.5,104.93255007305379,14.070347661263279,0.5291724827993579,5.433887628388221,-0.012025130035862525,108.12295228275076,-0.00505356228207556,0.004684754496835475,5.4166666667,5.361925029198086,-0.0019372967909886897,5.363549022467429,0.0029094987158663505,True,Solve_Succeeded,2,0.024420724002993666,0.027788424005848356,0.028252281997993123,True,4.5819374683286895e-09,
22.6,29.538,29.507,4.5,105.41100932578482,14.349800613972757,0.528155421994095,5.4327162635020105,-0.00724214806865542,108.6770434745887,-0.0021475123351243543,0.005607127153138491,5.4166666667,5.363549022467429,0.0029094987158663505,5.366449190322808,0.008900021974230054,True,Solve_Succeeded,2,0.023757652001222596,0.027659778999804985,0.02801150599407265,True,4.46111995955345e-09,
22.7,29.638,29.609,4.5,105.88960438518177,14.628838911957756,0.5277491874754761,5.431903410662125,0.004162039759498189,109.23103509924694,0.000940943181202246,0.005462198939653718,5.4166666667,5.366449190322808,0.008900021974230054,5.370204290833526,0.0142931444493698,True,Solve_Succeeded,2,0.024145768999005668,0.02825967600074364,0.028738895001879428,True,5.963049901080986e-09,
22.8,29.738,29.711,4.5,106.36813416843765,14.907945065583128,0.5285335531806689,5.432323678517082,0.016491348227168415,109.78500895197683,0.0038012659134285653,0.004831739933117363,5.4166666667,5.370204290833526,0.0142931444493698,5.374542727238039,0.020467451082634654,True,Solve_Succeeded,2,0.025436625997826923,0.02845531899947673,0.028765393995854538,True,6.364913929246541e-09,
22.9,29.838,29.813,4.5,106.84622317443659,15.187849373864577,0.5312292767952622,5.432415799748819,0.037480357982244944,110.33901900258616,0.006324780996535786,0.004434672668798934,5.4166666667,5.374542727238039,0.020467451082634654,5.378957386415565,0.023098706732878144,True,Solve_Succeeded,2,0.024975118001748342,0.028898512995510828,0.029283114003192168,True,1.0055529298114152e-08,
23.0,29.938,29.915,4.5,107.3232576379338,15.469565771509878,0.5361000111554652,5.432602977139809,0.05866659362723214,110.89305955749438,0.008765668476222973,0.0045299108530736385,5.4166666667,5.378957386415565,0.023098706732878144,5.383383746006229,0.024580142064310313,True,Solve_Succeeded,2,0.02412736800033599,0.02778345400292892,0.028393377004249487,True,7.32025721983387e-09,
23.1,30.038,30.017,4.5,107.79866410199914,15.754101034729814,0.5428117313099723,5.43322957673783,0.07190181041282165,111.4471700904266,0.011348053352591056,0.004775707740027224,5.4166666667,5.383383746006229,0.024580142064310313,5.387453391108649,0.026152266381075026,True,Solve_Succeeded,2,0.02730670500022825,0.031762468002852984,0.032043043996964116,True,7.645693855806712e-09,
23.2,30.138,30.119,4.5,108.27205600289696,16.042126184825804,0.550506609602328,5.434135964821865,0.0781898440497025,112.00139768631254,0.013906305204852473,0.004304072741340259,5.4166666667,5.387453391108649,0.026152266381075026,5.390926949929568,0.02791059035882088,True,Solve_Succeeded,2,0.025312616999144666,0.028949159997864626,0.029417347999697085,True,4.7472381075643055e-08,
23.3,30.238,30.221,4.5,108.74322990414773,16.333964585181413,0.5586910536528764,5.435280578647928,0.08214931318893345,112.55577706413321,0.015875537006447386,0.002609933685506327,5.4166666667,5.390926949929568,0.02791059035882088,5.393561904034296,0.029353872480591587,True,Solve_Succeeded,2,0.02436746899911668,0.027930505995755084,0.0282831040021847,True,1.1543105777993279e-07,
23.4,30.338,30.323,4.5,109.21204507906027,16.6298125970982,0.567295540300569,5.436583822544178,0.08653253014713824,113.11032337136702,0.016558752572369176,-0.00018276169779551932,5.4166666667,5.393561904034296,0.029353872480591587,5.395196211668653,0.03002389848912331,True,Solve_Succeeded,2,0.02331285000400385,0.02713221000158228,0.027379209001082927,True,8.331950240858532e-09,
23.5,30.438,30.425,4.5,109.6783438956403,16.92986505755243,0.5763556727904867,5.4379692946164475,0.09088990279724103,113.66500429677336,0.015794804641618067,-0.002390339577149736,5.4166666667,5.395196211668653,0.03002389848912331,5.395809825921786,0.029929359473224514,True,Solve_Succeeded,2,0.027573483996093273,0.03227338400029112,0.0328806990000885,True,7.77678899055445e-09,
23.6,30.538,30.527,4.5,110.14196493177917,17.23430224876623,0.585779334343481,5.43941544661541,0.09356074745424714,114.21980588954018,0.014055256192349968,-0.0037362108715042197,5.4166666667,5.395809825921786,0.029929359473224514,5.39523721804521,0.02936708138465785,True,Solve_Succeeded,1,0.016935284998908173,0.021819574998517055,0.0222210299980361,True,7.367973431371411e-08,
23.7,30.638,30.629,4.5,110.60279122156925,17.543221410380436,0.5953420217367031,5.440880400200671,0.09377322587806379,114.77472611956115,0.011761081354213448,-0.004436679354247186,5.4166666667,5.39523721804521,0.02936708138465785,5.393911504493188,0.02860456928813292,True,Solve_Succeeded,1,0.016110167001897935,0.018854743000702,0.01925837100134231,True,1.481929210456201e-07,
23.8,30.738,30.731,4.5,111.06077202222156,17.85660345993883,0.6048130186552034,5.442275491396385,0.09204165321407519,115.3297614189113,0.009204548376346447,-0.0047156459860329125,5.4166666667,5.393911504493188,0.02860456928813292,5.392243088146926,0.027780761694285658,True,Solve_Succeeded,2,0.0260345540009439,0.03015912899718387,0.030528030001732986,True,6.06452665863344e-09,
23.9,30.838,30.833,4.5,111.51591045045758,18.17433642799328,0.6140461027875046,5.443529198014521,0.08933414495533547,115.88490237053207,0.006575184058035404,-0.004713735983866707,5.4166666667,5.392243088146926,0.027780761694285658,5.390152222567968,0.026974065584300884,True,Solve_Succeeded,2,0.023515125998528674,0.02692027400189545,0.027309469995088875,True,5.5758500039360115e-09,
24.0,30.938,30.935,4.5,111.96823994910073,18.496261260290275,0.622983013495962,5.44460881156337,0.08635997017020797,116.44013586694514,0.004010389231923528,-0.0044847841659951815,5.4166666667,5.390152222567968,0.026974065584300884,5.387868582796783,0.02625809157700545,True,Solve_Succeeded,2,0.02427001500473125,0.027861268994456623,0.02812010200432269,True,5.327815522093715e-09,
24.1,31.038,31.037,4.5,112.4178048186688,18.822206291195204,0.6316196974993922,5.445490171563642,0.08349905012868511,116.99544709564408,0.0016342366447928902,-0.004029526693837049,5.4166666667,5.387868582796783,0.02625809157700545,5.385615903315965,0.025710440137657616,True,Solve_Succeeded,2,0.02457101099571446,0.027678064005158376,0.02804533099697437,True,5.170238459584198e-09,
24.2,31.138,31.105,4.5,112.71600000051258,19.041654593615885,0.637222105790672,5.445956742064036,0.08146232904747054,117.36568997357351,0.00022020595767146653,-0.0035877102332209088,5.4166666667,5.385615903315965,0.025710440137657616,5.383657096659407,0.025233976453806112,True,Solve_Succeeded,2,0.024011118002817966,0.027994762000162154,0.02861195500008762,True,5.0905066828477175e-09,
24.3,31.238,31.207,4.5,113.16104866112364,19.373941342554414,0.645429145847411,5.446498195454842,0.07942175197389804,117.92109596901909,-0.0015364403487451513,-0.002679900884533848,5.4166666667,5.383657096659407,0.025233976453806112,5.382059165601645,0.025194419211812646,True,Solve_Succeeded,2,0.024173199002689216,0.02778313799353782,0.028048823995050043,True,6.233905293666006e-09,
24.4,31.338,31.309,4.5,113.60342488577959,19.709854116650025,0.6534485017563885,5.4468674107740815,0.07780435858601605,118.4765399531875,-0.0026968685290727845,-0.0014519722907078148,5.4166666667,5.382059165601645,0.025194419211812646,5.3809313595498365,0.025417515137326218,True,Solve_Succeeded,2,0.024259666999569163,0.027423638006439433,0.02772299099888187,True,5.012224413292188e-09,
24.5,31.438,31.411,4.5,114.04314171938223,20.04928971063773,0.6613423967224679,5.4470876573523,0.07720457386573469,119.0320090238386,-0.0032003366741449315,-0.00041491129425996753,5.4166666667,5.3809313595498365,0.025417515137326218,5.38033927324773,0.025808332827482853,True,Solve_Succeeded,2,0.026077785005327314,0.028870079993794207,0.02927084400289459,True,4.97706142965626e-09,
24.6,31.538,31.513,4.5,114.48018329783577,20.392189236512895,0.6692279164307773,5.447192656039939,0.07766910454631487,119.58749182568488,-0.003223799197242369,0.00029732007052896137,5.4166666667,5.38033927324773,0.025808332827482853,5.380298305254503,0.026302904364767128,True,Solve_Succeeded,2,0.024466374001349322,0.028016213997034356,0.02834062700276263,True,4.945155396285372e-09,
24.7,31.638,31.615,4.5,114.91449990580594,20.738544403330653,0.6772014778107686,5.447228091668809,0.07888139048838483,120.14298133774265,-0.002919859057874661,0.0007781682837949555,5.4166666667,5.380298305254503,0.026302904364767128,5.380792314392464,0.02689546862136219,True,Solve_Succeeded,2,0.024650289000419434,0.028096494999772403,0.0284800239969627,True,4.9472603791400616e-09,
24.8,31.738,31.717,4.5,115.34601803585561,21.088382925775306,0.6853236662730625,5.447239052142972,0.08052427111390315,120.69847490342802,-0.0023994146416942844,0.0010849824136390795,5.4166666667,5.380792314392464,0.02689546862136219,5.381772335123506,0.027609503532465773,True,Solve_Succeeded,2,0.025053391000255942,0.02838674399390584,0.02886281200335361,True,5.032830152629231e-09,
24.9,31.838,31.819,4.5,115.77465002785321,21.441753854365892,0.6936306617606385,5.447263388451354,0.08246211768411942,121.2539737125748,-0.001749381818929487,0.001250468016649631,5.4166666667,5.381772335123506,0.027609503532465773,5.383153540162791,0.0284681843672512,True,Solve_Succeeded,2,0.024803927997709252,0.028225959002156742,0.02846717600186821,True,5.2608175593604756e-09,
25.0,31.938,31.921,4.5,116.20029783362698,21.798720443292126,0.7021537281932991,5.447331055882209,0.08472498060090397,121.80948196992485,-0.0010408116060725225,0.0013022129242946656,5.4166666667,5.383153540162791,0.0284681843672512,5.384586428736745,0.029468825095833064,True,Solve_Succeeded,1,0.016173620002518874,0.020079100999282673,0.020494063006481156,True,1.2085277578677278e-07,
25.1,32.038,32.023,4.5,116.62285099826587,22.159360175719684,0.7109313504140715,5.447463477761151,0.0874052755858281,122.36500604295261,-0.00032774590096106877,0.001274866005505526,5.4166666667,5.384586428736745,0.029468825095833064,5.386467105247285,0.030554141567119143,True,Solve_Succeeded,2,0.02489421499922173,0.028272919000301044,0.02857915599452099,True,6.142514941132049e-09,
25.2,32.138,32.125,4.5,117.04218201162624,22.523767003257298,0.7200094057674393,5.447662953384365,0.09054417107108927,122.92055322869354,0.0003573908978706196,0.0012103623621682047,5.4166666667,5.386467105247285,0.030554141567119143,5.388359999234662,0.03166990016722589,True,Solve_Succeeded,2,0.024824774998705834,0.027585479998379014,0.027845534998050425,True,6.448036771189436e-09,
25.3,32.238,32.227,4.5,117.45814419123057,22.892051490949047,0.7294296682050646,5.447950121471427,0.09402432022821336,123.47613137782484,0.001005251009381139,0.0011464736495162553,5.4166666667,5.388359999234662,0.03166990016722589,5.390123119180515,0.032749103166698684,True,Solve_Succeeded,2,0.02360290700016776,0.027163283004483674,0.027753301998018287,True,6.761291082568732e-09,
25.4,32.338,32.329,4.5,117.8705759245205,23.26433584943647,0.7392168988022424,5.44832914887456,0.09765757701017083,124.03174999040593,0.0016230315171066661,0.0011039230752599716,5.4166666667,5.390123119180515,0.032749103166698684,5.391617344977644,0.033718283719919286,True,Solve_Succeeded,2,0.024819088001095224,0.027698052996129263,0.027934290999837685,True,6.938107866005794e-09,
25.5,32.438,32.431,4.5,118.2793058840546,23.640743957768017,0.7493741018947757,5.448792942012206,0.10121772719530021,124.58741833720441,0.002223605851313921,0.001081720811912934,5.4166666667,5.391617344977644,0.033718283719919286,5.392714240901563,0.03450247195674791,True,Solve_Succeeded,2,0.025242888994398527,0.028957809998246375,0.029199819000496063,True,6.990597434253232e-09,
25.6,32.538,32.533,4.5,118.68416186144103,24.021389882383474,0.7598748657271114,5.4493251155509475,0.10441524512185672,125.14314458759458,0.0028112508011247624,0.001049575598718655,5.4166666667,5.392714240901563,0.03450247195674791,5.393309572775344,0.03504935932760626,True,Solve_Succeeded,2,0.030820137995760888,0.03552613200008636,0.03592666600161465,True,6.988749134961836e-09,
25.7,32.638,32.635,4.5,119.08497938996159,24.406368326066527,0.7706774979563735,5.449910602628563,0.10710231521511289,125.69893523330019,0.0033690234458899023,0.0009621029290518557,5.4166666667,5.393309572775344,0.03504935932760626,5.393312782087446,0.035265385778768935,True,Solve_Succeeded,2,0.02462605500477366,0.02806666799733648,0.02847166499850573,True,6.99617164201527e-09,
25.8,32.738,32.737,4.5,119.48161062195986,24.795745497365186,0.7817096059847716,5.450517725289862,0.1089876816580168,126.25479408791504,0.0038463406533705575,0.0007434934365010415,5.4166666667,5.393312782087446,0.035265385778768935,5.392674572115016,0.03514575700187028,True,Solve_Succeeded,2,0.025957648002076894,0.02940864199626958,0.029808589999447577,True,7.046519812092811e-09,
25.9,32.838,32.805,4.5,119.74364508146532,25.05778906324508,0.7891438910646909,5.450917088705156,0.1096987846686185,126.62540455062863,0.004073030050568081,0.00047544307561708793,5.4166666667,5.392674572115016,0.03514575700187028,5.391470538134259,0.034739541089983755,True,Solve_Succeeded,2,0.024391676000959706,0.02816411700041499,0.028509190000477247,True,1.868004733491732e-08,
26.0,32.938,32.907,4.5,120.13305173997544,25.454533968146947,0.8003312396673817,5.451492893069709,0.10960345698446342,127.18137394701702,0.004164844466852886,-0.00019545618518324037,5.4166666667,5.391470538134259,0.034739541089983755,5.389567319438954,0.033934407455437736,True,Solve_Succeeded,2,0.025289721001172438,0.02880421999725513,0.02906505599821685,True,8.224725260444835e-09,
26.1,33.038,33.009,4.5,120.51804178364519,25.855643023282816,0.8114590985119332,5.45199980114364,0.10847048655789653,127.73739799993682,0.0037893809455328688,-0.0011264688931389433,5.4166666667,5.389567319438954,0.033934407455437736,5.38702439104943,0.032879276778405624,True,Solve_Succeeded,2,0.02367942399723688,0.027509913998073898,0.02806577600131277,True,6.608398273044713e-09,
26.2,33.138,33.111,4.5,120.89860627679761,26.261017591931715,0.8224159938162992,5.452403399664169,0.10615574989188004,128.2934593338408,0.0029763489974948066,-0.0017383201837837259,5.4166666667,5.38702439104943,0.032879276778405624,5.38392335343581,0.03165049803154954,True,Solve_Succeeded,2,0.023775649999151938,0.02657773299870314,0.02717767599824583,True,6.023945786637341e-09,
26.3,33.238,33.213,4.5,121.27478429359785,26.67051235890835,0.8330849051305643,5.452659356463986,0.10285619118269688,128.84954183071972,0.0019070448201517257,-0.0020674918341389015,5.4166666667,5.38392335343581,0.03165049803154954,5.380362972184549,0.030287739586888542,True,Solve_Succeeded,2,0.025895587001286913,0.029278465000970755,0.029617956999572925,True,5.3410094125183605e-09,
26.4,33.338,33.315,4.5,121.64665868448081,27.08394282570834,0.8433770380111392,5.452735379753163,0.09887447111335912,129.40562808884204,0.0007137367924647069,-0.0021982255562764674,5.4166666667,5.380362972184549,0.030287739586888542,5.376454960769265,0.028806636636775185,True,Solve_Succeeded,2,0.024530647999199573,0.0281334710016381,0.028482511996116955,True,4.667550790316e-09,
26.5,33.438,33.417,4.5,122.01434530237718,27.501098656495383,0.8532343652655101,5.452599710568608,0.09443224413147318,129.96169877345935,-0.0005096650481990611,-0.002185234651035151,5.4166666667,5.376454960769265,0.028806636636775185,5.372325412437713,0.027217078129597495,True,Solve_Succeeded,2,0.02329092999571003,0.026243731001159176,0.02650751400506124,True,4.082953530826217e-09,
26.6,33.538,33.519,4.5,122.37798420191568,27.921754535581023,0.8626155788123728,5.4522388490947105,0.08963231933282506,130.51773305530892,-0.001694543933218435,-0.002067609671692283,5.4166666667,5.372325412437713,0.027217078129597495,5.368106774826585,0.025537186226435773,True,Solve_Succeeded,2,0.02334203099599108,0.026196448001428507,0.026830734001123346,True,3.618457533605124e-09,
26.7,33.638,33.621,4.5,122.73773656004222,28.345675787770876,0.8714855358141465,5.451649885860208,0.0845060347874929,131.0737097769059,-0.002792286856475228,-0.0018792420901621032,5.4166666667,5.368106774826585,0.025537186226435773,5.363932703333849,0.023794067634056105,True,Solve_Succeeded,2,0.023744568003166933,0.027721532998839393,0.02822969399858266,True,3.2743798783485545e-09,
26.8,33.738,33.723,4.5,123.09378358221248,28.772620916373345,0.8798124415423039,5.450837115891828,0.07908957867390712,131.6296080046641,-0.003772507895808716,-0.0016515016904476987,5.4166666667,5.363932703333849,0.023794067634056105,5.359933827236778,0.02200635773174182,True,Solve_Succeeded,2,0.02615601300203707,0.029875874999561347,0.03030566099914722,True,3.0045148591284487e-09,
26.9,33.838,33.825,4.5,123.44632522716051,29.202344076991913,0.8875700266252999,5.449814382613055,0.07345124189335094,132.18540770697768,-0.004621134207682032,-0.0014109253729119864,5.4166666667,5.359933827236778,0.02200635773174182,5.356229639385878,0.02018031180629463,True,Solve_Succeeded,2,0.02391800299665192,0.027424391002568882,0.027689526999893133,True,2.7855007189714343e-09,
27.0,33.938,33.927,4.5,123.79557717498582,29.634598611475663,0.894741464096105,5.4486036038012875,0.06767662885290449,132.74109042726914,-0.005336412738508661,-0.001175170687817917,5.4166666667,5.356229639385878,0.02018031180629463,5.352922872306074,0.01831549067408891,True,Solve_Succeeded,2,0.024116295993735548,0.02758054999867454,0.027892577993043233,True,2.651380448526197e-09,
27.1,34.038,34.029,4.5,124.14176832391215,30.06913950647476,0.9013106817085372,5.447226865520706,0.061756643293101245,133.29663975115147,-0.0059259410805205335,-0.0009615773495017521,5.4166666667,5.352922872306074,0.01831549067408891,5.3500994854838035,0.01644629143285067,True,Solve_Succeeded,2,0.02516903099603951,0.027990996997687034,0.02827291599533055,True,2.6105944073151477e-09,
27.2,34.138,34.131,4.5,124.48514018210865,30.505724385179402,0.9072657904813166,5.445722806779936,0.055725365109232386,133.85204200877985,-0.006406019844579706,-0.0007836220869368306,5.4166666667,5.3500994854838035,0.01644629143285067,5.347819673948862,0.014595556785633738,True,Solve_Succeeded,2,0.02434502299729502,0.027975421995506622,0.028466133000620175,True,2.6402791064583653e-09,
27.3,34.238,34.233,4.5,124.82594524189244,30.94411562588961,0.9125996738010137,5.444129165636568,0.049658795949441226,134.40728735387427,-0.006799438856336916,-0.0006502223828409591,5.4166666667,5.347819673948862,0.014595556785633738,5.346118281377855,0.012792623148171107,True,Solve_Succeeded,2,0.024598942000011448,0.028228745999513194,0.028482589004852343,True,2.707643886878941e-09,
27.4,34.338,34.335,4.5,125.16444305914075,31.384082069994662,0.9173135805755409,5.442482596973873,0.043637132612460446,134.9623692640276,-0.007131624732590233,-0.0005620276417946934,5.4166666667,5.346118281377855,0.012792623148171107,5.345005285135416,0.011074116925699283,True,Solve_Succeeded,2,0.025426236003113445,0.028643817000556737,0.02902910100237932,True,2.786191721781961e-09,
27.5,34.438,34.437,4.5,125.5008962604266,31.825401845069234,0.9214176363358891,5.440823566327959,0.03775339417839563,135.5172850308587,-0.007425945468855159,-0.000510812685742601,5.4166666667,5.345005285135416,0.011074116925699283,5.344464339337369,0.009477229117472551,True,Solve_Succeeded,2,0.024394061998464167,0.028093531997001264,0.030415567998716142,True,2.858273617789564e-09,
27.6,34.538,34.505,4.5,125.72419043894249,32.120263583447006,0.923822394646018,5.439731958639513,0.03317481203263322,135.887137041102,-0.007608028843965791,-0.0004905875745744304,5.4166666667,5.344464339337369,0.009477229117472551,5.34425760647206,0.007712454216110842,True,Solve_Succeeded,2,0.02555700000084471,0.0298889500045334,0.030387540995434392,True,2.7636186672452823e-09,
27.7,34.638,34.607,4.5,126.0578120253914,32.56338007488793,0.9269620914793717,5.438136265413413,0.027872739200406286,136.44178030699845,-0.00786780978414463,-0.0004528904362230967,5.4166666667,5.34425760647206,0.007712454216110842,5.344569316659874,0.006508708052876049,True,Solve_Succeeded,2,0.024848174005455803,0.028149120000307448,0.028495967999333516,True,3.0274245332861938e-09,
27.8,34.738,34.709,4.5,126.39006578564675,33.00732469624851,0.9295541416260619,5.436619172136703,0.022392088990245956,136.99626843070132,-0.008099095102293858,-0.0003943826694486896,5.4166666667,5.344569316659874,0.006508708052876049,5.345329281687327,0.005588838023711046,True,Solve_Succeeded,2,0.025352075004775543,0.0284831690005376,0.028790026997739915,True,3.0104922998930306e-09,
27.9,34.838,34.811,4.5,126.72120163417979,33.45191689559717,0.9316097626543173,5.435199753613169,0.017812278061016755,137.55061072181343,-0.008294504749763365,-0.0003050440311317404,5.4166666667,5.345329281687327,0.005588838023711046,5.346436348947656,0.0048411729960530486,True,Solve_Succeeded,2,0.024341566997463815,0.0284816459970898,0.028745898998749908,True,3.042419649545991e-09,
28.0,34.938,34.913,4.5,127.05143694506172,33.897005621368734,0.9332545828098718,5.433900441056367,0.01446177001015745,138.10481864548865,-0.008403822041167481,-6.010637249465046e-05,5.4166666667,5.346436348947656,0.0048411729960530486,5.347805805765758,0.00414131193041787,True,Solve_Succeeded,2,0.02335011299874168,0.027058615996793378,0.027397659003327135,True,3.0770213044206685e-09,
28.1,35.038,35.015,4.5,127.38093470123825,34.34248427682308,0.9346031739597886,5.432737132535941,0.012016285147897456,138.6589044555821,-0.008325488864504767,0.00032459545164242876,5.4166666667,5.347805805765758,0.00414131193041787,5.349358334015795,0.003455927860209984,True,Solve_Succeeded,2,0.024712314996577334,0.02801329599606106,0.028321767000306863,True,3.12751602393746e-09,
28.2,35.138,35.117,4.5,127.70981779446093,34.78827887088318,0.9357239054815024,5.431723394112616,0.009970557580985393,139.21288030904063,-0.008061150201683215,0.000607235955033647,5.4166666667,5.349358334015795,0.003455927860209984,5.3510149797658135,0.0028104590144694607,True,Solve_Succeeded,2,0.023992155001906212,0.02726652700221166,0.027574596999329515,True,3.182593744099904e-09,
28.3,35.238,35.219,4.5,128.03819054505175,35.234331032685326,0.9366391417472231,5.430865516822827,0.007991515387491077,139.76676181855683,-0.00766634000055895,0.0007968265282378707,5.4166666667,5.3510149797658135,0.0028104590144694607,5.3527016054280026,0.0022431277094180375,True,Solve_Succeeded,2,0.025562651993823238,0.028982606003410183,0.029304935000254773,True,3.235038903426357e-09,
28.4,35.338,35.321,4.5,128.36615329478258,35.680586017843595,0.937350853882629,5.430161974266759,0.006017154861144249,140.32056486211286,-0.007191890049659545,0.0008953689469022308,5.4166666667,5.3527016054280026,0.0022431277094180375,5.354355114387729,0.0017693640586034713,True,Solve_Succeeded,2,0.024196093996579293,0.02788324100401951,0.028367228995193727,True,3.2814231332167765e-09,
28.5,35.438,35.423,4.5,128.6938051370129,36.126989777144416,0.9378649842862046,5.4296055867729285,0.004160391307509399,140.87430482331692,-0.006687255617129455,0.0009088373717396349,5.4166666667,5.354355114387729,0.0017693640586034713,5.355927669502074,0.001373012738121225,True,Solve_Succeeded,2,0.024279760997160338,0.027367518006940372,0.027630299002339598,True,3.321186881066751e-09,
28.6,35.538,35.525,4.5,129.02123894125953,36.573492002465805,0.9382013459072152,5.42918589462616,0.00254664518985648,141.42799618243166,-0.006194690627145489,0.00085707775013244,5.4166666667,5.355927669502074,0.001373012738121225,5.357197303964546,0.0010185845898001752,True,Solve_Succeeded,1,0.01706086799822515,0.020584746001986787,0.021036279998952523,True,7.909842087983066e-07,
28.7,35.638,35.627,4.5,129.34853616660138,37.020049207188364,0.9383850648909625,5.42888844558269,0.0011692849540233502,141.9816520169196,-0.005743231890644499,0.0007652500503091408,5.4166666667,5.357197303964546,0.0010185845898001752,5.3583727991197385,0.0006959248095101503,True,Solve_Succeeded,1,0.01515800500055775,0.01935077999951318,0.019627287998446263,True,7.405350359590557e-07,
28.8,35.738,35.729,4.5,129.67576656220396,37.466624171079715,0.9384403889332826,5.428684715989174,0.0001661372584525714,142.53528345616502,-0.005348774952808538,0.0006576355331311401,5.4166666667,5.3583727991197385,0.0006959248095101503,5.359454744433507,0.0003277011210798923,True,Solve_Succeeded,1,0.01696449400333222,0.020081942006072495,0.020381866001116578,True,4.7104899270067335e-07,
28.9,35.838,35.831,4.5,130.00297839420338,37.91319151433806,0.9384431606956068,5.428553304996617,2.23439119467081e-05,143.08889845201995,-0.005002887914565306,0.0006101083395128049,5.4166666667,5.359454744433507,0.0003277011210798923,5.360482226243883,-0.00031732761367938954,True,Solve_Succeeded,1,0.016865024001162965,0.0198800219950499,0.02028714799962472,True,7.704387261497914e-08,
29.0,35.938,35.933,4.5,130.3301840668999,38.359751808214206,0.9384439714951177,5.42849906835168,3.729829200672499e-05,143.64250468005108,-0.004652865477601641,0.0006732866654487468,5.4166666667,5.360482226243883,-0.00031732761367938954,5.361438054456886,-0.0011229773692186206,True,Solve_Succeeded,1,0.015170288999797776,0.01821643500443315,0.018482603001757525,True,5.791919210906826e-08,
29.1,36.038,36.035,4.5,130.6573894141789,38.80630971382837,0.938435791833031,5.428509078909768,-0.00015013664650092234,144.1961092217116,-0.004238275037850002,0.0008401629024763491,5.4166666667,5.361438054456886,-0.0011229773692186206,5.362325907290613,-0.0021121555253280997,True,Solve_Succeeded,1,0.017195672997331712,0.020872988003247883,0.02112899500207277,True,8.916646363488212e-07,
29.2,36.138,36.137,4.5,130.98461019158307,39.252860106050484,0.9383650806251551,5.42854683772988,-0.0011162196755249085,144.74971709438844,-0.003712461099188475,0.0010572113071387612,5.4166666667,5.362325907290613,-0.0021121555253280997,5.363117891906586,-0.00308776975342427,True,Solve_Succeeded,1,0.016640863999782596,0.020714443002361804,0.021285626004100777,True,2.817122116915982e-06,
29.3,36.238,36.205,4.5,131.20278639006816,39.55054131288095,0.938253477163595,5.428563176351333,-0.002106358016548529,145.1187908503832,-0.0032945980826672395,0.0012000632631053998,5.4166666667,5.363117891906586,-0.00308776975342427,5.3640474268270335,-0.004217865317511136,True,Solve_Succeeded,2,0.023504474003857467,0.026332162000471726,0.02674680400377838,True,4.009987009112592e-09,
29.4,36.338,36.307,4.5,131.53012730240735,39.99700639850431,0.9380119571386815,5.4285438662721,-0.0031141226083663686,145.67240095908107,-0.002563936889403234,0.0014341428077350171,5.4166666667,5.3640474268270335,-0.004217865317511136,5.364873032278468,-0.00539771938057057,True,Solve_Succeeded,2,0.02506435899704229,0.029335352999623865,0.029681549000088125,True,4.050031421343192e-09,
29.5,36.438,36.409,4.5,131.85760157847582,40.44337132117044,0.937634112142191,5.428528883008214,-0.004901554043209755,146.22600885211457,-0.0017055688577606223,0.0016445790521439907,5.4166666667,5.364873032278468,-0.00539771938057057,5.365541731415343,-0.0063089215188653685,True,Solve_Succeeded,2,0.024544585001422092,0.028535309997096192,0.028990422004426364,True,4.044332868602396e-09,
29.6,36.538,36.511,4.5,132.18528809989576,40.88957551418792,0.9370436004663686,5.428367399365892,-0.0068226723437964315,146.77961222594118,-0.000756555893815698,0.0017549971255291783,5.4166666667,5.365541731415343,-0.0063089215188653685,5.366119062904349,-0.007007961806036302,True,Solve_Succeeded,2,0.026582561004033778,0.029863022005883977,0.03012283699354157,True,4.025893396431002e-09,
29.7,36.638,36.613,4.5,132.51324680046787,41.33554147582709,0.9364078552967523,5.427729020117657,-0.00549260426984474,147.33318405203354,0.0002511889142039685,0.0019327442116876536,5.4166666667,5.366119062904349,-0.007007961806036302,5.3669549942173855,-0.008495441493263372,True,Solve_Succeeded,2,0.02598081600444857,0.029038287000730634,0.029317249995074235,True,4.892965144165373e-09,
29.8,36.738,36.715,4.5,132.84140960973377,41.78125716093028,0.9359030092535848,5.426811941589215,-0.005021655124936013,147.88667394992552,0.0014274519473528719,0.002353790987798754,5.4166666667,5.3669549942173855,-0.008495441493263372,5.367982921732622,-0.009430720488140129,True,Solve_Succeeded,2,0.024925067998992745,0.02870204300415935,0.029066194998449646,True,4.480571469400729e-09,
29.9,36.838,36.817,4.5,133.16970856445602,42.22670356319153,0.9354067937957542,5.425119163839463,-0.005662047172080406,148.44002568043206,0.002877523412364389,0.002895641471968746,5.4166666667,5.367982921732622,-0.009430720488140129,5.369509244671535,-0.00999147393780042,True,Solve_Succeeded,2,0.023477491005905904,0.027138534998812247,0.027455292001832277,True,4.834421751809259e-09,
30.0,36.938,36.919,4.5,133.49811998098244,42.67180453541148,0.9348302416047777,5.422806718224869,-0.006515491237860862,148.9931631634123,0.004636711416896402,0.0034689985423533853,5.4166666667,5.369509244671535,-0.00999147393780042,5.371654769061055,-0.010026380082380076,True,Solve_Succeeded,2,0.023576576997584198,0.026698843998019584,0.026959751005051658,True,1.8073156846099003e-08,
30.1,37.038,37.021,4.5,133.82666302914072,43.11650646489818,0.9341690149990145,5.420453500488072,-0.007220620405829598,149.5460538433162,0.006718918113303593,0.004069222798939842,5.4166666667,5.371654769061055,-0.010026380082380076,5.374248943818871,-0.009397767197851847,True,Solve_Succeeded,2,0.024481368003762327,0.027825324003060814,0.028147497003374156,True,1.9551661246605678e-08,
30.2,37.138,37.123,4.5,134.15538401241372,43.560804451477935,0.9334488135026937,5.418523596766926,-0.007508141013786189,150.098721676806,0.0091284040575282,0.00457877222708869,5.4166666667,5.374248943818871,-0.009397767197851847,5.377003383046176,-0.008065882329525076,True,Solve_Succeeded,2,0.02437806999660097,0.02740387800440658,0.027723061000870075,True,5.81572139057851e-09,
30.3,37.238,37.225,4.5,134.48433290870756,44.004719122663076,0.932681627714303,5.416522252106277,-0.006981950904088229,150.65121923923604,0.0116627724662996,0.004489199445690262,5.4166666667,5.377003383046176,-0.008065882329525076,5.3799644582191855,-0.006020075301785305,True,Solve_Succeeded,2,0.024755580998316873,0.027987642999505624,0.028236496000317857,True,5.848119127849216e-09,
30.4,37.338,37.327,4.5,134.81357568071024,44.448210916037354,0.9317008214169166,5.415420241474908,-0.008094475184696128,151.20355944605407,0.013917334059257245,0.0035870179946165814,5.4166666667,5.3799644582191855,-0.006020075301785305,5.382826215839915,-0.002197930843827814,True,Solve_Succeeded,2,0.023890288997790776,0.026778822000778746,0.027102413005195558,True,5.722589513368348e-09,
30.5,37.438,37.429,4.5,135.14316570962734,44.891364643701074,0.9309679374225824,5.415556939876758,-0.006881593284647515,151.7558461918211,0.015569430954099975,0.0023341834914049064,5.4166666667,5.382826215839915,-0.002197930843827814,5.3852025123612295,0.001733777740385744,True,Solve_Succeeded,2,0.0238246570006595,0.02780258699931437,0.02810069700353779,True,5.9354814396783695e-09,
30.6,37.538,37.531,4.5,135.47307569574124,45.33433851167151,0.9303693231029709,5.416691982564356,-0.005808851503652999,152.30819172224818,0.016405054794624816,0.0006167804630364814,5.4166666667,5.3852025123612295,0.001733777740385744,5.38718984714665,0.007068543779316207,True,Solve_Succeeded,2,0.0239556669985177,0.02722830900165718,0.02761905299848877,True,6.847031386314484e-09,
30.7,37.638,37.633,4.5,135.80331939670097,45.77731722687646,0.9301243554992709,5.419830546606276,0.0014503028003122087,152.86075123844824,0.016192371394675126,-0.0013469157391325925,5.4166666667,5.38718984714665,0.007068543779316207,5.388118320166849,0.011359503994803564,True,Solve_Succeeded,2,0.024243036001280416,0.028161264999653213,0.028508743998827413,True,5.85767345739896e-09,
30.8,37.738,37.735,4.5,136.13368117632953,46.2205975497623,0.930732057654314,5.422451104156814,0.01069375342507312,153.41362990531834,0.01494873052796078,-0.0030595976246053924,5.4166666667,5.388118320166849,0.011359503994803564,5.388931224562566,0.01580193820165872,True,Solve_Succeeded,2,0.024955719003628474,0.0285683549955138,0.02884030399582116,True,6.3148890561137705e-09,
30.9,37.838,37.837,4.5,136.46359512491034,46.664522218267386,0.9329992592250596,5.424405637886469,0.03093171996469964,153.96676082957615,0.012998569099046165,-0.003715754864970444,5.4166666667,5.388931224562566,0.01580193820165872,5.389493159380657,0.01604126914597111,True,Solve_Succeeded,2,0.02506515999994008,0.0282443349933601,0.028714227002637926,True,1.1602593316673016e-08,
31.0,37.938,37.905,4.5,136.68285069860764,46.961102288862676,0.935568491418957,5.425460513553459,0.044167167529058644,154.33561276187277,0.01165487714349442,-0.003430925638578941,5.4166666667,5.389493159380657,0.01604126914597111,5.390761449094806,0.017400792615323346,True,Solve_Succeeded,2,0.024341705000551883,0.028676143003394827,0.02896535499894526,True,6.223693560514221e-09,
31.1,38.038,38.007,4.5,137.01014108000297,47.40733081106805,0.9404952286697013,5.427374589388293,0.051124722536855585,154.88904178573617,0.010023039580153053,-0.002435113187458704,5.4166666667,5.390761449094806,0.017400792615323346,5.3920310316279245,0.018403100771931604,True,Solve_Succeeded,2,0.024216450001404155,0.027549128004466183,0.02805927300505573,True,5.983691112043665e-09,
31.2,38.138,38.109,4.5,137.33523209124084,47.85540916558548,0.9458693692862331,5.429275139307028,0.054509149514150555,155.44267088500916,0.008914192032375345,-0.0015985207323782056,5.4166666667,5.3920310316279245,0.018403100771931604,5.393474510867149,0.020091953757728417,True,Solve_Succeeded,2,0.024902996003220323,0.02957531299762195,0.02984637999907136,True,6.010257180832923e-09,
31.3,38.238,38.211,4.5,137.65794983607103,48.30542983204288,0.951537366928513,5.431067381340236,0.056910957356277575,155.99648869869338,0.008185485005097205,-0.0010760294808291881,5.4166666667,5.393474510867149,0.020091953757728417,5.395116501680078,0.0222324978175426,True,Solve_Succeeded,2,0.025724257000547368,0.029669486997590866,0.03015946900268318,True,6.256889228950513e-09,
31.4,38.338,38.313,4.5,137.97815636771796,48.757464138238305,0.9575060638681132,5.432851968614041,0.06076136374053359,156.55049073183486,0.0076516771278810885,-0.0008620280004956181,5.4166666667,5.395116501680078,0.0222324978175426,5.396884030224265,0.02439321027652197,True,Solve_Succeeded,2,0.025821514005656354,0.029008819998125546,0.029610050994961057,True,6.52752074614682e-09,
31.5,38.438,38.415,4.5,138.2956573335009,49.211621990007565,0.963979346391125,5.4345830839419556,0.06672577251198368,157.10467425882013,0.007195059973620429,-0.0007536413445687895,5.4166666667,5.396884030224265,0.02439321027652197,5.398696851243701,0.02627995986727532,True,Solve_Succeeded,2,0.023729639004159253,0.027109987000585534,0.027397375997679774,True,6.915623573799934e-09,
31.6,38.538,38.517,4.5,138.6101605956715,49.66807165441456,0.971126364350555,5.436268407816572,0.07366043781733046,157.6590331925662,0.006810914403602214,-0.0005823506092577091,5.4166666667,5.398696851243701,0.02627995986727532,5.400480084579705,0.027917810996661574,True,Solve_Succeeded,2,0.025879589004034642,0.028931009997904766,0.029177267002523877,True,7.200109619631689e-09,
31.7,38.638,38.619,4.5,138.92132636334478,50.127010536603485,0.97897820864206,5.437963256965215,0.08022826474973414,158.21356599094088,0.006549974180270402,-0.00031729490673870764,5.4166666667,5.400480084579705,0.027917810996661574,5.402132800041948,0.029427176505984712,True,Solve_Succeeded,2,0.02332544599630637,0.026399702997878194,0.02708898700075224,True,7.385566824780199e-09,
31.8,38.738,38.721,4.5,139.2288255016177,50.58862240245275,0.9874603972247668,5.439670135332575,0.08589421501794663,158.76827494812667,0.006446408529886043,-3.2673825500872944e-05,5.4166666667,5.402132800041948,0.029427176505984712,5.403562303469125,0.030874930210621678,True,Solve_Succeeded,2,0.025104413005465176,0.028663910998147912,0.02900254199630581,True,7.629961551458564e-09,
31.9,38.838,38.823,4.5,139.53236668429454,51.05305654179567,0.9964787761725261,5.4414470576884915,0.09092870986819677,159.32316366498682,0.006484046378303316,0.00017831016105518405,5.4166666667,5.403562303469125,0.030874930210621678,5.404661556238369,0.03220618777712249,True,Solve_Succeeded,2,0.02416252099646954,0.02841816000000108,0.028690569000900723,True,7.703529369962325e-09,
32.0,38.938,38.925,4.5,139.83169917441612,51.520441774519256,1.0059685237113352,5.443519541311108,0.09535300519509726,159.8782488313474,0.006602060329136991,0.0002523881466045541,5.4166666667,5.404661556238369,0.03220618777712249,5.405269938243643,0.033458624348628244,True,Solve_Succeeded,2,0.025824255993939005,0.030340318000526167,0.030830499999865424,True,7.650739597409029e-09,
32.1,39.038,39.027,4.5,140.12658872154077,51.99088973614845,1.0158969024135232,5.445665290210845,0.099209297826232,160.43354857520896,0.006717184047769702,0.0001592769116021131,5.4166666667,5.405269938243643,0.033458624348628244,5.40536463681282,0.03457642202926505,True,Solve_Succeeded,2,0.02394113400077913,0.028003387997159734,0.028363721001369413,True,7.46994377465171e-09,
32.2,39.138,39.129,4.5,140.41680773008162,52.464484738842664,1.0262332177893128,5.44783117428368,0.10281113354574944,160.98906772319248,0.006727431229928302,-0.00012791841523052128,5.4166666667,5.40536463681282,0.03457642202926505,5.404939724783145,0.03543115975811291,True,Solve_Succeeded,2,0.023331078999035526,0.026686968994908966,0.02708107999933418,True,1.392640752674243e-08,
32.3,39.238,39.231,4.5,140.702133961002,52.9412936680545,1.0369514987361967,5.449965230742543,0.10610907702976599,161.54480469146677,0.006519691203811136,-0.0006299285191431192,5.4166666667,5.404939724783145,0.03543115975811291,5.40402018106627,0.03601211122887488,True,Solve_Succeeded,2,0.02415318899875274,0.02774712999962503,0.02818659000331536,True,6.778956951336568e-09,
32.4,39.338,39.333,4.5,140.98235654944258,53.42136318124975,1.048000254658385,5.452043082859939,0.10866975712579133,162.10074988845014,0.006007409950158197,-0.0011360592237723566,5.4166666667,5.40402018106627,0.03601211122887488,5.402399265338623,0.036421128812515594,True,Solve_Succeeded,1,0.015381862998765428,0.01839831600227626,0.0189796370032127,True,7.038846562557044e-08,
32.5,39.438,39.435,4.5,141.25729395793684,53.90471088626276,1.0592959046120567,5.453934372576513,0.11061210361268296,162.65688920277202,0.0052934946733734665,-0.0013696523809445527,5.4166666667,5.402399265338623,0.036421128812515594,5.400496175414464,0.036624479989990175,True,Solve_Succeeded,1,0.015613689000019804,0.019017831997189205,0.019265023001935333,True,4.873998604861466e-08,
32.6,39.538,39.537,4.5,141.5267981129056,54.39131488380423,1.0707566619151159,5.45556939867934,0.11186809146401629,163.2131997597523,0.004505721163384856,-0.0014149245211454442,5.4166666667,5.400496175414464,0.036624479989990175,5.398437415033597,0.03674096538121018,True,Solve_Succeeded,1,0.015197724002064206,0.01864891299919691,0.018908297002781183,True,3.600734899134039e-08,
32.7,39.638,39.605,4.5,141.7033906500367,54.71750322805439,1.0784503851313971,5.456508239846258,0.11231357196838514,163.58415565025484,0.003983152995726583,-0.0013814304241606126,5.4166666667,5.398437415033597,0.03674096538121018,5.3965402742793165,0.03692179844440431,True,Solve_Succeeded,1,0.015432538006280083,0.01856401900295168,0.019128321000607684,True,1.3757123989988074e-07,
32.8,39.738,39.707,4.5,141.9635991545701,55.2094154040179,1.0900448454730634,5.457732409019877,0.11266449660612717,164.1406940917338,0.0032414783686075107,-0.0012652964898554053,5.4166666667,5.3965402742793165,0.03692179844440431,5.39455901625307,0.0369561652625383,True,Solve_Succeeded,1,0.01546005200361833,0.01889828100684099,0.019143548001011368,True,8.73116118155215e-08,
32.9,39.838,39.809,4.5,142.21813173117192,55.70441668150188,1.1016712248171072,5.45873668546108,0.11305534408417112,164.69733865069216,0.0025755326539330476,-0.001107280981399672,5.4166666667,5.39455901625307,0.0369561652625383,5.392577206472436,0.0369397283203222,True,Solve_Succeeded,1,0.016016513996873982,0.01956554999924265,0.02006164700287627,True,1.9429592601483137e-07,
33.0,39.938,39.911,4.5,142.46692430163483,56.20243171976018,1.1133321682455006,5.459550592277736,0.11322554706056387,165.2540693196071,0.002009639318598964,-0.0009097872173999821,5.4166666667,5.392577206472436,0.0369397283203222,5.390655462498625,0.03693468142937126,True,Solve_Succeeded,1,0.015595381999446545,0.01944455999910133,0.019746197998756543,True,4.5608037879674157e-07,
33.1,40.038,40.013,4.5,142.7099222312253,56.703382317175084,1.1250020513936074,5.46018573639417,0.11318701317407254,165.81086859428743,0.0015571425583952054,-0.0007035366739231996,5.4166666667,5.390655462498625,0.03693468142937126,5.388823055838109,0.036946793138750135,True,Solve_Succeeded,1,0.017583886001375504,0.020936633998644538,0.021457639006257523,True,7.936742729697244e-07,
33.2,40.139,40.115,4.5,142.94708339692212,57.20718490844531,1.1366656432601006,5.460649157527448,0.11311860380882773,166.36771996272088,0.0012164583022251686,-0.0005088780500979162,5.4166666667,5.388823055838109,0.036946793138750135,5.38732506380025,0.03694151226612263,True,Solve_Succeeded,2,0.02490669099643128,0.029358483996475115,0.029731324000749737,True,5.50044632063873e-09,
33.3,40.238,40.217,4.5,143.1783705607762,57.71375463502115,1.1483240045870406,5.460952704195262,0.11310983310730588,166.92460775062997,0.0009796606011715373,-0.0003298887325566824,5.4166666667,5.38732506380025,0.03694151226612263,5.385876522718396,0.03689176012952316,True,Solve_Succeeded,2,0.02546736600197619,0.028555582000990398,0.028822881999076344,True,5.344195308509825e-09,
33.4,40.338,40.319,4.5,143.4037465119665,58.22300863416009,1.1599814276186893,5.461123540463017,0.11309702797917692,167.48151794835775,0.0008381982582760935,-0.0001674552290198417,5.4166666667,5.385876522718396,0.03689176012952316,5.384474035902565,0.036777039221903916,True,Solve_Succeeded,2,0.024142576003214344,0.028438034001737833,0.028699874004814774,True,5.294199745264905e-09,
33.5,40.438,40.421,4.5,143.62317628575602,58.734866024117004,1.1716333986064749,5.461180686660715,0.11297531993482185,168.03843912857423,0.0007807377471475996,-3.1333220047891075e-05,5.4166666667,5.384474035902565,0.036777039221903916,5.383104729834213,0.03657767868634757,True,Solve_Succeeded,2,0.025854285995592363,0.03045480199943995,0.030751048994716257,True,5.2471103018092435e-09,
33.6,40.538,40.523,4.5,143.83663178297508,59.24924476233843,1.1832650031770484,5.4611380892303245,0.11265450504245901,168.59536124146578,0.0007875395250888266,5.827908408750915e-05,5.4166666667,5.383104729834213,0.03657767868634757,5.3817494478618935,0.03627836923391161,True,Solve_Succeeded,2,0.026052490997244604,0.029558630994870327,0.029785841004922986,True,5.207625441983055e-09,
33.7,40.638,40.625,4.5,144.04409663802429,59.76605971972929,1.1948526456029345,5.461007156055134,0.11206057265923593,169.15227524044258,0.000825131902008932,7.246424406015528e-05,5.4166666667,5.3817494478618935,0.03627836923391161,5.38038757075811,0.035873118263694534,True,Solve_Succeeded,2,0.024317663999681827,0.028017370001180097,0.028279250000196043,True,5.179636275443045e-09,
33.8,40.738,40.727,4.5,144.24557035774245,60.28522139059155,1.206365757332795,5.4607969331459625,0.1111394918061077,169.70917266558448,0.0008419057199823337,-2.4700962055757e-05,5.4166666667,5.38038757075811,0.035873118263694534,5.378999867423409,0.03536627551691739,True,Solve_Succeeded,2,0.023518844005593564,0.026913729001535103,0.0273208050057292,True,5.164198846330237e-09,
33.9,40.838,40.829,4.5,144.44107149148073,60.80663517623129,1.2177692496636332,5.46051357499303,0.10986833694162322,170.266045119935,0.0007652537223879647,-0.00026418597046373726,5.4166666667,5.378999867423409,0.03536627551691739,5.377570730520757,0.03476862016076036,True,Solve_Succeeded,2,0.02392093199887313,0.027678971004206687,0.028346473998681176,True,5.160372573698169e-09,
34.0,40.938,40.931,4.5,144.63063925819552,61.330201349853674,1.2290269636402396,5.460160029185345,0.10825999895825367,170.8228837303659,0.0005547081152057497,-0.0004690200973140879,5.4166666667,5.377570730520757,0.03476862016076036,5.376089823073526,0.03409232568090526,True,Solve_Succeeded,2,0.02474327100208029,0.027906390001589898,0.028312805996392854,True,5.166102212683654e-09,
34.1,41.038,41.033,4.5,144.81433331257136,61.855815700154025,1.240105193125947,5.459735366911682,0.10634812266699271,171.37968005964314,0.0002583425035989931,-0.0005790891050487801,5.4166666667,5.376089823073526,0.03409232568090526,5.374343198329553,0.03335488517108996,True,Solve_Succeeded,1,0.015013055999588687,0.017971428998862393,0.01831286100059515,True,9.925289615742017e-07,
34.2,41.138,41.135,4.5,144.99223210747948,62.38337079167519,1.25097438704688,5.459237755532403,0.10418563006387901,171.93642632211106,-7.835793434580512e-05,-0.0006192431089770967,5.4166666667,5.374343198329553,0.03335488517108996,5.372589992565057,0.032557369808041074,True,Solve_Succeeded,1,0.015490999998291954,0.019002253997314256,0.019250564997491892,True,8.610481813664528e-07,
34.3,41.238,41.237,4.5,145.16442980710607,62.91275692084747,1.2616120052171433,5.458652974853175,0.10184441874963873,172.49311434304013,-0.0004221121573518449,-0.0006079476916964754,5.4166666667,5.372589992565057,0.032557369808041074,5.370832816360905,0.03170456427123027,True,Solve_Succeeded,1,0.016011419000278693,0.01925408700481057,0.019545433999155648,True,8.943732687782813e-07,
34.4,41.338,41.305,4.5,145.27611320426826,63.26664366291437,1.2685712725286906,5.45820180230093,0.09999498990090208,172.86420296695076,-0.000642928540318963,-0.000573914971421674,5.4166666667,5.370832816360905,0.03170456427123027,5.369165059429606,0.030645736732193184,True,Solve_Succeeded,2,0.024309356995217968,0.02708506899944041,0.0274136600055499,True,5.387240875620591e-09,
34.5,41.438,41.407,4.5,145.43905551853467,63.79883665782906,1.2787727032021936,5.457481437284935,0.09727621412056395,173.42077562971423,-0.000952126801217559,-0.0005196633717117205,5.4166666667,5.369165059429606,0.030645736732193184,5.36751806282448,0.029799446737958427,True,Solve_Succeeded,2,0.02384645199344959,0.02854279200255405,0.02888474499923177,True,5.1288502334045916e-09,
34.6,41.538,41.509,4.5,145.59661410018668,64.33256869546832,1.2886806374631707,5.456689341865855,0.09409079433850565,173.9772691663791,-0.0012288180430218437,-0.00046788649833007234,5.4166666667,5.36751806282448,0.029799446737958427,5.365892722183482,0.028984972935918285,True,Solve_Succeeded,2,0.023624079003639054,0.027275412001472432,0.02778146399941761,True,5.186362450615434e-09,
34.7,41.638,41.611,4.5,145.7489423299862,64.86772998018985,1.2982615274963838,5.455815920696744,0.09113315026284721,174.5336766841574,-0.0014870849081495185,-0.0004501163493200178,5.4166666667,5.365892722183482,0.028984972935918285,5.364296738299662,0.028130267009428125,True,Solve_Succeeded,2,0.023541355003544595,0.027394466997066047,0.027705382999556605,True,5.194978669464945e-09,
34.8,41.738,41.713,4.5,145.89619105624942,65.40421561144493,1.307550239086755,5.454864704991746,0.08845620236955344,175.0899900411789,-0.001735547351741287,-0.00042991875621001263,5.4166666667,5.364296738299662,0.028130267009428125,5.362550205914227,0.027224677206859352,True,Solve_Succeeded,1,0.015841538006498013,0.019091248999757227,0.0195538000043598,True,2.3310888748184766e-06,
34.9,41.838,41.815,4.5,146.03849793480154,65.94193036539353,1.316565182973581,5.453847203681322,0.08581742100192573,175.64620218365158,-0.0019661584086935763,-0.000387764481304842,5.4166666667,5.362550205914227,0.027224677206859352,5.361102297870822,0.026283693665343874,True,Solve_Succeeded,2,0.02722097500372911,0.030582239000068512,0.030847745001665317,True,5.164714877992083e-09,
35.0,41.938,41.917,4.5,146.17599957789156,66.48078455035976,1.3253005400007116,5.452763768714559,0.083059382897443,176.2023069256935,-0.002167387199642893,-0.0003287600559018777,5.4166666667,5.361102297870822,0.026283693665343874,5.359725579010377,0.025339165632193888,True,Solve_Succeeded,2,0.024762514003668912,0.029483732003427576,0.029832829000952188,True,4.979479939493103e-09,
35.1,42.038,42.019,4.5,146.30884061310044,67.02069116134729,1.333740833297803,5.451630307437974,0.08016619857517295,176.7582985557477,-0.002334027923290017,-0.00026802993142460707,5.4166666667,5.359725579010377,0.025339165632193888,5.358433834179883,0.02440472830108375,True,Solve_Succeeded,2,0.02490105199831305,0.030510634001984727,0.030765538998821285,True,4.869805003693273e-09,
35.2,42.138,42.121,4.5,146.43717456957188,67.56156702534658,1.3418785161673896,5.450454996445122,0.07726870822382785,177.3141729904245,-0.0024680898840547987,-0.00021310709061195252,5.4166666667,5.358433834179883,0.02440472830108375,5.357235718964424,0.023459572939228495,True,Solve_Succeeded,2,0.02493125400360441,0.028586102002009284,0.028901677993417252,True,4.766693706415026e-09,
35.3,42.238,42.223,4.5,146.5611598886894,68.10333274424501,1.349703917219452,5.449246337936818,0.07431819079648155,177.86992668833284,-0.0025752272353284297,-0.00017393282648670014,5.4166666667,5.357235718964424,0.023459572939228495,5.356147240844743,0.022545926465240413,True,Solve_Succeeded,2,0.02361081699928036,0.02668092199746752,0.02707343099609716,True,4.614273407810288e-09,
35.4,42.338,42.325,4.5,146.68095889292573,68.64591304948678,1.357219271929329,5.448012665191679,0.07139099194022136,178.42555679428276,-0.0026638985506528233,-0.0001487910003192816,5.4166666667,5.356147240844743,0.022545926465240413,5.355176284809366,0.021637631571146218,True,Solve_Succeeded,2,0.02346455199585762,0.02636440900096204,0.026791570999193937,True,4.490813054758291e-09,
35.5,42.438,42.427,4.5,146.7967340545845,69.18923776055405,1.3644280882761506,5.446760302595879,0.06856078817529097,178.98106137920558,-0.0027417415647193848,-0.0001349103337848767,5.4166666667,5.355176284809366,0.021637631571146218,5.3543298914681605,0.020723621259540224,True,Solve_Succeeded,2,0.027482520999910776,0.03064617199561326,0.031051865000335965,True,4.353971405635093e-09,
35.6,42.538,42.529,4.5,146.90864475405942,69.73324177870535,1.3713398452239578,5.44549477716284,0.06581023649002693,179.5364390016997,-0.0028126035968400733,-0.00012372627772760936,5.4166666667,5.3543298914681605,0.020723621259540224,5.353613929213625,0.019802996058520827,True,Solve_Succeeded,2,0.02552253800240578,0.029820249001204502,0.03007276899734279,True,4.209500303886671e-09,
35.7,42.638,42.631,4.5,147.01684862931717,70.27786466007475,1.377953586497596,5.4442237205554465,0.06303985059571937,180.09168885228982,-0.002878112957931211,-0.00011725733103506997,5.4166666667,5.353613929213625,0.019802996058520827,5.353034837685169,0.0189014641885826,True,Solve_Succeeded,2,0.024112459999741986,0.02811515399662312,0.028355501002806704,True,4.0551624280738e-09,
35.8,42.738,42.733,4.5,147.12150509410102,70.8230496923241,1.3842688512214432,5.442946695031619,0.06029841668596512,180.6468107392581,-0.002941451377235458,-0.00011714386833450163,5.4166666667,5.353034837685169,0.0189014641885826,5.352597702563643,0.018000720509460617,True,Solve_Succeeded,2,0.024474470999848563,0.027628351999737788,0.027882966001925524,True,3.927884684173932e-09,
35.9,42.838,42.835,4.5,147.2227753805072,71.36874266759416,1.3902838848437855,5.441655542817577,0.05771963873998372,181.20180400669497,-0.0030077354565198086,-0.00012639705600880902,5.4166666667,5.352597702563643,0.018000720509460617,5.352312400392765,0.017074754833521395,True,Solve_Succeeded,2,0.025360626001202036,0.030013895993761253,0.03031132500473177,True,3.819700999940778e-09,
36.0,42.939,42.937,4.5,147.3208220811744,71.91489248896212,1.3959946681283957,5.44040600405068,0.05472563027858328,181.75666816612423,-0.0030835278921885027,-0.00015035195701829096,5.4166666667,5.352312400392765,0.017074754833521395,5.352165662701089,0.016296878616262788,True,Solve_Succeeded,2,0.024374249995162245,0.027885816001798958,0.02830717600591015,True,3.6500056310728723e-09,
36.1,43.038,43.005,4.5,147.384477430067,72.27922484071256,1.3996269649146884,5.439610633605786,0.052258185404012614,182.12650837157983,-0.0031436814161493656,-0.00018104576532240735,5.4166666667,5.352165662701089,0.016296878616262788,5.351786342436352,0.015385885694420478,True,Solve_Succeeded,1,0.015174696003668942,0.018160097999498248,0.018674408995138947,True,3.271309140906453e-06,
36.2,43.138,43.107,4.5,147.4775237167657,72.82604193915454,1.4048271653504791,5.438458799774259,0.04952994451370407,182.68116915078863,-0.003259369312719156,-0.00023612418271223845,5.4166666667,5.351786342436352,0.015385885694420478,5.351796627634504,0.014634696936768062,True,Solve_Succeeded,2,0.02576264199888101,0.02945319699938409,0.02972006500203861,True,3.481338772814979e-09,
36.3,43.238,43.209,4.5,147.56778165821038,73.373210110325,1.4097503124882993,5.437360168571509,0.04675954005435629,183.235715593994,-0.0034023673986803018,-0.0002824457373946654,5.4166666667,5.351796627634504,0.014634696936768062,5.351939530135897,0.01386749805328943,True,Solve_Succeeded,2,0.023373527998046484,0.02685605199803831,0.027111908995721024,True,3.3173535030073253e-09,
36.4,43.338,43.311,4.5,147.65540510532065,73.92069577463899,1.4143941248621907,5.436319716081075,0.04421190410383968,183.7901530051586,-0.0035707093034300533,-0.00032364774248772044,5.4166666667,5.351939530135897,0.01386749805328943,5.3521874829948235,0.01304993736476848,True,Solve_Succeeded,2,0.023529514997790102,0.027188273998035584,0.02756963299907511,True,3.176721108388847e-09,
36.5,43.438,43.413,4.5,147.74053948158686,74.46847020308515,1.4187840355266255,5.4353484810820305,0.04179775114263845,184.34448799164318,-0.00375419177205525,-0.0003356101321252414,5.4166666667,5.3521874829948235,0.01304993736476848,5.352520666984364,0.01217432471620789,True,Solve_Succeeded,2,0.025018166001245845,0.028706218996376265,0.02906865799741354,True,3.0731088784818894e-09,
36.6,43.538,43.515,4.5,147.82332227388207,75.0165086309048,1.4229227863895142,5.434451662897232,0.03930303980901516,184.89872797148237,-0.003934995145754845,-0.00031683734151322085,5.4166666667,5.352520666984364,0.01217432471620789,5.352921058389467,0.011271349048211554,True,Solve_Succeeded,2,0.024215543002355844,0.02913264199742116,0.0294497799986857,True,3.024754668956575e-09,
36.7,43.638,43.617,4.5,147.90389527136477,75.56478786715967,1.4267951447971772,5.433631668167116,0.03661514087973893,185.45288082545866,-0.004100115382763215,-0.00028372166473467075,5.4166666667,5.352921058389467,0.011271349048211554,5.353371850042059,0.01037683592379048,True,Solve_Succeeded,2,0.023588543001096696,0.02652260899776593,0.02685578900127439,True,3.02038660748849e-09,
36.8,43.738,43.719,4.5,147.98241061263417,76.11328510811077,1.4303821422410519,5.432888352840408,0.03377227680715887,186.00695457742688,-0.004247473399344866,-0.0002562869054025807,5.4166666667,5.353371850042059,0.01037683592379048,5.353858668134185,0.00951648597903774,True,Solve_Succeeded,2,0.02398649899987504,0.026749878001282923,0.027011264995962847,True,3.03827540903967e-09,
36.9,43.838,43.821,4.5,148.059028880699,76.66197791772392,1.4336737798830916,5.432218952261493,0.03089236465850052,186.56095704018207,-0.004383970565075112,-0.0002454671046092649,5.4166666667,5.353858668134185,0.00951648597903774,5.3543704301100385,0.008707028534085864,True,Solve_Succeeded,2,0.023125765001168475,0.02575864299433306,0.026184975999058224,True,3.0618751978295222e-09,
37.0,43.938,43.923,4.5,148.1339124543532,77.21084501290906,1.4366737422128033,5.4316209261319495,0.028099466773884068,187.11489570413053,-0.004518721664765736,-0.0002483804734791928,5.4166666667,5.3543704301100385,0.008707028534085864,5.354898263543606,0.007959696676383386,True,Solve_Succeeded,2,0.02393274099449627,0.02777621499990346,0.02801255300437333,True,3.08225978074006e-09,
37.1,44.038,44.025,4.5,148.2072191644464,77.75986696027519,1.439393884851116,5.4310898307369735,0.025455244474746577,187.66877772558604,-0.00465659340989906,-0.00025383091097341826,5.4166666667,5.354898263543606,0.007959696676383386,5.355434276318141,0.007298008704013052,True,Solve_Succeeded,2,0.025699246005387977,0.028594905001227744,0.028970368999580387,True,3.099286161045711e-09,
37.2,44.138,44.127,4.5,148.27909834663967,78.30902636083131,1.4418534128610756,5.430623201937888,0.023018678355042295,188.22260981544804,-0.00479417839349453,-0.00024311952045996676,5.4166666667,5.355434276318141,0.007298008704013052,5.3557830327672535,0.006733653028129224,True,Solve_Succeeded,1,0.016187490000447724,0.01944365399685921,0.020027313999889884,True,8.759622875942341e-07,
37.3,44.238,44.229,4.5,148.34968711003748,78.85830837228275,1.4440779516902624,5.430217626367284,0.020861589847742768,188.77639851913037,-0.004915932386592225,-0.00019096609689861488,5.4166666667,5.3557830327672535,0.006733653028129224,5.356164098923753,0.0062734662026238995,True,Solve_Succeeded,1,0.016147228998306673,0.019436550996033475,0.019863248999172356,True,7.364458340930469e-07,
37.4,44.338,44.331,4.5,148.41910656223578,79.40770019602436,1.4460993850914425,5.429858279984723,0.01903316914159488,189.33014947582296,-0.004990394650379705,-6.566029889842895e-05,5.4166666667,5.356164098923753,0.0062734662026238995,5.356566234026459,0.005912619185741343,True,Solve_Succeeded,1,0.015830798001843505,0.01922246599860955,0.019536238003638573,True,5.987977713672876e-07,
37.5,44.438,44.433,4.5,148.48745902356734,79.95719113372479,1.4479535116701725,5.429542597555481,0.017564272406477125,189.88386734953093,-0.00496730684988254,0.000168601072540131,5.4166666667,5.356566234026459,0.005912619185741343,5.356977761389372,0.00563665149783174,True,Solve_Succeeded,1,0.01591301000007661,0.019392128997424152,0.019644799998786766,True,4.62238590515085e-07,
37.6,44.538,44.535,4.5,148.55482660102084,80.50677346040996,1.4496774437632178,5.429269163465482,0.01645152005926272,190.43755618981137,-0.004791908378279846,0.00044637412895931483,5.4166666667,5.356977761389372,0.00563665149783174,5.357388185320843,0.005428532260408016,True,Solve_Succeeded,1,0.015605683001922444,0.0182654439995531,0.018618834001244977,True,3.4364239276385433e-07,
37.7,44.638,44.637,4.5,148.6212715519211,81.05644210916518,1.4513054999197967,5.429035989701805,0.015650063144878344,190.9912194723449,-0.0044930092687781005,0.0006174966449954411,5.4166666667,5.357388185320843,0.005428532260408016,5.357787991638267,0.005275476641177923,True,Solve_Succeeded,1,0.0185826199958683,0.021908956005063374,0.022277912001300137,True,2.550806685874818e-07,
37.8,44.738,44.705,4.5,148.66507825307892,81.42293434914811,1.452351728026828,5.428904496902057,0.015170583282269253,191.36031618169258,-0.0042516276427911346,0.0006844822539873174,5.4166666667,5.357787991638267,0.005275476641177923,5.3581432844986505,0.005145486007523502,True,Solve_Succeeded,1,0.015085899001860525,0.018508577995817177,0.018896633002441376,True,1.421418449609746e-07,
37.9,44.838,44.807,4.5,148.7300783761644,81.97274125378482,1.4538799135610134,5.428733472226675,0.01477349376905833,191.9139459336454,-0.0038571004691705254,0.0007320315055310278,5.4166666667,5.3581432844986505,0.005145486007523502,5.358483550051524,0.005090142534083632,True,Solve_Succeeded,1,0.016522991005331278,0.020525934000033885,0.021146354003576562,True,1.9380994498163773e-07,
38.0,44.938,44.909,4.5,148.79424661889618,82.52263003379042,1.4553727891530193,5.42859483362602,0.014483815608688643,192.46756049178296,-0.0034504216343301565,0.0007303390002795229,5.4166666667,5.358483550051524,0.005090142534083632,5.35880246009474,0.005070289085167224,True,Solve_Succeeded,1,0.015653219998057466,0.019862316999933682,0.020174595003481954,True,1.2772024682305982e-07,
38.1,45.038,45.011,4.5,148.85759977902975,83.07260059436899,1.4568423414496248,5.428484918292825,0.014357813007281315,193.02116297578152,-0.0030558925009591753,0.0006916181810960875,5.4166666667,5.35880246009474,0.005070289085167224,5.359093431793814,0.005069814598417509,True,Solve_Succeeded,1,0.015657194002415054,0.018866033999074716,0.019208922996767797,True,9.381913468331504e-08,
38.2,45.138,45.113,4.5,148.92014586324558,83.62265361189353,1.4583063992777676,5.428400871619718,0.014379057687907185,193.57475616579137,-0.0026888765736008224,0.0006339319666137655,5.4166666667,5.359093431793814,0.005069814598417509,5.359353463977994,0.005070188254814768,True,Solve_Succeeded,1,0.01567848100239644,0.019174028995621484,0.019457059999695048,True,1.1949407241473864e-07,
38.3,45.238,45.215,4.5,148.9818843659689,84.1727904362212,1.4597770615572783,5.428339599656089,0.014481312390301605,194.12834250097993,-0.002356082148968068,0.0005696205625431716,5.4166666667,5.359353463977994,0.005070188254814768,5.359581097919011,0.005064400306113563,True,Solve_Succeeded,1,0.015708295002696104,0.01914658799796598,0.019415410999499727,True,3.917038462475375e-07,
38.4,45.338,45.317,4.5,149.04281007445763,84.72301263729638,1.4612591416265317,5.428298266230497,0.01459450671743848,194.68192411370117,-0.002059388681289691,0.0005037455832217487,5.4166666667,5.359581097919011,0.005064400306113563,5.359775902981269,0.005055524875953555,True,Solve_Succeeded,1,0.016140439998707734,0.019288932002382353,0.019888720999006182,True,9.220776338025871e-07,
38.5,45.438,45.419,4.5,149.10291692514738,85.2733215582989,1.4627513437497581,5.428273904211398,0.014676105168682967,195.2355028370275,-0.001799723388592568,0.000435266402559753,5.4166666667,5.359775902981269,0.005055524875953555,5.35993909215156,0.00505389698095268,True,Solve_Succeeded,1,0.016049585996370297,0.01885009499528678,0.01913817600143375,True,1.674174009203e-06,
38.6,45.538,45.521,4.5,149.162200404326,85.82371803996557,1.46424997991303,5.428263525340554,0.014722868687669836,195.78908019336168,-0.001579472158633475,0.00036075684167657945,5.4166666667,5.35993909215156,0.00505389698095268,5.360074353159735,0.005073617706860176,True,Solve_Succeeded,1,0.017593677002878394,0.020996192004531622,0.021270475001074374,True,2.5301656210174883e-06,
38.7,45.638,45.623,4.5,149.22065774127827,86.3742024091964,1.46575292830677,5.428264146938411,0.014765529397733465,196.3426573935957,-0.0014026672544522661,0.0002783635117518113,5.4166666667,5.360074353159735,0.005073617706860176,5.360379496042021,0.005130960797241714,True,Solve_Succeeded,2,0.02335459899768466,0.025958740996429697,0.026466847994015552,True,3.3049571968035707e-09,
38.8,45.738,45.725,4.5,149.27828619311376,86.92477468357,1.4672624504174094,5.428273072207365,0.014854603123393718,196.89623534666663,-0.0012732546729579027,0.00019062271300063216,5.4166666667,5.360379496042021,0.005130960797241714,5.360633030641522,0.005242558612121352,True,Solve_Succeeded,2,0.023657724996155594,0.02672811000229558,0.02726160200109007,True,3.2489113621636534e-09,
38.9,45.838,45.827,4.5,149.33508022950818,87.47543531128937,1.4687866066979742,5.428297742675944,0.015049497935547851,197.44981510838053,-0.0011922128098076866,0.00010587462715516693,5.4166666667,5.360633030641522,0.005242558612121352,5.360853978215764,0.00542670894565953,True,Solve_Succeeded,2,0.02482405299815582,0.028107259000535123,0.028669759994954802,True,3.26793614391363e-09,
39.0,45.938,45.929,4.5,149.3910281913343,88.02618582021962,1.4703397348256668,5.4283362198545255,0.015410554986749508,198.00339821707132,-0.001154161234936236,3.874037154782961e-05,5.4166666667,5.360853978215764,0.00542670894565953,5.3610633301906585,0.00570023618333708,True,Solve_Succeeded,2,0.02502902299602283,0.028933380999660585,0.02930494800239103,True,3.2952218731452376e-09,
39.1,46.038,46.031,4.5,149.44610873059776,88.57702825312755,1.4719424905078737,5.42838506177561,0.015999303600457735,198.5569858290163,-0.0011438749658646695,1.0165092212410798e-05,5.4166666667,5.3610633301906585,0.00570023618333708,5.361283692634066,0.006074314709530345,True,Solve_Succeeded,2,0.024315385999216232,0.027358275001461152,0.027835840999614447,True,3.3356544193452464e-09,
39.2,46.138,46.133,4.5,149.50028742193655,89.12796558309213,1.4736214276984934,5.428442559739864,0.01687115017341019,199.11057888401905,-0.0011328658268521562,4.699750625136723e-05,5.4166666667,5.361283692634066,0.006074314709530345,5.361538546068006,0.006551716421461446,True,Solve_Succeeded,2,0.024340222000319045,0.02735617000143975,0.0278579189980519,True,3.393212821833913e-09,
39.3,46.238,46.235,4.5,149.5535135660534,89.67900201661817,1.475408543881411,5.428507559422141,0.018069283095185084,199.66417821452086,-0.0010761669032552967,0.00018153465794434887,5.4166666667,5.361538546068006,0.006551716421461446,5.361851345713772,0.007123951001440981,True,Solve_Succeeded,2,0.023607787996297702,0.02757499099971028,0.027834795000671875,True,3.470400855576372e-09,
39.4,46.338,46.337,4.5,149.60571778297086,90.2301433182795,1.4773389420238814,5.428581929440831,0.01961281326349796,200.21778476282003,-0.0009111120495930552,0.00043079158826109243,5.4166666667,5.361851345713772,0.007123951001440981,5.362243542404264,0.007775442887950347,True,Solve_Succeeded,2,0.02325489199574804,0.026026054001704324,0.026727392003522255,True,3.5678979770636943e-09,
39.5,46.438,46.405,4.5,149.63991036410596,90.59763265017921,1.4787234510476563,5.428638246319414,0.021107108683580678,200.58686032791718,-0.000726910242506802,0.0005682202399623915,5.4166666667,5.362243542404264,0.007775442887950347,5.3627506518381765,0.00860698874357622,True,Solve_Succeeded,2,0.02369396200083429,0.027839877002406865,0.028435279004042968,True,3.681076776729242e-09,
39.6,46.538,46.507,4.5,149.69020574052135,91.1489658385426,1.4809663419006278,5.428734909172176,0.02317139204593382,201.14048169283245,-0.00037654033417347613,0.0006912324877057507,5.4166666667,5.3627506518381765,0.00860698874357622,5.363365713774273,0.009385841264502653,True,Solve_Succeeded,2,0.02968273299484281,0.034673343994654715,0.03504166300263023,True,3.829120132081698e-09,
39.7,46.638,46.609,4.5,149.73920443278715,91.70042656051996,1.4834401671003252,5.428850187710503,0.025678648002447044,201.694114535972,2.0317988984746388e-05,0.000746087163845166,5.4166666667,5.363365713774273,0.009385841264502653,5.3641012784447355,0.010174935585593061,True,Solve_Succeeded,2,0.024972977000288665,0.02868569499696605,0.029326454998226836,True,3.967898010159843e-09,
39.8,46.738,46.711,4.5,149.78676671913817,92.2520260598484,1.486181453354616,5.4289918107777755,0.02828546232620671,202.24776143882823,0.0004381673113222313,0.0007692063845670116,5.4166666667,5.3641012784447355,0.010174935585593061,5.364966831711618,0.010995895687279756,True,Solve_Succeeded,2,0.023980726997251622,0.02722951600298984,0.027610876997641753,True,4.129834252353248e-09,
39.9,46.838,46.813,4.5,149.8327443827567,92.80377598909497,1.48918987055425,5.429166501945281,0.030862507362865936,202.80142574493956,0.0008598929079026372,0.0007600269272354243,5.4166666667,5.364966831711618,0.010995895687279756,5.365968826998873,0.011866860719009545,True,Solve_Succeeded,2,0.025585634997696616,0.029921700006525498,0.030314117997477297,True,4.30765645376141e-09,
40.0,46.938,46.915,4.5,149.87699048985834,93.35568720839059,1.4924642536022983,5.42937952705257,0.03346525209690687,203.35511134506888,0.0012668429474242794,0.0007170330879198161,5.4166666667,5.365968826998873,0.011866860719009545,5.367104959034091,0.012784626922043,True,Solve_Succeeded,2,0.0235716399984085,0.02776941099727992,0.028308599001320545,True,4.523590391158905e-09,
40.1,47.038,47.017,4.5,149.9193563885119,93.90776989947571,1.4960119629812054,5.429636702271942,0.03618284992718157,203.90882263769538,0.001641761325219359,0.0006471289533751534,5.4166666667,5.367104959034091,0.012784626922043,5.368361966907215,0.01373841131966447,True,Solve_Succeeded,2,0.024216917998273857,0.027756262999901082,0.027995427000860218,True,4.79188777546824e-09,
40.2,47.138,47.119,4.5,149.95968703193725,94.46003368801807,1.49984720685649,5.429942644306768,0.03905067225963059,204.46256444239626,0.0019733991728886936,0.0005639738982656795,5.4166666667,5.368361966907215,0.01373841131966447,5.3695101603401865,0.01472041366778788,True,Solve_Succeeded,1,0.014914819003024604,0.018593050001072697,0.019033520002267323,True,5.978741368650731e-07,
40.3,47.238,47.221,4.5,149.99781891070194,95.01248761683696,1.5039849021169114,5.430302767772359,0.042052508287253244,205.01634206221368,0.0022585228109602523,0.00048185736740835594,5.4166666667,5.3695101603401865,0.01472041366778788,5.370765979223369,0.015710073032806127,True,Solve_Succeeded,1,0.015788338998390827,0.018506526001146995,0.018863438002881594,True,2.659522406744941e-07,
40.4,47.338,47.323,4.5,150.03358079878996,95.56513922925856,1.5084371280388469,5.430709503145931,0.04515714513607437,205.57016071879121,0.0025010657326265426,0.00041217268458648704,5.4166666667,5.370765979223369,0.015710073032806127,5.372086236585441,0.0166917591949033,True,Solve_Succeeded,1,0.016622893999738153,0.02125335900200298,0.02193610699760029,True,2.3423838779734751e-07,
40.5,47.438,47.425,4.5,150.06679564781058,96.11799370333779,1.513211406163349,5.431164627334094,0.04830700005042472,206.1240251200391,0.0027101656225148743,0.00036171911019500236,5.4166666667,5.372086236585441,0.0166917591949033,5.373422177967617,0.01764830300178478,True,Solve_Succeeded,1,0.01612132399895927,0.01986714899976505,0.020239101999322884,True,2.0834881286901918e-07,
40.6,47.538,47.527,4.5,150.09728384465245,96.67105429842509,1.51830888011468,5.431670912307482,0.0514422499157123,206.67794038309728,0.0028969387303052602,0.0003308937573107684,5.4166666667,5.373422177967617,0.01764830300178478,5.374722582646899,0.018557959614646704,True,Solve_Succeeded,1,0.015961064003931824,0.01934943100059172,0.019639054000435863,True,1.7911465022280026e-07,
40.7,47.638,47.629,4.5,150.1248666306801,97.22432161796446,1.5237246075614648,5.432227122433011,0.05450475814920688,207.23191170225556,0.0030710263617398778,0.0003140067378497591,5.4166666667,5.374722582646899,0.018557959614646704,5.375936590800925,0.0193955137575944,True,Solve_Succeeded,1,0.016618035995634273,0.019748507998883724,0.02002582799468655,True,1.4886194676932973e-07,
40.8,47.738,47.731,4.5,150.14936952804376,97.77779298362044,1.5294471206804,5.432829114396233,0.0574267589097057,207.7859440220417,0.003237166269184912,0.00029886737348117087,5.4166666667,5.375936590800925,0.0193955137575944,5.3770171831632245,0.020137213230902208,True,Solve_Succeeded,1,0.015294933000404853,0.01849409499845933,0.01882355700217886,True,1.1719725812042725e-07,
40.9,47.838,47.833,4.5,150.170626302278,98.3314620567461,1.5354572230712635,5.43347145946776,0.06012802291137116,208.34004184588957,0.003391266116454306,0.00026560795889785105,5.4166666667,5.3770171831632245,0.020137213230902208,5.37792375696614,0.02076588438124566,True,Solve_Succeeded,1,0.01520796100521693,0.019294762001663912,0.019725385995116085,True,8.709416247920654e-08,
41.0,47.938,47.935,4.5,150.1884835291463,98.88531832665167,1.5417273153723192,5.43414444678424,0.06252755733742506,208.89420875794352,0.0035158944205084456,0.00018604179475101293,5.4166666667,5.37792375696614,0.02076588438124566,5.378625706462052,0.021274615385093572,True,Solve_Succeeded,1,0.017002099004457705,0.020206510998832528,0.020482647996686865,True,5.966954026714877e-08,
41.1,48.038,48.037,4.5,150.20280513084487,99.43934706557097,1.5482223786574876,5.434837788693241,0.06456153798309563,209.4484471907622,0.0035758488777283813,2.4679150793183172e-05,5.4166666667,5.378625706462052,0.021274615385093572,5.379103468734928,0.02166795901553083,True,Solve_Succeeded,1,0.01598141599970404,0.02012654200370889,0.020419874002982397,True,4.872176528891714e-08,
41.2,48.138,48.105,4.5,150.21033118982442,99.8087861390467,1.5526583668795937,5.435304304063705,0.06591552434467322,209.8179796616701,0.00355260666061714,-0.00014753965460623242,5.4166666667,5.379103468734928,0.02166795901553083,5.379464329649956,0.022043654314209838,True,Solve_Succeeded,1,0.016194563002500217,0.020367733006423805,0.020640293005271815,True,5.593293117556186e-08,
41.3,48.238,48.207,4.5,150.21851500269136,100.3630581475857,1.5594397229139365,5.436000899640562,0.06723232456192076,210.3723378196179,0.0033763595043970677,-0.0004678976160747972,5.4166666667,5.379464329649956,0.022043654314209838,5.379554360314669,0.022212511641891683,True,Solve_Succeeded,1,0.016078429005574435,0.019481573996017687,0.019739996001590043,True,3.963463068856754e-08,
41.4,48.338,48.309,4.5,150.22290505745752,100.9174434952618,1.5663459050405297,5.436681990140287,0.06836384701850169,210.92676444918644,0.0030529666996379884,-0.0006651050306833994,5.4166666667,5.379554360314669,0.022212511641891683,5.379403619260798,0.02228835295738691,True,Solve_Succeeded,1,0.016182074999960605,0.022013121997588314,0.022333687003992964,True,3.3252399944672106e-08,
41.5,48.438,48.411,4.5,150.22343642710538,101.47191425937166,1.5733510668429258,5.437338973181513,0.0690575370445087,211.48125669816338,0.00265563580860584,-0.0007436771371975847,5.4166666667,5.379403619260798,0.02228835295738691,5.379047970442542,0.02232040285038538,True,Solve_Succeeded,1,0.01665683999453904,0.02013981500203954,0.020672529994044453,True,2.986834957141582e-08,
41.6,48.538,48.513,4.5,150.22006695885233,102.0264401968694,1.5804071782017635,5.437957414552659,0.06934643911568796,212.03581114044812,0.0022364296365696644,-0.000751709907035769,5.4166666667,5.379047970442542,0.02232040285038538,5.378524465029592,0.022334759331469233,True,Solve_Succeeded,1,0.01601263900374761,0.018875527995987795,0.019242581001890358,True,4.045130684582343e-08,
41.7,48.638,48.615,4.5,150.21277803832828,102.5809889653201,1.5874805537259666,5.438522875904866,0.06941117677326596,212.5904230994158,0.0018241218509456748,-0.000722950569720382,5.4166666667,5.378524465029592,0.022334759331469233,5.3778711136948045,0.022330278795318806,True,Solve_Succeeded,1,0.016494912997586653,0.019992354995338246,0.02043716199841583,True,4.6201040618254474e-08,
41.8,48.738,48.717,4.5,150.20156479462125,103.13552677512143,1.594555639365804,5.43902464567041,0.06939290356178769,213.14508671067443,0.0014340359578440042,-0.0006730117472408814,5.4166666667,5.3778711136948045,0.022330278795318806,5.377126620760537,0.022301060035775595,True,Solve_Succeeded,1,0.015750225997180678,0.019584105000831187,0.01998673199705081,True,4.6903748565640946e-08,
41.9,48.838,48.819,4.5,150.18642798967662,103.690019029307,1.6016269304375235,5.439456795279042,0.06933795674298969,213.69979533849403,0.0010761792048915601,-0.000607458621165069,5.4166666667,5.377126620760537,0.022301060035775595,5.376328060395219,0.02224722610367462,True,Solve_Succeeded,1,0.01617017800163012,0.020090770995011553,0.020318081995355897,True,4.639739208112115e-08,
42.0,48.938,48.921,4.5,150.16737116828853,104.24443086895756,1.6086901022994138,5.43981769643417,0.06923248784575659,214.25454204056837,0.0007580944313995531,-0.0005306839516545647,5.4166666667,5.376328060395219,0.02224722610367462,5.375508795419459,0.022176563062205997,True,Solve_Succeeded,1,0.015745633994811215,0.01920964499731781,0.019433478002611082,True,4.723578062026945e-08,
42.1,49.038,49.023,4.5,150.14440116352276,104.79872756888562,1.6157389168061358,5.440107819642959,0.06905977271279073,214.8093198506107,0.0004843428440425749,-0.000449004939127473,5.4166666667,5.375508795419459,0.022176563062205997,5.3746974087861865,0.02209825407187405,True,Solve_Succeeded,1,0.01566155699401861,0.01868105800531339,0.01891205600259127,True,4.8783558470599786e-08,
42.2,49.138,49.125,4.5,150.11752887300457,105.35287490134884,1.6227666849693054,5.440329826183203,0.0688280697502588,215.3641219938732,0.0002557044605189843,-0.00036920298071518864,5.4166666667,5.3746974087861865,0.02209825407187405,5.373917048647242,0.02201815911395759,True,Solve_Succeeded,1,0.01716160100477282,0.019786783996096347,0.020047060002980288,True,4.967841774061732e-08,
42.3,49.238,49.227,4.5,150.0867687630768,105.90683937747224,1.6297686639816842,5.440487699173718,0.06856314783670853,215.91894202436364,6.964478093925724e-05,-0.0002961280338933392,5.4166666667,5.373917048647242,0.02201815911395759,5.373185659163015,0.021938411530150817,True,Solve_Succeeded,1,0.01577049600018654,0.019891336000000592,0.020139858999755234,True,4.93506226162399e-08,
42.4,49.338,49.329,4.5,150.05213744843545,106.46058836816248,1.6367428129836685,5.440586509853276,0.06828909549888272,216.4737739231286,-7.829634599137724e-05,-0.00023194373455148742,5.4166666667,5.373185659163015,0.021938411530150817,5.372516467952241,0.02185952327004416,True,Solve_Succeeded,1,0.01563192400499247,0.018092329999490175,0.018330892999074422,True,4.822292648531956e-08,
42.5,49.438,49.431,4.5,150.01365234799027,107.01409023465267,1.6436889619646233,5.440632926965218,0.06801827736783296,217.02861225949223,-0.00019319896326855067,-0.00017696014281409764,5.4166666667,5.372516467952241,0.02185952327004416,5.371918107876726,0.021782119783834125,True,Solve_Succeeded,1,0.015393550995213445,0.01878805699379882,0.019244274000811856,True,4.6966694575156787e-08,
42.6,49.538,49.533,4.5,149.9713309578461,107.56731433892088,1.6506076716201934,5.4406337535326506,0.06775386135952532,217.58345223861602,-0.0002800706948162865,-0.00013077409300232823,5.4166666667,5.371918107876726,0.021782119783834125,5.3713952739543736,0.021707158758956055,True,Solve_Succeeded,1,0.015071961999638006,0.018233404000056908,0.0184982589998981,True,4.5851092991822107e-08,
42.7,49.638,49.635,4.5,149.92519061193192,108.12023110536074,1.6574996595622968,5.440596501158448,0.06749654551781283,218.13828978663778,-0.00034364678866181356,-9.284365704953502e-05,5.4166666667,5.3713952739543736,0.021707158758956055,5.370948962152821,0.021635404162569986,True,Solve_Succeeded,1,0.01548758099670522,0.019444924000708852,0.02016510700195795,True,4.483602525362507e-08,
42.8,49.738,49.737,4.5,149.87524840027817,108.67281197651457,1.6643657579745454,5.440528166528097,0.0672479891117013,218.6931215246542,-0.00038834028987165233,-6.252978216814142e-05,5.4166666667,5.370948962152821,0.021635404162569986,5.370577287379179,0.021567134012052715,True,Solve_Succeeded,1,0.01605547100189142,0.01929161599400686,0.019528495002305135,True,4.3824756629229356e-08,
42.9,49.838,49.805,4.5,149.83984966861266,109.04099894620538,1.6689291672230668,5.440466815039845,0.06705472266428238,219.06300475640865,-0.00040958594583721054,-4.62615419500878e-05,5.4166666667,5.370577287379179,0.021567134012052715,5.370260217552036,0.021487725446723976,True,Solve_Succeeded,1,0.016940057001193054,0.02050265300204046,0.020778470003278926,True,3.6261530181325163e-08,
43.0,49.938,49.907,4.5,149.7836079744587,109.59295914025793,1.675754431622623,5.440361686924019,0.06682758505652049,219.61782111268087,-0.0004314790775481106,-2.6801160976308583e-05,5.4166666667,5.370260217552036,0.021487725446723976,5.370011180398889,0.021428549608935556,True,Solve_Succeeded,1,0.01554386899806559,0.01981227000214858,0.020321152995165903,True,4.606393223804961e-08,
43.1,50.038,50.009,4.5,149.72360804026235,110.14451188898502,1.6825558552275417,5.440242335179321,0.06658367371232975,220.1726258569248,-0.00044414862850147147,-1.3503774716427941e-05,5.4166666667,5.370011180398889,0.021428549608935556,5.369823144955089,0.021377200472967768,True,Solve_Succeeded,1,0.015547295995929744,0.01934775499830721,0.01973436000116635,True,4.3409268749017293e-08,
43.2,50.138,50.111,4.5,149.65986652888216,110.69563195239346,1.6893328651871862,5.440112854509845,0.06636729859511198,220.72741780828562,-0.0004515271845499882,-7.191934365380348e-06,5.4166666667,5.369823144955089,0.021377200472967768,5.369688272522329,0.021328125893946892,True,Solve_Succeeded,1,0.01627711699984502,0.019996153998363297,0.02023890500277048,True,4.1796645797176346e-08,
43.3,50.238,50.213,4.5,149.59239903097426,111.24629466723003,1.6960894320054727,5.43997776121725,0.0661874564161345,221.28219618739286,-0.0004564943709879032,-4.157076426425377e-06,5.4166666667,5.369688272522329,0.021328125893946892,5.369598568696426,0.021277666346034636,True,Solve_Succeeded,1,0.01592840700322995,0.019898500002454966,0.020207604000461288,True,3.991640419587217e-08,
43.4,50.338,50.315,4.5,149.52121916702842,111.79647582632046,1.7028286120758789,5.439841254564857,0.06602704048316917,221.83696065371385,-0.00045999311688327895,-1.6171501642237018e-06,5.4166666667,5.369598568696426,0.021277666346034636,5.369546255966022,0.021226383918764143,True,Solve_Succeeded,1,0.015132234002521727,0.018506803004129324,0.01877249899553135,True,3.910430634856965e-08,
43.5,50.438,50.417,4.5,149.44633952309513,112.34615168959172,1.7095515012478428,5.4397067388365565,0.06586824428833032,222.39171125560205,-0.00046198078783904245,1.237842662371591e-06,5.4166666667,5.369546255966022,0.021226383918764143,5.369524439034144,0.021175011368009908,True,Solve_Succeeded,1,0.017509511002572253,0.02218542199989315,0.022699419998389203,True,3.729057240775546e-08,
43.6,50.538,50.519,4.5,149.36777263457284,112.89529900449317,1.7162577637721093,5.439576689996092,0.06570446169264811,222.94644834444503,-0.0004624254608604686,3.7761038900185895e-06,5.4166666667,5.369524439034144,0.021175011368009908,5.369528299718797,0.021122778453950535,True,Solve_Succeeded,1,0.015997492002497893,0.019043604996113572,0.019454950001090765,True,3.665404246788739e-08,
43.7,50.638,50.621,4.5,149.28553139815284,113.44389497645142,1.7229469629387373,5.439452944274933,0.06553730695960726,223.5011724861891,-0.0004617248501418594,5.255995410680114e-06,5.4166666667,5.369528299718797,0.021122778453950535,5.369555271208874,0.021068692292290834,True,Solve_Succeeded,1,0.01620897699467605,0.021013345001847483,0.021660831000190228,True,3.5474928772316616e-08,
43.8,50.738,50.723,4.5,149.19962897808463,113.99191719987952,1.7296188750212012,5.439336758352794,0.06536758779610335,224.0558843975306,-0.0004606158253728182,5.140983895923768e-06,5.4166666667,5.369555271208874,0.021068692292290834,5.369605256492063,0.021013644718677848,True,Solve_Succeeded,1,0.01628473599703284,0.019832981000945438,0.020350657003291417,True,3.468663489769597e-08,
43.9,50.838,50.825,4.5,149.1100788022024,114.53934362618517,1.7362730643627673,5.439229237729692,0.06519246746143609,224.61058490775184,-0.0004601760673641696,2.675402484442202e-06,5.4166666667,5.369605256492063,0.021013644718677848,5.369680541924763,0.02096179098172282,True,Solve_Succeeded,1,0.01960151700041024,0.023982981001609005,0.024323675999767147,True,6.734204482938821e-08,
44.0,50.938,50.927,4.5,149.01689470019693,115.08615257950963,1.7429089448596717,5.439131314820892,0.06501253735732454,225.1652749434701,-0.0004619725209637592,-3.0536771062905643e-06,5.4166666667,5.369680541924763,0.02096179098172282,5.369785310774174,0.02091934455082354,True,Solve_Succeeded,1,0.0161019959996338,0.019323631000588648,0.019639648002339527,True,1.0037577080623805e-07,
44.1,51.038,51.029,4.5,148.92009077879058,115.6323227186236,1.749526637987214,5.439043750295925,0.06483889570566995,225.71995550153395,-0.00046794075175507385,-1.2257896667922097e-05,5.4166666667,5.369785310774174,0.02091934455082354,5.3699248988427595,0.020892777209774404,True,Solve_Succeeded,1,0.015327831002650782,0.019424159996560775,0.019803221999609377,True,1.27041843711595e-07,
44.2,51.138,51.131,4.5,148.81968077554362,116.1778329250217,1.7561278406120067,5.438967455435819,0.06469041283906982,226.27462765045237,-0.00047973731312669714,-2.357962837096217e-05,5.4166666667,5.3699248988427595,0.020892777209774404,5.370105064166583,0.020888794334723793,True,Solve_Succeeded,1,0.015497838001465425,0.01864772899716627,0.018986353003128897,True,1.4393594760520045e-07,
44.3,51.238,51.233,4.5,148.71567700493196,116.72266210823267,1.7627164309458272,5.438903529100072,0.0645894307191313,226.82929255432165,-0.0004976762591911913,-3.348612161024889e-05,5.4166666667,5.370105064166583,0.020888794334723793,5.370331229825987,0.02091361928765174,True,Solve_Succeeded,1,0.01582996600336628,0.020064274001924787,0.020362253999337554,True,1.509514913067278e-07,
44.4,51.338,51.335,4.5,148.60808910343042,117.26678894017402,1.769298660154855,5.4388533345506005,0.06455908802274861,227.38395150884494,-0.000519455310031438,-3.6078141270268205e-05,5.4166666667,5.370331229825987,0.02091361928765174,5.370607731226408,0.020971939413507515,True,Solve_Succeeded,1,0.016901290000532754,0.0201520190021256,0.020599388997652568,True,1.5000955588817533e-07,
44.5,51.438,51.437,4.5,148.4969227699649,117.8101914231867,1.775883090044898,5.438812883469307,0.06462079605648673,227.93860586550653,-0.000538844115616943,-2.315120786544611e-05,5.4166666667,5.370607731226408,0.020971939413507515,5.370939635524146,0.021065773885329406,True,Solve_Succeeded,1,0.016905101998418104,0.020770975002960768,0.021198675996856764,True,1.4378311430363055e-07,
44.6,51.538,51.505,4.5,148.42082458998365,118.17204542824751,1.7802792560517904,5.438783398826157,0.06475631120212676,228.3083729760629,-0.000545138362670907,-7.598833022814943e-07,5.4166666667,5.370939635524146,0.021065773885329406,5.371330545673599,0.02120363522719538,True,Solve_Succeeded,1,0.01594738700077869,0.020053232001373544,0.020431425000424497,True,1.3286115940758236e-07,
44.7,51.638,51.607,4.5,148.30369340847503,118.71418555418808,1.7868914792256607,5.438733178240293,0.06501975542078473,228.8630195379956,-0.0005323995732956306,6.138801929100879e-05,5.4166666667,5.371330545673599,0.02120363522719538,5.371793275173883,0.021367563391181465,True,Solve_Succeeded,1,0.015318302997911815,0.01859771199815441,0.01905670599808218,True,1.23593803635913e-07,
44.8,51.738,51.709,4.5,148.18297300389727,119.25553234143923,1.793536853260151,5.438678502497177,0.06541649032655526,229.41766103047462,-0.00047590006483970855,0.00014820142778226852,5.4166666667,5.371793275173883,0.021367563391181465,5.37232881048413,0.021553687096158843,True,Solve_Succeeded,1,0.01540123599988874,0.018502885002817493,0.01890880700375419,True,1.1325185589328157e-07,
44.9,51.838,51.811,4.5,148.0586473846937,119.79605589304224,1.800228553513963,5.438605103837732,0.06592032746041845,229.97229652909454,-0.0003791632666927867,0.0002046019716377412,5.4166666667,5.37232881048413,0.021553687096158843,5.37294207228974,0.02175808867893602,True,Solve_Succeeded,1,0.017048570000042673,0.020722143999591935,0.021152342000277713,True,1.028002589720245e-07,
45.0,51.938,51.913,4.5,147.93069490613698,120.33572374526405,1.8069760019330163,5.438515023436931,0.0665018777485443,230.5269243200672,-0.00025900578512327887,0.00023423952862722253,5.4166666667,5.37294207228974,0.02175808867893602,5.373634463687811,0.021979534030520075,True,Solve_Succeeded,1,0.016468948000692762,0.019796983993728645,0.02029047300311504,True,9.221629770905793e-08,
45.1,52.038,52.015,4.5,147.7990897012412,120.8745024815433,1.8137864123887952,5.438415976370547,0.06714358016143858,231.08154325095842,-0.00012834376007633512,0.00024377791434537777,5.4166666667,5.373634463687811,0.021979534030520075,5.374400426335332,0.022217883258316234,True,Solve_Succeeded,1,0.017731990999891423,0.021191061998251826,0.021665437998308334,True,6.805232022344399e-08,
45.2,52.138,52.117,4.5,147.66380257436174,121.41235779730538,1.8206658579636334,5.438313128229373,0.06783927393182157,231.6361527185146,3.246514309400297e-06,0.0002387607590348395,5.4166666667,5.374400426335332,0.022217883258316234,5.375227614686159,0.022474517113351467,True,Solve_Succeeded,1,0.01675006699952064,0.01989110100112157,0.020163561006484088,True,2.8496417669998664e-08,
45.3,52.238,52.219,4.5,147.5248015111585,121.94925446059419,1.8276196215493439,5.438211689157931,0.06858598659990059,232.19075262542424,0.00012904904770780519,0.0002239646070805179,5.4166666667,5.375227614686159,0.022474517113351467,5.3760977472705775,0.022749617168910725,True,Solve_Succeeded,1,0.01654081599554047,0.019772002997342497,0.020130633005464915,True,8.07248516061863e-09,
45.4,52.338,52.321,4.5,147.38205196023432,122.48515619489629,1.8346530669770318,5.438115829696398,0.0693870305366366,232.74534330467978,0.0002449743984125902,0.00020427306369485976,5.4166666667,5.3760977472705775,0.022749617168910725,5.37698742073097,0.02303774459320297,True,Solve_Succeeded,1,0.015478078996238764,0.018756508005026262,0.01904207299958216,True,8.963219874646988e-09,
45.5,52.438,52.423,4.5,147.23551674438085,123.02002544134146,1.8417717506873061,5.438028178215417,0.07024438205143725,233.29992542027412,0.0003497214057141137,0.00018479192711184922,5.4166666667,5.37698742073097,0.02303774459320297,5.37786963947975,0.023328215399126478,True,Solve_Succeeded,1,0.016633040002488997,0.020129641001403797,0.020477865997236222,True,2.8730879009231103e-08,
45.6,52.538,52.525,4.5,147.08515593043438,123.55382311870513,1.8489816177518619,5.437951012809919,0.0711529805091011,233.8544998876436,0.0004449867615243959,0.0001710485785513249,5.4166666667,5.37786963947975,0.023328215399126478,5.378714409406433,0.02360394410257527,True,Solve_Succeeded,1,0.016177099001652095,0.02022346100420691,0.020520009005849715,True,7.122637857293057e-08,
45.7,52.638,52.627,4.5,146.9309274524892,124.08650822505216,1.8562860960082062,5.437874473246824,0.0720800234938123,234.40906744218947,0.0005350033139618867,0.00016609428830749448,5.4166666667,5.378714409406433,0.02360394410257527,5.3794963653082375,0.023849274918450944,True,Solve_Succeeded,1,0.01627708799787797,0.020554872004140634,0.021090010995976627,True,1.269313818497153e-07,
45.8,52.738,52.729,4.5,146.77278949385197,124.61803690569758,1.8636841605404122,5.437783287629004,0.07297309816664338,234.96362717256318,0.0006245717166125025,0.00016859122666978976,5.4166666667,5.3794963653082375,0.023849274918450944,5.380197079334134,0.024048853627359038,True,Solve_Succeeded,1,0.01483246900170343,0.0181364680029219,0.01858109000022523,True,1.8889904040975125e-07,
45.9,52.838,52.831,4.5,146.61070301691657,125.1483642988344,1.871169111791378,5.437676418362398,0.07377669380475609,235.5181775776698,0.0007162000107928361,0.0001715802957775736,5.4166666667,5.380197079334134,0.024048853627359038,5.380798530897995,0.02418784398420489,True,Solve_Succeeded,1,0.017217016000358853,0.021160701995540876,0.021513581996259745,True,2.499357547591785e-07,
46.0,52.938,52.933,4.5,146.44463470008304,125.6774459119502,1.8787285675098846,5.437550816753849,0.07443699149673205,236.0727169216737,0.0008069548152633965,0.00016247150777770614,5.4166666667,5.380798530897995,0.02418784398420489,5.381286108577287,0.024254424066396645,True,Solve_Succeeded,1,0.01601953800127376,0.019411635999858845,0.019699005999427754,True,3.0429156439026883e-07,
46.1,53.038,53.035,4.5,146.27455986030748,126.20523867051878,1.886344748218722,5.437403345162262,0.07490327773747885,236.62724313301922,0.0008854132091335059,0.00012333393770980194,5.4166666667,5.381286108577287,0.024254424066396645,5.381650156384489,0.02424278365881468,True,Solve_Succeeded,1,0.01554928000405198,0.018936348002171144,0.019476037996355444,True,3.4913447599649317e-07,
46.2,53.138,53.137,4.5,146.1004651487755,126.73170192324285,1.893995115203397,5.437229342473129,0.07513368102553965,237.1817535833683,0.0009288465729434639,3.1540008745611914e-05,5.4166666667,5.381650156384489,0.02424278365881468,5.381887365455979,0.02415483110495544,True,Solve_Succeeded,1,0.015989943996828515,0.019875114994647447,0.020357039997179527,True,3.8419109227305626e-07,
46.3,53.238,53.205,4.5,145.9821681627248,127.08192023572563,1.8991014241383606,5.437097998386983,0.07512212606768198,237.55141682336202,0.0009210680840656694,-7.185044732715973e-05,5.4166666667,5.381887365455979,0.02415483110495544,5.381967328161665,0.02399268711270126,True,Solve_Succeeded,1,0.01527590800105827,0.01985345099819824,0.020290436994400807,True,4.1006078799199486e-07,
46.4,53.338,53.307,4.5,145.80138095528872,127.60608686293024,1.9067506002926948,5.436867520865187,0.07488540697346775,238.10589299505043,0.0008208912877658965,-0.0002820160586956,5.4166666667,5.381967328161665,0.02399268711270126,5.381935601353948,0.023764298667658793,True,Solve_Succeeded,1,0.01534976800030563,0.019462199001281988,0.019855568003549706,True,4.244084683691085e-07,
46.5,53.438,53.409,4.5,145.61660623892732,128.12883400814414,1.9143638220337484,5.436594144266842,0.07440126669562885,238.66034223641572,0.0006192505359030256,-0.0004252006871512392,5.4166666667,5.381935601353948,0.023764298667658793,5.381808470853417,0.023493598380785095,True,Solve_Succeeded,1,0.01566327600448858,0.02066292399831582,0.021022737004386727,True,4.396395754113769e-07,
46.6,53.538,53.511,4.5,145.42788200511075,128.65013607509914,1.9219165187150642,5.436272192330369,0.07369325909752963,239.21475925751326,0.0003586113712821749,-0.0004995620216927676,5.4166666667,5.381808470853417,0.023493598380785095,5.381605166646292,0.023191925401121517,True,Solve_Succeeded,1,0.015437624002515804,0.019520706999173854,0.019993488996988162,True,4.5095565237573965e-07,
46.7,53.638,53.613,4.5,145.23525858634346,129.1699721545834,1.929387564590487,5.435896624997936,0.07281950746369964,239.76913861212876,7.093530715613657e-05,-0.0005264004445062476,5.4166666667,5.381605166646292,0.023191925401121517,5.381348835586865,0.022865542010306744,True,Solve_Succeeded,1,0.01550710599985905,0.019492355997499544,0.01982348199817352,True,4.57725718661095e-07,
46.8,53.738,53.715,4.5,145.0387956566492,129.688325423518,1.9367627117611914,5.435465427737019,0.07183494439032687,240.3234746821485,-0.00022176848690759907,-0.0005202156143180314,5.4166666667,5.381348835586865,0.022865542010306744,5.381062399799029,0.022517314500507254,True,Solve_Succeeded,1,0.016585944998951163,0.01992725799937034,0.020386398005939554,True,4.5954516192381334e-07,
46.9,53.838,53.817,4.5,144.83855888794437,130.20518238943623,1.944032424407138,5.434977299962586,0.07077338999301087,240.8777618206686,-0.0005040991798674962,-0.0004908680559283507,5.4166666667,5.381062399799029,0.022517314500507254,5.380767715238682,0.022150950017881026,True,Solve_Succeeded,1,0.016689730000507552,0.021327147995179985,0.021803310999530368,True,4.760544349835527e-07,
47.0,53.938,53.919,4.5,144.63461825880734,130.7205319788966,1.9511894479077285,5.434419232854337,0.06964630350728605,241.43199390001064,-0.0007654083931146753,-0.00044599822438717856,5.4166666667,5.380767715238682,0.022150950017881026,5.380489532320153,0.021774649389299298,True,Solve_Succeeded,1,0.01726816199516179,0.02079530400078511,0.021218913003394846,True,5.693166311715459e-07,
47.1,54.038,54.021,4.5,144.42704754170907,131.2343647143535,1.95822732312025,5.433786512957628,0.06846003000658608,241.98616358770846,-0.000999051900867027,-0.0003924977909384175,5.4166666667,5.380489532320153,0.021774649389299298,5.380250011220634,0.021396544790202594,True,Solve_Succeeded,1,0.01599259899376193,0.019413059002545197,0.019674466995638795,True,7.339663747885083e-07,
47.2,54.138,54.123,4.5,144.21592327778566,131.74667395554215,1.9651409391747228,5.4330840532400115,0.06723439122378798,242.54026376648983,-0.0012019333083047891,-0.0003359698442357839,5.4166666667,5.380250011220634,0.021396544790202594,5.380064026613091,0.021019563969999586,True,Solve_Succeeded,1,0.01630502799525857,0.019155747999320738,0.019543492002412677,True,9.550498711874411e-07,
47.3,54.238,54.225,4.5,144.00132352117393,132.2574558905368,1.9719277331936889,5.432318430075364,0.06599631581784304,243.09428791985655,-0.0013734059001055423,-0.0002795279365974679,5.4166666667,5.380064026613091,0.021019563969999586,5.379939828928917,0.020641334117240947,True,Solve_Succeeded,1,0.015610839996952564,0.018669741999474354,0.019215795000491198,True,1.2093694339299077e-06,
47.4,54.338,54.327,4.5,143.78332641672975,132.76670904962128,1.9785874928004765,5.431496612934096,0.06476264698446026,243.6482301965159,-0.0015138457954120437,-0.00022398821732716456,5.4166666667,5.379939828928917,0.020641334117240947,5.379880403889913,0.020256526110053453,True,Solve_Succeeded,1,0.015156859997659922,0.018900952003605198,0.019252999998570886,True,1.4700554205049343e-06,
47.5,54.438,54.429,4.5,143.5620092953312,133.27443403256203,1.98512075803505,5.43062669840649,0.06353207489136455,244.2020855239658,-0.001623784067455536,-0.00016946282406582472,5.4166666667,5.379880403889913,0.020256526110053453,5.379884294256356,0.019858765267757095,True,Solve_Succeeded,1,0.01638797300256556,0.020188422997307498,0.02052218700555386,True,1.7130011844557202e-06,
47.6,54.538,54.531,4.5,143.33744873749993,133.78063349585432,1.9915270683762683,5.429716258763413,0.0622888507594694,244.75584960002433,-0.0017040288004782267,-0.00011710682725896149,5.4166666667,5.379884294256356,0.019858765267757095,5.379947118527693,0.019441367413249106,True,Solve_Succeeded,1,0.018000887001107913,0.0214535480045015,0.02172601799975382,True,1.9210164454719347e-06,
47.7,54.638,54.633,4.5,143.1097213558762,134.28531248463273,1.9978039009163793,5.428772926352523,0.06101060496949107,245.3095188957925,-0.0017565786515286092,-7.01743790807452e-05,5.4166666667,5.379947118527693,0.019441367413249106,5.380062641674932,0.018997620750110494,True,Solve_Succeeded,1,0.016463047002616804,0.020457734004594386,0.02091713399568107,True,2.0854005642334528e-06,
47.8,54.738,54.735,4.5,142.8789049376972,134.7884788992729,2.0039462888645967,5.427803661035041,0.05967340832544935,245.86309059904448,-0.0017859147585956947,-3.439406562444347e-05,5.4166666667,5.380062641674932,0.018997620750110494,5.380246958724766,0.018521475201029012,True,Solve_Succeeded,1,0.01601342499634484,0.019098034004855435,0.019414971997321118,True,2.1973329928925978e-06,
47.9,54.838,54.837,4.5,142.64507956318772,135.29014389322523,2.009947300995865,5.4268138891777085,0.058257953190006796,246.41656246229115,-0.0018002350635693285,-1.7482568678062194e-05,5.4166666667,5.380246958724766,0.018521475201029012,5.380466412338561,0.018007970688147513,True,Solve_Succeeded,1,0.01565135200507939,0.019967708001786377,0.020218104000377934,True,2.2835793700437534e-06,
48.0,54.938,54.905,4.5,142.48756510914023,135.62376027085577,2.013863301173698,5.4261516360792035,0.05701930253316605,246.78548744529485,-0.001807440802985237,-2.3220548379221384e-05,5.4166666667,5.380466412338561,0.018007970688147513,5.380563518034537,0.01737429626159228,True,Solve_Succeeded,1,0.016293374996166676,0.019840300003124867,0.020131678000325337,True,2.2621794357746694e-06,
48.1,55.038,55.007,4.5,142.24891320240428,136.12295895209243,2.019604078075565,5.425142776269642,0.05540447148376186,247.33878959362707,-0.0018300374561825046,-6.416177637014187e-05,5.4166666667,5.380563518034537,0.01737429626159228,5.380734928912433,0.01680039365731139,True,Solve_Succeeded,1,0.014819313000771217,0.017992092005442828,0.018266606995894108,True,2.3903032992933504e-06,
48.2,55.138,55.109,4.5,142.0074871617111,136.62070701735232,2.0251671911400573,5.424122588289193,0.05350492393054307,247.89198833341632,-0.00188881850527979,-0.00015545201960520671,5.4166666667,5.380734928912433,0.01680039365731139,5.380973064148652,0.016225059294996402,True,Solve_Succeeded,1,0.015925312000035774,0.01976102200569585,0.020124937997024972,True,2.4414571724307166e-06,
48.3,55.238,55.211,4.5,141.76339163591777,137.11703482619848,2.0305296714546515,5.4230899438145945,0.051574948553965175,248.44508230276674,-0.0020003087403061004,-0.00024313732248160139,5.4166666667,5.380973064148652,0.016225059294996402,5.381270113664802,0.01562887258440772,True,Solve_Succeeded,1,0.015078675001859665,0.018042710005829576,0.018287596001755446,True,2.4454697058473585e-06,
48.4,55.338,55.313,4.5,141.51673396584206,137.61197622725075,2.0356957277640877,5.422049382947792,0.049691299442120106,248.99807025228472,-0.0021521922640037727,-0.00030104809509179375,5.4166666667,5.381270113664802,0.01562887258440772,5.381626989023335,0.014997162627625533,True,Solve_Succeeded,1,0.015553021999949124,0.019060583996179048,0.019299186998978257,True,2.3991906958897857e-06,
48.5,55.438,55.415,4.5,141.2676182318727,138.1055660262535,2.040667799303543,5.421006922746511,0.04779519121644489,249.55095158603942,-0.002326802672695194,-0.00032621917884201324,5.4166666667,5.381626989023335,0.014997162627625533,5.3820458432485205,0.014335452628049274,True,Solve_Succeeded,1,0.01560082299693022,0.01942900599533459,0.019795197003986686,True,2.3431459084122253e-06,
48.6,55.538,55.517,4.5,141.01614817980249,138.59784140276275,2.045440698398838,5.419968488384102,0.045813570848497506,250.1037264363952,-0.0025069815052154113,-0.0003234421643063534,5.4166666667,5.3820458432485205,0.014335452628049274,5.382528191193695,0.013656837506625883,True,Solve_Succeeded,1,0.01737432400113903,0.02126132199919084,0.021650283997587394,True,2.2937123702604367e-06,
48.7,55.638,55.619,4.5,140.76243067577144,139.08884354441017,2.050004086531484,5.418938698990992,0.04372616398278914,250.6563955491676,-0.0026799946149361057,-0.00030277477596962754,5.4166666667,5.382528191193695,0.013656837506625883,5.383075179105169,0.0129713617706615,True,Solve_Succeeded,1,0.015167417004704475,0.01884224700188497,0.019223142000555526,True,2.2494626374935933e-06,
48.8,55.738,55.721,4.5,140.50657676908335,139.5786181111029,2.0543483090690295,5.417921605497934,0.041561273900827554,251.20896014978428,-0.0028387736926097805,-0.00027369214486538945,5.4166666667,5.383075179105169,0.0129713617706615,5.383687856993705,0.012282633800259497,True,Solve_Succeeded,1,0.015086401996086352,0.018411247001495212,0.0187113420033711,True,2.2029130848366663e-06,
48.9,55.838,55.823,4.5,140.2487003710901,140.06721449928196,2.0584676245966826,5.4169207749155674,0.039359276239423945,251.76142185140768,-0.002980477987612885,-0.00024184460033938038,5.4166666667,5.383687856993705,0.012282633800259497,5.384367318438957,0.011590339387418587,True,Solve_Succeeded,1,0.015826098002435174,0.019074896001257002,0.01941804600210162,True,2.149963601816296e-06,
49.0,55.938,55.925,4.5,139.98891629687043,140.5546848130068,2.0623597961764077,5.415940254897764,0.03714507142130437,252.3137826600815,-0.003104346363363115,-0.00020945491896062762,5.4166666667,5.384367318438957,0.011590339387418587,5.385114116762143,0.010893947776402898,True,Solve_Succeeded,1,0.016207631000725087,0.019627471003332175,0.019872277000104077,True,2.0882334812455383e-06,
49.1,56.038,56.027,4.5,139.72733902148218,141.04108319399626,2.066024102559031,5.414984505279888,0.034924420056229734,252.8660450194987,-0.003210341218469987,-0.00017729638450347804,5.4166666667,5.385114116762143,0.010893947776402898,5.385927786102018,0.010193319192434692,True,Solve_Succeeded,1,0.015899184996669646,0.01968297800340224,0.019934005998948123,True,1.95300273819754e-06,
49.2,56.138,56.129,4.5,139.46408242874054,141.52646548181528,2.069459863860281,5.414056634704535,0.03269449998687491,253.41821170543156,-0.003298814828552354,-0.00014615593941824656,5.4166666667,5.385927786102018,0.010193319192434692,5.386805733000999,0.00947880906575881,True,Solve_Succeeded,1,0.01694613300060155,0.020998871004849207,0.021574819002125878,True,1.1307172078645067e-06,
49.3,56.238,56.231,4.5,139.19925990879253,142.01088927457937,2.0726660448138654,5.413160991384731,0.030452133722836127,253.9702859128838,-0.0033706639849919407,-0.00011722165704508569,5.4166666667,5.386805733000999,0.00947880906575881,5.387740556211008,0.008739711934273064,True,Solve_Succeeded,1,0.016632086000754498,0.019385642997804098,0.019770684994000476,True,6.426210958920819e-07,
49.4,56.338,56.333,4.5,138.93298474757398,142.49441395949506,2.0756401747359616,5.412300793232876,0.028172985192525174,254.5222711749517,-0.003427719533458863,-9.315299984802294e-05,5.4166666667,5.387740556211008,0.008739711934273064,5.388720742358787,0.007978390210322098,True,Solve_Succeeded,1,0.015017448000435252,0.019022602995391935,0.01956044100370491,True,5.968869825068168e-07,
49.5,56.438,56.435,4.5,138.6653714005711,142.97710128812503,2.0783764019290336,5.411478889680398,0.02581965682086985,255.07417132347507,-0.003474164781548804,-8.001762246312437e-05,5.4166666667,5.388720742358787,0.007978390210322098,5.389732383431523,0.00721418283655701,True,Solve_Succeeded,1,0.015619208999851253,0.019651392998639494,0.020175126002868637,True,6.994615988631381e-07,
49.6,56.538,56.537,4.5,138.39653714825118,143.45901613504208,2.080866474944232,5.410697061854089,0.023383338213813665,255.62599040485938,-0.003518369250297554,-8.630181104063439e-05,5.4166666667,5.389732383431523,0.00721418283655701,5.390761772781668,0.0064783690611764835,True,Solve_Succeeded,1,0.015682755001762416,0.019635576994915027,0.01989556199987419,True,2.0424430848819952e-06,
49.7,56.638,56.605,4.5,138.21669481847107,143.77989669241265,2.082385445649672,5.41020642341517,0.021377907271708695,255.99382680875544,-0.003552122862451509,-0.00010572687006860093,5.4166666667,5.390761772781668,0.0064783690611764835,5.391704166309692,0.005666177378782493,True,Solve_Succeeded,1,0.01584609300334705,0.019847283998387866,0.02011738000146579,True,3.8862089084545914e-06,
49.8,56.738,56.707,4.5,137.94609361384033,144.26067582970026,2.0844553468963833,5.409491917070557,0.01896636707668415,256.54551994259884,-0.003621806711864562,-0.00015484098813223213,5.4166666667,5.391704166309692,0.005666177378782493,5.3926468936861465,0.005126742666856218,True,Solve_Succeeded,1,0.015108919003978372,0.01774016299896175,0.01801351500034798,True,5.2159790309147525e-06,
49.9,56.838,56.809,4.5,137.6745921964931,144.74086569167662,2.086274444225836,5.408813013743316,0.016439313201128614,257.0971427613078,-0.003724508496955873,-0.0002286870775876082,5.4166666667,5.3926468936861465,0.005126742666856218,5.393619588543755,0.004783775056477181,True,Solve_Succeeded,1,0.016085623996332288,0.020072011997399386,0.020869091000349727,True,6.384006598914027e-06,
50.0,56.938,56.911,4.5,137.40231242859028,145.22053698741144,2.087846785578477,5.408166157881932,0.014362473665687402,257.64869863811384,-0.003876207910706334,-0.00032346156313689534,5.4166666667,5.393619588543755,0.004783775056477181,5.394614269676093,0.004632858594317848,True,Solve_Succeeded,1,0.01843546899908688,0.022132609999971464,0.022557643002073746,True,7.194535295518278e-06,
50.1,57.038,57.013,4.5,137.1293570139678,145.69975001604467,2.089240483218211,5.407548740729841,0.01302659606690005,258.2001906918673,-0.004071277265090276,-0.0003712882002484541,5.4166666667,5.394614269676093,0.004632858594317848,5.395637245019234,0.004647258158481041,True,Solve_Succeeded,1,0.017255457998544443,0.021189163002418354,0.02159647200460313,True,7.730627626045816e-06,
50.2,57.138,57.115,4.5,136.85579185691324,146.17854441136856,2.090534721658457,5.4069600886022355,0.012445491268435424,258.75162190639304,-0.004262067331869937,-0.00029320687188549854,5.4166666667,5.395637245019234,0.004647258158481041,5.3967011333608745,0.004826539884679036,True,Solve_Succeeded,1,0.01574865199654596,0.019202411000151187,0.019429170002695173,True,7.19782311175976e-06,
50.3,57.238,57.217,4.5,136.58164561451758,146.65693892709237,2.091803255697423,5.4064017370682125,0.012522083867906637,259.30299544769747,-0.004358401529415041,-1.5672862240023733e-05,5.4166666667,5.3967011333608745,0.004826539884679036,5.397835992661853,0.005199914270986567,True,Solve_Succeeded,1,0.015135791996726766,0.018982743000378832,0.01938870800222503,True,3.057695158403817e-06,
50.4,57.338,57.319,4.5,136.30691398855157,147.13493370930897,2.0931100324690024,5.4058751479388585,0.013180051731404496,259.85431461760635,-0.004232509645859819,0.0005209165984676468,5.4166666667,5.397835992661853,0.005199914270986567,5.399000399486226,0.005785862886468418,True,Solve_Succeeded,1,0.015971312997862697,0.018984577000082936,0.01941705900389934,True,6.70554261006373e-08,
50.5,57.438,57.421,4.5,136.0315633203884,147.61251216950993,2.0945156088526624,5.4053828670004345,0.01443753454411732,260.40558138637647,-0.00379668036792836,0.001029587487624273,5.4166666667,5.399000399486226,0.005785862886468418,5.4001694983268695,0.006560353355678392,True,Solve_Succeeded,1,0.015145943005336449,0.01793666299636243,0.018342412004130892,True,2.1034559027910404e-06,
50.6,57.538,57.523,4.5,135.75553001516053,148.0896405060017,2.0960851352767476,5.404925966083106,0.016349225938905792,260.9567988555747,-0.003135150865711098,0.0013535707419789489,5.4166666667,5.4001694983268695,0.006560353355678392,5.401288107182369,0.007452984167003535,True,Solve_Succeeded,1,0.015066744999785442,0.018739557002845686,0.01911022100102855,True,9.793844779615313e-06,
50.7,57.638,57.625,4.5,135.4787187724464,148.5662660617569,2.0978851686399813,5.404502960590772,0.018878712216638276,261.5079712644964,-0.002331170630237624,0.0015592065748699644,5.4166666667,5.401288107182369,0.007452984167003535,5.402620920491971,0.008365184467917066,True,Solve_Succeeded,2,0.02631555600237334,0.029052067002339754,0.029275969995069318,True,6.253601192440783e-09,
50.8,57.738,57.727,4.5,135.20100517316493,149.04231828552975,2.099970018281068,5.404110395327656,0.021836863173167097,262.0591026906629,-0.001433955086785442,0.00170041595419157,5.4166666667,5.402620920491971,0.008365184467917066,5.403856957528289,0.009192517474428192,True,Solve_Succeeded,2,0.02361139500135323,0.026598925003781915,0.026856075004616287,True,7.199316698347502e-09,
50.9,57.838,57.829,4.5,134.92224515717612,149.51771439892198,2.102367087786756,5.40375884344789,0.024914045785882945,262.61019745446697,-0.0004698235373148795,0.0018040500360583245,5.4166666667,5.403856957528289,0.009192517474428192,5.4050173768466765,0.009825498838638203,True,Solve_Succeeded,2,0.027906636001716834,0.031606216994987335,0.03193801500310656,True,8.47513170754155e-09,
51.0,57.938,57.931,4.5,134.64229004589185,149.99236851779239,2.10506853006262,5.403447207599267,0.027755214342354097,263.16126068824957,0.0005401337395375882,0.001861552345614026,5.4166666667,5.4050173768466765,0.009825498838638203,5.406143278377067,0.01015434402653198,True,Solve_Succeeded,2,0.025822675997915212,0.029386857997451443,0.02977279300102964,True,9.058660488392434e-09,
51.1,58.038,58.033,4.5,134.3610047018573,150.46620075703026,2.1080287874805292,5.403171800281509,0.029993370842377437,263.712297094375,0.0015596969469847677,0.0018265161964605703,5.4166666667,5.406143278377067,0.01015434402653198,5.407281123198195,0.010053750213889153,True,Solve_Succeeded,2,0.023769871004333254,0.02638901000318583,0.026838290003070142,True,8.448255428561424e-09,
51.2,58.138,58.135,4.5,134.07828550452035,150.9391484215915,2.1111635437323315,5.402933402634695,0.031257444328095164,264.26331120896293,0.002516276591604485,0.0016136509337396634,5.4166666667,5.407281123198195,0.010053750213889153,5.408449767506462,0.009426412056559735,True,Solve_Succeeded,2,0.024425709001661744,0.027199224998184945,0.027492745997733437,True,7.625249764942055e-09,
51.3,58.238,58.237,4.5,133.79407785587435,151.41117730356635,2.114350972800889,5.402735518639385,0.031170391579845854,264.81430745122236,0.0032800264058001445,0.0011000478874323427,5.4166666667,5.408449767506462,0.009426412056559735,5.409370693634229,0.008244698706838503,True,Solve_Succeeded,1,0.01522216900048079,0.01862148000509478,0.018851895998523105,True,3.9070898649740116e-06,
51.4,58.338,58.305,4.5,133.60378147915938,151.72535353266125,2.1164240235296754,5.402638153528792,0.0297667875669445,265.1816303616179,0.003583491432237532,0.0005088299841959909,5.4166666667,5.409370693634229,0.008244698706838503,5.4103198004300435,0.006482594976015195,True,Solve_Succeeded,1,0.015332049995777197,0.01812735400017118,0.0185009889974026,True,2.848714588665757e-07,
51.5,58.438,58.407,4.5,133.31716110570147,152.1958892270718,2.11932616165788,5.402505191246712,0.026490575803747956,265.73260426202546,0.003515210001191624,-0.0008600407636381034,5.4166666667,5.4103198004300435,0.006482594976015195,5.411262680017488,0.0044324331796807654,True,Solve_Succeeded,1,0.01565032999496907,0.01974041500216117,0.020100693000131287,True,6.644134762368026e-07,
51.6,58.538,58.509,4.5,133.0292736303421,152.66563622614865,2.1218014495922453,5.402393823590912,0.021295681664714662,266.2835615208832,0.0026780607498981474,-0.002116466162324304,5.4166666667,5.411262680017488,0.0044324331796807654,5.4121458509252385,0.0023039457868261923,True,Solve_Succeeded,1,0.01664637800422497,0.019934949996240903,0.020315273002779577,True,2.727985894068752e-06,
51.7,58.638,58.611,4.5,132.7403656153828,153.13474388070944,2.1236690037208925,5.402295851007784,0.014710746253359346,266.8345007998899,0.0012636016751549444,-0.0029840565204848346,5.4166666667,5.4121458509252385,0.0023039457868261923,5.413204044881789,0.0002964723519615267,True,Solve_Succeeded,2,0.025400195001566317,0.0288344459986547,0.02944478500285186,True,7.0868901858034405e-09,
51.8,58.738,58.713,4.5,132.4507511010291,153.6034048949723,2.124821864801596,5.402209366872794,0.007439394188046718,267.38542489949924,-0.0005468798436859092,-0.00356764901162121,5.4166666667,5.413204044881789,0.0002964723519615267,5.414059095736487,-0.0014192842037307057,True,Solve_Succeeded,2,0.02530263800144894,0.027883572001883294,0.02815530000225408,True,7.058147843963525e-09,
51.9,58.838,58.815,4.5,132.16077912874985,154.07183526332088,2.1252040919424413,5.402136729881975,-0.00023176786286963113,267.9363381469479,-0.0026133073082601458,-0.003922238880042172,5.4166666667,5.414059095736487,-0.0014192842037307057,5.414654339596202,-0.0025429259600394318,True,Solve_Succeeded,2,0.025560868001775816,0.02906946999428328,0.02932470599625958,True,7.607872554160622e-09,
52.0,58.938,58.917,4.5,131.87077476530234,154.54023373541682,2.1250909499079653,5.401977600152315,-0.002154553672274165,268.4872431230582,-0.004765939798134836,-0.003772701927076572,5.4166666667,5.414654339596202,-0.0025429259600394318,5.415376423000683,-0.004944726543173616,True,Solve_Succeeded,2,0.024068701997748576,0.027703693995135836,0.027942298002017196,True,6.989403722457155e-09,
52.1,59.038,59.019,4.5,131.58087770158838,155.0086690558336,2.124834693841377,5.401646917318307,-0.0025060494963065057,269.0381302885441,-0.0066093560615182,-0.0027680223288868433,5.4166666667,5.415376423000683,-0.004944726543173616,5.416148541493417,-0.0071822304529580855,True,Solve_Succeeded,2,0.023660702994675376,0.026905061000434216,0.027309122000588104,True,3.834941810594225e-08,
52.2,59.138,59.121,4.5,131.29113863141404,155.47715760923225,2.124430761579554,5.401262859919436,-0.006008716617861342,269.58899063766455,-0.007646013553879609,-0.0009151547331280874,5.4166666667,5.416148541493417,-0.0071822304529580855,5.416878916993423,-0.008376211844284075,True,Solve_Succeeded,2,0.023953896001330577,0.02719451699522324,0.02748934100236511,True,6.783602593887772e-08,
52.3,59.238,59.223,4.5,131.00169096900223,155.9458036165522,2.1236180988067783,5.401835919179753,-0.010506664967143274,270.13984119671267,-0.0074967037945662925,0.0015186119870129744,5.4166666667,5.416878916993423,-0.008376211844284075,5.417153953808244,-0.0088419891210198,True,Solve_Succeeded,2,0.02348034599708626,0.026802243999554776,0.02710640599980252,True,1.0982696529993063e-08,
52.4,59.338,59.325,4.5,130.7127586295868,156.4148379448938,2.122098753562276,5.40251152958196,-0.016536444553450887,270.6907480152686,-0.0061087531581507735,0.003306609501363411,5.4166666667,5.417153953808244,-0.0088419891210198,5.416853760094483,-0.007431905747929519,True,Solve_Succeeded,2,0.024089132006338332,0.02745083199988585,0.02806694500031881,True,1.3824912770132869e-08,
52.5,59.438,59.427,4.5,130.42462433798295,156.88443232328999,2.1201414970692882,5.402979099398943,-0.01902038814191809,271.2417027114062,-0.004058628359713353,0.00397859792466715,5.4166666667,5.416853760094483,-0.007431905747929519,5.416267242646459,-0.005684748035576088,True,Solve_Succeeded,2,0.024847223998222034,0.028895550000015646,0.02922835000208579,True,1.099351809585869e-08,
52.6,59.538,59.529,4.5,130.1374147474865,157.35463185368388,2.1182263262923624,5.403198921202956,-0.014540113438913987,271.79268244338084,-0.0018506320074917623,0.004016960228673927,5.4166666667,5.416267242646459,-0.005684748035576088,5.415631574181604,-0.004518414669518336,True,Solve_Succeeded,2,0.024495484001818113,0.0275017609965289,0.027778910000051837,True,9.695520830632631e-09,
52.7,59.638,59.631,4.5,129.85098241606872,157.82530246740225,2.11686404385363,5.402536833772581,-0.00896668111506906,272.34365499642115,0.00033915324056991053,0.003934525714571979,5.4166666667,5.415631574181604,-0.004518414669518336,5.415422573075593,-0.0028451746469184795,True,Solve_Succeeded,2,0.024418630004220176,0.027493419001984876,0.027711490001820493,True,9.27133125827595e-09,
52.8,59.738,59.733,4.5,129.56509679497205,158.29617610268178,2.11609924052694,5.400868485138323,-0.0051476268218314716,272.89451541658246,0.0024757754572240043,0.0037775393666565904,5.4166666667,5.415422573075593,-0.0028451746469184795,5.416136738771829,-0.0006200922876518892,True,Solve_Succeeded,2,0.024902413999370765,0.028228064002178144,0.02874097800668096,True,9.216880592077814e-09,
52.9,59.838,59.835,4.5,129.27956726100962,158.76709172737714,2.1156541098676716,5.399671146469336,-0.002616332355762517,273.4452287343739,0.004435718290263003,0.003269791164694169,5.4166666667,5.416136738771829,-0.0006200922876518892,5.417536058139193,0.002335778521535558,True,Solve_Succeeded,2,0.025147667998680845,0.028838427002483513,0.029073172001517378,True,9.504092624013083e-09,
53.0,59.938,59.937,4.5,128.99424096339786,159.23802924041922,2.1154184334986375,5.3989434439427715,-0.0017937807408109363,273.9958603071675,0.005991421605546749,0.0023021061698096368,5.4166666667,5.417536058139193,0.002335778521535558,5.419567921135888,0.006529343842857563,True,Solve_Succeeded,2,0.023862293004640378,0.027180707998923026,0.027525962999789044,True,1.0778970604974347e-08,
53.1,60.038,60.005,4.5,128.80408632227642,159.5519860081179,2.115348643859207,5.398228518699848,-0.0007601020432735189,274.36291778645403,0.006671995211600802,0.0013726074187498938,5.4166666667,5.419567921135888,0.006529343842857563,5.422458496740009,0.011604844604100788,True,Solve_Succeeded,2,0.025866793999739457,0.029143305000616238,0.029572892999567557,True,1.2303904561861145e-08,
53.2,60.138,60.107,4.5,128.51887440052977,160.02284867457607,2.115615848784305,5.3980388986516985,0.008259310641736382,274.91343698249625,0.006985137009828755,-0.0002073075859403417,5.4166666667,5.422458496740009,0.011604844604100788,5.425771811094931,0.015081640664468283,True,Solve_Succeeded,2,0.024954777996754274,0.02910402900306508,0.029354095000599045,True,1.1841157387948442e-08,
53.3,60.238,60.209,4.5,128.2333096972671,160.4935064114008,2.117091438605995,5.398238809221111,0.025603014800336554,275.463968087126,0.006504966052243079,-0.0012487985070976926,5.4166666667,5.425771811094931,0.015081640664468283,5.42922259236328,0.016257497755358966,True,Solve_Succeeded,2,0.024138376997143496,0.027768592997745145,0.02831834399694344,True,1.3989758282373366e-08,
53.4,60.338,60.311,4.5,127.94656101254701,160.96342978661872,2.1206076593689223,5.397995818015877,0.04276358239620795,276.0144898849408,0.005847672250827314,-0.0009206973128281782,5.4166666667,5.42922259236328,0.016257497755358966,5.4330062401717365,0.016083907903023043,True,Solve_Succeeded,2,0.02409943100064993,0.027653955003188457,0.028249365001101978,True,1.7658316642243932e-08,
53.5,60.438,60.413,4.5,127.65781820958937,161.43213132949862,2.1254099193183724,5.3983071975397205,0.050566161967913054,276.56501521757207,0.005588909655239469,2.077255507559883e-05,5.4166666667,5.4330062401717365,0.016083907903023043,5.437156507569859,0.01720066478802624,True,Solve_Succeeded,2,0.024973754996608477,0.02815450800699182,0.0284086510000634,True,1.550065320543581e-08,
53.6,60.538,60.515,4.5,127.36666620268187,161.89939671572907,2.1306657860623917,5.398866975803348,0.05172478455014454,277.1155925582153,0.005823346519532134,0.0007408377766680019,5.4166666667,5.437156507569859,0.01720066478802624,5.441634730602243,0.019437443120389277,True,Solve_Succeeded,2,0.026811841999005992,0.031227072002366185,0.03181745600159047,True,1.8146114832973126e-08,
53.7,60.638,60.617,4.5,127.07302015364921,162.3651709420383,2.135976983948658,5.399521479230332,0.052821280900646875,277.66623661461443,0.00627928016225088,0.0008387337934463446,5.4166666667,5.441634730602243,0.019437443120389277,5.446376395591607,0.02221182706032045,True,Solve_Succeeded,2,0.024495798999851104,0.02730073699785862,0.027563497998926323,True,2.6428644162024284e-08,
53.8,60.738,60.719,4.5,126.77681382804583,162.82941223619682,2.141579074446567,5.400373007503671,0.0576446276387634,278.21696423850415,0.006660519180760969,0.0005472819282172914,5.4166666667,5.446376395591607,0.02221182706032045,5.451189031518155,0.024806774389836795,True,Solve_Succeeded,2,0.02844042699871352,0.03194950000033714,0.032220107001194265,True,2.8934801221680573e-08,
53.9,60.838,60.821,4.5,126.4778173497593,163.29197337504942,2.1478626431316408,5.401360854386793,0.06573567483892857,278.7677924793445,0.006863656236887593,0.000254199512251585,5.4166666667,5.451189031518155,0.024806774389836795,5.4559330284750684,0.027001216158881024,True,Solve_Succeeded,2,0.024850852001691237,0.029471664005541243,0.030126612000458408,True,4.087063398827695e-08,
54.0,60.938,60.923,4.5,126.17565860494747,163.752604500789,2.1550345109907134,5.402510197323447,0.07455788663625355,279.31873491558235,0.006958491867091952,0.0001634893043220842,5.4166666667,5.4559330284750684,0.027001216158881024,5.460490678385778,0.028995377261729485,True,Solve_Succeeded,2,0.024356997004360892,0.026797973994689528,0.027155779003805947,True,4.206749970592227e-08,
54.1,61.038,61.025,4.5,125.86993148260078,164.21102790965176,2.163065678695387,5.403861875681018,0.08236686358911952,279.86981030943355,0.0070565811086907015,0.00024342126420462407,5.4166666667,5.460490678385778,0.028995377261729485,5.464704653535921,0.031000152668397736,True,Solve_Succeeded,2,0.024155148996214848,0.02753021199896466,0.028162422000605147,True,4.26737125636123e-08,
54.2,61.138,61.127,4.5,125.56027668684655,164.66698553342826,2.171835357520537,5.405396234919907,0.0890632842259352,280.4210392177484,0.007217698401766744,0.00037075042070755515,5.4166666667,5.464704653535921,0.031000152668397736,5.468430969312598,0.033039110212096864,True,Solve_Succeeded,2,0.024292255002364982,0.02746461099741282,0.02783523099787999,True,4.2775419650809e-08,
54.3,61.238,61.229,4.5,125.24638998836656,165.12023952177566,2.1812694512350808,5.407074494835236,0.09538698655595745,280.97243894351897,0.007442997672588492,0.00046945828672395606,5.4166666667,5.468430969312598,0.033039110212096864,5.471555374315092,0.03497003077660277,True,Solve_Succeeded,2,0.023668678993999492,0.027009830002498347,0.027475652997964062,True,4.259951325025213e-08,
54.4,61.338,61.331,4.5,124.9279934205585,165.5705528019208,2.1913526902770997,5.408851036888897,0.10173277495772591,281.5240227817681,0.0077103641276557965,0.0005231218118151304,5.4166666667,5.471555374315092,0.03497003077660277,5.474009179102203,0.03667322467669112,True,Solve_Succeeded,2,0.025156156996672507,0.02859430300304666,0.028850680995674338,True,4.241231899015929e-08,
54.5,61.438,61.433,4.5,124.60482001145641,166.01767755050824,2.202078014347823,5.41068747993293,0.10789798015506988,282.0757993237219,0.00799432805324136,0.0005245526779238396,5.4166666667,5.474009179102203,0.03667322467669112,5.475765580636652,0.03809735655854389,True,Solve_Succeeded,2,0.025643481996667106,0.03039480299776187,0.030746157994144596,True,4.2297420677073205e-08,
54.6,61.538,61.535,4.5,124.27662173074845,166.46136174185324,2.2134026216201788,5.412551874959421,0.1134609132267666,282.6277734307487,0.008256769894404162,0.00043208881753376005,5.4166666667,5.475765580636652,0.03809735655854389,5.476832576994284,0.03924213171313753,True,Solve_Succeeded,2,0.02472147100343136,0.02853404999768827,0.028935972004546784,True,4.220671634413975e-08,
54.7,61.638,61.637,4.5,123.94318706053879,166.9013626421306,2.2252469734552482,5.4144111959655925,0.1181370552249433,283.1799461184116,0.008425904735023328,0.00016887242570540195,5.4166666667,5.476832576994284,0.03924213171313753,5.477247484565365,0.04012563858105047,True,Solve_Succeeded,2,0.024486998001520988,0.028462077003496233,0.028768579999450594,True,4.204526238282824e-08,
54.8,61.738,61.705,4.5,123.71790632095289,167.1925393783941,2.233385514700851,5.415616571545087,0.12120789518632896,283.54816963553395,0.008428995188717744,-0.00014575159092977685,5.4166666667,5.477247484565365,0.04012563858105047,5.477364958151425,0.04097154487952058,True,Solve_Succeeded,2,0.024260762002086267,0.027389401002437808,0.02767549800046254,True,4.194166169924074e-08,
54.9,61.838,61.807,4.5,123.375407290411,167.6259158634334,2.245881675125522,5.417381634597005,0.12417869173000375,284.1006605057712,0.008153489143529577,-0.0008646303044419491,5.4166666667,5.477364958151425,0.04097154487952058,5.476124833692831,0.04134347809417636,True,Solve_Succeeded,1,0.015583658001560252,0.019215106003684923,0.019472375999612268,True,1.760043327081462e-06,
55.0,61.938,61.909,4.5,123.02734791407526,168.05506424436885,2.2586585324580506,5.419039695826701,0.12671840210285118,284.65332045608136,0.0075019130547609916,-0.001413567890241829,5.4166666667,5.476124833692831,0.04134347809417636,5.4745528274330475,0.04148817989115063,True,Solve_Succeeded,1,0.01554497100005392,0.01862857699597953,0.018954516999656335,True,1.4625656898914485e-06,
55.1,62.038,62.011,4.5,122.67367863334145,168.47981215545573,2.2716577074013498,5.420553082572685,0.12825619469096441,285.20613143724796,0.006635321035236759,-0.0016632482627607637,5.4166666667,5.4745528274330475,0.04148817989115063,5.472750445490271,0.041523306628805524,True,Solve_Succeeded,1,0.01613088300655363,0.019553525002265815,0.020098729997698683,True,1.1993817201627621e-06,
55.2,62.138,62.113,4.5,122.31439669534868,168.9000143317374,2.2847652869376422,5.421909486386998,0.12875290101760897,285.7590750489957,0.005686557422253543,-0.0017301812717511744,5.4166666667,5.472750445490271,0.041523306628805524,5.470808814069161,0.041549467390207456,True,Solve_Succeeded,1,0.01666360499802977,0.0210414950051927,0.021501215000171214,True,9.38606921074836e-07,
55.3,62.238,62.215,4.5,121.94953705450477,169.3155821402027,2.297868930210066,5.423772516162346,0.12791780831368865,286.3121555364527,0.0047229720881820526,-0.0017299416336862272,5.4166666667,5.470808814069161,0.041549467390207456,5.468557966102208,0.04182775217347782,True,Solve_Succeeded,1,0.015608207002514973,0.018599018003442325,0.018877179005357902,True,1.220423573727869e-06,
55.4,62.338,62.317,4.5,121.5791524689157,169.72646995768068,2.310936459704729,5.425700586317605,0.12699439896425518,286.8653988710605,0.003768977231806745,-0.001698534348900882,5.4166666667,5.468557966102208,0.04182775217347782,5.466118992898524,0.04202676795719678,True,Solve_Succeeded,1,0.017865404995973222,0.020711228004074655,0.020985361996281426,True,7.062240792166108e-07,
55.5,62.438,62.419,4.5,121.20331217348759,170.13262288439373,2.323987675730336,5.427527246325541,0.1271314637991317,287.4188128191279,0.0028414773811536783,-0.0016196278306108702,5.4166666667,5.466118992898524,0.04202676795719678,5.463413611897774,0.0418989451897142,True,Solve_Succeeded,1,0.017983183002797887,0.021531393998884596,0.021869553995202295,True,4.0664419920233286e-07,
55.6,62.538,62.521,4.5,120.82208071156798,170.53394597612564,2.337089866466086,5.428944762288369,0.12768029692682556,287.9723791420976,0.0019876191833021212,-0.0014288687345436202,5.4166666667,5.463413611897774,0.0418989451897142,5.460654406369888,0.04157262314993042,True,Solve_Succeeded,1,0.016247630999714602,0.019812906000879593,0.02032103300007293,True,2.7984477224407556e-07,
55.7,62.638,62.623,4.5,120.43552643678633,170.93032007224727,2.3502275309658933,5.430002184096018,0.12753109384420855,288.52606090331614,0.0012692247390024298,-0.0011443375262296662,5.4166666667,5.460654406369888,0.04157262314993042,5.458007694670545,0.0412680054698148,True,Solve_Succeeded,1,0.01689113399334019,0.019888562994310632,0.02017132399487309,True,2.462696327421021e-07,
55.8,62.738,62.725,4.5,120.04373874704115,171.32165208835,2.363322019937047,5.430756613958455,0.12663005540755243,289.079826438723,0.00071604221695474,-0.0008474641195137523,5.4166666667,5.458007694670545,0.0412680054698148,5.455637984505739,0.0410229704765753,True,Solve_Succeeded,1,0.015445384000486229,0.018512732996896375,0.018966951996844728,True,2.370575281629428e-07,
55.9,62.838,62.827,4.5,119.64683326321207,171.70788388428605,2.3763176891872755,5.431248096849017,0.125566019696231,289.63364970798875,0.0003154504397279536,-0.0005968733736052556,5.4166666667,5.455637984505739,0.0410229704765753,5.453509413679257,0.04079275032740241,True,Solve_Succeeded,1,0.016833574998599943,0.019825323004624806,0.02016182000079425,True,1.470927767366348e-07,
56.0,62.938,62.929,4.5,119.24493367036641,172.08897336971918,2.3892111144979835,5.4315134887793075,0.12466670536954942,290.18750798178866,3.828875681383332e-05,-0.0003991088984851565,5.4166666667,5.453509413679257,0.04079275032740241,5.451655702646321,0.040566031662668305,True,Solve_Succeeded,1,0.01582299500296358,0.01974681800493272,0.020070680002390873,True,1.0328126975878149e-07,
56.1,63.038,63.031,4.5,118.83815769624333,172.464879736706,2.402017697418574,5.431583377383771,0.12390379236823358,290.7413812577544,-0.00014108066086625197,-0.00024200742379809626,5.4166666667,5.451655702646321,0.040566031662668305,5.450090122219742,0.04037895621460365,True,Solve_Succeeded,1,0.01450559300428722,0.01810813000338385,0.01842026799567975,True,1.2105193292200056e-07,
56.2,63.138,63.133,4.5,118.42661589945995,172.8355613383173,2.414748410443799,5.431485274701425,0.12320626348515597,291.2952520463601,-0.00024266934253196762,-0.00011794305835843844,5.4166666667,5.450090122219742,0.04037895621460365,5.4487980499063084,0.040261917508462475,True,Solve_Succeeded,1,0.015773033002915327,0.01875234600447584,0.01918935299909208,True,1.0206826130954028e-06,
56.3,63.238,63.235,4.5,118.01041370712656,173.20097739806053,2.4274116847572205,5.431242669392207,0.12262541029341854,291.84910537576326,-0.0002837501142699405,-2.1934621175834224e-05,5.4166666667,5.4487980499063084,0.040261917508462475,5.448168612428944,0.04020302566980809,True,Solve_Succeeded,2,0.024191133998101577,0.027200213000469375,0.02754675900359871,True,1.7677579400299237e-08,
56.4,63.338,63.337,4.5,117.58965077265177,173.56108581059988,2.440023525399685,5.430874196013429,0.12225276101741234,292.402928104934,-0.00027700748196378297,5.848945565345431e-05,5.4166666667,5.448168612428944,0.04020302566980809,5.44761022857793,0.04018338635763085,True,Solve_Succeeded,2,0.023420363002514932,0.026618730000336654,0.026859837002120912,True,1.7849095534927528e-08,
56.5,63.438,63.405,4.5,117.30665344837146,173.79818666089662,2.4484150761353374,5.4305786857856635,0.12213583074270981,292.7721210907536,-0.00024819007509276894,0.00011388649937549289,5.4166666667,5.44761022857793,0.04018338635763085,5.446991594605543,0.04017807771799823,True,Solve_Succeeded,2,0.025624264999351,0.02883492699766066,0.029229578998638317,True,1.7929785656178865e-08,
56.6,63.538,63.507,4.5,116.87848482727746,174.1493433161313,2.4609874139680286,5.430085337914994,0.12207059729748036,293.32587235179284,-0.00016504559037667995,0.0002064047120913237,5.4166666667,5.446991594605543,0.04017807771799823,5.446289165736126,0.04009088235583008,True,Solve_Succeeded,2,0.026782588996866252,0.03058640699600801,0.030990052000561263,True,1.8061044215755828e-08,
56.7,63.638,63.609,4.5,116.44597716589257,174.49505711205668,2.4735569770735553,5.429527798548987,0.12208912633846662,293.87957219800853,-2.4332907127441556e-05,0.0003220754653132652,5.4166666667,5.446289165736126,0.04009088235583008,5.44539192050348,0.03980804814429357,True,Solve_Succeeded,2,0.02797351000481285,0.03247072600061074,0.03285510800196789,True,1.8087064290739363e-08,
56.8,63.738,63.711,4.5,116.00920482110855,174.83527078025904,2.486123942622842,5.428913780650033,0.1219376567002912,294.4332150620776,0.00018694477615273944,0.00045724601123797726,5.4166666667,5.44539192050348,0.03980804814429357,5.444191898085468,0.03927201153855359,True,Solve_Succeeded,2,0.02418295800453052,0.027972017000138294,0.028412007995939348,True,1.7424343745631177e-08,
56.9,63.838,63.813,4.5,115.56824702918784,175.16993485225024,2.4986575836489644,5.42825113173417,0.12124271725041347,294.98679628815444,0.000471820491252245,0.0005773100186976521,5.4166666667,5.444191898085468,0.03927201153855359,5.442597039124302,0.038442785821658575,True,Solve_Succeeded,2,0.025047825001820456,0.029617567000968847,0.02990427499753423,True,1.5273327491627242e-08,
57.0,63.938,63.915,4.5,115.12319947828493,175.49902325094283,2.511091517906838,5.427537037322215,0.11973041818722079,295.54031145874325,0.0008038851389248446,0.0006119731159177633,5.4166666667,5.442597039124302,0.038442785821658575,5.4405394074437075,0.03728557253167086,True,Solve_Succeeded,2,0.025343430002976675,0.029115286997694056,0.029641748005815316,True,1.2414389516379742e-08,
57.1,64.038,64.017,4.5,114.67418364498567,175.8225466650529,2.523335885755265,5.426758198459279,0.11723653283044858,296.0937548144633,0.0011109523620869031,0.0004674674410329871,5.4166666667,5.4405394074437075,0.03728557253167086,5.437987516788708,0.0357842886910311,True,Solve_Succeeded,2,0.025342913999338634,0.028804150002542883,0.029119896003976464,True,1.1264339683236813e-08,
57.2,64.138,64.119,4.5,114.2213517177986,176.14056166842477,2.535286213707083,5.425894082719142,0.11365323979257864,296.647117662415,0.0012647961606751196,3.5451818099385683e-05,5.4166666667,5.437987516788708,0.0357842886910311,5.434957978544958,0.03395176692150681,True,Solve_Succeeded,2,0.024629430001368746,0.028409503000148106,0.028713004001474474,True,1.3174663138215692e-08,
57.3,64.238,64.221,4.5,113.76488882880854,176.4531773387636,2.5468286033928704,5.42491866332998,0.10893279514382218,297.20038684718634,0.0010746563143878452,-0.0007943798892897647,5.4166666667,5.434957978544958,0.03395176692150681,5.43152036996224,0.03180354226632028,True,Solve_Succeeded,2,0.024499542996636592,0.028523436005343683,0.029065312999591697,True,1.435836605168106e-08,
57.4,64.338,64.323,4.5,113.3050129318146,176.7605594864565,2.5578469691765426,5.423804133737343,0.10311633824551612,297.7535436322589,0.0004109582113700308,-0.0015453325275633922,5.4166666667,5.43152036996224,0.03180354226632028,5.427779468370079,0.02935839975046945,True,Solve_Succeeded,2,0.024813674004690256,0.027730467001674697,0.027980180995655246,True,1.2506028213010723e-08,
57.5,64.438,64.425,4.5,112.84197269537727,177.0629309082986,2.568230369954015,5.422512527048153,0.096297982897204,298.30656795558536,-0.0005649715431976775,-0.0019467106962509637,5.4166666667,5.427779468370079,0.02935839975046945,5.4238690321798275,0.026650053699892644,True,Solve_Succeeded,2,0.024925125995650887,0.02752624199638376,0.027776438000728376,True,9.596297978475832e-09,
57.6,64.538,64.527,4.5,112.37604329695769,177.3605698161873,2.577873955141822,5.421022093217439,0.0885793675379614,298.8594406321817,-0.001687767488827657,-0.002098508120926823,5.4166666667,5.4238690321798275,0.026650053699892644,5.419943077915519,0.023743180247512527,True,Solve_Succeeded,2,0.025131456000963226,0.02910621900082333,0.02949588099727407,True,7.383912148384297e-09,
57.7,64.638,64.629,4.5,111.90752145085716,177.65380752084295,2.5866819244584405,5.419323107690661,0.08008312738910343,299.41214284981976,-0.0028455636069355836,-0.002093891564775685,5.4166666667,5.419943077915519,0.023743180247512527,5.4161733394728815,0.020732680673463566,True,Solve_Succeeded,2,0.02545698500034632,0.029065433001960628,0.029333143997064326,True,6.132637508926564e-09,
57.8,64.738,64.731,4.5,111.4367196723354,177.9430221266648,2.5945804451256103,5.417396524815722,0.0710528490231337,299.96465561220816,-0.0039729991410497175,-0.0020058167214815903,5.4166666667,5.4161733394728815,0.020732680673463566,5.41275276735759,0.01770978282096719,True,Solve_Succeeded,2,0.02412218999961624,0.02751763499691151,0.0279020930029219,True,5.526330504324051e-09,
57.9,64.838,64.833,4.5,110.96395974293553,178.22863192799048,2.6015024926492263,5.415262777863786,0.06164909907076139,300.51696085719624,-0.005043354824575063,-0.001901786170874331,5.4166666667,5.41275276735759,0.01770978282096719,5.409867469696907,0.014843375721040143,True,Solve_Succeeded,2,0.025864388997433707,0.029680021994863637,0.03031635300430935,True,5.341836306627101e-09,
58.0,64.938,64.935,4.5,110.48956772228242,178.5110824241942,2.6074278957775925,5.41289469570286,0.05222058252172898,301.06903901317514,-0.006055817214280487,-0.0018034015677392825,5.4166666667,5.409867469696907,0.014843375721040143,5.407704168632962,0.012238563358586564,True,Solve_Succeeded,2,0.023936846002470702,0.027152506001584698,0.02778140699956566,True,5.3529927157569546e-09,
58.1,65.038,65.037,4.5,110.01386216144218,178.7908250289109,2.61237693270613,5.410298127196086,0.043260793218112215,301.62086922266013,-0.007011851067746076,-0.0016924591109224174,5.4166666667,5.407704168632962,0.012238563358586564,5.406410299007274,0.00996592171997504,True,Solve_Succeeded,2,0.0252857910018065,0.028555561999382917,0.028845847002230585,True,5.4900040069583156e-09,
58.2,65.138,65.105,4.5,109.69614200324152,178.9760306998538,2.615190428841829,5.408338782652618,0.037167236293428045,301.9886090601309,-0.007607005979691078,-0.001556171531695405,5.4166666667,5.406410299007274,0.00996592171997504,5.405523746289971,0.00746446168490804,True,Solve_Succeeded,1,0.01562608900712803,0.018768528003420215,0.019280172004073393,True,1.5096991159424533e-06,
58.3,65.238,65.207,4.5,109.21889384897439,179.25221079383402,2.618652011098079,5.40541331250768,0.029152244349443964,302.53998256461216,-0.008400253611885596,-0.0012900493810725777,5.4166666667,5.405523746289971,0.00746446168490804,5.405904156214755,0.006425824033149343,True,Solve_Succeeded,2,0.0236074339991319,0.026813263997610193,0.027135477001138497,True,1.390276587343725e-08,
58.4,65.338,65.309,4.5,108.7410639300865,179.5267710042096,2.6213143715810636,5.402404951604003,0.021756502712177238,303.0910572944151,-0.008989916529840387,-0.0008410659213753392,5.4166666667,5.405904156214755,0.006425824033149343,5.407230629636794,0.005759514873886891,True,Solve_Succeeded,2,0.02393374699749984,0.02826292200188618,0.028838262995122932,True,1.2535323516173202e-08,
58.5,65.438,65.411,4.5,108.26287420848,179.8000984958754,2.6232341657827134,5.399517496215283,0.016184875941990525,303.64183930132924,-0.00928058076522939,-0.00016218697071623822,5.4166666667,5.407230629636794,0.005759514873886891,5.409258951488136,0.005621761883804512,True,Solve_Succeeded,2,0.025639979001425672,0.02875860100175487,0.029022333001194056,True,7.025628967483044e-09,
58.6,65.538,65.513,4.5,107.78447386150711,180.07247911996484,2.6247332232575573,5.396801986740307,0.013427444098398016,304.19233820136753,-0.009186133938111754,0.00044478294449756817,5.4166666667,5.409258951488136,0.005621761883804512,5.411840264727883,0.005416717408771109,True,Solve_Succeeded,2,0.027518792005139403,0.0313228680024622,0.03160445600224193,True,7.051933259560883e-09,
58.7,65.638,65.615,4.5,107.30592657739834,180.3440618426987,2.6260618193342298,5.394296768820016,0.012895995190129522,304.74257016059954,-0.00883103688224043,0.000828472005687253,5.4166666667,5.411840264727883,0.005416717408771109,5.414537461063868,0.005063359077065049,True,Solve_Succeeded,1,0.017251796001801267,0.020343433003290556,0.020629160004318692,True,4.441720937720106e-07,
58.8,65.738,65.717,4.5,106.82723276422531,180.614892508217,2.6273866442327605,5.392037394207017,0.013100530432924758,305.2925586631598,-0.008283923181584718,0.001155591196583483,5.4166666667,5.414537461063868,0.005063359077065049,5.417522463381147,0.004652744030255787,True,Solve_Succeeded,1,0.017204529001901392,0.020213843999954406,0.020515381002041977,True,4.389975805096924e-07,
58.9,65.838,65.819,4.5,106.34836786349413,180.8849788622535,2.6287153360774482,5.390038572686716,0.01287055627214293,305.84233006585055,-0.007567994521283445,0.0014337818072842623,5.4166666667,5.417522463381147,0.004652744030255787,5.420931711795532,0.004370511569850185,True,Solve_Succeeded,2,0.024701212998479605,0.03012433699768735,0.030536183003277984,True,8.385789840303914e-09,
59.0,65.938,65.921,4.5,105.8693163931275,181.15434613995558,2.6299887169420404,5.388305573537166,0.012061360217983694,306.39191145201903,-0.006726191718282168,0.0016038546519587804,5.4166666667,5.420931711795532,0.004370511569850185,5.42428079885393,0.004287589743564966,True,Solve_Succeeded,2,0.026644573001249228,0.030265255998529028,0.030683425000461284,True,8.648407323619267e-09,
59.1,66.038,66.023,4.5,105.39007635903756,181.42304533568975,2.6311725507274946,5.386848400693318,0.011225868512865932,306.94133071594166,-0.0058305846720456845,0.001631547565354996,5.4166666667,5.42428079885393,0.004287589743564966,5.4274743799650444,0.0043499624963347205,True,Solve_Succeeded,2,0.02339285999914864,0.02757292500609765,0.02786149699386442,True,8.94022633701752e-09,
59.2,66.138,66.125,4.5,104.91064598637416,181.69112837248687,2.6322957699311877,5.385652834072405,0.010912228155208441,307.49061580361405,-0.004954245140059232,0.0015457536417566864,5.4166666667,5.4274743799650444,0.0043499624963347205,5.430127406871054,0.004451141092278972,True,Solve_Succeeded,1,0.01622564299759688,0.01973530899704201,0.020227369997883216,True,1.54168082744377e-07,
59.3,66.238,66.227,4.5,104.43101190812456,181.95862195731104,2.6334200835200945,5.384694445693729,0.011204070568620097,308.0397922303055,-0.004142678913613451,0.0014081350645063218,5.4166666667,5.430127406871054,0.004451141092278972,5.432580381712529,0.004524864799498647,True,Solve_Succeeded,1,0.01712083600432379,0.02102283799467841,0.021397773998614866,True,6.914450523254345e-08,
59.4,66.338,66.329,4.5,103.9511479581523,182.22552331843121,2.6345928327300996,5.383932159759111,0.01179492771099952,308.5888822079474,-0.0034095155526393315,0.0012659823738569997,5.4166666667,5.432580381712529,0.004524864799498647,5.43480523918209,0.004570979577123559,True,Solve_Succeeded,1,0.01590004099853104,0.019413109999732114,0.020000989999971353,True,4.23989652276191e-08,
59.5,66.438,66.431,4.5,103.47102328638066,182.49181375663417,2.635825493655635,5.3833422016837345,0.012344215788850078,309.13790432794394,-0.00275228795654489,0.0011307196265821773,5.4166666667,5.43480523918209,0.004570979577123559,5.436785958281086,0.004615928879721838,True,Solve_Succeeded,1,0.017231391997484025,0.020129680997342803,0.020675799001764972,True,4.2407012124101584e-08,
59.6,66.538,66.533,4.5,102.9906097388375,182.75747473231513,2.637105591088971,5.382902693294305,0.012727891790902786,309.6868750057359,-0.002170068478840006,0.0009898163500516863,5.4166666667,5.436785958281086,0.004615928879721838,5.43851751321212,0.004671270018412176,True,Solve_Succeeded,1,0.018345763004617766,0.022376187996997032,0.022913303000677843,True,4.5130618353539376e-08,
59.7,66.638,66.635,4.5,102.5098852453448,183.02249372539617,2.638418822614671,5.382590552412335,0.013006555899966521,310.2358083392317,-0.0016702307488094131,0.000828913255294772,5.4166666667,5.43851751321212,0.004671270018412176,5.4400038951632546,0.004728388537229224,True,Solve_Succeeded,1,0.017418825002096128,0.021330493000277784,0.02163373499934096,True,4.148954335647659e-08,
59.8,66.738,66.737,4.5,102.02883256759299,183.28686191830596,2.639759173747472,5.382382920781183,0.013263674535878534,310.784716032197,-0.0012658075661049597,0.0006419658005141217,5.4166666667,5.4400038951632546,0.004728388537229224,5.441256850816958,0.0047751220012170114,True,Solve_Succeeded,1,0.015996447000361513,0.019785299002251122,0.02008115599892335,True,3.5875900472603917e-08,
59.9,66.838,66.805,4.5,101.70794120488794,183.4627416762856,2.6406673707293837,5.382300436792216,0.013459599933148532,311.1506450513353,-0.0010543910830326918,0.0005186050138430431,5.4166666667,5.441256850816958,0.0047751220012170114,5.442274113836352,0.004824008482538993,True,Solve_Succeeded,1,0.01610346899542492,0.02009655199799454,0.02054045099794166,True,4.5619859889711734e-08,
60.0,66.938,66.907,4.5,101.22631025697551,183.72600588715497,2.6420503657467695,5.382221166906017,0.013687471247411665,311.6995301401569,-0.0008138414212045687,0.0003660049481024607,5.4166666667,5.442274113836352,0.004824008482538993,5.443111515579955,0.004836627069395931,True,Solve_Succeeded,1,0.015653153001039755,0.01893963699694723,0.01916806900408119,True,2.7724269102691323e-08,
60.1,67.038,67.009,4.5,100.74431727092289,183.98859581408925,2.643455751864514,5.382194248762962,0.01389913722020201,312.2484103803637,-0.0006469808458416495,0.00024987480869498313,5.4166666667,5.443111515579955,0.004836627069395931,5.443785231746021,0.004831367609256162,True,Solve_Succeeded,1,0.01736045299912803,0.020495115997618996,0.02104279200284509,True,3.076770571652787e-08,
60.2,67.138,67.111,4.5,100.2619536617912,184.2505028639533,2.6448798016620065,5.382204578712576,0.014030427971527728,312.79729016737724,-0.0005344205200292917,0.0001664791093052287,5.4166666667,5.443785231746021,0.004831367609256162,5.44431444482021,0.004817022639633874,True,Solve_Succeeded,1,0.01641192100214539,0.019813307997537777,0.020377706998260692,True,3.2982939934811384e-08,
60.3,67.238,67.213,4.5,99.77921399944604,184.5117213232938,2.6463128574361927,5.382239882994926,0.014074023401221524,313.3461725768801,-0.0004608283632688328,0.00010615567888327959,5.4166666667,5.44431444482021,0.004817022639633874,5.444720108717419,0.004799978571387396,True,Solve_Succeeded,1,0.016462150997540448,0.019452703003480565,0.01985484000033466,True,3.6241517342716634e-08,
60.4,67.338,67.315,4.5,99.2960962773913,184.77224924155857,2.647747271109399,5.382289161313354,0.014061947408516105,313.89505951448996,-0.0004158236158758342,6.125501328035908e-05,5.4166666667,5.444720108717419,0.004799978571387396,5.445022735039025,0.004780341750079561,True,Solve_Succeeded,1,0.015840805994230323,0.019618161997641437,0.019992994995845947,True,3.773991430477963e-08,
60.5,67.438,67.417,4.5,98.81260088662619,185.03208698790502,2.6491790509160484,5.382343648039573,0.01402730400628361,314.4439518996178,-0.000392210913607391,2.7786337749802215e-05,5.4166666667,5.445022735039025,0.004780341750079561,5.445242078560407,0.004757264397868587,True,Solve_Succeeded,1,0.01537649700185284,0.019480499999190215,0.01981652600079542,True,3.854821173376877e-08,
60.6,67.538,67.519,4.5,98.32872960087117,185.29123575713498,2.650606757577949,5.382395992068912,0.013984213270809088,314.99284983169656,-0.0003841768851739479,4.313232466746086e-06,5.4166666667,5.445242078560407,0.004757264397868587,5.445396899811207,0.004730947706568918,True,Solve_Succeeded,1,0.01553633499861462,0.018920517999504227,0.019361638005648274,True,5.2654940851937226e-08,
60.7,67.638,67.621,4.5,97.8444849963836,185.549696931401,2.6520296079962073,5.3824410026635565,0.013933132453627815,315.54175279146205,-0.00038644811971004495,-9.943291257474842e-06,5.4166666667,5.445396899811207,0.004730947706568918,5.4455043151887566,0.004701931014885898,True,Solve_Succeeded,1,0.015548821997072082,0.01803299099992728,0.01851957199687604,True,1.0271928907457095e-07,
60.8,67.738,67.723,4.5,97.35987026228578,185.8074720891562,2.653446699721873,5.382474873252853,0.013872460625503786,316.0906598083452,-0.00039420586602981244,-1.5880817731961372e-05,5.4166666667,5.4455043151887566,0.004701931014885898,5.445579580604795,0.004669460646133517,True,Solve_Succeeded,1,0.015343141996709164,0.018946604999655392,0.01919971700408496,True,1.6784146872339534e-07,
60.9,67.838,67.825,4.5,96.87488912030845,186.06456315079626,2.6548569654278005,5.382495037366995,0.013801503686487132,316.63956959588285,-0.00040317428680111564,-1.4561445169647413e-05,5.4166666667,5.445579580604795,0.004669460646133517,5.445635972554818,0.0046311158792121795,True,Solve_Succeeded,1,0.01736900399555452,0.021533840998017695,0.021898792001593392,True,2.3750377309283977e-07,
61.0,67.938,67.927,4.5,96.38954573258924,186.3209724814413,2.656259296100873,5.382500174205944,0.013718958596369079,317.188480677051,-0.0004096664679526903,-7.088937389987393e-06,5.4166666667,5.445635972554818,0.0046311158792121795,5.445684754471526,0.004582509002172024,True,Solve_Succeeded,1,0.017343199004244525,0.020210561000567395,0.020631670995499007,True,3.003870867601677e-07,
61.1,68.038,68.029,4.5,95.90384463741505,186.5767030355835,2.6576521854307202,5.382489985416259,0.013618652611959745,317.73739150406885,-0.00041068160518302444,5.035354005755721e-06,5.4166666667,5.445684754471526,0.004582509002172024,5.445735164991007,0.004518356841957167,True,Solve_Succeeded,1,0.01605161600309657,0.020206579996738583,0.020499922000453807,True,3.487560942261325e-07,
61.2,68.138,68.131,4.5,95.41779085185067,186.8317587384145,2.659033097477888,5.382464927571653,0.013487546807961865,318.28630053953293,-0.00040429032210314404,1.9279961033902282e-05,5.4166666667,5.445735164991007,0.004518356841957167,5.445794478629265,0.004433547512264111,True,Solve_Succeeded,1,0.01603504899685504,0.020879285999399144,0.021184932003961876,True,3.799317838115712e-07,
61.3,68.238,68.233,4.5,94.93139014588208,187.08614518228353,2.6603978691442207,5.382426055025007,0.013308101924699793,318.83520632840845,-0.0003903794025757582,3.148560776322639e-05,5.4166666667,5.445794478629265,0.004433547512264111,5.4458681095376225,0.004323849455073986,True,Solve_Succeeded,1,0.0158847579950816,0.019183921998774167,0.019570427997678053,True,3.953038083537308e-07,
61.4,68.338,68.335,4.5,94.44464944452761,187.3398705246636,2.6617404623694494,5.382374872721975,0.013062114933121382,319.3841075437721,-0.0003716349461678136,3.561731957013592e-05,5.4166666667,5.4458681095376225,0.004323849455073986,5.445959757011162,0.0041866617791963085,True,Solve_Succeeded,1,0.01501933200052008,0.018773951996990945,0.01936242800002219,True,3.9845637367363906e-07,
61.5,68.438,68.437,4.5,93.95757723589573,187.59294641531767,2.6630530881026013,5.382313251456193,0.01273395261187163,319.9330030333066,-0.0003545545640390079,2.3888312349562568e-05,5.4166666667,5.445959757011162,0.0041866617791963085,5.446071592855495,0.004021763113601422,True,Solve_Succeeded,1,0.015823583999008406,0.018568511004559696,0.01882239400583785,True,3.9347652425192337e-07,
61.6,68.538,68.505,4.5,93.63268325989122,187.76131042759692,2.663906768030251,5.382268148009237,0.012394221064603944,320.29892969167764,-0.0003492727984641804,2.5029323422742777e-06,5.4166666667,5.446071592855495,0.004021763113601422,5.446196792751984,0.0038065402823600283,True,Solve_Succeeded,1,0.016619349000393413,0.020353914005681872,0.020891950000077486,True,3.738659781760134e-07,
61.7,68.638,68.607,4.5,93.14508274878345,188.0133415849233,2.665148683438218,5.3821935396138105,0.011899524364098555,320.8478135561638,-0.00036232258144195295,-5.6408685300102235e-05,5.4166666667,5.446196792751984,0.0038065402823600283,5.44634413030228,0.0035924073307240646,True,Solve_Succeeded,1,0.017975340997509193,0.022242450999328867,0.02280870399408741,True,3.7365268212852243e-07,
61.8,68.738,68.709,4.5,92.65718337290488,188.26477644025823,2.6663341443212127,5.382113419929727,0.011268707858085156,321.3966894938953,-0.0004111095969890323,-0.00011778874348866708,5.4166666667,5.44634413030228,0.0035924073307240646,5.44651420584956,0.003367918564711788,True,Solve_Succeeded,1,0.015433771004609298,0.019756359994062223,0.020007738006825093,True,3.6533170888475297e-07,
61.9,68.838,68.811,4.5,92.1690022453606,188.51564547171702,2.6674501949924534,5.382029320911781,0.010571854482323229,321.945557002966,-0.0004872354994885391,-0.00015755219355240158,5.4166666667,5.44651420584956,0.003367918564711788,5.446705471460593,0.0031332434206016516,True,Solve_Succeeded,1,0.017943108003237285,0.02232386999821756,0.022675337000691798,True,3.5588379088125066e-07,
62.0,68.938,68.913,4.5,91.68055828432986,188.76598329333444,2.6684928716594136,5.381942904683994,0.009846548688741512,322.4944157504007,-0.0005801456507428739,-0.00017963883095717392,5.4166666667,5.446705471460593,0.0031332434206016516,5.446916954928611,0.00288541222957299,True,Solve_Succeeded,1,0.016526767001778353,0.020554891998472158,0.020865618003881536,True,3.4268291937422646e-07,
62.1,69.038,69.015,4.5,91.19187082954426,189.01582601234423,2.6694597868069643,5.381855893029981,0.009098349439678955,323.043265596174,-0.0006807959710429754,-0.00018641889343840035,5.4166666667,5.446916954928611,0.00288541222957299,5.447147800154615,0.002624377182905961,True,Solve_Succeeded,1,0.015865135996136814,0.021535396997933276,0.021978826000122353,True,3.272176147817163e-07,
62.2,69.138,69.117,4.5,90.7029595996355,189.2652111132983,2.670347998955616,5.381769836828823,0.00831563945353324,323.5921065759552,-0.0007815349523923251,-0.00018082269397590167,5.4166666667,5.447147800154615,0.002624377182905961,5.447396316746621,0.0023518768230962996,True,Solve_Succeeded,1,0.017338102996291127,0.020954993000486866,0.021363216001191176,True,2.6358162052986245e-07,
62.3,69.238,69.219,4.5,90.21384495149283,189.5141779255511,2.6711534796889733,5.381686109602066,0.00749028930164585,324.1409388815809,-0.0008766420003823123,-0.00016687303385687358,5.4166666667,5.447396316746621,0.0023518768230962996,5.447654994319815,0.0020518164014953206,True,Solve_Succeeded,1,0.015337191995058674,0.019193234998965636,0.019697502000781242,True,1.1600299654190849e-07,
62.4,69.338,69.321,4.5,89.72454809636832,189.7627680021431,2.6718717745756897,5.381605934535904,0.0066219401189718,324.689762839736,-0.0009627666628364698,-0.00014902377381043053,5.4166666667,5.447654994319815,0.0020518164014953206,5.448289524595754,0.001707949897040502,True,Solve_Succeeded,2,0.023464073994546197,0.027479935000883415,0.027860869995492976,True,1.09088986732786e-08,
62.5,69.438,69.423,4.5,89.23509124866503,190.01102534649695,2.672496900173616,5.381530153249611,0.005675111739914343,325.2385788829774,-0.001039201190309424,-0.00013326237196364943,5.4166666667,5.448289524595754,0.001707949897040502,5.448815748293855,0.0013213293823029397,True,Solve_Succeeded,2,0.02431540399993537,0.02789067500270903,0.028159376997791696,True,1.1694177182164367e-08,
62.6,69.538,69.525,4.5,88.7454978790721,190.25899849894546,2.6730175729216454,5.381477723501858,0.00458788611867603,325.7873882696432,-0.0011098592272967812,-0.00013088124399596168,5.4166666667,5.448815748293855,0.0013213293823029397,5.449222339735278,0.0009272297192859963,True,Solve_Succeeded,2,0.02522996100015007,0.029091249998600688,0.029451157999574207,True,1.4362002254131312e-08,
62.7,69.638,69.627,4.5,88.2557937115539,190.50674361738908,2.6734172334377826,5.381447334511761,0.0033233405921660013,326.3361935869679,-0.0011864788233620753,-0.0001584528854996492,5.4166666667,5.449222339735278,0.0009272297192859963,5.449503658052047,0.0005871426019883444,True,Solve_Succeeded,2,0.02666519500053255,0.03028633200301556,0.030723579999175854,True,1.955593642577469e-08,
62.8,69.738,69.729,4.5,87.76600933029272,190.7543249019057,2.6736800825288913,5.381430215938667,0.0019289132242057703,326.8849966195533,-0.0012901801407247137,-0.0002317914227649709,5.4166666667,5.449503658052047,0.0005871426019883444,5.449670229346516,0.0003788815949433816,True,Solve_Succeeded,2,0.026005027000792325,0.029595763997349422,0.029991895004059188,True,2.7201095598172742e-08,
62.9,69.838,69.831,4.5,87.27617888128944,191.00181188681557,2.6738002266462466,5.38141812933701,0.0005304058828814296,327.43379830118414,-0.0014484618309749627,-0.000356807633424161,5.4166666667,5.449670229346516,0.0003788815949433816,5.449756364188896,0.00039350482528020364,True,Solve_Succeeded,2,0.024593272995844018,0.02850902000500355,0.02902116600307636,True,3.525746716803724e-08,
63.0,69.938,69.933,4.5,86.78633564439107,191.24927025835345,2.6738123369074245,5.381398675265336,3.668480439265567e-05,327.98259855982553,-0.0016850082781174184,-0.0004988504633463009,5.4166666667,5.449756364188896,0.00039350482528020364,5.44984558457198,0.0004904898323816393,True,Solve_Succeeded,2,0.02743399299652083,0.031535582995275036,0.031922622001729906,True,3.7974508870775026e-08,
63.1,70.038,70.035,4.5,86.29649407532814,191.49672621518312,2.6738137841398797,5.381368599096399,1.6363037969279426e-05,328.5313963385747,-0.0019797822771177526,-0.000560572717290153,5.4166666667,5.44984558457198,0.0004904898323816393,5.450016992989426,0.0009128661977382207,True,Solve_Succeeded,2,0.027468877997307573,0.03123331000097096,0.03153644099802477,True,3.671928094917121e-08,
63.2,70.138,70.137,4.5,85.80665492001599,191.74417932395596,2.673820354618987,5.381331772155802,0.0001458071077578012,329.0801908491636,-0.0022828084096082136,-0.0005262159049039816,5.4166666667,5.450016992989426,0.0009128661977382207,5.45037869070046,0.0018211079470221866,True,Solve_Succeeded,2,0.025316639999800827,0.0285669780059834,0.028854607997345738,True,3.023366446086584e-08,
63.3,70.238,70.205,4.5,85.48009459119947,191.90914172992774,2.6738575873175296,5.381309111881665,0.0010851346663056725,329.44605193315425,-0.0024595164961594396,-0.0004199434277492031,5.4166666667,5.45037869070046,0.0018211079470221866,5.451041844285687,0.003134934432603902,True,Solve_Succeeded,2,0.025597173000278417,0.029126273999281693,0.029433913994580507,True,2.2775661356888577e-08,
63.4,70.338,70.307,4.5,84.99022890383849,192.1565287121661,2.6740914791660537,5.381273141218391,0.004031422378464551,329.99484077350616,-0.002596836967709181,-6.74410014012139e-06,5.4166666667,5.451041844285687,0.003134934432603902,5.452107347906441,0.004523509747321032,True,Solve_Succeeded,2,0.025281432004703674,0.029733117000432685,0.030155488995660562,True,1.794523196707587e-08,
63.5,70.438,70.409,4.5,84.50026694006377,192.4037176205699,2.674684524394307,5.381249886559918,0.008123133502608612,330.5436265048133,-0.0023906146826424743,0.0008562945336501038,5.4166666667,5.452107347906441,0.004523509747321032,5.4536751145058115,0.006218755193154254,True,Solve_Succeeded,2,0.02513571400049841,0.028590522000740748,0.028840156002843287,True,1.6871937624785005e-08,
63.6,70.538,70.511,4.5,84.0101046274472,192.65050793977275,2.6757281774515427,5.381268573663126,0.012717249542837141,331.09241040078655,-0.001658751446590844,0.00175878309629951,5.4166666667,5.4536751145058115,0.006218755193154254,5.455802244937178,0.008259280660530341,True,Solve_Succeeded,2,0.026775634003570303,0.030772301004617475,0.03120487299747765,True,2.3335747556529896e-08,
63.7,70.638,70.613,4.5,83.51962081735235,192.89666968245638,2.677272452307456,5.381351542680466,0.017945114074979278,331.6411977970102,-0.0005388035348678849,0.0022855544147510898,5.4166666667,5.455802244937178,0.008259280660530341,5.458507946855457,0.010597546418743527,True,Solve_Succeeded,2,0.024927169994043652,0.028616218005481642,0.029163751998567022,True,2.5515457302560662e-08,
63.8,70.738,70.715,4.5,83.02867718608141,193.14194163045408,2.6793989065468673,5.3815251068343475,0.02409994519241266,332.1899989258733,0.0007837502876394213,0.0025178770779388238,5.4166666667,5.458507946855457,0.010597546418743527,5.461758497301872,0.013132027366206821,True,Solve_Succeeded,2,0.02396332899661502,0.02727131199935684,0.02753567600302631,True,2.8023913856145555e-08,
63.9,70.838,70.817,4.5,82.5371112538546,193.38601651667267,2.682209557617945,5.381816543903087,0.031237868710570296,332.7388272088695,0.0021750688080432947,0.002557016484177055,5.4166666667,5.461758497301872,0.013132027366206821,5.465471447329369,0.015752085262427624,True,Solve_Succeeded,2,0.025902091998432297,0.028894312999909744,0.029162154998630285,True,4.10304803466488e-08,
64.0,70.938,70.919,4.5,82.04473598407873,193.62853797728076,2.6857963207897497,5.382253903432598,0.039130514510438155,333.28769885491226,0.0035555440072531815,0.0024937193337239987,5.4166666667,5.465471447329369,0.015752085262427624,5.469552670814378,0.018369168872657334,True,Solve_Succeeded,2,0.023438420001184568,0.027038936997996643,0.02725540500250645,True,4.308216716708557e-08,
64.1,71.038,71.021,4.5,81.55134707096441,193.86911089096645,2.6902185284536766,5.3828579872373075,0.04741539404556362,333.8366321728027,0.004887012142608925,0.0023858180870299783,5.4166666667,5.469552670814378,0.018369168872657334,5.4738653207595345,0.02091663314079043,True,Solve_Succeeded,2,0.025395356999069918,0.028685689998383168,0.029269828002725262,True,4.419827082102756e-08,
64.2,71.138,71.123,4.5,81.0567332037621,194.10731869189934,2.6954978241779988,5.38365055779447,0.05575345838408407,334.3856475333344,0.006152452993474371,0.0022532426326526966,5.4166666667,5.4738653207595345,0.02091663314079043,5.478241221016208,0.023332672016575632,True,Solve_Succeeded,2,0.02682874499441823,0.029987872003403027,0.03057159300078638,True,4.4217218331255026e-08,
64.3,71.238,71.225,4.5,80.56068654391191,194.34273953717252,2.701624654475563,5.384639650019823,0.06388699175332674,334.93476644197784,0.007336715753007215,0.002084674429488676,5.4166666667,5.478241221016208,0.023332672016575632,5.482480978212804,0.02555387907735715,True,Solve_Succeeded,2,0.02648188199964352,0.03188120500271907,0.03217857399431523,True,4.915552764828135e-08,
64.4,71.338,71.327,4.5,80.06301076403753,194.574958896389,2.7085657817034394,5.385827868403647,0.07161074354348786,335.48401077690517,0.00841166492460679,0.0018452626006548734,5.4166666667,5.482480978212804,0.02555387907735715,5.486412956818792,0.027522196184038814,True,Solve_Succeeded,2,0.025721363999764435,0.0294754450005712,0.02994103400124004,True,4.724244995202298e-08,
64.5,71.438,71.429,4.5,79.56352769651345,194.80357963632042,2.716267387755939,5.387206363239085,0.07872979523172297,336.03340157099865,0.009324357853066987,0.0014799799164557648,5.4166666667,5.486412956818792,0.027522196184038814,5.489871701677596,0.029203248568473623,True,Solve_Succeeded,2,0.024997951004479546,0.029245495003124233,0.029778902004181873,True,4.544391085659072e-08,
64.6,71.538,71.531,4.5,79.06208381780158,195.02823197715006,2.724653774727267,5.388752015683618,0.08504019643722224,336.58295708992523,0.009985631238652561,0.0009126343227254807,5.4166666667,5.489871701677596,0.029203248568473623,5.492698722310366,0.030604740734546755,True,Solve_Succeeded,2,0.024159725006029475,0.02735526299511548,0.027827439000247978,True,5.2983145870655335e-08,
64.7,71.638,71.633,4.5,78.55855453386832,195.2485819709871,2.733638504403711,5.390436643709494,0.09046231208320347,337.1326913370327,0.010261206984829309,5.736399898736977e-05,5.4166666667,5.492698722310366,0.030604740734546755,5.4948574887856925,0.031733165907101325,True,Solve_Succeeded,2,0.023150878994783852,0.026229072995192837,0.02708789500320563,True,5.2644576697957746e-08,
64.8,71.738,71.735,4.5,78.05284694215254,195.46433686147924,2.743124919284639,5.3922165013127685,0.09494390755931915,337.68260867494126,0.010016347401669356,-0.0008671759990446226,5.4166666667,5.4948574887856925,0.031733165907101325,5.496331311161813,0.03263575053775173,True,Solve_Succeeded,2,0.024013297996134497,0.027243019998422824,0.02772589700180106,True,5.324489027458412e-08,
64.9,71.838,71.837,4.5,77.54490047410576,195.675247593509,2.753018106796228,5.39404556110113,0.09852632914803866,338.23270580479624,0.00936205613903372,-0.0014426032013910017,5.4166666667,5.496331311161813,0.03263575053775173,5.497153422773259,0.0333511752018154,True,Solve_Succeeded,2,0.025650985997344833,0.029988322996359784,0.030338309006765485,True,5.4444675434695e-08,
65.0,71.938,71.905,4.5,77.20500967665743,195.81306030003873,2.7597977668104687,5.395265312847701,0.10086834920868855,338.5995367580431,0.008784030468398474,-0.0016706994824571275,5.4166666667,5.497153422773259,0.0333511752018154,5.497660299651363,0.0340517048406566,True,Solve_Succeeded,2,0.02474294200510485,0.02851278399612056,0.0289934969987371,True,5.4659456516503724e-08,
65.1,72.038,72.007,4.5,76.69327621728009,196.01545496345787,2.7701874963982833,5.397072858449958,0.1031689200484646,339.1499302029509,0.007805879099024112,-0.00183669029293565,5.4166666667,5.497660299651363,0.0340517048406566,5.497569788064962,0.03442247711577801,True,Solve_Succeeded,2,0.02643246200022986,0.02983809699799167,0.03011657900060527,True,5.6536721082522945e-08,
65.2,72.138,72.109,4.5,76.17927616600637,196.212528890482,2.780799355171637,5.398815824682088,0.10523038731029392,339.70049461954824,0.006783347230425572,-0.001834643529121216,5.4166666667,5.497569788064962,0.03442247711577801,5.497004842617528,0.03465931739835929,True,Solve_Succeeded,2,0.026219328996376134,0.029642629000591114,0.029933395999250934,True,5.793371826712246e-08,
65.3,72.238,72.211,4.5,75.663031738455,196.40414577760427,2.791599121804136,5.400476566708986,0.10664626314492677,340.25122245286866,0.005801882340020334,-0.0017000428821369873,5.4166666667,5.497004842617528,0.03465931739835929,5.496078606455569,0.034844056321378346,True,Solve_Succeeded,2,0.025068827999348287,0.02859379100118531,0.02898846800235333,True,5.8934175761748975e-08,
65.4,72.338,72.313,4.5,75.14458199942617,196.59019878297696,2.8025139980075373,5.402025686006261,0.10746695866493862,340.8021046873842,0.004913670732283696,-0.0015068660761121677,5.4166666667,5.496078606455569,0.034844056321378346,5.494889739507047,0.03502548738223526,True,Solve_Succeeded,2,0.02363291299843695,0.02720524799951818,0.027567705998080783,True,5.959702775726328e-08,
65.5,72.438,72.415,4.5,74.62398314768888,196.77061252360448,2.8134962412714923,5.40343544474812,0.10798954232235114,341.3531295008239,0.00413589388026463,-0.001303921995214452,5.4166666667,5.494889739507047,0.03502548738223526,5.493558680828173,0.035201900653127394,True,Solve_Succeeded,2,0.023415073999785818,0.02700854300201172,0.027503018995048478,True,4.940444586765125e-08,
65.6,72.538,72.517,4.5,74.10130112720171,196.94532800305288,2.8245283239891523,5.404688058380125,0.10845878513947979,341.90428276067576,0.0034676311394734962,-0.0011096967612194142,5.4166666667,5.493558680828173,0.035201900653127394,5.492131384772848,0.035361489739487495,True,Solve_Succeeded,2,0.043910340005822945,0.04747769000096014,0.04807310300384415,True,4.945580034387831e-08,
65.7,72.638,72.619,4.5,73.5766056389784,197.1142904589845,2.8356099259750076,5.4057786641712875,0.1089523033136582,342.45554912760247,0.0029034640332094366,-0.0009253785620684242,5.4166666667,5.492131384772848,0.035361489739487495,5.490684161917152,0.03550296576324168,True,Solve_Succeeded,2,0.025401669001439586,0.02964606099703815,0.030032246999326162,True,4.9410825653239954e-08,
65.8,72.738,72.721,4.5,73.04996753857876,197.27744519120643,2.8467425257404853,5.406708772361296,0.10944272926877825,343.00691310254297,0.002438357285474768,-0.0007502831443590985,5.4166666667,5.490684161917152,0.03550296576324168,5.488467263712396,0.03564992290598969,True,Solve_Succeeded,1,0.01599301899841521,0.019042535001062788,0.019305355999676976,True,2.876773289806067e-06,
65.9,72.838,72.823,4.5,72.52145860567879,197.43473881816496,2.857923762659559,5.407485592528708,0.10989574372102681,343.55835962545797,0.002066589779466777,-0.0005875000022781407,5.4166666667,5.488467263712396,0.03564992290598969,5.486520875555356,0.03579263224977834,True,Solve_Succeeded,1,0.019133204004901927,0.022741969994967803,0.023311466997256503,True,2.6703723055021555e-06,
66.0,72.938,72.925,4.5,71.99115315545829,197.58612039693026,2.8691510489021232,5.408078162590188,0.11034381557310484,344.1098727899588,0.0017802706628779934,-0.0004404772470913976,5.4166666667,5.486520875555356,0.03579263224977834,5.484860091962663,0.03593934834829104,True,Solve_Succeeded,1,0.015750582002510782,0.020062679002876393,0.02030625200131908,True,2.508128202016735e-06,
66.1,73.038,73.027,4.5,71.45912867236714,197.73153999132552,2.8804242021996282,5.408499487255896,0.11078707339715915,344.6614347440961,0.0015699004425198657,-0.0003128045848717065,5.4166666667,5.484860091962663,0.03593934834829104,5.483493100996394,0.03610061229632847,True,Solve_Succeeded,1,0.015884709006058984,0.01998714199726237,0.020610115992894862,True,2.3868877754296136e-06,
66.2,73.138,73.129,4.5,70.92546136905872,197.8709496789312,2.8917429763444167,5.40877653536958,0.1112350022724922,345.2130301718763,0.001423807846143048,-0.00020762810169028256,5.4166666667,5.483493100996394,0.03610061229632847,5.482489072206504,0.036279995522732936,True,Solve_Succeeded,1,0.01596721999521833,0.02016480099700857,0.02045849400019506,True,2.3329320297804657e-06,
66.3,73.238,73.231,4.5,70.39022585412413,198.00430275660773,2.9031098898138525,5.4089357194397545,0.1117219042532864,345.76464637701633,0.0013294430022393491,-0.00012485148950514,5.4166666667,5.482489072206504,0.036279995522732936,5.481750829262253,0.03647623590482223,True,Solve_Succeeded,1,0.015911390000837855,0.01913833399885334,0.019377137999981642,True,2.2946777562538045e-06,
66.4,73.338,73.333,4.5,69.85349478425057,198.13155202554512,2.914529961196642,5.4090046243962835,0.11226556167253005,346.31627322859015,0.001275090878620524,-6.186334258284631e-05,5.4166666667,5.481750829262253,0.03647623590482223,5.481261572425765,0.03668712030834491,True,Solve_Succeeded,1,0.016003703996830154,0.01948402000562055,0.019838471002003644,True,2.2849574703442954e-06,
66.5,73.438,73.435,4.5,69.31533872382663,198.25264873173018,2.9260092381882985,5.409006292105712,0.11286823629104989,346.86790316039935,0.0012508476062453758,-1.5005576411208919e-05,5.4166666667,5.481261572425765,0.03668712030834491,5.4809988086355075,0.03691098164826308,True,Solve_Succeeded,1,0.016069272001914214,0.01947757800371619,0.019766019999224227,True,2.29925384243046e-06,
66.6,73.538,73.537,4.5,68.77582674194089,198.36754218704357,2.9375534134872114,5.408960610632743,0.11352272034101787,347.4195306573213,0.0012487832962410938,1.9055968475623075e-05,5.4166666667,5.4809988086355075,0.03691098164826308,5.480936459255792,0.037147238157030076,True,Solve_Succeeded,1,0.015938288997858763,0.019130401000438724,0.01942955399863422,True,2.333233481977004e-06,
66.7,73.638,73.605,4.5,68.41543244785264,198.4406659430067,2.945288425918631,5.408908579860495,0.11409268790422447,347.787279081574,0.0012563697743045964,3.634830085408325e-05,5.4166666667,5.480936459255792,0.037147238157030076,5.481042064359567,0.0374340531920598,True,Solve_Succeeded,1,0.014182384999003261,0.018057254994346295,0.01859171500109369,True,2.3482727078416588e-06,
66.8,73.738,73.707,4.5,67.87381138928724,198.54510347003193,2.9569515466135,5.408822469097003,0.11482061145693834,348.33889512984615,0.0012778815721572658,5.4733081141566935e-05,5.4166666667,5.481042064359567,0.0374340531920598,5.4812876958898435,0.03768945229830929,True,Solve_Succeeded,1,0.017286410002270713,0.021273407997796312,0.02183581500139553,True,2.4622179886080175e-06,
66.9,73.838,73.809,4.5,67.33101462965075,198.64319454667498,2.9686940801122614,5.408727077958945,0.11566194850042251,348.89050221469273,0.001307694943115836,6.876413204581766e-05,5.4166666667,5.4812876958898435,0.03768945229830929,5.481649340912246,0.037942168175486665,True,Solve_Succeeded,1,0.016539096002816223,0.019899304999853484,0.020232716997270472,True,2.5271558206085842e-06,
67.0,73.938,73.911,4.5,66.7871090235594,198.73487961833018,2.9805247494524783,5.408636215044067,0.11650078715397888,349.4421001401483,0.0013459475212587073,8.499813082929464e-05,5.4166666667,5.481649340912246,0.037942168175486665,5.482099680476111,0.038209337948278604,True,Solve_Succeeded,1,0.017010230003506877,0.020790941001905594,0.02128337899921462,True,2.5996685311113765e-06,
67.1,74.038,74.013,4.5,66.24216182289703,198.82009909296843,2.992440168359177,5.408558453396219,0.11730678821670064,349.9936899859394,0.0013924627645260318,9.794924370210012e-05,5.4166666667,5.482099680476111,0.038209337948278604,5.482597085801606,0.03853060528710206,True,Solve_Succeeded,1,0.01586309800040908,0.01964052700350294,0.019956994001404382,True,2.6414928839813e-06,
67.2,74.138,74.115,4.5,65.69624172096731,198.89879581880703,3.00443880494564,5.408498206227064,0.11812553497921943,350.5452734512352,0.0014441691987844992,0.00010407233351772403,5.4166666667,5.482597085801606,0.03853060528710206,5.483012654182659,0.038931882037256935,True,Solve_Succeeded,1,0.016522833000635728,0.019620412997028325,0.019940667996706907,True,2.625565856284595e-06,
67.3,74.238,74.217,4.5,65.14941883984976,198.97091229466733,3.016527192662038,5.408455123135598,0.11906746325353239,351.09685240160076,0.0014979298039371157,0.00010798990893201577,5.4166666667,5.483012654182659,0.038931882037256935,5.484163782104778,0.0393848087460335,True,Solve_Succeeded,2,0.02612616900296416,0.02984833699883893,0.03020680799818365,True,4.8490431225900466e-08,
67.4,74.338,74.319,4.5,64.60176464081873,199.03638470381486,3.0287239503685277,5.408422121899861,0.12024101558914939,351.6484283355631,0.0015565669591953173,0.00012653078875279888,5.4166666667,5.484163782104778,0.0393848087460335,5.484977174930368,0.03985041093630489,True,Solve_Succeeded,2,0.025040150998393074,0.028472886006056797,0.028746687996317632,True,4.956046240067735e-08,
67.5,74.438,74.421,4.5,64.05335052814995,199.09513750280672,3.0410531491674027,5.408432866945452,0.1216281514069974,352.2000036477282,0.0016345087612941722,0.0001820762948776533,5.4166666667,5.484977174930368,0.03985041093630489,5.485366125065669,0.040241230848359684,True,Solve_Succeeded,2,0.02565849200618686,0.028640828997595236,0.028893960996356327,True,5.235571887141077e-08,
67.6,74.538,74.523,4.5,63.504246766350185,199.14708445655782,3.05353115055616,5.408482877085644,0.1231142048289024,352.75158357089856,0.001756910449456002,0.0002893614792478516,5.4166666667,5.485366125065669,0.040241230848359684,5.485222122196411,0.04045095970513026,True,Solve_Succeeded,2,0.024112466002407018,0.02931873300258303,0.029890646997955628,True,5.825270310566566e-08,
67.7,74.638,74.625,4.5,62.95452801701467,199.1921351819735,3.0661554419809636,5.408552523356362,0.12445240966448871,353.30317188433656,0.0019526684119729773,0.0004444134414582912,5.4166666667,5.485222122196411,0.04045095970513026,5.484427534196299,0.040373850187961656,True,Solve_Succeeded,2,0.026702536997618154,0.030381438999029342,0.03100724999967497,True,6.575232269767639e-08,
67.8,74.738,74.727,4.5,62.404274935260766,199.2302094363598,3.078891913859388,5.4086188723878275,0.1252980822680637,353.8547705379986,0.0022403096472154837,0.000611846404243277,5.4166666667,5.484427534196299,0.040373850187961656,5.482877048749385,0.03991552531081145,True,Solve_Succeeded,2,0.02464903199870605,0.029760833000182174,0.030510768003296107,True,6.596978163742051e-08,
67.9,74.838,74.829,4.5,61.85357516785614,199.26125674736406,3.091669047460263,5.408654402211829,0.1252844652794337,354.40637906900855,0.0026086320584063753,0.0007190731640704939,5.4166666667,5.482877048749385,0.03991552531081145,5.480512247065312,0.03899963733426984,True,Solve_Succeeded,2,0.02626668800076004,0.030101133001153357,0.03044652799871983,True,4.859574875837325e-08,
68.0,74.938,74.931,4.5,61.302523498728426,199.28527747247358,3.104378214842134,5.408623883864893,0.12407086858922185,354.95799341437504,0.0029959897212037258,0.0006566435634738355,5.4166666667,5.480512247065312,0.03899963733426984,5.477323274227814,0.03758280714674365,True,Solve_Succeeded,2,0.024070052997558378,0.027616298000793904,0.027924349000386428,True,5.818214177111258e-08,
68.1,75.038,75.033,4.5,60.75122060931925,199.3023420935678,3.116879645917801,5.408486119856245,0.12138647149032658,355.5096044068938,0.0032714186231704795,0.0002842590998826111,5.4166666667,5.477323274227814,0.03758280714674365,5.473404775939074,0.03563611498032189,True,Solve_Succeeded,2,0.026926843005639967,0.03116713700001128,0.03142970699991565,True,7.89020999647505e-08,
68.2,75.138,75.135,4.5,60.19977025003891,199.31260643341656,3.1290111503978877,5.4081975154595465,0.11706132362520454,356.0611962459937,0.0032198722324458355,-0.0005604551656657186,5.4166666667,5.473404775939074,0.03563611498032189,5.468907906815735,0.03315914994893275,True,Solve_Succeeded,2,0.025706487998832017,0.02891833399917232,0.0291827069959254,True,7.457662487553307e-08,
68.3,75.238,75.237,4.5,59.64827562344598,199.31632139354738,3.1405975203584404,5.407714168563021,0.1110005600914494,356.6127441144034,0.0025455290462492778,-0.0019017857249495013,5.4166666667,5.468907906815735,0.03315914994893275,5.464009720617998,0.030200208004055575,True,Solve_Succeeded,2,0.0244550560018979,0.0280481689987937,0.028396124005666934,True,4.210351978173321e-08,
68.4,75.338,75.305,4.5,59.28063648104763,199.31532641638424,-3.1352608532346578,5.407273625579713,0.10470727637416885,356.98040175207547,0.0017159954618800794,-0.0025872212569004738,5.4166666667,5.464009720617998,0.030200208004055575,5.45873334950754,0.026387878874758363,True,Solve_Succeeded,2,0.024461545996018685,0.028085462996386923,0.028667286998825148,True,2.537220122889039e-08,
68.5,75.438,75.407,4.5,58.729280419414415,199.30895473500377,-3.1249832288127126,5.4063897959528155,0.0956335343214505,357.5318050838261,0.00010460027510852707,-0.0032034463611738673,5.4166666667,5.45873334950754,0.026387878874758363,5.453420891391902,0.022750384889078344,True,Solve_Succeeded,2,0.026567828994302545,0.030524660003720783,0.030872912000631914,True,1.3436461721028081e-08,
68.6,75.538,75.509,4.5,58.17811588039695,199.29718972742424,-3.1157377287614167,5.405246689519641,0.0842898035095487,358.0830865320911,-0.0017450095997357288,-0.0035030005577367795,5.4166666667,5.453420891391902,0.022750384889078344,5.448276039134566,0.019165509509056187,True,Solve_Succeeded,2,0.028907911000715103,0.033023488002072554,0.03352815799735254,True,1.0105217107536646e-08,
68.7,75.638,75.611,4.5,57.62720437005475,199.2806657109846,-3.1077125238350063,5.4038015681096265,0.07228334910841336,358.6342216070151,-0.003720541798827523,-0.0036768602270935698,5.4166666667,5.448276039134566,0.019165509509056187,5.443525709646594,0.015673263219684475,True,Solve_Succeeded,2,0.023361514002317563,0.026649375999113545,0.027018943001166917,True,8.603693757436304e-09,
68.8,75.738,75.713,4.5,57.076592658191714,199.26006637828274,-3.1009167351001947,5.402054358267845,0.06050428347254427,359.1851835294757,-0.0057607234352161545,-0.003738160998143058,5.4166666667,5.443525709646594,0.015673263219684475,5.439416629346045,0.012340966789202034,True,Solve_Succeeded,2,0.024122870003338903,0.027668086004268844,0.028156519001640845,True,7.951222791291457e-09,
68.9,75.838,75.815,4.5,56.52631060046831,199.23606370537468,-3.095312250001287,5.400043085706656,0.049171498559108545,359.73594857483346,-0.007795281086048677,-0.0036533777067115918,5.4166666667,5.439416629346045,0.012340966789202034,5.436167184870336,0.009316882357418139,True,Solve_Succeeded,2,0.025244856005883776,0.030411494000873063,0.031185944004391786,True,7.815261326982181e-09,
69.0,75.938,75.917,4.5,55.97637190015458,199.20930407925442,-3.090847682252419,5.397824112008445,0.038390424597219364,360.2864984609242,-0.009731713974381115,-0.003375675768042541,5.4166666667,5.436167184870336,0.009316882357418139,5.433917746491279,0.006748981530482668,True,Solve_Succeeded,2,0.02533361300447723,0.02918699700239813,0.029448995999700855,True,7.963499193408552e-09,
69.1,76.038,76.019,4.5,55.426776153373716,199.1804001064859,-3.087451229921476,5.395461989411782,0.028463269952050212,360.8368211696673,-0.01144729036169363,-0.0028372416479638396,5.4166666667,5.433917746491279,0.006748981530482668,5.432710614811391,0.004715530755655719,True,Solve_Succeeded,2,0.024568998996983282,0.027353136996680405,0.027809254999738187,True,5.097881272393516e-08,
69.2,76.138,76.121,4.5,54.877511565945355,199.1499127237376,-3.08500888571862,5.393029141353781,0.01982612807143036,361.3869112738315,-0.0127709440803112,-0.0019270707087444272,5.4166666667,5.432710614811391,0.004715530755655719,5.432494180922354,0.003204498172185499,True,Solve_Succeeded,2,0.02471196500118822,0.028341921002720483,0.028925427002832294,True,1.230139759041864e-07,
69.3,76.238,76.223,4.5,54.32855723509022,199.1183287058463,-3.0833738962095874,5.390613672216547,0.012751370684545018,361.93677036192105,-0.013460276114481846,-0.000500112621282245,5.4166666667,5.432494180922354,0.003204498172185499,5.433134760673903,0.002171868192738947,True,Solve_Succeeded,2,0.02635546199599048,0.03027103000204079,0.03053477300272789,True,1.0046205533805787e-08,
69.4,76.338,76.325,4.5,53.77988663573726,199.08604556906818,-3.0823758302710282,5.388282122603757,0.007323338597373704,362.4863956227794,-0.013309341963028468,0.000927219791428957,5.4166666667,5.433134760673903,0.002171868192738947,5.434462822646404,0.0015335613117444036,True,Solve_Succeeded,2,0.02528770299977623,0.02926323300198419,0.02974238499882631,True,9.371464493312942e-09,
69.5,76.438,76.427,4.5,53.2314707933728,199.05336651272845,-3.081849892189998,5.386093851627303,0.003412132090644275,363.0357880378906,-0.012538339474636569,0.0017879323695089155,5.4166666667,5.434462822646404,0.0015335613117444036,5.436295433331485,0.0012169751755165671,True,Solve_Succeeded,2,0.02449685700412374,0.02747543400619179,0.02797186599491397,True,9.785231291914442e-09,
69.6,76.538,76.529,4.5,52.68328003221191,199.02050856650237,-3.081650474717953,5.3840884204184345,0.0008196526649026721,363.58496439323903,-0.011417829282658755,0.002227415621568252,5.4166666667,5.436295433331485,0.0012169751755165671,5.438462748023425,0.001141203205699053,True,Solve_Succeeded,2,0.025823197996942326,0.02994174799823668,0.03025379199971212,True,1.0204953326820032e-08,
69.7,76.638,76.631,4.5,52.13528672594841,198.9876105185456,-3.0816257803959997,5.382272000359768,2.3977438349812365e-05,364.1339443969505,-0.010140080080033856,0.002397451645660631,5.4166666667,5.438462748023425,0.001141203205699053,5.44050322005382,0.0009953695519514954,True,Solve_Succeeded,1,0.01754574699589284,0.021101931000885088,0.021453116998600308,True,2.426429270840913e-07,
69.8,76.738,76.733,4.5,51.58746804350087,198.95471892816937,-3.0816214163129674,5.380667931789005,7.661240616720613e-05,364.68274847931525,-0.008804946616271845,0.0024524313298543987,5.4166666667,5.44050322005382,0.0009953695519514954,5.44270556037441,0.0008939816484478493,True,Solve_Succeeded,1,0.016138632003276143,0.019378712997422554,0.019601516003604047,True,2.6185055901351006e-07,
69.9,76.838,76.835,4.5,51.039801909201195,198.9218317741693,-3.0816062512921083,5.379276796463895,0.0002506541833091362,365.2313991682683,-0.007463682145321004,0.002423496228177946,5.4166666667,5.44270556037441,0.0008939816484478493,5.444958965664466,0.0008559468571240804,True,Solve_Succeeded,1,0.018527104002714623,0.022050740000850055,0.022332938999170437,True,1.9771074288854606e-07,
70.0,76.938,76.937,4.5,50.49226729395975,198.88893979246018,-3.0815763071678828,5.378095586114097,0.00034095357582828524,365.7799183682682,-0.0061601963915776745,0.0023146463492511593,5.4166666667,5.444958965664466,0.0008559468571240804,5.4471732192610345,0.0008863390797149856,True,Solve_Succeeded,1,0.01570083000115119,0.018939643996418454,0.019193015999917407,True,1.7386171169420095e-07,
70.1,77.038,77.005,4.5,50.127307079029904,198.8670055426691,-3.0815525449958994,5.377432650867193,0.00036984383437080765,366.14553535510953,-0.005334839501209492,0.0021932876582746452,5.4166666667,5.4471732192610345,0.0008863390797149856,5.449139874486264,0.0009837090450805393,True,Solve_Succeeded,1,0.016180824000912253,0.02033762800419936,0.020758427999680862,True,1.8438486470984117e-07,
70.2,77.138,77.107,4.5,49.579946892171066,198.83409025628583,-3.081500863219705,5.376570869982936,0.0007735848317086795,366.69388173975597,-0.004196977199380888,0.001948434074601213,5.4166666667,5.449139874486264,0.0009837090450805393,5.451033243369917,0.0010011736191075475,True,Solve_Succeeded,1,0.015440668001247104,0.01972934799414361,0.02008286899945233,True,6.752326431325173e-08,
70.3,77.238,77.209,4.5,49.03266866410093,198.80113511544312,-3.081381575539431,5.3758703439315205,0.0015994969501841772,367.24214895387973,-0.0032030869833215747,0.001676613627184853,5.4166666667,5.451033243369917,0.0010011736191075475,5.452816123254396,0.0008790853688988272,True,Solve_Succeeded,1,0.015710859996033832,0.01900135600590147,0.019473152002319694,True,1.0620077350864676e-07,
70.4,77.338,77.311,4.5,48.485459140102066,198.7680967489722,-3.0811883566080756,5.375322472232115,0.002142007702817467,367.79035295126573,-0.0023624150241763307,0.0013846478360028946,5.4166666667,5.452816123254396,0.0008790853688988272,5.454373564021664,0.0007740858213559003,True,Solve_Succeeded,1,0.015582421998260543,0.019624827997176908,0.019967276995885186,True,1.4446332752271474e-07,
70.5,77.438,77.413,4.5,47.938305215685205,198.73494406143493,-3.0809632747349185,5.374913029911352,0.002169425758429025,368.33850890259885,-0.0016807108612817445,0.0011090807074083386,5.4166666667,5.454373564021664,0.0007740858213559003,5.45576633004081,0.0007228455599095694,True,Solve_Succeeded,1,0.01509176500258036,0.01874145699548535,0.019028306000109296,True,1.9321077271428067e-07,
70.6,77.538,77.515,4.5,47.39119405452059,198.70167344932545,-3.08075503922191,5.3746209670147085,0.0018719586666776603,368.88662983849764,-0.0011414417165704904,0.0008594671059940496,5.4166666667,5.45576633004081,0.0007228455599095694,5.456980196911181,0.0007366716764426792,True,Solve_Succeeded,1,0.015690653999627102,0.01865011600602884,0.019079205994785298,True,2.463214183734408e-07,
70.7,77.638,77.617,4.5,46.844113662418806,198.66829955324994,-3.080579252891333,5.374430002136971,0.001598176989232761,369.43472671299565,-0.0007364596936890275,0.0006201732532780113,5.4166666667,5.456980196911181,0.0007366716764426792,5.458014340584097,0.0007643352756690849,True,Solve_Succeeded,1,0.01758036800310947,0.021960892001516186,0.022358479000104126,True,2.808026398071206e-07,
70.8,77.738,77.719,4.5,46.29705382305939,198.63483616364908,-3.0804192841910645,5.3743219174851635,0.0015828849760145685,369.9828087751758,-0.0004566938316795664,0.0004078049867071165,5.4166666667,5.458014340584097,0.0007643352756690849,5.4588814176822655,0.00074234964877693,True,Solve_Succeeded,1,0.017834176003816538,0.02205980700091459,0.022311746994091664,True,3.1365851071996076e-07,
70.9,77.838,77.821,4.5,45.75000683889987,198.601284201236,-3.080250718533618,5.374281179788109,0.0017379467765774846,370.53088356457386,-0.0002800997543270193,0.000246755791079245,5.4166666667,5.4588814176822655,0.00074234964877693,5.459596485679841,0.0006634888114259136,True,Solve_Succeeded,1,0.01630605500395177,0.01993953799683368,0.020524601997749414,True,3.4681607807840464e-07,
71.0,77.938,77.923,4.5,45.20296705096168,198.56763586941926,-3.080068531634924,5.3742939987903435,0.0018205454800992178,371.07895715351657,-0.00017582684037693042,0.0001420327057015669,5.4166666667,5.459596485679841,0.0006634888114259136,5.460174375888548,0.0005578126678720689,True,Solve_Succeeded,1,0.01686143299593823,0.020395628998812754,0.02066414099681424,True,3.743167944492143e-07,
71.1,78.038,78.025,4.5,44.65592990802277,198.53388711608957,-3.079888585241079,5.374347877363644,0.0016941091514698246,371.62703431297143,-0.00011670816770704912,7.775998505721304e-05,5.4166666667,5.460174375888548,0.0005578126678720689,5.4606296832404295,0.00045335495541255137,True,Solve_Succeeded,1,0.016284409997751936,0.01976344099966809,0.02009610499953851,True,3.9653342920331625e-07,
71.2,78.138,78.127,4.5,44.10889141202123,198.50004490246633,-3.0797317454440165,5.374431484168477,0.0013889027631170444,372.17511860308673,-8.654533113271732e-05,3.3060269807094755e-05,5.4166666667,5.4606296832404295,0.00045335495541255137,5.4609769838987985,0.0003603066559965015,True,Solve_Succeeded,1,0.017494218998763245,0.021307031995092984,0.021619827995891683,True,4.1397260819309167e-07,
71.3,78.238,78.229,4.5,43.561848008205985,198.46612574265117,-3.0796105348788756,5.374535444654672,0.001016339449585586,372.7232125559938,-7.865411283493628e-05,-4.598107940179119e-06,5.4166666667,5.4609769838987985,0.0003603066559965015,5.461231569050459,0.00027205840795879835,True,Solve_Succeeded,1,0.016085589995782357,0.020085855001525488,0.020371811995573808,True,4.269891737962439e-07,
71.4,78.338,78.331,4.5,43.01479681265863,198.43214995057494,-3.07952682064758,5.374651457382634,0.0006613334611597464,373.27131779633356,-9.010579314514524e-05,-3.708945267399954e-05,5.4166666667,5.461231569050459,0.00027205840795879835,5.461409475228687,0.00017819468373651848,True,Solve_Succeeded,1,0.016598050999164116,0.019562256995413918,0.01998330099740997,True,4.361368128869003e-07,
71.5,78.438,78.433,4.5,42.46773572183022,198.3981373282871,-3.0794782512310843,5.3747728657397955,0.0003257675751438943,373.819435198627,-0.00011741506036360918,-6.206797279695309e-05,5.4166666667,5.461409475228687,0.00017819468373651848,5.461525659977559,7.875699567929424e-05,True,Solve_Succeeded,1,0.015597114004776813,0.01909665099810809,0.019336307006597053,True,4.421387007624844e-07,
71.6,78.538,78.535,4.5,41.92066329574742,198.36410691349082,-3.0794643116882754,5.3748941601076075,2.4754758710364012e-05,374.36756502133795,-0.00015629399109962642,-7.902326416786565e-05,5.4166666667,5.461525659977559,7.875699567929424e-05,5.461596375110615,-3.649793881514277e-05,True,Solve_Succeeded,1,0.01667625100526493,0.02018120399588952,0.020672136997745838,True,4.455945861181476e-07,
71.7,78.638,78.637,4.5,41.373578874570036,198.33007357378773,-3.0794641828012717,5.375010874104661,-3.7134397173925065e-06,374.91570700368095,-0.00019824479967831443,-6.713968321170327e-05,5.4166666667,5.461596375110615,-3.649793881514277e-05,5.461650173438966,-0.00026022441953876997,True,Solve_Succeeded,1,0.016702573004295118,0.021084489999338984,0.021704749000491574,True,4.4955715861050294e-07,
71.8,78.738,78.705,4.5,41.00884946514218,198.30738434943424,-3.079465015431147,5.3750853006223664,-1.6563361878494964e-05,375.28114146763545,-0.0002176528519225799,-3.644307225281195e-05,5.4166666667,5.461650173438966,-0.00026022441953876997,5.46170952222376,-0.0005286004379287727,True,Solve_Succeeded,1,0.017334862997813616,0.020638513000449166,0.021062633000838105,True,4.521683090175088e-07,
71.9,78.838,78.807,4.5,40.46174611974779,198.27335149425903,-3.0794743778100138,5.375189444105482,-0.0002501117209200716,375.8293023251741,-0.00021805615317403474,3.702594791343827e-05,5.4166666667,5.46170952222376,-0.0005286004379287727,5.461761090528227,-0.0008052044426746862,True,Solve_Succeeded,1,0.01619081299577374,0.021870988995942753,0.02239747699786676,True,4.54298091590033e-07,
72.0,78.938,78.909,4.5,39.914631912259146,198.23933081633376,-3.0795152837777007,5.375282965899464,-0.0006305902678015341,376.37747327282267,-0.00017419375795971588,0.00012159495809749288,5.4166666667,5.461761090528227,-0.0008052044426746862,5.46181609687893,-0.001096702963823138,True,Solve_Succeeded,1,0.015733307001937646,0.019106753999949433,0.019539401997462846,True,4.5791887703927614e-07,
72.1,79.038,79.011,4.5,39.367506574206175,198.20534337804847,-3.0796021566353384,5.375367561460549,-0.0012079203676460533,376.92565325917263,-8.372619189443355e-05,0.00020283953406474708,5.4166666667,5.46181609687893,-0.001096702963823138,5.461870998909879,-0.0013501401962109855,True,Solve_Succeeded,1,0.016560916999878827,0.02110572899982799,0.021547343996644486,True,4.591499820350009e-07,
72.2,79.138,79.113,4.5,38.820368742475566,198.17142216770165,-3.0797653992737395,5.375447263924635,-0.0021027940125094074,377.47384158849155,4.3715592465895684e-05,0.0002503563788662788,5.4166666667,5.461870998909879,-0.0013501401962109855,5.461911798564054,-0.0014912141825630801,True,Solve_Succeeded,1,0.015967008999723475,0.01944281000032788,0.01982224200037308,True,4.5922767899497785e-07,
72.3,79.238,79.215,4.5,38.27321592609195,198.13761645976047,-3.080026605597626,5.375520363996615,-0.003038140537770737,378.0220377038322,0.0001821766161739649,0.00024255191351674196,5.4166666667,5.461911798564054,-0.0014912141825630801,5.461940211974299,-0.0015665916628018867,True,Solve_Succeeded,1,0.015605159002006985,0.018299153001862578,0.018745773006230593,True,4.605475512065027e-07,
72.4,79.338,79.317,4.5,37.72604584961487,198.10397720682604,-3.0803674441682882,5.375583993799541,-0.0035833330973221063,378.5702407682931,0.0003040410428628059,0.0001977584274905908,5.4166666667,5.461940211974299,-0.0015665916628018867,5.461970472799823,-0.0016808617993418046,True,Solve_Succeeded,1,0.01578329299809411,0.019191137995221652,0.01975199500157032,True,4.6349277393886723e-07,
72.5,79.438,79.419,4.5,37.178857756705334,198.07053504804585,-3.080738978503783,5.375635881139743,-0.0036307469470053576,379.1184497145681,0.00040206208484010837,0.00016491368006876783,5.4166666667,5.461970472799823,-0.0016808617993418046,5.462019856590409,-0.001900661997157846,True,Solve_Succeeded,1,0.016423815999587532,0.019886167996446602,0.02017685500322841,True,4.70779307093494e-07,
72.6,79.538,79.521,4.5,36.63165293923199,198.03729388280166,-3.0810980562340484,5.375670228105222,-0.003360197787528758,379.66666308005574,0.000495808138179465,0.000187171508684969,5.4166666667,5.462019856590409,-0.001900661997157846,5.462622633241286,-0.002247560383474902,True,Solve_Succeeded,2,0.024499373997969087,0.028182734997244552,0.028535645004012622,True,1.9861097655393678e-08,
72.7,79.638,79.623,4.5,36.08443466935434,198.00423968202122,-3.081420711444785,5.375674399920965,-0.002901502836022933,380.21487849655676,0.0006228623046992445,0.0002884988872509098,5.4166666667,5.462622633241286,-0.002247560383474902,5.463187509078727,-0.0027696368224965355,True,Solve_Succeeded,2,0.02419536299566971,0.028089791994716506,0.028599561999726575,True,2.0215547458235505e-08,
72.8,79.738,79.725,4.5,35.5372079265509,197.97134679040389,-3.0816820245904304,5.37564243333798,-0.002060554536067097,380.7630925411614,0.000832512760411509,0.0004938154949076791,5.4166666667,5.463187509078727,-0.0027696368224965355,5.4637882865515905,-0.0035827333828323355,True,Solve_Succeeded,2,0.02440247099730186,0.028862783998192754,0.029115745004673954,True,2.0776689702017848e-08,
72.9,79.838,79.827,4.5,34.98998037345192,197.93857397907772,-3.0818676635295894,5.375557715711264,-0.001668723219977258,381.31129995163263,0.0011897474588658781,0.0008174514738410465,5.4166666667,5.4637882865515905,-0.0035827333828323355,5.4644431630281485,-0.0044749443271463255,True,Solve_Succeeded,2,0.025392382995050866,0.029130210998118855,0.029490780994819943,True,2.109063679256451e-08,
73.0,79.938,79.929,4.5,34.4427550922524,197.90589836213894,-3.0820376387066575,5.375490338152657,-0.001328780197594198,381.8594988381736,0.0017409656521373005,0.001199396941112596,5.4166666667,5.4644431630281485,-0.0044749443271463255,5.4651771403520195,-0.005594000383771865,True,Solve_Succeeded,2,0.025634110999817494,0.02977957799885189,0.03011048499320168,True,3.213299581972251e-08,
73.1,80.038,80.031,4.5,33.89553520866453,197.8733093074879,-3.082177564001127,5.3753045930414896,-0.0011930875573031641,382.40768644924384,0.0025203322157308946,0.0016540376495881581,5.4166666667,5.4651771403520195,-0.005594000383771865,5.466050623242951,-0.006844507044868953,True,Solve_Succeeded,2,0.02372653999918839,0.027169891000085045,0.027493041998241097,True,3.323477226757632e-08,
73.2,80.138,80.133,4.5,33.34834804326889,197.84079681624894,-3.0823134571538606,5.3747316966854175,-0.0011572915591647093,382.9558357453381,0.0035627551779564507,0.0021553260352558112,5.4166666667,5.466050623242951,-0.006844507044868953,5.467238503484223,-0.008265726024804102,True,Solve_Succeeded,2,0.027446238003904,0.03062808100366965,0.031043557995872106,True,3.5327227365655745e-08,
73.3,80.238,80.235,4.5,32.801233815169766,197.8083652089491,-3.0824600974278797,5.373837705909954,-0.0011607227446992514,383.5039058913473,0.004889500899036058,0.002688427474308863,5.4166666667,5.467238503484223,-0.008265726024804102,5.468835821930321,-0.009845470637788118,True,Solve_Succeeded,2,0.02792893500009086,0.031422676001966465,0.031660788001318,True,3.819744076594134e-08,
73.4,80.338,80.337,4.5,32.25420295543778,197.7760581051104,-3.0829568081659033,5.373073659494113,-0.011804172924319923,384.0518835229171,0.006480815180319612,0.002913988298457682,5.4166666667,5.468835821930321,-0.009845470637788118,5.4700396938881175,-0.008177875557489306,True,Solve_Succeeded,2,0.026079832001414616,0.029114031996869016,0.029534409994084854,True,3.611253429625094e-08,
73.5,80.438,80.405,4.5,31.889531410377106,197.75481916676094,-3.083918371766054,5.37286767490714,-0.01609265740504105,384.4171681786315,0.007468815032477416,0.0024575842340506253,5.4166666667,5.4700396938881175,-0.008177875557489306,5.471172642908798,-0.007902908393828206,True,Solve_Succeeded,2,0.024779603998467792,0.028010693997202907,0.0284553860037704,True,4.018721533327607e-08,
73.6,80.538,80.507,4.5,31.342481249423205,197.72381452317018,-3.0860589727777827,5.373026388336874,-0.01906020413628197,384.9650890625189,0.008450628877111406,0.0011102511666072346,5.4166666667,5.471172642908798,-0.007902908393828206,5.471546165525447,-0.00584147472651313,True,Solve_Succeeded,2,0.024512895004590973,0.02856224300194299,0.028950970998266712,True,3.4998052456103323e-08,
73.7,80.638,80.609,4.5,30.795328923469977,197.69397649917263,-3.0881516963328437,5.373521711694764,-0.01816932965669661,385.5130471495887,0.008708361813481976,-0.00014649547841294464,5.4166666667,5.471546165525447,-0.00584147472651313,5.471502295410606,-0.004697588251131123,True,Solve_Succeeded,2,0.02670196400140412,0.030413400003453717,0.030736599997908343,True,3.5728788816413726e-08,
73.8,80.738,80.711,4.5,30.24806357745034,197.6652271700491,-3.089988846792885,5.374030529917197,-0.01427371166017588,386.0610595205642,0.008342731955529351,-0.0011049158401656989,5.4166666667,5.471502295410606,-0.004697588251131123,5.471187385732246,-0.0041772957127945935,True,Solve_Succeeded,2,0.02373965599690564,0.027239008006290533,0.02750101700075902,True,3.44315820299812e-08,
73.9,80.838,80.813,4.5,29.700710434292564,197.63732176762937,-3.0912324879023414,5.374308735328766,-0.009901668469869843,386.60911573810864,0.007623018092666174,-0.0014270712910953165,5.4166666667,5.471187385732246,-0.0041772957127945935,5.4708756128723595,-0.004381068223263618,True,Solve_Succeeded,2,0.028958855000382755,0.033637529995758086,0.0339456709989463,True,3.423589944873129e-08,
74.0,80.938,80.915,4.5,29.153320540213233,197.6099826556395,-3.092099237442973,5.374204436859282,-0.007170182626402526,387.1571804297501,0.006852610621121559,-0.0013296252401144848,5.4166666667,5.4708756128723595,-0.004381068223263618,5.470771292288885,-0.004829824032312289,True,Solve_Succeeded,2,0.024727875999815296,0.027964943001279607,0.028243173997907434,True,3.409313631408395e-08,
74.1,81.038,81.017,4.5,28.60592242770714,197.58304973080132,-3.0927299792943943,5.374101317912976,-0.005232066728607207,387.70523379124006,0.0062162616265870356,-0.0009534890004769815,5.4166666667,5.470771292288885,-0.004829824032312289,5.470930700278045,-0.005758575606516117,True,Solve_Succeeded,2,0.025431000998651143,0.03049809499498224,0.031064922994119115,True,3.548520410845413e-08,
74.2,81.138,81.119,4.5,28.05852265585783,197.55641632048304,-3.093202028420804,5.373938875788441,-0.003925891203935176,388.2532746674009,0.005844206751522388,-0.0003759747788283363,5.4166666667,5.470930700278045,-0.005758575606516117,5.471358386950251,-0.006978259674342929,True,Solve_Succeeded,2,0.024261498998384923,0.027486177001264878,0.027922567998757586,True,3.655879066144507e-08,
74.3,81.238,81.221,4.5,27.511136167046896,197.53001190109472,-3.093570192371837,5.373599928026524,-0.0030859488945868857,388.80129127547804,0.0058309691533679365,0.0003480905105535115,5.4166666667,5.471358386950251,-0.006978259674342929,5.472133401499847,-0.00849541275826872,True,Solve_Succeeded,2,0.024510604001989122,0.027780926000559703,0.02803685300023062,True,3.8502038002263816e-08,
74.4,81.338,81.323,4.5,26.963787909899267,197.50379204762362,-3.093873940027988,5.373024707709334,-0.00255952071307706,389.34926020169394,0.006245415362369504,0.0011791901488402699,5.4166666667,5.472133401499847,-0.00849541275826872,5.4733387613846185,-0.010293064159162486,True,Solve_Succeeded,2,0.02571095500024967,0.028848906003986485,0.02911088499968173,True,4.100811690221917e-08,
74.5,81.438,81.425,4.5,26.416494268379683,197.4777331937722,-3.094168360345885,5.372493622898937,-0.0028688554019915278,389.8971653042235,0.007135075470673873,0.0020621955959505556,5.4166666667,5.4733387613846185,-0.010293064159162486,5.474866182263375,-0.012149225547638694,True,Solve_Succeeded,2,0.02426617900346173,0.028413849999196827,0.02874588099803077,True,4.288243626859867e-08,
74.6,81.538,81.527,4.5,25.869216179146203,197.45208997751183,-3.0956271042362946,5.372423950432787,-0.01768425668124282,390.445033297002,0.008267014990117543,0.0018235079761952377,5.4166666667,5.474866182263375,-0.012149225547638694,5.475340218405667,-0.008765034342630155,True,Solve_Succeeded,2,0.024447037001664285,0.027663453998684417,0.02797429999918677,True,4.3517751180388586e-08,
74.7,81.638,81.629,4.5,25.321863693349698,197.4275648322165,-3.0982355435657256,5.372914644693206,-0.029495894169554795,390.99292367496724,0.008958860873620399,0.00047789206583326305,5.4166666667,5.475340218405667,-0.008765034342630155,5.475210109404597,-0.0056186305312761545,True,Solve_Succeeded,2,0.025188965002598707,0.027986565000901464,0.028722308998112567,True,3.686075444875314e-08,
74.8,81.738,81.731,4.5,24.774367714188497,197.40465823369306,-3.1012012135923834,5.37381556640699,-0.024153652776620467,391.54088708045714,0.008731198441366278,-0.001182054295756796,5.4166666667,5.475210109404597,-0.0056186305312761545,5.474740743713725,-0.005297065746838849,True,Solve_Succeeded,2,0.023618075996637344,0.026572597002086695,0.026987790006387513,True,4.0860608230275375e-08,
74.9,81.838,81.833,4.5,24.226719915308465,197.38318214185517,-3.1034472493208485,5.374652261054308,-0.017756363420058867,392.08894391260293,0.0077952944784854625,-0.0020793935893843596,5.4166666667,5.474740743713725,-0.005297065746838849,5.473702298129961,-0.004483816911342274,True,Solve_Succeeded,2,0.025566268006514292,0.02922402800322743,0.029676680998818483,True,3.385754254736639e-08,
75.0,81.938,81.935,4.5,23.678961599487305,197.36272230776405,-3.1049808051350647,5.375136211930494,-0.01262140320874623,392.63707291676184,0.006590504024487683,-0.002221309570137109,5.4166666667,5.473702298129961,-0.004483816911342274,5.472780709449896,-0.004783832789261096,True,Solve_Succeeded,2,0.025167667998175602,0.028365422003844287,0.028810153999074828,True,3.42203545500297e-08,
75.1,82.038,82.037,4.5,23.131157002893854,197.34297310161799,-3.1060709754733056,5.37512813720254,-0.008999954982532752,393.18522361880156,0.0054483888699842055,-0.0018770112880930334,5.4166666667,5.472780709449896,-0.004783832789261096,5.4722163594212905,-0.005565258803498652,True,Solve_Succeeded,2,0.02693771199847106,0.030249356001149863,0.030503278998367023,True,3.390837477468267e-08,
75.2,82.138,82.105,4.5,22.765945339195937,197.3300989110971,-3.106621029317076,5.375083214466683,-0.007238177075461468,393.5506565916363,0.0048368223759673624,-0.0014469905738834221,5.4166666667,5.4722163594212905,-0.005565258803498652,5.471966647559372,-0.006618411707905332,True,Solve_Succeeded,2,0.025985332002164796,0.029431208000460174,0.029897721004090272,True,3.428559214313509e-08,
75.3,82.238,82.207,4.5,22.218127548073934,197.31111712895682,-3.1072613510790315,5.37487611897655,-0.0053174147549048595,394.09879604601815,0.004270388825016488,-0.000581581664969022,5.4166666667,5.471966647559372,-0.006618411707905332,5.472191172392666,-0.008408086996783836,True,Solve_Succeeded,2,0.024476986996887717,0.02768653899693163,0.02804809699591715,True,3.675283810622432e-08,
75.4,82.338,82.309,4.5,21.670333274283756,197.2924424273961,-3.1077491611244827,5.374412725258135,-0.004078032285861328,394.6469020129775,0.004234914699997684,0.0004790167760897468,5.4166666667,5.472191172392666,-0.008408086996783836,5.472897861584544,-0.010413497763916122,True,Solve_Succeeded,2,0.02707787899998948,0.030750705001992173,0.031067363001056947,True,3.791789104923282e-08,
75.5,82.438,82.411,4.5,21.122590304659184,197.27400850008684,-3.1081431961182364,5.373772755317756,-0.003282429408254346,395.1949476239709,0.004820839051354824,0.0016759789802298641,5.4166666667,5.472897861584544,-0.010413497763916122,5.474145212303845,-0.012773839790890707,True,Solve_Succeeded,2,0.025056336002307944,0.028594148003321607,0.028890806002891622,True,4.141030984783356e-08,
75.6,82.538,82.513,4.5,20.57489170272039,197.25586229053053,-3.1091736621933186,5.37344374359814,-0.019681060189743214,395.7429366882043,0.006004175703439775,0.00227909236752577,5.4166666667,5.474145212303845,-0.012773839790890707,5.474451951822593,-0.00938845940694088,True,Solve_Succeeded,2,0.026019695003924426,0.029576946995803155,0.0298304489988368,True,4.731450964357009e-08,
75.7,82.638,82.615,4.5,20.027164957018158,197.23870387751143,-3.111624584735931,5.37369353147156,-0.031478062986441985,396.29092008857225,0.0071062171744500245,0.0015044703850244365,5.4166666667,5.474451951822593,-0.00938845940694088,5.474353444485969,-0.006738321026889873,True,Solve_Succeeded,2,0.027439220000815112,0.03070070899411803,0.03126816899748519,True,3.5311915169700114e-08,
75.8,82.738,82.717,4.5,19.479337435057495,197.2231832055404,-3.114829145026713,5.374456744670732,-0.027450013549491076,396.8389549900399,0.007495345204752418,-6.40702236287538e-06,5.4166666667,5.474353444485969,-0.006738321026889873,5.473790536743725,-0.006058626740739513,True,Solve_Succeeded,2,0.024284011000418104,0.02775286100222729,0.02799953999783611,True,3.665677095199271e-08,
75.9,82.838,82.819,4.5,18.931381593411114,197.20926385902482,-3.1174212152652774,5.375285834403438,-0.02035477040723967,397.3870755063201,0.007195454153204441,-0.0009557420964680928,5.4166666667,5.473790536743725,-0.006058626740739513,5.4720462546505875,-0.005409772980879857,True,Solve_Succeeded,1,0.016694521000317764,0.02016761699633207,0.020750411997141782,True,1.1814137650389966e-06,
76.0,82.938,82.921,4.5,18.383320382880008,197.19652641577161,-3.1191806355266345,5.375889015386962,-0.014319534404087907,397.93527348861824,0.0065968746787151075,-0.0011271931671403834,5.4166666667,5.4720462546505875,-0.005409772980879857,5.471091005473289,-0.005651798262610453,True,Solve_Succeeded,2,0.026025275998108555,0.029629777993250173,0.029873410996515304,True,3.1260783295294914e-08,
76.1,83.038,83.023,4.5,17.83520339292591,197.18460050533068,-3.1204266677347037,5.375965734251943,-0.010300203184231225,398.48351028674114,0.006041192534337985,-0.0008401636415120706,5.4166666667,5.471091005473289,-0.005651798262610453,5.470390259783049,-0.0062426422882020886,True,Solve_Succeeded,2,0.02476195400231518,0.028702573996270075,0.029110632996889763,True,3.15145252116622e-08,
76.2,83.138,83.125,4.5,17.28709526835754,197.17325733202213,-3.1213268653627417,5.375560750398192,-0.007469650990905206,399.0317270343418,0.005728489789021218,-0.0002623838899222797,5.4166666667,5.470390259783049,-0.0062426422882020886,5.470174225050933,-0.007260257960566377,True,Solve_Succeeded,2,0.024779863000730984,0.02797054200345883,0.028231971002242062,True,3.269488768609108e-08,
76.3,83.238,83.227,4.5,16.739027321125228,197.1623399643399,-3.1219931216620425,5.37500034663097,-0.005558392340698643,399.57989555801186,0.005786006378302814,0.0004941800427533671,5.4166666667,5.470174225050933,-0.007260257960566377,5.470431255987305,-0.008534210258410883,True,Solve_Succeeded,2,0.025247757002944127,0.029116527999576647,0.029472342997905798,True,3.402567116950195e-08,
76.4,83.338,83.329,4.5,16.19101905238767,197.15174393391658,-3.122506246022565,5.374284566186327,-0.004313800190140417,400.12799781536756,0.006288168056486549,0.0013486841845380404,5.4166666667,5.470431255987305,-0.008534210258410883,5.471159437816057,-0.010025821996461707,True,Solve_Succeeded,2,0.025249910999264102,0.02854310899419943,0.028917832001752686,True,3.6087383747940294e-08,
76.5,83.438,83.431,4.5,15.643076734807364,197.14140539028546,-3.1229616405656837,5.373693481989676,-0.0052255337244725255,400.6760279284462,0.007268492299563761,0.0022057295175783587,5.4166666667,5.471159437816057,-0.010025821996461707,5.472122845026221,-0.011152787756781924,True,Solve_Succeeded,2,0.024159810003766324,0.027223572993534617,0.02744416099449154,True,3.613694854465166e-08,
76.6,83.538,83.533,4.5,15.09516560545236,197.13158342221251,-3.1245669727119343,5.37355030714598,-0.017954710729865635,401.2240160079994,0.008436966087782508,0.0018577365724037342,5.4166666667,5.472122845026221,-0.011152787756781924,5.472260625202322,-0.00785837908137509,True,Solve_Succeeded,2,0.02600787799747195,0.029872542996599805,0.030201895999198314,True,4.037185252769859e-08,
76.7,83.638,83.635,4.5,14.54722289206617,197.12290059414946,-3.1270921350909777,5.373901966570615,-0.02681075926261634,401.7720165303769,0.009139916889599257,0.000534942347555134,5.4166666667,5.472260625202322,-0.00785837908137509,5.471898656944757,-0.004911801733898957,True,Solve_Succeeded,2,0.02414001100260066,0.028007139997498598,0.028428704994439613,True,3.27422728929605e-08,
76.8,83.738,83.737,4.5,13.999203861809509,197.11571044875834,-3.1297189713784106,5.374573642991969,-0.020406188021099003,402.3200723327262,0.008993168803860752,-0.0009444115140859743,5.4166666667,5.471898656944757,-0.004911801733898957,5.47124209781769,-0.004459092747928551,True,Solve_Succeeded,2,0.024276998999994248,0.02800367800227832,0.028491013996244874,True,3.5792001362722203e-08,
76.9,83.838,83.805,4.5,13.633810737721983,197.1116188533328,-3.1310088716358,5.374982754405097,-0.01568721810264363,402.6854816479473,0.008535857461831595,-0.0014998065403419858,5.4166666667,5.47124209781769,-0.004459092747928551,5.470128701598485,-0.00294521726133119,True,Solve_Succeeded,2,0.025459334996412508,0.02899137799977325,0.02928959899873007,True,3.0331154476925803e-08,
77.0,83.938,83.907,4.5,13.085672156171187,197.10621245487167,-3.1323688897934074,5.375294215488341,-0.01120726383236699,403.23363760585113,0.007610482587516284,-0.0018038347380051611,5.4166666667,5.470128701598485,-0.00294521726133119,5.469121383201232,-0.0027343359357839803,True,Solve_Succeeded,2,0.023770569001499098,0.02751419899868779,0.02786050600116141,True,2.996019521361859e-08,
77.1,84.038,84.009,4.5,12.537518220505817,197.1014362760386,-3.133336536469373,5.3752910403287135,-0.008065296672633131,403.78180434822843,0.006618542962392935,-0.0017704928520934082,5.4166666667,5.469121383201232,-0.0027343359357839803,5.468282750470957,-0.0025932979936947593,True,Solve_Succeeded,2,0.02377732999593718,0.02801914600422606,0.02835930100263795,True,2.8791895090307662e-08,
77.2,84.138,84.111,4.5,11.989350619781794,197.09711161001556,-3.1340329470099926,5.375463371255068,-0.0058206646062172965,404.329982438296,0.005708622232775394,-0.0015209135020333164,5.4166666667,5.468282750470957,-0.0025932979936947593,5.467559617732734,-0.0027719274838059063,True,Solve_Succeeded,2,0.02472501900047064,0.02812714500032598,0.02844925400131615,True,2.8716977240605956e-08,
77.3,84.238,84.213,4.5,11.441161787178775,197.0931164951359,-3.1345522375550847,5.375645195202608,-0.004310439969036663,404.8781805905288,0.004972485762792733,-0.0011491968870847025,5.4166666667,5.467559617732734,-0.0027719274838059063,5.466944499213373,-0.00308152115559018,True,Solve_Succeeded,2,0.025112994000664912,0.02859062299830839,0.028933200999745168,True,2.8468955193261536e-08,
77.4,84.338,84.315,4.5,10.892955711319859,197.08936950138477,-3.1349461627673207,5.375749490387092,-0.0033838917937448793,405.42639530349254,0.004461482292192789,-0.0007071027805469754,5.4166666667,5.466944499213373,-0.00308152115559018,5.466463589900208,-0.0034807526782898914,True,Solve_Succeeded,2,0.024601695004093926,0.027887900003406685,0.028144308002083562,True,2.8398409845920014e-08,
77.5,84.438,84.417,4.5,10.344744750364516,197.08581377125287,-3.1352560773371985,5.375707525875628,-0.0026957275294723832,405.97461436380456,0.004202430217079387,-0.00023600121853961653,5.4166666667,5.466463589900208,-0.0034807526782898914,5.466168012569017,-0.003994348170344548,True,Solve_Succeeded,2,0.025834794003458228,0.02964831900317222,0.03001506500004325,True,2.8567697540893278e-08,
77.6,84.538,84.519,4.5,9.79654575158193,197.08241213366068,-3.1355121226060847,5.375498731926731,-0.002141391780962312,406.52282087727406,0.004202451560219879,0.00023395026171924016,5.4166666667,5.466168012569017,-0.003994348170344548,5.466091745991043,-0.004580895733362411,True,Solve_Succeeded,2,0.025809358994592912,0.02914780700666597,0.029572979001386557,True,2.8909566296420053e-08,
77.7,84.638,84.621,4.5,9.248375370707487,197.07914116230089,-3.1357351471766806,5.375137147623288,-0.0018699221802121913,407.0709980659819,0.004454880403154535,0.0006818938751615988,5.4166666667,5.466091745991043,-0.004580895733362411,5.466244788879238,-0.005164130770342402,True,Solve_Succeeded,2,0.027312924001307692,0.03176812000310747,0.03205805499601411,True,2.9377164700861158e-08,
77.8,84.738,84.723,4.5,8.700247927639166,197.0759869813647,-3.1359395190032275,5.374646103283349,-0.0018309542287870424,407.61913148299385,0.004943456861328328,0.0010934617099418453,5.4166666667,5.466244788879238,-0.005164130770342402,5.466628913957907,-0.0057386191075105624,True,Solve_Succeeded,2,0.023815417000150774,0.027952667995123193,0.028235259000211954,True,3.005695337066072e-08,
77.9,84.838,84.825,4.5,8.152175564213174,197.07294236502904,-3.1361348449094306,5.374049865259704,-0.001651529759036803,408.16720889434197,0.00564524373629146,0.001459054825684536,5.4166666667,5.466628913957907,-0.0057386191075105624,5.467246051126869,-0.006375937254912328,True,Solve_Succeeded,2,0.024940427996625658,0.027553546999115497,0.02789514500182122,True,3.1056503146942305e-08,
78.0,84.938,84.927,4.5,7.604167777443496,197.0700042044854,-3.1363276923300285,5.373375419732222,-0.0016373060180140786,408.7152207675053,0.006533171093729643,0.0017721207371126368,5.4166666667,5.467246051126869,-0.006375937254912328,5.468059096545971,-0.0069419605758716555,True,Solve_Succeeded,2,0.02710459299851209,0.03128217899939045,0.031543436998617835,True,3.186204988736563e-08,
78.1,85.038,85.029,4.5,7.056231117850821,197.06717235045363,-3.1365224567376875,5.372644248814834,-0.0017643944332712861,409.2631605782386,0.007577205331268455,0.00202828478695416,5.4166666667,5.468059096545971,-0.0069419605758716555,5.469046004533274,-0.007462708056054554,True,Solve_Succeeded,2,0.025846149001154117,0.029856941000616644,0.030194029997801408,True,3.2949881934030145e-08,
78.2,85.138,85.131,4.5,6.5083695970508995,197.06444882939053,-3.1367221406222088,5.371905415642696,-0.0018112970150825512,409.8110244009898,0.008745144923451477,0.0022245693092113328,5.4166666667,5.469046004533274,-0.007462708056054554,5.470169178755139,-0.00796656291912979,True,Solve_Succeeded,2,0.025622533001296688,0.02880090799590107,0.029106142996170092,True,3.4139561400081675e-08,
78.3,85.238,85.233,4.5,5.960577843269461,197.06183839037354,-3.1369402292033146,5.371303908442201,-0.001643123303420715,410.35881774422086,0.010002065466123693,0.002347520461820185,5.4166666667,5.470169178755139,-0.00796656291912979,5.471334422041684,-0.008453238862280488,True,Solve_Succeeded,2,0.0256730190012604,0.02908227700390853,0.029693749005673453,True,3.5225252936754714e-08,
78.4,85.338,85.335,4.5,5.412830315401438,197.0594276958229,-3.1376583463906185,5.3710586763545995,-0.010108701759042044,410.9065661675805,0.011231122689094876,0.001915552500209028,5.4166666667,5.471334422041684,-0.008453238862280488,5.4719056358992555,-0.005835238079236601,True,Solve_Succeeded,2,0.025979878002544865,0.028834491000452545,0.029482795995136257,True,3.795120839811261e-08,
78.5,85.438,85.437,4.5,4.865080034276302,197.05761614587703,-3.139057128993971,5.371305247069817,-0.01606221763990578,411.45431621865015,0.01200274605906651,0.0007480638289090181,5.4166666667,5.4719056358992555,-0.005835238079236601,5.472002513161427,-0.003446712226826788,True,Solve_Succeeded,2,0.024498807004420087,0.028471901998273097,0.028939985000761226,True,3.2286875395470815e-08,
78.6,85.538,85.505,4.5,4.499888638638304,197.0568949659573,-3.140133561372709,5.371692251916701,-0.012790050192214148,411.8195068244979,0.012094494390246048,-0.00020463905738044022,5.4166666667,5.472002513161427,-0.003446712226826788,5.471737701079453,-0.0023045193494754066,True,Solve_Succeeded,2,0.02637710500130197,0.02972182499797782,0.03014845999859972,True,3.2590640408614036e-08,
78.7,85.638,85.607,4.5,3.952048271463585,197.05643023017726,-3.1412631039566796,5.37228397728819,-0.008350151782521511,412.36734557349763,0.011688594574432658,-0.0011942907095763289,5.4166666667,5.471737701079453,-0.0023045193494754066,5.471031585223556,-0.0010425464350191625,True,Solve_Succeeded,2,0.023859483997512143,0.027950629002589267,0.028207226998347323,True,3.004324433675265e-08,
78.8,85.738,85.709,4.5,3.4041576628266697,197.05646189432028,3.1411878411145264,5.3727439147703375,-0.006124312580570936,412.9152345761311,0.010847832227441153,-0.0018436216997524074,5.4166666667,5.471031585223556,-0.0010425464350191625,5.470120972289338,0.0003327530749770097,True,Solve_Succeeded,2,0.023992482994799502,0.027536212000995874,0.027791107997472864,True,2.922151765005765e-08,
78.9,85.838,85.811,4.5,2.8562064296625254,197.05683265292058,3.1406847337417485,5.3734507024545275,-0.0039574149496914655,413.46318441627614,0.009699445811360698,-0.002316570613117431,5.4166666667,5.470120972289338,0.0003327530749770097,5.468401983955382,0.0013274752436496081,True,Solve_Succeeded,1,0.01620542299497174,0.01944931800244376,0.0196810679990449,True,9.030594956271898e-07,
79.0,85.938,85.913,4.5,2.3081798159963207,197.0573643865843,3.1405986616104093,5.3742147961064415,-0.00044511015995171515,414.0112099447588,0.008391464982303028,-0.0024273750801369295,5.4166666667,5.468401983955382,0.0013274752436496081,5.46735631635601,0.0015697210112874994,True,Solve_Succeeded,2,0.024786100002529565,0.028617156996915583,0.028960878000361845,True,2.681727373499143e-08,
79.1,86.038,86.015,4.5,1.760076259802784,197.05789826163218,3.1406229844588887,5.374913389781521,-0.0006430436453737267,414.5593127348326,0.007052629668364747,-0.002482697505077592,5.4166666667,5.46735631635601,0.0015697210112874994,5.466098869887897,0.0028376940091419415,True,Solve_Succeeded,2,0.02639225400344003,0.02921959899686044,0.029483001002517994,True,2.820154421101506e-08,
79.2,86.138,86.117,4.5,1.2119081837937196,197.05842370855268,3.1406429289654354,5.375489816515179,-0.0005273008690472676,415.1074801520378,0.0056634134396339846,-0.002597330430728984,5.4166666667,5.466098869887897,0.0028376940091419415,5.464861320153205,0.0036870634985670617,True,Solve_Succeeded,2,0.02594436700019287,0.029107325994118582,0.029332222002267372,True,2.598881998494562e-08,
79.3,86.238,86.219,4.5,0.6636846733614321,197.05892800720497,3.140766579820889,5.376040612781498,0.002912249512254389,415.65570288775496,0.0042064184157798315,-0.002663205276308279,5.4166666667,5.464861320153205,0.0036870634985670617,5.4637100295290155,0.0036947780259147353,True,Solve_Succeeded,2,0.026412559003802016,0.02957964099914534,0.030376420996617526,True,1.698663609772666e-08,
79.4,86.338,86.321,4.5,0.11540241256870865,197.05930407731023,3.1411289976217107,5.3765657310741926,0.00585907994529693,416.20398421202555,0.00275856816025945,-0.0025452806805142066,5.4166666667,5.4637100295290155,0.0036947780259147353,5.462572700751535,0.003814013092730193,True,Solve_Succeeded,2,0.024610713000583928,0.027788933002739213,0.02821022699936293,True,1.6933598523394267e-08,
79.5,86.438,86.423,4.5,-0.4329146037537711,197.05934906346405,-3.141235818163108,5.376735340521416,0.009323298805223637,416.75230040152707,0.0014926030597712467,-0.0020242550354749866,5.4166666667,5.462572700751535,0.003814013092730193,5.461729686808186,0.00303774342764611,True,Solve_Succeeded,2,0.024235148994193878,0.02773159900243627,0.027954139994108118,True,1.671441740569435e-08,
79.6,86.538,86.525,4.5,-0.9812453877125868,197.05888750766647,-3.1402575419042145,5.376895014164416,0.009718256139923354,417.3006309374189,0.0005538709914923797,-0.0014004153862976487,5.4166666667,5.461729686808186,0.00303774342764611,5.460990872604229,0.002886293702709424,True,Solve_Succeeded,2,0.024474120000377297,0.02807380200101761,0.02847367900540121,True,1.701175555979262e-08,
79.7,86.638,86.627,4.5,-1.5295929760554363,197.05789417857932,-3.1393391179550845,5.377039680146765,0.008180216706746466,417.8489791805427,-6.256106011963327e-05,-0.0008914085310176567,5.4166666667,5.460990872604229,0.002886293702709424,5.46035363716541,0.0029711852999995507,True,Solve_Succeeded,2,0.026339317999372724,0.029840494004020002,0.03046347499912372,True,1.664453908034602e-08,
79.8,86.738,86.729,4.5,-2.0779478456183256,197.0564444244229,-3.138581331160735,5.377068836212373,0.006843786610716877,418.3973357021735,-0.00046217221433523647,-0.0005980192723589185,5.4166666667,5.46035363716541,0.0029711852999995507,5.45983855841281,0.003165444872969528,True,Solve_Succeeded,2,0.02471119300025748,0.027490848005982116,0.02792801000032341,True,1.6619651432847604e-08,
79.9,86.838,86.831,4.5,-2.6263024674828515,197.05460710311812,-3.1379057952771263,5.377065291596744,0.006571781466387928,418.9456930213306,-0.0007439474337635304,-0.00044185988416867156,5.4166666667,5.45983855841281,0.003165444872969528,5.45893702273647,0.0033232165820807364,True,Solve_Succeeded,1,0.017129785002907738,0.020557791001920123,0.020960709000064526,True,3.805871034712194e-07,
80.0,86.938,86.933,4.5,-3.1746533057540955,197.05239544735159,-3.137195906961789,5.377015851334245,0.007400475867235143,419.4940478002384,-0.0009512531654496006,-0.0003063274202430577,5.4166666667,5.45893702273647,0.0033232165820807364,5.458265462418454,0.003291207174627864,True,Solve_Succeeded,1,0.017396537004970014,0.020229137000569608,0.020566164996125735,True,3.522818099455094e-07,
80.1,87.038,87.035,4.5,-3.72299339485326,197.04976785347193,-3.1363869175356953,5.376893971388932,0.008375273740036857,420.04239354307,-0.0010725958919631975,-0.00012666873208644347,5.4166666667,5.458265462418454,0.003291207174627864,5.4578084530713085,0.003185188999561923,True,Solve_Succeeded,1,0.01663826999720186,0.020376643995405175,0.020633061998523772,True,4.250767338120909e-07,
80.2,87.138,87.137,4.5,-4.271316603095859,197.04667508944584,-3.135511128347667,5.376735832057755,0.008738013117637734,420.59072474424795,-0.0010888424418262206,6.482044872058168e-05,5.4166666667,5.4578084530713085,0.003185188999561923,5.457532858962278,0.0031133593751551236,True,Solve_Succeeded,1,0.015591195995511953,0.01901958099915646,0.019414884001889732,True,5.292980427284988e-07,
80.3,87.238,87.205,4.5,-4.636854266105585,197.04434378668816,-3.134919756536629,5.376613648274945,0.008644029039009741,420.9562693230977,-0.0010451184112132334,0.00016945581052363323,5.4166666667,5.457532858962278,0.0031133593751551236,5.457388957423019,0.0030440673650046846,True,Solve_Succeeded,1,0.01565250199928414,0.018802842001605313,0.019131938999635167,True,6.030600232520555e-07,
80.4,87.338,87.307,4.5,-5.1851419223457755,197.04044472453447,-3.13404628753879,5.3764179864840616,0.008451788979415427,421.50457008020413,-0.0009220728338671343,0.0002670187035067606,5.4166666667,5.457388957423019,0.0030440673650046846,5.457384445247815,0.002941643582867605,True,Solve_Succeeded,1,0.01542203900316963,0.01868413600459462,0.01900341899454361,True,6.338617328793816e-07,
80.5,87.438,87.409,4.5,-5.733405582842822,197.03607286791575,-3.1331948919211507,5.376215459654044,0.008235874581881448,422.0528504638523,-0.0007665596749173102,0.0002875495384317972,5.4166666667,5.457384445247815,0.002941643582867605,5.45749314080265,0.0028020152279616154,True,Solve_Succeeded,1,0.015449981001438573,0.018299534000107087,0.01862801500101341,True,6.407728170287896e-07,
80.6,87.538,87.511,4.5,-6.281644731881108,197.0312404690043,-3.132366587660436,5.37601490015471,0.007984528063681159,422.6011102944409,-0.0006209247013515477,0.0002300327301383298,5.4166666667,5.45749314080265,0.0028020152279616154,5.45769558197328,0.0026065612723741205,True,Solve_Succeeded,1,0.015649049004423432,0.018681867004488595,0.019096884003374726,True,6.209582794625135e-07,
80.7,87.638,87.613,4.5,-6.829859702870995,197.02596187462285,-3.1315687178618394,5.3758236611042145,0.007629878944244058,423.1493501496065,-0.0005296101172959351,8.724370011226057e-05,5.4166666667,5.45769558197328,0.0026065612723741205,5.457973754490226,0.00236296476512345,True,Solve_Succeeded,1,0.01741395799763268,0.02053693900234066,0.020755952995386906,True,5.952457273750156e-07,
80.8,87.738,87.715,4.5,-7.378051671387939,197.02025731304133,-3.1308155192959823,5.375648662727745,0.00710329930294135,423.69757134116685,-0.000525203500038376,-6.17322174640833e-05,5.4166666667,5.457973754490226,0.00236296476512345,5.458309761947099,0.0020872185995367124,True,Solve_Succeeded,1,0.01721053499932168,0.020028039994940627,0.020284678997995798,True,5.71684148020779e-07,
80.9,87.838,87.817,4.5,-7.926222551101355,197.0141564531557,-3.1301260282707446,5.375494423006829,0.0063912262357126454,424.24577574569673,-0.0005861565120751852,-0.00015504228835672151,5.4166666667,5.458309761947099,0.0020872185995367124,5.458687371746017,0.0017925458852677434,True,Solve_Succeeded,1,0.01700619100301992,0.021105578998685814,0.021453378998558037,True,5.513478633645263e-07,
81.0,87.939,87.919,4.5,-8.474374808676458,197.00769928056118,-3.1295179023471307,5.375363831245346,0.005529547292120351,424.7939656137311,-0.0006870163858742669,-0.00021035187743301265,5.4166666667,5.458687371746017,0.0017925458852677434,5.459593260292685,0.0014864221049716644,True,Solve_Succeeded,2,0.02512133400159655,0.028539013001136482,0.029225097998278216,True,1.9308877163837224e-08,
81.1,88.038,88.021,4.5,-9.022511331141411,197.00093416116448,-3.129003841231739,5.375258691409409,0.004570649278556779,425.3421434688281,-0.0008107291333375402,-0.00024036712323027842,5.4166666667,5.459593260292685,0.0014864221049716644,5.4604083984450575,0.00117400055462627,True,Solve_Succeeded,2,0.02491860399459256,0.028674197994405404,0.028980654999031685,True,1.959215545355164e-08,
81.2,88.138,88.123,4.5,-9.570636263445609,196.99391488584303,-3.1285912759867713,5.375204069234691,0.003556214693268726,425.890312959465,-0.0009456935211073994,-0.0002525239642769961,5.4166666667,5.4604083984450575,0.00117400055462627,5.461137925312857,0.0008442761203738968,True,Solve_Succeeded,2,0.024843277999025304,0.02852449400234036,0.029022488997725304,True,1.9780602933394675e-08,
81.3,88.238,88.225,4.5,-10.118755738539079,196.9866985348735,-3.128285551239288,5.375199883632913,0.002492850997527239,426.438479612778,-0.001083634199090115,-0.0002521690893466655,5.4166666667,5.461137925312857,0.0008442761203738968,5.461782663496533,0.000501885866211335,True,Solve_Succeeded,2,0.025259283000195865,0.028500882996013388,0.029093659002683125,True,1.9864609512865172e-08,
81.4,88.338,88.327,4.5,-10.66687523999131,196.9793452195447,-3.1280934278616046,5.3752385238418405,0.0013335852695056918,426.986648207491,-0.0012193042101404515,-0.0002460596762960954,5.4166666667,5.461782663496533,0.000501885866211335,5.4623407056947455,0.00016435215636076653,True,Solve_Succeeded,2,0.025839553003606852,0.028967542995815165,0.029250485000375193,True,1.9890463498484223e-08,
81.5,88.438,88.429,4.5,-11.214999593110504,196.97192054193258,-3.128028065063266,5.375311612678403,9.962522535477713e-05,427.5348227436177,-0.0013529371433338194,-0.00024734608884768866,5.4166666667,5.4623407056947455,0.00016435215636076653,5.462812660767993,-0.0001611556318545638,True,Solve_Succeeded,2,0.024979308996989857,0.02783207799802767,0.028090630999940913,True,1.988952202935934e-08,
81.6,88.538,88.531,4.5,-11.763132369349034,196.96448441264377,-3.1280271551408743,5.375405720089643,3.033852438414118e-07,428.08300601936907,-0.0014790517141778738,-0.00019370743284996553,5.4166666667,5.462812660767993,-0.0001611556318545638,5.46327648041212,-0.0008811656738263796,True,Solve_Succeeded,2,0.026880612997047137,0.03106164400378475,0.031395746002090164,True,2.0080163309899035e-08,
81.7,88.638,88.633,4.5,-12.31127579053025,196.9570496449754,-3.128036162948002,5.375518032289586,-0.00013368943555116687,428.6312001167564,-0.0015450441093858053,-3.059208282429893e-05,5.4166666667,5.46327648041212,-0.0008811656738263796,5.463701006684202,-0.0016556020690101357,True,Solve_Succeeded,2,0.027057838000473566,0.031359485001303256,0.03175759400619427,True,1.9993444233534774e-08,
81.8,88.738,88.735,4.5,-12.85943119952664,196.94962990315673,-3.1280962861898063,5.3756308839302385,-0.0009157273182463706,429.1794061829586,-0.0014991353532843414,0.00020082106835772606,5.4166666667,5.463701006684202,-0.0016556020690101357,5.4641005032484316,-0.002434332350200702,True,Solve_Succeeded,2,0.024581635996582918,0.02797229099815013,0.02833982500305865,True,2.0041916570789908e-08,
81.9,88.838,88.837,4.5,-13.40759807412158,196.942269854915,-3.1282619081886693,5.375728272290389,-0.0020738836539534898,429.727623018096,-0.0013205074899734542,0.0004461674963063267,5.4166666667,5.4641005032484316,-0.002434332350200702,5.464490117520891,-0.0032108871681983454,True,Solve_Succeeded,2,0.02455939799983753,0.02790409600129351,0.02816962199722184,True,2.0133986922132863e-08,
82.0,88.938,88.905,4.5,-13.773048998597156,196.93742855812502,-3.1284530948463187,5.375797186490223,-0.003619621840126983,430.0931063751748,-0.0011275859619739495,0.000595320177522396,5.4166666667,5.464490117520891,-0.0032108871681983454,5.464846418591881,-0.0038483427250816304,True,Solve_Succeeded,2,0.02654899999470217,0.03042455200193217,0.030868590001773555,True,2.9879762664108966e-08,
82.1,89.038,89.007,4.5,-14.321237024507512,196.93033987625392,-3.1289185445711714,5.375913983908937,-0.005931190652783383,430.64134068295186,-0.0007541114018031993,0.0007399359497095581,5.4166666667,5.464846418591881,-0.0038483427250816304,5.464471187098537,-0.004110708410767641,True,Solve_Succeeded,1,0.017723973003739957,0.02083656700415304,0.0211192269998719,True,6.007249222506061e-07,
82.2,89.138,89.109,4.5,-14.869441042059545,196.9235735033301,-3.1296271147660724,5.376025371100433,-0.008127218794767656,431.1895867029387,-0.00033589839004484213,0.0007609183416397158,5.4166666667,5.464471187098537,-0.004110708410767641,5.464243326332949,-0.004160749289994042,True,Solve_Succeeded,1,0.018164102999435272,0.021733365996624343,0.02204944299592171,True,5.869720052231742e-07,
82.3,89.238,89.211,4.5,-15.417659169236662,196.91724953971672,-3.1305059607645953,5.376072530055253,-0.008930406799971787,431.7378412759163,7.251035568997131e-05,0.0007311277883119693,5.4166666667,5.464243326332949,-0.004160749289994042,5.4645871770302925,-0.004319584378796409,True,Solve_Succeeded,2,0.0255891690030694,0.029695149998588022,0.0299974099980318,True,1.9886997826290553e-08,
82.4,89.338,89.313,4.5,-15.965882089868844,196.91141216263986,-3.131355615237514,5.376012264062766,-0.00711393121533148,432.2860948563376,0.0004925466944737447,0.000849102059828688,5.4166666667,5.4645871770302925,-0.004319584378796409,5.4649990583984955,-0.005134928154501579,True,Solve_Succeeded,2,0.02600096900278004,0.029854672000510618,0.030252807002398185,True,3.0631358782784446e-08,
82.5,89.438,89.415,4.5,-16.514096523295024,196.9059830892704,-3.131986457377525,5.375798805351825,-0.005210512467992425,432.8343351437853,0.0010495320802045506,0.0012154710110050537,5.4166666667,5.4649990583984955,-0.005134928154501579,5.465524155255559,-0.0060964567078443,True,Solve_Succeeded,2,0.02612747500097612,0.028793379999115132,0.0292886110037216,True,3.07205887395412e-08,
82.6,89.538,89.517,4.5,-17.0622752840575,196.90085143762698,-3.1324572986662838,5.3752620127700315,-0.003992103342631643,433.382535962161,0.0018481483409491795,0.0017128361950482507,5.4166666667,5.465524155255559,-0.0060964567078443,5.466334061701202,-0.007253507102890149,True,Solve_Succeeded,2,0.026450234996445943,0.030375451999134384,0.03086157900543185,True,3.2087282164638964e-08,
82.7,89.638,89.619,4.5,-17.610387444288396,196.89595039294866,-3.1328333304262848,5.374442577267274,-0.0032255042305801692,433.9306667219795,0.0029394327701259336,0.00227594846260315,5.4166666667,5.466334061701202,-0.007253507102890149,5.467517805337814,-0.008578266327890318,True,Solve_Succeeded,2,0.026626118997228332,0.03073589300038293,0.031047039999975823,True,3.4019486783165576e-08,
82.8,89.738,89.721,4.5,-18.158405185310173,196.89123934444748,-3.1331532649329388,5.3734253640343015,-0.0027732739900084864,434.47869960780764,0.004348091177769464,0.002866049777111801,5.4166666667,5.467517805337814,-0.008578266327890318,5.469088855449007,-0.010015220323404258,True,Solve_Succeeded,2,0.02613511500385357,0.030272966003394686,0.03058663699630415,True,3.6438591699550216e-08,
82.9,89.838,89.823,4.5,-18.706325586641526,196.88670781552898,-3.1336017034764203,5.372573248175739,-0.010230984772130108,435.0266314804389,0.006068487538373105,0.003298539019812363,5.4166666667,5.469088855449007,-0.010015220323404258,5.470423982404749,-0.009053331218221355,True,Solve_Succeeded,2,0.025953481999749783,0.03147142600209918,0.031948411000485066,True,3.467637732512685e-08,
83.0,89.938,89.925,4.5,-19.254186460554834,196.88273532865898,-3.1351365676780554,5.372226575141041,-0.017905388488441965,435.57449846635916,0.007704834829310937,0.002615556419825804,5.4166666667,5.470423982404749,-0.009053331218221355,5.471366780406202,-0.007303092461755891,True,Solve_Succeeded,2,0.02640753999730805,0.031627496995497495,0.03200052499596495,True,3.40845183188776e-08,
83.1,90.038,90.027,4.5,-19.80204656632891,196.8798221851636,-3.137450588872314,5.372414845564475,-0.022095269079236347,436.1223585891718,0.008740637181282077,0.001124458131970929,5.4166666667,5.471366780406202,-0.007303092461755891,5.47161400245907,-0.004840978166104665,True,Solve_Succeeded,2,0.02666083500662353,0.030315869000332896,0.03056463199754944,True,3.3474305105585245e-08,
83.2,90.138,90.129,4.5,-20.349951431462838,196.87818919508854,-3.139670853794059,5.3729315723494375,-0.017237426366495612,436.67025884758226,0.008939109374334743,-0.0003017821173569857,5.4166666667,5.47161400245907,-0.004840978166104665,5.471474199868974,-0.004126598609338682,True,Solve_Succeeded,2,0.027504619996761903,0.03128649000427686,0.03163967999716988,True,3.5329088987623436e-08,
83.3,90.238,90.231,4.5,-20.89791136285693,196.87760450628494,-3.1412701098663693,5.373390952629938,-0.012288104233113582,437.2182122622327,0.00851631765317987,-0.0011359068880629763,5.4166666667,5.471474199868974,-0.004126598609338682,5.470930135408661,-0.0031744114410062157,True,Solve_Succeeded,2,0.02822675499919569,0.03242489200056298,0.032737421002821065,True,3.119590807898476e-08,
83.4,90.338,90.333,4.5,-21.44590299613329,196.87773813198402,3.1408410904301793,5.373499196222236,-0.008969645170965424,437.766197435329,0.007786511420103273,-0.001473818207726541,5.4166666667,5.470930135408661,-0.0031744114410062157,5.470387849654747,-0.0026592100521410705,True,Solve_Succeeded,2,0.027916350001760293,0.03205805999459699,0.032451104001665954,True,3.0967316710928117e-08,
83.5,90.438,90.435,4.5,-21.993898845684416,196.8783746018788,3.140062333345779,5.373588224646936,-0.006548111177162125,438.31418781363965,0.006949348338328307,-0.0015453590007121995,5.4166666667,5.470387849654747,-0.0026592100521410705,5.469900941354766,-0.002430117350991047,True,Solve_Succeeded,2,0.024803189000522252,0.028730300997267477,0.029089674004353583,True,3.063116782442421e-08,
83.6,90.538,90.537,4.5,-22.541910980896102,196.8793782377374,3.13948843504584,5.37381206978104,-0.004878395878500302,438.8621958220813,0.006124638973275259,-0.0014410101894468674,5.4166666667,5.469900941354766,-0.002430117350991047,5.469404558122406,-0.0023519154188358284,True,Solve_Succeeded,2,0.02472173800197197,0.029185911000240594,0.02946284000063315,True,3.0245201898537744e-08,
83.7,90.638,90.605,4.5,-22.907266338010004,196.8802037479962,3.1391872258872313,5.373990197388286,-0.0040693955525847115,439.2275492065795,0.005621488998680923,-0.0013061458867777986,5.4166666667,5.469404558122406,-0.0023519154188358284,5.468932733586088,-0.0023149621486646703,True,Solve_Succeeded,2,0.024665707001986448,0.028088241000659764,0.02835575200151652,True,2.9906007448232685e-08,
83.8,90.738,90.707,4.5,-23.45532204580848,196.88162612849624,3.1388223116443377,5.374254548954302,-0.0031721376560763064,439.7756030490125,0.004975531270342593,-0.0010410900964283876,5.4166666667,5.468932733586088,-0.0023149621486646703,5.468488601781645,-0.0025359409447865996,True,Solve_Succeeded,2,0.024230220005847514,0.027300390000164043,0.027696119002939668,True,2.980342284075732e-08,
83.9,90.838,90.809,4.5,-24.00340188191705,196.88322696919874,3.1385314952888352,5.3744682489991265,-0.0025728373952439575,440.323682169721,0.004488481979696602,-0.0007309139525162321,5.4166666667,5.468488601781645,-0.0025359409447865996,5.4680759716373535,-0.002779945965557852,True,Solve_Succeeded,2,0.025232706997485366,0.028276863995415624,0.028549554997880477,True,2.9470820450683277e-08,
84.0,90.938,90.911,4.5,-24.551499658493608,196.88497276216512,3.1382901775624314,5.374610616519726,-0.0020567725441338635,440.87178016674227,0.004177976953112093,-0.0004002286824262847,5.4166666667,5.4680759716373535,-0.002779945965557852,5.4677451424496635,-0.0031489099722629373,True,Solve_Succeeded,2,0.026166042996919714,0.030022409999219235,0.030318545999762136,True,2.950765320974824e-08,
84.1,91.038,91.013,4.5,-25.09960575973068,196.88684139473165,3.138080535978601,5.374634337581661,-0.0019020467166314908,441.4198872108291,0.004050226392258504,-6.687001684424487e-05,5.4166666667,5.4677451424496635,-0.0031489099722629373,5.467517527723003,-0.003488948293282906,True,Solve_Succeeded,2,0.024209142997278832,0.02739590399869485,0.027808432998426724,True,2.9490763608919224e-08,
84.2,91.138,91.115,4.5,-25.64770771087067,196.88881913895506,3.137890223650048,5.374535880839287,-0.0017395202980469743,441.9679906384114,0.004103021078373493,0.00025680206228928526,5.4166666667,5.467517527723003,-0.003488948293282906,5.4674397010858655,-0.003916781259659259,True,Solve_Succeeded,2,0.025602144000004046,0.028959898998436984,0.029201618002844043,True,2.9876336071765763e-08,
84.3,91.238,91.217,4.5,-26.19579289795517,196.89089799808823,3.137710341458524,5.374317684546565,-0.0016661033031599602,442.51607768308463,0.004328394252969924,0.0005618785643415336,5.4166666667,5.4674397010858655,-0.003916781259659259,5.46752146522384,-0.0043424609149455284,True,Solve_Succeeded,2,0.024661087998538278,0.02747475499927532,0.028096071000618394,True,3.023312711292192e-08,
84.4,91.338,91.319,4.5,-26.74385047640046,196.89307391810559,3.1375346799251527,5.3740047862476565,-0.0016293449261993828,443.06413738924334,0.004714423146707887,0.0008421449075615151,5.4166666667,5.46752146522384,-0.0043424609149455284,5.467772296778189,-0.0047923951520836535,True,Solve_Succeeded,2,0.0259721990005346,0.030160465998051222,0.03041296699666418,True,3.085952560155647e-08,
84.5,91.438,91.421,4.5,-27.291871401360044,196.8953457391113,3.137359020088529,5.373610119359548,-0.0016205030014187578,443.61216064435007,0.005246285551726541,0.0010933813218043653,5.4166666667,5.467772296778189,-0.0047923951520836535,5.468189999674934,-0.005248971012358302,True,Solve_Succeeded,2,0.025185125996358693,0.02881905899994308,0.029288821999216452,True,3.1573282655017465e-08,
84.6,91.538,91.523,4.5,-27.83984812295529,196.89771429239488,3.1371806517158944,5.373148791898858,-0.0016473667053753022,444.16013987266456,0.005907168107469905,0.0013128803382427279,5.4166666667,5.468189999674934,-0.005248971012358302,5.468766664945431,-0.005705136404324498,True,Solve_Succeeded,2,0.023976543001481332,0.026931538995995652,0.027355561003787443,True,3.240522161718218e-08,
84.7,91.638,91.625,4.5,-28.387774578559448,196.90018155725627,3.1369975744453313,5.3726356409814064,-0.001685571792443235,444.7080690231634,0.00667911514060019,0.001498647498641148,5.4166666667,5.468766664945431,-0.005705136404324498,5.469491382510833,-0.00616445399450333,True,Solve_Succeeded,2,0.025371645999257453,0.02881020199856721,0.029249061000882648,True,3.335996900943883e-08,
84.8,91.738,91.727,4.5,-28.935646216360016,196.90275048959026,3.136808529085525,5.372085792245024,-0.0017451055443210817,445.2559435904159,0.007543205264894907,0.001649432246844107,5.4166666667,5.469491382510833,-0.00616445399450333,5.470347662020814,-0.006619986961843391,True,Solve_Succeeded,2,0.024869698005204555,0.028431145998183638,0.028750474004482385,True,3.4383383251679334e-08,
84.9,91.838,91.829,4.5,-29.48345991155591,196.90542457975428,3.136612628605475,5.371511578040825,-0.0018163677955699569,445.80376052546416,0.008479997344331525,0.0017643584453570504,5.4166666667,5.470347662020814,-0.006619986961843391,5.471318915390114,-0.007076418351068431,True,Solve_Succeeded,2,0.02435699600027874,0.02728144099819474,0.02765679000003729,True,3.54854057249554e-08,
85.0,91.938,91.931,4.5,-30.031214000836734,196.90820766749934,3.13640910476235,5.370928240549043,-0.0018753364928559139,446.35151826562196,0.009469719407365814,0.0018426706177314676,5.4166666667,5.471318915390114,-0.007076418351068431,5.472386579917099,-0.007540514067613685,True,Solve_Succeeded,2,0.026410234000650235,0.029839776005246677,0.030231803000788204,True,3.6644915546446555e-08,
85.1,92.038,92.033,4.5,-30.578909310930996,196.91110412174433,3.1361975196291345,5.370388571208841,-0.0019426781438833486,446.8992177604533,0.010492099378094762,0.0018839455163162098,5.4166666667,5.472386579917099,-0.007540514067613685,5.473512166982376,-0.008006859127576664,True,Solve_Succeeded,2,0.027963347994955257,0.03234138800326036,0.03270714300015243,True,3.761895861487119e-08,
85.2,92.138,92.135,4.5,-31.126556780417587,196.9141212175916,3.135959481134203,5.370030748724119,-0.0016033907251875403,447.4468701026112,0.011524059033403417,0.0018702224581770288,5.4166666667,5.473512166982376,-0.008006859127576664,5.4746262581415746,-0.008582164593763373,True,Solve_Succeeded,2,0.025869584002066404,0.0299997450056253,0.030287786001281347,True,3.898797729107173e-08,
85.3,92.238,92.237,4.5,-31.674183189166172,196.9173876647666,3.1351141160849796,5.370037264928634,-0.00961779713214414,447.99450283128823,0.012427198745391041,0.0012483921084402994,5.4166666667,5.4746262581415746,-0.008582164593763373,5.475059656587173,-0.006101204275353774,True,Solve_Succeeded,2,0.02559227400342934,0.02981771399936406,0.030119522001768928,True,3.710537832546379e-08,
85.4,92.338,92.305,4.5,-32.03927629750864,196.91990190064075,3.1342138177678427,5.37030329163271,-0.015569280943705145,448.35960245361235,0.012762672700610506,0.0005060272495649443,5.4166666667,5.475059656587173,-0.006101204275353774,5.475081217505831,-0.0038740179617134376,True,Solve_Succeeded,2,0.023587169001984876,0.027370158000849187,0.027766833998612128,True,3.5608922033247836e-08,
85.5,92.438,92.407,4.5,-32.58695863443707,196.92442097465545,3.132512546686542,5.371005146709439,-0.013400664542066893,448.9073002421115,0.012629903129606646,-0.0009449595390145227,5.4166666667,5.475081217505831,-0.0038740179617134376,5.474635629882655,-0.0026189667848681105,True,Solve_Succeeded,2,0.024675817003299017,0.02846715100167785,0.02895056999841472,True,3.5810009180181623e-08,
85.6,92.538,92.509,4.5,-33.134711617468064,196.92974778230308,3.1313181213964296,5.371756814202316,-0.008602473226295967,449.45507528873196,0.011831495271022716,-0.001873021716642054,5.4166666667,5.474635629882655,-0.0026189667848681105,5.473819801842016,-0.0018514703669340702,True,Solve_Succeeded,2,0.024867296997399535,0.029824220997397788,0.03050196999538457,True,3.324204289611998e-08,
85.7,92.638,92.611,4.5,-33.682523501753664,196.93559608215187,3.130556893573143,5.37229870763675,-0.006433533004850129,450.0029139689651,0.010662429963827337,-0.00235180287579162,5.4166666667,5.473819801842016,-0.0018514703669340702,5.472816678632264,-0.0008553951637263801,True,Solve_Succeeded,2,0.026446299998497125,0.02936073000455508,0.030045264000364114,True,3.174875118361342e-08,
85.8,92.738,92.713,4.5,-34.23039636988001,196.9418018012556,3.130008166330309,5.373051713361153,-0.005061262019584243,450.550817301748,0.009295642617731931,-0.002601987514197379,5.4166666667,5.472816678632264,-0.0008553951637263801,5.471689853050607,-0.0002507144629865059,True,Solve_Succeeded,2,0.026151976999244653,0.02965034200315131,0.029900699002610054,True,3.113369473339844e-08,
85.9,92.838,92.815,4.5,-34.77834560772432,196.94826345676623,3.1296425115782487,5.373824802791059,-0.002643059195764714,451.0988000164935,0.00784161577345882,-0.0026529820810576865,5.4166666667,5.471689853050607,-0.0002507144629865059,5.470524203953617,-0.00023369188868586403,True,Solve_Succeeded,2,0.02830616300343536,0.032552595002925955,0.032840886000485625,True,3.045857610572966e-08,
86.0,92.938,92.917,4.5,-35.32637081318205,196.95485766371212,3.1295216166389124,5.374596165454491,-8.779247177697518e-05,451.6468607257618,0.006432610870792496,-0.0024430847915115628,5.4166666667,5.470524203953617,-0.00023369188868586403,5.4693562884597196,-0.0005854194601347162,True,Solve_Succeeded,2,0.028097856004023924,0.031848894999711774,0.03215033299784409,True,2.9607813090137824e-08,
86.1,93.038,93.019,4.5,-35.874474543609736,196.96146176039315,3.1295431630605846,5.375328515198333,-0.0008391970569416073,452.1950008421246,0.005200206055498604,-0.00207459692705303,5.4166666667,5.4693562884597196,-0.0005854194601347162,5.468099338979472,-0.0003397732794769543,True,Solve_Succeeded,2,0.024646630998176988,0.02779290399485035,0.02826506699784659,True,2.866492732067627e-08,
86.2,93.138,93.121,4.5,-36.422646920048656,196.9680641139346,3.1295542339904725,5.375942585375391,-0.0005018441057142829,452.7432103039633,0.004164842938097454,-0.0017004247173164624,5.4166666667,5.468099338979472,-0.0003397732794769543,5.466999064388042,-0.0008210645747436263,True,Solve_Succeeded,2,0.024490999996487517,0.028119121998315677,0.028662298995186575,True,2.8654358885660258e-08,
86.3,93.238,93.223,4.5,-36.97087610097398,196.9746616837267,3.129564447234702,5.376439035207912,-0.00038616215532168407,453.29147714066846,0.0033383487808030994,-0.0013109412122975783,5.4166666667,5.466999064388042,-0.0008210645747436263,5.465349733126856,-0.0011465206031643033,True,Solve_Succeeded,1,0.01583196900173789,0.019235596002545208,0.01975519600091502,True,6.661712337319159e-07,
86.4,93.338,93.325,4.5,-37.51915055377022,196.98125451865155,3.1295723480843143,5.376831047403838,-0.0002718947028918934,453.83978969696585,0.002729459405372632,-0.0009075921048027347,5.4166666667,5.465349733126856,-0.0011465206031643033,5.46461288745495,-0.001659717603220314,True,Solve_Succeeded,2,0.023967770001036115,0.028079212999728043,0.028496575003373437,True,1.8641776122763076e-08,
86.5,93.438,93.427,4.5,-38.0674588056687,196.9878439862528,3.129577462603983,5.3770962173713155,-0.00017137073074516496,454.3881363683922,0.002345586371578588,-0.0004908426028764622,5.4166666667,5.46461288745495,-0.001659717603220314,5.46402274973785,-0.002270462724125528,True,Solve_Succeeded,2,0.025546052995196078,0.028490077005699277,0.028949899999133777,True,1.8623269149031785e-08,
86.6,93.538,93.529,4.5,-38.61578818576057,196.99443594649537,3.129551416764024,5.377231562799977,-0.0005830991760993703,454.9365043830489,0.0021896272509938303,-8.905926407853926e-05,5.4166666667,5.46402274973785,-0.002270462724125528,5.4635838316106735,-0.00281620248767962,True,Solve_Succeeded,2,0.024050608000834472,0.02696746999572497,0.02746243599540321,True,1.859603049325642e-08,
86.7,93.638,93.631,4.5,-39.16412237806632,197.00106062033151,3.129466632528685,5.377206761201021,-0.00033974922642908786,455.48487761039985,0.0022400644054545874,0.0002701841079049139,5.4166666667,5.4635838316106735,-0.00281620248767962,5.463390457508535,-0.0036266855257099133,True,Solve_Succeeded,2,0.02516821999597596,0.029385353001998737,0.029655076999915764,True,1.926946868735513e-08,
86.8,93.738,93.733,4.5,-39.712448357062875,197.00772997007655,3.1293984136768502,5.377070553194103,-0.0003350960563378938,456.03324300445223,0.0024936610789749974,0.0006621972836020618,5.4166666667,5.463390457508535,-0.0036266855257099133,5.463408131464128,-0.004399980166056093,True,Solve_Succeeded,2,0.02532902800157899,0.02888001599785639,0.029528291001042817,True,1.9480603796750984e-08,
86.9,93.838,93.835,4.5,-40.26074740504493,197.01443249673002,3.1293375430181674,5.3766604650601915,-0.0005658669952753618,456.58158151291605,0.0029705491350755834,0.0010777632390825966,5.4166666667,5.463408131464128,-0.004399980166056093,5.463736885137136,-0.0052563367765666065,True,Solve_Succeeded,2,0.024374461005209014,0.027838706999318674,0.02836077100073453,True,2.0470412032125296e-08,
87.0,93.938,93.937,4.5,-40.808987327866205,197.02117367645752,3.1292497859911723,5.375933895001482,-0.0009227625852839852,457.12986079619765,0.0036736724863881062,0.0014826342063862796,5.4166666667,5.463736885137136,-0.0052563367765666065,5.464451066326379,-0.006152838826866905,True,Solve_Succeeded,2,0.026206140995782334,0.03187734100356465,0.032212416001129895,True,2.170500490450422e-08,
87.1,94.038,94.005,4.5,-41.17443381348726,197.0256984510595,3.1291707656497545,5.375327302267924,-0.0011314844615577945,457.4953334796254,0.004263087196829695,0.001741021837335488,5.4166666667,5.464451066326379,-0.006152838826866905,5.465422989340098,-0.007156530522647188,True,Solve_Succeeded,2,0.024274390998471063,0.027957569996942766,0.0282350609995774,True,3.3428369405896774e-08,
87.2,94.138,94.107,4.5,-41.72251932393767,197.03254528951152,3.1290258890505913,5.374297825829352,-0.0014074102107361267,458.0434582489657,0.005320819454874437,0.00211573736351367,5.4166666667,5.465422989340098,-0.007156530522647188,5.466797765204171,-0.008182285743989215,True,Solve_Succeeded,2,0.02363259000412654,0.030081933000474237,0.03041652600222733,True,3.571739348728897e-08,
87.3,94.238,94.209,4.5,-42.27049430100951,197.03947783335207,3.128853465473481,5.373202880437804,-0.001644454171748546,458.591472445825,0.006580439123679654,0.0024790838108592617,5.4166666667,5.466797765204171,-0.008182285743989215,5.468542161415487,-0.009303176887153304,True,Solve_Succeeded,2,0.02391853699373314,0.027004644005501177,0.02725879700301448,True,3.8950904723833446e-08,
87.4,94.338,94.311,4.5,-42.81836085580095,197.04651344024262,3.1286325959539703,5.372246653341665,-0.0018559886653784908,459.13937821916426,0.008033375670823923,0.0028101769512867136,5.4166666667,5.468542161415487,-0.009303176887153304,5.470529062805126,-0.010486714824388,True,Solve_Succeeded,2,0.025634644996898714,0.029265303994179703,0.02950950800004648,True,4.1867034283882276e-08,
87.5,94.438,94.413,4.5,-43.3661472639986,197.05387009632378,3.127495282992385,5.371771790403424,-0.013614102630980887,459.6872071706967,0.009470891403570566,0.0022410662440592866,5.4166666667,5.470529062805126,-0.010486714824388,5.4716383119795085,-0.007193296439019906,True,Solve_Succeeded,2,0.02380814799835207,0.027050864999182522,0.02730580000206828,True,3.956921013070769e-08,
87.6,94.538,94.515,4.5,-43.913904699427434,197.0621063222504,3.125447369661765,5.3719010945593775,-0.023126316472611534,460.23502004286985,0.010344227327710152,0.0007776779967891834,5.4166666667,5.4716383119795085,-0.007193296439019906,5.472163170191135,-0.004001220464685579,True,Solve_Succeeded,2,0.025010479999764357,0.028186745003040414,0.028565405002154876,True,3.7665855323609776e-08,
87.7,94.638,94.617,4.5,-44.461678333931445,197.07164766143572,3.122978449122538,5.372471579966616,-0.01992405587875966,460.78287058228665,0.01023762865227098,-0.0010903109335691497,5.4166666667,5.472163170191135,-0.004001220464685579,5.472228863236482,-0.0027487182988095394,True,Solve_Succeeded,2,0.024644935998367146,0.02851263699994888,0.02931162299501011,True,3.984536345313927e-08,
87.8,94.738,94.719,4.5,-45.00949623168555,197.08235496908958,3.1212487256206445,5.3731075453949515,-0.013601306756187424,461.3307862853247,0.00929977002586257,-0.0022026351496271523,5.4166666667,5.472228863236482,-0.0027487182988095394,5.471851532491461,-0.0019946558228095494,True,Solve_Succeeded,2,0.02601329400204122,0.030154336003761273,0.030636230992968194,True,3.561913786143123e-08,
87.9,94.838,94.821,4.5,-45.55734769375048,197.09383920508304,3.1200909139408295,5.3734555888213995,-0.01021342319354224,461.8787509372568,0.00792853545424577,-0.0027265656341080025,5.4166666667,5.471851532491461,-0.0019946558228095494,5.471362630261578,-0.001412385925948075,True,Solve_Succeeded,2,0.024142378999385983,0.028152478000265546,0.028672386004473083,True,3.48086226509281e-08,
88.0,94.938,94.923,4.5,-46.1052243815195,197.10584612418495,3.1193411417999233,5.373855082154469,-0.0071340821364297025,462.42675213636176,0.006392463719560091,-0.0027902013726652797,5.4166666667,5.471362630261578,-0.001412385925948075,5.471013295629717,-0.0018572987889326916,True,Solve_Succeeded,2,0.026285467996785883,0.029207926003437024,0.029615313003887422,True,3.555695293755434e-08,
88.1,95.038,95.025,4.5,-46.65313729433946,197.11820067560467,3.1188000326633807,5.374335816309074,-0.004581875004321245,462.9747978088223,0.0049179277011956336,-0.002525641658047029,5.4166666667,5.471013295629717,-0.0018572987889326916,5.470748491156342,-0.002716700192506532,True,Solve_Succeeded,2,0.02360150800086558,0.02706547900015721,0.027316276005876716,True,3.529570058447007e-08,
88.2,95.138,95.127,4.5,-47.20109707310122,197.13079198926744,3.118426043117322,5.374847966736891,-0.005006575550486285,463.52289688779194,0.003682384225409241,-0.0019728658730131516,5.4166666667,5.470748491156342,-0.002716700192506532,5.469838774018237,-0.0033762865165596154,True,Solve_Succeeded,1,0.01619437800400192,0.02020666899625212,0.02049498999986099,True,9.918804488862065e-07,
88.3,95.238,95.229,4.5,-47.74909893307179,197.14360441985258,3.1179946352234773,5.37522398810945,-0.005002399670404483,464.0710443983518,0.002767825940557625,-0.0013564759812783045,5.4166666667,5.469838774018237,-0.0033762865165596154,5.4699811053248535,-0.004683125291248039,True,Solve_Succeeded,2,0.023742848003166728,0.026902379999228287,0.027383793996705208,True,3.5495993699896644e-08,
88.4,95.338,95.331,4.5,-48.297122855401085,197.15666682860717,3.117537056143024,5.375402292239883,-0.004121769278303702,464.6192208174428,0.0022113486029087816,-0.0006453687865279889,5.4166666667,5.4699811053248535,-0.004683125291248039,5.470410366775951,-0.006429504470249067,True,Solve_Succeeded,2,0.02509494699916104,0.028001096994557884,0.028258767997613177,True,3.7283216514083506e-08,
88.5,95.438,95.433,4.5,-48.84515044672109,197.16995951346712,3.117158827496643,5.375355347101891,-0.0033165487842696044,465.16740684409405,0.002098487022744156,0.00026577310722109,5.4166666667,5.470410366775951,-0.006429504470249067,5.471215033860003,-0.00860934553507243,True,Solve_Succeeded,2,0.024026680999668315,0.028221431995916646,0.02872298900183523,True,3.7987692103058635e-08,
88.6,95.538,95.535,4.5,-49.39314652298041,197.1834419095823,3.1168359510008954,5.374854906141657,-0.0028763115355423105,465.71556535048165,0.0025349982272413157,0.0013526381234334472,5.4166666667,5.471215033860003,-0.00860934553507243,5.472570472428278,-0.011264988027062424,True,Solve_Succeeded,2,0.028094849003537092,0.033231950998015236,0.03353413000149885,True,3.9217858294193775e-08,
88.7,95.638,95.637,4.5,-49.941068703675654,197.19709340823476,3.116519422770392,5.3740776389982114,-0.0024614582987126598,466.2636518674472,0.003606141819366332,0.002565810253731815,5.4166666667,5.472570472428278,-0.011264988027062424,5.47451509248836,-0.014468904582636659,True,Solve_Succeeded,2,0.024166618000890594,0.026897746996837668,0.027202971003134735,True,4.0318597349653373e-08,
88.8,95.738,95.705,4.5,-50.30630640959319,197.2063661238359,3.1156448816544047,5.373720277357363,-0.020587629382018174,466.6290013770651,0.0046273187997546185,0.0027775337320155025,5.4166666667,5.47451509248836,-0.014468904582636659,5.475289638828282,-0.011583470039522212,True,Solve_Succeeded,2,0.023708697000984102,0.026564079998934176,0.027056792998337187,True,6.898237003838403e-08,
88.9,95.838,95.807,4.5,-50.85411891251405,197.22123586537637,3.1129915936200443,5.373743880602028,-0.03530169428610201,467.1770049162384,0.005965917747161713,0.0018531797156771113,5.4166666667,5.475289638828282,-0.011583470039522212,5.4754977123004425,-0.009056030970034785,True,Solve_Succeeded,2,0.02363172500190558,0.028158487999462523,0.028479945001890883,True,4.411152065841861e-08,
89.0,95.938,95.909,4.5,-51.40191176248853,197.23795700096747,3.1091831029931685,5.374390688701475,-0.03498380965152047,467.725041324428,0.0064335940882023065,-0.00010709460540425653,5.4166666667,5.4754977123004425,-0.009056030970034785,5.4749039295951505,-0.007952184734530379,True,Solve_Succeeded,2,0.026100839997525327,0.02913196900044568,0.029506289996788837,True,4.962026611821102e-08,
89.1,96.038,96.011,4.5,-51.94972066687759,197.25668487934394,3.105789497072951,5.375266763847443,-0.027376218128784,468.2731579584633,0.005941721564702772,-0.0015334418830730279,5.4166666667,5.4749039295951505,-0.007952184734530379,5.473624138148863,-0.007766566198884074,True,Solve_Succeeded,2,0.024106137003400363,0.027264557997114025,0.027673558004607912,True,7.091634124378743e-08,
89.2,96.138,96.113,4.5,-52.497557764913374,197.27702150863237,3.10330103331044,5.375987067032304,-0.019724889576546105,468.821360246323,0.004953940437577879,-0.0019360167931958825,5.4166666667,5.473624138148863,-0.007766566198884074,5.472105458057286,-0.008255598516843328,True,Solve_Succeeded,2,0.02491096999438014,0.028398132999427617,0.028675703004410025,True,8.714652199870443e-08,
89.3,96.238,96.215,4.5,-53.045408009118155,197.29853942993927,3.1014293705127027,5.376393778337102,-0.015609654277410052,469.36962230516633,0.0039620824003117555,-0.0016037473234025157,5.4166666667,5.472105458057286,-0.008255598516843328,5.470649519651357,-0.008440330495446614,True,Solve_Succeeded,2,0.025448893997236155,0.02953013400110649,0.029837262998626102,True,9.194242966970023e-08,
89.4,96.338,96.317,4.5,-53.5932468325714,197.32100613732698,3.099771057868041,5.376523411306086,-0.015712183204025894,469.91791290940273,0.0032622883360403734,-0.0009407674406918254,5.4166666667,5.470649519651357,-0.008440330495446614,5.46945133177031,-0.00750894110205406,True,Solve_Succeeded,2,0.02517461500247009,0.02842888599843718,0.02894444300181931,True,7.626814824135408e-08,
89.5,96.438,96.419,4.5,-54.141051364461994,197.3444052879262,3.098009242859639,5.376509171601774,-0.017074835885465503,470.4662094409986,0.0029342034230453945,-0.00026465198544078916,5.4166666667,5.46945133177031,-0.00750894110205406,5.468656860043895,-0.005518773578135292,True,Solve_Succeeded,2,0.02403591499751201,0.02768940199894132,0.02806823799619451,True,5.233046618258186e-08,
89.6,96.538,96.521,4.5,-54.68880872953964,197.36880014271927,3.096195871156918,5.376462974239529,-0.015495232201689314,471.0145023569027,0.0029778370667572674,0.000475813045341944,5.4166666667,5.468656860043895,-0.005518773578135292,5.468351101460499,-0.0031270850355005412,True,Solve_Succeeded,2,0.025249963997339364,0.028958631002751645,0.029321490997972433,True,3.908859280699062e-08,
89.7,96.638,96.623,4.5,-55.236518402199984,197.39412402146996,3.0946693558702285,5.376413101250253,-0.01158557041600293,471.5627891488009,0.0034987344605031606,0.0013972234406041117,5.4166666667,5.468351101460499,-0.0031270850355005412,5.468668477573483,-8.329094964560121e-05,True,Solve_Succeeded,2,0.025292801998148207,0.027986026005237363,0.028467590003856458,True,3.5934077935451114e-08,
89.8,96.738,96.725,4.5,-55.78418583819609,197.42013820825557,3.0936499709127117,5.376248698674937,-0.008505901220847227,472.11106772672025,0.004414273152823213,0.0018220711844390003,5.4166666667,5.468668477573483,-8.329094964560121e-05,5.469919181674103,0.004178930394278577,True,Solve_Succeeded,2,0.026868191001995,0.030586990003939718,0.031002869000076316,True,3.653635438638503e-08,
89.9,96.838,96.827,4.5,-56.33182368323831,197.4466210972598,3.0929823460342223,5.376493819926525,-0.0027061741476029615,472.6593431230419,0.005351363736661638,0.0015021894968714198,5.4166666667,5.469919181674103,0.004178930394278577,5.472018210473499,0.008601226238394887,True,Solve_Succeeded,2,0.0244933249996393,0.028847214998677373,0.029121419000148308,True,4.019792336495964e-08,
90.0,96.938,96.929,4.5,-56.87951242114782,197.4731987339521,3.0932819811677414,5.37723526653479,0.005166982102719818,473.2076802076021,0.006086799626243425,0.0010545203201668407,5.4166666667,5.472018210473499,0.008601226238394887,5.47490271494003,0.013202574716440733,True,Solve_Succeeded,2,0.026427215001604054,0.03189604599901941,0.03231963500002166,True,4.420583263331501e-08,
90.1,97.038,97.031,4.5,-57.427296039883416,197.49939336866998,3.0946599579233784,5.377846822605247,0.02119052595872199,473.7561013296956,0.0064993201235722265,0.0005896963154001789,5.4166666667,5.47490271494003,0.013202574716440733,5.4783979949134185,0.015719557443613738,True,Solve_Succeeded,2,0.02462644100160105,0.028130758000770584,0.028385392994096037,True,6.97564278839824e-08,
90.2,97.138,97.133,4.5,-57.97518764959284,197.52436150873598,3.097773032753703,5.378345958954771,0.0378562499469179,474.30458128272244,0.006830620408481594,0.0007626333382981798,5.4166666667,5.4783979949134185,0.015719557443613738,5.482661210832797,0.017962459198948573,True,Solve_Succeeded,2,0.025171038003463764,0.02881885900569614,0.029103963999659754,True,6.866511234604467e-08,
90.3,97.238,97.235,4.5,-58.52324077361749,197.54721136806165,3.1022811170326663,5.379205690762538,0.04856765782757309,474.85313938584494,0.007370932129622503,0.0012298160282058213,5.4166666667,5.482661210832797,0.017962459198948573,5.487553578835129,0.02117945046987106,True,Solve_Succeeded,2,0.023335004996624775,0.027287197000987362,0.0276851539965719,True,4.975657100225739e-08,
90.4,97.338,97.337,4.5,-59.071499802799224,197.56732995439762,3.1076958196242104,5.380256838539634,0.05623011421338572,475.4018074556731,0.00812880115990655,0.0014978850842894964,5.4166666667,5.487553578835129,0.02117945046987106,5.492691802322785,0.02493630184435056,True,Solve_Succeeded,2,0.02359815000090748,0.027849266996781807,0.028099843999370933,True,3.33730627022355e-08,
90.5,97.438,97.405,4.5,-59.43712865031128,197.57900343048237,3.11176843541546,5.381053854678386,0.06356231050005759,475.7676564813501,0.008675868257049683,0.0015221456313105897,5.4166666667,5.492691802322785,0.02493630184435056,5.4969778007230765,0.029220220393013994,True,Solve_Succeeded,2,0.024946890996943694,0.027789999003289267,0.02839785900141578,True,1.0767620572949e-08,
90.6,97.538,97.507,4.5,-59.98576580749357,197.5935520457193,3.1184914313987253,5.382397966237459,0.06941552216849382,476.31655063640807,0.009458643738160426,0.0012415928121445319,5.4166666667,5.4969778007230765,0.029220220393013994,5.499630603278702,0.03465409256407792,True,Solve_Succeeded,3,0.03295104199787602,0.03613831100665266,0.03646196300542215,True,1.691116313651264e-08,
90.7,97.638,97.609,4.5,-60.53463586217912,197.60414576211664,3.1263840019462092,5.383838391205228,0.08562132653787737,476.86560342776795,0.010048437613374355,0.001006801638087751,5.4166666667,5.499630603278702,0.03465409256407792,5.499941361272471,0.036732580170901974,True,Solve_Succeeded,3,0.03348718900087988,0.03720112599694403,0.037552831003267784,True,2.15294613248318e-07,
90.8,97.738,97.711,4.5,-61.08372825952909,197.6099855357075,3.1358458940554153,5.38527225802352,0.10259137742859896,477.414824275802,0.010622581874679411,0.0012100157695487113,5.4166666667,5.499941361272471,0.036732580170901974,5.499937233094825,0.03851413461687127,True,Solve_Succeeded,3,0.03307008199772099,0.03602909099572571,0.03626936799992109,True,5.782066061499336e-07,
90.9,97.838,97.813,4.5,-61.633000710947464,197.61017137732745,-3.1363358100116514,5.386806599212578,0.11300302332670982,477.96421343646466,0.011454637579393412,0.0018165978587365572,5.4166666667,5.499937233094825,0.03851413461687127,5.4999173921810725,0.0405532993349537,True,Solve_Succeeded,3,0.032294882999849506,0.0357833779999055,0.036211566999554634,True,5.033594918657514e-07,
91.0,97.938,97.915,4.5,-62.182395242228814,197.60405927012863,-3.1244803350092867,5.388336513970369,0.1191299901978959,478.51378257072406,0.012558419699815054,0.002130368480276257,5.4166666667,5.4999173921810725,0.0405532993349537,5.4999423244825705,0.042467253480533484,True,Solve_Succeeded,3,0.03450830200017663,0.037528355001995806,0.037881619995459914,True,4.317316415480832e-07,
91.1,98.038,98.017,4.5,-62.73182606765651,197.59127149608906,-3.112048247897918,5.38975161903649,0.12472533951485447,479.06353131080334,0.013678787007235963,0.001871513842718997,5.4166666667,5.4999423244825705,0.042467253480533484,5.499982730986995,0.04369285901475529,True,Solve_Succeeded,3,0.03311761400254909,0.03679884599841898,0.037163203000091016,True,3.590882347026536e-08,
91.2,98.138,98.119,4.5,-63.281187998403,197.57149645504802,-3.099058227044283,5.391034141145122,0.13023253285733344,479.61344786314777,0.014493778504339035,0.001019434338639602,5.4166666667,5.499982730986995,0.04369285901475529,5.499992132504648,0.044133027603617515,True,Solve_Succeeded,3,0.033189476998813916,0.036080856996704824,0.036338707999675535,True,2.790171380657623e-07,
91.3,98.238,98.221,4.5,-63.83036589074748,197.54443246555678,-3.0855525990247177,5.392251980453117,0.13431419987173793,480.1635159594751,0.014672780243991298,-0.00046674693333903505,5.4166666667,5.499992132504648,0.044133027603617515,5.499996558985456,0.04390374870456689,True,Solve_Succeeded,3,0.036262111003452446,0.039894264002214186,0.040133167000021785,True,3.301774461304807e-08,
91.4,98.338,98.323,4.5,-64.37924444486377,197.5098446262322,-3.071720836907325,5.393462007920157,0.13599679704232107,480.7137130681049,0.013867057029269858,-0.00238422428807894,5.4166666667,5.499996558985456,0.04390374870456689,5.499997654142586,0.04317549348914476,True,Solve_Succeeded,3,0.032825869995576795,0.03700320600182749,0.03737668599933386,True,2.269079679706465e-08,
91.5,98.438,98.425,4.5,-64.92771203577936,197.4676232933263,-3.057805318952248,5.3946774625549985,0.13534102941570997,481.26400322073727,0.012186985668614507,-0.003598490913355068,5.4166666667,5.499997654142586,0.04317549348914476,5.499997993993791,0.04202759872891145,True,Solve_Succeeded,3,0.03333278700301889,0.03664022299926728,0.03689255400240654,True,1.6127253310571632e-08,
91.6,98.538,98.527,4.5,-65.47566428084804,197.4177898984333,-3.0440263499544904,5.395881381831061,0.1328735762533012,481.81437709444305,0.01001643497100983,-0.004202863580939464,5.4166666667,5.499997993993791,0.04202759872891145,5.499852487228343,0.04051871133735074,True,Solve_Succeeded,2,0.024115054999128915,0.02768522199767176,0.027940958003455307,True,8.351427815966872e-08,
91.7,98.638,98.629,4.5,-66.02300673080232,197.36047389723785,-3.030553769546932,5.397054626058909,0.12902063797034263,482.3648319861174,0.007643503615689692,-0.0043629144319980995,5.4166666667,5.499852487228343,0.04051871133735074,5.498382709785407,0.0387055166273013,True,Solve_Succeeded,2,0.025130474001343828,0.028255757999431808,0.028607698004634585,True,8.439267773496795e-08,
91.8,98.738,98.731,4.5,-66.56965764526875,197.2958884453153,-3.017520247798054,5.398174731501261,0.12407523511705579,482.915367017838,0.005275225397443992,-0.0042093356914771896,5.4166666667,5.498382709785407,0.0387055166273013,5.495631741385573,0.03665423774622183,True,Solve_Succeeded,2,0.02730718199745752,0.03144929400150431,0.03197824199742172,True,7.72878658850118e-08,
91.9,98.838,98.833,4.5,-67.11554711450827,197.2243137396024,-3.0050350894228295,5.399159335879127,0.11824729471206918,483.46597828653154,0.0030530816237136736,-0.003851259690809794,5.4166666667,5.495631741385573,0.03665423774622183,5.491794785286534,0.03441246497776208,True,Solve_Succeeded,2,0.02486606900492916,0.02823655999964103,0.028495152000687085,True,5.4405266958212906e-08,
92.0,98.938,98.935,4.5,-67.66061476368155,197.1460852832117,-2.9931865798463266,5.399928386124386,0.111725197543432,484.01665392303806,0.001064110733130689,-0.0033781741777247913,5.4166666667,5.491794785286534,0.03441246497776208,5.487076429692366,0.03201504445935792,True,Solve_Succeeded,2,0.02640670599794248,0.030927505002182443,0.03127622299507493,True,4.841201572958198e-08,
92.1,99.038,99.037,4.5,-68.2048113297746,197.06158268770176,-2.9820443041271405,5.400417020402592,0.10466103327138113,484.5673743988209,-0.0006488570659213801,-0.0028619680859365286,5.4166666667,5.487076429692366,0.03201504445935792,5.481742962942606,0.029501832224419086,True,Solve_Succeeded,2,0.024477692997606937,0.02894021999964025,0.029387055001279805,True,4.261361219448645e-08,
92.2,99.138,99.105,4.5,-68.56710566222202,197.00196381681724,-2.975013216761787,5.40057989217095,0.09892986654058303,484.9345331637963,-0.001631056211410123,-0.0025001451646917694,5.4166666667,5.481742962942606,0.029501832224419086,5.476017222939935,0.02640191613583935,True,Solve_Succeeded,2,0.02465577400289476,0.027618907995929476,0.02803094499540748,True,3.000604742453561e-08,
92.3,99.238,99.207,4.5,-69.10977730611161,196.90793801602774,-2.9651672335115267,5.400518089940076,0.09089808451162275,485.4852697328964,-0.0028825360492362607,-0.0020386991895295914,5.4166666667,5.476017222939935,0.02640191613583935,5.470249041523545,0.024007143045710992,True,Solve_Succeeded,2,0.02490868700260762,0.027789968000433873,0.02801296099642059,True,2.994217940255339e-08,
92.4,99.338,99.309,4.5,-69.65151535623934,196.80880213084546,-2.9561785829488216,5.400133712522345,0.08162414435396508,486.03597531014816,-0.003903953908526246,-0.0016950558588511022,5.4166666667,5.470249041523545,0.024007143045710992,5.464696007200689,0.021866631595853184,True,Solve_Succeeded,2,0.023469283994927537,0.0274492390017258,0.02784921700367704,True,2.1202906097528285e-08,
92.5,99.438,99.411,4.5,-70.19233341615683,196.70507038509257,-2.9481332194514276,5.399365105388043,0.07318340379654571,486.58661801304766,-0.004796794951961694,-0.0015596369020500767,5.4166666667,5.464696007200689,0.021866631595853184,5.459611476547277,0.019858769908837576,True,Solve_Succeeded,2,0.024404604999290314,0.027797126000223216,0.028124705000664108,True,2.3085867439931462e-08,
92.6,99.538,99.513,4.5,-70.73225017084073,196.5972334357354,-2.94090009861281,5.398252357066772,0.06600978614824417,487.1371616408911,-0.005641672722018548,-0.0015059198241114125,5.4166666667,5.459611476547277,0.019858769908837576,5.455220936333254,0.018003940023134882,True,Solve_Succeeded,2,0.02367156599939335,0.026773864999995567,0.027170712004590314,True,2.4627903272289586e-08,
92.7,99.638,99.615,4.5,-71.27128687740853,196.48571168337975,-2.9343687728947554,5.39685939342414,0.05966473723488108,487.6875752621817,-0.006452406176623475,-0.0014279701071169269,5.4166666667,5.455220936333254,0.018003940023134882,5.4517131187932755,0.016438259648362995,True,Solve_Succeeded,2,0.02388021899969317,0.027661569001793396,0.02811232899694005,True,2.029902468336786e-08,
92.8,99.738,99.717,4.5,-71.80946993561321,196.37087595431433,-2.928470622370723,5.39525278728264,0.053919034392132234,488.237834761974,-0.00719720112304952,-0.0012614772063264112,5.4166666667,5.4517131187932755,0.016438259648362995,5.449206727318684,0.015276464824919194,True,Solve_Succeeded,2,0.0242078009978286,0.02760244499950204,0.027827070996863768,True,1.9890398661459585e-08,
92.9,99.838,99.819,4.5,-72.34683226682756,196.2530609042972,-2.92314085549578,5.393507586596203,0.04900970784852924,488.7879234415612,-0.007812277611422373,-0.0009455622985852229,5.4166666667,5.449206727318684,0.015276464824919194,5.447751197984404,0.014553329658802011,True,Solve_Succeeded,2,0.024274299998069182,0.02871446700009983,0.029030723999312613,True,1.9184543731398662e-08,
93.0,99.938,99.921,4.5,-72.88341013512756,196.13255536870386,-2.918281064750996,5.391703342481943,0.045316599986170256,489.3378324316059,-0.008191819776819544,-0.00038515516795900595,5.4166666667,5.447751197984404,0.014553329658802011,5.447332373264951,0.01424012246936577,True,Solve_Succeeded,2,0.026286967993655708,0.02974679299950367,0.030002390005392954,True,1.8645342159118172e-08,
93.1,100.038,100.023,4.5,-73.41923804871614,196.0095825788602,-2.9137602756407284,5.389917547538764,0.04302789243640364,489.8875613788853,-0.008167453456913198,0.0005481187730587145,5.4166666667,5.447332373264951,0.01424012246936577,5.447887967511317,0.014287990270145295,True,Solve_Succeeded,2,0.026177772000664845,0.02910764499392826,0.02942219800024759,True,1.8546407964947775e-08,
93.2,100.138,100.125,4.5,-73.95434457939523,195.8842877431729,-2.909432497837919,5.388201900879926,0.04197723330040206,490.4371142203537,-0.007589555040526174,0.0014756102154338535,5.4166666667,5.447887967511317,0.014287990270145295,5.4493326653573675,0.014676584433865074,True,Solve_Succeeded,2,0.02501444199879188,0.028758088999893516,0.02912894399923971,True,1.905822788472733e-08,
93.3,100.238,100.227,4.5,-74.48874402645679,195.75673997158043,-2.905163022397162,5.386590595163635,0.0419507978028343,490.9864968474842,-0.006624804699229316,0.0019819209409717153,5.4166666667,5.4493326653573675,0.014676584433865074,5.451566064218681,0.015356967798539269,True,Solve_Succeeded,2,0.026618645999406,0.030215010003303178,0.030523973000526894,True,2.0134211631273047e-08,
93.4,100.338,100.329,4.5,-75.02243844786517,195.62693724826724,-2.9008261144269545,5.385126497697147,0.04314847837361172,491.53572375840963,-0.005470042651564063,0.0021921290996433918,5.4166666667,5.451566064218681,0.015356967798539269,5.454451241279219,0.016150696261332625,True,Solve_Succeeded,2,0.02474461200472433,0.02884950400039088,0.029190028995799366,True,2.8354786962836442e-08,
93.5,100.438,100.431,4.5,-75.55541851763078,195.49481192738784,-2.896308517411315,5.3838534595913865,0.04535448621228249,492.0848138623528,-0.004255910275134595,0.0022189087084387715,5.4166666667,5.454451241279219,0.016150696261332625,5.457858278633657,0.017020825830676493,True,Solve_Succeeded,2,0.023998383003345225,0.027894333994481713,0.028410498998709954,True,3.0090792968451296e-08,
93.6,100.538,100.533,4.5,-76.08766415233067,195.36025529697292,-2.891587256477568,5.382754839622348,0.047739390806624385,492.63378617189557,-0.0030709373316751168,0.0020846946039503327,5.4166666667,5.457858278633657,0.017020825830676493,5.461714443098111,0.01814208102907233,True,Solve_Succeeded,2,0.02386823399865534,0.026917553004750516,0.027457317999505904,True,3.1924733079335965e-08,
93.7,100.638,100.635,4.5,-76.6191560656702,195.22313217311537,-2.886547231253865,5.381967818148022,0.05087850872385911,493.18266818020845,-0.0019785770639789654,0.0019040353773354113,5.4166666667,5.461714443098111,0.01814208102907233,5.465796994617936,0.019183798236349074,True,Solve_Succeeded,2,0.024936642999819014,0.02888006799912546,0.029301212998689152,True,4.557448818331977e-08,
93.8,100.738,100.737,4.5,-77.14986032213298,195.0832557884848,-2.88114727307661,5.381439162040203,0.054578530890449534,493.73148795469893,-0.000989203914741023,0.0017176220898975636,5.4166666667,5.465796994617936,0.019183798236349074,5.469985940696293,0.020220440147108287,True,Solve_Succeeded,2,0.027573901003052015,0.03122418300335994,0.031675177000579424,True,4.666639963346597e-08,
93.9,100.838,100.805,4.5,-77.50320613463575,194.98837710114847,-2.8773371135254364,5.381262633090148,0.0574647246237664,494.09734730548547,-0.0003857753710290803,0.0016001860851462268,5.4166666667,5.469985940696293,0.020220440147108287,5.474163609307787,0.021573686198436342,True,Solve_Succeeded,2,0.02562542100349674,0.028776241997547913,0.029146075998141896,True,4.7443192485729924e-08,
94.0,100.938,100.907,4.5,-78.03250674824157,194.8434691390395,-2.8713248919549734,5.3811721920759545,0.060961803542948625,494.6461258966212,0.0004382460121640096,0.0014158155777042047,5.4166666667,5.474163609307787,0.021573686198436342,5.478236467423493,0.022726226572048928,True,Solve_Succeeded,2,0.02657938500487944,0.029640872999152634,0.03025046200491488,True,4.811406473237412e-08,
94.1,101.038,101.009,4.5,-78.56090255479481,194.6952875781427,-2.864953314277669,5.381250094135982,0.06486931110247358,495.19491204088354,0.0011575429538772685,0.0012245505022359104,5.4166666667,5.478236467423493,0.022726226572048928,5.482129102442655,0.02387693092615227,True,Solve_Succeeded,2,0.024359379000088666,0.028346191997115966,0.028673752000031527,True,5.532222768778183e-08,
94.2,101.138,101.111,4.5,-79.08833002788082,194.54362817944886,-2.8581731685948735,5.381518091546075,0.06868077589740032,495.74372195984876,0.001784880106536684,0.0010758834542285989,5.4166666667,5.482129102442655,0.02387693092615227,5.485763541822501,0.02500651241868008,True,Solve_Succeeded,2,0.026294062001397833,0.030340889003127813,0.030649230000562966,True,5.47686420659943e-08,
94.3,101.238,101.213,4.5,-79.61472425379061,194.38828405278812,-2.8510094533534387,5.381982303968064,0.07233734032659815,496.2925755095546,0.00233594102606303,0.0009453348901078407,5.4166666667,5.485763541822501,0.02500651241868008,5.489056985327067,0.026084306580812962,True,Solve_Succeeded,2,0.023929164999572095,0.026891933994193096,0.027249024002230726,True,5.399026292707276e-08,
94.4,101.338,101.315,4.5,-80.14001716486301,194.22905872279523,-2.843473682250657,5.3826104677491085,0.0758650546869665,496.8414910413466,0.002817401604456321,0.0008222538086615216,5.4166666667,5.489056985327067,0.026084306580812962,5.491944629243106,0.027074203024780176,True,Solve_Succeeded,2,0.0252228669996839,0.0290456520015141,0.029507683000701945,True,5.316582196712716e-08,
94.5,101.438,101.417,4.5,-80.6641350687002,194.06576310210505,-2.8355769816679537,5.383382681845955,0.07925442412555403,497.39048386715484,0.0032308303230375113,0.0006967942075482014,5.4166666667,5.491944629243106,0.027074203024780176,5.494336626042343,0.027940926982602622,True,Solve_Succeeded,2,0.024755648999416735,0.028154186002211645,0.028404181000951212,True,6.34552197453786e-08,
94.6,101.538,101.519,4.5,-81.18700001466469,193.8982174383501,-2.8273382539127403,5.3842735867481775,0.08239210752672838,497.93956697751184,0.0035707855029922728,0.0005517979589586551,5.4166666667,5.494336626042343,0.027940926982602622,5.496217482434322,0.028707189964655086,True,Solve_Succeeded,2,0.02461295200191671,0.028173865997814573,0.028486654999142047,True,6.40413508889992e-08,
94.7,101.638,101.621,4.5,-81.7085309671189,193.72625707678785,-2.8187884544626254,5.385249007469726,0.0851498013969224,498.4887502257734,0.003819364491495607,0.000358586595702981,5.4166666667,5.496217482434322,0.028707189964655086,5.497531382645069,0.029411627188209315,True,Solve_Succeeded,2,0.024195951998990495,0.02730642799724592,0.027599900000495836,True,6.687479103817395e-08,
94.8,101.738,101.723,4.5,-82.22864559103687,193.54973868125902,-2.8099661646061547,5.386273945786986,0.08754978626017794,499.03803959176554,0.003940206032841284,8.145980503160288e-05,5.4166666667,5.497531382645069,0.029411627188209315,5.498223181094702,0.030055268575947855,True,Solve_Succeeded,2,0.024587350999354385,0.028539635000925045,0.02881064199755201,True,7.279792502146165e-08,
94.9,101.838,101.825,4.5,-82.74726080085559,193.36854046403096,-2.8009038564637687,5.387312643432428,0.08971274751547283,499.5874367105474,0.0038821750708177057,-0.00026840944099504327,5.4166666667,5.498223181094702,0.030055268575947855,5.498236917935108,0.030597279920286966,True,Solve_Succeeded,2,0.02576325900008669,0.028890139998111408,0.029460379999363795,True,8.035661647198822e-08,
95.0,101.938,101.927,4.5,-83.26429118665509,193.18255734557312,-2.791624312624674,5.388319000519175,0.09166777968304013,500.1369379506553,0.003669640808780719,-0.00045406528949731845,5.4166666667,5.498236917935108,0.030597279920286966,5.497507542372467,0.03097930926551859,True,Solve_Succeeded,2,0.02563756299787201,0.029255428999022115,0.02958904999832157,True,8.24196426663093e-08,
95.1,102.038,102.029,4.5,-83.77964844103496,192.9916988930535,-2.7821527659199736,5.389257138853067,0.09334097229175324,500.68653696413776,0.00340665190789174,-0.0004580069524697805,5.4166666667,5.497507542372467,0.03097930926551859,5.4959616592325045,0.031117815576072294,True,Solve_Succeeded,2,0.025703168001200538,0.02921468400018057,0.029562161995272618,True,7.728426787423359e-08,
95.2,102.138,102.131,4.5,-84.29324412354258,192.79589300302325,-2.7725257279765776,5.390098367058863,0.0945747240360135,501.2362251015079,0.003183026627797172,-0.000320579140818289,5.4166666667,5.4959616592325045,0.031117815576072294,5.4935636265897445,0.030911391180139088,True,Solve_Succeeded,2,0.024082987001747824,0.02807575599581469,0.028680645002168603,True,9.7682097965901e-08,
95.3,102.238,102.233,4.5,-84.80499386214498,192.59509448760085,-2.7628031118546343,5.390808333444755,0.0950959549181171,501.78599116212945,0.0030606308296787102,-0.00010547576713415552,5.4166666667,5.4935636265897445,0.030911391180139088,5.490375060092081,0.030265604159659756,True,Solve_Succeeded,2,0.024380939001275692,0.02825192300224444,0.028745136005454697,True,1.4678554816072165e-07,
95.4,102.338,102.335,4.5,-85.3148241264835,192.38929946611137,-2.753077883047951,5.391354237743086,0.09456917926201558,502.3358209716682,0.0030577082141732687,9.061357469741794e-05,5.4166666667,5.490375060092081,0.030265604159659756,5.48655677333489,0.02906409789917333,True,Solve_Succeeded,2,0.02592031100357417,0.030388931001652963,0.030658716001198627,True,1.5414122067625158e-07,
95.5,102.438,102.437,4.5,-85.82268154673764,192.17856240178799,-2.743477455433888,5.391713067734026,0.09268192139534184,502.8856973740282,0.003129778484177154,0.00013660547969118753,5.4166666667,5.48655677333489,0.02906409789917333,5.48231727173732,0.027181291718638336,True,Solve_Succeeded,2,0.02470786800404312,0.027847983001265675,0.028200196000398137,True,1.0595502875077045e-07,
95.6,102.538,102.505,4.5,-86.16014345228862,192.03538442574958,-2.7372154399005924,5.391857734467576,0.08995233366842266,503.2522974964389,0.003162593002348782,1.3159171050158845e-05,5.4166666667,5.48231727173732,0.027181291718638336,5.477835879009616,0.02431381649111945,True,Solve_Succeeded,2,0.024009407999983523,0.02846114400017541,0.029026999000052456,True,5.766666610895754e-08,
95.7,102.638,102.607,4.5,-86.66468294723819,191.8167404147293,-2.7282018042004093,5.391907117882958,0.084546590531136,503.80220686368557,0.0030313269621460434,-0.0005778401245852827,5.4166666667,5.477835879009616,0.02431381649111945,5.47320220523683,0.02102009784747721,True,Solve_Succeeded,2,0.02416920699761249,0.027814135006337892,0.029004787000303622,True,3.828480643619514e-08,
95.8,102.738,102.709,4.5,-87.16728738859975,191.59370058077832,-2.7197093285339107,5.391765280653007,0.08019418631236225,504.3521057040132,0.0024128176678530114,-0.0017042061981737966,5.4166666667,5.47320220523683,0.02102009784747721,5.46871057333215,0.01596661895822462,True,Solve_Succeeded,2,0.026619727999786846,0.029483405000064522,0.029919699001766276,True,2.9321753913791326e-08,
95.9,102.838,102.811,4.5,-87.66804970126732,191.36660220434723,-2.712157333840262,5.391601462831613,0.06728169152502715,504.901973000598,0.0011664226781231875,-0.002783857788048572,5.4166666667,5.46871057333215,0.01596661895822462,5.464041275598447,0.012933244014249837,True,Solve_Succeeded,2,0.024695926993445028,0.02771568699972704,0.028193755002575926,True,1.9492185643343873e-08,
96.0,102.938,102.913,4.5,-88.16719897269323,191.1360601691883,-2.7059592720265204,5.3912024770881795,0.052106950041863144,505.4517913620598,-0.0005986101377663988,-0.003672073212563465,5.4166666667,5.464041275598447,0.012933244014249837,5.45970259792903,0.009784751768450091,True,Solve_Succeeded,2,0.026946357000269927,0.030446425997070037,0.030682112999784295,True,1.5212787474183642e-08,
96.1,103.038,103.015,4.5,-88.66504343715776,190.90283403869216,-2.7012572762418237,5.390534912425941,0.039960234228252824,506.0015449976184,-0.002849887261644494,-0.004508073192408979,5.4166666667,5.45970259792903,0.009784751768450091,5.45594057146352,0.006406854157202528,True,Solve_Succeeded,2,0.024075442997855134,0.027900954002689105,0.028442299997550435,True,1.4364480271922275e-08,
96.2,103.138,103.117,4.5,-89.16185788736226,190.66760901116703,-2.6977514298154643,5.389614556104542,0.0289988789579183,506.55120949639155,-0.005472110240179958,-0.0049909320125345324,5.4166666667,5.45594057146352,0.006406854157202528,5.452858353577912,0.0034959091109144063,True,Solve_Succeeded,2,0.026013233000412583,0.029953459001262672,0.030577466000977438,True,1.2083762435111112e-08,
96.3,103.238,103.219,4.5,-89.65787924538311,190.43096106608337,-2.6953456471516506,5.3884780624205035,0.018200910154774232,507.10076747087345,-0.008234855974609446,-0.005024991177905669,5.4166666667,5.452858353577912,0.0034959091109144063,5.450565879263294,0.0012015365035756237,True,Solve_Succeeded,2,0.024977895998745225,0.028643678000662476,0.028904304002935532,True,1.4415463489569902e-08,
96.4,103.338,103.321,4.5,-90.15335003564958,190.19344902255853,-2.694040070975314,5.387197721037415,0.007673539418312789,507.65021011132507,-0.010895389823844836,-0.00461169774576442,5.4166666667,5.450565879263294,0.0012015365035756237,5.4490010104049995,-0.00018698362425948763,True,Solve_Succeeded,2,0.02513257400278235,0.029046201998426113,0.02938262899988331,True,1.9325804956338288e-08,
96.5,103.438,103.423,4.5,-90.64851423746157,189.95561086266235,-2.693752329705866,5.385809025872085,-0.00016196069912008187,508.1995354038014,-0.01319418424665582,-0.003670463346618469,5.4166666667,5.4490010104049995,-0.00018698362425948763,5.448137086535926,-0.0011079442660681558,True,Solve_Succeeded,2,0.023798441005055793,0.027161493999301456,0.027470205001009163,True,2.3933418802357664e-08,
96.6,103.538,103.525,4.5,-91.14353115625032,189.7178157823739,-2.69380507251374,5.3842415107347215,-0.0008986629029373761,508.74873482143227,-0.014684587311778765,-0.0015260716490379522,5.4166666667,5.448137086535926,-0.0011079442660681558,5.448148522113275,-0.003152885206792825,True,Solve_Succeeded,2,0.024544675994548015,0.027798780996818095,0.028060531003575306,True,2.347168415184342e-08,
96.7,103.638,103.627,4.5,-91.63842268979894,189.4801383989188,-2.6939227759686255,5.3826144481281,-0.0011481050399961771,509.2977858971915,-0.014706132920626126,0.0013733791179677546,5.4166666667,5.448148522113275,-0.003152885206792825,5.44876133936362,-0.004492672509011955,True,Solve_Succeeded,2,0.024956902001576964,0.027942428998358082,0.028691703999356832,True,3.6459327112936535e-08,
96.8,103.738,103.729,4.5,-92.13319698468486,189.24259990659309,-2.69409522532349,5.381051701207633,-0.0014435847789893285,509.8466597231533,-0.013285497704665812,0.003682768596646735,5.4166666667,5.44876133936362,-0.004492672509011955,5.449953555403321,-0.005690239925100119,True,Solve_Succeeded,2,0.024613993002276402,0.027680968996719457,0.02816823500324972,True,3.239295676138454e-08,
96.9,103.838,103.831,4.5,-92.62786644751822,189.0052200498789,-2.6942307048932403,5.3793799876958275,-0.00027181877359125123,510.3953547016557,-0.010756376422533987,0.005463664097443921,5.4166666667,5.449953555403321,-0.005690239925100119,5.451745216139563,-0.006901671033095969,True,Solve_Succeeded,2,0.024053918998106383,0.027494705995195545,0.027746544998080935,True,2.581087432673712e-08,
97.0,103.938,103.933,4.5,-93.12239015034453,188.7679622876082,-2.694281302199883,5.377417510004289,0.00030213106979502856,510.9438500967369,-0.00737883837040411,0.006765032874775034,5.4166666667,5.451745216139563,-0.006901671033095969,5.454162636869198,-0.007351976660840716,True,Solve_Succeeded,2,0.02563273499981733,0.029712022995227017,0.030104841003776528,True,3.095226512594973e-08,
97.1,104.038,104.035,4.5,-93.61673386273907,188.53081160972314,-2.6943064857251935,5.375551485477636,0.0009009443961898795,511.49212510555117,-0.003434542587622474,0.007528279418699491,5.4166666667,5.454162636869198,-0.007351976660840716,5.45710054850288,-0.007218367772314093,True,Solve_Succeeded,2,0.025592846002837177,0.028695166001853067,0.028941675001988187,True,3.4407456189766705e-08,
97.2,104.138,104.137,4.5,-94.11095809748059,188.29381351954277,-2.6947517875481206,5.374270240463087,-0.005513052512004528,512.0402210297793,0.0007004796558519031,0.007308537334952625,5.4166666667,5.45710054850288,-0.007218367772314093,5.460337510640904,-0.0036220643971532117,True,Solve_Succeeded,2,0.024627632003102917,0.02820728300139308,0.028515655001683626,True,3.067485199181874e-08,
97.3,104.238,104.205,4.5,-94.44047081939806,188.13602336823712,-2.695296020581095,5.373714505056171,-0.008750058906513081,512.4055566292161,0.003257747051168991,0.006602075469507085,5.4166666667,5.460337510640904,-0.0036220643971532117,5.463540581421811,0.00036970113880325963,True,Solve_Succeeded,2,0.024490012998285238,0.028358784002193715,0.02876415500213625,True,2.8817709996076246e-08,
97.4,104.338,104.307,4.5,-94.93488590041792,187.89976776079482,-2.6962957758506625,5.372961928098093,-0.006856341801243707,512.9535137017433,0.00641738890261858,0.004889830657404115,5.4166666667,5.463540581421811,0.00036970113880325963,5.467048080712156,0.005318736486418367,True,Solve_Succeeded,2,0.025631308999436442,0.030538015002093744,0.030930293003621046,True,4.195210845381325e-08,
97.5,104.438,104.409,4.5,-95.429424038272,187.6639368783166,-2.696891001128507,5.372140368443232,-0.0046547599348828825,513.5014097729477,0.008595572808926106,0.0030158550700565274,5.4166666667,5.467048080712156,0.005318736486418367,5.471259445637658,0.011740532305750834,True,Solve_Succeeded,2,0.024098628004139755,0.027150549001817126,0.02752771700033918,True,4.471833149610749e-08,
97.6,104.538,104.511,4.5,-95.9240031043377,187.42826383102937,-2.6967026768461255,5.372365334914484,0.005067374192317853,514.0492869573726,0.009722492661876499,0.001186101979852694,5.4166666667,5.471259445637658,0.011740532305750834,5.4754460402821294,0.016413472984058926,True,Solve_Succeeded,2,0.024876644994947128,0.028075162001186982,0.0283210589986993,True,4.8057680501756295e-08,
97.7,104.638,104.613,4.5,-96.41845669868844,187.19220780493978,-2.695198215808707,5.3729351366077704,0.027003712982306978,514.5972265253341,0.009912534507766647,-0.0001707426976835791,5.4166666667,5.4754460402821294,0.016413472984058926,5.479235760914269,0.01760372825504416,True,Solve_Succeeded,2,0.02580712600320112,0.028421016002539545,0.02900744799990207,True,5.201057554082844e-08,
97.8,104.738,104.715,4.5,-96.91231321595492,186.9548127988317,-2.6914256632706106,5.373288476009664,0.046551815749404306,515.1452145903068,0.009769120286784137,-0.00010341749290532222,5.4166666667,5.479235760914269,0.01760372825504416,5.482994302053257,0.018152251134601453,True,Solve_Succeeded,2,0.026080683004693128,0.03018448399961926,0.03056323500641156,True,5.72171812152078e-08,
97.9,104.838,104.817,4.5,-97.40511765106149,186.71510416991381,-2.6861404268647804,5.374156851812369,0.0556681591568828,515.6932711559626,0.00990485985423551,0.0006322511835881173,5.4166666667,5.482994302053257,0.018152251134601453,5.486629671873018,0.01958146438322171,True,Solve_Succeeded,2,0.02418242300336715,0.028729546000249684,0.02943109999614535,True,5.533265756696437e-08,
98.0,104.938,104.919,4.5,-97.89666129823154,186.4725824375287,-2.680303377182432,5.375293019855674,0.05818495164788246,516.2414431137092,0.010396665663900979,0.0010751897878296113,5.4166666667,5.486629671873018,0.01958146438322171,5.490059133977076,0.02175093861590545,True,Solve_Succeeded,2,0.026749881006253418,0.029914537000877317,0.030151446000672877,True,5.4286444672868583e-08,
98.1,105.038,105.021,4.5,-98.38686447061178,186.22709229410899,-2.674255548977196,5.376535354904722,0.060573347805519866,516.7897480349884,0.010955094416697505,0.0008850089331855493,5.4166666667,5.490059133977076,0.02175093861590545,5.493122605700194,0.023923732431923462,True,Solve_Succeeded,2,0.024027767998632044,0.027831983999931253,0.028371590000460856,True,6.455068302102518e-08,
98.2,105.138,105.123,4.5,-98.87565264932246,185.9785017184106,-2.6678268145174964,5.377913513389984,0.06564516015897037,517.338199147694,0.011267705196920644,0.00023339811179612369,5.4166666667,5.493122605700194,0.023923732431923462,5.495708244707515,0.025548940296043744,True,Solve_Succeeded,2,0.02503972900012741,0.029115954996086657,0.029378396000538487,True,6.382289097217608e-08,
98.3,105.238,105.225,4.5,-99.36288730901255,185.7265634929102,-2.6607820223606047,5.379378816406578,0.07224692941104796,517.886805965501,0.01115445482852034,-0.0006417788049621898,5.4166666667,5.495708244707515,0.025548940296043744,5.497745941875147,0.026591173260411705,True,Solve_Succeeded,2,0.024261375001515262,0.027926743001444265,0.028180295004858635,True,6.335662572354295e-08,
98.4,105.338,105.327,4.5,-99.84838554365886,185.47096571853155,-2.6530901880917375,5.380925587881697,0.07806394839621031,518.4355698197902,0.010546004517212932,-0.001479764577555276,5.4166666667,5.497745941875147,0.026591173260411705,5.49919230898293,0.027313142439081593,True,Solve_Succeeded,2,0.024253365001641214,0.0283894739986863,0.029057059000479057,True,6.315629974551484e-08,
98.5,105.438,105.429,4.5,-100.33197691793742,185.21143534310846,-2.644902263831106,5.382554916858665,0.08200579811871014,518.9844894396522,0.009597687394706147,-0.0018996246802491792,5.4166666667,5.49919230898293,0.027313142439081593,5.499988984416858,0.027923426893490807,True,Solve_Succeeded,2,0.02461504100210732,0.02775720099452883,0.028019010002026334,True,6.341277725141481e-08,
98.6,105.538,105.531,4.5,-100.81352931257095,184.94778998491623,-2.6363971434131512,5.384220855756071,0.08444851416431659,519.5335689790049,0.008497594734970984,-0.0020605198956138437,5.4166666667,5.499988984416858,0.027923426893490807,5.49999843452682,0.02846248440840303,True,Solve_Succeeded,3,0.04014239800017094,0.04457758700300474,0.045103335003659595,True,1.1005902855742988e-08,
98.7,105.638,105.633,4.5,-101.29294003471132,184.6799232915036,-2.6276842328864034,5.385863313042132,0.08620172186945974,520.082808233706,0.0073527700262920916,-0.002074293767276192,5.4166666667,5.49999843452682,0.02846248440840303,5.4999959815652435,0.02891228290033725,True,Solve_Succeeded,2,0.024916741997003555,0.027511887994478457,0.027777814997534733,True,6.494634341436267e-08,
98.8,105.738,105.735,4.5,-101.77011798847712,184.4077684305533,-2.6188077401435765,5.387427291825153,0.08770138002106687,520.6322018214829,0.00622914005184749,-0.001987495851449861,5.4166666667,5.4999959815652435,0.02891228290033725,5.499700162435412,0.029257872081888917,True,Solve_Succeeded,2,0.024188796000089496,0.027659227002004627,0.027910864999284968,True,6.564075327730734e-08,
98.9,105.838,105.837,4.5,-102.24497537530831,184.1312758379898,-2.6097891367905905,5.388909080437693,0.08900814033790598,521.1817416554046,0.0051752322105317735,-0.001823880188727145,5.4166666667,5.499700162435412,0.029257872081888917,5.4991436165433765,0.029536311743271464,True,Solve_Succeeded,2,0.0271302539986209,0.03166075100307353,0.03197758900205372,True,6.644863326243922e-08,
99.0,105.938,105.905,4.5,-102.56021620865441,183.9445187363243,-2.603708999666963,5.389836049849864,0.08987812430573663,521.5481786818738,0.004529258055785076,-0.0016844592794358348,5.4166666667,5.4991436165433765,0.029536311743271464,5.498544932541941,0.029850800874623145,True,Solve_Succeeded,2,0.027991383001790382,0.03182170800573658,0.03214916700380854,True,6.731391444247947e-08,
99.1,106.038,106.007,4.5,-103.03101844519472,183.660723807404,-2.594514527983888,5.390983062598378,0.09062201656868563,522.0979385824643,0.003661630246085467,-0.0014587269788530755,5.4166666667,5.498544932541941,0.029850800874623145,5.497731702389575,0.030150548034164913,True,Solve_Succeeded,2,0.028665186997386627,0.03351513999950839,0.0338422180066118,True,6.928404872041938e-08,
99.2,106.138,106.109,4.5,-103.49927131088494,183.37253762129208,-2.58524190325537,5.391917023279456,0.09137848956689411,522.6477987743845,0.0029202038917489686,-0.001225727637124585,5.4166666667,5.497731702389575,0.030150548034164913,5.496754317784193,0.03044529031119709,True,Solve_Succeeded,2,0.02896060299826786,0.03235393100476358,0.03311741399375023,True,7.219439090988544e-08,
99.3,106.238,106.211,4.5,-103.96489608171444,183.07995484841305,-2.575885631112483,5.392722350037067,0.09220794370077995,523.1977433329623,0.0023094776107828244,-0.0009820383397913801,5.4166666667,5.496754317784193,0.03044529031119709,5.495599475933872,0.03069329942756627,True,Solve_Succeeded,2,0.026073744003952015,0.030283502004749607,0.030707291996804997,True,7.61232596957484e-08,
99.4,106.338,106.313,4.5,-104.42781410194122,182.78296707378047,-2.5664406311771732,5.393391170197038,0.09307931685904001,523.7477593960874,0.0018362307669447554,-0.0007246736822952293,5.4166666667,5.495599475933872,0.03069329942756627,5.494238359573789,0.03085532718153933,True,Solve_Succeeded,2,0.02569162599684205,0.030117741000140086,0.03047558999969624,True,8.036020382462539e-08,
99.5,106.438,106.415,4.5,-104.88794527422043,182.48156546471225,-2.5569070085418875,5.393940890045181,0.09388550403337972,524.2978345824358,0.0015080391769356685,-0.0004558133944669862,5.4166666667,5.494238359573789,0.03085532718153933,5.492626674791919,0.030884529553379995,True,Solve_Succeeded,2,0.02635918900341494,0.029412256997602526,0.029790468004648574,True,8.324883271626504e-08,
99.6,106.538,106.517,4.5,-105.34521206992586,182.17574502260533,-2.5472991862296555,5.394383489751203,0.09447162134118627,524.8479580194524,0.0013275344322169252,-0.00019195022072970858,5.4166666667,5.492626674791919,0.030884529553379995,5.490737340275095,0.030734621455931005,True,Solve_Succeeded,2,0.02527274600288365,0.028234844001417514,0.028710606995446142,True,6.554790488166873e-08,
99.7,106.638,106.619,4.5,-105.79954397956939,181.86551179154029,-2.5376479151093494,5.394719311224376,0.09466261759089002,525.3981197308191,0.0012839268057193997,3.411228531202681e-05,5.4166666667,5.490737340275095,0.030734621455931005,5.488501526194685,0.03036402003453023,True,Solve_Succeeded,2,0.03523678100464167,0.03840951099846279,0.03907249099574983,True,6.079122716329266e-08,
99.8,106.738,106.721,4.5,-106.25088271440467,181.55089065005657,-2.528001081116843,5.3949569880320345,0.09430586615798332,525.9483098131993,0.0013436513231219254,0.000172469035097933,5.4166666667,5.488501526194685,0.03036402003453023,5.485892731843542,0.02973329681996885,True,Solve_Succeeded,2,0.02739135699812323,0.03137659699859796,0.0321378970038495,True,5.454750695577104e-08,
99.9,106.838,106.823,4.5,-106.69918869089638,181.23193204369917,-2.5184228927669645,5.395104577222643,0.0932573930902505,526.4985187195066,0.0014411596875530423,0.00015692402815981055,5.4166666667,5.485892731843542,0.02973329681996885,5.482903268490993,0.028825960616676145,True,Solve_Succeeded,2,0.027493227004015353,0.03212254199752351,0.03236764799657976,True,5.020611038020206e-08,
100.0,106.938,106.925,4.5,-107.14444710947134,180.90871812017892,-2.5089921427642747,5.395172002612725,0.09139605147170794,527.0487370018396,0.0014703916041024707,-9.326357486472149e-05,5.4166666667,5.482903268490993,0.028825960616676145,5.4795548216140935,0.027651722621756827,True,Solve_Succeeded,2,0.027764202997786924,0.03140189999976428,0.03165207699930761,True,4.2682254175474554e-08,
100.1,107.038,107.027,4.5,-107.58667423293527,180.58136763033758,-2.499799870806283,5.3951685730624135,0.08872003515080923,527.5989554094136,0.0012770887623927087,-0.0006710403868548376,5.4166666667,5.4795548216140935,0.027651722621756827,5.475875982195522,0.02622328715186059,True,Solve_Succeeded,2,0.024592075998953078,0.028484998998465016,0.028874342002382036,True,4.570643774570726e-08,
100.2,107.138,107.129,4.5,-108.02591942068598,180.25003974895188,-2.4909401952225703,5.395018589723116,0.08519837232737457,528.1491616593993,0.0007234124044651262,-0.0012911743916981244,5.4166666667,5.475875982195522,0.02622328715186059,5.471971845742716,0.02459596046938367,True,Solve_Succeeded,2,0.024948038000729866,0.028765094000846148,0.02902493999863509,True,4.7787326984405354e-08,
100.3,107.238,107.231,4.5,-108.4622628792759,179.91493562452865,-2.4825045869047706,5.394714936166622,0.08068878489709332,528.6993386838739,-9.273564849412906e-05,-0.0016409515235844554,5.4166666667,5.471971845742716,0.02459596046938367,5.4679687647908075,0.02287073123517164,True,Solve_Succeeded,2,0.025149464003334288,0.02866194899979746,0.028878366996650584,True,4.671122511012982e-08,
100.4,107.338,107.333,4.5,-108.89581514374555,179.5762954720066,-2.474576376370497,5.3941968632127555,0.07543407050450376,529.2494663505026,-0.001045427119322171,-0.0017998215426193733,5.4166666667,5.4679687647908075,0.02287073123517164,5.4640301017351955,0.021041510704811018,True,Solve_Succeeded,2,0.025818091999099124,0.030190466000931337,0.030442124996625353,True,3.463117703716989e-08,
100.5,107.438,107.435,4.5,-109.32671377942377,179.2343883069471,-2.4672107537627013,5.393456116147423,0.06978743256119455,529.7995227272826,-0.002045541404221667,-0.001820345702481685,5.4166666667,5.4640301017351955,0.021041510704811018,5.460311152040717,0.019086792532376773,True,Solve_Succeeded,2,0.023878621999756433,0.027255525994405616,0.027623246001894586,True,3.013720295541589e-08,
100.6,107.538,107.537,4.5,-109.7551172034913,178.88949779589234,-2.4604426809421795,5.392502710322449,0.06383464937076185,530.349486848276,-0.0030265833131013394,-0.001735899151682041,5.4166666667,5.460311152040717,0.019086792532376773,5.456964904939536,0.0170154297599072,True,Solve_Succeeded,2,0.02435260200581979,0.02710666299390141,0.02735146899794927,True,2.4251626484783628e-08,
100.7,107.638,107.605,4.5,-110.0394188678124,178.6580562039783,-2.4562825739032403,5.391755028915448,0.05872735762866705,530.7160690643725,-0.003643419832676688,-0.0016408730618033829,5.4166666667,5.456964904939536,0.0170154297599072,5.453979261714322,0.014476775124608071,True,Solve_Succeeded,2,0.025684697000542656,0.028511087002698332,0.028811212003347464,True,1.897979551301887e-08,
100.8,107.738,107.707,4.5,-110.46406711261756,178.30884848636703,-2.450589734306213,5.390508665862168,0.05214792936398833,531.2658395600249,-0.00449367582518556,-0.001459574895848803,5.4166666667,5.453979261714322,0.014476775124608071,5.451578456239652,0.01225306152896894,True,Solve_Succeeded,2,0.024352476000785828,0.0274893979949411,0.027845511001942214,True,1.2453772235687666e-08,
100.9,107.838,107.809,4.5,-110.88673973880529,177.95746121867097,-2.44561610106268,5.3891370645549035,0.04450049744621004,531.8154753460717,-0.005241696293480394,-0.0012945751005548622,5.4166666667,5.451578456239652,0.01225306152896894,5.4498231654192235,0.010105039840662505,True,Solve_Succeeded,2,0.025080085004447028,0.0284521700014011,0.028905538005346898,True,1.1251703568859739e-08,
101.0,107.938,107.911,4.5,-111.3076900594451,177.60423818447944,-2.44144432235549,5.387665020032964,0.03687298337457295,532.3649664565482,-0.005926288740732404,-0.001229359296777588,5.4166666667,5.4498231654192235,0.010105039840662505,5.448715439816192,0.008000266862860804,True,Solve_Succeeded,2,0.02605986100388691,0.02962534099788172,0.030151147999276873,True,1.0871096023379323e-08,
101.1,108.038,108.013,4.5,-111.72718319967788,177.2495231005881,-2.4380384761026077,5.386137475041599,0.029646005906984036,532.914305829843,-0.0065944547891439685,-0.00122915542265023,5.4166666667,5.448715439816192,0.008000266862860804,5.44823012838552,0.005941496031830542,True,Solve_Succeeded,2,0.02466092300164746,0.028423302006558515,0.02868414000113262,True,1.0952089901650197e-08,
101.2,108.138,108.115,4.5,-112.14547704855752,176.8936359930753,-2.435361809121108,5.384602941985307,0.02267935400383219,533.463491170843,-0.007271336223470301,-0.0012585647519620657,5.4166666667,5.44823012838552,0.005941496031830542,5.448304567259886,0.004025202015250246,True,Solve_Succeeded,2,0.024453648999042343,0.027473939997435082,0.027742131998820696,True,1.1409322375754982e-08,
101.3,108.238,108.217,4.5,-112.56282613336579,176.53687976861454,-2.4333960406965156,5.3831067922248845,0.015810699871672912,534.0125249783961,-0.007967924659469553,-0.0013007547879260173,5.4166666667,5.448304567259886,0.004025202015250246,5.448839611551211,0.00238667947317074,True,Solve_Succeeded,2,0.02595436800038442,0.02936197000235552,0.029778609998174943,True,1.2213710931519017e-08,
101.4,108.338,108.319,4.5,-112.97948559523635,176.1795470715999,-2.432129147682354,5.3816887250508465,0.009088705075169875,534.5614141691307,-0.008688945445335263,-0.0013451499012058221,5.4166666667,5.448839611551211,0.00238667947317074,5.449710907490727,0.0011612363388190676,True,Solve_Succeeded,2,0.02519691600173246,0.0297629449996748,0.03013869000278646,True,1.3389686692732994e-08,
101.5,108.438,108.421,4.5,-113.39570830532057,175.82191939928097,-2.4315362358518087,5.380380342168797,0.0026466540856096748,535.1101693774252,-0.00943030558486272,-0.001368227836527236,5.4166666667,5.449710907490727,0.0011612363388190676,5.45077819105353,0.0004939052545564223,True,Solve_Succeeded,2,0.0251043620010023,0.028468772004998755,0.028772444995411206,True,1.506004743134781e-08,
101.6,108.538,108.523,4.5,-113.81172991849918,175.4642556243939,-2.431472038610866,5.379135692203983,0.00022363467068923332,535.6588019602326,-0.010160569565525898,-0.0012259673047800845,5.4166666667,5.45077819105353,0.0004939052545564223,5.452125534669107,-0.0006777136583788273,True,Solve_Succeeded,2,0.025305593000666704,0.028156646003481,0.02838569999585161,True,1.4065279607677894e-08,
101.7,108.638,108.625,4.5,-114.22765404091146,175.106668314895,-2.4314698846890743,5.377978810987123,3.3504531968553466e-05,536.207318291657,-0.010652194160814712,-0.0004528091088236152,5.4166666667,5.452125534669107,-0.0006777136583788273,5.453643058410868,-0.0019593614584561443,True,Solve_Succeeded,2,0.024835254000208806,0.028092886997910682,0.02834931499819504,True,2.7176943767463768e-08,
101.8,108.738,108.727,4.5,-114.64349657790345,174.74915738590795,-2.431501679074661,5.376935150555939,-0.0006284138930869623,536.755730647213,-0.010535860925654648,0.0009783649771812897,5.4166666667,5.453643058410868,-0.0019593614584561443,5.455234201326695,-0.002939226084966233,True,Solve_Succeeded,2,0.027220547002798412,0.03146776799985673,0.03201689600246027,True,2.302838630896531e-08,
101.9,108.838,108.829,4.5,-115.05928741403633,174.39174508770205,-2.431635404289219,5.375927029577973,-0.0018871896063237818,537.3040401776566,-0.00954801633678942,0.0025376855065673,5.4166666667,5.455234201326695,-0.002939226084966233,5.456878446024599,-0.003600485007524287,True,Solve_Succeeded,2,0.024407577999227215,0.028633007997996174,0.029046117997495458,True,2.5064696096421812e-08,
102.0,108.938,108.931,4.5,-115.47506749797269,174.0344799490956,-2.4318657434405293,5.374898794361586,-0.0023380782110629726,537.8522384666787,-0.007833768568913848,0.0036448929276944324,5.4166666667,5.456878446024599,-0.003600485007524287,5.458587871062268,-0.004150072631979361,True,Solve_Succeeded,2,0.026197867999144364,0.02940015000058338,0.029977840000356082,True,2.620346339909929e-08,
102.1,109.038,109.033,4.5,-115.89085449306535,173.67737534999392,-2.4320789043785713,5.374128203753761,-0.0010227542956227935,538.4003305216019,-0.005610853063815948,0.0044123056626363955,5.4166666667,5.458587871062268,-0.004150072631979361,5.460258443753439,-0.004793652219935106,True,Solve_Succeeded,2,0.02427268099563662,0.027763443998992443,0.02806231599970488,True,2.693190204183793e-08,
102.2,109.138,109.135,4.5,-116.30664824211618,173.32038564178148,-2.4321884020082596,5.373470189768904,7.065194852998798e-05,538.9483474345961,-0.0030401018183695287,0.00492689940359492,5.4166666667,5.460258443753439,-0.004793652219935106,5.461827127131932,-0.005007843742170285,True,Solve_Succeeded,2,0.025341107000713237,0.029893927996454295,0.030387802005861886,True,2.993691250452457e-08,
102.3,109.238,109.237,4.5,-116.72241225283294,172.96346892437523,-2.43221807354679,5.372747783595042,0.000818523687281311,539.4962909636474,-0.0002613091088704426,0.005165154265125871,5.4166666667,5.461827127131932,-0.005007843742170285,5.463368298658465,-0.004889901199355071,True,Solve_Succeeded,2,0.023389011003018823,0.02721354099776363,0.027518014998349827,True,3.066478893032354e-08,
102.4,109.338,109.305,4.5,-116.99955417107392,172.72555715037416,-2.4322083417666267,5.372256930264376,0.0013201722107304672,539.8615389808257,0.0016277832631041186,0.005155749752699279,5.4166666667,5.463368298658465,-0.004889901199355071,5.464778205401475,-0.004329679572539709,True,Solve_Succeeded,2,0.02472893800586462,0.028026374995533843,0.028368592997139785,True,4.57710642720599e-08,
102.5,109.438,109.407,4.5,-117.41520704750994,172.36872033333157,-2.432155882189795,5.371825227413476,0.002113725586327959,540.4093467524623,0.004391464985226262,0.004882992987769619,5.4166666667,5.464778205401475,-0.004329679572539709,5.4660806991619575,-0.003343612085330745,True,Solve_Succeeded,2,0.024105402000714093,0.028348343999823555,0.028638739997404628,True,4.698088584831339e-08,
102.6,109.538,109.509,4.5,-117.83082365098011,172.01188602489486,-2.432170015533139,5.371946872885706,0.001036344208140043,540.9571294579924,0.006901121922807714,0.004187807870110749,5.4166666667,5.4660806991619575,-0.003343612085330745,5.467082044978996,-0.0010398991733070898,True,Solve_Succeeded,2,0.024421639995125588,0.027528719998372253,0.02800330999889411,True,5.1987076865600557e-08,
102.7,109.638,109.611,4.5,-118.2464678998752,171.65505136972772,-2.4321920440966793,5.372329550967228,0.001006105798398411,541.5049397438208,0.0089225338974404,0.003128659217396912,5.4166666667,5.467082044978996,-0.0010398991733070898,5.467811757902287,0.0015708792565034947,True,Solve_Succeeded,2,0.024338862996955868,0.027997835000860505,0.028541357001813594,True,4.927829433398756e-08,
102.8,109.738,109.713,4.5,-118.662170782676,171.29818544026352,-2.43221341139355,5.373203067418098,0.001081335734227012,542.0528221404354,0.010263876150571293,0.0017136705869260638,5.4166666667,5.467811757902287,0.0015708792565034947,5.468265710734372,0.005172605157369107,True,Solve_Succeeded,2,0.02390175700566033,0.02800010299688438,0.028273395997530315,True,5.3897879936926074e-08,
102.9,109.838,109.815,4.5,-119.0779713036957,170.94124638571378,-2.4322220297164563,5.374394138032457,0.0006736251190980046,542.6008327048685,0.01073587086430752,-4.574021014125407e-05,5.4166666667,5.468265710734372,0.005172605157369107,5.468605790511116,0.009783961214883742,True,Solve_Succeeded,2,0.02374280100048054,0.027245229000982363,0.027503812001668848,True,5.821428761265679e-08,
103.0,109.938,109.917,4.5,-119.49385524476683,170.5842276744141,-2.4321031855182627,5.375015539237981,0.004951027041418816,543.1489619916213,0.01015642137326832,-0.0020354747928719163,5.4166666667,5.468605790511116,0.009783961214883742,5.469250246874549,0.013771230946177408,True,Solve_Succeeded,2,0.0285700930035091,0.03204443799768342,0.03233311099756975,True,5.363900079657924e-08,
103.1,110.038,110.019,4.5,-119.90960797469982,170.22695221512342,-2.4309507735065674,5.375400908035967,0.020326522671973123,543.697158254259,0.008603147027804806,-0.0033498764445791807,5.4166666667,5.469250246874549,0.013771230946177408,5.47000624270167,0.014496266293895754,True,Solve_Succeeded,2,0.023740698001347482,0.027878335997229442,0.028186807001475245,True,4.835965405902698e-08,
103.2,110.138,110.121,4.5,-120.3246194887074,169.8688094613005,-2.427939717745346,5.375253143028627,0.037577447835856356,544.2453564120962,0.006740235067845881,-0.003164158871504341,5.4166666667,5.47000624270167,0.014496266293895754,5.471069866677074,0.013516827375403917,True,Solve_Succeeded,2,0.025612721998186316,0.02899516800243873,0.02922113600652665,True,4.967653843834796e-08,
103.3,110.238,110.223,4.5,-120.73828451449688,169.50911143074757,-2.4236512919649655,5.375474248189974,0.045022892445875005,544.7935539279499,0.0052872997304200964,-0.002060133024233135,5.4166666667,5.471069866677074,0.013516827375403917,5.472360893627987,0.013470125414842419,True,Solve_Succeeded,2,0.025016963001689874,0.028368989995215088,0.028634645997954067,True,5.15044087379124e-08,
103.4,110.338,110.325,4.5,-121.15034701573494,169.1475269557634,-2.4190718172672137,5.375849520875548,0.04403077020578363,545.3417850801087,0.004465000444929467,-0.0010249174438139441,5.4166666667,5.472360893627987,0.013470125414842419,5.473872442883839,0.014527343655165394,True,Solve_Succeeded,2,0.025352151002152823,0.029102228007104713,0.029512572000385262,True,5.202187480790599e-08,
103.5,110.438,110.427,4.5,-121.56081405956394,168.78407627136605,-2.414702238709326,5.376218265513923,0.04187069264067595,545.8900532939937,0.0040557496670281055,-0.0005601121202452042,5.4166666667,5.473872442883839,0.014527343655165394,5.475585189026218,0.01604575905742149,True,Solve_Succeeded,2,0.023957347999385092,0.02786148800078081,0.028330508001090493,True,5.129305336026846e-08,
103.6,110.538,110.529,4.5,-121.96974222158389,168.41883303856878,-2.4103871227196696,5.376663013908406,0.04301341286490156,546.4383629911028,0.003768750646620124,-0.0005109310084647767,5.4166666667,5.475585189026218,0.01604575905742149,5.477402014960929,0.017386158037390895,True,Solve_Succeeded,2,0.026038126001367345,0.029332648999115918,0.029562474999693222,True,5.039458716993295e-08,
103.7,110.638,110.631,4.5,-122.3770827305765,168.05174859864172,-2.405781865916576,5.377150191049066,0.04713255562069573,546.9867206236195,0.003474201748530001,-0.000533398896823023,5.4166666667,5.477402014960929,0.017386158037390895,5.479315603849502,0.018417323106702084,True,Solve_Succeeded,2,0.02443351200054167,0.028566315995703917,0.02881349499511998,True,4.9863478679412765e-08,
103.8,110.738,110.733,4.5,-122.78268216052199,167.68266387396764,-2.4007100821564697,5.377693796846875,0.05183735863208449,547.5351303355474,0.0031939848072247198,-0.00045167751307095827,5.4166666667,5.479315603849502,0.018417323106702084,5.481340972240853,0.019349857831848297,True,Solve_Succeeded,2,0.025203888995747548,0.02842091699858429,0.028809356997953728,True,4.948163212503687e-08,
103.9,110.838,110.835,4.5,-123.18636410753142,167.31139369089314,-2.3951987771765895,5.378336617471387,0.05571510542932413,548.0836004490301,0.0029843742009406553,-0.0002932688188965749,5.4166666667,5.481340972240853,0.019349857831848297,5.4834352726984426,0.020351121780030238,True,Solve_Succeeded,2,0.023741312004858628,0.027718637997168116,0.027978692996839527,True,5.714213546781366e-08,
104.0,110.938,110.937,4.5,-123.58797646230661,166.93778204356423,-2.3893308134081654,5.379076503917162,0.058897198369353435,548.6321414939499,0.0028633464827017307,-0.00014144082503353417,5.4166666667,5.4834352726984426,0.020351121780030238,5.485552773797262,0.021429100846851207,True,Solve_Succeeded,2,0.026007617998402566,0.03058785900066141,0.03111518699734006,True,5.654419332756788e-08,
104.1,111.038,111.005,4.5,-123.8545035794315,166.68734407706285,-2.3852402018029673,5.3796211451763805,0.061431561616117444,548.9978796509671,0.0028230053488649226,-6.351757927403057e-05,5.4166666667,5.485552773797262,0.021429100846851207,5.4877802003089124,0.022706444031848266,True,Solve_Succeeded,2,0.025141666003037244,0.028526727001008112,0.028779578999092337,True,5.5903212725638696e-08,
104.2,111.138,111.107,4.5,-124.25237481034829,166.30955078061496,-2.378834090159853,5.380502332151332,0.06468455257650059,549.5465597209347,0.0028078430773526048,2.059260867603996e-05,5.4166666667,5.4877802003089124,0.022706444031848266,5.4898711770736055,0.023791423827136168,True,Solve_Succeeded,2,0.026405548996990547,0.030249470000853762,0.030623512000602204,True,5.532126667873172e-08,
104.3,111.238,111.209,4.5,-124.6478197060245,165.9290833206788,-2.3720714783248065,5.381459585378674,0.06845491324716754,550.0953346895028,0.0028336536146773136,9.773392830902951e-05,5.4166666667,5.4898711770736055,0.023791423827136168,5.4917923412708705,0.024793013131454007,True,Solve_Succeeded,2,0.025188644001900684,0.028533260003314354,0.028806562004319858,True,5.4481417599561155e-08,
104.4,111.338,111.311,4.5,-125.04067981803709,165.54580213999736,-2.36491721704955,5.382494979347676,0.07212249312702321,550.6442126260202,0.002910186052832682,0.00020339774448618897,5.4166666667,5.4917923412708705,0.024793013131454007,5.493478030001063,0.025745134675619206,True,Solve_Succeeded,2,0.024881997000193223,0.027943982000579126,0.02835600900289137,True,6.498193183546164e-08,
104.5,111.438,111.413,4.5,-125.43079448755734,165.15957184245008,-2.357402496941243,5.383598814369484,0.07544157646568117,551.1932015953792,0.0030459223708677657,0.00030702919645619886,5.4166666667,5.493478030001063,0.025745134675619206,5.494934758361817,0.026672467742692035,True,Solve_Succeeded,2,0.02369824599736603,0.02743584200652549,0.027753802998631727,True,6.385650941354015e-08,
104.6,111.538,111.515,4.5,-125.81801243045112,164.77027475158673,-2.349559555777794,5.384756198038723,0.07849693744239253,551.7423083508692,0.0032305276888144768,0.0003773829400310902,5.4166666667,5.494934758361817,0.026672467742692035,5.496135598943594,0.027550451824536207,True,Solve_Succeeded,2,0.02369075499882456,0.027381100997445174,0.02776965100201778,True,6.29409813157622e-08,
104.7,111.638,111.617,4.5,-126.20218829761988,164.37780777901793,-2.3414094964643417,5.385944658472763,0.08141347225761054,552.2915376572722,0.003439807803290524,0.0003947654226155173,5.4166666667,5.496135598943594,0.027550451824536207,5.497067640128468,0.02834388302411257,True,Solve_Succeeded,2,0.024543440995330457,0.02811208999628434,0.0286593350028852,True,6.226143778320647e-08,
104.8,111.738,111.719,4.5,-126.58317882621442,163.98207863556533,-2.332966058945902,5.387146563564809,0.08419198348352637,552.8408919471095,0.0036414740281594006,0.00034732176796259395,5.4166666667,5.497067640128468,0.02834388302411257,5.49773243112563,0.029035456529617264,True,Solve_Succeeded,2,0.02629439900192665,0.0296280510010547,0.03028013899893267,True,6.179895883917652e-08,
104.9,111.838,111.821,4.5,-126.96084299745546,163.58300496600773,-2.324247704980064,5.38834780243474,0.08674702097804164,553.3903718029865,0.003796031533496276,0.00021899822970006255,5.4166666667,5.49773243112563,0.029035456529617264,5.498144081334342,0.029628218443947738,True,Solve_Succeeded,2,0.02402496099966811,0.028461232999688946,0.028778881998732686,True,6.151505527185464e-08,
105.0,111.938,111.923,4.5,-127.33504556764889,163.18051738921324,-2.3152825793309155,5.389533186495664,0.08899351425105267,553.9399758430009,0.003852547442053103,-1.536331114726508e-05,5.4166666667,5.498144081334342,0.029628218443947738,5.498328296322999,0.03014038985367743,True,Solve_Succeeded,2,0.027834021995658986,0.03195033399970271,0.03221009000117192,True,6.135357910608263e-08,
105.1,112.038,112.025,4.5,-127.7056607176346,162.77456238774846,-2.306104507634799,5.390688277483222,0.09090790760790748,554.4897001883925,0.0037574834584209672,-0.00029678510962538596,5.4166666667,5.498328296322999,0.03014038985367743,5.498317917616609,0.030591514457242154,True,Solve_Succeeded,2,0.030078495998168364,0.034064523002598435,0.03445111500332132,True,6.126286411500814e-08,
105.2,112.138,112.127,4.5,-128.07257344646536,162.36510276078693,-2.296746009128948,5.391799238139971,0.09253218306359381,555.039538889386,0.0035375801283705987,-0.0004706145674151508,5.4166666667,5.498317917616609,0.030591514457242154,5.498148465300805,0.030995120250374958,True,Solve_Succeeded,2,0.02511939499527216,0.029029532001004554,0.029359887004829943,True,6.119931139636492e-08,
105.3,112.238,112.229,4.5,-128.43567854545068,161.9521157142124,-2.2872338752461525,5.392853984205255,0.09393153729447729,555.5894858518321,0.0032463514442380792,-0.0005610176494053043,5.4166666667,5.498148465300805,0.030995120250374958,5.4978558643980975,0.03136173441208763,True,Solve_Succeeded,2,0.025175485003273934,0.028749753000738565,0.029088414004945662,True,6.112957073867165e-08,
105.4,112.338,112.331,4.5,-128.79487830641062,161.5355898499876,-2.2775872993747446,5.393843956613983,0.09517250676140912,556.1395343393212,0.0029231242524809025,-0.0005905138806414634,5.4166666667,5.4978558643980975,0.03136173441208763,5.497470412543528,0.03170360516897095,True,Solve_Succeeded,2,0.024515350996807683,0.02875289600342512,0.02900870300072711,True,6.116902451225315e-08,
105.5,112.438,112.433,4.5,-129.1500803496526,161.1155221355198,-2.2678198578323223,5.394763912945173,0.0962995785277676,556.6896772908771,0.002596541900230235,-0.0005759758872105891,5.4166666667,5.497470412543528,0.03170360516897095,5.497011189112692,0.03204145502353507,True,Solve_Succeeded,2,0.023941218001709785,0.027541894996829797,0.027921408000111114,True,6.138597008487068e-08,
105.6,112.538,112.535,4.5,-129.50119614538556,160.69191613118713,-2.257941805718563,5.395609263105115,0.0973432217763135,557.2399073310786,0.002286922574441873,-0.0005309245131726037,5.4166666667,5.497011189112692,0.03204145502353507,5.496486660521796,0.03239218245600675,True,Solve_Succeeded,2,0.024266473003081046,0.027408751004259102,0.0276734459985164,True,6.18900566351499e-08,
105.7,112.638,112.637,4.5,-129.84813970586626,160.2647802875155,-2.247958283313807,5.396378466467695,0.09836436138289825,557.7902169624471,0.002008428997917413,-0.00046373732619109376,5.4166666667,5.496486660521796,0.03239218245600675,5.4958921105764205,0.032750819052424,True,Solve_Succeeded,2,0.02716435399634065,0.031610712001565844,0.03201350599556463,True,6.286879283834423e-08,
105.8,112.738,112.705,4.5,-130.07707547707307,159.97806767116236,-2.241243312361933,5.39684121854841,0.09923098703646753,558.1571305638289,0.001845322743309678,-0.0004075395145344274,5.4166666667,5.4958921105764205,0.032750819052424,5.495316155625681,0.033151559991118684,True,Solve_Succeeded,2,0.025963623993447982,0.029684039000130724,0.030542109998350497,True,6.434661870002856e-08,
105.9,112.838,112.807,4.5,-130.41687431310524,159.54507346674782,-2.231081666668763,5.397537856444184,0.10017277286115159,558.7075568101732,0.0016435785899016737,-0.0003082485002479096,5.4166666667,5.495316155625681,0.033151559991118684,5.494565206164509,0.033492784505121075,True,Solve_Succeeded,2,0.025062175001949072,0.029231726002763025,0.02948502700019162,True,6.698942112137729e-08,
106.0,112.938,112.909,4.5,-130.75228551170474,159.10856833580544,-2.220827080370855,5.3986055374387085,0.10085168867980067,559.2580634147585,0.0014966394757528851,-0.0002082267392191639,5.4166666667,5.494565206164509,0.033492784505121075,5.493454590256495,0.03387050059836501,True,Solve_Succeeded,2,0.028040964003594127,0.032037978002335876,0.032394264002505224,True,7.057834672252739e-08,
106.1,113.038,113.011,4.5,-131.08324090592942,158.66854700922372,-2.210468390065138,5.39972500754144,0.10150800803232683,559.8086715015666,0.0014081207286485951,-9.998062108707018e-05,5.4166666667,5.493454590256495,0.03387050059836501,5.4919634779012325,0.034090443212346895,True,Solve_Succeeded,2,0.024704019997443538,0.02741722800419666,0.027669357994454913,True,6.061472923590827e-08,
106.2,113.138,113.113,4.5,-131.40966276522036,158.22501764080226,-2.2000078358637833,5.400870243975236,0.10227545252522884,560.3593874984576,0.0013793616034811931,1.0873932309252154e-05,5.4166666667,5.4919634779012325,0.034090443212346895,5.490013669675315,0.034053316448010094,True,Solve_Succeeded,2,0.025869450000755023,0.03032368700223742,0.030627754000306595,True,6.302335187058361e-08,
106.3,113.238,113.215,4.5,-131.73146735525097,157.77799158703675,-2.1894440849703773,5.402008266178978,0.10280576800778564,560.9102135240599,0.0014132548783886887,0.00012240561380849613,5.4166666667,5.490013669675315,0.034053316448010094,5.487578478300084,0.0337442972069268,True,Solve_Succeeded,2,0.024753895995672792,0.028904739003337454,0.029385431997070555,True,6.396204010883366e-08,
106.4,113.338,113.317,4.5,-132.04857762845992,157.32749302764765,-2.1788244282702154,5.402987102026634,0.10289294126363256,561.4611469241597,0.001498610822986972,0.00018418780876539034,5.4166666667,5.487578478300084,0.0337442972069268,5.484696489669133,0.03312239105266932,True,Solve_Succeeded,2,0.023756681999657303,0.027265995006018784,0.027619478998531122,True,6.28037204464249e-08,
106.5,113.438,113.419,4.5,-132.36093724441977,156.8735814160543,-2.168229934487747,5.403722217193414,0.10205890667892414,562.0121689440296,0.0015862533066527654,0.00011237395321073151,5.4166666667,5.484696489669133,0.03312239105266932,5.481469948538473,0.03232007581351488,True,Solve_Succeeded,2,0.024362702999496832,0.027282480004942045,0.027535573004570324,True,4.981408263660114e-08,
106.6,113.538,113.521,4.5,-132.66852859074777,156.4163501678967,-2.157758522827313,5.404211712676723,0.10018552175925027,562.5632538305063,0.001575671547902861,-0.00019353247769959836,5.4166666667,5.481469948538473,0.03232007581351488,5.477965146755009,0.03138752717405066,True,Solve_Succeeded,2,0.02371530899836216,0.027482401994348038,0.027881773996341508,True,4.5237102064277224e-08,
106.7,113.638,113.623,4.5,-132.97138309510163,155.9559221840787,-2.1475059639237166,5.404466751495316,0.09758545210809012,563.1143752529764,0.0013302919326417578,-0.0006743250179592762,5.4166666667,5.477965146755009,0.03138752717405066,5.474244731391375,0.030315148195463555,True,Solve_Succeeded,2,0.024439796994556673,0.02730086700466927,0.027556723995076027,True,3.9993447664699033e-08,
106.8,113.738,113.725,4.5,-133.26957233728356,155.49244172335776,-2.137536897874854,5.404492816550407,0.09452435123146043,563.66550669011,0.0008662821443973393,-0.0009791453396639227,5.4166666667,5.474244731391375,0.030315148195463555,5.4703736081233085,0.029107178322092902,True,Solve_Succeeded,2,0.02456450000318,0.027691754999978002,0.028050766995875165,True,3.497564726728797e-08,
106.9,113.838,113.827,4.5,-133.5631963333931,155.02606551441144,-2.1278971742620634,5.40429437356547,0.09106353885211807,564.216623826189,0.00028002812914446225,-0.0011278195522366197,5.4166666667,5.4703736081233085,0.029107178322092902,5.4664250852057785,0.027791410684758017,True,Solve_Succeeded,2,0.02449966700078221,0.027385957997466903,0.02766055299434811,True,3.049684238476402e-08,
107.0,113.938,113.929,4.5,-133.852379346849,154.55695926058038,-2.1186290821118607,5.403872522554157,0.08721367057320197,564.7677036047605,-0.0003530306181959852,-0.0011594167732202898,5.4166666667,5.4664250852057785,0.027791410684758017,5.46248532540489,0.026394346282843872,True,Solve_Succeeded,2,0.025977804005378857,0.029144011001335457,0.02940215299895499,True,1.808150962290256e-08,
107.1,114.038,114.031,4.5,-134.13726919203157,154.08529607728846,-2.1097716747815984,5.403230949253604,0.08303170381294393,565.3187240279086,-0.000978769315254568,-0.0011106547940511469,5.4166666667,5.46248532540489,0.026394346282843872,5.458631146048438,0.024927679927953222,True,Solve_Succeeded,2,0.024253877003502566,0.027559499998460524,0.027874915998836514,True,1.6651516610011186e-08,
107.2,114.138,114.133,4.5,-134.4180347150968,153.61125453012914,-2.101356602559812,5.402370681189188,0.07860278815225467,565.8696636372265,-0.0015618453142953197,-0.001011617038267243,5.4166666667,5.458631146048438,0.024927679927953222,5.454951670317334,0.023396922384004218,True,Solve_Succeeded,2,0.023362851999991108,0.026707076001912355,0.027112866002426017,True,1.530096582769147e-08,
107.3,114.238,114.235,4.5,-134.6948623504651,153.13501573259958,-2.093409060165522,5.401300822570395,0.07399241738169682,566.4205016563093,-0.002081833717802261,-0.0008865991974098542,5.4166666667,5.454951670317334,0.023396922384004218,5.4515366417628615,0.02181357571549993,True,Solve_Succeeded,2,0.024436849998892285,0.027999461999570485,0.028333100999589078,True,1.0622392743186992e-08,
107.4,114.338,114.337,4.5,-134.9679539954862,152.65676066041993,-2.0859505218413643,5.400039715572035,0.0692424185761268,566.9712189278612,-0.002530580186590136,-0.0007567568878026343,5.4166666667,5.4515366417628615,0.02181357571549993,5.448464148629174,0.020198595162514377,True,Solve_Succeeded,2,0.02475891100039007,0.02918255500117084,0.02949755999725312,True,9.746271345534296e-09,
107.5,114.438,114.405,4.5,-135.14804450645664,152.3368918404504,-2.081241287469021,5.39904436756402,0.06577526437183331,567.3382881584272,-0.0027897749102444745,-0.0006590365224283801,5.4166666667,5.448464148629174,0.020198595162514377,5.445614084666761,0.01819021282645625,True,Solve_Succeeded,2,0.02351324399933219,0.027476342998852488,0.0278822200052673,True,8.892282465922108e-09,
107.6,114.538,114.507,4.5,-135.41539307342867,151.85567336321452,-2.0746376865886544,5.397495394636216,0.06061406611355696,567.8887663574897,-0.0031280584663796298,-0.0005616452585139875,5.4166666667,5.445614084666761,0.01819021282645625,5.443292460344844,0.01676268639438791,True,Solve_Succeeded,2,0.02444343300157925,0.027989420006633736,0.028236509999260306,True,8.970775233763106e-09,
107.7,114.638,114.609,4.5,-135.67960750159273,151.37291420399572,-2.0685845700150574,5.395767604960167,0.05474364747683015,568.4390797431738,-0.003423259941159066,-0.0005221532471724188,5.4166666667,5.443292460344844,0.01676268639438791,5.441556409030695,0.015484458442122775,True,Solve_Succeeded,2,0.025117589000728913,0.02884860199992545,0.029147975998057518,True,8.795437267394846e-09,
107.8,114.738,114.711,4.5,-135.94095756659706,150.88880369242278,-2.0631312629813787,5.393891977098954,0.049669584190121324,568.989212270215,-0.0037300314708780292,-0.000590867431311537,5.4166666667,5.441556409030695,0.015484458442122775,5.440421244310811,0.014249585459277984,True,Solve_Succeeded,2,0.029307407996384427,0.035125478003465105,0.03576436099683633,True,8.827598207972187e-09,
107.9,114.838,114.813,4.5,-136.1996879722004,150.40350662621103,-2.058098345454713,5.391921767328783,0.04720318679300967,569.5391519182057,-0.004069791440664364,-0.0005895488458502741,5.4166666667,5.440421244310811,0.014249585459277984,5.4398898035560865,0.01244137691416429,True,Solve_Succeeded,2,0.03451179200055776,0.039211385999806225,0.039709274999040645,True,8.810748575172056e-09,
108.0,114.938,114.915,4.5,-136.455969506694,149.9171409697519,-2.0534930798281934,5.389844133025813,0.0423220881289855,570.0888892357984,-0.004377393456880708,-0.0005267473251664434,5.4166666667,5.4398898035560865,0.01244137691416429,5.439924198709076,0.011685250576916002,True,Solve_Succeeded,2,0.030238211002142634,0.03576720999990357,0.036437880000448786,True,9.965610558992921e-09,
108.1,115.038,115.017,4.5,-136.71002258332106,149.4298473445544,-2.0493693898729273,5.387580201660976,0.03722634981274532,570.6384147556499,-0.004642958248422263,-0.0004576937180869045,5.4166666667,5.439924198709076,0.011685250576916002,5.440593305114258,0.0109891663961591,True,Solve_Succeeded,2,0.025578894004866015,0.02905921800265787,0.029317981003259774,True,9.730785954786825e-09,
108.2,115.138,115.119,4.5,-136.96208949748825,148.94178134706533,-2.045748041044701,5.385319320460503,0.03384599765338554,571.1877122582285,-0.004883733376547141,-0.00040438822620103565,5.4166666667,5.440593305114258,0.0109891663961591,5.441809342228793,0.010288394426987837,True,Solve_Succeeded,2,0.02563218499562936,0.02905490400007693,0.02945879500475712,True,1.0162911401323527e-08,
108.3,115.238,115.221,4.5,-137.2123658728419,148.45304848973993,-2.0424424809621273,5.383174201278894,0.031212563876035222,571.7367855093751,-0.005053569219492851,-0.00018708056986538327,5.4166666667,5.441809342228793,0.010288394426987837,5.443438511798838,0.009756059863957387,True,Solve_Succeeded,2,0.026775377002195455,0.030971243999374565,0.03135000400652643,True,1.0772679637227611e-08,
108.4,115.338,115.323,4.5,-137.4609909463283,147.96370936008276,-2.039377251100811,5.381200709320984,0.029061731358309126,572.2856494170139,-0.00508952465383459,3.60645738441967e-05,5.4166666667,5.443438511798838,0.009756059863957387,5.445373949324445,0.009241039671829208,True,Solve_Succeeded,2,0.02535833699948853,0.029069105003145523,0.029468576998624485,True,1.1245103515022947e-08,
108.5,115.438,115.425,4.5,-137.7080796133659,147.47380691055866,-2.036510035228007,5.379423878773054,0.027362869284512936,572.834322641327,-0.0050262351112589625,0.0001841487186711177,5.4166666667,5.445373949324445,0.009241039671829208,5.447501340031275,0.008714927968263134,True,Solve_Succeeded,2,0.026793201999680605,0.02996648300177185,0.03020138799911365,True,1.176984110173862e-08,
108.6,115.538,115.527,4.5,-137.95372644547962,146.98337064681394,-2.0338027735637105,5.377855605499181,0.025894588374642882,573.3828261669289,-0.004893017797152623,0.0002950828193135635,5.4166666667,5.447501340031275,0.008714927968263134,5.4497161309197635,0.008188312852722769,True,Solve_Succeeded,2,0.029568778998509515,0.033042538998415694,0.0333028649984044,True,1.2299733676002234e-08,
108.7,115.638,115.629,4.5,-138.19801506628443,146.49242296129168,-2.0312458350319624,5.376498913836079,0.0244176047778735,573.9311815757114,-0.004706514563528919,0.0003783483524846254,5.4166666667,5.4497161309197635,0.008188312852722769,5.451930891808056,0.007692387476464175,True,Solve_Succeeded,2,0.026444167997397017,0.02998015800403664,0.030417866000789218,True,1.281225969762545e-08,
108.8,115.738,115.731,4.5,-138.44102886209674,146.00098519286428,-2.0288435061689363,5.375352455283905,0.02288605411284524,574.4794105655322,-0.0044829740125661025,0.00042951298466409327,5.4166666667,5.451930891808056,0.007692387476464175,5.454070804082891,0.007223066544158389,True,Solve_Succeeded,2,0.02580180600489257,0.028741372007061727,0.029375378995609935,True,1.7680983788181948e-08,
108.9,115.838,115.833,4.5,-138.6828528947295,145.50907965619876,-2.026596911755998,5.374404610249728,0.021386905369734987,575.0275340229047,-0.004240849378124235,0.0004473155371522708,5.4166666667,5.454070804082891,0.007223066544158389,5.4560831965302645,0.006755316289264265,True,Solve_Succeeded,2,0.025478292001935188,0.029437724995659664,0.029784111997287255,True,1.8280859492847412e-08,
109.0,115.938,115.935,4.5,-138.92357003723816,145.01672848535796,-2.024499362761275,5.373639830926368,0.019966593949189607,575.57557139036,-0.0039967938098846925,0.0004383212074361431,5.4166666667,5.4560831965302645,0.006755316289264265,5.457926874217588,0.006274746184630992,True,Solve_Succeeded,2,0.026555660995654762,0.030486635994748212,0.031054699997184798,True,1.928424975261578e-08,
109.1,116.038,116.037,4.5,-139.16325947437943,144.523953153177,-2.0225466480111134,5.373042700139545,0.018563381975787743,576.1235405102314,-0.003764070676314486,0.0004066304470580206,5.4166666667,5.457926874217588,0.006274746184630992,5.459573024104862,0.005798244271969017,True,Solve_Succeeded,2,0.026387934005470015,0.03088213300361531,0.031199411998386495,True,2.1068516709021878e-08,
109.2,116.138,116.105,4.5,-139.3225194663999,144.19521130515,-2.0213261609455597,5.372739460408523,0.017385898585414672,576.4888233570308,-0.003620878471823487,0.0003719862332260959,5.4166666667,5.459573024104862,0.005798244271969017,5.460951846161183,0.005273384304973736,True,Solve_Succeeded,2,0.027658279999741353,0.03146861399727641,0.031756374999531545,True,2.3432871643080944e-08,
109.3,116.238,116.207,4.5,-139.56066878176668,143.70177936543672,-2.019618028057183,5.372376158968853,0.01594574902571573,577.0367132477726,-0.0034352261163870016,0.0002990677677447984,5.4166666667,5.460951846161183,0.005273384304973736,5.462151480717777,0.0049016981269433876,True,Solve_Succeeded,2,0.026017962001787964,0.029864386000554077,0.030154540996591095,True,2.771092333375691e-08,
109.4,116.338,116.309,4.5,-139.79799831491738,143.20798704963698,-2.0180617937135463,5.372125198816434,0.014400278077627554,577.5845727980056,-0.0032970311748549124,0.00019616014035284124,5.4166666667,5.462151480717777,0.0049016981269433876,5.463178253352586,0.004662160472707529,True,Solve_Succeeded,2,0.024909277002734598,0.028920257995196152,0.02918478300125571,True,3.185765962143705e-08,
109.5,116.438,116.411,4.5,-140.03458907374855,142.71386330609423,-2.0166583497989428,5.371965045812057,0.013089173206465602,578.132412209764,-0.0032249845356855265,6.23093860450119e-05,5.4166666667,5.463178253352586,0.004662160472707529,5.464049739423943,0.0045757433559042715,True,Solve_Succeeded,2,0.024398713998380117,0.027976120996754616,0.02821529500215547,True,3.611250498636309e-08,
109.6,116.538,116.513,4.5,-140.27051124305643,142.21943367038625,-2.015368813579477,5.371878901692801,0.012237212909422528,578.6802397205392,-0.0032266249952791312,-6.365343033598592e-05,5.4166666667,5.464049739423943,0.0045757433559042715,5.464794189139643,0.004649705683058481,True,Solve_Succeeded,2,0.026121699993382208,0.02975998200417962,0.030220013999496587,True,5.1818170199169344e-08,
109.7,116.638,116.615,4.5,-140.50581087866277,141.72471373790071,-2.0141396153688764,5.371850568694796,0.011944179992465137,579.2280619135139,-0.0032834974228959186,-0.0001282016692742971,5.4166666667,5.464794189139643,0.004649705683058481,5.465465785568361,0.00489568751489064,True,Solve_Succeeded,2,0.028866256005130708,0.0334384300003876,0.0337173929947312,True,5.501159794363275e-08,
109.8,116.738,116.717,4.5,-140.74050514576584,141.22970683548667,-2.0129112151706314,5.371867519300059,0.012233054803577361,579.7758839712593,-0.003345834842666976,-7.183110689457095e-05,5.4166666667,5.465465785568361,0.00489568751489064,5.466115847087431,0.005325649642868046,True,Solve_Succeeded,2,0.028072799999790732,0.03190516700124135,0.03248471600090852,True,5.681238501864527e-08,
109.9,116.838,116.819,4.5,-140.97458090653814,140.7344030454828,-2.0116228865100094,5.371921857840874,0.013109565998317729,580.3237101219813,-0.003330849974075525,0.0001661547886171455,5.4166666667,5.466115847087431,0.005325649642868046,5.466797079843095,0.005938899317895968,True,Solve_Succeeded,2,0.0292256440006895,0.0338885660021333,0.03431122600159142,True,5.728474850030807e-08,
110.0,116.938,116.921,4.5,-141.20799445792832,140.23877881352738,-2.0102132799771253,5.372009099796658,0.014580472415383667,580.8715439990665,-0.0031223219126915486,0.0006467853429290571,5.4166666667,5.466797079843095,0.005938899317895968,5.467560783544199,0.006720209554926943,True,Solve_Succeeded,2,0.027744531995267607,0.03334111100411974,0.03375899000093341,True,5.677427861172646e-08,
110.1,117.038,117.023,4.5,-141.44067135995675,139.74279670391718,-2.0086212675166455,5.3721282043034195,0.016632007445051427,581.4193880498535,-0.0026274334604307562,0.0011290597419417736,5.4166666667,5.467560783544199,0.006720209554926943,5.468454628026222,0.007647598411884629,True,Solve_Succeeded,2,0.025185243001033086,0.029303322000487242,0.029571895000117365,True,5.575430961357597e-08,
110.2,117.138,117.125,4.5,-141.672507332716,139.24640568248972,-2.0067891992260436,5.37228150460794,0.01921348751712132,581.9672454020126,-0.001928029653435598,0.0014041584449930866,5.4166666667,5.468454628026222,0.007647598411884629,5.469520754757966,0.008699456958300248,True,Solve_Succeeded,2,0.028178898006444797,0.03158370799792465,0.03197958799864864,True,5.431140159828374e-08,
110.3,117.238,117.227,4.5,-141.90337096168741,138.74954222816987,-2.004666301193039,5.372475342448419,0.022249586565022433,582.5151207909526,-0.0011232945198490815,0.0015225937777065821,5.4166666667,5.469520754757966,0.008699456958300248,5.470793304312758,0.00985626672125346,True,Solve_Succeeded,2,0.02626080399932107,0.030801704997429624,0.031338323999079876,True,5.255271506854342e-08,
110.4,117.338,117.329,4.5,-142.13310749295403,138.25213222648804,-2.0022099308672634,5.372717467121145,0.02566394390513681,583.0630196622876,-0.0002869965849064889,0.0015266392983552812,5.4166666667,5.470793304312758,0.00985626672125346,5.472294588395924,0.011104125926076675,True,Solve_Succeeded,2,0.027367982002033386,0.03168295700015733,0.031929243996273726,True,5.0987644328870374e-08,
110.5,117.438,117.431,4.5,-142.36154297490273,137.7540931250886,-1.9993862237439688,5.373016723794192,0.02937819964543515,583.6109481955181,0.0005277786936312555,0.001449699146322869,5.4166666667,5.472294588395924,0.011104125926076675,5.474025041187124,0.01244497955963826,True,Solve_Succeeded,2,0.025862233000225388,0.029612248996272683,0.029959476996737067,True,5.007007519708395e-08,
110.6,117.538,117.533,4.5,-142.58848719132524,137.2553353376436,-1.9961638894666285,5.373386468889025,0.03338036977074099,584.158913588608,0.0012853152668801258,0.0013225304714468145,5.4166666667,5.474025041187124,0.01244497955963826,5.475957037147066,0.013858459092224202,True,Solve_Succeeded,2,0.02519194400520064,0.028398914000717923,0.028670291998423636,True,5.004377978679031e-08,
110.7,117.638,117.635,4.5,-142.81373497027678,136.75576341167704,-1.992515698705337,5.37383517208864,0.03764242274077436,584.7069239564594,0.0019655357769449606,0.0011717809022038228,5.4166666667,5.475957037147066,0.013858459092224202,5.478042342003196,0.015326898704846001,True,Solve_Succeeded,2,0.025028602001839317,0.028061055003490765,0.028555240998684894,True,5.074158337947665e-08,
110.8,117.738,117.737,4.5,-143.03706733058235,136.255277258916,-1.988416870530922,5.374372451464839,0.04212815330161593,585.2549881809093,0.0025624097477101385,0.00102163085475393,5.4166666667,5.478042342003196,0.015326898704846001,5.480212498807468,0.01681615541362652,True,Solve_Succeeded,2,0.02572711600078037,0.02942878599424148,0.029739501005678903,True,5.1864399885914736e-08,
110.9,117.838,117.805,4.5,-143.1847788117521,135.92106152051642,-1.9854213861188965,5.374786842800432,0.04591745261139071,585.6203989039047,0.0029153347357324835,0.00093415178240841,5.4166666667,5.480212498807468,0.01681615541362652,5.482504300954122,0.018547047410155906,True,Solve_Succeeded,2,0.02519018299790332,0.028547009998874273,0.028860742000688333,True,6.260582718908836e-08,
111.0,117.938,117.907,4.5,-143.40439997263493,135.41882163890574,-1.9805294251327195,5.37548168551261,0.050620894234869596,586.1685741084231,0.003391127379570202,0.0008257999593153098,5.4166666667,5.482504300954122,0.018547047410155906,5.484655018604317,0.019901524952334618,True,Solve_Succeeded,2,0.025028304997249506,0.029681348001759034,0.03018035700370092,True,6.365227900317905e-08,
111.1,118.038,118.009,4.5,-143.62147857835876,134.915396507583,-1.9752326383545782,5.376240110924287,0.05424951226148816,586.7168277734875,0.0038063629763807135,0.0006708428409849533,5.4166666667,5.484655018604317,0.019901524952334618,5.486707812709524,0.02164982028635407,True,Solve_Succeeded,2,0.025198539995471947,0.028931128996191546,0.0291725779970875,True,6.599742885526894e-08,
111.2,118.138,118.111,4.5,-143.8357976815146,134.41070120242497,-1.969395393837709,5.377107784581494,0.06013145940970026,587.2651675736963,0.004145458461993818,0.0006046168660822637,5.4166666667,5.486707812709524,0.02164982028635407,5.488354417506791,0.022291282187102426,True,Solve_Succeeded,2,0.024454569997033104,0.02814026600390207,0.02869557200028794,True,6.597004009734064e-08,
111.3,118.238,118.213,4.5,-144.04706501241046,133.9046200707411,-1.9630072023932934,5.378056331764184,0.06555720189549528,587.8136043987499,0.004473877224415868,0.0006374766121339803,5.4166666667,5.488354417506791,0.022291282187102426,5.4896027013879385,0.022830496274114678,True,Solve_Succeeded,2,0.025910757001838647,0.029141892002371605,0.02947982600016985,True,6.715845568550094e-08,
111.4,118.338,118.315,4.5,-144.25499922990136,133.397051218429,-1.956138402322451,5.379095349881288,0.06888702155662643,588.3621466452636,0.004841497151047561,0.0006992280231961079,5.4166666667,5.4896027013879385,0.022830496274114678,5.490410086728878,0.02329616776896097,True,Solve_Succeeded,2,0.025598025000363123,0.028382454001985025,0.028875001000415068,True,6.790580009408131e-08,
111.5,118.438,118.417,4.5,-144.45941197994355,132.88793630865902,-1.9490188778437134,5.380189543412693,0.0706699655482364,588.9108029462394,0.0051956437579053615,0.0005604452825009876,5.4166666667,5.490410086728878,0.02329616776896097,5.4907884151350155,0.023680559465963383,True,Solve_Succeeded,2,0.02428160500130616,0.027697229998011608,0.028018817996780854,True,6.833407706352546e-08,
111.6,118.538,118.519,4.5,-144.66019513546973,132.3772583518054,-1.941748619877591,5.381292064585995,0.07191670794371417,589.4595762128957,0.005394048019324956,0.00012206156089877852,5.4166666667,5.4907884151350155,0.023680559465963383,5.490768138210842,0.02386171058402608,True,Solve_Succeeded,2,0.025949788992875256,0.028891631001897622,0.029167437998694368,True,6.787631168236885e-08,
111.7,118.638,118.621,4.5,-144.85726931918,131.86501829482393,-1.9343619187934922,5.382369264986005,0.07295293304435627,590.0084633988926,0.005266019507330675,-0.0005934976138552984,5.4166666667,5.490768138210842,0.02386171058402608,5.490426051907294,0.023825172915816116,True,Solve_Succeeded,2,0.026036846997158136,0.029401411004073452,0.02970035399630433,True,6.629938997804175e-08,
111.8,118.738,118.723,4.5,-145.05056779842462,131.35122648652563,-1.926889295348328,5.383400572274891,0.07356494511075908,590.5574551519389,0.004774042650434314,-0.0011484004118833546,5.4166666667,5.490426051907294,0.023825172915816116,5.489873210616527,0.023649684642120923,True,Solve_Succeeded,2,0.025565047006239183,0.02964179499394959,0.030205189999833237,True,6.350088277429222e-08,
111.9,118.838,118.825,4.5,-145.24004581109148,130.83590461970604,-1.919387076124546,5.384370510070148,0.07354856784739171,591.1065430531891,0.00403858560503573,-0.0014932861323413427,5.4166666667,5.489873210616527,0.023649684642120923,5.489240670705687,0.02345194471998588,True,Solve_Succeeded,2,0.024315941001987085,0.02838192099443404,0.028677015005087014,True,5.998134700035962e-08,
112.0,118.938,118.927,4.5,-145.42569021112195,130.31908813954433,-1.9119167086757987,5.385265376696115,0.07300228365362399,591.655718910039,0.0031571404112128378,-0.0016901123804922147,5.4166666667,5.489240670705687,0.02345194471998588,5.488665157854738,0.023333621856010338,True,Solve_Succeeded,2,0.025929399002052378,0.030535049001628067,0.031179559002339374,True,5.661741120377428e-08,
112.1,119.038,119.029,4.5,-145.60751441018385,129.8008230607662,-1.9045150005201223,5.386076311564457,0.07226232355753971,592.2049740941142,0.002198779716717021,-0.0017762915891059714,5.4166666667,5.488665157854738,0.023333621856010338,5.488277387188562,0.023370336180770394,True,Solve_Succeeded,2,0.024352882996026892,0.028733545004797634,0.028981626994209364,True,5.41694680222804e-08,
112.2,119.138,119.131,4.5,-145.78554160342662,129.2811586344272,-1.897180815614118,5.386802460075327,0.07170195830780308,592.754299983155,0.001222381103438036,-0.0017513818371668322,5.4166666667,5.488277387188562,0.023370336180770394,5.488174341523033,0.02364547218676701,True,Solve_Succeeded,2,0.02381005800270941,0.026858987999730743,0.02720407499873545,True,5.296571625734714e-08,
112.3,119.238,119.233,4.5,-145.95978572369648,128.76013960962894,-1.8898781809313894,5.387453929303489,0.07162044998732557,593.303688936058,0.0002970908866050947,-0.0015801941635402716,5.4166666667,5.488174341523033,0.02364547218676701,5.488400646039425,0.024227179641433335,True,Solve_Succeeded,2,0.02569831999426242,0.0299399080031435,0.030231306001951452,True,5.2444420362007804e-08,
112.4,119.338,119.335,4.5,-146.13023504164946,128.23780030208272,-1.8825414584456972,5.388046490887673,0.07229530574837817,593.8531352390737,-0.0004803320532979127,-0.0011979634789966997,5.4166666667,5.488400646039425,0.024227179641433335,5.488945778806624,0.025122041558683354,True,Solve_Succeeded,2,0.02533058699918911,0.028755940998962615,0.029377197999565396,True,5.223224697203932e-08,
112.5,119.438,119.437,4.5,-146.29683694664894,127.71416013215534,-1.8750778553624021,5.3885993775777,0.07396813906119147,594.4026356839481,-0.0009697658755045106,-0.0005128519031569745,5.4166666667,5.488945778806624,0.025122041558683354,5.489745504012099,0.026263672996667337,True,Solve_Succeeded,2,0.024867410997103434,0.028623161000723485,0.028844619999290444,True,5.238826883413594e-08,
112.6,119.538,119.505,4.5,-146.40571865444682,127.36434595769495,-1.869977359787104,5.388950963333081,0.0761534884641106,594.7689990433933,-0.0010443016425763486,0.00013787621852201504,5.4166666667,5.489745504012099,0.026263672996667337,5.490792590054622,0.027715851412322745,True,Solve_Succeeded,2,0.02537426500202855,0.02806225899985293,0.02839984800084494,True,5.314352335972217e-08,
112.7,119.638,119.607,4.5,-146.56564696792316,126.83853407020051,-1.8620659878708525,5.38947820245996,0.07959264835517768,595.3185893032193,-0.0007355006616635211,0.0009629004755942194,5.4166666667,5.490792590054622,0.027715851412322745,5.491802503789712,0.02904810444468024,True,Solve_Succeeded,2,0.02396299099928001,0.026883755999733694,0.027350872005627025,True,5.5641802276795715e-08,
112.8,119.738,119.709,4.5,-146.72132633595263,126.31139231359784,-1.8537572598226595,5.390013510685706,0.08397198043990449,595.8682367037717,-3.6576685940391744e-05,0.001576987159679799,5.4166666667,5.491802503789712,0.02904810444468024,5.492580115777525,0.030192159822257193,True,Solve_Succeeded,2,0.023545082003693096,0.027743660000851378,0.028363232995616272,True,7.294226023191186e-08,
112.9,119.838,119.811,4.5,-146.87251336522198,125.78288685934304,-1.844982524754504,5.390574335703052,0.08847597085848928,596.4179462074314,0.0009592383117204707,0.002044890923254661,5.4166666667,5.492580115777525,0.030192159822257193,5.492986887751627,0.031057616400695567,True,Solve_Succeeded,2,0.023754521003866103,0.0268836109971744,0.027141020997078158,True,7.980775151850139e-08,
113.0,119.938,119.913,4.5,-147.0189527697223,125.25298569515519,-1.8357651991995059,5.39116296762998,0.09246175631996409,596.9677240573594,0.0021676093856505397,0.002339086214960817,5.4166666667,5.492986887751627,0.031057616400695567,5.492861128728808,0.0315761047939682,True,Solve_Succeeded,2,0.02567718000500463,0.029618203996506054,0.030264032997365575,True,8.448040933473067e-08,
113.1,120.038,120.015,4.5,-147.16041513585847,124.72167126128336,-1.826180885396275,5.391768057037718,0.09554518139046486,597.5175757463604,0.0034733282976444745,0.002379822694271727,5.4166666667,5.492861128728808,0.0315761047939682,5.492097682541994,0.03168185482685085,True,Solve_Succeeded,2,0.02504821199545404,0.02987608700641431,0.030301439997856505,True,6.593399159982027e-08,
113.2,120.138,120.117,4.5,-147.29671833012557,124.1889464519031,-1.8163351533508993,5.39236751602633,0.09749502258157705,598.0675040749554,0.0047082502578595035,0.002057543263165318,5.4166666667,5.492097682541994,0.03168185482685085,5.490580125766062,0.03133188128147654,True,Solve_Succeeded,2,0.025636673999542836,0.029437591998430435,0.02974333899328485,True,5.965073679448096e-08,
113.3,120.238,120.219,4.5,-147.4277410501845,123.65483719598518,-1.8063554647488185,5.392928691586381,0.09812236910934964,598.6175069761304,0.005637859273442485,0.0012411935985257028,5.4166666667,5.490580125766062,0.03133188128147654,5.488287188458444,0.030532015570035907,True,Solve_Succeeded,2,0.02597236399742542,0.030598078003094997,0.030896238000423182,True,5.739438790897111e-08,
113.4,120.338,120.321,4.5,-147.55343447293822,123.11939365837517,-1.7963880847929645,5.393410682340821,0.0972747767754395,599.1675747940762,0.0059502808235342205,-0.00021216320678152378,5.4166666667,5.488287188458444,0.030532015570035907,5.485264128056057,0.029335749710236992,True,Solve_Succeeded,2,0.025493294997431803,0.028941502001543995,0.02928633100236766,True,6.374951766474624e-08,
113.5,120.438,120.423,4.5,-147.67383078129956,122.5826898796347,-1.7865874837664917,5.393767553795889,0.09493322333503892,599.7176830607651,0.005424533446474302,-0.0015967459396266646,5.4166666667,5.485264128056057,0.029335749710236992,5.481617286190924,0.027804269663258555,True,Solve_Succeeded,2,0.024937996997323353,0.028384731005644426,0.0287801880040206,True,7.3688926960358e-08,
113.6,120.538,120.525,4.5,-147.7890450942141,122.04482077185796,-1.7771037860211698,5.393956968047361,0.09121903081030394,600.2678050812874,0.004290850929090646,-0.0024492170135941294,5.4166666667,5.481617286190924,0.027804269663258555,5.477508639029442,0.025994702858985065,True,Solve_Succeeded,2,0.025795549001486506,0.029067762996419333,0.0293560440040892,True,7.124530299051912e-08,
113.7,120.638,120.627,4.5,-147.89926927285748,121.50589768448233,-1.768066509963715,5.393935009011333,0.08635460954986257,600.8179183882794,0.002806476295205075,-0.002893923469937665,5.4166666667,5.477508639029442,0.025994702858985065,5.473124048201243,0.023944488775308075,True,Solve_Succeeded,2,0.025466525003139395,0.028185451999888755,0.02842433500336483,True,6.577609301672283e-08,
113.8,120.738,120.729,4.5,-148.0047602648756,120.96604254171856,-1.7595823057071984,5.393673272491678,0.08055310280120027,601.3680002685991,0.0011661902107486803,-0.0030342034353245673,5.4166666667,5.473124048201243,0.023944488775308075,5.468681947634291,0.021678321732615087,True,Solve_Succeeded,2,0.026646140999218915,0.03121862799889641,0.03164718300104141,True,5.263808144917448e-08,
113.9,120.838,120.831,4.5,-148.10582919619492,120.42538212654661,-1.7517387323007103,5.39315889138014,0.07396917949737525,601.9180279261941,-0.0004869295537165292,-0.0029558414519905707,5.4166666667,5.468681947634291,0.021678321732615087,5.464395442522903,0.01919962125637953,True,Solve_Succeeded,2,0.028244624998478685,0.032332727998436894,0.03259736199834151,True,2.8415963804206967e-08,
114.0,120.938,120.933,4.5,-148.20283240838287,119.88404358335625,-1.7446080159982966,5.392396171208032,0.06672246261949023,602.4679790719352,-0.002052839241610781,-0.0027305317696020293,5.4166666667,5.464395442522903,0.01919962125637953,5.460435619007628,0.016516680018207684,True,Solve_Succeeded,2,0.027800417999969795,0.03203191299689934,0.03233536499465117,True,2.0017317581277894e-08,
114.1,121.038,121.035,4.5,-148.2961673999339,119.34215176171179,-1.7382630567655122,5.391397300078837,0.0587679947655768,603.0178325249475,-0.0034709339884153373,-0.0024316114619051805,5.4166666667,5.460435619007628,0.016516680018207684,5.456946614419186,0.01371379376849127,True,Solve_Succeeded,2,0.024733760001254268,0.02829342299810378,0.028806450995034538,True,1.6008474545969875e-08,
114.2,121.138,121.137,4.5,-148.3862723850274,118.79982734791409,-1.7327718895078776,5.390197338050115,0.05016510145641741,603.5675693069744,-0.004720047418026611,-0.0021282763276690986,5.4166666667,5.456946614419186,0.01371379376849127,5.454035974108505,0.01087605793193858,True,Solve_Succeeded,2,0.02543804800370708,0.029004108997469302,0.02933665800082963,True,1.4387374847046885e-08,
114.3,121.238,121.205,4.5,-148.44477893532917,118.43809404492741,-1.7296189277703669,5.38929768808425,0.04282375342670004,603.9339876941189,-0.005462628920420991,-0.0019578927034105136,5.4166666667,5.454035974108505,0.01087605793193858,5.451668623867245,0.00759038913148141,True,Solve_Succeeded,2,0.024785531997622456,0.02864594200218562,0.029060622997349128,True,1.0075186018809745e-08,
114.4,121.338,121.307,4.5,-148.5305697666289,117.89530053862696,-1.7256672545081382,5.387840909700139,0.03362576620543969,604.4834961894447,-0.006476285353930249,-0.0017675426842027608,5.4166666667,5.451668623867245,0.00759038913148141,5.449953210397479,0.00510254171171547,True,Solve_Succeeded,2,0.024623705001431517,0.028909123997436836,0.029667358998267446,True,1.2293771334270787e-08,
114.5,121.438,121.409,4.5,-148.61445226613873,117.35236412717875,-1.7226996058359771,5.386293781921898,0.023434491143469356,605.0328534807818,-0.007414341866591666,-0.001707992939527836,5.4166666667,5.449953210397479,0.00510254171171547,5.448909965354743,0.0031425074646150254,True,Solve_Succeeded,2,0.02455077700142283,0.027331482000590768,0.027606858006038237,True,1.4674410131476634e-08,
114.6,121.538,121.511,4.5,-148.6969842272102,116.80938332043024,-1.720763194778468,5.384693717088936,0.014093365173262375,605.5820539041048,-0.008373999138804681,-0.0018285127231585374,5.4166666667,5.448909965354743,0.0031425074646150254,5.448464313244559,0.0017167286301136722,True,Solve_Succeeded,2,0.024507038004230708,0.02837806300522061,0.02887818399904063,True,1.917895531278191e-08,
114.7,121.638,121.613,4.5,-148.77868900748226,116.26644232062652,-1.7197104833559347,5.383104596907327,0.0063454787713719644,606.1310965540438,-0.009417721602473332,-0.0019834996646874714,5.4166666667,5.448464313244559,0.0017167286301136722,5.4485190819833464,0.0008500192208794038,True,Solve_Succeeded,2,0.02404574499814771,0.027555688997381367,0.028020959005516488,True,2.560358147718489e-08,
114.8,121.738,121.715,4.5,-148.860003520999,115.72360451730627,-1.7193852189535577,5.381557690593921,0.00016570021691358856,606.6799862162767,-0.01052081313440545,-0.002018409455328163,5.4166666667,5.4485190819833464,0.0008500192208794038,5.448981555668566,0.0006358149870521722,True,Solve_Succeeded,2,0.02509657000337029,0.029020649002632126,0.029265312994539272,True,3.340587895195313e-08,
114.9,121.838,121.817,4.5,-148.94123864030024,115.18091495715854,-1.7193820728559082,5.380007527344332,3.0640647855982766e-05,607.2287266328859,-0.011532476686024128,-0.0015293216299621106,5.4166666667,5.448981555668566,0.0006358149870521722,5.449985194803766,-0.0005434401547077964,True,Solve_Succeeded,2,0.029004028998315334,0.03249964600399835,0.032762146001914516,True,1.1131592639324062e-07,
115.0,121.938,121.919,4.5,-149.02245067276834,114.63837688268327,-1.719381702389131,5.378559607344313,3.978446933196281e-05,607.7773248400184,-0.012045057429115618,-0.00019798508412049998,5.4166666667,5.449985194803766,-0.0005434401547077964,5.451311911179794,-0.0009024033086877999,True,Solve_Succeeded,2,0.028656926995608956,0.03225891600595787,0.032541536005737726,True,4.0414377622255415e-08,
115.1,122.038,122.021,4.5,-149.10364349682348,114.09597906677662,-1.719397408104644,5.37723067790596,-0.0003459749388170399,608.325789981048,-0.011608430021152126,0.001824264895463834,5.4166666667,5.451311911179794,-0.0009024033086877999,5.452963995623942,-0.0008959761670928182,True,Solve_Succeeded,2,0.02579540300212102,0.028892852998978924,0.029209480999270454,True,3.518356095355557e-08,
115.2,122.138,122.123,4.5,-149.18483527074346,113.55371205881826,-1.7194471675563832,5.376021207863463,-0.0006377045906058782,608.8741172892294,-0.010147503874886457,0.003384297394524838,5.4166666667,5.452963995623942,-0.0008959761670928182,5.4548985051379235,-0.0002893048645599085,True,Solve_Succeeded,2,0.025393927993718535,0.029295293999894056,0.029663647997949738,True,3.9590723588389665e-08,
115.3,122.238,122.225,4.5,-149.26604030059022,113.01156400784554,-1.7194958563972942,5.374975361484042,-0.00026750693869843624,609.4223176714202,-0.008021604795760457,0.004265164335655046,5.4166666667,5.4548985051379235,-0.0002893048645599085,5.457084461046942,0.0009030405178302865,True,Solve_Succeeded,2,0.026825115994142834,0.03087976099777734,0.03125104599894257,True,3.5363072470318e-08,
115.4,122.338,122.327,4.5,-149.3472445063301,112.46951244574778,-1.7195002465369449,5.374143441285622,-3.707639627947696e-05,609.9704144737874,-0.005586359359937241,0.004510588128121995,5.4166666667,5.457084461046942,0.0009030405178302865,5.459532107837632,0.0030377877673148507,True,Solve_Succeeded,2,0.024616730006528087,0.027527159996679984,0.027876351996383164,True,3.390529812463683e-08,
115.5,122.438,122.429,4.5,-149.42843710730298,111.92753535130726,-1.7194963784109625,5.373493195132011,7.398611901079972e-06,610.5184325387205,-0.0032003073297228353,0.00408469823540436,5.4166666667,5.459532107837632,0.0030377877673148507,5.4623413486390255,0.006222566750440186,True,Solve_Succeeded,2,0.023925429995870218,0.027769215004809666,0.028029850996972527,True,3.3832246337794913e-08,
115.6,122.538,122.531,4.5,-149.50959944721745,111.38560783070321,-1.7193558368412705,5.373122465573711,0.003089747345691451,611.06639812762,-0.001213620115972473,0.0031157408039275136,5.4166666667,5.4623413486390255,0.006222566750440186,5.46548046440109,0.009568553029889121,True,Solve_Succeeded,2,0.026774657002533786,0.030835965000733268,0.031089458003407344,True,4.5420496697090584e-08,
115.7,122.638,122.633,4.5,-149.59051319456967,110.84367288385903,-1.718423049339987,5.372845032631195,0.014713930143643755,611.6143375860842,0.00022563449064757417,0.002258785989506684,5.4166666667,5.46548046440109,0.009568553029889121,5.468748250910897,0.011050647608824786,True,Solve_Succeeded,2,0.02512499700242188,0.028366821999952663,0.028863204999652226,True,4.5968734596613103e-08,
115.8,122.738,122.735,4.5,-149.67057151909776,110.30163842718571,-1.7162101126369378,5.372643483712688,0.02708479302690736,612.162253429351,0.0013584216993534784,0.0020010475987262133,5.4166666667,5.468748250910897,0.011050647608824786,5.472274852201964,0.012395634393079766,True,Solve_Succeeded,2,0.02674998099973891,0.03068688199709868,0.031072395999217406,True,4.604573167199533e-08,
115.9,122.838,122.837,4.5,-149.74913394030278,109.75938981251103,-1.7130123356186324,5.372752549081131,0.034279472589999645,612.7101688531916,0.0024618668176782676,0.0020462436031782882,5.4166666667,5.472274852201964,0.012395634393079766,5.47604109215433,0.014495977193132985,True,Solve_Succeeded,2,0.025504518001980614,0.028873597002530005,0.029123903004801832,True,4.725548397033208e-08,
116.0,122.938,122.905,4.5,-149.80047243935886,109.39773036159843,-1.710545233601528,5.372961950956634,0.03810276795027745,613.0754603321681,0.003205767566953234,0.002032191159604624,5.4166666667,5.47604109215433,0.014495977193132985,5.4800062013546835,0.017154647031423206,True,Solve_Succeeded,2,0.027052812998590525,0.03137201899517095,0.03181067100376822,True,4.929393426778006e-08,
116.1,123.038,123.007,4.5,-149.87571523137427,108.85496204791616,-1.7064327046222896,5.373400621618691,0.0435131892429385,613.6234346872666,0.004270073199140622,0.0018528806904101192,5.4166666667,5.4800062013546835,0.017154647031423206,5.483873454156516,0.019467477736755796,True,Solve_Succeeded,2,0.02513754100073129,0.02841366500069853,0.02867982199677499,True,5.911687495085971e-08,
116.2,123.138,123.109,4.5,-149.94857080511693,108.31181267599243,-1.7016849561900087,5.374040760442587,0.05076470886789248,614.1714719362359,0.005211704576502916,0.0016234702127473355,5.4166666667,5.483873454156516,0.019467477736755796,5.4874851152859385,0.021461995140152193,True,Solve_Succeeded,2,0.025213540000549983,0.029550631996244192,0.03004870300355833,True,6.07424874843332e-08,
116.3,123.238,123.211,4.5,-150.01864405313754,107.76822176396053,-1.6961488912012948,5.374871808084509,0.058381869916877625,614.7195927751521,0.00605375997990192,0.0014957534726101063,5.4166666667,5.4874851152859385,0.021461995140152193,5.49067555094382,0.02306996592182381,True,Solve_Succeeded,2,0.025722955004312098,0.029404261003946885,0.029820611998729873,True,6.263574903186964e-08,
116.4,123.338,123.313,4.5,-150.08550916876396,107.2241322307271,-1.6898601176314065,5.375886445413491,0.06519012088618345,615.2678169185253,0.006848265690414749,0.0014329760860316565,5.4166666667,5.49067555094382,0.02306996592182381,5.49326533241375,0.02434452872538914,True,Solve_Succeeded,2,0.023867225005233195,0.02707137999823317,0.02734575299837161,True,7.884277319902822e-08,
116.5,123.438,123.415,4.5,-150.1487834617921,106.67950064553509,-1.6829325025260573,5.377067991741232,0.07070849484196493,615.8161632462981,0.007601794692918283,0.0013204143966549788,5.4166666667,5.49326533241375,0.02434452872538914,5.495159848147834,0.025309080654178612,True,Solve_Succeeded,2,0.02468436699564336,0.02795334399706917,0.02831084799981909,True,8.1717043798335e-08,
116.6,123.538,123.517,4.5,-150.2081531103811,106.13430156109948,-1.6755014120984888,5.378376961060001,0.07496956976021955,616.3646476146909,0.008249645817413094,0.0010223178691026735,5.4166666667,5.495159848147834,0.025309080654178612,5.496271165128966,0.02594621117146997,True,Solve_Succeeded,2,0.025202170996635687,0.030482221001875587,0.03107758399710292,True,8.405357654339696e-08,
116.7,123.638,123.619,4.5,-150.26337378829405,105.58852804658926,-1.6676897661614947,5.379764782716594,0.07812617380857897,616.9132802320479,0.008655606903428295,0.0004160765521821208,5.4166666667,5.496271165128966,0.02594621117146997,5.496562266518213,0.026242777905257142,True,Solve_Succeeded,2,0.02523547699820483,0.028626015002373606,0.028984311000385787,True,8.495864367574768e-08,
116.8,123.738,123.721,4.5,-150.31426324528516,105.04218971515203,-1.6596085456164544,5.381179731851318,0.08023328830524146,617.4620640548678,0.008620184116500488,-0.0006070962604234342,5.4166666667,5.496562266518213,0.026242777905257142,5.496041230797057,0.026218610832496256,True,Solve_Succeeded,2,0.024774642995907925,0.029057970001304056,0.02954007800144609,True,8.387629879536007e-08,
116.9,123.838,123.823,4.5,-150.3606984572612,104.49531073771581,-1.6513675222509634,5.382570773524736,0.081273142334238,618.0109891144018,0.007992297111791245,-0.0015919794709451374,5.4166666667,5.496041230797057,0.026218610832496256,5.494751121312306,0.02592181401740145,True,Solve_Succeeded,2,0.025318640997284092,0.02939544200489763,0.029817620998073835,True,8.082589264546414e-08,
117.0,123.938,123.925,4.5,-150.40261638224783,103.94792807728155,-1.6430764634762238,5.383886894680695,0.08127248014178312,618.5600414811172,0.006940913216800946,-0.002170518438385116,5.4166666667,5.494751121312306,0.02592181401740145,5.492765815525811,0.02540629733201488,True,Solve_Succeeded,2,0.025607901996409055,0.029184424005507026,0.029430490998493042,True,7.63119265556611e-08,
117.1,124.038,124.027,4.5,-150.44001236527097,103.40008922392114,-1.6348369974149006,5.385080042844008,0.08035263762128696,619.1092090245567,0.005660404723075573,-0.0024440518068522543,5.4166666667,5.492765815525811,0.02540629733201488,5.490204850929021,0.024716555953587047,True,Solve_Succeeded,2,0.026149416997213848,0.02969657599896891,0.02995752300193999,True,5.4865125775904744e-08,
117.2,124.138,124.129,4.5,-150.4729332960319,102.85184945226813,-1.6267334976107999,5.3861074570483,0.07869704487075391,619.658476782817,0.0042940207242618215,-0.002496968308711045,5.4166666667,5.490204850929021,0.024716555953587047,5.487166140366585,0.02387755665593638,True,Solve_Succeeded,2,0.02591299200139474,0.02879456200025743,0.029280679998919368,True,5.055300089651382e-08,
117.3,124.238,124.231,4.5,-150.50146860642215,102.30326900801089,-1.6188352051980728,5.386934535704801,0.07644473259167073,620.207826869457,0.002943001615448385,-0.0023987844411827997,5.4166666667,5.487166140366585,0.02387755665593638,5.483796823393835,0.022905980664846934,True,Solve_Succeeded,2,0.025024002003192436,0.02851082199777011,0.028992757004743908,True,4.758734917231777e-08,
117.4,124.338,124.333,4.5,-150.52574197472842,101.75441033330114,-1.6111954933513621,5.387537610610843,0.07372331588440845,620.7572390531069,0.0016749284413266686,-0.0022033757981536613,5.4166666667,5.483796823393835,0.022905980664846934,5.480258073567814,0.021807977744257908,True,Solve_Succeeded,2,0.025692153001728002,0.028768484997272026,0.029012427999987267,True,3.792786884559973e-08,
117.5,124.438,124.435,4.5,-150.5459045666847,101.20533584882665,-1.6038591440586352,5.38790333576499,0.07059070850733463,621.3066914118365,0.0005304534078012962,-0.0019562216880064653,5.4166666667,5.480258073567814,0.021807977744257908,5.476697685924178,0.020615897121766834,True,Solve_Succeeded,2,0.02501163200213341,0.028538952996314038,0.028821651998441666,True,3.938095360922489e-08,
117.6,124.538,124.537,4.5,-150.5621318529442,100.65610571834337,-1.5968671451825314,5.388032847705815,0.06706814434908273,621.8561615481852,-0.00047359194653900065,-0.0016991765882294896,5.4166666667,5.476697685924178,0.020615897121766834,5.4732704445464915,0.019386614025801843,True,Solve_Succeeded,2,0.025896447004924994,0.029213870999228675,0.02954947599937441,True,4.253526775244154e-08,
117.7,124.638,124.605,4.5,-150.57085962387958,100.28989391062042,-1.5924173701510598,5.387980131029741,0.06396117933505062,622.2224738461863,-0.0010656758709954093,-0.0015430600867332167,5.4166666667,5.4732704445464915,0.019386614025801843,5.470092672154274,0.017965486065959265,True,Solve_Succeeded,2,0.025653734999650624,0.029179107004893012,0.02981079300661804,True,4.556596788773959e-08,
117.8,124.738,124.707,4.5,-150.58097660872906,99.74052760597627,-1.586074192429097,5.387735590522143,0.060012644822447045,622.7719246341738,-0.001856014742992179,-0.0013467113713283574,5.4166666667,5.470092672154274,0.017965486065959265,5.467335813776575,0.016900308051706305,True,Solve_Succeeded,2,0.025890024997352157,0.030148892998113297,0.030429268001171295,True,4.9001530832981643e-08,
117.9,124.838,124.809,4.5,-150.58772131592906,99.19114446324852,-1.5801521321542413,5.38730040529613,0.05566143911068083,623.3213367359008,-0.002554899712586213,-0.001220124030745229,5.4166666667,5.467335813776575,0.016900308051706305,5.46513730018384,0.016097000611953544,True,Solve_Succeeded,2,0.024442083995381836,0.028739781002514064,0.029125714994734153,True,4.8528521645607725e-08,
118.0,124.938,124.911,4.5,-150.59133472613448,98.641785017884,-1.574666728237351,5.386692771745938,0.05179883965668548,623.8706926698944,-0.0032105528184924806,-0.001180041609124105,5.4166666667,5.46513730018384,0.016097000611953544,5.463617853126329,0.015565634719697847,True,Solve_Succeeded,2,0.02700100400397787,0.03103086000191979,0.031386283997562714,True,3.349372157401831e-08,
118.1,125.038,125.013,4.5,-150.59203704992578,98.09248314446512,-1.5695361480306955,5.385953845838903,0.04885461975123232,624.4199772356417,-0.0038506962294943734,-0.0011458411842077965,5.4166666667,5.463617853126329,0.015565634719697847,5.462868072529291,0.015252716928786665,True,Solve_Succeeded,2,0.024489930998242926,0.028270343005715404,0.02866046599956462,True,3.2355500501068946e-08,
118.2,125.138,125.115,4.5,-150.5899964226009,97.5432646595233,-1.5646590708158647,5.385131690417146,0.046901582582964535,624.969180001959,-0.004451388253489952,-0.0010173991653574799,5.4166666667,5.462868072529291,0.015252716928786665,5.463053019133595,0.01502926922193309,True,Solve_Succeeded,2,0.02686564200121211,0.030834331002552062,0.03131347099406412,True,2.747128124980236e-08,
118.3,125.238,125.217,4.5,-150.58532567367877,96.99414813192166,-1.5599389551820062,5.384279958891315,0.045791819881299774,625.5182959793466,-0.004933927934335483,-0.0006993199673830386,5.4166666667,5.463053019133595,0.01502926922193309,5.464406881756547,0.01483134884640965,True,Solve_Succeeded,2,0.0240304000035394,0.026844928004720714,0.027342804001818877,True,4.853854543296343e-08,
118.4,125.338,125.319,4.5,-150.5780905592346,96.44514510138413,-1.555305786388201,5.383462938516633,0.04515689049491482,626.0673265113263,-0.005173183851121399,-0.00012264598934419446,5.4166666667,5.464406881756547,0.01483134884640965,5.467141074248642,0.01472758309772305,True,Solve_Succeeded,2,0.024410516998614185,0.027687294998031575,0.028058053998393007,True,8.252057720481432e-08,
118.5,125.438,125.421,4.5,-150.5683293597119,95.8962596854858,-1.5507284149884324,5.382753211061352,0.04467173005448283,626.6162797419654,-0.005022169196429202,0.0006739433508662351,5.4166666667,5.467141074248642,0.01472758309772305,5.471481318017641,0.01506767273424663,True,Solve_Succeeded,2,0.0236885079939384,0.026683668002078775,0.02708617600001162,True,1.0931263681734915e-07,
118.6,125.538,125.523,4.5,-150.55606962764134,95.34748789014357,-1.546192016980179,5.382230087692218,0.04437056481716703,627.1651687218103,-0.0045271747284747615,0.00103454366475364,5.4166666667,5.471481318017641,0.01506767273424663,5.477315160242503,0.01664684363759617,True,Solve_Succeeded,2,0.028608730994164944,0.032566435998887755,0.03307735999987926,True,1.291372584144579e-07,
118.7,125.638,125.625,4.5,-150.5413227630283,94.7988175873324,-1.5416370774169574,5.381974322053231,0.04508562700505015,627.7140172564184,-0.0039901778603777995,0.0008498263640628333,5.4166666667,5.477315160242503,0.01664684363759617,5.484141514311226,0.020230699869625602,True,Solve_Succeeded,2,0.02440123399719596,0.027846331002365332,0.028111917003116105,True,6.466029128793238e-08,
118.8,125.738,125.727,4.5,-150.52403103952884,94.25023171117384,-1.5368452801271388,5.382040005353556,0.048995425893429874,628.2628558539071,-0.0036629110133646957,0.0003390965024985259,5.4166666667,5.484141514311226,0.020230699869625602,5.490840564953338,0.026034575846822904,True,Solve_Succeeded,2,0.025118602003203705,0.02878239499841584,0.029032981998170726,True,1.5595277066135851e-07,
118.9,125.838,125.829,4.5,-150.503947564287,93.70171785321584,-1.5313404321464186,5.3824322806106,0.05874842870027492,628.8117167260551,-0.003607600879485957,-1.993980423153907e-05,5.4166666667,5.490840564953338,0.026034575846822904,5.496334473512691,0.033501895873079494,True,Solve_Succeeded,3,0.033040383001207374,0.03629622200242011,0.036556027000187896,True,6.547510089660591e-09,
119.0,125.938,125.931,4.5,-150.48049459140725,93.1532864954031,-1.5244208894931928,5.383053939510786,0.07584354629665142,629.3606272603471,-0.0035544872108073623,0.0004765481139030747,5.4166666667,5.496334473512691,0.033501895873079494,5.499436670360985,0.041414836193352664,True,Solve_Succeeded,3,0.03352776000247104,0.036993964000430424,0.03742379699542653,True,3.1126282884486045e-08,
119.1,126.038,126.033,4.5,-150.45269803436935,92.60499148498984,-1.5153929069343177,5.38376216175458,0.099066110208874,629.9096047833237,-0.0028349544697043004,0.0025253438119454685,5.4166666667,5.499436670360985,0.041414836193352664,5.499988006732565,0.04867393661213305,True,Solve_Succeeded,3,0.033384058995579835,0.03733662200102117,0.03777636300219456,True,4.859919018329606e-07,
119.2,126.138,126.135,4.5,-150.41925813300043,92.05694389092781,-1.5038001812877444,5.384427795809805,0.12502373788338814,630.4586554705822,-0.0004504147239473277,0.006586795636773113,5.4166666667,5.499988006732565,0.04867393661213305,5.499981683435181,0.05438648209772073,True,Solve_Succeeded,3,0.03249838999909116,0.03631250999751501,0.03671436500007985,True,2.4109070473343763e-07,
119.3,126.238,126.237,4.5,-150.37874688531411,91.50931436764523,-1.4896160403218246,5.384987122996376,0.14920581799151966,631.0077759293426,0.004732175038019765,0.012692751251052181,5.4166666667,5.499981683435181,0.05438648209772073,5.500000039030212,0.05800059304633892,True,Solve_Succeeded,6,0.060240184000576846,0.06486786899768049,0.06546324300143169,True,3.4561372652306376e-07,
119.4,126.338,126.305,4.5,-150.34715217292305,91.14456368792055,-1.4789262674581432,5.385139664487803,0.1658145132515804,631.3738991517489,0.010220284300778057,0.017183166918685044,5.4166666667,5.500000039030212,0.05800059304633892,5.499988082495573,0.05973160515508896,True,Solve_Succeeded,3,0.040284169001097325,0.043125279000378214,0.043367598998884205,True,4.895578253893973e-08,
119.5,126.438,126.407,4.5,-150.2920411327495,90.59812008597588,-1.4613882136411291,5.3857737835266715,0.179591909253798,631.9232538080294,0.020677364510068054,0.019991502287079577,5.4166666667,5.499988082495573,0.05973160515508896,5.499997910123563,0.05685686246687016,True,Solve_Succeeded,3,0.034346740001637954,0.03766930900019361,0.03797965400008252,True,4.5437654336635824e-07,
119.6,126.538,126.509,4.5,-150.227005681385,90.0526953512283,-1.4427249620017997,5.386640632890349,0.18637007767595934,632.4730226392376,0.03110542575508297,0.016927933341392972,5.4166666667,5.499997910123563,0.05685686246687016,5.499997683778194,0.05077723142666935,True,Solve_Succeeded,3,0.03525226599595044,0.0392384939987096,0.039549369997985195,True,4.137735581095578e-06,
119.7,126.638,126.611,4.5,-150.15165693075173,89.50849310923778,-1.4237982111400298,5.388057805589962,0.18107278431663126,633.0233930659977,0.03803504757451888,0.007007367448950141,5.4166666667,5.499997683778194,0.05077723142666935,5.499524342197235,0.04304750680361069,True,Solve_Succeeded,2,0.026285899999493267,0.029507776998798363,0.0300090060045477,True,2.3817093292022307e-07,
119.8,126.738,126.713,4.5,-150.06622420751188,88.96561624858411,-1.405924039242339,5.389962457895276,0.1643563620218676,633.5742910095014,0.03739378925302549,-0.00990712475549893,5.4166666667,5.499524342197235,0.04304750680361069,5.4969255184944394,0.03493039187886539,True,Solve_Succeeded,2,0.026547507994109765,0.03115580000303453,0.03162470900133485,True,7.13065545681138e-08,
119.9,126.838,126.815,4.5,-149.97160335208346,88.42405755094279,-1.3902034824474347,5.391929035974841,0.14034381331608298,634.124924755465,0.028219623647877168,-0.02229204072386115,5.4166666667,5.4969255184944394,0.03493039187886539,5.492181821647164,0.02737701055144429,True,Solve_Succeeded,2,0.024231655996118207,0.02855960399756441,0.028848545996879693,True,6.483334757945158e-08,
120.0,126.938,126.917,4.5,-149.86915276380816,87.88372634339513,-1.3771733787480838,5.3936407260395995,0.11382961037989202,634.675110106347,0.014245527614057668,-0.027426221347476964,5.4166666667,5.492181821647164,0.02737701055144429,5.485561601719622,0.020830689757037828,True,Solve_Succeeded,2,0.025711139001941774,0.029197928997746203,0.029448173998389393,True,4.61721123556913e-08,
120.1,127.038,127.019,4.5,-149.76039417125088,87.34447208530167,-1.3669164962594675,5.3948458028572395,0.08784256906398034,635.2250922674046,-0.0006018515693165665,-0.025439657089781464,5.4166666667,5.485561601719622,0.020830689757037828,5.47761727330263,0.015667952432220734,True,Solve_Succeeded,2,0.023988552995433565,0.026683698997658212,0.026933093002298847,True,4.165229358248958e-07,
120.2,127.138,127.121,4.5,-149.64679088791272,86.80612469347884,-1.3591862599836075,5.395380788434206,0.06501801630445811,635.7751796207391,-0.012423790431188478,-0.01695079247907416,5.4166666667,5.47761727330263,0.015667952432220734,5.46923044969746,0.01169937132218475,True,Solve_Succeeded,2,0.025981284001318272,0.029177857999457046,0.029442902996379416,True,3.887820820835941e-08,
120.3,127.238,127.223,4.5,-149.52961398746402,86.26852371646697,-1.3535513702357782,5.395226955716332,0.046935781057737554,636.3253907820625,-0.019494075099508613,-0.009192254504320154,5.4166666667,5.46923044969746,0.01169937132218475,5.461344064276725,0.008692356632048932,True,Solve_Succeeded,2,0.02607603200158337,0.029833189997589216,0.030105729994829744,True,3.54063312002495e-08,
120.4,127.338,127.325,4.5,-149.4098773711213,85.73153617275307,-1.3495307231874012,5.394452832956553,0.033286452536738,636.875589243929,-0.022904776470396883,-0.0035599226639999593,5.4166666667,5.461344064276725,0.008692356632048932,5.454641497070348,0.00663065266541329,True,Solve_Succeeded,2,0.025883925998641644,0.02956206900125835,0.030215784994652495,True,3.741529486234185e-08,
120.5,127.438,127.427,4.5,-149.28834733589667,85.19506084503266,-1.3467112346443815,5.3931618366189245,0.023174567337695344,637.4256827781002,-0.023707001149971083,0.00036018990331032624,5.4166666667,5.454641497070348,0.00663065266541329,5.44947708523118,0.005481107328855734,True,Solve_Succeeded,2,0.02464314499957254,0.029166498003178276,0.029436623997753486,True,3.245657609340924e-08,
120.6,127.538,127.529,4.5,-149.1655877933096,84.65902230356922,-1.3447565651536662,5.391479692778828,0.016132950180483618,637.9756113615181,-0.02274839937453234,0.0029054914423882745,5.4166666667,5.44947708523118,0.005481107328855734,5.445941270694249,0.005124396922637627,True,Solve_Succeeded,2,0.02473373700195225,0.02878153300116537,0.02923044299677713,True,2.820169964223851e-08,
120.7,127.638,127.631,4.5,-149.04198682468507,84.12336812589314,-1.343354755451554,5.389532197277878,0.012111992315490264,638.5253389727302,-0.02069936625088469,0.004389016027222636,5.4166666667,5.445941270694249,0.005124396922637627,5.443957465926317,0.005365629213189515,True,Solve_Succeeded,2,0.02428572099597659,0.027789227999164723,0.028002822000416927,True,2.225383344267584e-08,
120.8,127.738,127.733,4.5,-148.91776324957291,83.58807083358903,-1.342199423814395,5.3874303976702285,0.011024864872334011,639.0748467206921,-0.018058895493912742,0.005118117188617877,5.4166666667,5.443957465926317,0.005365629213189515,5.443357042387687,0.005985805750273109,True,Solve_Succeeded,2,0.02521229699777905,0.02959727700363146,0.03088566900260048,True,1.7970696042368672e-08,
120.9,127.838,127.835,4.5,-148.79297521610053,83.05312835405971,-1.341014958446376,5.3852783296611335,0.01234926871249488,639.6241282935098,-0.01516286042795663,0.005369206286505612,5.4166666667,5.443357042387687,0.005985805750273109,5.443557938305776,0.006845272564530267,True,Solve_Succeeded,1,0.019807996999588795,0.024710259000130463,0.025013210004544817,True,1.2640808737529596e-06,
121.0,127.938,127.937,4.5,-148.66755032574048,82.51855827687997,-1.3396049646494852,5.383175509630552,0.015140418937263577,640.173187873573,-0.0122147578381194,0.005339260033336846,5.4166666667,5.443557938305776,0.006845272564530267,5.44513706511602,0.00789542352034346,True,Solve_Succeeded,2,0.03029919999971753,0.03466057600599015,0.03495826600556029,True,1.5388177843078665e-08,
121.1,128.038,128.005,4.5,-148.58350664466144,82.16239881190171,-1.3384828047059074,5.381832899690186,0.017866753373121647,640.5391099939089,-0.01028295965032459,0.005220213208241287,5.4166666667,5.44513706511602,0.00789542352034346,5.446739744600134,0.009364974211893933,True,Solve_Succeeded,1,0.016878905000339728,0.02082818799681263,0.021554263003054075,True,1.0288088478915824e-06,
121.2,128.138,128.107,4.5,-148.45665686736567,81.62851509270733,-1.3364868379286658,5.379965811484166,0.021711514861710766,641.0878293239955,-0.007495427301780241,0.004932596022396041,5.4166666667,5.446739744600134,0.009364974211893933,5.4493706489346945,0.010648002846135367,True,Solve_Succeeded,2,0.02442298800451681,0.028241943997272756,0.028643501005717553,True,1.5029264943677845e-08,
121.3,128.238,128.209,4.5,-148.32867519614584,81.09508754183503,-1.3340646303086277,5.37828445153784,0.02636214196356221,641.6363717984387,-0.004893654995421598,0.004564999990965158,5.4166666667,5.4493706489346945,0.010648002846135367,5.452311858204696,0.011816496556355876,True,Solve_Succeeded,2,0.02482742199936183,0.028517726001155097,0.028908660999150015,True,1.5451731449900308e-08,
121.4,128.338,128.311,4.5,-148.1993098304724,80.5621593763011,-1.3311556242787836,5.376826918080429,0.03096300351242233,642.1847595379206,-0.0024994336757785092,0.004177684501206702,5.4166666667,5.452311858204696,0.011816496556355876,5.455352960544775,0.012820938430356218,True,Solve_Succeeded,2,0.028038012998877093,0.0316955689995666,0.03198688699922059,True,2.168658586043648e-08,
121.5,128.438,128.413,4.5,-148.06830484977948,80.0297718279739,-1.3277965306233153,5.3756232546717255,0.03505382426200351,642.7330192061136,-0.00033116883927460734,0.0037334252961798153,5.4166666667,5.455352960544775,0.012820938430356218,5.458329146623973,0.01361808085020206,True,Solve_Succeeded,2,0.02651183599664364,0.029890270998294,0.030173604005540255,True,2.3024519180125935e-08,
121.6,128.538,128.515,4.5,-147.9354320659138,79.49796046925793,-1.3240479228546427,5.374674766897731,0.038504023182264355,643.2811782800575,0.0015640782365529877,0.0031709703431221925,5.4166666667,5.458329146623973,0.01361808085020206,5.461091324339574,0.014146866562273104,True,Solve_Succeeded,2,0.030521027998474892,0.03421572699880926,0.03454296699783299,True,2.4864402092816817e-08,
121.7,128.638,128.617,4.5,-147.80049883802116,78.96675512596835,-1.3199801083633913,5.373968199232833,0.041234763647098924,643.8292628560354,0.003102833647898104,0.0024192316917239776,5.4166666667,5.461091324339574,0.014146866562273104,5.463523288680284,0.01436981565793608,True,Solve_Succeeded,2,0.024212567004724406,0.027039225002226885,0.02733759600232588,True,2.691626210804543e-08,
121.8,128.738,128.719,4.5,-147.66335325006534,78.43617916021974,-1.3156742529936032,5.373483754495525,0.04311430051684948,644.3772962637413,0.004159934113431565,0.0013962343338984606,5.4166666667,5.463523288680284,0.01436981565793608,5.465537573456637,0.014291281059550662,True,Solve_Succeeded,2,0.02413627500209259,0.027108471003884915,0.02744117999827722,True,3.898709000083045e-08,
121.9,128.838,128.821,4.5,-147.52389116068056,77.90624781669506,-1.3112256958211288,5.373194453616893,0.04401726051230352,644.9252971767398,0.004570247285808959,0.00010985003357011358,5.4166666667,5.465537573456637,0.014291281059550662,5.46710235509882,0.013946318810192258,True,Solve_Succeeded,2,0.024575676005042624,0.028073073997802567,0.028458007000153884,True,4.040699419505245e-08,
122.0,128.938,128.923,4.5,-147.38206267787177,77.37696658951664,-1.306738076377166,5.373065029058198,0.04391585110781934,645.4732764069208,0.004348808703801646,-0.000845986044517133,5.4166666667,5.46710235509882,0.013946318810192258,5.46821521345608,0.013377123784382173,True,Solve_Succeeded,2,0.026933874003589153,0.030405739998968784,0.03088239600037923,True,4.115574725460647e-08,
122.1,129.038,129.025,4.5,-147.2378733604476,76.84833045027382,-1.3023114086027794,5.3730575535890335,0.04289725796580947,646.02124459575,0.003707544819399867,-0.0014408875596605422,5.4166666667,5.46821521345608,0.013377123784382173,5.468908364698175,0.012619349553336334,True,Solve_Succeeded,2,0.024585335995652713,0.027783879995695315,0.02801146100682672,True,4.117729535124681e-08,
122.2,129.138,129.127,4.5,-147.09137931749305,76.32032418102206,-1.2980328352660788,5.373135582400361,0.041106330091150695,646.5692111515145,0.002819711583452838,-0.0017612442889460844,5.4166666667,5.468908364698175,0.012619349553336334,5.469241648187881,0.01170207741541219,True,Solve_Succeeded,2,0.025785471996641718,0.029047727002762258,0.029547108002589084,True,4.0624699160218825e-08,
122.3,129.238,129.229,4.5,-146.94267905750306,75.79292363385773,-1.293973445673536,5.3732651719186055,0.038689832154612955,647.1171830259875,0.0018156014024594182,-0.0018775803093749044,5.4166666667,5.469241648187881,0.01170207741541219,5.469294845616718,0.01064953290649703,True,Solve_Succeeded,2,0.025222650001524016,0.02799548999610124,0.028304834006121382,True,3.97081532099719e-08,
122.4,129.338,129.331,4.5,-146.79190595123904,75.26609672564727,-1.2901933880549525,5.373416675899879,0.03573728930492897,647.6651646099857,0.0007900478850636705,-0.0018496360820274838,5.4166666667,5.469294845616718,0.01064953290649703,5.469158191904728,0.00949699559458004,True,Solve_Succeeded,2,0.024204942004871555,0.02827223000349477,0.028697156994894613,True,3.868285336494637e-08,
122.5,129.438,129.433,4.5,-146.63922237027074,74.73980391446787,-1.2867418079624964,5.373570325033615,0.03234673505394567,648.2131580767483,-0.00019183899195079484,-0.0017262829940241087,5.4166666667,5.469158191904728,0.00949699559458004,5.468923967414697,0.008268122321024364,True,Solve_Succeeded,2,0.02484809599991422,0.027586557996983174,0.028094976005377248,True,3.776901014163059e-08,
122.6,129.538,129.535,4.5,-146.48481402350913,74.21399878879015,-1.2836581040710506,5.373710758278588,0.02861679037325732,648.7611638876025,-0.0010891122834830766,-0.0015467579984105306,5.4166666667,5.468923967414697,0.008268122321024364,5.4686799703008155,0.006984647212301309,True,Solve_Succeeded,2,0.023704177998297382,0.027102633997856174,0.02732648800156312,True,3.707745044323474e-08,
122.7,129.638,129.637,4.5,-146.32888458904173,73.68862878180438,-1.28097243445578,5.373831191526446,0.0246260058609562,649.3091813659831,-0.0018796859568164222,-0.0013411502251363672,5.4166666667,5.4686799703008155,0.006984647212301309,5.468503213266389,0.005667566363533272,True,Solve_Succeeded,2,0.02518271499866387,0.02912564400321571,0.029644088994245976,True,3.6691003124644794e-08,
122.8,129.738,129.705,4.5,-146.2241923800777,73.338595704717,-1.2794168357636904,5.373901266976457,0.021242921226868702,649.6745322115364,-0.0023421385559968576,-0.0012033054689915001,5.4166666667,5.468503213266389,0.005667566363533272,5.468513242894859,0.004080653451824313,True,Solve_Succeeded,2,0.024500052000803407,0.028276508004637435,0.028548526999657042,True,3.649660662574661e-08,
122.9,129.838,129.807,4.5,-146.06621530510782,72.8138194111634,-1.2774425579795678,5.373990228632104,0.01696665273827864,650.222566442596,-0.0029432647551588358,-0.001002267855725103,5.4166666667,5.468513242894859,0.004080653451824313,5.468639412078741,0.002728290857108686,True,Solve_Succeeded,2,0.025428978995478246,0.029312809005205054,0.029905623996455688,True,3.589611630161471e-08,
123.0,129.938,129.909,4.5,-145.90731784403317,72.2893120358423,-1.2759326807325242,5.374072253823965,0.012061705102759123,650.7706097671721,-0.003441196663190855,-0.0008416448696939582,5.4166666667,5.468639412078741,0.002728290857108686,5.468901227553765,0.0014289900264347665,True,Solve_Succeeded,2,0.026489222997042816,0.030698070004291367,0.031115038000280038,True,3.570224738069783e-08,
123.1,130.038,130.011,4.5,-145.74776139437594,71.76499573512658,-1.2749389108940614,5.374159927016954,0.007126463700183692,651.3186626674346,-0.0038763640495780606,-0.0007732613955020451,5.4166666667,5.468901227553765,0.0014289900264347665,5.469258455678078,0.0001751583241823915,True,Solve_Succeeded,2,0.025481532997218892,0.029125862994987983,0.029470075998688117,True,3.567259110326404e-08,
123.2,130.138,130.113,4.5,-145.58781331158542,71.24078863160568,-1.2744491619472995,5.374263331822949,0.0021993911711222216,651.8667266016942,-0.004296128068230518,-0.000785161156040548,5.4166666667,5.469258455678078,0.0001751583241823915,5.46964217059633,-0.0009814210342030242,True,Solve_Succeeded,2,0.025381747000210453,0.028724747004162055,0.029008190002059564,True,3.5488023186758255e-08,
123.3,130.238,130.215,4.5,-145.42773402943206,70.71661024210495,-1.274402076490805,5.374357587799141,-0.00020735041470933065,652.4148030504479,-0.004740883894287866,-0.0008161176937990788,5.4166666667,5.46964217059633,-0.0009814210342030242,5.470187334928908,-0.002843250027540843,True,Solve_Succeeded,2,0.02636778599844547,0.030006780005351175,0.030513334000715986,True,3.524705505242309e-08,
123.4,130.338,130.317,4.5,-145.26766775699517,70.19242037710508,-1.2744822527653683,5.37440268443092,-0.0013413901697790582,652.9628887760889,-0.005128156934963471,-0.0005508613093581083,5.4166666667,5.470187334928908,-0.002843250027540843,5.470881191949318,-0.005167796214190548,True,Solve_Succeeded,2,0.02485605800029589,0.029312341997865587,0.029652496996277478,True,3.518041502559299e-08,
123.5,130.438,130.419,4.5,-145.10767341407592,69.66820801641356,-1.2746884980966897,5.3743444297348235,-0.0026625093599327637,653.5109774301721,-0.005285451086589175,1.1652822511809546e-05,5.4166666667,5.470881191949318,-0.005167796214190548,5.471753960222624,-0.007765896145007209,True,Solve_Succeeded,2,0.026219872997899074,0.02966967100655893,0.02997177000361262,True,3.537062731595597e-08,
123.6,130.538,130.521,4.5,-144.94784010073144,69.14396137129076,-1.2751166718937157,5.374243650333511,-0.004889774983507331,654.0590540468163,-0.005069468781212954,0.0007753725862633676,5.4166666667,5.471753960222624,-0.007765896145007209,5.472755001583601,-0.010320913716658707,True,Solve_Succeeded,2,0.025356539998028893,0.028352528002869803,0.028688359998341184,True,3.588406638499464e-08,
123.7,130.638,130.623,4.5,-144.78829695574953,68.61961829761749,-1.2759197381254892,5.374696539328351,-0.014390233887338552,654.6071394631101,-0.004389981835174087,0.0015872046362432888,5.4166666667,5.472755001583601,-0.010320913716658707,5.473124810329015,-0.010583814670592146,True,Solve_Succeeded,2,0.024781495005299803,0.027989599002467003,0.028474759004893713,True,4.415764021103996e-08,
123.8,130.738,130.725,4.5,-144.62945745529902,68.09501184006669,-1.2778457705241602,5.3751888089472475,-0.024357006218795538,655.1552725591966,-0.0034591780819355107,0.0016990642056322616,5.4166666667,5.473124810329015,-0.010583814670592146,5.472956864062928,-0.009838319590628567,True,Solve_Succeeded,2,0.028003433006233536,0.03130529399641091,0.03161499900306808,True,4.286518962004493e-08,
123.9,130.838,130.827,4.5,-144.4718625188389,67.56998035353728,-1.2805911536065822,5.3756504550777615,-0.02784982594412315,655.7034530116823,-0.0026095917901011205,0.0014144506742417295,5.4166666667,5.472956864062928,-0.009838319590628567,5.472346602747124,-0.009141464261669839,True,Solve_Succeeded,2,0.026157934000366367,0.030001437000464648,0.030706957004440483,True,4.095338379528357e-08,
124.0,130.938,130.929,4.5,-144.3157577416887,67.04445915121669,-1.283459227290184,5.3760439643058495,-0.02562958172228479,656.2516755274926,-0.001863073836986696,0.0014298275530890692,5.4166666667,5.472346602747124,-0.009141464261669839,5.471382326249028,-0.008599113435392726,True,Solve_Succeeded,2,0.026843630002986174,0.03133401699597016,0.03176489299949026,True,4.2741664429968296e-08,
124.1,131.038,131.031,4.5,-144.1610808323043,66.51848097067985,-1.2860308334213089,5.376308761318182,-0.021736609148080854,656.7999292689075,-0.000947345332983938,0.0019381665540445514,5.4166666667,5.471382326249028,-0.008599113435392726,5.470210410602595,-0.007947020191051295,True,Solve_Succeeded,2,0.02625380500103347,0.02978532599809114,0.030042475002119318,True,4.637049411115868e-08,
124.2,131.139,131.133,4.5,-144.00764925357137,65.99211865696851,-1.2882209236126065,5.376409580940639,-0.018155932501913826,657.3481978026126,0.00023354357216278003,0.002353610685206675,5.4166666667,5.470210410602595,-0.007947020191051295,5.468993816481947,-0.007097795630179624,True,Solve_Succeeded,2,0.024975501000881195,0.029262703996209893,0.02965883500291966,True,4.940755093940652e-08,
124.3,131.238,131.235,4.5,-143.85527606049308,65.46544688343576,-1.2900547424252924,5.376349559634285,-0.014701786829398177,657.8964650388175,0.0015981234905984886,0.0026068534233198992,5.4166666667,5.468993816481947,-0.007097795630179624,5.467871569261179,-0.006140059905082634,True,Solve_Succeeded,2,0.024895871996704955,0.02832592600316275,0.028658226001425646,True,4.896324945491415e-08,
124.4,131.338,131.337,4.5,-143.70377733043307,64.93853766765126,-1.2915127727405509,5.376131134567871,-0.010623115058060007,658.4447160560252,0.0030588594428495558,0.0027177584613022887,5.4166666667,5.467871569261179,-0.006140059905082634,5.466952316000545,-0.005173455207851456,True,Solve_Succeeded,2,0.026361299998825416,0.03062244600005215,0.031049682998855133,True,4.911138784535751e-08,
124.5,131.438,131.405,4.5,-143.60316126913145,64.58717189373675,-1.2922591126256258,5.375830786860216,-0.008026098778412897,658.8102000566529,0.004055290404676994,0.0027296808486947377,5.4166666667,5.466952316000545,-0.005173455207851456,5.466262385544681,-0.003603217999169336,True,Solve_Succeeded,2,0.025592042002244852,0.02923577000183286,0.029540935000113677,True,5.190632812457352e-08,
124.6,131.538,131.507,4.5,-143.4526485316715,64.06005947808612,-1.2929816018129543,5.3749135495752505,-0.004494215159365093,659.358374946795,0.0055512606321400735,0.0027132234110220916,5.4166666667,5.466262385544681,-0.003603217999169336,5.466121469803323,-0.0022487746729293145,True,Solve_Succeeded,2,0.025532824998663273,0.030732254002941772,0.03108930699818302,True,4.831252287118559e-08,
124.7,131.638,131.609,4.5,-143.30245331137994,63.532969445768614,-1.2933966803254315,5.373730035063119,-0.0030713189848050517,659.9064435558004,0.006992922962030226,0.002486765085820908,5.4166666667,5.466121469803323,-0.0022487746729293145,5.4666058751382725,0.0002243557799531924,True,Solve_Succeeded,2,0.026061343000037596,0.029256148998683784,0.029859654998290353,True,5.328141572391587e-08,
124.8,131.738,131.711,4.5,-143.15246715825023,63.005917824199486,-1.293685556950636,5.373059699512031,-0.002130002986846767,660.4544221904708,0.00820545641630968,0.001869326608636035,5.4166666667,5.4666058751382725,0.0002243557799531924,5.467483642372181,0.0032580887551396614,True,Solve_Succeeded,2,0.0269420969998464,0.031501820994890295,0.03178336000564741,True,5.231976452080289e-08,
124.9,131.838,131.813,4.5,-143.00261910505535,62.47886794763985,-1.2938782405827083,5.3728536360491645,-0.0018823894196441783,661.0023669386853,0.008963826954304897,0.0008308497684557103,5.4166666667,5.467483642372181,0.0032580887551396614,5.46872001106814,0.007373987518897525,True,Solve_Succeeded,2,0.025682282997877337,0.029576847002317663,0.029981558996951208,True,5.7340857395615785e-08,
125.0,131.938,131.915,4.5,-142.8528451547835,61.95180869898306,-1.2938734871294957,5.3726956707747195,0.0035250669652947867,661.5503059710297,0.009043138018508652,-0.0005277327804207311,5.4166666667,5.46872001106814,0.007373987518897525,5.4703170454155075,0.010663746056775168,True,Solve_Succeeded,2,0.026272677998349536,0.02991887000098359,0.03039482599706389,True,5.094474531119886e-08,
125.1,132.038,132.017,4.5,-142.7029112635984,61.4247828970364,-1.2931813638608587,5.373153306090243,0.013348469983716721,662.098260335627,0.008396512126987107,-0.0017170007465432402,5.4166666667,5.4703170454155075,0.010663746056775168,5.472095793111498,0.013223219533401076,True,Solve_Succeeded,2,0.025580604997230694,0.028887719003250822,0.029117213998688385,True,5.0332813472664384e-08,
125.2,132.138,132.119,4.5,-142.55225276296656,60.897936152374044,-1.2910514743032855,5.373244098427425,0.028086173068635423,662.6462430814234,0.007322780421372202,-0.001987216124568425,5.4166666667,5.472095793111498,0.013223219533401076,5.4740625693765175,0.013500154587338789,True,Solve_Succeeded,2,0.024637123999127652,0.02799811500153737,0.028303030994720757,True,4.9260597378975035e-08,
125.3,132.238,132.221,4.5,-142.40009810717171,60.37151002036182,-1.2875971487848352,5.3734361531548345,0.038792058971145266,663.1942363201013,0.006345719352171032,-0.001452319068962149,5.4166666667,5.4740625693765175,0.013500154587338789,5.476361066099343,0.013980106832257819,True,Solve_Succeeded,2,0.02580375300021842,0.02900020100059919,0.02944887399644358,True,4.743465087386767e-08,
125.4,132.338,132.323,4.5,-142.24588198987777,59.845646816895204,-1.283396030701535,5.373907535595576,0.042606236362666874,663.7422668589185,0.00576292330508682,-0.0006908473890887558,5.4166666667,5.476361066099343,0.013980106832257819,5.478944576864281,0.015277432229359568,True,Solve_Succeeded,2,0.024862036007107235,0.028157432003354188,0.02849781700206222,True,4.700186728712197e-08,
125.5,132.438,132.425,4.5,-142.08937773740857,59.32040503768974,-1.2789912561120165,5.374461735085038,0.04356007171604084,664.2903520056337,0.0055227025601770905,-0.00024687343698048814,5.4166666667,5.478944576864281,0.015277432229359568,5.48180132929135,0.017137544801276345,True,Solve_Succeeded,2,0.026586578002024908,0.0299793000012869,0.03024962599738501,True,5.4388475057010055e-08,
125.6,132.538,132.527,4.5,-141.93051091316474,58.795808360573766,-1.2744275667720049,5.375131205529096,0.045978070642637724,664.8385013524313,0.00541682143894664,-0.000166043164560703,5.4166666667,5.48180132929135,0.017137544801276345,5.4848405046103474,0.019018024779218764,True,Solve_Succeeded,2,0.025584595001419075,0.02896005899674492,0.029201537996414118,True,5.3808077993267034e-08,
125.7,132.638,132.629,4.5,-141.7691409743656,58.27189814381008,-1.2694769506700454,5.375921601348796,0.050910413465292646,665.3867277665735,0.005304759984359756,-0.00022123404951579495,5.4166666667,5.4848405046103474,0.019018024779218764,5.487993514679877,0.020646517851357443,True,Solve_Succeeded,2,0.025008495002111886,0.02774869100539945,0.027978346995951142,True,5.264719149522534e-08,
125.8,132.738,132.731,4.5,-141.6050074206833,57.74875692780584,-1.2639496276806677,5.376823511706289,0.056950291193216936,665.9350425094628,0.005172066679356021,-0.00022344610259539266,5.4166666667,5.487993514679877,0.020646517851357443,5.491242715736171,0.022083381804305423,True,Solve_Succeeded,2,0.025396796001587063,0.02861998899606988,0.028956813002878334,True,5.0424957542816173e-08,
125.9,132.838,132.833,4.5,-141.43779449743286,57.22648784281978,-1.257818993136418,5.377868610152067,0.06260099072870665,666.4834584405207,0.0050625278685633825,-0.0001467087330959682,5.4166666667,5.491242715736171,0.022083381804305423,5.494508332661979,0.02348524363850768,True,Solve_Succeeded,2,0.026108650999958627,0.029808294006215874,0.03032136300316779,True,5.680958757581234e-08,
126.0,132.938,132.935,4.5,-141.26720359426653,56.705191984290394,-1.2511522206020733,5.379066616861678,0.06747853831089887,667.0319910467927,0.005002381949995113,-5.863079313295217e-05,5.4166666667,5.494508332661979,0.02348524363850768,5.497702612039663,0.024928256953248074,True,Solve_Succeeded,2,0.02681363600277109,0.030637390998890623,0.03128559699689504,True,5.342585987500037e-08,
126.1,133.038,133.037,4.5,-141.09297437071524,56.18496437008325,-1.244009775709215,5.3804045325918075,0.07195458340326702,667.5806555629258,0.00497910316124026,-1.980792895950323e-05,5.4166666667,5.497702612039663,0.024928256953248074,5.499614634398493,0.026432053063065706,True,Solve_Succeeded,2,0.024052439999650232,0.02785405900067417,0.02812681000068551,True,5.45965483933486e-08,
126.2,133.138,133.105,4.5,-140.97468352706278,55.83878581832913,-1.2389915259316173,5.381371299465971,0.07561503843555277,667.9465119322947,0.0049663529256548855,-2.8811906747083782e-05,5.4166666667,5.499614634398493,0.026432053063065706,5.499996144202135,0.028269818381770537,True,Solve_Succeeded,3,0.03376874699461041,0.03772451900294982,0.038021558000764344,True,1.8584559668965994e-08,
126.3,133.238,133.207,4.5,-140.7938632649492,55.32055468857806,-1.2310782536845661,5.382859476552778,0.08022189995662912,668.4954239343591,0.004928906027500275,-9.313347590444998e-05,5.4166666667,5.499996144202135,0.028269818381770537,5.499986998156991,0.02998425214635348,True,Solve_Succeeded,3,0.0344006300001638,0.038142997000250034,0.03847914299694821,True,2.927022543786073e-08,
126.4,133.338,133.309,4.5,-140.60877309641705,54.803674584935926,-1.2226698475475757,5.3842321838324185,0.085660178701862,669.0444875186254,0.00484467488900414,-0.00018508356136193171,5.4166666667,5.499986998156991,0.02998425214635348,5.499996957825192,0.031845267132293596,True,Solve_Succeeded,3,0.03471481800079346,0.039500935999967624,0.04008282299764687,True,4.792146243715045e-08,
126.5,133.438,133.411,4.5,-140.419153373172,54.28829810790448,-1.2137038702725982,5.385390526643937,0.09116312222707562,669.593685071756,0.0047207910041339165,-0.00023983426607143699,5.4166666667,5.499996957825192,0.031845267132293596,5.4999485980303495,0.034096515025084886,True,Solve_Succeeded,3,0.0332699179998599,0.036876375997962896,0.03714232399943285,True,7.709151031431993e-08,
126.6,133.538,133.513,4.5,-140.22473513655027,53.7745915347733,-1.2041704340995016,5.3863999417503665,0.09682887498981725,670.1429972494869,0.004579996518280583,-0.00024419150419419117,5.4166666667,5.4999485980303495,0.034096515025084886,5.499999691468999,0.03694318221414147,True,Solve_Succeeded,6,0.060586145002162084,0.06384577000426361,0.06409647799591767,True,5.18469640553576e-08,
126.7,133.638,133.615,4.5,-140.02524029227288,53.2627308225947,-1.194018746578513,5.387245535711919,0.1034636113966981,670.6924078445581,0.004459795333338394,-0.00014311469618655262,5.4166666667,5.499999691468999,0.03694318221414147,5.499986113324044,0.04044038803841295,True,Solve_Succeeded,3,0.03402936900238274,0.037771356001030654,0.038123739999718964,True,6.775753824683761e-08,
126.8,133.738,133.717,4.5,-139.82034724388834,52.752920973917576,-1.1831132074427424,5.387913717263889,0.11186466103337117,671.2419000941082,0.004452223250345283,0.00020435484410974425,5.4166666667,5.499986113324044,0.04044038803841295,5.499980565589593,0.04447048857494352,True,Solve_Succeeded,3,0.03534304999629967,0.03953765500045847,0.0398182210046798,True,7.948206537378155e-08,
126.9,133.838,133.819,4.5,-139.60965260251814,52.24541538504478,-1.1712520115194527,5.388384713597296,0.12240810245100532,671.7914572346717,0.004747545800529915,0.0010065917724066955,5.4166666667,5.499980565589593,0.04447048857494352,5.499966904475016,0.04878097554788591,True,Solve_Succeeded,3,0.03453373900265433,0.03824277599778725,0.03891691299941158,True,1.0171015407678397e-07,
127.0,133.938,133.921,4.5,-139.39265237801936,51.740529789021586,-1.1582189605211928,5.388656543455095,0.13488128973640162,672.341065938082,0.005575995738227675,0.0020306480196257137,5.4166666667,5.499966904475016,0.04878097554788591,5.499962273912969,0.05303661596826695,True,Solve_Succeeded,3,0.0411889599999995,0.04620289200101979,0.04658269500214374,True,1.0189849586339506e-07,
127.1,134.038,134.023,4.5,-139.16875307219516,51.23864327882321,-1.143845188166757,5.388767097934887,0.1486325620205274,672.8907170559836,0.00693059403850996,0.0029468849745113435,5.4166666667,5.499962273912969,0.05303661596826695,5.499979738040984,0.056846185645562784,True,Solve_Succeeded,3,0.04125367300002836,0.046647984003357124,0.047246920003090054,True,2.4699790213134065e-07,
127.2,134.138,134.125,4.5,-138.93730938221358,50.740184953244956,-1.128054963088453,5.388768089117821,0.1624834210830239,673.4404062023851,0.00877344652941692,0.0038100168322703354,5.4166666667,5.499979738040984,0.056846185645562784,5.49997761145427,0.059873254630229536,True,Solve_Succeeded,3,0.038099602999864146,0.041676016997371335,0.04209570699458709,True,4.313340058459403e-07,
127.3,134.238,134.227,4.5,-138.69768210499976,50.245611945849916,-1.1108980085002822,5.388731668788653,0.17504463483197488,673.9901375386787,0.011062888608708778,0.0045469232366379675,5.4166666667,5.49997761145427,0.059873254630229536,5.499945603355154,0.06177531773002085,True,Solve_Succeeded,3,0.03290195199951995,0.036608173002605326,0.03703236499859486,True,1.374644345020215e-07,
127.4,134.338,134.329,4.5,-138.44930451687156,49.755377700233396,-1.092557335652984,5.3887501945026,0.18508967172191187,674.5399252898358,0.013679605603462031,0.004949969725224213,5.4166666667,5.499945603355154,0.06177531773002085,5.499988760751357,0.06211324219586314,True,Solve_Succeeded,3,0.033639223998761736,0.037424592999741435,0.03781935500592226,True,4.738426362393966e-08,
127.5,134.438,134.431,4.5,-138.1917436496349,49.269896188196356,-1.073338556478015,5.388927582987275,0.19153482082088877,675.0897927680777,0.0163562043072336,0.004689283280338241,5.4166666667,5.499988760751357,0.06211324219586314,5.499998062658686,0.060489772996628624,True,Solve_Succeeded,3,0.03857594900182448,0.043194072000915185,0.043687921002856456,True,2.7487236486933853e-08,
127.6,134.538,134.533,4.5,-137.92475545509652,48.78950015225673,-1.0536772552696816,5.389412230724963,0.19325224714354272,675.6397690541546,0.018610057873229294,0.003307336943172201,5.4166666667,5.499998062658686,0.060489772996628624,5.499952424226341,0.056735157294084564,True,Solve_Succeeded,2,0.025604638001823332,0.029645783004525583,0.030153294996125624,True,3.5297675883734503e-07,
127.7,134.638,134.635,4.5,-137.64834114784904,48.31438933963751,-1.0341473583742544,5.390270516642614,0.18878921254339628,676.1898810841302,0.019670757596468205,0.0002130707006113841,5.4166666667,5.499952424226341,0.056735157294084564,5.499998723792447,0.051078479335624836,True,Solve_Succeeded,3,0.033603224001126364,0.03611605300102383,0.03656422499625478,True,3.035259852138261e-08,
127.8,134.738,134.737,4.5,-137.36280209669698,47.84458025354448,-1.0154320418354343,5.391554908694635,0.17748017471294297,676.7401246573359,0.018425027487885038,-0.005026499611501479,5.4166666667,5.499998723792447,0.051078479335624836,5.498805837090272,0.04392177694878869,True,Solve_Succeeded,2,0.02533907200268004,0.028964225995878223,0.02939838799647987,True,7.901071708005247e-08,
127.9,134.838,134.805,4.5,-137.16766677260276,47.53423082263886,-1.0037432888373068,5.392916646267501,0.16346698155053607,677.1069722224536,0.016009402448610297,-0.008048441243443838,5.4166666667,5.498805837090272,0.04392177694878869,5.495962605370481,0.03462244397072402,True,Solve_Succeeded,2,0.02646436199574964,0.02945478499896126,0.029782784993585665,True,7.229894194438202e-08,
128.0,134.938,134.907,4.5,-136.86846189265253,47.07268883535026,-0.9879371008907705,5.394555778604384,0.1420635464084461,677.6572484802522,0.010675241460750308,-0.011112698580677982,5.4166666667,5.495962605370481,0.03462244397072402,5.491261665862487,0.025859566413569016,True,Solve_Succeeded,2,0.02619735899497755,0.03005110200319905,0.030568397996830754,True,6.958366061127208e-08,
128.1,135.038,135.009,4.5,-136.5624439112854,46.61542651184997,-0.9746475673609982,5.396156487556398,0.11465865429120939,678.2075410308533,0.004060072962602256,-0.01284684337831088,5.4166666667,5.491261665862487,0.025859566413569016,5.484841949506641,0.017803686556242405,True,Solve_Succeeded,2,0.025095652999880258,0.028351114997349214,0.0287670990001061,True,4.7598396335502e-08,
128.2,135.138,135.111,4.5,-136.25096691078653,46.16168389085951,-0.9643685026145614,5.3973113061928695,0.08504245524009685,678.7578655581667,-0.00327285882452059,-0.013749121994819813,5.4166666667,5.484841949506641,0.017803686556242405,5.477062775900731,0.010955267082484885,True,Solve_Succeeded,2,0.024796754005365074,0.027341863002220634,0.027832164996652864,True,3.321119024235486e-08,
128.3,135.238,135.213,4.5,-135.93546881141455,45.71062166268796,-0.9570542645514231,5.397796468593466,0.057456729657073706,679.30821559811,-0.010874982948322332,-0.013787714421504171,5.4166666667,5.477062775900731,0.010955267082484885,5.468796457290167,0.005140495568656473,True,Solve_Succeeded,2,0.02461398099694634,0.02728552599728573,0.027520101000845898,True,2.7635709720641444e-08,
128.4,135.338,135.315,4.5,-135.61728588539364,45.26142953373927,-0.9524095571880007,5.397595753669175,0.033494311560252545,679.8585849836119,-0.018202846942211547,-0.01268345946132876,5.4166666667,5.468796457290167,0.005140495568656473,5.4610101649280445,0.000655803533785113,True,Solve_Succeeded,2,0.025080708997847978,0.028674578003119677,0.02895105599600356,True,1.6911872456788768e-07,
128.5,135.438,135.417,4.5,-135.2975757379405,44.81338610244523,-0.9500453907712771,5.396798133781437,0.01291482859023723,680.4089719789013,-0.02452257181796104,-0.010060659849271625,5.4166666667,5.4610101649280445,0.000655803533785113,5.454358638957124,-0.002157480111956361,True,Solve_Succeeded,2,0.024845421998179518,0.02828106700326316,0.02870657099992968,True,1.2121031793231596e-06,
128.6,135.538,135.519,4.5,-134.97732473178658,44.365861321726875,-0.9496081371837393,5.395445052210479,-0.0006505577183487619,680.9593726460159,-0.028913959476089983,-0.005573639927702212,5.4166666667,5.454358638957124,-0.002157480111956361,5.4493079908271955,-0.004301770231103145,True,Solve_Succeeded,2,0.03178756200213684,0.03659663099824684,0.03702216000237968,True,1.3153227296225367e-07,
128.7,135.638,135.621,4.5,-134.65719638413015,43.91847495746042,-0.9498859174726079,5.393190339490882,-0.0034821403647193215,681.5096796491372,-0.03030065302207917,0.00035165672469472664,5.4166666667,5.4493079908271955,-0.004301770231103145,5.4463435868943915,-0.007555004207368833,True,Solve_Succeeded,2,0.024686176002433058,0.028068644998711534,0.028364843004965223,True,3.548205729231313e-08,
128.8,135.738,135.723,4.5,-134.3373657445766,43.47119180488889,-0.9501589928274443,5.390546012588274,-0.0009296232031546466,682.0597004417053,-0.028698801579739933,0.005340781257287652,5.4166666667,5.4463435868943915,-0.007555004207368833,5.445327759652289,-0.011098307663590688,True,Solve_Succeeded,2,0.02405756900407141,0.02766664799855789,0.02796134200616507,True,3.0174557290318926e-08,
128.9,135.838,135.825,4.5,-134.017782171064,43.02408714398962,-0.9502571580123738,5.3877550925680175,0.0006615036904555524,682.6093772380312,-0.02458116831438269,0.009492911973334683,5.4166666667,5.445327759652289,-0.011098307663590688,5.446013405572481,-0.013998247553352355,True,Solve_Succeeded,2,0.025516936999338213,0.029331650999665726,0.02969848900102079,True,3.37290521346123e-08,
129.0,135.938,135.927,4.5,-133.69848725658025,42.577131252300255,-0.9511290011138404,5.3853258029824485,-0.01740286218541444,683.1587042283935,-0.01855664272611445,0.01186256539526831,5.4166666667,5.446013405572481,-0.013998247553352355,5.447648846229987,-0.009827813389044367,True,Solve_Succeeded,2,0.02601651899749413,0.02959630700206617,0.029846803001419175,True,4.1221093954879606e-08,
129.1,136.038,136.029,4.5,-133.38011573605672,42.12980821503618,-0.9537090869871306,5.383269859657981,-0.033630692515653746,683.7077520538083,-0.011995956317458884,0.01151831245151469,5.4166666667,5.447648846229987,-0.009827813389044367,5.450081754503681,-0.0041788960771767004,True,Solve_Succeeded,2,0.024985587006085552,0.028072876993974205,0.028411578998202458,True,1.732564580692042e-08,
129.2,136.138,136.131,4.5,-133.06326818973776,41.68160642352085,-0.9570178714063377,5.382150065084714,-0.027322704338838624,684.256620838296,-0.006236565569962708,0.009441949358461987,5.4166666667,5.450081754503681,-0.0041788960771767004,5.45243844946903,-0.0008339247162162827,True,Solve_Succeeded,2,0.02379882099921815,0.026980155998899136,0.027310912999382708,True,2.5421422841787056e-08,
129.3,136.238,136.233,4.5,-132.74779330169224,41.23258136579931,-0.9594643581566409,5.37986809568502,-0.018720928092465148,684.8053726050026,-0.0016731938208840282,0.007225500432873844,5.4166666667,5.45243844946903,-0.0008339247162162827,5.455913134163661,0.004920690360309689,True,Solve_Succeeded,2,0.025029553995409515,0.029309900004591327,0.029676657999516465,True,2.7942360536492572e-08,
129.4,136.338,136.335,4.5,-132.43326896489563,40.78320584325565,-0.9604527141817152,5.376861872887005,-0.003791782919415926,685.3538728300011,0.0017601921977628372,0.005465261044198311,5.4166666667,5.455913134163661,0.004920690360309689,5.46040680129932,0.008371553768898952,True,Solve_Succeeded,2,0.025640191001002677,0.029222548997495323,0.029459699006110895,True,3.449241225972344e-08,
129.5,136.438,136.437,4.5,-132.11900005044455,40.33391510275283,-0.9601692657343415,5.376147317443403,0.003541673631581239,685.9021672196459,0.004333764067427944,0.003975023762398111,5.4166666667,5.46040680129932,0.008371553768898952,5.465555109381756,0.014530429961549563,True,Solve_Succeeded,2,0.02564684000390116,0.029198551004810724,0.029530150000937283,True,5.0494649087018395e-08,
129.6,136.538,136.505,4.5,-131.9093491387652,40.03451163970956,-0.9594644753017242,5.376051052385206,0.01632652673215014,686.2676816060678,0.005574564981677901,0.002940049000610956,5.4166666667,5.465555109381756,0.014530429961549563,5.470692753081813,0.018413621828705772,True,Solve_Succeeded,2,0.025247385994589422,0.02876569100044435,0.029027921002125368,True,4.672608078237772e-08,
129.7,136.638,136.607,4.5,-131.59419886234335,39.5859257821609,-0.9568555470364014,5.375438458266608,0.03712462154571911,686.8159253567392,0.006889378404348048,0.0021020275264552746,5.4166666667,5.470692753081813,0.018413621828705772,5.475870695529228,0.019632981922650887,True,Solve_Succeeded,2,0.024382098999922164,0.028974000000744127,0.02923592099978123,True,4.966086475377551e-08,
129.8,136.738,136.709,4.5,-131.2774454711202,39.13853048882193,-0.9522706384174698,5.3752480943474925,0.05333950310247093,687.3641324192666,0.008034906854948343,0.0022333388372125507,5.4166666667,5.475870695529228,0.019632981922650887,5.4809690413360475,0.020940671372310028,True,Solve_Succeeded,2,0.024736792001931462,0.028460244997404516,0.02900804000091739,True,5.7268496611584396e-08,
129.9,136.838,136.811,4.5,-130.95830679273175,38.69281784175233,-0.9463687459957056,5.375622895391207,0.061559117928464094,687.9123663810329,0.009381506414221525,0.002671973847349851,5.4166666667,5.4809690413360475,0.020940671372310028,5.485692092404194,0.02270953550580248,True,Solve_Succeeded,2,0.02432094299729215,0.02850086100079352,0.02886082999611972,True,5.816473791497856e-08,
130.0,136.938,136.913,4.5,-130.63636782402426,38.24906102901734,-0.9398841720380003,5.376236751595592,0.0655239057579177,688.4606689273934,0.01087102216065063,0.0026804294577008614,5.4166666667,5.485692092404194,0.02270953550580248,5.489900541948872,0.024798611980917307,True,Solve_Succeeded,2,0.02602702399599366,0.030080691998591647,0.030624863000412006,True,5.998620267178012e-08,
130.1,137.038,137.015,4.5,-130.31143019865357,37.80740018024074,-0.9330181229306411,5.377130136810436,0.0695257090299945,689.0090695913899,0.01218939951903476,0.0020544349820050822,5.4166666667,5.489900541948872,0.024798611980917307,5.493315715651297,0.02657398428348175,True,Solve_Succeeded,2,0.0245620810019318,0.02759320400218712,0.027819682996778283,True,7.589909412075713e-08,
130.2,137.138,137.117,4.5,-129.98330567972184,37.36797289371635,-0.925664723872069,5.378242304165138,0.0750365504763239,689.557595687185,0.013010703253941488,0.0008972054155071962,5.4166666667,5.493315715651297,0.02657398428348175,5.495795084191636,0.02761190398353881,True,Solve_Succeeded,2,0.02527050799835706,0.02892452300147852,0.029333856000448577,True,9.819997468137054e-08,
130.3,137.238,137.219,4.5,-129.6517565693475,36.93097226095561,-0.9177186544137647,5.379492825817049,0.08076621365439422,690.1062604766,0.01307992262057622,-0.0006875837952019515,5.4166666667,5.495795084191636,0.02761190398353881,5.497265083317474,0.027945501027002568,True,Solve_Succeeded,2,0.02480082499823766,0.02798329399956856,0.02830893100326648,True,8.309529953010042e-08,
130.4,137.338,137.321,4.5,-129.31654384564231,36.496605974267254,-0.9092581316498437,5.380873783108374,0.08485114068280356,690.655060025821,0.012271681298229493,-0.0021107435831088095,5.4166666667,5.497265083317474,0.027945501027002568,5.49771658480361,0.027838409101345492,True,Solve_Succeeded,2,0.024626033002277836,0.028378884002449922,0.02875545700226212,True,8.479815338802155e-08,
130.5,137.438,137.423,4.5,-128.97750394150086,36.06503482140427,-0.9005024119071126,5.382340730629926,0.08656666060542575,691.2039892054281,0.010870772885478278,-0.0028945968347209305,5.4166666667,5.49771658480361,0.027838409101345492,5.497190830093763,0.027501373189308977,True,Solve_Succeeded,2,0.02735458999814,0.030901767997420393,0.03123355699790409,True,8.424061537226635e-08,
130.6,137.538,137.525,4.5,-128.6345815644828,35.63634934893042,-0.8916774379129871,5.383810924852538,0.08638755000626974,691.7530496357642,0.00916332622380371,-0.003262731025376442,5.4166666667,5.497190830093763,0.027501373189308977,5.4957606869620115,0.027002790849628873,True,Solve_Succeeded,2,0.0252876259983168,0.028311219000897836,0.028582348000782076,True,8.118408256763132e-08,
130.7,137.638,137.627,4.5,-128.2878098589028,35.21058241451534,-0.8829341008799578,5.385204771085097,0.08514169278957678,692.3022371061389,0.007331998985357909,-0.003364164962195826,5.4166666667,5.4957606869620115,0.027002790849628873,5.493528761953287,0.026333248088757498,True,Solve_Succeeded,2,0.02478153099946212,0.0277385330045945,0.028206141003465746,True,7.626439657570927e-08,
130.8,137.738,137.729,4.5,-127.93727417734026,34.78773302296861,-0.8743520219444947,5.386456777037793,0.0833380178757654,692.8515414363803,0.00549922896334175,-0.003277026109939296,5.4166666667,5.493528761953287,0.026333248088757498,5.490653111086628,0.02548767161116316,True,Solve_Succeeded,2,0.02428794099978404,0.027595737999945413,0.027840554001159035,True,5.474284581197253e-08,
130.9,137.838,137.831,4.5,-127.5830886532728,34.367781307377015,-0.865980923410223,5.3875176983903765,0.08108512930855946,693.400947393232,0.003754839333840309,-0.003049904064243436,5.4166666667,5.490653111086628,0.02548767161116316,5.487275264026198,0.024487262352054506,True,Solve_Succeeded,2,0.024307189996761736,0.028652235996560194,0.029071533994283527,True,5.081566101239332e-08,
131.0,137.938,137.933,4.5,-127.22538901563561,33.950690915827195,-0.8578689695177651,5.388355121976044,0.07834399041578495,693.9504360647913,0.002162985912498091,-0.002730177385113941,5.4166666667,5.487275264026198,0.024487262352054506,5.48357505366205,0.023369637280101097,True,Solve_Succeeded,2,0.027037376996304374,0.030730014994333033,0.031022314993606415,True,4.804800024515998e-08,
131.1,138.038,138.035,4.5,-126.86433203658159,33.536406607484516,-0.8500664308421522,5.388946768212937,0.07511918532623513,694.4999859254173,0.0007608552894588904,-0.002367655951177383,5.4166666667,5.48357505366205,0.023369637280101097,5.479736314577737,0.022176884747363255,True,Solve_Succeeded,2,0.024802577994705644,0.028712375999020878,0.02894858500076225,True,3.799013104099913e-08,
131.2,138.138,138.137,4.5,-126.50009388432996,33.124853452790134,-0.8426184280045804,5.3892801926131995,0.07149589247318364,695.0495735247507,-0.0004408182608973932,-0.002007295319223501,5.4166666667,5.479736314577737,0.022176884747363255,5.475919583830841,0.02095328097862315,True,Solve_Succeeded,2,0.024712238999200054,0.02850525899702916,0.02913539099972695,True,3.7715916612057754e-08,
131.3,138.238,138.205,4.5,-126.25559410049017,32.85195743513415,-0.8378691785104949,5.389346798205118,0.06835097588902973,695.4159742874529,-0.0011343350761991063,-0.0017874190030734427,5.4166666667,5.475919583830841,0.02095328097862315,5.4722704389756816,0.019517845794699007,True,Solve_Succeeded,2,0.030263235996244475,0.034499998997489456,0.03503873800218571,True,3.7433591337787675e-08,
131.4,138.338,138.307,4.5,-125.88648169808047,32.4447426773336,-0.8310801368921317,5.389257367318529,0.06437769787220599,695.9655712141456,-0.002034042393018744,-0.0014990860270758244,5.4166666667,5.4722704389756816,0.019517845794699007,5.468925384359623,0.018409401201302314,True,Solve_Succeeded,2,0.0412600339986966,0.046980764003819786,0.047346860003017355,True,3.906643097906226e-08,
131.5,138.438,138.409,4.5,-125.51471110623127,32.03998164059882,-0.824715143208061,5.388940567360543,0.059975030585394454,696.5151428246957,-0.0027923332891283638,-0.0012832367324666638,5.4166666667,5.468925384359623,0.018409401201302314,5.466014375343601,0.017500998733933862,True,Solve_Succeeded,2,0.03351667399692815,0.038327813999785576,0.03869685699464753,True,3.9483471603318776e-08,
131.6,138.538,138.511,4.5,-125.14049222523612,31.63754160673701,-0.8187957714741513,5.388417112247702,0.05598003666413427,697.0646682981352,-0.00346012921248404,-0.001162132556927431,5.4166666667,5.466014375343601,0.017500998733933862,5.463642942141857,0.016775622394765217,True,Solve_Succeeded,2,0.03709387200069614,0.04168470799777424,0.04203350099851377,True,2.836581192156018e-08,
131.7,138.638,138.613,4.5,-124.76401871828097,31.237295935855077,-0.8132515086332223,5.387716011794312,0.05275009038903755,697.614128703058,-0.004072265340123874,-0.0010660938841809964,5.4166666667,5.463642942141857,0.016775622394765217,5.461869520726108,0.016216478447080858,True,Solve_Succeeded,2,0.03309509199607419,0.03743414200289408,0.03782678200514056,True,2.871228677037152e-08,
131.8,138.738,138.715,4.5,-124.38544781817146,30.839142354936378,-0.8080021611014209,5.386878436036931,0.050255693180256675,698.1635085494914,-0.0046204772272791066,-0.0009158802633694174,5.4166666667,5.461869520726108,0.016216478447080858,5.4607322622201515,0.01584307680943213,True,Solve_Succeeded,2,0.02450795399636263,0.02765078300581081,0.02798852299747523,True,2.908094565157171e-08,
131.9,138.838,138.817,4.5,-124.00490152196059,30.443001570143995,-0.802977197300696,5.385953858163094,0.04838690310175495,698.712797309722,-0.005055440071502987,-0.0006420029312237396,5.4166666667,5.4607322622201515,0.01584307680943213,5.460234954160413,0.015676816518409006,True,Solve_Succeeded,2,0.024735042003158014,0.02786566199938534,0.0281107789996895,True,2.9557164715754425e-08,
132.0,138.938,138.919,4.5,-123.62247111000566,30.048814385508333,-0.7981133684740538,5.384986530384845,0.04712471471725112,699.2619894112139,-0.005292211975806182,-0.00018230056720813792,5.4166666667,5.460234954160413,0.015676816518409006,5.4603527565952215,0.015712508048510827,True,Solve_Succeeded,2,0.025486881997494493,0.028422660994692706,0.028672175998508465,True,3.021170602579559e-08,
132.1,139.038,139.021,4.5,-123.23821872365016,29.65654165312806,-0.7933454551751684,5.3840196487812015,0.04651605285237432,699.8110836428211,-0.005215819419118573,0.0004729728724346405,5.4166666667,5.4603527565952215,0.015712508048510827,5.461037917548524,0.015920936813860965,True,Solve_Succeeded,2,0.024761150998529047,0.028053432994056493,0.028528198999993037,True,3.1109282261354565e-08,
132.2,139.138,139.123,4.5,-122.85217644983734,29.266166533339074,-0.7886044211025202,5.383092925550507,0.046576000637540416,700.3600811053561,-0.004814954217500501,0.0009541881924312047,5.4166666667,5.461037917548524,0.015920936813860965,5.462227053270083,0.016266039807390328,True,Solve_Succeeded,2,0.02426272400043672,0.028442743001505733,0.02882636400318006,True,3.2247842618460254e-08,
132.3,139.238,139.225,4.5,-122.4643467275837,28.87769571396202,-0.7838239710594275,5.3822412437562335,0.0472387851015231,700.9089884912487,-0.004209227153805279,0.001231664753220674,5.4166666667,5.462227053270083,0.016266039807390328,5.463847777442908,0.01671880092141877,True,Solve_Succeeded,2,0.024846580003213603,0.02855893599917181,0.028913986003317405,True,3.3270942445540186e-08,
132.4,139.338,139.327,4.5,-122.07470580831735,28.491157599520783,-0.7789481269445819,5.381494913488273,0.048384475135356875,701.4578161121434,-0.0034946364399415274,0.0013606946131308195,5.4166666667,5.463847777442908,0.01671880092141877,5.465823150185429,0.017260429184977773,True,Solve_Succeeded,2,0.02345755299757002,0.027263771000434645,0.02767120900534792,True,3.422643946038306e-08,
132.5,139.438,139.429,4.5,-121.68320921709261,28.10659844680307,-0.7739335811911426,5.380878397498091,0.049896267688924294,702.0065768197435,-0.002740325101701467,0.001383824685985524,5.4166666667,5.465823150185429,0.017260429184977773,5.46806486762311,0.01787879723382427,True,Solve_Succeeded,2,0.027389863003918435,0.03017059400008293,0.03042230400023982,True,4.904309758302361e-08,
132.6,139.538,139.531,4.5,-121.28979713887846,27.72407864075796,-0.7687473942419298,5.380408964238724,0.05169148216944525,702.5552853065092,-0.001995111076295137,0.0013331735957711202,5.4166666667,5.46806486762311,0.01787879723382427,5.4704946727681945,0.018576884232912247,True,Solve_Succeeded,2,0.023688981993473135,0.027329548996931408,0.027782924997154623,True,4.9825570336281544e-08,
132.7,139.638,139.633,4.5,-120.8943984941872,27.343670201600265,-0.763363308062185,5.380096472807534,0.05372073514092929,703.1039573858842,-0.0012921931828627374,0.0012341353259227583,5.4166666667,5.4704946727681945,0.018576884232912247,5.473011042501985,0.01935838729976485,True,Solve_Succeeded,2,0.024799357997835614,0.028356750000966713,0.028702216004603542,True,5.0976649568212906e-08,
132.8,139.738,139.735,4.5,-120.49693338123987,26.9654555654995,-0.7577575258685211,5.379946121731122,0.0559820374780981,703.6526094966154,-0.0006517762865189307,0.0011096169984025073,5.4166666667,5.473011042501985,0.01935838729976485,5.475501998265647,0.020207632011859763,True,Solve_Succeeded,2,0.02510187099687755,0.028892305999761447,0.029189777000283357,True,5.250709644855078e-08,
132.9,139.838,139.837,4.5,-120.0973140509535,26.589528259380565,-0.7519051636496197,5.3799544396228285,0.0584927218483081,704.2012579479408,-8.128255990281916e-05,0.0009836099287026112,5.4166666667,5.475501998265647,0.020207632011859763,5.477849755947533,0.021086170120251713,True,Solve_Succeeded,2,0.02481523899768945,0.028081258002202958,0.02839715099980822,True,5.417240256377909e-08,
133.0,139.938,139.905,4.5,-119.82965818671987,26.34023199447143,-0.7478529563995113,5.380050858075215,0.06070334549667762,704.5670292336165,0.00026184240945693107,0.00091199008326881,5.4166666667,5.477849755947533,0.021086170120251713,5.479984082219965,0.022100866512732503,True,Solve_Succeeded,2,0.024970502003270667,0.027846943004988134,0.028246245004993398,True,5.5841960389102496e-08,
133.1,140.038,140.007,4.5,-119.4262344085064,25.968357517419065,-0.7415384790525548,5.380298896012467,0.06351964370344072,705.1157055259358,0.0007344658060855107,0.0008327351011083728,5.4166666667,5.479984082219965,0.022100866512732503,5.481722684864965,0.022855742769651154,True,Solve_Succeeded,2,0.02521354199416237,0.028021807003824506,0.02830179300508462,True,6.535602636859039e-08,
133.2,140.138,140.109,4.5,-119.02039289668245,25.599076377649027,-0.7349225988827608,5.380664048795181,0.06662756164644111,705.6644165366622,0.001175719014770404,0.0008046065154339032,5.4166666667,5.481722684864965,0.022855742769651154,5.482975159797231,0.023405879622557413,True,Solve_Succeeded,2,0.025214809997123666,0.02887896700121928,0.02917590699507855,True,6.35387307212909e-08,
133.3,140.238,140.211,4.5,-118.61202723210504,25.232524870651407,-0.7279962401504259,5.381130538707042,0.06936586668869384,706.2131734047574,0.0016200318685330281,0.0008359932638972722,5.4166666667,5.482975159797231,0.023405879622557413,5.483656421315758,0.02373660091359195,True,Solve_Succeeded,2,0.025361136998981237,0.029835019995516632,0.030255669997131918,True,5.964392713053712e-08,
133.4,140.338,140.313,4.5,-118.20104615161112,24.86883045967849,-0.7208212396181342,5.381670250094341,0.07139426735805021,706.7619854605364,0.002084706256356394,0.000864486085390137,5.4166666667,5.483656421315758,0.02373660091359195,5.483713683367715,0.0238308264341234,True,Solve_Succeeded,2,0.02489520699600689,0.02930300099978922,0.029558579000877216,True,5.5185914504818356e-08,
133.5,140.438,140.415,4.5,-117.78738952293772,24.508094884983304,-0.7134762108529624,5.382247851993611,0.0726423792787997,707.3108587903777,0.002546850613827553,0.000811058010866672,5.4166666667,5.483713683367715,0.0238308264341234,5.483126032120259,0.02364904804302039,True,Solve_Succeeded,2,0.026049838998005725,0.029146676002710592,0.02941060900047887,True,5.236604216918295e-08,
133.6,140.538,140.517,4.5,-117.37103093099459,24.15039047224545,-0.706043204830311,5.382823557650502,0.0730909568758232,707.8597952888512,0.0029391281122527826,0.0005934465214633144,5.4166666667,5.483126032120259,0.02364904804302039,5.481911760774221,0.023163630903773928,True,Solve_Succeeded,2,0.024678752997715492,0.02787715700105764,0.02817331499682041,True,5.248802725787982e-08,
133.7,140.638,140.619,4.5,-116.95197801884353,23.795758025372916,-0.6986085029128039,5.383358580242703,0.07266674219075914,708.4087920519266,0.0031482032733351592,0.00012540180014231073,5.4166666667,5.481911760774221,0.023163630903773928,5.480135351809383,0.022381284681996624,True,Solve_Succeeded,2,0.025349957999424078,0.028335695998976007,0.0286444390003453,True,4.7712180872849785e-08,
133.8,140.738,140.721,4.5,-116.53027394996093,23.444202690634025,-0.6912676473428128,5.383815771671374,0.07127855913809192,708.9578409314707,0.003011033574495169,-0.0006830986928638705,5.4166666667,5.480135351809383,0.022381284681996624,5.477879836533186,0.02133987969081858,True,Solve_Succeeded,2,0.02531267200538423,0.02838085799885448,0.028718738998577464,True,5.0126255146665244e-08,
133.9,140.838,140.823,4.5,-116.1059991324544,23.095689034150848,-0.6841222803035779,5.3841625167844995,0.06890713012446566,709.5069270904079,0.0024176342755451233,-0.001417573042087894,5.4166666667,5.477879836533186,0.02133987969081858,5.475266490000805,0.020086014484471153,True,Solve_Succeeded,2,0.02588962700247066,0.030069245003687683,0.03033239799697185,True,5.0666161932610976e-08,
134.0,140.938,140.925,4.5,-115.6792702172283,22.750139197809645,-0.6772699630892414,5.384369781975888,0.06564189609309865,710.05603408947,0.0015135205329528008,-0.001832576682927689,5.4166666667,5.475266490000805,0.020086014484471153,5.472437339094091,0.018658749521329582,True,Solve_Succeeded,2,0.02534488800301915,0.028148272998805624,0.028820355000789277,True,4.821280974454112e-08,
134.1,141.038,141.027,4.5,-115.25023529794863,22.407435501884972,-0.6707948844412118,5.384417012182393,0.06163553035353704,710.6051460964151,0.00045041164042191066,-0.0020112102799628717,5.4166666667,5.472437339094091,0.018658749521329582,5.469546038139325,0.0170883272559521,True,Solve_Succeeded,2,0.024910116000683047,0.028219457999512088,0.028605683000932913,True,4.428393562960764e-08,
134.2,141.138,141.129,4.5,-114.81906698948154,22.067426307356385,-0.6647635118537041,5.384289688401228,0.057048667620291184,711.154246637022,-0.0006608459875718877,-0.0020194426557296197,5.4166666667,5.469546038139325,0.0170883272559521,5.466751031561124,0.015396568583506864,True,Solve_Succeeded,2,0.026562024002487306,0.02981673099566251,0.030087207996984944,True,3.997194752969335e-08,
134.3,141.238,141.231,4.5,-114.38595558171838,21.729930601636394,-0.659232550540274,5.383995538729213,0.05196548533240252,711.7033197724845,-0.001742809759658406,-0.001913964150141001,5.4166666667,5.466751031561124,0.015396568583506864,5.4641981078453155,0.0136021794537082,True,Solve_Succeeded,2,0.02516633600316709,0.02883998600009363,0.02933437199681066,True,2.4967953926591235e-08,
134.4,141.338,141.333,4.5,-113.95110444140481,21.39474214994706,-0.654245592922871,5.383540210825366,0.04649654441054706,712.2523503577127,-0.002745693474037163,-0.0017387256588852207,5.4166666667,5.4641981078453155,0.0136021794537082,5.4619901742813495,0.011694379763195317,True,Solve_Succeeded,2,0.026106097000592854,0.029253927001263946,0.029531849002523813,True,2.061875292724835e-08,
134.5,141.438,141.435,4.5,-113.51472509570483,21.06163397333306,-0.6498370854059003,5.382947816763221,0.04071310058150703,712.8013248180574,-0.0036411282462897204,-0.0015288079680737532,5.4166666667,5.4619901742813495,0.011694379763195317,5.460195801419339,0.009682717432805832,True,Solve_Succeeded,2,0.026232493000861723,0.029481912999472115,0.029735918004007544,True,1.8067813911670783e-08,
134.6,141.538,141.537,4.5,-113.0770355209091,20.73035917820179,-0.6460455285441769,5.382242752234783,0.034534185760693746,713.3502319510476,-0.004420728460241269,-0.0013235307868115775,5.4166666667,5.460195801419339,0.009682717432805832,5.458840225285151,0.007642217332971131,True,Solve_Succeeded,2,0.026343942001403775,0.029098593004164286,0.0294724010018399,True,1.6932387936208215e-08,
134.7,141.638,141.605,4.5,-112.78462438458702,20.510397598402474,-0.6438825861983127,5.3817269934977325,0.02925308439509182,713.7161284278171,-0.004880116247874934,-0.0012117208913161594,5.4166666667,5.458840225285151,0.007642217332971131,5.457868906179359,0.005259984008594223,True,Solve_Succeeded,2,0.02514834000612609,0.02823020899813855,0.028675883004325442,True,1.6359274823685155e-08,
134.8,141.738,141.707,4.5,-112.34525411829267,20.18157251605662,-0.64120058748486,5.3809121653249825,0.022580131758756276,714.2649064680014,-0.00550614310267343,-0.0010975364032269619,5.4166666667,5.457868906179359,0.005259984008594223,5.4572656015024315,0.0034300633073502907,True,Solve_Succeeded,2,0.025291994999861345,0.028648348998103756,0.02911194899934344,True,1.7758524428757028e-08,
134.9,141.838,141.809,4.5,-111.90518562283717,19.853824109272452,-0.639234283188259,5.380071509070298,0.015087252211955969,714.8136018487584,-0.006093330350390042,-0.0010891893225658533,5.4166666667,5.4572656015024315,0.0034300633073502907,5.4569966665954714,0.0019665549476163688,True,Solve_Succeeded,2,0.02431908300059149,0.026971468003466725,0.02726658299798146,True,1.940580052206542e-08,
135.0,141.938,141.911,4.5,-111.46466987003518,19.526820641845074,-0.6380405936745496,5.379238611178833,0.007969102038657815,715.3622142763355,-0.006722906134216217,-0.0012444171298245932,5.4166666667,5.4569966665954714,0.0019665549476163688,5.456964359467599,0.000936034605546058,True,Solve_Succeeded,2,0.025286741998570506,0.02812905300379498,0.028398938993632328,True,2.2928440479574874e-08,
135.1,142.038,142.013,4.5,-111.02394676693278,19.200237184044784,-0.6375352127999278,5.3784319892644,0.0017171178828430448,715.9107462719041,-0.007464602464128833,-0.0014795883207737726,5.4166666667,5.456964359467599,0.000936034605546058,5.457081706333844,0.00040230015409464614,True,Solve_Succeeded,2,0.02449194700602675,0.027938309001910966,0.028206811999552883,True,2.8388044803762114e-08,
135.2,142.138,142.115,4.5,-110.58321704131012,18.87380112530107,-0.6375002007034691,5.377605927463784,0.0001333604013021654,716.4591998740283,-0.008323267025819156,-0.0015772571934453694,5.4166666667,5.457081706333844,0.00040230015409464614,5.457493059365202,-0.0008237999572996115,True,Solve_Succeeded,2,0.028145030002633575,0.032237544997769874,0.03261628699692665,True,2.820868605368787e-08,
135.3,142.238,142.217,4.5,-110.14255337060771,18.54741753196523,-0.6374991354591739,5.376799828578202,-3.2418485712513504e-05,717.0075744921601,-0.009085122201900438,-0.001101308527887701,5.4166666667,5.457493059365202,-0.0008237999572996115,5.458087716673138,-0.001870369972372238,True,Solve_Succeeded,2,0.02474244900076883,0.02806266600236995,0.028471221994550433,True,3.780425217314587e-08,
135.4,142.338,142.319,4.5,-109.70195656593054,18.221077756707086,-0.6375331895920046,5.376029898000808,-0.0007668080703547076,717.5558756052583,-0.009424550898959452,-5.302462548051334e-05,5.4166666667,5.458087716673138,-0.001870369972372238,5.458850373857895,-0.0025493550895661077,True,Solve_Succeeded,2,0.02425895399937872,0.026900377997662872,0.02714566500071669,True,4.310224532844131e-08,
135.5,142.438,142.421,4.5,-109.26144918778581,17.894750261093296,-0.6376630344365137,5.3752381848715665,-0.0016731611313947692,718.1041031176178,-0.009047423105514422,0.0015069930699482814,5.4166666667,5.458850373857895,-0.0025493550895661077,5.459795837945704,-0.0028137170727114327,True,Solve_Succeeded,2,0.02529143400170142,0.028473532001953572,0.028909622997161932,True,4.476748216575288e-08,
135.6,142.538,142.523,4.5,-108.82106339916102,17.568397372431683,-0.637853912415851,5.374423447457187,-0.0018806745739383417,718.6522463767923,-0.00774861173879224,0.0031320691408153194,5.4166666667,5.459795837945704,-0.0028137170727114327,5.460930071896036,-0.0026968437514123846,True,Solve_Succeeded,2,0.027077901002485305,0.031790021996130235,0.03214154000306735,True,4.3113733028121715e-08,
135.7,142.638,142.625,4.5,-108.38080141555487,17.242010174234164,-0.6380208553288973,5.373744961176923,-0.0018640203745629658,719.2003013091161,-0.005719089902276479,0.004179150623612626,5.4166666667,5.460930071896036,-0.0026968437514123846,5.462192826227457,-0.001964050001222529,True,Solve_Succeeded,2,0.025531375998980366,0.029238609000458382,0.029606297997816,True,4.14132150794444e-08,
135.8,142.738,142.727,4.5,-107.94063409684723,16.91558410578346,-0.6381784723604385,5.373620142727518,-0.0026862707284538985,719.7482962172496,-0.003279046787524802,0.004626182848972649,5.4166666667,5.462192826227457,-0.001964050001222529,5.463395887287305,-0.000240360526515108,True,Solve_Succeeded,2,0.024973011000838596,0.0283313040054054,0.028724064002744853,True,3.972042872391057e-08,
135.9,142.838,142.829,4.5,-107.50052780250299,16.589083622661914,-0.6383799351984681,5.373925450037452,-0.0033033187630591107,720.2962834009296,-0.0007708013063978622,0.004419830600404295,5.4166666667,5.463395887287305,-0.000240360526515108,5.464508712093602,0.002307014414655586,True,Solve_Succeeded,2,0.02552584899967769,0.029037973006779794,0.02927943100075936,True,3.610057230929442e-08,
136.0,142.938,142.931,4.5,-107.06043854712698,16.262482901362436,-0.6384292248619575,5.374513123322682,-0.0003326192190942446,720.8443179830247,0.0014772060083723757,0.0037557069833255023,5.4166666667,5.464508712093602,0.002307014414655586,5.465537200672871,0.004748804158440462,True,Solve_Succeeded,2,0.02470588099822635,0.028063667996320873,0.028596696000022348,True,4.584553714437334e-08,
136.1,143.038,143.033,4.5,-106.62029535847078,15.9358605603137,-0.638384698531759,5.374903975691058,0.0006215569525769714,721.3924132191996,0.0032359603274925426,0.0025749154113151596,5.4166666667,5.465537200672871,0.004748804158440462,5.466983218362461,0.009018331181363646,True,Solve_Succeeded,2,0.024431476995232515,0.027454693998151924,0.027691763993061613,True,5.127962943163311e-08,
136.2,143.138,143.135,4.5,-106.18006844384273,15.60927633149485,-0.638069775203403,5.375061423677209,0.005748989049383743,721.9405588708357,0.004236282696790542,0.0010535361193082515,5.4166666667,5.466983218362461,0.009018331181363646,5.468925122687133,0.012650889997160008,True,Solve_Succeeded,2,0.02558150499680778,0.028927618004672695,0.029156443000829313,True,4.644950823973204e-08,
136.3,143.238,143.237,4.5,-105.73957658886061,15.283027378895156,-0.6365861691543764,5.374961162348775,0.022106737895421502,722.488722404798,0.004489650241625521,8.95395759108464e-05,5.4166666667,5.468925122687133,0.012650889997160008,5.471138142423583,0.013347749748642912,True,Solve_Succeeded,2,0.024488129005476367,0.02777865299867699,0.02806674499879591,True,4.841236744823618e-08,
136.4,143.338,143.305,4.5,-105.44553920979637,15.066059877475237,-0.6346653528711907,5.3747728841621205,0.033763754317118054,722.854152822341,0.004492042498823061,3.8979545202488815e-05,5.4166666667,5.471138142423583,0.013347749748642912,5.473955874679786,0.014981814354768079,True,Solve_Succeeded,2,0.02500617699843133,0.02869075800117571,0.029452935996232554,True,4.664733488368711e-08,
136.5,143.438,143.407,4.5,-105.00354742249546,14.741893924809194,-0.63080742112358,5.374872270637883,0.04103721669046194,723.4022932182191,0.004610587850801789,0.0004302275402897626,5.4166666667,5.473955874679786,0.014981814354768079,5.477038295143819,0.01619489157127602,True,Solve_Succeeded,2,0.024854285002220422,0.02839638399746036,0.028641941004025284,True,4.764298466852779e-08,
136.6,143.538,143.509,4.5,-104.56019475543349,14.419551291834836,-0.6264054653645851,5.375176729676042,0.04567400567094561,723.950461103431,0.004936315561684959,0.000753677345710746,5.4166666667,5.477038295143819,0.01619489157127602,5.4803589378387665,0.017839216019385824,True,Solve_Succeeded,2,0.026016690004325937,0.029836393994628452,0.03009721200214699,True,4.771632156064243e-08,
136.7,143.638,143.611,4.5,-104.1153276563683,14.099241578096509,-0.6215766649133767,5.3755873845346915,0.049257160144866384,724.4986690687738,0.005393424464966897,0.0008921016212470879,5.4166666667,5.4803589378387665,0.017839216019385824,5.483812304082786,0.01975026708458765,True,Solve_Succeeded,2,0.025277261003793683,0.028792840996175073,0.02919320000364678,True,5.4990196396431656e-08,
136.8,143.738,143.713,4.5,-103.66881805982858,13.781136421373205,-0.6163623243441115,5.376195485321374,0.05347506987207884,725.0469344537012,0.005860240944281706,0.0008043192019308032,5.4166666667,5.483812304082786,0.01975026708458765,5.48728188571404,0.021623228756502657,True,Solve_Succeeded,2,0.02645680899877334,0.031027359997096937,0.03148588599287905,True,5.405397374147469e-08,
136.9,143.838,143.815,4.5,-103.22052357510518,13.465428632214516,-0.6106508209898703,5.376967793020533,0.05893761703357741,725.5952768083756,0.006240490359213724,0.0006023341984909837,5.4166666667,5.48728188571404,0.021623228756502657,5.4906425250930715,0.02321629624807347,True,Solve_Succeeded,2,0.02448134100268362,0.028429814999981318,0.02902862199698575,True,5.2425227714536504e-08,
137.0,143.938,143.917,4.5,-102.7702710874625,13.152369296319522,-0.604344598685501,5.377883816321604,0.06489788543207703,726.1437109903411,0.0065032066721613605,0.00038451092430935585,5.4166666667,5.4906425250930715,0.02321629624807347,5.493762815022835,0.02454100404970106,True,Solve_Succeeded,2,0.024309112995979376,0.02766065899777459,0.027995588003250305,True,6.006765307375872e-08,
137.1,144.038,144.019,4.5,-102.31787522012668,12.84223512460508,-0.5974425409002072,5.3789704263455045,0.07036583305956462,726.6922526290869,0.006645694624103112,0.00015325801722643195,5.4166666667,5.493762815022835,0.02454100404970106,5.49657346662257,0.025706872629673735,True,Solve_Succeeded,2,0.024821334998705424,0.028470931996707805,0.028901813995616976,True,5.6358600453165764e-08,
137.2,144.138,144.121,4.5,-101.86316922343606,12.535285999000527,-0.5900243333322228,5.380206957245959,0.07491736879496157,727.2409175565004,0.006641443237204696,-0.00016521425036852835,5.4166666667,5.49657346662257,0.025706872629673735,5.498942097657055,0.026812370859335594,True,Solve_Succeeded,2,0.03235985399805941,0.03708341300080065,0.037498396006412804,True,5.2461270882986355e-08,
137.3,144.238,144.223,4.5,-101.40602157680394,12.231745716286403,-0.582180328206151,5.381565519662248,0.07871313310651006,727.7897168627097,0.006463108267452868,-0.0004414039693126926,5.4166666667,5.498942097657055,0.026812370859335594,5.499994911994826,0.027892577409658306,True,Solve_Succeeded,2,0.026779619001899846,0.031559014998492785,0.03187729499768466,True,1.200085180597956e-06,
137.4,144.338,144.325,4.5,-100.9463309037277,11.931808460929375,-0.5739683726674577,5.383010939517325,0.0821392965925384,728.3386591380688,0.006164558201944031,-0.0006103859043521398,5.4166666667,5.499994911994826,0.027892577409658306,5.499997517156794,0.02892147493584135,True,Solve_Succeeded,3,0.03719084700423991,0.04247519799537258,0.042925780995574314,True,1.6279014580788953e-08,
137.5,144.438,144.427,4.5,-100.48401269587018,11.635649804233005,-0.5654260835854213,5.384723781342197,0.08527377931998842,728.8877552589671,0.00579255118510285,-0.0007128486814554912,5.4166666667,5.499997517156794,0.02892147493584135,5.499977542879251,0.02996976795442756,True,Solve_Succeeded,2,0.025304891001724172,0.028148505996796302,0.028457779000746086,True,4.141536535939849e-08,
137.6,144.538,144.529,4.5,-100.01898544054082,11.343430659449977,-0.5565682576429094,5.386562800714168,0.08807915852478333,729.4370264644416,0.005377928796417193,-0.0007668583669560025,5.4166666667,5.499977542879251,0.02996976795442756,5.499980402003991,0.03106066131024266,True,Solve_Succeeded,2,0.025383820000570267,0.028378449998854194,0.028642703000514302,True,4.095287930994118e-08,
137.7,144.638,144.631,4.5,-99.55118833122118,11.05531862096993,-0.5473982289969467,5.38841301057586,0.09093305627705331,729.9864777045939,0.004944230595700871,-0.0007787632120207499,5.4166666667,5.499980402003991,0.03106066131024266,5.499997609755514,0.032116350652921254,True,Solve_Succeeded,3,0.032672109999111854,0.03625173299951712,0.03654539499984821,True,1.3617509342367384e-07,
137.8,144.738,144.733,4.5,-99.08056580525931,10.771489749981116,-0.5378989103513606,5.390267300522064,0.09397641478761079,730.5361099499759,0.004517957888215505,-0.0007343815801522657,5.4166666667,5.499997609755514,0.032116350652921254,5.499943762075691,0.033142506291777715,True,Solve_Succeeded,2,0.024153864003892522,0.027889630997378845,0.028158744004031178,True,4.4365788376410364e-08,
137.9,144.838,144.835,4.5,-98.60706314934177,10.492131564199916,-0.5280579488085605,5.392069025030451,0.09718240885784536,731.0859228820162,0.0041336702279738185,-0.0006241655852771144,5.4166666667,5.499943762075691,0.033142506291777715,5.499960972919224,0.034106920409707406,True,Solve_Succeeded,2,0.023599902997375466,0.027072242999565788,0.027311728001222946,True,4.765663330630332e-08,
138.0,144.938,144.937,4.5,-98.13063613672199,10.217439305772322,-0.517878737342492,5.393711281157624,0.10041626822805524,731.6359090271949,0.00382618518235094,-0.0004540682202480717,5.4166666667,5.499960972919224,0.034106920409707406,5.499996347664006,0.03501547043768482,True,Solve_Succeeded,2,0.025638434999564197,0.030044373001146596,0.030341641999257263,True,9.513277667849707e-07,
138.1,145.038,145.005,4.5,-97.81137792877423,10.037000309788791,-0.5109256065330132,5.394713518529024,0.10283637106243328,732.0026559699826,0.003678110751604111,-0.00032946419266211,5.4166666667,5.499996347664006,0.03501547043768482,5.499993805145527,0.03611021925490642,True,Solve_Succeeded,2,0.02507121499365894,0.028737124004692305,0.028985075005039107,True,5.447127637836502e-08,
138.2,145.138,145.107,4.5,-97.3300135485536,9.770520439482427,-0.5002145813064596,5.396121141862112,0.1058261331068055,732.5528992314064,0.0035587510799427857,-9.64405554073622e-05,5.4166666667,5.499993805145527,0.03611021925490642,5.499910082524092,0.03676667312581106,True,Solve_Succeeded,2,0.02426266700058477,0.02783312700194074,0.02821897700050613,True,5.826845672629588e-08,
138.3,145.238,145.209,4.5,-96.84566187423052,9.509218327741996,-0.4891967236195622,5.397409251924653,0.10913043557609538,733.1032813520017,0.003571730139458839,0.00015941976106820244,5.4166666667,5.499910082524092,0.03676667312581106,5.499243126211764,0.0370923320256011,True,Solve_Succeeded,2,0.027893063001101837,0.03138055199815426,0.03179387999989558,True,6.838389676744328e-08,
138.4,145.338,145.311,4.5,-96.35830577818622,9.253289220581227,-0.4778629338213707,5.398625462338991,0.11165652081215051,733.6537930823145,0.0037373881034573715,0.0004455012457060814,5.4166666667,5.499243126211764,0.0370923320256011,5.497903525966921,0.0371383769090767,True,Solve_Succeeded,2,0.024908004997996613,0.02914422999310773,0.02938426600303501,True,7.909302812691976e-08,
138.5,145.438,145.413,4.5,-95.86794398368347,9.002902061700617,-0.4663153086431386,5.39976929364417,0.11301487743074563,734.2044291992894,0.004045462374704532,0.0006582231042709386,5.4166666667,5.497903525966921,0.0371383769090767,5.495821168410526,0.03686804387065771,True,Solve_Succeeded,2,0.024332713001058437,0.028579162004461978,0.028824177003116347,True,8.51609991414648e-08,
138.6,145.538,145.515,4.5,-95.37460963614626,8.7581726382116,-0.45467051630460237,5.400805418887208,0.11328944521299308,734.7551820834512,0.004422930013585059,0.0006798360888610744,5.4166666667,5.495821168410526,0.03686804387065771,5.492968215838746,0.03620844174207082,True,Solve_Succeeded,2,0.029991870003868826,0.033497846001409926,0.033746048000466544,True,8.193615830265344e-08,
138.7,145.638,145.617,4.5,-94.87836928465931,8.519163655811239,-0.44303644048648966,5.401693655126551,0.11249358171049163,735.306039004616,0.004735012245519282,0.0004018910248629326,5.4166666667,5.492968215838746,0.03620844174207082,5.489395380754252,0.03511365985644805,True,Solve_Succeeded,2,0.02638633599417517,0.02942615299980389,0.029887411998060998,True,5.705499095398636e-08,
138.8,145.738,145.719,4.5,-94.37932002421638,8.285884309423787,-0.4315268112383903,5.402395804075785,0.11047517245445225,735.8569810708602,0.004786598537146098,-0.0002893068854350478,5.4166666667,5.489395380754252,0.03511365985644805,5.485160405358714,0.03359769767986582,True,Solve_Succeeded,2,0.02623239200329408,0.029897904001700226,0.03027456600102596,True,5.079620812864505e-08,
138.9,145.838,145.821,4.5,-93.87758958871056,8.058281947942234,-0.4202731492565065,5.4028805089130305,0.10707622848855755,736.4079819721604,0.0043261050042498585,-0.001396841481222988,5.4166666667,5.485160405358714,0.03359769767986582,5.480394403393438,0.03171942020399409,True,Solve_Succeeded,2,0.02391827500105137,0.02763558099832153,0.027912400000786874,True,3.7939320129964926e-08,
139.0,145.938,145.923,4.5,-93.37333689483445,7.8362322698828955,-0.4094186854954071,5.403112938226075,0.10229280203376405,736.9590067884187,0.003324813464677987,-0.0021720094023271463,5.4166666667,5.480394403393438,0.03171942020399409,5.475237574889439,0.029557052406514746,True,Solve_Succeeded,2,0.023656858000322245,0.02706237699749181,0.02743171800102573,True,3.276424909159914e-08,
139.1,146.038,146.025,4.5,-92.86675001653026,7.61953633846107,-0.3991000503694526,5.40305897826704,0.09630710337225458,737.5100241685504,0.002005557858850233,-0.002577888219396973,5.4166666667,5.475237574889439,0.029557052406514746,5.469860069216271,0.027193059102181803,True,Solve_Succeeded,2,0.024372604995733127,0.02820319900638424,0.02850379500159761,True,2.7224979604056898e-08,
139.2,146.138,146.127,4.5,-92.35804014066105,7.407926539353076,-0.3894338504431483,5.402687843053173,0.0894196457755082,738.0610038433207,0.0005384187763852302,-0.00273020853956224,5.4166666667,5.469860069216271,0.027193059102181803,5.464456896840341,0.024717728228588354,True,Solve_Succeeded,2,0.024467934999847785,0.028079691997845657,0.028504673995485064,True,1.5318250667917255e-08,
139.3,146.238,146.229,4.5,-91.84743291120223,7.201079908926234,-0.3805026804805375,5.4019849980177606,0.08196967715879316,738.6119149666742,-0.0009616016322614418,-0.0027121229815224575,5.4166666667,5.464456896840341,0.024717728228588354,5.459223632427111,0.022227531680915263,True,Solve_Succeeded,2,0.025227357997209765,0.02814966900041327,0.02836164899781579,True,1.4016404037420216e-08,
139.4,146.338,146.331,4.5,-91.33515908573163,6.998630972316137,-0.37237341260892226,5.400961609679079,0.07414723433564371,739.1627277581965,-0.0024201707828644453,-0.002592134271828306,5.4166666667,5.459223632427111,0.022227531680915263,5.454370616531279,0.019887764487034807,True,Solve_Succeeded,2,0.0250184350006748,0.028896550000354182,0.029161475998989772,True,1.362593238241061e-08,
139.5,146.438,146.433,4.5,-90.8214475117068,6.800185201772515,-0.36506744139412756,5.399633529601831,0.06631400361495368,739.7134141547114,-0.003789411298057086,-0.0023939879838431044,5.4166666667,5.454370616531279,0.019887764487034807,5.4500955066830805,0.017791580243567,True,Solve_Succeeded,2,0.02507565700216219,0.02840572599961888,0.028866499997093342,True,1.0150188245461322e-08,
139.6,146.538,146.535,4.5,-90.30651737998355,6.605341642687374,-0.35856548654991643,5.398015248909316,0.058922281349415837,740.2639470481217,-0.005024693739299063,-0.002101139952726039,5.4166666667,5.4500955066830805,0.017791580243567,5.446565653785983,0.015998886716011834,True,Solve_Succeeded,2,0.02453257000161102,0.028505390997452196,0.02876066700264346,True,1.0323096155673284e-08,
139.7,146.638,146.637,4.5,-89.79056860936481,6.4137166055898485,-0.35280367416466446,5.396142980933595,0.05232337529821576,740.8143020228142,-0.006059566933259327,-0.001652570224853267,5.4166666667,5.446565653785983,0.015998886716011834,5.443901304047701,0.01453838982277393,True,Solve_Succeeded,2,0.025508426006126683,0.02870522900047945,0.028951296997547615,True,1.0561199914604913e-08,
139.8,146.738,146.705,4.5,-89.44612325757501,6.287582661469466,-0.34930877691738815,5.394745862988583,0.047997893652612325,741.1810963578579,-0.006585278356690398,-0.0012034903763840088,5.4166666667,5.443901304047701,0.01453838982277393,5.441522931498638,0.013029564339068872,True,Solve_Succeeded,1,0.015273737997631542,0.019114809998427518,0.019532201993570197,True,6.097951823491599e-07,
139.9,146.838,146.807,4.5,-88.92884568039398,6.1005756139255425,-0.34456644904487305,5.392585687903324,0.04317884266044531,741.7311139185173,-0.0070164078189065325,-0.00028763447475715903,5.4166666667,5.441522931498638,0.013029564339068872,5.4405448211871414,0.012340272377656822,True,Solve_Succeeded,2,0.025078776001464576,0.029184880993852858,0.029508422994695138,True,1.1779797581823459e-08,
140.0,146.938,146.909,4.5,-88.41094244328268,5.915974620046734,-0.34030304071050876,5.390288322079653,0.03881395971714212,742.2809097022727,-0.006921459527129506,0.0005607844243198379,5.4166666667,5.4405448211871414,0.012340272377656822,5.44048600148707,0.01193763666976576,True,Solve_Succeeded,2,0.024998113003675826,0.028228849994775373,0.0285129030016833,True,1.1491810170127792e-08,
140.1,147.038,147.011,4.5,-87.89251895179272,5.733546017202456,-0.3364554520724452,5.387915593314032,0.036115581080682864,742.8304713181834,-0.0064855510487864644,0.0009819590166770809,5.4166666667,5.44048600148707,0.01193763666976576,5.441240285936309,0.011648162016910248,True,Solve_Succeeded,2,0.02532823899673531,0.029183058002672624,0.029485447994375136,True,1.1946920785987913e-08,
140.2,147.138,147.113,4.5,-87.373649458883,5.553126985540174,-0.3328459321759076,5.38553966486572,0.034668344231156674,743.3797919418147,-0.00589153648954997,0.0011537580692147498,5.4166666667,5.441240285936309,0.011648162016910248,5.442324231443827,0.011477538516228184,True,Solve_Succeeded,1,0.01628433700534515,0.019978561998868827,0.020232786002452485,True,2.997012558125789e-07,
140.3,147.238,147.215,4.5,-86.85436719103394,5.374624252239494,-0.32935911378784644,5.383303296090778,0.03376444413720443,743.9288785378725,-0.005242977875952015,0.0011915826423920528,5.4166666667,5.442324231443827,0.011477538516228184,5.444005267792355,0.011416926466417728,True,Solve_Succeeded,1,0.019311219002702273,0.022863570993649773,0.02316580000479007,True,3.2888296885857926e-07,
140.4,147.338,147.317,4.5,-86.3346803765731,5.197982865621916,-0.3259435856715737,5.381242015378838,0.033292507685581674,744.4777480640405,-0.0045991252289030666,0.0011468162083370648,5.4166666667,5.444005267792355,0.011416926466417728,5.44610997476076,0.011386566007013252,True,Solve_Succeeded,1,0.016880287003004923,0.02085277600417612,0.02126830700581195,True,1.7675025620889073e-07,
140.5,147.438,147.419,4.5,-85.81458636352963,5.023171819764202,-0.3225574041867053,5.379380174877043,0.03318357293248029,745.0264194151457,-0.003993221479732807,0.001061362990102732,5.4166666667,5.44610997476076,0.011386566007013252,5.448481161930271,0.011361266304167564,True,Solve_Succeeded,1,0.016309088001435157,0.019824373004666995,0.020152182994934265,True,1.1004152433713443e-07,
140.6,147.538,147.521,4.5,-85.29407332801426,4.850178152763184,-0.31917231546781594,5.377740116331429,0.03324330089379844,745.5749141062986,-0.003438683949124323,0.0009634212470190362,5.4166666667,5.448481161930271,0.011361266304167564,5.450984337991202,0.01135003898910486,True,Solve_Succeeded,1,0.01660822899430059,0.02005864600505447,0.020318921997386497,True,9.059523886634224e-08,
140.7,147.638,147.623,4.5,-84.77312469522286,4.678997933306333,-0.3157794112795472,5.376331577935542,0.03332249835404643,746.1232552225076,-0.0029390972909369983,0.0008618338629290955,5.4166666667,5.450984337991202,0.01135003898910486,5.453441302128341,0.011364371533236502,True,Solve_Succeeded,1,0.016681880995747633,0.0205125720021897,0.020832926995353773,True,1.4553514038340154e-07,
140.8,147.738,147.725,4.5,-84.25172295562444,4.509628969470344,-0.312378672008717,5.375153055036276,0.03339816224285099,746.6714662068347,-0.0024963560592768165,0.0007565529790695691,5.4166666667,5.453441302128341,0.011364371533236502,5.4558431814469195,0.011401782138568017,True,Solve_Succeeded,1,0.016803006998088676,0.020808633998967707,0.021075233002193272,True,2.2653551035034525e-07,
140.9,147.838,147.827,4.5,-83.72985133303787,4.34206973234982,-0.30896832995301066,5.3741900871803745,0.03351213721081789,747.2195696312089,-0.002112206033335971,0.0006492846091116776,5.4166666667,5.4558431814469195,0.011401782138568017,5.458120813938728,0.011451921726283384,True,Solve_Succeeded,1,0.015991096996003762,0.019253231002949178,0.019651932001579553,True,3.177668705944825e-07,
141.0,147.938,147.929,4.5,-83.20749377666108,4.1763213587846515,-0.30554295481976596,5.3734288534272,0.033687145879943974,747.7675866053656,-0.0017863181624882824,0.0005454070929861721,5.4166666667,5.458120813938728,0.011451921726283384,5.460224218955578,0.011505885949038439,True,Solve_Succeeded,1,0.016125443995406386,0.02007019099983154,0.0204327200044645,True,4.1427009112027235e-07,
141.1,148.038,148.031,4.5,-82.68463478897212,4.012388734233691,-0.3020969680163416,5.372852106345268,0.03390718755603187,748.3155366571866,-0.0015151789956383607,0.00045045778360980343,5.4166666667,5.460224218955578,0.011505885949038439,5.462120550408546,0.011559841841484886,True,Solve_Succeeded,1,0.01638668499799678,0.02052512999944156,0.020788652000192087,True,5.108265677122859e-07,
141.2,148.138,148.133,4.5,-82.16126011040872,3.8502798203293245,-0.29862741268373405,5.372439086924771,0.03414211523627005,748.8634373351833,-0.0012929077475469927,0.000367365808743525,5.4166666667,5.462120550408546,0.011559841841484886,5.464326326988189,0.011609389667484727,True,Solve_Succeeded,2,0.025307529998826794,0.02869213599478826,0.028941821001353674,True,2.6313271561662077e-08,
141.3,148.238,148.235,4.5,-81.6373576192222,3.6900042666077786,-0.2951339872973637,5.372165404657327,0.03437150668224589,749.4113037963457,-0.0011128113831263638,0.0002964214096486395,5.4166666667,5.464326326988189,0.011609389667484727,5.466183924311318,0.011661656636851892,True,Solve_Succeeded,2,0.024846590000379365,0.02833156999986386,0.028611705005459953,True,3.930735203994118e-08,
141.4,148.338,148.337,4.5,-81.11291549975095,3.5315716078540076,-0.29161810271966054,5.372047160750292,0.034581484559651085,749.9591510959572,-0.0009685408696556696,0.0002362042105729656,5.4166666667,5.466183924311318,0.011661656636851892,5.46771418599907,0.011715519263863971,True,Solve_Succeeded,2,0.024175637001462746,0.02707432000170229,0.027629700001853053,True,3.965861772314838e-08,
141.5,148.438,148.405,4.5,-80.76298225226301,3.4269780908644676,-0.289262301600138,5.372049442993444,0.03474309046701363,750.3243791283197,-0.0008895969433863323,0.0002014174275931646,5.4166666667,5.46771418599907,0.011715519263863971,5.468940766898957,0.01177806261394903,True,Solve_Succeeded,2,0.025364581997564528,0.02804155599733349,0.028314187002251856,True,4.000524356229107e-08,
141.6,148.538,148.507,4.5,-80.2376186842329,3.271637485416567,-0.2857111618368966,5.372122454714621,0.03494755292730551,750.8722245261577,-0.0007931013100804891,0.00015690658841971405,5.4166666667,5.468940766898957,0.01177806261394903,5.469902664539685,0.011813234630266114,True,Solve_Succeeded,2,0.025176173003274016,0.02864674299780745,0.029210339998826385,True,4.0828029845840774e-08,
141.7,148.638,148.609,4.5,-79.71169381152917,3.1181657380171006,-0.28213851051686056,5.372275866679883,0.0351665199079847,751.4200820622447,-0.0007184066732599724,0.00012221413800617142,5.4166666667,5.469902664539685,0.011813234630266114,5.470628083355085,0.01182673158835356,True,Solve_Succeeded,2,0.02564657099719625,0.02952877899952,0.030052169000555295,True,4.248420015784404e-08,
141.8,148.738,148.711,4.5,-79.18520418448873,2.966574482531793,-0.27854485995372263,5.372488147676002,0.03533799653714549,751.9679587140829,-0.0006598813370154327,9.687661194174302e-05,5.4166666667,5.470628083355085,0.01182673158835356,5.47115320216565,0.01182485051783958,True,Solve_Succeeded,2,0.024815600998408627,0.028258198995899875,0.02868968899565516,True,4.474866877046679e-08,
141.9,148.838,148.813,4.5,-78.65814903283061,2.8168737667965473,-0.2749373257979438,5.372740823725589,0.035430706937320026,752.5158594611421,-0.0006141731267088707,7.384239831237371e-05,5.4166666667,5.47115320216565,0.01182485051783958,5.4715204974801726,0.01182222848842263,True,Solve_Succeeded,2,0.02421682299609529,0.027058649000537116,0.02737170899490593,True,4.74009151929522e-08,
142.0,148.938,148.915,4.5,-78.13053053352309,2.669069970272496,-0.27132388110867256,5.373018229455471,0.03545426363214301,753.0637875444877,-0.000582249074827942,4.521616104502524e-05,5.4166666667,5.4715204974801726,0.01182222848842263,5.4717763997274655,0.01183711678839681,True,Solve_Succeeded,2,0.025099690996285062,0.028282813997066114,0.02864491099899169,True,5.006365011439584e-08,
142.1,149.038,149.017,4.5,-77.60235333174174,2.5231662271229167,-0.26770977603014634,5.373307635841575,0.03545017788843771,753.6117447383289,-0.0005688270417865062,5.837540624664683e-06,5.4166666667,5.4717763997274655,0.01183711678839681,5.471970271044414,0.011890104347311947,True,Solve_Succeeded,2,0.025070756004424766,0.02887914299935801,0.029318114997295197,True,5.235592670516098e-08,
142.2,149.138,149.119,4.5,-77.07362356398747,2.3791645287670335,-0.26409479977672456,5.373599813048376,0.035479363285297424,754.1597316753746,-0.0005800626791281862,-4.398285167683813e-05,5.4166666667,5.471970271044414,0.011890104347311947,5.472152534268615,0.012003202792102388,True,Solve_Succeeded,2,0.026468787997146137,0.030556671001249924,0.030892236005456652,True,5.400455549420258e-08,
142.3,149.238,149.221,4.5,-76.54434759000345,2.237068946407439,-0.2604717841369808,5.373889146787679,0.03561261432519289,754.7077482152775,-0.0006200869716129452,-9.696929252345221e-05,5.4166666667,5.472152534268615,0.012003202792102388,5.472372428249326,0.012198363921707669,True,Solve_Succeeded,2,0.02674728599959053,0.030279970000265166,0.030737916997168213,True,5.49120615644938e-08,
142.4,149.338,149.323,4.5,-76.0145306567563,2.096889443509733,-0.2568259006385957,5.374173335502873,0.035925186544398996,755.2557938049621,-0.0006869643082263776,-0.00013818046061503386,5.4166666667,5.472372428249326,0.012198363921707669,5.472675745068475,0.012494578366829106,True,Solve_Succeeded,2,0.026209845003904775,0.03015895299904514,0.030573534000723157,True,5.5146114341653174e-08,
142.5,149.438,149.425,4.5,-75.48417555354192,1.9586459474040743,-0.25313445892532804,5.37445354154752,0.03649222755741357,755.8038678725964,-0.0007684050958550583,-0.00014481043561909157,5.4166666667,5.472675745068475,0.012494578366829106,5.473102495378534,0.012903800478343469,True,Solve_Succeeded,2,0.024848813001881354,0.028366147002088837,0.028781040004105307,True,5.487396403935918e-08,
142.6,149.538,149.527,4.5,-74.95328142137413,1.822372416710582,-0.24936735982736905,5.374733569186001,0.03738078174647263,756.3519701693353,-0.0008375281291619451,-8.664408510830614e-05,5.4166666667,5.473102495378534,0.012903800478343469,5.473685182628499,0.013427443749828537,True,Solve_Succeeded,2,0.02575296699797036,0.02941545999783557,0.0296598040004028,True,5.428869709334094e-08,
142.7,149.638,149.629,4.5,-74.42184276588064,1.6881204234174643,-0.24548864075635277,5.3750200589236385,0.03863735142149023,756.9001011277904,-0.0008491488863933803,7.239506919856642e-05,5.4166666667,5.473685182628499,0.013427443749828537,5.474447333220379,0.014056221502527055,True,Solve_Succeeded,2,0.024852148999343626,0.02851081900007557,0.028952684995601885,True,5.3556671986143556e-08,
142.8,149.738,149.731,4.5,-73.88984888356157,1.5559615797978974,-0.24145938688653315,5.375321931428986,0.04027487880741442,757.4482621709246,-0.0007380518805610327,0.00035740513120582906,5.4166666667,5.474447333220379,0.014056221502527055,5.475402828201845,0.014775075446361656,True,Solve_Succeeded,2,0.025492995999229606,0.029221573000540957,0.02944215099705616,True,5.2795838811903195e-08,
142.9,149.838,149.833,4.5,-73.35728395862901,1.4259881776215528,-0.23724155658881207,5.375648710840529,0.04226815244156481,757.9964557151435,-0.0004773092148932164,0.0005839057756017452,5.4166666667,5.475402828201845,0.014775075446361656,5.47655644480527,0.01556934476422843,True,Solve_Succeeded,2,0.024823186002322473,0.029641016000823583,0.030001480001374148,True,5.207536712958927e-08,
143.0,149.938,149.935,4.5,-72.82412757121362,1.2983118096107453,-0.23280133017665602,5.376011972161252,0.0445657476974311,758.5446855196509,-0.00012200709658343018,0.0007077541565867762,5.4166666667,5.47655644480527,0.01556934476422843,5.4779037250797735,0.016427098011880685,True,Solve_Succeeded,2,0.023763142999086995,0.027002437003829982,0.027297842003463302,True,5.1421756630531945e-08,
143.1,150.038,150.037,4.5,-72.2903557803224,1.1730607252963938,-0.22811059387723048,5.376422180076186,0.047111552432745896,759.0929563896726,0.0002793957618805466,0.0007561799456699547,5.4166666667,5.4779037250797735,0.016427098011880685,5.47943227879885,0.01733811489900031,True,Solve_Succeeded,2,0.025620298998546787,0.02870560200244654,0.028954136003449094,True,5.083551446460888e-08,
143.2,150.138,150.105,4.5,-71.9341532877309,1.0909761821724762,-0.22483210802131068,5.376729321574817,0.049333033281551114,759.4584958966374,0.0005539567556982388,0.000758233491521515,5.4166666667,5.47943227879885,0.01733811489900031,5.481214519182057,0.01845440987159652,True,Solve_Succeeded,2,0.025513569999020547,0.02916865499719279,0.029523718993004877,True,5.061287478014265e-08,
143.3,150.238,150.207,4.5,-71.39929672007905,0.9700878698795219,-0.21967502353765653,5.377240786899801,0.052204717755021564,760.0068482964612,0.0009589814337592378,0.0007275443738324061,5.4166666667,5.481214519182057,0.01845440987159652,5.483085504702139,0.019437333431848235,True,Solve_Succeeded,2,0.026327079001930542,0.029999010999745224,0.03036510100355372,True,5.840111327870545e-08,
143.4,150.338,150.309,4.5,-70.86375166322647,0.8520286659288268,-0.21420412681947787,5.3778217354275855,0.05553385829548264,760.5552587848046,0.0013402566112042115,0.0006819186286122214,5.4166666667,5.483085504702139,0.019437333431848235,5.485022811617541,0.020411840616767138,True,Solve_Succeeded,2,0.025262317001761403,0.028937294002389535,0.029195797003922053,True,5.7839009137694575e-08,
143.5,150.438,150.411,4.5,-70.32748691904169,0.7369812588311355,-0.20838536426828697,5.378483863604506,0.05883213540767507,761.1037350998856,0.0017016499828469763,0.0006542467854936951,5.4166666667,5.485022811617541,0.020411840616767138,5.486977845522516,0.021424239269443285,True,Solve_Succeeded,2,0.027224227000260726,0.030798674997640774,0.03114403899962781,True,5.74827359045571e-08,
143.6,150.538,150.513,4.5,-69.79047295759906,0.625130892958901,-0.2022363891241831,5.379230346990464,0.06197671031128078,761.6522859622337,0.0020484261174296622,0.0006256902761704042,5.4166666667,5.486977845522516,0.021424239269443285,5.488894470076293,0.02249748899248074,True,Solve_Succeeded,2,0.027320262001012452,0.031241395998222288,0.031519037001999095,True,5.728094620849333e-08,
143.7,150.638,150.615,4.5,-69.25268530081019,0.5166555279764542,-0.1957631578132036,5.380056982327252,0.06513500789917885,762.2009199316832,0.0023769241800402257,0.0005891260713199176,5.4166666667,5.488894470076293,0.02249748899248074,5.490705062875996,0.02358911322268968,True,Solve_Succeeded,2,0.026529167997068726,0.030382639000890777,0.030892560003849212,True,5.724752227820318e-08,
143.8,150.738,150.717,4.5,-68.71410322020527,0.4117354571022769,-0.1889571271374972,5.3809541073547,0.06844706422656009,762.7496447867468,0.0026842961832272,0.000551990045148304,5.4166666667,5.490705062875996,0.02358911322268968,5.4923422385949205,0.024643037308607577,True,Solve_Succeeded,2,0.028104121003707405,0.03200629299681168,0.0324756879999768,True,5.7420534105290244e-08,
143.9,150.838,150.819,4.5,-68.1747091946789,0.31055840734372797,-0.1818060576707677,5.381912574869034,0.07185687914554491,763.2984673523274,0.0029737088607115977,0.0005255125669711147,5.4166666667,5.4923422385949205,0.024643037308607577,5.493713674175624,0.025621777491710754,True,Solve_Succeeded,2,0.027569819998461753,0.031024105002870783,0.031430806004209444,True,7.041478244929067e-08,
144.0,150.938,150.921,4.5,-67.63448940457026,0.21331825573003788,-0.17430400027542997,5.3829251731318,0.07523486460077783,763.8473936561066,0.0032531152097759176,0.0005147692062592024,5.4166666667,5.493713674175624,0.025621777491710754,5.494798227079759,0.026478634555133274,True,Solve_Succeeded,2,0.027525940000487026,0.031663679001212586,0.032027520006522536,True,7.130142964939523e-08,
144.1,151.038,151.023,4.5,-67.09343585204745,0.12020859361203431,-0.1664628415957799,5.383971640484794,0.0784196287332458,764.3964283093977,0.0035287050790758024,0.0005071854160036415,5.4166666667,5.494798227079759,0.026478634555133274,5.495552669252841,0.027183922152139155,True,Solve_Succeeded,2,0.0275469299958786,0.032796606996271294,0.033119576997705735,True,7.261468049080122e-08,
144.2,151.138,151.125,4.5,-66.55154840795244,0.03141239801366734,-0.15831345152361312,5.385039162877092,0.08123445018676122,764.9455742770041,0.003794592955831729,0.00047143774348931683,5.4166666667,5.495552669252841,0.027183922152139155,5.495948826436715,0.027727539888814597,True,Solve_Succeeded,2,0.027845347998663783,0.03161631100374507,0.031894782005110756,True,7.42455226188099e-08,
144.3,151.238,151.227,4.5,-66.00883554372678,-0.052908805220983235,-0.1499067316659129,5.386132830041294,0.08349475807210492,765.494833482882,0.0040222512813433715,0.000356443711200638,5.4166666667,5.495948826436715,0.027727539888814597,5.4959701089818065,0.02813130162915245,True,Solve_Succeeded,2,0.02943500899709761,0.03450014400004875,0.035015960995224304,True,7.604485574574937e-08,
144.4,151.338,151.329,4.5,-65.4653132303863,-0.13262534412286991,-0.1413046407884107,5.387261753737069,0.08502960200486913,766.044208539758,0.004150630395005228,0.00010035593209906102,5.4166666667,5.4959701089818065,0.02813130162915245,5.4956103784282515,0.02844411705583399,True,Solve_Succeeded,2,0.028575845004525036,0.03294800699950429,0.03341085199645022,True,7.785926214864958e-08,
144.5,151.438,151.431,4.5,-64.92100811637899,-0.20763750790201735,-0.13256011565489045,5.388357668135201,0.08605229871875164,766.5936979485302,0.004087820414558753,-0.0003492325429182986,5.4166666667,5.4956103784282515,0.02844411705583399,5.494885014739853,0.028612704853638007,True,Solve_Succeeded,2,0.026989687998138834,0.03045115099666873,0.030868866000673734,True,7.944793978253983e-08,
144.6,151.538,151.533,4.5,-64.37595724881717,-0.27787112520882046,-0.12371210515542937,5.389385830159769,0.0867927895926627,767.1432936024928,0.0037557225294489183,-0.0008068047353602809,5.4166666667,5.494885014739853,0.028612704853638007,5.493820502701632,0.02860251080816983,True,Solve_Succeeded,2,0.026527283000177704,0.031204849998175632,0.03161024599830853,True,8.062795142649293e-08,
144.7,151.638,151.635,4.5,-63.830204566705106,-0.34326952561518864,-0.1147922081503155,5.39032451339626,0.08718531338028945,767.6929844149888,0.003231849536436217,-0.001054646497820791,5.4166666667,5.493820502701632,0.02860251080816983,5.49248162396952,0.028442154104421684,True,Solve_Succeeded,2,0.02769786300632404,0.03166771300311666,0.03215408400137676,True,6.537116981064628e-08,
144.8,151.738,151.737,4.5,-63.28379972617148,-0.40379713372250886,-0.10584656289574672,5.391156119021698,0.08707928440237216,768.2427594277408,0.0026197527972347283,-0.0011387331119456084,5.4166666667,5.49248162396952,0.028442154104421684,5.490888636809399,0.028183837519682033,True,Solve_Succeeded,2,0.028589754001586698,0.033032912004273385,0.033380511005816516,True,6.524150464315426e-08,
144.9,151.838,151.805,4.5,-62.91919449580555,-0.4414379093659718,-0.09989380214838368,5.391637162404148,0.0866468758024425,768.6093170923734,0.0022013216420933937,-0.0011291844838267754,5.4166666667,5.490888636809399,0.028183837519682033,5.489200486505067,0.027829434906703605,True,Solve_Succeeded,2,0.02467060799972387,0.028114824002841488,0.02840791499329498,True,6.493865623014017e-08,
145.0,151.938,151.907,4.5,-62.371827019908416,-0.4938455489823065,-0.09101791474847004,5.392256418948918,0.08578094909956863,769.1592058727678,0.0015959717299346182,-0.0010533705719886766,5.4166666667,5.489200486505067,0.027829434906703605,5.4873314632624774,0.02744518413227105,True,Solve_Succeeded,2,0.023703186001512222,0.027760888006014284,0.028009770998323802,True,6.422279241746764e-08,
145.1,152.038,152.009,4.5,-61.82396214025295,-0.5414221813055747,-0.08223707867063698,5.392737672975489,0.08461035325481629,769.709145533159,0.0010454593686938904,-0.0009352005073128555,5.4166666667,5.4873314632624774,0.02744518413227105,5.48534887966042,0.02704289529828197,True,Solve_Succeeded,2,0.023988160995941143,0.027884810995601583,0.02835944399703294,True,6.324430490423083e-08,
145.2,152.138,152.111,4.5,-61.27566138252377,-0.5842221967505938,-0.0735781595761316,5.393073783818568,0.08329397375078643,770.2591225415716,0.0005648898015091077,-0.0008019606345948532,5.4166666667,5.48534887966042,0.02704289529828197,5.483312345707465,0.026631056569125053,True,Solve_Succeeded,2,0.025678351004899014,0.02873182100302074,0.028969252001843415,True,6.205249469815044e-08,
145.3,152.238,152.213,4.5,-60.72698626558768,-0.6223107273222312,-0.06505126402214989,5.3932600904656045,0.08194717996063566,770.8091226010202,0.00015916583999011857,-0.0006642698733685393,5.4166666667,5.483312345707465,0.026631056569125053,5.481272738285889,0.026204444374176263,True,Solve_Succeeded,2,0.02513762700255029,0.028404472999682184,0.028664708996075206,True,5.0662939621304304e-08,
145.4,152.338,152.315,4.5,-60.17799683277142,-0.6557573850747355,-0.05666136497659298,5.39329922039048,0.08057344506277185,771.3591313521539,-0.0001707352236983481,-0.000527708407889585,5.4166666667,5.481272738285889,0.026204444374176263,5.479254130866273,0.02577390031272494,True,Solve_Succeeded,2,0.025191435001033824,0.03003485200315481,0.030535988000337966,True,4.885362514528424e-08,
145.5,152.438,152.417,4.5,-59.62875111918246,-0.6846344681795139,-0.048409892427022906,5.393196453397047,0.07919687427094092,771.9091346840288,-0.0004260346273940829,-0.00039440490665846456,5.4166666667,5.479254130866273,0.02577390031272494,5.477278166495055,0.025323331303546463,True,Solve_Succeeded,2,0.02404158400167944,0.027944168003159575,0.028402828000253066,True,4.666628061755773e-08,
145.6,152.538,152.519,4.5,-59.07930443158304,-0.7090160545536099,-0.04029869723714775,5.392961428151691,0.0778248680616818,772.4591193604746,-0.0006093181923334139,-0.0002670013280099484,5.4166666667,5.477278166495055,0.025323331303546463,5.475356512455135,0.02483908312264436,True,Solve_Succeeded,2,0.02502901400293922,0.028822822001529858,0.029191292996983975,True,4.414898668869682e-08,
145.7,152.638,152.621,4.5,-58.529709413589856,-0.7289778200792634,-0.032330011004593415,5.3926032656988765,0.07641763599604841,773.0090729313107,-0.000724477461878975,-0.0001486029606814071,5.4166666667,5.475356512455135,0.02483908312264436,5.473494764289262,0.024310197942144143,True,Solve_Succeeded,2,0.024216894002165645,0.02719918500224594,0.02783716400153935,True,4.1425217034429807e-08,
145.8,152.738,152.723,4.5,-57.980015918743234,-0.7445985336243957,-0.02451059468811227,5.3921324785653235,0.07492691952590712,773.5589838851184,-0.000778312179045882,-4.692101731011353e-05,5.4166666667,5.473494764289262,0.024310197942144143,5.471694169279157,0.023722865365233464,True,Solve_Succeeded,2,0.023967189001268707,0.028092353997635655,0.028563642998051364,True,3.8668289903398545e-08,
145.9,152.838,152.825,4.5,-57.430270798809794,-0.7559624518184151,-0.01685095421369563,5.391561475128759,0.07332127987746315,774.1088418342946,-0.0007830316327424037,2.6517268574517e-05,5.4166666667,5.471694169279157,0.023722865365233464,5.469951230050909,0.023061000281128834,True,Solve_Succeeded,2,0.02409714700479526,0.027474820002680644,0.027881080997758545,True,3.5983124035965375e-08,
146.0,152.938,152.927,4.5,-56.88051789598935,-0.7631617237498678,-0.009368022999663463,5.390900335320646,0.07153280625480299,774.658637391794,-0.0007587708390970373,5.369570953059691e-05,5.4166666667,5.469951230050909,0.023061000281128834,5.468254906713163,0.022348964160792743,True,Solve_Succeeded,2,0.02434032799646957,0.028206139999383595,0.02856149899889715,True,3.328858433349069e-08,
146.1,153.038,153.029,4.5,-56.33079808045791,-0.7662999450229754,-0.0020849823841699116,5.390158201687554,0.06950513831570719,775.2083619066228,-0.0007372471793286728,1.0299695513435545e-05,5.4166666667,5.468254906713163,0.022348964160792743,5.466591069628945,0.02161878090265476,True,Solve_Succeeded,2,0.02474794600129826,0.028089188002923038,0.028401816998666618,True,3.355396316351289e-08,
146.2,153.138,153.131,4.5,-55.78114895331325,-0.7654941800482167,0.004976573417468913,5.389343923737888,0.06731131558583171,775.7580074011561,-0.0007638738700034622,-0.00012644110267714077,5.4166666667,5.466591069628945,0.02161878090265476,5.464957770912257,0.020864799340819674,True,Solve_Succeeded,2,0.02609499199752463,0.029317301996343303,0.029582488001324236,True,3.404139992113642e-08,
146.3,153.238,153.233,4.5,-55.23160480563239,-0.7608718974934225,0.011802455938086704,5.388462488894206,0.06504187780016306,776.3075663148206,-0.0008862739360900018,-0.00030886074989711597,5.4166666667,5.464957770912257,0.020864799340819674,5.463362302330782,0.020062971064555225,True,Solve_Succeeded,2,0.026990739999746438,0.030354312002600636,0.03060415700019803,True,5.0477135360438297e-08,
146.4,153.338,153.335,4.5,-54.68219677163247,-0.7525658483815555,0.018386961989446077,5.387519925910385,0.06272796392847223,776.8570315666782,-0.001080095236921362,-0.0003814735693253128,5.4166666667,5.463362302330782,0.020062971064555225,5.461857626805854,0.01916298191756111,True,Solve_Succeeded,2,0.025804949000303168,0.029564492004283238,0.02979268399940338,True,6.164688759469072e-08,
146.5,153.438,153.437,4.5,-54.13295245324449,-0.740713384954608,0.02471751430390306,5.386522813841877,0.06027691960647073,777.4063971845129,-0.0012836520215028491,-0.0003476056548382192,5.4166666667,5.461857626805854,0.01916298191756111,5.460539160493796,0.01811109710640892,True,Solve_Succeeded,2,0.02385171000059927,0.027081471002020407,0.027478377996885683,True,5.676797432130343e-08,
146.6,153.538,153.505,4.5,-53.766892673739704,-0.7309123522091716,0.028795677945436582,5.385833416308655,0.05816516768866991,777.772583016735,-0.0013968064326607711,-0.0002665298861705967,5.4166666667,5.460539160493796,0.01811109710640892,5.459397846185308,0.016650532944102597,True,Solve_Succeeded,2,0.023947440000483766,0.02689964099408826,0.027206920000026003,True,4.1880836576524416e-08,
146.7,153.638,153.607,4.5,-53.21797183974029,-0.7134808147465614,0.034649744751896874,5.3847807217172186,0.05504424655084962,778.3217730325864,-0.0015033493111539942,-0.00010658638048931246,5.4166666667,5.459397846185308,0.016650532944102597,5.458744737104894,0.015051355426814463,True,Solve_Succeeded,2,0.024450987999443896,0.027616039995336905,0.027880584995727986,True,2.9378629307075244e-08,
146.8,153.738,153.709,4.5,-52.669266907915436,-0.6929334127129569,0.04014358871676023,5.383721840911168,0.0509216007760873,778.8708551474874,-0.0015158842210990576,5.5260313921182136e-05,5.4166666667,5.458744737104894,0.015051355426814463,5.458729401919951,0.013077158805983273,True,Solve_Succeeded,2,0.029007075005210936,0.03227661899290979,0.0328005330011365,True,2.3524060921431555e-08,
146.9,153.838,153.811,4.5,-52.12078522504793,-0.6695003910827232,0.04516993351740964,5.382682117669906,0.046066090886943675,779.4198303244948,-0.001464193483114475,0.00011184775928987922,5.4166666667,5.458729401919951,0.013077158805983273,5.4594494750633835,0.010581248226230355,True,Solve_Succeeded,2,0.026467313997272868,0.02950840099947527,0.02993430999777047,True,2.2371634322837508e-08,
147.0,153.938,153.913,4.5,-51.5725246441452,-0.6434610547419543,0.04963827811602954,5.381706665170851,0.04022321045452723,779.9687027376508,-0.0014275329530301203,-2.743796255584574e-05,5.4166666667,5.4594494750633835,0.010581248226230355,5.460932434877141,0.0075243236672504505,True,Solve_Succeeded,2,0.02882845299609471,0.03377654000360053,0.03429578799841693,True,2.451326874819415e-08,
147.1,154.038,154.015,4.5,-51.024470924092476,-0.6151542189822206,0.05341778572966326,5.380827266115039,0.03312537983368056,780.5174810806981,-0.0015454160620200726,-0.0004937408565418646,5.4166666667,5.460932434877141,0.0075243236672504505,5.4631691367615725,0.00391360979530969,True,Solve_Succeeded,2,0.02791302299738163,0.03176045400323346,0.032293862001097295,True,2.7577770289610726e-08,
147.2,154.138,154.117,4.5,-50.47659726493641,-0.5850085684561573,0.05632276295856047,5.380098652751518,0.02352082454854013,781.0661766167932,-0.0020481359320799098,-0.0014716676069715454,5.4166666667,5.4631691367615725,0.00391360979530969,5.465977025096013,0.0002240238360664613,True,Solve_Succeeded,2,0.026981768998666666,0.03006134700262919,0.030316692995256744,True,4.237418149699579e-08,
147.3,154.238,154.219,4.5,-49.92886289083417,-0.5535619674143397,0.05813651223157049,5.3795361480897546,0.011821618034847272,781.6148046622593,-0.0031536909124963855,-0.0025454445589014538,5.4166666667,5.465977025096013,0.0002240238360664613,5.469260335728406,-0.003495104805059223,True,Solve_Succeeded,2,0.02563664699846413,0.02875121100078104,0.029297913999471348,True,4.5502773104999505e-08,
147.4,154.338,154.321,4.5,-49.3812126835406,-0.5214731287472204,0.058647063520754064,5.379167529660062,-0.0007442946876621523,782.1633865383492,-0.004782378253879408,-0.003410443865124832,5.4166666667,5.469260335728406,-0.003495104805059223,5.472860775525671,-0.007148076495915431,True,Solve_Succeeded,2,0.024100773000100162,0.027018827000574674,0.027363519002392422,True,4.783268625629944e-08,
147.5,154.438,154.423,4.5,-48.83360568775107,-0.489368679879927,0.05837055437373929,5.3786017420480965,-0.004345880958132393,782.7119313706472,-0.006733121510946418,-0.003552257242744543,5.4166666667,5.472860775525671,-0.007148076495915431,5.477692056867588,-0.013935509152768087,True,Solve_Succeeded,2,0.02452203899883898,0.02783365800132742,0.028134123000199907,True,4.559184851871123e-08,
147.6,154.538,154.525,4.5,-48.286054814140144,-0.4574859727929479,0.05796118337118788,5.377960574403353,-0.0030695316099895766,783.2604198436003,-0.0084137701586342,-0.002317037483999425,5.4166666667,5.477692056867588,-0.013935509152768087,5.483666503065667,-0.022704339590333848,True,Solve_Succeeded,2,0.02611716499814065,0.02945082099904539,0.029998486999829765,True,4.495804262205638e-08,
147.7,154.638,154.627,4.5,-47.73853268564963,-0.4260720569036146,0.05604510316513054,5.3775830450487385,-0.030797218616830466,783.808869977429,-0.009244406293104475,-0.00107754388506167,5.4166666667,5.483666503065667,-0.022704339590333848,5.488162490958998,-0.023074302324328576,True,Solve_Succeeded,2,0.025444594997679815,0.028902377998747397,0.0293192530007218,True,6.220190318373398e-08,
147.8,154.738,154.729,4.5,-47.19092944094258,-0.39644811700532456,0.05133381610374772,5.377554549748419,-0.06273068006531513,784.3573185533945,-0.009721268137668024,-0.001119593505493774,5.4166666667,5.488162490958998,-0.023074302324328576,5.491747586950275,-0.02195313256388244,True,Solve_Succeeded,2,0.02574899700266542,0.029497469004127197,0.029743876999418717,True,7.130225210261187e-08,
147.9,154.838,154.831,4.5,-46.6431241950106,-0.37014140401334195,0.044404285466553714,5.378240247747493,-0.07254129563522675,784.9058181361787,-0.010544671064616436,-0.0018620686889464638,5.4166666667,5.491747586950275,-0.02195313256388244,5.494387216821082,-0.023092501846065344,True,Solve_Succeeded,2,0.02421251600026153,0.027532084997801576,0.028144988995336462,True,6.930789719916675e-08,
148.0,154.938,154.933,4.5,-46.09504440886196,-0.3478109091287056,0.03707128726234887,5.379456445531753,-0.06987269305171488,785.4544383587919,-0.011541707128295612,-0.001484833038069011,5.4166666667,5.494387216821082,-0.023092501846065344,5.495705573057703,-0.024491367714834785,True,Solve_Succeeded,2,0.025839510002697352,0.028399272996466607,0.02877033899858361,True,1.432450442761862e-07,
148.1,155.038,155.035,4.5,-45.54668874301863,-0.3294396619243159,0.029887708347526853,5.380727686001107,-0.069683704651948,786.0032104079596,-0.011862986358911115,0.0004646456344783445,5.4166666667,5.495705573057703,-0.024491367714834785,5.4958088272687995,-0.024802685302278724,True,Solve_Succeeded,2,0.02578733400150668,0.030308114997751545,0.030625521998445038,True,7.093458709306333e-08,
148.2,155.138,155.137,4.5,-44.99808947967634,-0.3150255276856591,0.022572325031204193,5.381901550489409,-0.0722348558918354,786.5521045394753,-0.011077664096717937,0.0022327853095893517,5.4166666667,5.4958088272687995,-0.024802685302278724,5.495017952957932,-0.02449679696561426,True,Solve_Succeeded,2,0.025992774004407693,0.029090317999362014,0.029545379999035504,True,6.948019670716121e-08,
148.3,155.238,155.205,4.5,-44.632238790238105,-0.3076748860656275,0.0175851335584061,5.382641057212448,-0.07314198557084622,786.9180893466306,-0.01010763769311495,0.0030087860793126774,5.4166666667,5.495017952957932,-0.02449679696561426,5.493661321337752,-0.024049267778983387,True,Solve_Succeeded,2,0.026091930994880386,0.030750662997888867,0.03099214100075187,True,6.744746983144978e-08,
148.4,155.338,155.307,4.5,-44.08331396421301,-0.3000992297956724,0.010020992195738402,5.3836876671014995,-0.0727380453245733,787.4671402728831,-0.008257660405069409,0.0036483650983454557,5.4166666667,5.493661321337752,-0.024049267778983387,5.491505300523068,-0.023002243349033565,True,Solve_Succeeded,2,0.024496525998983998,0.030390432999411132,0.030641159995866474,True,4.9864191886683784e-08,
148.5,155.438,155.409,4.5,-43.53424609668106,-0.2966539782737841,0.002548916429522191,5.384621795131247,-0.07121384118926684,788.0162718402127,-0.006180683282937144,0.0038486124804625707,5.4166666667,5.491505300523068,-0.023002243349033565,5.488686361868788,-0.02162646161450241,True,Solve_Succeeded,2,0.023897531005786732,0.02694533199974103,0.027464074999443255,True,4.64620670825866e-08,
148.6,155.538,155.511,4.5,-42.985079410500866,-0.2972624998778063,-0.00471746377438746,5.385412673303852,-0.0680987640044044,788.565472803789,-0.004090686562256275,0.0037213610958961186,5.4166666667,5.488686361868788,-0.02162646161450241,5.485390122794706,-0.02014193868615476,True,Solve_Succeeded,2,0.030296372002339922,0.03454703700117534,0.034965186001500115,True,4.339459636071297e-08,
148.7,155.638,155.613,4.5,-42.43585919699752,-0.301768508579246,-0.011621575392459409,5.386016614606604,-0.06369593055625715,789.1147295808148,-0.0021235234879267346,0.003421944012070117,5.4166666667,5.485390122794706,-0.02014193868615476,5.481782020564699,-0.01859303513256376,True,Solve_Succeeded,2,0.028598883996892255,0.03249868199782213,0.03281477899872698,True,4.0792102140585484e-08,
148.8,155.738,155.715,4.5,-41.88663083345141,-0.30993974794585555,-0.018049065514182762,5.386385752040944,-0.05862930921873258,789.6640242262656,-0.0003403440829087689,0.003063924958001972,5.4166666667,5.481782020564699,-0.01859303513256376,5.478045859488387,-0.016988756215763862,True,Solve_Succeeded,2,0.028535863006254658,0.03281529899686575,0.03318895999836968,True,3.114210489485458e-08,
148.9,155.838,155.817,4.5,-41.337438388765555,-0.32150019473493757,-0.023955329879309293,5.3864934922464744,-0.05336553529248362,790.2133343330113,0.0012404558028404759,0.00269149993581971,5.4166666667,5.478045859488387,-0.016988756215763862,5.474336187536385,-0.01530169932750918,True,Solve_Succeeded,2,0.025437481999688316,0.02852404500299599,0.02905281299899798,True,2.8441682786706224e-08,
149.0,155.938,155.919,4.5,-40.7883220354684,-0.3361578045689803,-0.02932338865598628,5.38633497761306,-0.048006934520221804,790.7626355510147,0.002615809951089117,0.002321581445264165,5.4166666667,5.474336187536385,-0.01530169932750918,5.4707997642750605,-0.01355276799649098,True,Solve_Succeeded,2,0.025442539998039138,0.02971861400146736,0.030188455995812546,True,2.6192694235760428e-08,
149.1,156.038,156.021,4.5,-40.23931614426428,-0.3536129860318825,-0.034142169159584304,5.385926582758611,-0.042480933316498895,791.3119038162713,0.003789863589906146,0.001965465846773304,5.4166666667,5.4707997642750605,-0.01355276799649098,5.467558201637696,-0.01179028851911995,True,Solve_Succeeded,2,0.024623459998110775,0.0276727930031484,0.028279245001613162,True,2.4608543647275383e-08,
149.2,156.138,156.123,4.5,-39.690448144902994,-0.3735550717454491,-0.03838103977874603,5.385285666996115,-0.03667964982103705,791.8611166562546,0.004777839010734502,0.0016542376494593086,5.4166666667,5.467558201637696,-0.01179028851911995,5.4647191284532095,-0.0101128730937652,True,Solve_Succeeded,2,0.02334494599926984,0.026871524001762737,0.02713308300008066,True,2.3717847241755408e-08,
149.3,156.238,156.225,4.5,-39.141738795196915,-0.39565733602231723,-0.04201794117400786,5.384434339874187,-0.030722088185175637,792.4102530105973,0.005611268553912048,0.0014105679637228044,5.4166666667,5.4647191284532095,-0.0101128730937652,5.462368937069153,-0.008577522517820197,True,Solve_Succeeded,2,0.023538037996331695,0.026821034000022337,0.02728410299459938,True,1.567901808385841e-08,
149.4,156.338,156.327,4.5,-38.593202194576726,-0.41958428218506566,-0.045046919904053406,5.383397117742665,-0.024797742216845713,792.9592938770593,0.006330923888741789,0.0012411230767047643,5.4166666667,5.462368937069153,-0.008577522517820197,5.460562209417161,-0.007246267600608301,True,Solve_Succeeded,2,0.024196163001761306,0.02745397999387933,0.027952988995821215,True,1.5835794897611777e-08,
149.5,156.438,156.429,4.5,-38.04484630136424,-0.44500263251592553,-0.04748539536420782,5.382207734940667,-0.01914760549866636,793.5082228649637,0.006975981944126569,0.0011292432242353476,5.4166666667,5.460562209417161,-0.007246267600608301,5.459330235027964,-0.006149124615304002,True,Solve_Succeeded,2,0.025016373001562897,0.02804894799919566,0.02830625799833797,True,1.6171288308441945e-08,
149.6,156.538,156.531,4.5,-37.496673804634774,-0.4715897758898572,-0.04935245327617244,5.38088525396256,-0.014212445906880698,794.0570264562908,0.007575666691232904,0.001056598363418093,5.4166666667,5.459330235027964,-0.006149124615304002,5.458675380965903,-0.005255603549982369,True,Solve_Succeeded,2,0.023849174998758826,0.026932214997941628,0.02775925400055712,True,1.6566919391891588e-08,
149.7,156.638,156.633,4.5,-36.94868445003221,-0.49904070191585864,-0.05067022609209874,5.379445239132909,-0.009397413952504208,794.6056927855735,0.008142278569894882,0.0010017603281301177,5.4166666667,5.458675380965903,-0.005255603549982369,5.4586272617368845,-0.004836943992955672,True,Solve_Succeeded,2,0.02514950199838495,0.029515152004023548,0.02987512300023809,True,1.7571348820411004e-08,
149.8,156.738,156.735,4.5,-36.40087638534895,-0.5270755687928543,-0.05152396507455415,5.377924641489551,-0.005870225467917205,795.1542113796105,0.008663590825139865,0.0008800986081144366,5.4166666667,5.4586272617368845,-0.004836943992955672,5.459104671751448,-0.004505435674209223,True,Solve_Succeeded,2,0.024741592998907436,0.02843090000533266,0.02877052899566479,True,1.788110726153036e-08,
149.9,156.838,156.837,4.5,-35.853249042744636,-0.5554724075941531,-0.05206104781055533,5.376284626564813,-0.004523094949603331,795.7025723139897,0.009071623249237328,0.0005715226922829858,5.4166666667,5.459104671751448,-0.004505435674209223,5.460044294035165,-0.004021137461623022,True,Solve_Succeeded,2,0.024413302999164443,0.027455513998575043,0.027725117004592903,True,1.8416326241776915e-08,
150.0,156.938,156.905,4.5,-35.48826485825689,-0.5745451179609447,-0.05234941557941106,5.375234127206216,-0.003929358685451556,796.0680538819862,0.0092382625818878,0.0003457743096022814,5.4166666667,5.460044294035165,-0.004021137461623022,5.46111532387461,-0.0035819749840500107,True,Solve_Succeeded,2,0.024399786998401396,0.026935567002510652,0.027314764003676828,True,1.907955748947643e-08,
150.1,157.038,157.007,4.5,-34.9409235641292,-0.6033281284423395,-0.05271634662497025,5.373849356844677,-0.0032455579280716647,796.6161507520034,0.009345699988189326,5.383370222135364e-05,5.4166666667,5.46111532387461,-0.0035819749840500107,5.462453092294193,-0.0031968723719426875,True,Solve_Succeeded,2,0.024773393997747917,0.02861999600281706,0.028973600994504523,True,1.9865106004601785e-08,
150.2,157.138,157.109,4.5,-34.39372007381697,-0.632288267628937,-0.05302449258921264,5.37271826293573,-0.0027685000757927966,797.1641195590095,0.009303860578210347,-0.00020203433948122462,5.4166666667,5.462453092294193,-0.0031968723719426875,5.4638770232695055,-0.0027339920016094185,True,Solve_Succeeded,2,0.025843111994618084,0.028714973996102344,0.029145981003239285,True,2.038255431102698e-08,
150.3,157.238,157.211,4.5,-33.84662705018135,-0.6613992828050828,-0.053289657213266964,5.371844873378685,-0.0024228039827929307,797.7119862378252,0.009127948474694796,-0.0004376213475289076,5.4166666667,5.4638770232695055,-0.0027339920016094185,5.465255965025919,-0.0022415514622017995,True,Solve_Succeeded,2,0.023476293004932813,0.02733111099951202,0.027718199999071658,True,3.065039333449704e-08,
150.4,157.338,157.313,4.5,-33.29961724108664,-0.6906420947286495,-0.05352264218949821,5.371225344608289,-0.0021570045339477945,798.2597769951359,0.008826015654315756,-0.0006637206145457888,5.4166666667,5.465255965025919,-0.0022415514622017995,5.466503675211904,-0.0016963836747172,True,Solve_Succeeded,2,0.024248494002677035,0.027915172999200877,0.028415294000296853,True,3.1090804597511124e-08,
150.5,157.438,157.415,4.5,-32.7526639942842,-0.720002467515398,-0.05373027388351542,5.370860768206365,-0.0019456580293169467,798.807517676012,0.008401255974334283,-0.0008871539420846619,5.4166666667,5.466503675211904,-0.0016963836747172,5.467544927733876,-0.001095419644853842,True,Solve_Succeeded,2,0.02453227400110336,0.027934001001995057,0.028264109998417553,True,3.130895454006577e-08,
150.6,157.538,157.517,4.5,-32.20574033770647,-0.7494691925096683,-0.05391663768867332,5.370759639846877,-0.001774320706556212,799.3552345882304,0.007853861700195674,-0.001112005996161618,5.4166666667,5.467544927733876,-0.001095419644853842,5.468316957038544,-0.0004344149375108079,True,Solve_Succeeded,2,0.0249513989983825,0.027739766002923716,0.02798278800037224,True,3.1285721568963254e-08,
150.7,157.638,157.619,4.5,-31.658817526243244,-0.7790314728689784,-0.0540741432782001,5.370956587242896,-0.0018271168741152582,799.9029558162257,0.007183706153245729,-0.0013306898296489636,5.4166666667,5.468316957038544,-0.0004344149375108079,5.4687483922210856,0.0003387546916672987,True,Solve_Succeeded,2,0.024970578000647947,0.027876797001226805,0.02839039499667706,True,3.0997084898842786e-08,
150.8,157.738,157.721,4.5,-31.11186987039181,-0.8086705560977745,-0.05417739294765417,5.371318223245165,-0.0005662081488699052,800.4507059594474,0.006398438966399436,-0.0015178146780719382,5.4166666667,5.4687483922210856,0.0003387546916672987,5.4689119775271235,0.0007180585988315532,True,Solve_Succeeded,2,0.025366542999108788,0.02872396699967794,0.029066003997286316,True,3.060326037029881e-08,
150.9,157.838,157.823,4.5,-30.564885678914493,-0.8383225136701737,-0.054154967891175285,5.371680369087133,-0.0009289444671320748,800.9984932545874,0.005550076010684145,-0.0016019687410238487,5.4166666667,5.4689119775271235,0.0007180585988315532,5.468784312888866,0.001593978314416097,True,Solve_Succeeded,2,0.024851260997820646,0.02829564699641196,0.02910081800655462,True,3.0457203870071226e-08,
151.0,157.938,157.925,4.5,-30.01786394809383,-0.8679711009617156,-0.054139375093083475,5.372036889204666,-0.0006172286995103932,801.5463177788429,0.004642445763796097,-0.001715664787880711,5.4166666667,5.468784312888866,0.001593978314416097,5.467884756905292,0.002122219211654053,True,Solve_Succeeded,1,0.015795332998095546,0.01968684599705739,0.020063078998646233,True,8.601160477184067e-07,
151.1,158.038,158.027,4.5,-29.47080654809295,-0.8976131574243453,-0.05412215180676348,5.372362813240372,-0.00041667927631583397,802.0941774211954,0.003666154719368818,-0.0018504447234949234,5.4166666667,5.467884756905292,0.002122219211654053,5.46761340075778,0.0028492392399972954,True,Solve_Succeeded,2,0.025114983996900264,0.02806053099629935,0.02832260099967243,True,2.8837031429418403e-08,
151.2,158.138,158.129,4.5,-28.92371736819133,-0.9272418009632182,-0.05405999346477123,5.372636166669187,0.0013816165887124696,802.64206785105,0.0026154168748769974,-0.0019630070305296857,5.4166666667,5.46761340075778,0.0028492392399972954,5.466672667089804,0.003056779976367758,True,Solve_Succeeded,1,0.01637687000038568,0.019737831004022155,0.02004335699894,True,7.749426016445682e-07,
151.3,158.238,158.231,4.5,-28.376594118843116,-0.9568095807177777,-0.05389500679301319,5.372966930670981,0.002259141804428397,803.1899887959241,0.0015252795433943218,-0.0019954618116814343,5.4166666667,5.466672667089804,0.003056779976367758,5.466375021809582,0.0035688746917261877,True,Solve_Succeeded,2,0.02792059399507707,0.032024822998209856,0.03237373500451213,True,2.837777746123038e-08,
151.4,158.338,158.333,4.5,-27.829434858026875,-0.9862354209616929,-0.05349841156416393,5.373122452962854,0.0055494199935659195,803.737937926988,0.00046434836754690633,-0.001819030795964259,5.4166666667,5.466375021809582,0.0035688746917261877,5.466195811329363,0.0029845882495361424,True,Solve_Succeeded,2,0.02547959100047592,0.028019534998747986,0.02823853000154486,True,2.8530081408462138e-08,
151.5,158.438,158.435,4.5,-27.28225399718805,-1.0153518327393587,-0.05277475325151268,5.373126529897718,0.008190208295936915,804.2858922098098,-0.0004133142262684082,-0.0013382509085212158,5.4166666667,5.466195811329363,0.0029845882495361424,5.46610350789446,0.002348802993216355,True,Solve_Succeeded,2,0.025365470995893702,0.028878552999231033,0.029228551000414882,True,2.834543089136332e-08,
151.6,158.538,158.537,4.5,-26.735044710703974,-1.0440323894875336,-0.051972029586925525,5.373228382185327,0.007459371836394975,804.8338520958279,-0.0009935467672794538,-0.0008011188672117225,5.4166666667,5.46610350789446,0.002348802993216355,5.465976043512329,0.0022208303287758143,True,Solve_Succeeded,2,0.02515542900073342,0.02803471000515856,0.028373281005769968,True,2.8709454369391096e-08,
151.7,158.638,158.605,4.5,-26.37022067584376,-1.062922947786431,-0.05151577291135943,5.373284190395148,0.005962462804910381,805.199164589407,-0.0012334852961684828,-0.00053454238212889,5.4166666667,5.465976043512329,0.0022208303287758143,5.465881035486782,0.0021096944016657385,True,Solve_Succeeded,2,0.025770633001229726,0.029903223003202584,0.030241123000450898,True,2.8314850908373046e-08,
151.8,158.738,158.707,4.5,-25.822965663477127,-1.0909860466597638,-0.05097863302643143,5.373326973731265,0.0046084541332823475,805.747138212914,-0.0014545762643928496,-0.0003008480341053152,5.4166666667,5.465881035486782,0.0021096944016657385,5.4657685046973254,0.002213931925023184,True,Solve_Succeeded,2,0.026729633995273616,0.029850268001609948,0.030317945005663205,True,2.842371493727569e-08,
151.9,158.838,158.809,4.5,-25.275692956320338,-1.1187886452398312,-0.050551497618344425,5.373373855163377,0.0038652198542007883,806.2951161701924,-0.0015871075974037132,-0.0001998652059215164,5.4166666667,5.4657685046973254,0.002213931925023184,5.465640018396199,0.0023467827146882356,True,Solve_Succeeded,2,0.025952643998607527,0.029009792997385375,0.029394661003607325,True,2.822657307888221e-08,
152.0,158.938,158.911,4.5,-24.728404816165153,-1.1463698920336067,-0.050147841826231464,5.37340362956338,0.004234896448830682,806.8430982886225,-0.0016827369695309607,-0.00014506562828677655,5.4166666667,5.465640018396199,0.0023467827146882356,5.4649099905701615,0.0022789136173200705,True,Solve_Succeeded,1,0.0161386730032973,0.020412778998434078,0.020681682995927986,True,6.481402401448122e-07,
152.1,159.038,159.013,4.5,-24.181103147287345,-1.1737136264853374,-0.04967423212761141,5.373408767629808,0.005100059240724456,807.3910819566245,-0.0017378613767352483,-4.3010088001844964e-05,5.4166666667,5.4649099905701615,0.0022789136173200705,5.464349058743472,0.0020811693168373575,True,Solve_Succeeded,1,0.01594851700065192,0.020009195002785418,0.020483655003772583,True,6.139450956510473e-07,
152.2,159.138,159.115,4.5,-23.63378823592542,-1.2007753934987142,-0.04912712277490086,5.373382403921278,0.005538175311426284,807.9390648102769,-0.0017205317940518082,0.00010985366038870903,5.4166666667,5.464349058743472,0.0020811693168373575,5.464033140701266,0.0019108667943956463,True,Solve_Succeeded,1,0.016441579995444044,0.020119066997722257,0.020630505998269655,True,5.912207567959626e-07,
152.3,159.238,159.217,4.5,-23.086462886630038,-1.227530664922105,-0.048567694915812365,5.373319700707242,0.0053339940199299335,808.4870430158593,-0.0016188186672391111,0.00025235307387239114,5.4166666667,5.464033140701266,0.0019108667943956463,5.46380887974706,0.001838007656760636,True,Solve_Succeeded,1,0.016447506997792516,0.019861412998579908,0.020179232000373304,True,5.762704562428667e-07,
152.4,159.338,159.319,4.5,-22.53913084172206,-1.253989196352199,-0.048049294910602405,5.373235027892454,0.00481706809204412,809.0350135069726,-0.0014550713134759273,0.000331150976052616,5.4166666667,5.46380887974706,0.001838007656760636,5.464172340784685,0.0018629851023222333,True,Solve_Succeeded,2,0.025010557001223788,0.029174925002735108,0.0296380079962546,True,1.9041206833492197e-08,
152.5,159.438,159.421,4.5,-21.991795077058303,-1.2801777526278395,-0.047578867907759524,5.373139329148764,0.004462479056274478,809.5829747836709,-0.0012685821228338437,0.00033931114149380465,5.4166666667,5.464172340784685,0.0018629851023222333,5.464478847531532,0.0019153317072795467,True,Solve_Succeeded,2,0.025913871999364346,0.02955714500421891,0.030145650998747442,True,1.934404192382999e-08,
152.6,159.538,159.523,4.5,-21.444456551273245,-1.3061150064302864,-0.047124736086949,5.373060684994261,0.004501252327516,810.1309269262853,-0.0010904568632207534,0.00030851972632185004,5.3957993867144864,5.464478847531532,0.0019153317072795467,5.451990978722425,0.0019024811566425285,True,Solve_Succeeded,2,0.024577162999776192,0.027892676000192296,0.02823475100012729,True,2.6365487570956248e-09,
152.7,159.638,159.625,4.5,-20.897112978439708,-1.33179950068644,-0.046652039004917246,5.373003939668078,0.004784893713388878,810.6788722694473,-0.0009315361651431733,0.0002736439680359401,5.258813050923976,5.451990978722425,0.0019024811566425285,5.358416399225639,0.0016491344130904638,True,Solve_Succeeded,2,0.024603411002317443,0.027912708996154834,0.028283439001825172,True,8.495369385741469e-08,
152.8,159.738,159.727,4.5,-20.349789118868895,-1.3572160570784662,-0.046153742147494306,5.372317386370067,0.004964908634711995,811.2267854886323,-0.0007902077154943522,0.00024175274287301096,5.121834746127718,5.358416399225639,0.0016491344130904638,5.201710341974261,0.0012891723731284146,True,Solve_Succeeded,2,0.02339222899900051,0.026791511998453643,0.027148413995746523,True,1.1225316409735342e-07,
152.9,159.838,159.829,4.5,-19.802745397446582,-1.3823470016483315,-0.045672540086400835,5.366644117116757,0.0044223820859097315,811.7744057483741,-0.0006731041428832822,0.0001704331365853032,4.984929681192284,5.201710341974261,0.0012891723731284146,4.99805243807451,0.001005686840130808,True,Solve_Succeeded,2,0.024237816003733315,0.027457042000605725,0.028076695001800545,True,7.463749884806248e-08,
153.0,159.938,159.931,4.5,-19.256709703210877,-1.4071911011166207,-0.045287816036287905,5.352013766639862,0.0031512340418389673,812.3210059748185,-0.0006238267118924286,-1.8873485890531783e-05,4.848279624581181,4.99805243807451,0.001005686840130808,4.762061312356069,0.000985757806804987,True,Solve_Succeeded,2,0.025994909003202338,0.029700640006922185,0.030189559001883026,True,6.509659262673995e-08,
153.1,160.038,160.033,4.5,-18.712744984147392,-1.4317692762921361,-0.0450438744816354,5.325767682228893,0.001740496549471456,812.8655252729299,-0.0007212944371295725,-0.00036915570644260187,4.712149800053339,4.762061312356069,0.000985757806804987,4.506542532029757,0.0013607107137105444,True,Solve_Succeeded,2,0.028463360999012366,0.031777921998582315,0.032045994004874956,True,8.359725292214626e-08,
153.2,160.138,160.135,4.5,-18.172130828997062,-1.4560970512666171,-0.044906973550711285,5.286301296085708,0.0010837007048998136,813.4066858984564,-0.0010458285132440325,-0.0008449320754557871,4.576859643671696,4.506542532029757,0.0013607107137105444,4.242195107185569,0.002140307091129006,True,Solve_Succeeded,2,0.029725905005761888,0.034251665994815994,0.03463805300270906,True,1.0437715936006953e-07,
153.3,160.238,160.237,4.5,-17.636255698561225,-1.480140953566568,-0.04475006505077546,5.232970044139167,0.002028199273876966,813.9430990123451,-0.0016300302244651732,-0.0013170758266975585,4.4427563651995285,4.242195107185569,0.002140307091129006,3.977539778892508,0.0031851873764379072,True,Solve_Succeeded,2,0.027292927996313665,0.03174602500075707,0.03224431199487299,True,1.749055149602441e-07,
153.4,160.338,160.305,4.5,-17.282330581407212,-1.4959587945639037,-0.04454864522507693,5.188296007468895,0.0039311383444001705,814.2973762512881,-0.002141178793027972,-0.0015429851799499683,4.354187055463768,3.977539778892508,0.0031851873764379072,3.7351021140031286,0.004553639007795626,True,Solve_Succeeded,2,0.027376041005481966,0.03169004800292896,0.03195569499803241,True,1.22710816619076e-07,
153.5,160.438,160.407,4.5,-16.7574596168485,-1.5192332228108862,-0.044017110590442575,5.1122523902437225,0.006954151108461245,814.8227606276346,-0.002998751441668319,-0.0016625423391894087,4.222840961377159,3.7351021140031286,0.004553639007795626,3.4985054816739254,0.005801663408398631,True,Solve_Succeeded,2,0.025270121994253714,0.029137243000150193,0.029445754000335,True,2.4804121245836086e-07,
153.6,160.538,160.509,4.5,-16.2409453838644,-1.5417772579684557,-0.043140275055855555,5.024491237489223,0.010748970851909958,815.3397635964579,-0.0038250971730073697,-0.0014758323867369375,4.093590219171318,3.4985054816739254,0.005801663408398631,3.271985715784217,0.006842013771323972,True,Solve_Succeeded,2,0.02394910300063202,0.02803417600080138,0.028470185003243387,True,2.793692059910313e-07,
153.7,160.638,160.611,4.5,-15.733892026001135,-1.5633620207615502,-0.041864089792687936,4.926385208492739,0.014533449175712658,815.8472721363495,-0.004482761415510529,-0.0010685344514574646,3.9667130841984317,3.271985715784217,0.006842013771323972,3.058352136879767,0.007630570956977193,True,Solve_Succeeded,2,0.024588893000327516,0.02744266400259221,0.027777076997153927,True,2.9222310526932915e-07,
153.8,160.738,160.713,4.5,-15.237290851822014,-1.5837740570301184,-0.040225304496493024,4.81908309833922,0.017684771910528665,816.3442875615497,-0.004877954920012022,-0.00048392691680259475,3.842459227898388,3.058352136879767,0.007630570956977193,2.8596859384124307,0.008163757815046179,True,Solve_Succeeded,2,0.029473985006916337,0.03397787400172092,0.03427343999646837,True,2.756912227397379e-07,
153.9,160.838,160.815,4.5,-14.752012040152232,-1.6028518803893033,-0.038304905572393876,4.703850345748636,0.01994838101852758,816.829935240041,-0.004949688567942711,0.00021204897443703047,3.7210473082755584,2.8596859384124307,0.008163757815046179,2.677228967611656,0.008465413531729462,True,Solve_Succeeded,2,0.02455078200000571,0.02859739799896488,0.028943744000571314,True,2.366315481339143e-07,
154.0,160.938,160.917,4.5,-14.278799206377649,-1.620497123870968,-0.036198312898388055,4.581976087379486,0.021275052725537823,817.303470264074,-0.004678918547400482,0.0009396788564412923,3.6026635522673014,2.677228967611656,0.008465413531729462,2.5115522835957416,0.008585780547033246,True,Solve_Succeeded,2,0.028181082001538016,0.03261219499836443,0.032949293999990914,True,1.8701966997269892e-07,
154.1,161.038,161.019,4.5,-13.818257642588767,-1.6366732313547525,-0.033997764634315836,4.454889579258984,0.021788810933360412,817.7642888471704,-0.004087211332098876,0.0016227333288275358,3.4874589064932024,2.5115522835957416,0.008585780547033246,2.3626467925397967,0.008581713980835931,True,Solve_Succeeded,2,0.024825320004310925,0.027935295998759102,0.028232535005372483,True,1.380778149595585e-07,
154.2,161.138,161.121,4.5,-13.370842165060532,-1.6513959479224136,-0.031779390525828906,4.324175508384839,0.021655336765904188,818.2119397309533,-0.0032277892039458845,0.0022010266971438305,3.3755461855474778,2.3626467925397967,0.008581713980835931,2.2299987178419967,0.008520338704204891,True,Solve_Succeeded,2,0.02526642199518392,0.028773824997188058,0.029032758000539616,True,9.842402670656725e-08,
154.3,161.238,161.223,4.5,-12.936839979224775,-1.6647199286423584,-0.029598821747198294,4.19153338374979,0.02108030495889887,818.6461404626874,-0.00217308356611144,0.002634412345446709,3.26699600261395,2.2299987178419967,0.008520338704204891,2.1126519464858253,0.008463127456684122,True,Solve_Succeeded,2,0.02501679000124568,0.028458010994654614,0.028684329998213798,True,6.95909245784776e-08,
154.4,161.338,161.325,4.5,-12.516377290229839,-1.6767247901602726,-0.027490076459528147,4.0583415760085675,0.020280032812160936,819.0667700196278,-0.0010029990393596697,0.0029035977090591455,3.1618386133788476,2.1126519464858253,0.008463127456684122,2.009415083145843,0.008460220937317454,True,Solve_Succeeded,2,0.02443056899937801,0.02728861299692653,0.027536966001207475,True,4.8839779775988745e-08,
154.5,161.438,161.427,4.5,-12.109450739472447,-1.6875015151182267,-0.02546604163774601,3.925840699114215,0.019445206398528234,819.4738367630956,0.00020554571006390477,0.003009523370461571,3.060071927511899,2.009415083145843,0.008460220937317454,1.918924400069142,0.008546246449241578,True,Solve_Succeeded,2,0.025031437995494343,0.028442540002288297,0.028685401994152926,True,3.407356441442744e-08,
154.6,161.538,161.529,4.5,-11.715942454469166,-1.6971419547734636,-0.023521427517260746,3.794974151924024,0.018726213534889444,819.8674630033385,0.0013865879385953977,0.0029702699219989748,2.9616653674511895,1.918924400069142,0.008546246449241578,1.8397574921647994,0.00873133235525331,True,Solve_Succeeded,2,0.02529135900113033,0.02854066299914848,0.029111172996636014,True,2.423870748557988e-08,
154.7,161.638,161.631,4.5,-11.335646233274792,-1.7057313159092533,-0.021638761551058754,3.666514114269265,0.018215697798553615,820.2478586374785,0.002489918711135673,0.0028150342128931485,2.8665664589161683,1.8397574921647994,0.00873133235525331,1.7704771762508942,0.008998506467317124,True,Solve_Succeeded,2,0.024542880004446488,0.027499331001308747,0.027931737997278105,True,2.453163672200276e-08,
154.8,161.738,161.733,4.5,-10.968288263415538,-1.7133444063907945,-0.019794649174691367,3.5410420639609166,0.017938824030422414,820.6153004344375,0.003482534637898928,0.002577870796757035,2.7747060096764358,1.7704771762508942,0.008998506467317124,1.7096852821387558,0.009305184699143758,True,Solve_Succeeded,2,0.025273974999436177,0.028643076002481394,0.02906980399711756,True,4.639326123268006e-08,
154.9,161.838,161.835,4.5,-10.613543636429368,-1.7200452342995307,-0.017967239263133126,3.4189904326598577,0.01785237881196728,820.9701156415391,0.004347100146958941,0.0022902511815810177,2.6860022079010264,1.7096852821387558,0.009305184699143758,1.656057901577968,0.009588894115471225,True,Solve_Succeeded,2,0.024502690001099836,0.028325603001576383,0.028787403003661893,True,6.903156180015912e-08,
155.0,161.938,161.937,4.5,-10.271045105323857,-1.7258893698398845,-0.01614255526974372,3.300717892523172,0.017854638997307232,821.3126734052325,0.005078048174652254,0.001974744308998255,2.6003627669776677,1.656057901577968,0.009588894115471225,1.6083494671443344,0.009774870728204222,True,Solve_Succeeded,2,0.02394388300308492,0.02715406599600101,0.027765653998358175,True,8.88851259261969e-08,
155.1,162.038,162.005,4.5,-10.049321921767739,-1.7293348617427724,-0.01492633228169865,3.2237867987198583,0.01791804963261008,821.5344305865112,0.005491352644199743,0.0017540028667561453,2.544923471657995,1.6083494671443344,0.009774870728204222,1.565538304079162,0.009816023924459424,True,Solve_Succeeded,2,0.026264343003276736,0.02942612000333611,0.029782787001749966,True,1.5713208423306924e-07,
155.2,162.138,162.107,4.5,-9.726345502870249,-1.733864375414337,-0.01311082936627141,3.1122783939287246,0.017719442888964834,821.857450872548,0.006002134609557089,0.0014038961185254097,2.464168400148793,1.565538304079162,0.009816023924459424,1.5275537968934352,0.009542091950219095,True,Solve_Succeeded,2,0.0261935469970922,0.030114787005004473,0.030580840997572523,True,1.2618486744386814e-07,
155.3,162.238,162.209,4.5,-9.414523908880085,-1.7376752395580415,-0.01132652434893179,3.0049409557555027,0.017259275212903855,822.1693090355205,0.006380881051687734,0.0010158288216301908,2.3862038594056685,1.5275537968934352,0.009542091950219095,1.4928477112765293,0.008902982541403858,True,Solve_Succeeded,2,0.027471389999845996,0.03054208800313063,0.031198073003906757,True,1.2041510766280794e-07,
155.4,162.338,162.311,4.5,-9.113430173371933,-1.7408261887477492,-0.009608967506997695,2.901832439116784,0.01633434667683297,822.4704333531103,0.006620894643031942,0.0005596560766623019,2.310922780008241,1.4928477112765293,0.008902982541403858,1.460044975000045,0.007897849035216113,True,Solve_Succeeded,2,0.025873488004435785,0.029294739004399162,0.029535547000705265,True,1.0189309174180039e-07,
155.5,162.438,162.413,4.5,-8.822634403833952,-1.7433856452326162,-0.0080128993529168,2.802931760468191,0.014833609137326141,822.7612548912746,0.006704620174622869,-1.468220769882192e-05,2.23821739546716,1.460044975000045,0.007897849035216113,1.4285795191896984,0.0065131547436669684,True,Solve_Succeeded,2,0.024690477999683935,0.027970714996627066,0.028202906003571115,True,8.445893850961284e-08,
155.6,162.538,162.515,4.5,-8.541713708844181,-1.7454335421749143,-0.00659914990541497,2.708124422969691,0.012772248774443887,823.0421974752255,0.00660132989902317,-0.0007639503538931841,2.1679817494794236,1.4285795191896984,0.0065131547436669684,1.3980013873709334,0.004762785848448361,True,Solve_Succeeded,2,0.025771526001335587,0.0292985980049707,0.029589013996883295,True,6.643686312202135e-08,
155.7,162.638,162.617,4.5,-8.270260063807706,-1.7470592096096846,-0.005422896416564504,2.6172442147856083,0.010212440522590108,823.3136696464773,0.006269013965403894,-0.0017338361724924974,2.100113706666491,1.3980013873709334,0.004762785848448361,1.367976225464352,0.0026812453005864204,True,Solve_Succeeded,2,0.02557882399560185,0.029056958999717608,0.0292944989996613,True,4.9665927370767804e-08,
155.8,162.738,162.719,4.5,-8.007882303229131,-1.7483578679504006,-0.00453174973620502,2.5301173518119575,0.007239486388794558,823.5760602255214,0.0057015807006726245,-0.0025399363439298547,2.034516061905464,1.367976225464352,0.0026812453005864204,1.338263853896056,0.0003154262317075753,True,Solve_Succeeded,2,0.027183042002434377,0.03177704499830725,0.03207755099720089,True,3.554782046499838e-08,
155.9,162.838,162.821,4.5,-7.7542085522857676,-1.7494272314387194,-0.003963729012931658,2.4465433376018657,0.003954182328248307,823.829740799061,0.004994140624768956,-0.0030019834568154914,1.9710959185205468,1.338263853896056,0.0003154262317075753,1.3087093453164123,-0.002281859589113378,True,Solve_Succeeded,2,0.02473539300262928,0.028602057005628012,0.029019950998190325,True,2.4480439453355984e-08,
156.0,162.938,162.923,4.5,-7.508887937113495,-1.7503640175227881,-0.0037444905188861273,2.3663123130383727,0.00047243945543206533,824.0750640078078,0.004229711613200825,-0.0032073875175431072,1.9097651163338583,1.3087093453164123,-0.002281859589113378,1.2792282137937427,-0.005059154448245903,True,Solve_Succeeded,2,0.027003854003851302,0.030891745998815168,0.031432919000508264,True,1.639005220432921e-08,
156.1,163.038,163.025,4.5,-7.271588283686051,-1.7512609789197084,-0.0038907638533612777,2.2892474902248425,-0.003111212111823347,824.3123636793428,0.0034645530084547573,-0.003229246908687965,1.8504401984501158,1.2792282137937427,-0.005059154448245903,1.2497774609265873,-0.00796344569635022,True,Solve_Succeeded,2,0.03070236500207102,0.034774491999996826,0.03511051800160203,True,1.0589978449715431e-08,
156.2,163.138,163.127,4.5,-7.041997324633117,-1.752204602465961,-0.004406969218210709,2.2151511605864043,-0.00669650289903493,824.5419535227211,0.002734759856914363,-0.0031235002978922113,1.793042737605532,1.2497774609265873,-0.00796344569635022,1.2203572248725203,-0.010949632325269902,True,Solve_Succeeded,2,0.026522760999796446,0.030167500000970904,0.030425732002186123,True,6.689067078013977e-09,
156.3,163.238,163.229,4.5,-6.819823683921054,-1.753272964854263,-0.005288469196686731,2.1438222989845857,-0.01020167965620605,824.7641261792324,0.0020620960313333424,-0.0029326904326529195,1.737499573477692,1.2203572248725203,-0.010949632325269902,1.1910046089203061,-0.013978036887077943,True,Solve_Succeeded,2,0.025228136000805534,0.029416835997835733,0.029724246000114363,True,4.094055761072468e-09,
156.4,163.338,163.331,4.5,-6.604794123975678,-1.7545346425188806,-0.006523387365594541,2.075094494837143,-0.013565074846141565,824.9791560288216,0.0014582481827388977,-0.002688238811089366,1.6837421110803916,1.1910046089203061,-0.013978036887077943,1.1617719093662278,-0.017015997803373067,True,Solve_Succeeded,2,0.024991067999508232,0.028989334998186678,0.02938855600223178,True,9.51386238808865e-09,
156.5,163.438,163.433,4.5,-6.396652294694832,-1.7560481521319162,-0.008094243831778926,2.0088094426239693,-0.016739776150511414,825.1873005286442,0.0009281022254451578,-0.0024124816561482704,1.6317059861247574,1.1617719093662278,-0.017015997803373067,1.1327239899142698,-0.020038606605875715,True,Solve_Succeeded,2,0.025192993998643942,0.028432475999579765,0.028689486003713682,True,1.5302537570427432e-09,
156.6,163.538,163.535,4.5,-6.195156612347719,-1.7578618726148347,-0.009979623096902706,1.9448314920227694,-0.01969552232248228,825.3888023869208,0.00047216682906414063,-0.002120680441659811,1.5813305215556,1.1327239899142698,-0.020038606605875715,1.1039333503400508,-0.023023441817228797,True,Solve_Succeeded,2,0.026275855998392217,0.029590997997729573,0.03010063299734611,True,1.1449110872663808e-08,
156.7,163.638,163.637,4.5,-6.000079691103065,-1.7600143673200224,-0.012155859169920777,1.8830285444017059,-0.022415852465052573,825.5838901709928,8.8272978877783e-05,-0.0018230175988941247,1.5325585755375926,1.1039333503400508,-0.023023441817228797,1.0754775354163324,-0.025944158825514003,True,Solve_Succeeded,2,0.024526818000595085,0.027969814000243787,0.02824121199955698,True,4.919819107428923e-09,
156.8,163.738,163.705,4.5,-5.873488677172464,-1.761652074163947,-0.01375733361216551,1.8427922587930405,-0.024618936944596582,825.7104916461861,-0.00012908112967414972,-0.0016259418046398605,1.5009082067392683,1.0754775354163324,-0.025944158825514003,1.0485294090371986,-0.028937300995446773,True,Solve_Succeeded,2,0.024893611000152305,0.028826332003518473,0.02947919500002172,True,1.2393639469452327e-08,
156.9,163.838,163.807,4.5,-5.688640886768336,-1.7644301997154437,-0.01636346579998,1.7843363456533792,-0.026884225930284278,825.8953609489623,-0.0004015459398817036,-0.001332048933694048,1.454690881045224,1.0485294090371986,-0.028937300995446773,1.0223487762954888,-0.031703647731666534,True,Solve_Succeeded,2,0.024381119997997303,0.028060354001354426,0.028577257005963475,True,7.073378924093564e-09,
157.0,163.938,163.909,4.5,-5.509665275303645,-1.7676069065227227,-0.019195631325938017,1.7278053097873376,-0.028996977094017135,826.0743662817632,-0.00061319927097579,-0.0010458393783556452,1.409939547844999,1.0223487762954888,-0.031703647731666534,0.9966813058905134,-0.03423317600878433,True,Solve_Succeeded,2,0.025472492998233065,0.02855683799862163,0.02879826600110391,True,6.6524019856108174e-09,
157.1,164.038,164.011,4.5,-5.336369547545606,-1.7711920908125929,-0.022235101430879596,1.6731447145907963,-0.03082493524161765,826.247701388867,-0.0007698548349166268,-0.0007739709649806706,1.366605771069061,0.9966813058905134,-0.03423317600878433,0.9711916099109728,-0.036488018807359544,True,Solve_Succeeded,2,0.025009755001519807,0.02812922900193371,0.028436278000299353,True,1.716894368581983e-08,
157.2,164.138,164.113,4.5,-5.168567669607372,-1.7751888502516395,-0.025446522158852913,1.6202881248037053,-0.03227483313318801,826.4155537714356,-0.0008764020329188534,-0.0005045338538349868,1.324642675426901,0.9711916099109728,-0.036488018807359544,0.9459791413463822,-0.03842044151773123,True,Solve_Succeeded,2,0.02573485000175424,0.02902824700140627,0.02927816200099187,True,3.029003445189759e-08,
157.3,164.238,164.215,4.5,-5.006081986903775,-1.7795923673747505,-0.028789104647422823,1.5691400384828698,-0.033325637299026364,826.5781024731257,-0.0009347815425957057,-0.00021843507646971197,1.2840055000043833,0.9459791413463822,-0.03842044151773123,0.9211313555069618,-0.039978373244182686,True,Solve_Succeeded,2,0.029100801002641674,0.03365211800701218,0.033949076001590583,True,7.81664534924638e-09,
157.4,164.338,164.317,4.5,-4.848743750064893,-1.784390379266695,-0.032221201182419695,1.519619512093871,-0.03397489962072275,826.7355174646773,-0.0009436697915850335,0.0001058603689052251,1.2446517521164822,0.9211313555069618,-0.039978373244182686,0.8967233432522556,-0.04110876836015703,True,Solve_Succeeded,2,0.025725163002789486,0.029554544998973142,0.029798199000651948,True,2.2872355937474055e-08,
157.5,164.438,164.419,4.5,-4.69639218566061,-1.7895639603849074,-0.0357003144729892,1.4716487951743258,-0.03421646698208521,826.8879604875757,-0.0008985526857864828,0.0004921983017816683,1.2065409963918796,0.8967233432522556,-0.04110876836015703,0.8728232981682126,-0.04176203558355826,True,Solve_Succeeded,2,0.023865907998697367,0.026920122996671125,0.027183976002561394,True,5.123738173486419e-09,
157.6,164.538,164.521,4.5,-4.548875408435908,-1.7950882377827624,-0.039184379393237885,1.4251380221010033,-0.03404668327274988,827.0355840588592,-0.000791887668886725,0.0009652982004437136,1.1696351035710109,0.8728232981682126,-0.04176203558355826,0.8495015338537975,-0.04189479897904617,True,Solve_Succeeded,2,0.024920506002672482,0.028251791001821402,0.028541004001453985,True,1.2176643153988115e-07,
157.7,164.638,164.623,4.5,-4.406047225504607,-1.800933226213386,-0.04263001644259115,1.3800405096754103,-0.03345994505033128,827.1785345982552,-0.0006133168345592513,0.0015524635630677908,1.1338974687220116,0.8495015338537975,-0.04189479897904617,0.826812986267746,-0.04147754691332295,True,Solve_Succeeded,2,0.025055712001631036,0.02895323300617747,0.029429246998915914,True,6.253422010806518e-08,
157.8,164.738,164.725,4.5,-4.267765728443172,-1.8070644371586575,-0.04599345879113967,1.3363120513097566,-0.032454378220200045,827.3169537569873,-0.00034974280124727903,0.0022825981748979813,1.0992926790389674,0.826812986267746,-0.04147754691332295,0.8048027058361503,-0.04049993057359884,True,Solve_Succeeded,2,0.027446876003523357,0.03137727799912682,0.03169550399616128,True,6.634890819710676e-08,
157.9,164.838,164.827,4.5,-4.13389365496635,-1.8134436027919192,-0.04923198604591799,1.293903381882147,-0.03104704809298144,827.4509780121145,1.4354242401078466e-05,0.003184676574901575,1.0657866152571671,0.8048027058361503,-0.04049993057359884,0.783512974852976,-0.0389711991007844,True,Solve_Succeeded,2,0.025160794997646008,0.030303456995170563,0.03074459100025706,True,3.606931766187148e-08,
158.0,164.938,164.929,4.5,-4.004297776854688,-1.8200295611847042,-0.052305417786186935,1.2527737210866163,-0.029268849912092915,827.5807392184037,0.0004962465101307407,0.004267853944494783,1.0333463136848877,0.783512974852976,-0.0389711991007844,0.762981918112777,-0.036919188400051386,True,Solve_Succeeded,2,0.02775767899584025,0.031058820997714065,0.03150466599618085,True,2.0895607022453078e-08,
158.1,165.038,165.031,4.5,-3.878848391492931,-1.826779258251628,-0.055177757312087655,1.2128864772585186,-0.0271661572439185,827.7063658324146,0.001088411547829442,0.0050915775503007354,1.0019396601821597,0.762981918112777,-0.036919188400051386,0.7432439054130457,-0.03438505815215742,True,Solve_Succeeded,2,0.025205459001881536,0.0278557279962115,0.028108759004680905,True,5.741580489461483e-08,
158.2,165.138,165.133,4.5,-3.7574195100679355,-1.8336487889430504,-0.05781854156311355,1.1742029821746793,-0.024796588073957734,827.8279828716276,0.0017369274821318042,0.005516528635066527,0.9715354003789116,0.7432439054130457,-0.03438505815215742,0.7243300036474288,-0.0314185507002355,True,Solve_Succeeded,2,0.025492471999314148,0.029456194999511354,0.029775737995805684,True,1.041940780991703e-07,
158.3,165.238,165.235,4.5,-3.639886594963546,-1.840594581484166,-0.060203743019855926,1.1367100217583659,-0.022223712293137673,827.9457139252418,0.0023949339315205097,0.005614987338371014,0.9421026369753633,0.7243300036474288,-0.0314185507002355,0.7062568637655974,-0.028074205510028427,True,Solve_Succeeded,2,0.02472627500537783,0.027716281998436898,0.02808262799953809,True,3.4173983673706915e-08,
158.4,165.338,165.337,4.5,-3.526128346971845,-1.8475742739295729,-0.062315939966777596,1.1003728136587745,-0.019510851225795253,828.0596791320949,0.0030277014788176733,0.00545202329216559,0.9136113352620896,0.7062568637655974,-0.028074205510028427,0.6890382454842433,-0.02440934516696423,True,Solve_Succeeded,2,0.02490012999624014,0.028430254002159927,0.02882979800051544,True,1.1124665078021678e-08,
158.5,165.438,165.405,4.5,-3.452327979391616,-1.8522263712401115,-0.06356562700375579,1.076682571058847,-0.017290485073696342,828.1336216562412,0.003422832210229069,0.0052279185235118986,0.8951257042255065,0.6890382454842433,-0.02440934516696423,0.6732125832992507,-0.02029847563384257,True,Solve_Succeeded,2,0.02487505400495138,0.028300129000854213,0.028581014994415455,True,7.814582744314694e-08,
158.6,165.538,165.507,4.5,-3.3445981872446544,-1.8591743485307453,-0.06520041514762759,1.042218861905478,-0.01446479268403424,828.24156958306,0.003962801849545405,0.004754041807257081,0.868138722520797,0.6732125832992507,-0.02029847563384257,0.6584351560573415,-0.016077823155468678,True,Solve_Succeeded,2,0.030243731001974083,0.03431374500360107,0.03477749900048366,True,2.538752573704589e-08,
158.7,165.638,165.609,4.5,-3.2403298207125686,-1.8660552050104815,-0.06654369271666226,1.0088815490228864,-0.01158359741994066,828.3460606458037,0.004429076912703593,0.004157179601513197,0.8420159568348708,0.6584351560573415,-0.016077823155468678,0.6444905693118046,-0.011726642655063043,True,Solve_Succeeded,2,0.02509528699738439,0.02821578200382646,0.02860132600471843,True,8.767093841752314e-09,
158.8,165.738,165.711,4.5,-3.139405734244213,-1.8728366320098064,-0.06759109781657166,0.9766673009860106,-0.008749371344847512,828.4472097946723,0.004815817412131115,0.0034828857007800636,0.8167286696177314,0.6444905693118046,-0.011726642655063043,0.6310754293448643,-0.007302749861492431,True,Solve_Succeeded,2,0.02520068400190212,0.028786016002413817,0.029164681996917352,True,3.476018351731029e-08,
158.9,165.838,165.813,4.5,-3.041709271772425,-1.8794899221503563,-0.06835192553206268,0.9455713958898905,-0.006030761851263698,828.5451319553665,0.005121611977895496,0.0027605778304927997,0.7922481294441752,0.6310754293448643,-0.007302749861492431,0.6181492891895439,-0.002858363882788496,True,Solve_Succeeded,2,0.02847259100235533,0.03229723300319165,0.032739137997850776,True,4.012671000921779e-09,
159.0,165.938,165.915,4.5,-2.947126065727856,-1.8859904961749667,-0.06883987880137839,0.9155607013885496,-0.0034574999929825496,828.639939369251,0.005347814243908153,0.002012660969436239,0.7685462759730513,0.6181492891895439,-0.002858363882788496,0.6056505497299424,0.0015594915666782582,True,Solve_Succeeded,2,0.029560671995568555,0.03343807400233345,0.03369838999788044,True,1.1326690197311501e-08,
159.1,166.038,166.017,4.5,-2.855545908800259,-1.8923177122218857,-0.06907141447760314,0.8865957190184712,-0.0010474047628528061,828.7317405322722,0.005497671498689671,0.0012561568946510698,0.7455959852177614,0.6056505497299424,0.0015594915666782582,0.5935061807009447,0.005908743806573419,True,Solve_Succeeded,2,0.027818884002044797,0.030995590997918043,0.03148624100140296,True,9.625959208924614e-09,
159.2,166.138,166.119,4.5,-2.766862272442588,-1.8984546567219527,-0.06906237536595589,0.8586442531454371,0.0011980927927993372,828.820640410132,0.005575728645838502,0.0005061080293282116,0.7233710157528037,0.5935061807009447,0.005908743806573419,0.5816358019191816,0.010150011624185653,True,Solve_Succeeded,2,0.03734543499740539,0.040838403001544066,0.04139268199651269,True,1.1576151750180251e-08,
159.3,166.238,166.221,4.5,-2.680973017874988,-1.9043877802881644,-0.06883160813772879,0.8316620398963597,0.00326167716672236,828.9067397311619,0.0055873914237314585,-0.00022796005674749487,0.7018461854953273,0.5816358019191816,0.010150011624185653,0.5699644266827716,0.014252973821284223,True,Solve_Succeeded,2,0.025331498000014108,0.029329477998544462,0.031421905994648114,True,3.955216470861349e-08,
159.4,166.338,166.323,4.5,-2.597779427914575,-1.9101068474911664,-0.0683987596240045,0.8056207080964758,0.005134304372006559,828.9901360253567,0.005538377646328158,-0.0009397409302509124,0.680997111946624,0.5699644266827716,0.014252973821284223,0.5584220100958961,0.018193117262638055,True,Solve_Succeeded,2,0.02481394800270209,0.029140940998331644,0.029580111004179344,True,3.201557631477654e-08,
159.5,166.438,166.425,4.5,-2.5171882006466237,-1.915604390945871,-0.06778118815758734,0.7804623757182692,0.006834502047765177,829.0709216324051,0.005434539163908407,-0.0016229078623614807,0.6608007101845317,0.5584220100958961,0.018193117262638055,0.5469639267538907,0.02194531236746603,True,Solve_Succeeded,2,0.024267305998364463,0.028089339997677598,0.028485442999226507,True,7.641669382701683e-08,
159.6,166.538,166.527,4.5,-2.439110773283163,-1.9208754202183573,-0.06699862513024908,0.7561457930344727,0.008344837723735671,829.1491843581322,0.005281690842245942,-0.0022756363723915457,0.6412350287527602,0.5469639267538907,0.02194531236746603,0.5355606331654494,0.025495602910730095,True,Solve_Succeeded,2,0.024512058997061104,0.02797445299802348,0.028466616000514477,True,1.9057145358200144e-07,
159.7,166.638,166.629,4.5,-2.3634629931801636,-1.9259173254864899,-0.06607096785640389,0.7326291971093524,0.009666605505166176,829.2250077715013,0.005085286053597843,-0.0028982544222994205,0.6222791754104833,0.5355606331654494,0.025495602910730095,0.5242006777091067,0.028832517147579985,True,Solve_Succeeded,2,0.03076483399490826,0.03539955700398423,0.0357444260007469,True,1.6344041440440006e-07,
159.8,166.738,166.731,4.5,-2.2901657524066277,-1.9307295183258857,-0.0650171642694452,0.7098640272356368,0.010810396749335097,829.2984705521878,0.00485035295346994,-0.0034919634800080757,0.6039134802388446,0.5242006777091067,0.028832517147579985,0.5128930715482842,0.03194716149830423,True,Solve_Succeeded,2,0.02828006900381297,0.03290546099742642,0.033151889001601376,True,1.161813746857615e-08,
159.9,166.838,166.833,4.5,-2.219144478157781,-1.9353131620207473,-0.06385519062170587,0.687809023950581,0.011785096707296373,829.3696472669438,0.004581470630737281,-0.004058675216387933,0.5861193015498429,0.5128930715482842,0.03194716149830423,0.5016603294652835,0.03483435131007249,True,Solve_Succeeded,2,0.02525731600326253,0.030059741999139078,0.030393501998332795,True,4.3054594403731366e-08,
160.0,166.938,166.935,4.5,-2.1503289447159495,-1.939670909442742,-0.06260203963446692,0.6664240119678885,0.012599869729130303,829.4386079763858,0.004282762601433282,-0.0046008594017959425,0.5688791241893512,0.5016603294652835,0.03483435131007249,0.4905356254760215,0.037492033654342484,True,Solve_Succeeded,2,0.027595899999141693,0.03130691800470231,0.031585921002260875,True,2.1259585523199405e-07,
160.1,167.038,167.037,4.5,-2.083653237305886,-1.9438066761615083,-0.061274174530131335,0.6456694321062986,0.01326016379343169,829.5054186125832,0.003957887334917444,-0.005121860326534881,0.5521764651400076,0.4905356254760215,0.037492033654342484,0.4795598668527624,0.039922097908309216,True,Solve_Succeeded,2,0.024558297998737544,0.028243826003745198,0.028691423998679966,True,1.9636895002105698e-07,
160.2,167.138,167.105,4.5,-2.040360545990899,-1.9464429969518284,-0.06035409376694613,0.6320995104134668,0.013778436402497636,829.5487957212775,0.0037283391726307055,-0.005458209566095676,0.5413321879664181,0.4795598668527624,0.039922097908309216,0.4691517030657563,0.04219996527772758,True,Solve_Succeeded,2,0.02550878200418083,0.028442421004001517,0.02926678299991181,True,2.286251709232882e-07,
160.3,167.238,167.207,4.5,-1.9771134829792323,-1.950220313489926,-0.05893303281334049,0.612330226974222,0.01419436730629025,829.6121612707258,0.003366864680201712,-0.005949569007783637,0.5254908006043593,0.4691517030657563,0.04219996527772758,0.45906501396531524,0.04422573792878898,True,Solve_Succeeded,2,0.026326536004489753,0.029803544995957054,0.0301027290042839,True,1.1488014151937796e-07,
160.4,167.338,167.309,4.5,-1.9158452632643517,-1.9537908488030105,-0.05747356968716966,0.593133514514242,0.014507067555405529,829.6735384627419,0.002987002709914123,-0.006427164674467245,0.5101465026003211,0.45906501396531524,0.04422573792878898,0.44923881177305086,0.046025163999562066,True,Solve_Succeeded,2,0.025566258002072573,0.029222573997685686,0.029476506999344565,True,7.53958797815134e-08,
160.5,167.438,167.411,4.5,-1.8564981294025298,-1.9571616365652613,-0.05598606774930009,0.5745018519283421,0.014714154099369253,829.7329853393201,0.002591260247489966,-0.006875860794432857,0.5,0.44923881177305086,0.046025163999562066,0.4424277672162552,0.047632373567858766,True,Solve_Succeeded,2,0.025140751000435557,0.02827378600341035,0.02867783699912252,True,4.199806810888096e-08,
160.6,167.538,167.513,4.5,-1.7990159491792372,-1.9603401815884,-0.05448165459301755,0.5564153683264157,0.014817024206896599,829.7905582446979,0.0021848281311689327,-0.007226977225220013,0.5,0.4424277672162552,0.047632373567858766,0.4438954355820175,0.049101821810659516,True,Solve_Succeeded,2,0.0249065870011691,0.027905963004741352,0.02827821300161304,True,2.7554582553469278e-08,
160.7,167.638,167.615,4.5,-1.7433400267856511,-1.9633345990140825,-0.05297035219446444,0.5389785235992594,0.014835679401037017,829.8463166218783,0.0017742440030406254,-0.00748626072645564,0.5,0.4438954355820175,0.049101821810659516,0.45148684408477024,0.050425052033603125,True,Solve_Succeeded,2,0.024549273002776317,0.02804896999441553,0.02832305400079349,True,4.114751699736468e-08,
160.8,167.738,167.717,4.5,-1.6893878607884831,-1.966154512894961,-0.0514592565092352,0.5225788369127397,0.014806409570965164,829.9003435793971,0.0013645628607189275,-0.007666975133527745,0.5,0.45148684408477024,0.050425052033603125,0.46341682410564067,0.05158950251013005,True,Solve_Succeeded,2,0.024803326996334363,0.027365586000087205,0.027614899998297915,True,6.963715945369959e-08,
160.9,167.838,167.819,4.5,-1.6370336295932089,-1.9688116585655175,-0.04995200829431608,0.5075806287359311,0.014753056706255742,829.9527655466455,0.0009593901299464301,-0.007779803480826034,0.5,0.46341682410564067,0.05158950251013005,0.4781825500748195,0.05258553218364864,True,Solve_Succeeded,2,0.0241712529968936,0.027434750001702923,0.027704105006705504,True,7.57050959198307e-08,
161.0,167.938,167.921,4.5,-1.5861222472669017,-1.971318769602934,-0.04845065313383871,0.4942024611004481,0.014684772616740888,830.0037382548329,0.0005611859463921936,-0.007834255386121293,0.5,0.4781825500748195,0.05258553218364864,0.4945391308626245,0.05340897068985567,True,Solve_Succeeded,2,0.02571837399591459,0.02967818699835334,0.030001879000337794,True,4.993464363415126e-08,
161.1,168.038,168.023,4.5,-1.5364825546721992,-1.9736887109713837,-0.0469567118209268,0.4825472904222403,0.014604976634195311,830.0534334925059,0.0001715117933772044,-0.007839348189539061,0.5,0.4945391308626245,0.05340897068985567,0.5114879496475986,0.0540605646379131,True,Solve_Succeeded,2,0.025573261998943053,0.02918292699905578,0.029467059997841716,True,2.4917612623257332e-08,
161.2,168.138,168.125,4.5,-1.4879378486619053,-1.9759338669970692,-0.04547109602702877,0.47262650856264965,0.014518618461055352,830.1020285459574,-0.00020875391363240795,-0.007803239206062697,0.5,0.5114879496475986,0.0540605646379131,0.5282551173711545,0.0545445700111398,True,Solve_Succeeded,2,0.024967389996163547,0.027852900995640084,0.028355351998470724,True,8.106821045102857e-09,
161.3,168.238,168.227,4.5,-1.4403142201939128,-1.9780657166977953,-0.04399452576464989,0.4643800389450084,0.014427480124999375,830.1496978550675,-0.000579224424887005,-0.007733439807085616,0.5,0.5282551173711545,0.0545445700111398,0.5442665431089135,0.05486887730895313,True,Solve_Succeeded,2,0.02633602800051449,0.029979104998346884,0.030690400002640672,True,3.4800162751480457e-10,
161.4,168.338,168.329,4.5,-1.3934459856022445,-1.9800946129571735,-0.04252746638687864,0.4577054271487424,0.014333645827493673,830.1966075494983,-0.0009398601020880309,-0.007636641973568267,0.5,0.5442665431089135,0.05486887730895313,0.5591173777305314,0.05504367180811378,True,Solve_Succeeded,2,0.024698868997802492,0.0273679780002567,0.027607133000856265,True,1.7142260788418902e-09,
161.5,168.438,168.431,4.5,-1.3471806010005245,-1.98202962013539,-0.04107015050902678,0.45245721678279244,0.014238880380283491,830.2429105546083,-0.0012908378789579676,-0.0075186464991550545,0.5,0.5591173777305314,0.05504367180811378,0.5725993770837882,0.05507530913432995,True,Solve_Succeeded,1,0.015554081997834146,0.018432426993967965,0.01871185100026196,True,1.4772341938584788e-07,
161.6,168.538,168.533,4.5,-1.3013807677750158,-1.9838785062892765,-0.0396226933969758,0.44847843913981583,0.01414354875120791,830.2887444982125,-0.0016324627627625806,-0.007384465629045961,0.5,0.5725993770837882,0.05507530913432995,0.584510374163402,0.05498239800084005,True,Solve_Succeeded,1,0.015613159004715271,0.018621201001224108,0.018865565994929057,True,1.8373464494292335e-07,
161.7,168.638,168.635,4.5,-1.2559255987342308,-1.9856477925943907,-0.038185258782583345,0.4456060425813257,0.014046064559351146,830.3342305494745,-0.001965106902938968,-0.007238499277981773,0.5,0.584510374163402,0.05498239800084005,0.5948040957860942,0.05477701767627434,True,Solve_Succeeded,1,0.016872073996637482,0.020654656997066922,0.021114663999469485,True,2.3362866063969534e-07,
161.8,168.738,168.737,4.5,-1.210711750259153,-1.9873428181180248,-0.03675811114230103,0.4436660314354986,0.013946258802546513,830.3794722925398,-0.002289167468134961,-0.007084594644732031,0.5,0.5948040957860942,0.05477701767627434,0.603509419803697,0.05447083672820658,True,Solve_Succeeded,1,0.017791240999940783,0.02083924400358228,0.021171421998587903,True,2.8343617708426194e-07,
161.9,168.838,168.805,4.5,-1.1806598958328778,-1.9884337341397351,-0.035812571165377075,0.44286462187574627,0.013869241174848172,830.4095412622376,-0.0025006345964186352,-0.006979254104581126,0.5,0.603509419803697,0.05447083672820658,0.6105492105209854,0.054071710857888616,True,Solve_Succeeded,1,0.01596174800215522,0.02009387099678861,0.020354857995698694,True,3.439612903388678e-07,
162.0,168.938,168.907,4.5,-1.1356632938859594,-1.9900140923306338,-0.03440331362174444,0.4421278721131593,0.01375932512500745,830.4545612177835,-0.0028112757814743976,-0.0068192433718602535,0.5,0.6105492105209854,0.054071710857888616,0.6163278334085784,0.05359408017155736,True,Solve_Succeeded,1,0.01740445000177715,0.021309852003469132,0.021682536003936548,True,3.8222734133341874e-07,
162.1,169.038,169.009,4.5,-1.0907111589839857,-1.9915297108742875,-0.03300548421874131,0.44191657405171564,0.013643779933547873,830.4995342056606,-0.0031143861951350733,-0.006659244148341105,0.5,0.6163278334085784,0.05359408017155736,0.6209294505365945,0.053044407710187425,True,Solve_Succeeded,1,0.01723990099708317,0.020708980002382305,0.02102207000280032,True,4.4152205824765645e-07,
162.2,169.138,169.111,4.5,-1.045756693259802,-1.9929827649648368,-0.031619840992675216,0.4421079928638689,0.01352050624912054,830.5445071662878,-0.0034103455694961386,-0.006501683381294407,0.5,0.6209294505365945,0.053044407710187425,0.6244634733698403,0.05243036328686646,True,Solve_Succeeded,1,0.01595419499790296,0.01924313500057906,0.01979617100005271,True,4.924146701501542e-07,
162.3,169.238,169.213,4.5,-1.0007643098330616,-1.9943749225566487,-0.03024718748329934,0.4425998923617159,0.013389516125008105,830.589515815058,-0.003699541874313209,-0.006348680285407679,0.5,0.6244634733698403,0.05243036328686646,0.6270643080475361,0.05175769361161917,True,Solve_Succeeded,1,0.015599822996591683,0.018995060003362596,0.019326728004671168,True,5.484664571397957e-07,
162.4,169.338,169.315,4.5,-0.9557081503400215,-1.9957074567074722,-0.028888508559612454,0.44330355750805733,0.013248441502497545,830.6345861281674,-0.003982377416741094,-0.006202237153770448,0.5,0.6270643080475361,0.05175769361161917,0.6288677532051237,0.051031571359726295,True,Solve_Succeeded,1,0.015580225001031067,0.018321622999792453,0.018960953995701857,True,6.033017045936617e-07,
162.5,169.438,169.417,4.5,-0.9105708155889376,-1.9969813475557079,-0.027544984033545314,0.4441425246578292,0.01309595589566192,830.6797356149217,-0.004259281807176886,-0.006064299118011748,0.5,0.6288677532051237,0.051031571359726295,0.6299585191587522,0.05025960752542669,True,Solve_Succeeded,2,0.024797288002446294,0.02903025899286149,0.029289874000824057,True,2.6432672485610987e-08,
162.6,169.538,169.519,4.5,-0.8653418872786972,-1.9981973738361896,-0.026217795404211364,0.4450554398230192,0.012931793765116016,830.7249748779457,-0.004530720746668097,-0.005936609968615381,0.5,0.6299585191587522,0.05025960752542669,0.630520438824547,0.04944113802949907,True,Solve_Succeeded,2,0.025470897999184672,0.028824166001868434,0.02930351599934511,True,1.459092470552036e-07,
162.7,169.638,169.621,4.5,-0.8200166743297078,-1.9993561839116338,-0.02490814680012314,0.4459906840999047,0.012756020307089125,830.7703085612419,-0.004797100828627815,-0.00581218847858582,0.5,0.630520438824547,0.04944113802949907,0.6306656144722904,0.04857919573455423,True,Solve_Succeeded,2,0.02448588199331425,0.02839119800046319,0.028713275998597965,True,2.348098750504029e-07,
162.8,169.738,169.723,4.5,-0.774595115118404,-2.000458352968764,-0.023617205826448925,0.4469100417918725,0.012568196371284783,830.815737034751,-0.005058050753448842,-0.0056727447613646315,0.5,0.6306656144722904,0.04857919573455423,0.6304942500888199,0.047676049013327955,True,Solve_Succeeded,2,0.02473415699932957,0.02804066100361524,0.028396876994520426,True,2.6371237596622087e-07,
162.9,169.838,169.825,4.5,-0.7290803925371605,-2.0015044442216947,-0.022346327995844625,0.44778659778854807,0.012366930790238819,830.8612572586,-0.005312855385016662,-0.0055194264432711325,0.5,0.6304942500888199,0.047676049013327955,0.6300932334730598,0.04673385054185386,True,Solve_Succeeded,2,0.024517484998796135,0.027565625998249743,0.02795025399973383,True,2.4367067063173285e-07,
163.0,169.938,169.927,4.5,-0.6834780135640723,-2.002495052190831,-0.02109700942989114,0.44860143571058264,0.01215133399104075,830.9068638168551,-0.005560871373605754,-0.005354244807860192,0.5,0.6300932334730598,0.04673385054185386,0.629536012671242,0.04575472097797904,True,Solve_Succeeded,2,0.025270332000218332,0.028313078000792302,0.028599256002053153,True,1.8657350412811338e-07,
163.1,170.038,170.029,4.5,-0.6377950470223407,-2.003430830943548,-0.019870572887792013,0.4493425643358296,0.01192315425940218,830.9525497512624,-0.005801533936599948,-0.005178971038733857,0.5,0.629536012671242,0.04575472097797904,0.6288832532775749,0.044740278114391435,True,Solve_Succeeded,2,0.02631056900281692,0.030173464001563843,0.03048976100399159,True,1.1153094179873176e-07,
163.2,170.138,170.131,4.5,-0.5920394758750906,-2.004312504202845,-0.018668183137533306,0.45000368538112334,0.011683589466425996,830.9983071866957,-0.006034349978903292,-0.004995172161922395,0.5,0.6288832532775749,0.044740278114391435,0.6281835185138316,0.04369207545470943,True,Solve_Succeeded,2,0.02611973199964268,0.0298980519946781,0.030122796997602563,True,4.459793273005016e-08,
163.3,170.238,170.233,4.5,-0.5462196463121629,-2.005140881773556,-0.01749123210678896,0.45058333442633797,0.011430487035936509,831.044127881848,-0.006258903333597326,-0.004804611504662406,0.5,0.6281835185138316,0.04369207545470943,0.6274740344288957,0.04261240371292672,True,Solve_Succeeded,2,0.025536905995977577,0.029327831005502958,0.0297422040021047,True,1.1618008511997662e-08,
163.4,170.338,170.335,4.5,-0.5003438045050057,-2.005916854351645,-0.016340246841982098,0.4510841128819005,0.011172350979380016,831.0900036920006,-0.0064748429841995575,-0.004608167587523693,0.5,0.6274740344288957,0.04261240371292672,0.6267819563864887,0.04150126170383396,True,Solve_Succeeded,2,0.02697127500141505,0.02968864099966595,0.02994887699605897,True,8.86790921730417e-09,
163.5,170.438,170.437,4.5,-0.45442008161031033,-2.0066414049817,-0.015217372562214393,0.45150785179337594,0.010892659153495115,831.1359265838963,-0.0066818954865812035,-0.004408317226452573,0.5,0.6267819563864887,0.04150126170383396,0.6261271941670236,0.04036350707463858,True,Solve_Succeeded,2,0.03002432100038277,0.033244266000110656,0.03357452099589864,True,2.521170386669087e-08,
163.6,170.538,170.505,4.5,-0.42378140885781596,-2.0070964031768193,-0.014485054003044784,0.4517486468692562,0.010656157384704275,831.1665642478617,-0.00681489642267815,-0.004273997135615382,0.5,0.6261271941670236,0.04036350707463858,0.6255751695321154,0.03918854163770029,True,Solve_Succeeded,2,0.024560536003264133,0.028223816996614914,0.0285210959991673,True,5.27021866362213e-08,
163.7,170.638,170.607,4.5,-0.3777943297876318,-2.0077377376515098,-0.013411183103635456,0.4520589313187961,0.010364991587489545,831.2125493848416,-0.007006783224354126,-0.0040713272782446925,0.5,0.6255751695321154,0.03918854163770029,0.6250553720673474,0.03799578005013031,True,Solve_Succeeded,2,0.025596318999305367,0.029081872999086045,0.02935379200062016,True,8.74249320301023e-08,
163.8,170.738,170.709,4.5,-0.3317779453204618,-2.00833075013965,-0.012367760017125093,0.4523126014959767,0.010064311051448843,831.2585632691374,-0.007189448776777795,-0.003868416407296913,0.5,0.6250553720673474,0.03799578005013031,0.6245790529913575,0.03678319434622282,True,Solve_Succeeded,2,0.02787712900317274,0.03078709799592616,0.03117920500517357,True,1.2793742158861016e-07,
163.9,170.838,170.811,4.5,-0.2857376786317881,-2.0088767415741495,-0.011355760694078107,0.4525167177511953,0.00975595202696429,831.30460055968,-0.007362880791231134,-0.003666530940297605,0.5,0.6245790529913575,0.03678319434622282,0.6241520156854248,0.035554690152831414,True,Solve_Succeeded,2,0.02504624200082617,0.028639789998123888,0.02913945099862758,True,1.7192566760469008e-07,
164.0,170.938,170.913,4.5,-0.23967837728509633,-2.00937707589389,-0.010375879819813569,0.4526767432148612,0.009441517477624312,831.3506564864937,-0.007527123245825226,-0.0034666364038525715,0.5,0.6241520156854248,0.035554690152831414,0.6237733321535531,0.03431401071322972,True,Solve_Succeeded,2,0.027414996999141295,0.03107723599532619,0.031442670995602384,True,2.1967873681487252e-07,
164.1,171.038,171.015,4.5,-0.1936042890177998,-2.009833168135241,-0.009428688649623996,0.4527986565676327,0.009122134611285446,831.3967268724857,-0.007682266138953632,-0.003269553930007397,0.5,0.6237733321535531,0.03431401071322972,0.6234401452918977,0.03306496855926211,True,Solve_Succeeded,2,0.02562895200389903,0.029122576001100242,0.02956807000009576,True,3.002128329450212e-07,
164.2,171.138,171.117,4.5,-0.1475190843067109,-2.0102464757359497,-0.008514642016967874,0.45288778101274,0.008798825529825586,831.4428081298965,-0.007828406957187128,-0.0030733179827788087,0.5,0.6234401452918977,0.03306496855926211,0.6231483113337929,0.03181147697113119,True,Solve_Succeeded,2,0.02614810600061901,0.029976770005305298,0.03025245600292692,True,3.0614273804022575e-07,
164.3,171.238,171.219,4.5,-0.10142589846752958,-2.0106184898830715,-0.007634074214359036,0.45294912073396393,0.0084727350243743,831.4888972524108,-0.007965423521492545,-0.0028725663900743973,0.5,0.6231483113337929,0.03181147697113119,0.6228928729812261,0.03055743426398744,True,Solve_Succeeded,2,0.025046296999789774,0.027798944000096526,0.028040141995006707,True,2.811562288672516e-07,
164.4,171.338,171.321,4.5,-0.05532738946734961,-2.010950726897302,-0.006787196940860459,0.4529870100859956,0.008145008298436913,831.5349916351931,-0.008093098273400327,-0.0026674775943543354,0.5,0.6228928729812261,0.03055743426398744,0.6226685706361437,0.02930665993002965,True,Solve_Succeeded,2,0.025011839999933727,0.02876807699794881,0.029446145999827422,True,2.371423426921931e-07,
164.5,171.438,171.423,4.5,-0.009225777630209153,-2.011244720108775,-0.005974098203250133,0.4530054698356501,0.007816828647641615,831.5810891149412,-0.008211229780337745,-0.0024582712973564395,0.5,0.6226685706361437,0.02930665993002965,0.6224700655286647,0.028062804840045398,True,Solve_Succeeded,2,0.026277118995494675,0.029507482002372853,0.029786024999339134,True,1.8784404038247075e-07,
164.6,171.538,171.525,4.5,0.03687707901252013,-2.011502006797117,-0.005194496715961928,0.4530077021126072,0.0074912080394805725,831.6271878862702,-0.008319619704256641,-0.0022447401452428744,0.5,0.6224700655286647,0.028062804840045398,0.6222923786725331,0.026828769556443706,True,Solve_Succeeded,2,0.024975223001092672,0.029451529000652954,0.029703779000556096,True,2.8438065231943126e-07,
164.7,171.638,171.627,4.5,0.08297963458728486,-2.011724125759386,-0.004448611696758713,0.452996412985729,0.007164052245598358,831.6732864480683,-0.008418069060997038,-0.0020271166040789646,0.5,0.6222923786725331,0.026828769556443706,0.6221307470219816,0.025608529975095815,True,Solve_Succeeded,2,0.0242239770013839,0.02848494000500068,0.02893244900042191,True,3.01694309394235e-08,
