elapsed_s,publish_time_s,odometry_time_s,measurement_age_at_takeover_ms,commissioned_delay_ms,command_delay_steps,state_prediction_enabled,x_m,y_m,yaw_rad,speed_mps,yaw_rate_radps,progress_m,lateral_error_m,yaw_error_rad,reference_speed_mps,published_speed_command_mps,published_steering_command_rad,next_reference_speed_mps,next_speed_command_mps,next_steering_command_rad,next_raw_steering_command_rad,next_desired_yaw_rad,next_yaw_compensation_rad,next_inner_yaw_error_rad,next_steering_saturated,next_speed_saturated,controller_compute_s,deadline_met
0.0,14.637,14.604,37.36666680000056,4.3666668,1,False,0.1205145116169849,-1.5102308780440268,0.6961875401173969,0.0002190055660605972,4.0333328810615214e-07,-0.008209183921053305,0.49315741554954384,0.6982174676071156,0.0,0.0,0.0,0.5,0.5,-0.3,-0.7482329728249432,-0.1351824296880955,-0.13315250219837685,-0.8313699698054924,True,False,0.0006254740001168102,True
0.1,14.737,14.706,35.36666679999989,4.3666668,1,False,0.12045240339434893,-1.510282741779769,0.6961874085508444,0.00021894576678343223,-9.660149525468224e-08,-0.008271508423246855,0.4931054258254634,0.6982179841284109,0.5,0.5,-0.3,0.5,0.5,-0.3,-0.7482208041911572,-0.1351690405504416,-0.13313846497287513,-0.8313564491012858,True,False,0.0005665070057148114,True
0.2,14.837,14.808,33.36666679999922,4.3666668,1,False,0.12092435851375316,-1.5098877833228381,0.6961783339939916,0.02101069538822862,-0.00023872329423838367,-0.007797910353265625,0.49350134064811874,0.6982039865539668,0.5,0.5,-0.3,0.5,0.5,-0.3,-0.7483044136760629,-0.13527101453496718,-0.13324536197499207,-0.8314493485289588,True,False,0.0006305849965428934,True
0.3,14.937,14.91,31.366666799998555,4.3666668,1,False,0.12369369946071285,-1.5075732002286997,0.6960533218081623,0.051479998365507026,-0.0024070730593360587,-0.005018867229462655,0.4958214888596437,0.6980501672423775,0.5,0.5,-0.3,0.5,0.5,-0.3,-0.7487297723110331,-0.135868647426319,-0.1338718019921038,-0.8319219692344813,True,False,0.0006330789983621798,True
0.4,15.037,15.012,29.366666799999663,4.3666668,1,False,0.1287807367169227,-1.5033242216938962,0.6956310385500529,0.08019256651758871,-0.006126624425802026,8.624259198647685e-05,0.5000804832846856,0.6975753251475821,0.5,0.5,-0.3,0.5,0.5,-0.3,-0.7493373500710026,-0.13696601708439432,-0.1350217304868651,-0.8325970556344473,True,False,0.0005667479999829084,True
0.5,15.137,15.114,27.366666799998995,4.3666668,1,False,0.13604673112037402,-1.4972639084735946,0.6947480059972031,0.10699430023063487,-0.011384747213376154,0.007378174894109387,0.5061546416449759,0.6966177724234479,0.5,0.5,-0.3,0.5,0.5,-0.3,-0.7499515731008323,-0.13853151967038832,-0.1366617532441435,-0.8332795256675914,True,False,0.0005396449996624142,True
0.6,15.237,15.216,25.366666800000104,4.3666668,1,False,0.14533110312557995,-1.4895403470026443,0.6932616881688987,0.1313402815183749,-0.017851658088328476,0.01669668701799344,0.5138951103458188,0.6950368947998229,0.5,0.5,-0.3,0.5555555555599999,0.5555555555599999,-0.3,-0.7504097171338746,-0.1405268864242953,-0.13875167979337108,-0.833788574593194,True,False,0.000701133998518344,True
0.7,15.337,15.318,23.366666799999436,4.3666668,1,False,0.15642867560922435,-1.4803446015987207,0.6910955716033941,0.15289562382422062,-0.024510340232879402,0.027836523519863578,0.5231099199006151,0.692758727505617,0.5555555555599999,0.5555555555599999,-0.3,0.6481481481533332,0.6481481481533332,-0.3,-0.7505985652909047,-0.14290283427538897,-0.1412396783731661,-0.833998405878783,True,False,0.0006232800005818717,True
0.8,15.437,15.42,21.366666799998768,4.3666668,1,False,0.16927183131718948,-1.4697561933228647,0.6882729741362368,0.17608603013151136,-0.030690496768352907,0.040730539186858684,0.5337188490974865,0.6898077870506751,0.6481481481533332,0.6481481481533332,-0.3,0.7407407407466666,0.7407407407466666,-0.3,-0.7505206886762968,-0.1456389021707597,-0.14410408925632134,-0.8339118763069965,True,False,0.0005314989975886419,True
0.9,15.537,15.522,19.366666799999877,4.3666668,1,False,0.18417770830953817,-1.457543700451128,0.6848380450982652,0.20470391055959428,-0.03661339003814395,0.055697995757071704,0.5459531075036911,0.6862257037118988,0.7407407407466666,0.7407407407466666,-0.3,0.8333333333399999,0.8333333333399999,-0.3,-0.7502697384641058,-0.14879499763963025,-0.1474073390259966,-0.8336330427378954,True,False,0.0006282899994403124,True
1.0,15.637,15.624,17.36666679999921,4.3666668,1,False,0.20161299885278117,-1.44336596314889,0.6807948414335045,0.2386286410072036,-0.04266625719861578,0.07320862578650532,0.5601535441104007,0.6820128451742306,0.8333333333399999,0.8333333333399999,-0.3,0.9259259259333332,0.9259259259333332,-0.3,-0.749928871875635,-0.15245946065053434,-0.15124145690980823,-0.8332543020840388,True,False,0.0005096359964227304,True
1.1,15.737,15.725999999999999,15.366666800000317,4.3666668,1,False,0.22198456735825278,-1.426946824020413,0.6761122917102605,0.2768957146940826,-0.04918263479941438,0.09367251988081231,0.576595494820908,0.6771354659483227,0.9259259259333332,0.9259259259333332,-0.3,1.0185185185266667,1.0185185185266667,-0.3,-0.7495346245949711,-0.15670395783970736,-0.15568078360164517,-0.8328162495499679,True,False,0.000510627003677655,True
1.2,15.837,15.828,13.36666679999965,4.3666668,1,False,0.24564494670971404,-1.4080721912206107,0.6707307533229139,0.3189114593760723,-0.056376228124435386,0.11744556570471684,0.5954916963776143,0.6715322753081343,1.0185185185266667,1.0185185185266667,-0.3,1.1111111111199998,1.1111111111199998,-0.3,-0.7490835299970812,-0.1615842800071763,-0.16078275802195588,-0.8323150333300902,True,False,0.000559204003366176,True
1.3,15.937,15.93,11.366666799998981,4.3666668,1,False,0.27292263335734646,-1.386568021068725,0.6645768696367997,0.364389284742733,-0.06430658395091535,0.14485983652753198,0.6170143097001288,0.6651290834238113,1.1111111111199998,1.1111111111199998,-0.3,1.2037037037133334,1.2037037037133334,-0.3,-0.7485506523385616,-0.16714607740604634,-0.1665938636190348,-0.8317229470428461,True,False,0.0006561449990840629,True
1.4,16.037,16.032,9.366666799998313,4.3666668,1,False,0.30414000945586284,-1.3622891099130217,0.657577065287261,0.413162927702915,-0.07293163640908501,0.17624146705829655,0.6413061100008203,0.6578522360148111,1.2037037037133334,1.2037037037133334,-0.3,1.2962962963066664,1.2962962963066664,-0.3,-0.7479043971435295,-0.1734278204277716,-0.17315264970022148,-0.8310048857150327,True,False,0.0006851220023236237,True
1.5,16.137,16.134,7.366666799999422,4.3666668,1,False,0.33961940269734336,-1.3351175076695785,0.6496641798319281,0.46508302375187527,-0.08217788839380719,0.21191661744658954,0.6684820472267486,0.649635326727157,1.2962962963066664,1.2962962963066664,-0.3,1.3888888889,1.3888888889,-0.3,-0.7471129315305413,-0.18046129964645097,-0.18049015275122215,-0.8301254794783791,True,False,0.0006156649978947826,True
1.6,16.237,16.236,5.3666667999969775,4.3666668,1,False,0.3796837107737643,-1.3049650388413483,0.640778236531729,0.5199831098750565,-0.09198193481935603,0.2522118307486018,0.6986267133996419,0.6404201177249284,1.3888888889,1.3888888889,-0.3,1.4814814814933333,1.4814814814933333,-0.3,-0.7461443973085485,-0.18827109381110263,-0.18862921261790333,-0.8290493303428317,True,False,0.0005868180014658719,True
1.7,16.337,16.304,37.36666680000056,4.3666668,1,False,0.4091007040431389,-1.2831780291683512,0.6342863521787105,0.5587154981108753,-0.09889544569870735,0.28180387296956405,0.7203997510344796,0.6336960753255392,1.4814814814933333,1.4814814814933333,-0.3,1.5740740740866666,1.5740740740866666,-0.3,-0.7453836072943639,-0.19391765592613813,-0.1945079327793095,-0.8282040081048487,True,False,0.0004727830018964596,True
1.8,16.437,16.406,35.36666680000167,4.3666668,1,False,0.4575237250758971,-1.247952612393478,0.6236589560855985,0.6181987371085063,-0.10955177740983574,0.3305228646828591,0.7555876655600425,0.6227044786017015,1.5740740740866666,1.5740740740866666,-0.3,1.6666666666799999,1.6666666666799999,-0.3,-0.7440418334726218,-0.20305419221731452,-0.2040086697012115,-0.8267131483029131,True,False,0.0005011989997001365,True
1.9,16.537,16.508,33.36666679999922,4.3666668,1,False,0.5113930418905719,-1.2096791796160398,0.6119367165721056,0.6806469940471446,-0.11947428623600233,0.38472916009511565,0.7937993335385232,0.61060371509395,1.6666666666799999,1.6666666666799999,-0.3,1.7592592592733332,1.7592592592733332,-0.3,-0.7424365816344161,-0.21299281857724564,-0.21432582005540127,-0.8249295351493512,True,False,0.0005124509989400394,True
2.0,16.637,16.61,31.36666680000033,4.3666668,1,False,0.5710596126462472,-1.1683773919611333,0.599114226305912,0.7456285480733511,-0.13069475890938861,0.44477297741850247,0.8350098480943773,0.5973953071335344,1.7592592592733332,1.7592592592733332,-0.3,1.8518518518666665,1.8518518518666665,-0.3,-0.7405631695071146,-0.22373373981310424,-0.2254526589854819,-0.8228479661190162,True,False,0.0005589529973804019,True
2.1,16.737,16.712,29.366666799997887,4.3666668,1,False,0.6368550728212679,-1.1241259886079962,0.5850979716405104,0.812539297793754,-0.14272845568023065,0.5109821169741725,0.8791351953888284,0.582994916665004,1.8518518518666665,1.8518518518666665,-0.3,1.9444444444600002,1.9444444444600002,-0.3,-0.738325277477989,-0.23526344777947736,-0.2373665027549837,-0.8203614194199879,True,False,0.0005424299961305223,True
2.2,16.837,16.814,27.366666799998995,4.3666668,1,False,0.7091013884140945,-1.0770555434138562,0.5698572216479101,0.881506114233271,-0.15486134894959164,0.583670548641809,0.9260398625119537,0.567383463813127,1.9444444444600002,1.9444444444600002,-0.3,2.0370370370533335,2.0370370370533335,-0.3,-0.735672804022219,-0.2475570050434444,-0.2500307628782275,-0.8174142266913544,True,False,0.0006343920031213202,True
2.3,16.937,16.916,25.366666800000104,4.3666668,1,False,0.788126706932187,-1.0273362116281288,0.55335755005017,0.9524374091313568,-0.16734883767383532,0.6631531059574746,0.9755495469305318,0.5505409235144346,2.0370370370533335,2.0370370370533335,-0.3,2.1296296296466664,2.1296296296466664,-0.3,-0.7325453710671104,-0.26058175113550813,-0.2633983776712436,-0.8139393011856781,True,False,0.0006156949966680259,True
2.4,17.037,17.018,23.36666679999766,4.3666668,1,False,0.8742643720786002,-0.9751814722901919,0.535563863177995,1.025147435397825,-0.18017803793665846,0.7497429297859705,1.0274480504656944,0.5324498021273992,2.1296296296466664,2.1296296296466664,-0.3,2.2222222222399997,2.2222222222399997,-0.3,-0.7288746981778231,-0.27429691257514177,-0.2774109736257375,-0.8098607757531368,True,False,0.000493783998535946,True
2.5,17.137,17.12,21.366666799998768,4.3666668,1,False,0.9678341450049391,-0.9208604781345262,0.5164462420279259,1.0993558598754514,-0.19327580408308742,0.8437308610148951,1.0814658270529498,0.5131015188744774,2.2222222222399997,2.2222222222399997,-0.3,2.3148148148333334,2.3148148148333334,-0.3,-0.7245875629608967,-0.288651050150848,-0.2919957733042965,-0.805097292178774,True,False,0.000507812001160346,True
2.6,17.237,17.222,19.366666799996324,4.3666668,1,False,1.0691468045736003,-0.8646949536893909,0.4959786756988875,1.1749601275690122,-0.20661608814768517,0.9453881625362425,1.1372841610863447,0.4924955980111494,2.3148148148333334,2.3148148148333334,-0.3,2.4074074074266667,2.4074074074266667,-0.3,-0.7196060893540163,-0.30358364580557495,-0.3070667234933131,-0.7995623215044625,True,False,0.0005160079963388853,True
2.7,17.337,17.324,17.366666799997432,4.3666668,1,False,1.178507498459615,-0.807057216597989,0.47413721373263085,1.2517920011394046,-0.2201719396145461,1.0549677996179447,1.1945384897247613,0.47063835494330986,2.4074074074266667,2.4074074074266667,-0.3,2.50000000002,2.50000000002,-0.3,-0.7138473724520958,-0.31902653343636456,-0.32252539222568555,-0.7931637471689954,True,False,0.0005430110031738877,True
2.8,17.437,17.426,15.366666800002093,4.3666668,1,False,1.2962039359728181,-0.7483760962905535,0.45090180478783115,1.3296319482291459,-0.23390145310784413,1.1726904685772097,1.2528141949832603,0.4475453189791271,2.50000000002,2.50000000002,-0.3,2.592592592613333,2.592592592613333,-0.3,-0.7072246364621467,-0.33490334683677625,-0.3382598326454803,-0.7858051516246074,True,False,0.00047604999417671934,True
2.9,17.537,17.528,13.36666679999965,4.3666668,1,False,1.4225051750848376,-0.6891359541565723,0.42625598521449665,1.4083644774092388,-0.2477829535968752,1.2987412549441892,1.3116496103829587,0.4232414928208789,2.592592592613333,2.592592592613333,-0.3,2.6851851852066666,2.6851851852066666,-0.3,-0.69964819886185,-0.3511309024097811,-0.35414539480339885,-0.7773868876242778,True,False,0.0004879429980064742,True
3.0,17.637,17.63,11.366666800000758,4.3666668,1,False,1.5576660230942236,-0.6298732078450038,0.4001844122016717,1.4879278546987256,-0.26180821193958626,1.4333682189271983,1.3705393990990826,0.3976893945305244,2.6851851852066666,2.6851851852066666,-0.3,2.7777777778,2.7777777778,-0.3,-0.690961529058549,-0.36755062008560496,-0.3700456377567523,-0.7677350322872767,True,False,0.0007692180006415583,True
3.1,17.737,17.732,9.366666799998313,4.3666668,1,False,1.701924261195057,-0.5711767584331471,0.37267272973641186,1.5682654447440318,-0.2759678642037051,1.5769574522413208,1.428916787606398,0.37074804023789243,2.7777777778,2.7777777778,-0.3,2.7777777778,2.7777777778,-0.3,-0.6809000156024579,-0.38388284315520804,-0.38580753265372747,-0.7565555728916199,True,False,0.0005343949960661121,True
3.2,17.837,17.834,7.366666799999422,4.3666668,1,False,1.8554960122089321,-0.5136889039061542,0.34370753455111414,1.6493242820343432,-0.29025273205320257,1.7297210502839793,1.486156313095175,0.34240094143212463,2.7777777778,2.7777777778,-0.3,2.7777777778,2.7777777778,-0.3,-0.6692968313710397,-0.39995561141670777,-0.4012622045356973,-0.7436631459678219,True,False,0.000593561002460774,True
3.3,17.937,17.936,5.36666680000053,4.3666668,1,False,2.0183279067284,-0.45818486492147836,0.3133208020240282,1.7257190227014345,-0.3037260789040512,1.8915985331848084,1.5415016627774738,0.3126803097373548,2.7777777778,2.7777777778,-0.3,2.7777777778,2.7777777778,-0.3,-0.6559971828185456,-0.41556495666324456,-0.41620544894991796,-0.7288857586872728,True,False,0.0005315189991961233,True
3.4,18.037,18.004,37.366666799997006,4.3666668,1,False,2.1318280877167717,-0.42272394093712196,0.2923176326982447,1.7739334990053102,-0.31223029486031856,2.0043804355567003,1.576916512268712,0.29214698584567916,2.7777777778,2.7777777778,-0.3,2.7777777778,2.7777777778,-0.3,-0.6461229997424084,-0.4255968114599868,-0.4257674583125523,-0.7179144441582315,True,False,0.0006260259979171678,True
3.5,18.137,18.106,35.366666799998114,4.3666668,1,False,2.3091846077866682,-0.3724836657557028,0.2597577039350693,1.8424402179200006,-0.3243187377825455,2.1805390787875587,1.6271921558466493,0.260328518564779,2.7777777778,2.7777777778,-0.3,2.7777777778,2.7777777778,-0.3,-0.6297033605790369,-0.439912696708305,-0.43934188207859537,-0.6996704006433743,True,False,0.0005341439973562956,True
3.6,18.237,18.208,33.36666679999922,4.3666668,1,False,2.4946767117291024,-0.32652324337280847,0.22600189911558421,1.9066433139850423,-0.33565120361025247,2.3646959554991103,1.6733309078029646,0.2273549837404446,2.7777777778,2.7777777778,-0.3,2.7777777778,2.7777777778,-0.3,-0.6112388959625206,-0.45315242973166087,-0.4517993451068005,-0.679154328847245,True,False,0.000530396995600313,True
3.7,18.337,18.31,31.36666680000033,4.3666668,1,False,2.6878405010717916,-0.2856408489741429,0.1911247995898873,1.966815222130929,-0.3462749566623067,2.5564010656469263,1.7145536175474139,0.19329629594894615,2.7777777778,2.7777777778,-0.3,2.7777777778,2.7777777778,-0.3,-0.5906031954180732,-0.46510097309686066,-0.46292947673780177,-0.656225772686748,True,False,0.0005140450011822395,True
3.8,18.437,18.412,29.36666680000144,4.3666668,1,False,2.888184477725079,-0.25059703406577516,0.15519637105715306,2.0232013377913107,-0.3562333937112414,2.755183082370176,1.7501174169637272,0.1582165883597994,2.7777777778,2.7777777778,-0.3,2.7777777778,2.7777777778,-0.3,-0.5676734618460052,-0.4755519198828527,-0.4725317025802064,-0.6307482909400057,True,False,0.0005009390006307513,True
3.9,18.537,18.514,27.366666799998995,4.3666668,1,False,3.0951884332107134,-0.22211236532320852,0.11828233328482204,2.0760294401284383,-0.3655666902650321,2.9605483917530226,1.7793175007655513,0.12217462429260303,2.7777777778,2.7777777778,-0.3,2.7777777778,2.7777777778,-0.3,-0.5423313145493718,-0.4843080162144799,-0.4804157252066989,-0.602590349499302,True,False,0.0007808859954820946,True
4.0,18.637,18.616,25.366666800000104,4.3666668,1,False,3.308303491141718,-0.20086509529910773,0.0804444230626103,2.125513969413099,-0.37431272924635134,3.1719865271314847,1.80148876841727,0.08522080062408362,2.7777777778,2.7777777778,-0.3,2.7777777778,2.7777777778,-0.3,-0.5144604912870719,-0.49117834503413627,-0.48640196747266295,-0.5716227680967466,True,False,0.0005662169933202676,True
4.1,18.737,18.718,23.36666679999766,4.3666668,1,False,3.5269528559433097,-0.1874890197986319,0.041740620065944076,2.1718574033777815,-0.3825072872712043,3.389003345145112,1.8160042229291762,0.04737943486696254,2.7777777778,2.7777777778,-0.3,2.7777777778,2.7777777778,-0.3,-0.48393051755205607,-0.49595995499189605,-0.4903211401908776,-0.5377005750578401,True,False,0.0005628810031339526,True
4.2,18.837,18.82,21.366666799998768,4.3666668,1,False,3.7505330102322954,-0.18257157123257745,0.002225364405183276,2.2152505584262903,-0.3901840295835368,3.6110405365664517,1.8222760231880673,0.008693750243111469,2.7777777778,2.7777777778,-0.3,2.7777777778,2.7777777778,-0.3,-0.45063744885350066,-0.4984829120987064,-0.4920145262607782,-0.5007082765038896,True,False,0.0007009230030234903,True
4.3,18.937,18.922,19.366666799999877,4.3666668,1,False,3.9784152494274236,-0.1866521478249535,-0.038050232451067104,2.2558727895693376,-0.3973745864173509,3.8375040817871406,1.8197607819178059,-0.03079034479725852,2.7777777778,2.7777777778,-0.3,2.7777777778,2.7777777778,-0.3,-0.4144905596884942,-0.4985952987716162,-0.4913354111178076,-0.4605450663205491,True,False,0.0005471100012073293,True
4.4,19.037,19.024,17.366666799997432,4.3666668,1,False,4.209947510803309,-0.20022066832281848,-0.07903818704035366,2.2938923983894934,-0.4041086833851143,4.067775181960187,1.8079612911855212,-0.07102961737051902,2.7777777778,2.7777777778,-0.3,2.7777777778,2.7777777778,-0.3,-0.3754079381246146,-0.4961581182899254,-0.48814954862009075,-0.41711993124957175,True,False,0.0005178920036996715,True
4.5,19.137,19.126,15.36666679999854,4.3666668,1,False,4.444456470473046,-0.22371634636888854,-0.12069345587279778,2.329467219466756,-0.4104142818549658,4.301211426339518,1.7864278779581457,-0.11198327518833284,2.7777777778,2.7777777778,-0.3,2.7777777778,2.7777777778,-0.3,-0.3333170266743299,-0.4910457077331643,-0.48233552704869936,-0.3703522518603665,True,False,0.0009202459987136535,True
4.6,19.237,19.228,13.366666799996096,4.3666668,1,False,4.681249877508296,-0.25752668399594947,-0.16297376082405401,2.3627452757518927,-0.4163177180420189,4.537148307591992,1.7547596079330159,-0.15361274913493217,2.7777777778,2.7777777778,-0.3,2.7777777778,2.7777777778,-0.28815511050628395,-0.28815511050628395,-0.4831461058310362,-0.47378509414191433,-0.32017234500698216,False,False,0.0008130450005410239,True
4.7,19.337,19.33,11.366666800000758,4.3666668,1,False,4.919619088397346,-0.3019866859378921,-0.20583942820606937,2.393865449738804,-0.421843863213363,4.774900982274876,1.7126053317102166,-0.19588149434945157,2.7777777778,2.7777777778,-0.28815511050628395,2.7777777778,2.7777777778,-0.2398697506910762,-0.2398697506910762,-0.4723613734183763,-0.4624034395617585,-0.2665219452123069,False,False,0.00064298899815185,True
4.8,19.437,19.432,9.366666800001866,4.3666668,1,False,5.159019596088402,-0.35737057695439034,-0.24854535898873448,2.426118455019722,-0.4136051073925511,5.013943453472641,1.6596741515164903,-0.23804654913841242,2.7777777778,2.7777777778,-0.2398697506910762,2.7777777778,2.7777777778,-0.18905892459393595,-0.18905892459393595,-0.45861083075977443,-0.4481120209094524,-0.21006547177103993,False,False,0.0005781010040664114,True
4.9,19.537,19.534,7.366666799999422,4.3666668,1,False,5.399187382705075,-0.423656282328945,-0.2892907486979283,2.461353874960905,-0.38225522431827497,5.254021946715371,1.5959729691311848,-0.2783082375719261,2.7777777778,2.7777777778,-0.18905892459393595,2.7777777778,2.7777777778,-0.1373440176841445,-0.1373440176841445,-0.4418952127914222,-0.43091270166541995,-0.15260446409349387,False,False,0.000549825002963189,True
5.0,19.637,19.636,5.36666680000053,4.3666668,1,False,5.640231809582715,-0.5003157478337867,-0.3253644691755123,2.4998273835226614,-0.32562226724008336,5.495245032526088,1.5220180935888472,-0.31395574186464176,2.7777777778,2.7777777778,-0.1373440176841445,2.7777777778,2.7777777778,-0.08729022906391223,-0.08729022906391223,-0.42235361257985926,-0.41094488526898876,-0.09698914340434693,False,False,0.0005012490000808612,True
5.1,19.737,19.704,37.366666799997006,4.3666668,1,False,5.801469608007947,-0.5566079021159629,-0.345767671303409,2.525058688172386,-0.27381476498487817,5.656744738167817,1.4675898347811602,-0.3341069592228829,2.7777777778,2.7777777778,-0.08729022906391223,2.7777777778,2.7777777778,-0.05592806655122732,-0.05592806655122732,-0.40790996747143937,-0.39624925539091327,-0.06214229616803035,False,False,0.0006414660019800067,True
5.2,19.837,19.806,35.366666799998114,4.3666668,1,False,6.044099329211556,-0.6475535825102602,-0.37008134757996347,2.5575823417122545,-0.1979120385752947,5.899964357119186,1.379520836580672,-0.3580914779891381,2.7777777778,2.7777777778,-0.05592806655122732,2.7777777778,2.7777777778,-0.012941233098878997,-0.012941233098878997,-0.3844604954676068,-0.3724706258767814,-0.014379147887643329,False,False,0.000512360995344352,True
5.3,19.937,19.908,33.36666679999922,4.3666668,1,False,6.287669793701814,-0.7445619345175817,-0.3865837292908811,2.584671327390818,-0.12411624687611929,6.144333374503657,1.2854740359290804,-0.37432389511689007,2.7777777778,2.7777777778,-0.012941233098878997,2.7777777778,2.7777777778,0.024521314874434492,0.024521314874434492,-0.35933782387484275,-0.34707798970085174,0.027245905416038326,False,False,0.0005890230022487231,True
5.4,20.037,20.01,31.36666679999678,4.3666668,1,False,6.532285822439508,-0.8456666097357647,-0.3960831139454251,2.606859508753341,-0.05987697817854921,6.389921004368233,1.187402918542918,-0.38361314651868167,2.7777777778,2.7777777778,0.024521314874434492,2.7777777778,2.7777777778,0.05671292266088442,0.05671292266088442,-0.3330687554333313,-0.32059878800658786,0.0630143585120938,False,False,0.0005749650008510798,True
5.5,20.137,20.112,29.36666680000144,4.3666668,1,False,6.778183255322349,-0.9491115101093813,-0.39917736420898836,2.6254991527135094,0.0011091350650145346,6.636926593677756,1.0870520783328355,-0.38655777460976304,2.7777777778,2.7777777778,0.05671292266088442,2.7777777778,2.7777777778,0.08374834211390765,0.08374834211390765,-0.306123650749091,-0.2935040611498656,0.09305371345989738,False,False,0.0006094130003475584,True
5.6,20.237,20.214,27.366666799998995,4.3666668,1,False,7.025690579457582,-1.0532384261248797,-0.39617197534992044,2.6411563305124197,0.05863411730113937,6.885641227577953,0.9860690833541826,-0.3834641702605033,2.7777777778,2.7777777778,0.08374834211390765,2.7777777778,2.7777777778,0.10550296597938655,0.10550296597938655,-0.2789464575950465,-0.26623865250562934,0.11722551775487394,False,False,0.0006983580024098046,True
5.7,20.337,20.316,25.366666800000104,4.3666668,1,False,7.275161931286289,-1.1564704613927932,-0.38751898850077626,2.654389387316853,0.11073826037296759,7.136381590758011,0.8860200671188219,-0.37478560492925517,2.7777777778,2.7777777778,0.10550296597938655,2.7777777778,2.7777777778,0.12200416812645593,0.12200416812645593,-0.251958801693603,-0.23922541812208192,0.13556018680717324,False,False,0.0004896270038443618,True
5.8,20.437,20.418,23.366666800001212,4.3666668,1,False,7.526936168515073,-1.2573648601851408,-0.37388125832362507,2.665833938758979,0.15570569983431778,7.389450581051031,0.7883361744665597,-0.3611865272778494,2.7777777778,2.7777777778,0.12200416812645593,2.7777777778,2.7777777778,0.13350218415469045,0.13350218415469045,-0.2255454981517468,-0.21285076710597112,0.14833576017187827,False,False,0.0004919920029351488,True
5.9,20.537,20.52,21.366666799998768,4.3666668,1,False,7.7813131319757645,-1.354668310443555,-0.3561328655642049,2.676517228304518,0.1901928864967477,7.645107247221115,0.6942582734386076,-0.34353174824737,2.7777777778,2.7777777778,0.13350218415469045,2.7777777778,2.7777777778,0.14047381297705128,0.14047381297705128,-0.20005085114525906,-0.18744973382842406,0.15608201441894587,False,False,0.0004976720010745339,True
6.0,20.637,20.622,19.366666799999877,4.3666668,1,False,8.038552816061081,-1.4474103276711572,-0.33547571822130373,2.687440540221834,0.21259150431781965,7.903553400336568,0.6047524793999919,-0.3229709535832177,2.7777777778,2.7777777778,0.14047381297705128,2.7777777778,2.7777777778,0.1437190057306979,0.1437190057306979,-0.17578793407608384,-0.1632831694379978,0.1596877841452199,False,False,0.000504526004078798,True
6.1,20.737,20.724,17.366666799997432,4.3666668,1,False,8.29881222444937,-1.5349298901337978,-0.31308463072454346,2.6987207236222073,0.22474635403874577,8.164934776790945,0.5204820065847235,-0.3006719589180163,2.7777777778,2.7777777778,0.1437190057306979,2.7777777778,2.7777777778,0.14412763542612686,0.14412763542612686,-0.15294281358440254,-0.14053014177787537,0.16014181714014095,False,False,0.0005830709997098893,True
6.2,20.837,20.826,15.36666679999854,4.3666668,1,False,8.562112206012783,-1.616816633543707,-0.2898648521508947,2.7100952993344265,0.2295123381063273,8.429269613359981,0.4418580389071916,-0.27753983560035894,2.7777777778,2.7777777778,0.14412763542612686,2.7777777778,2.7777777778,0.1424143485858755,0.1424143485858755,-0.13162668705547748,-0.11930167050494174,0.15823816509541722,False,False,0.0006750520042260177,True
6.3,20.937,20.928,13.36666679999965,4.3666668,1,False,8.8283650394861,-1.6928456320619025,-0.2664454617103711,2.7213102210099573,0.22930586680145423,8.696469897039048,0.369105088899248,-0.2542034496099783,2.7777777778,2.7777777778,0.1424143485858755,2.7777777778,2.7777777778,0.13909056804646322,0.13909056804646322,-0.11190038610318974,-0.09965837400279697,0.15454507560718134,False,False,0.0005471299955388531,True
6.4,21.037,21.03,11.366666799997205,4.3666668,1,False,9.097413646892576,-1.7629239848462457,-0.2432432111045875,2.7321907627884374,0.2258053831686883,8.9663798417637,0.30231492929210274,-0.23107932593081218,2.7777777778,2.7777777778,0.13909056804646322,2.7777777778,2.7777777778,0.13450886551975,0.13450886551975,-0.09378891608264306,-0.08162503090886775,0.14945429502194443,False,False,0.0005572899972321466,True
6.5,21.137,21.132,9.366666799998313,4.3666668,1,False,9.36906684525462,-1.8270573098058887,-0.22056772447104947,2.742783943005093,0.21936423502859312,9.238810669172787,0.24148054609676142,-0.20847686494559894,2.7777777778,2.7777777778,0.13450886551975,2.7777777778,2.7777777778,0.12894940574952604,0.12894940574952604,-0.07729060697157611,-0.06519974744612558,0.14327711749947336,False,False,0.0005579110002145171,True
6.6,21.237,21.234,7.366666799995869,4.3666668,1,False,9.643112445829626,-1.8853253474778318,-0.19860295981230322,2.7528608885452788,0.21146966179328786,9.513553361844862,0.1865206960401691,-0.1865798107931563,2.7777777778,2.7777777778,0.12894940574952604,2.7777777778,2.7777777778,0.12259730057607958,0.12259730057607958,-0.06238373694999258,-0.05036058793084566,0.13621922286231064,False,False,0.0005226310022408143,True
6.7,21.337,21.336,5.36666680000053,4.3666668,1,False,9.919331946971882,-1.9378630303627966,-0.1775067418148961,2.7624017638298586,0.20227076348308856,9.790393091617291,0.13729900993058175,-0.1655457898677117,2.7777777778,2.7777777778,0.12259730057607958,2.7777777778,2.7777777778,0.11562755146780918,0.11562755146780918,-0.04903168462844146,-0.037070732681257074,0.12847505718645463,False,False,0.0005202669999562204,True
6.8,21.437,21.404,37.36666680000056,4.3666668,1,False,10.104578311482836,-1.9697915266573156,-0.16398556319255092,2.7687453920135123,0.19269965724563848,9.976012213085289,0.10758486981938137,-0.15206292309906316,2.7777777778,2.7777777778,0.11562755146780918,2.7777777778,2.7777777778,0.11071350742304717,0.11071350742304717,-0.040970554944720725,-0.02904791485123297,0.12301500824783018,False,False,0.0006496220012195408,True
6.9,21.537,21.506,35.366666799998114,4.3666668,1,False,10.383940416464823,-2.0132119888533135,-0.14462288087890782,2.7773327759490116,0.18155485232285176,10.255875688296701,0.0674906415891559,-0.13275285748929266,2.7777777778,2.7777777778,0.11071350742304717,2.7777777778,2.7777777778,0.10307734583419849,0.10307734583419849,-0.030092496618687275,-0.018222473229072094,0.11453038426022054,False,False,0.0005493139979080297,True
7.0,21.637,21.608,33.36666679999922,4.3666668,1,False,10.66490160238321,-2.051484940425782,-0.12633859172769638,2.785048407129719,0.17279623484632817,10.537272890215647,0.03254861159252497,-0.11451523158950941,2.7777777778,2.7777777778,0.10307734583419849,2.7777777778,2.7777777778,0.0951543958135749,0.0951543958135749,-0.02061148526816871,-0.008788125129981743,0.10572710645952767,False,False,0.0005047070008004084,True
7.1,21.737,21.71,31.36666679999678,4.3666668,1,False,10.947259241798458,-2.0848303995300306,-0.10899687914989849,2.7923552150074697,0.16201869816329137,10.820005143473118,0.002537935950250915,-0.0972140986124281,2.7777777778,2.7777777778,0.0951543958135749,2.7777777778,2.7777777778,0.0868759703152743,0.0868759703152743,-0.012468023244038142,-0.0006852427065677471,0.09652885590586034,False,False,0.0005595339971478097,True
7.2,21.837,21.812,29.366666799997887,4.3666668,1,False,11.230859271355282,-2.11351043373281,-0.0928446969273606,2.7992404382566005,0.1496202004164161,11.103922625174059,-0.02280362040555486,-0.08109630490064741,2.7777777778,2.7777777778,0.0868759703152743,2.7777777778,2.7777777778,0.0785279541691325,0.0785279541691325,-0.0055914145172133705,0.006156977509499813,0.08725328241014722,False,False,0.0005751760036218911,True
7.3,21.937,21.914,27.366666799998995,4.3666668,1,False,11.515550030431443,-2.137849194663663,-0.07802037371571574,2.805664212443987,0.1363141922488779,11.388878441102328,-0.04380027663905478,-0.06630008512302293,2.7777777778,2.7777777778,0.0785279541691325,2.7777777778,2.7777777778,0.07031354383401095,0.07031354383401095,0.0001057860998519844,0.011826074692544791,0.07812615981556773,False,False,0.0005400059962994419,True
7.4,22.037,22.016,25.366666800000104,4.3666668,1,False,11.801189243073706,-2.158207420544494,-0.06459211830446286,2.8116096875705514,0.12260047990259319,11.674735312427696,-0.06081266792608276,-0.05289356778017672,2.7777777778,2.7777777778,0.07031354383401095,2.7777777778,2.7777777778,0.06238168930819716,0.06238168930819716,0.004720869815756201,0.016419420340042346,0.06931298812021906,False,False,0.0005207680005696602,True
7.5,22.137,22.118,23.366666800001212,4.3666668,1,False,12.087647807905409,-2.1749621613918317,-0.05256340417957513,2.8170963636579742,0.10861771128951293,11.961369141499297,-0.07421753753939732,-0.04088015894959159,2.7777777778,2.7777777778,0.06238168930819716,2.7777777778,2.7777777778,0.05482700467670598,0.05482700467670598,0.008355489905653737,0.020038735135637278,0.06091889408522887,False,False,0.0006299030064838007,True
7.6,22.237,22.22,21.366666799998768,4.3666668,1,False,12.37481234660722,-2.188491045795145,-0.04188615355373434,2.8221412263876027,0.0946259403951326,12.248671395342983,-0.08439198413721363,-0.03021172496310983,2.7777777778,2.7777777778,0.05482700467670598,2.7777777778,2.7777777778,0.047697804612141764,0.047697804612141764,0.011111407126423174,0.022785835717047682,0.05299756068015751,False,False,0.0005951040002400987,True
7.7,22.337,22.322,19.366666799999877,4.3666668,1,False,12.662586634289827,-2.1991635038328763,-0.03249143742358,2.8266821921126444,0.08275383085160216,12.536550455308767,-0.09170467665669821,-0.020819290764258966,2.7777777778,2.7777777778,0.047697804612141764,2.7777777778,2.7777777778,0.041021598115410736,0.041021598115410736,0.013088116037987482,0.024760262697308518,0.04557955346156748,False,False,0.0005497849997482263,True
7.8,22.437,22.424,17.366666800000985,4.3666668,1,False,12.950892618536296,-2.2073349418718737,-0.02435854036173052,2.8308207792630284,0.07203215952930095,12.824932590699486,-0.09651002423620203,-0.012682102803229067,2.7777777778,2.7777777778,0.041021598115410736,2.7777777778,2.7777777778,0.03486582841230326,0.03486582841230326,0.014381268985273098,0.02605770654377455,0.03873980934700362,False,False,0.0005746539973188192,True
7.9,22.537,22.526,15.36666679999854,4.3666668,1,False,13.239662470382054,-2.2133409106325588,-0.017405897031483573,2.8346361670466202,0.06129133105195744,13.113753964390463,-0.09914244255728581,-0.005718563943156649,2.7777777778,2.7777777778,0.03486582841230326,2.7777777778,2.7777777778,0.02923832109026144,0.02923832109026144,0.015081126402140248,0.026768459490467172,0.03248702343362382,False,False,0.0005318900002748705,True
8.0,22.637,22.628,13.36666679999965,4.3666668,1,False,13.528838166116532,-2.2174954633650077,-0.011495711108386925,2.8381232727940056,0.05171293451464306,13.402960216282192,-0.09991472098559231,0.00020914868984961944,2.7777777778,2.7777777778,0.02923832109026144,2.7777777778,2.7777777778,0.02409104337863428,0.02409104337863428,0.015272114867873384,0.02697697466610993,0.02676782597626031,False,False,0.0005455859936773777,True
8.1,22.737,22.73,11.366666799997205,4.3666668,1,False,13.818375814878708,-2.2200914371373934,-0.00659160413798762,2.841330135668107,0.04268823257716897,13.692510812988434,-0.09911825614317783,0.005137436324632624,2.7777777778,2.7777777778,0.02409104337863428,2.7777777778,2.7777777778,0.01946204355062285,0.01946204355062285,0.015032888696037774,0.026761929158658018,0.02162449283402539,False,False,0.0005900250034756027,True
8.2,22.837,22.832,9.366666799998313,4.3666668,1,False,14.10823544021165,-2.2213932740984035,-0.00252613052821748,2.8442656168804827,0.03532506665977806,13.982368762820222,-0.09701599530345076,0.009233763908388266,2.7777777778,2.7777777778,0.01946204355062285,2.7777777778,2.7777777778,0.0152644993411891,0.0152644993411891,0.014434424295325963,0.026194318731931707,0.016960554823543444,False,False,0.0005875599963474087,True
8.3,22.937,22.934,7.366666799999422,4.3666668,1,False,14.398387187146334,-2.2216299727282545,0.0007660500261175506,2.8469870767687793,0.028466248007145874,14.272506753250735,-0.09383531694358098,0.012563488941344438,2.7777777778,2.7777777778,0.0152644993411891,2.7777777778,2.7777777778,0.011494841970080185,0.011494841970080185,0.013538096659539978,0.025335535574766865,0.012772046633422428,False,False,0.0004949569993186742,True
8.4,23.037,23.036,5.3666667999969775,4.3666668,1,False,14.688804485983379,-2.2210169223142904,0.0033521255500702893,2.8494606595305987,0.022462568260875625,14.562900583287956,-0.08978994497815553,0.01519381450974448,2.7777777778,2.7777777778,0.011494841970080185,2.7777777778,2.7777777778,0.008144523570921764,0.008144523570921764,0.012401596184427804,0.024243285144101994,0.009049470634357515,False,False,0.0005312290013534948,True
8.5,23.137,23.104,37.36666680000056,4.3666668,1,False,14.882548595039982,-2.2202269099737495,0.004763717033064944,2.8509448492309555,0.01920089259380527,14.756624634918335,-0.0867026133152574,0.01663863734274113,2.7777777778,2.7777777778,0.008144523570921764,2.7777777778,2.7777777778,0.006093961427140533,0.006093961427140533,0.011534785285443314,0.023409705595119498,0.00677106825237837,False,False,0.0008965800006990321,True
8.6,23.237,23.206,35.366666799998114,4.3666668,1,False,15.173338888457357,-2.2185852895042184,0.006440417302509157,2.8528753406394305,0.014516671889792014,15.047379457135419,-0.08160017915755355,0.018370788246824418,2.7777777778,2.7777777778,0.006093961427140533,2.7777777778,2.7777777778,0.003295134113143538,0.003295134113143538,0.010101677428224199,0.02203204837253946,0.003661260125715042,False,False,0.0006013769962009974,True
8.7,23.337,23.308,33.36666679999922,4.3666668,1,False,15.46430060444314,-2.216530582941636,0.007603659232573889,2.8543294233214653,0.010078480994094407,15.338300683534163,-0.07606553794499617,0.019596208822084016,2.7777777778,2.7777777778,0.003295134113143538,2.7777777778,2.7777777778,0.0008473377807584546,0.0008473377807584546,0.008545145655638839,0.020537695245148965,0.0009414864230649496,False,False,0.000579494000703562,True
8.8,23.437,23.41,31.36666680000033,4.3666668,1,False,15.755390357552448,-2.2141980099818626,0.00836316887674834,2.8556130489480096,0.0066175725316437745,15.62934637134589,-0.07023244330119995,0.020424625362095737,2.7777777778,2.7777777778,0.0008473377807584546,2.7777777778,2.7777777778,-0.001315679103694577,-0.001315679103694577,0.0069013032059765875,0.018962759691323987,-0.001461865670771752,False,False,0.0004973120012436993,True
8.9,23.537,23.512,29.366666799997887,4.3666668,1,False,16.046634341554725,-2.211698209805799,0.008709532484759428,2.857383885679169,0.0012220606977626524,15.920543877912097,-0.06420923189562065,0.020846639140821695,2.7777777778,2.7777777778,-0.001315679103694577,2.7777777778,2.7777777778,-0.003159131876103707,-0.003159131876103707,0.005199385955755309,0.017336492611817578,-0.0035101465290041187,False,False,0.0005176809936529025,True
9.0,23.637,23.614,27.366666799998995,4.3666668,1,False,16.338079499922998,-2.209167831432071,0.008633958528418115,2.8594885018496528,-0.0006380075509309722,16.211941650749633,-0.05812998099217561,0.020853482228877094,2.7777777778,2.7777777778,-0.003159131876103707,2.7777777778,2.7777777778,-0.004642548624890712,-0.004642548624890712,0.003475571167428436,0.015695094867887414,-0.0051583873609896795,False,False,0.0005024619968025945,True
9.1,23.737,23.716,25.36666679999655,4.3666668,1,False,16.6297448020345,-2.2066717060469787,0.008465149417657514,2.861707982018623,-0.0016255343381268925,16.50355932119671,-0.05205727668522175,0.020773875801678877,2.7777777778,2.7777777778,-0.004642548624890712,2.7777777778,2.7777777778,-0.006046569987002105,-0.006046569987002105,0.0017467383209885095,0.014055464705009872,-0.006718411096669005,False,False,0.0005134439998073503,True
9.2,23.837,23.818,23.36666679999766,4.3666668,1,False,16.921636447859324,-2.204242177344119,0.008106516832670716,2.863795086604829,-0.005641833558784169,16.795403263749574,-0.04602152108166232,0.02050891941372834,2.7777777778,2.7777777778,-0.006046569987002105,2.7777777778,2.7777777778,-0.007274797849511564,-0.007274797849511564,2.340811099120141e-05,0.012425810692048827,-0.008083108721679515,False,False,0.0005345749959815294,True
9.3,23.937,23.92,21.366666799998768,4.3666668,1,False,17.213716831980054,-2.2019782027261963,0.007317771233142385,2.8654102019583414,-0.009578452892893646,17.087436770980272,-0.040121910319602216,0.01981150205335304,2.7777777778,2.7777777778,-0.007274797849511564,2.7777777778,2.7777777778,-0.0080807276403544,-0.0080807276403544,-0.0016608150339180588,0.010832915786292599,-0.008978586267060445,False,False,0.0005660280003212392,True
9.4,24.038,24.022,20.3666668000011,4.3666668,1,False,17.50595153999329,-2.19999596183717,0.006197209662851929,2.866828877765757,-0.012111108213831226,17.379626958800195,-0.03447581481069067,0.01877946660749803,2.7777777778,2.7777777778,-0.0080807276403544,2.7777777778,2.7777777778,-0.008523896947750392,-0.008523896947750392,-0.003273786945759617,0.00930846999888648,-0.009470996608611545,False,False,0.0006004260067129508,True
9.5,24.137,24.124,17.366666800000985,4.3666668,1,False,17.79833243049234,-2.1983721187889502,0.004881561642340731,2.868245470823318,-0.013493429287600842,17.67196677461635,-0.029160787072507147,0.017549536517106962,2.7777777778,2.7777777778,-0.008523896947750392,2.7777777778,2.7777777778,-0.008708511606777027,-0.008708511606777027,-0.004794562365189299,0.00787341250957693,-0.00967612400753003,False,False,0.00048118000268004835,True
9.6,24.237,24.226,15.36666679999854,4.3666668,1,False,18.09085905503934,-2.1971491487833434,0.0034650160896819433,2.8696331975631666,-0.01416157989022476,17.964456443677662,-0.024220100274291844,0.01621589690159339,2.7777777778,2.7777777778,-0.008708511606777027,2.7777777778,2.7777777778,-0.008708822844781132,-0.008708822844781132,-0.006211453737852648,0.006539427074058799,-0.009676469827534591,False,False,0.0005975989988655783,True
9.7,24.337,24.328,13.36666679999965,4.3666668,1,False,18.38352410434131,-2.196347632622044,0.002006927779225618,2.8709258721671636,-0.01435934269011768,18.257089058138043,-0.019675225368893826,0.014837896788577162,2.7777777778,2.7777777778,-0.008708822844781132,2.7777777778,2.7777777778,-0.008573027345078246,-0.008573027345078246,-0.0075186581597502114,0.0053123108496013335,-0.009525585938975829,False,False,0.0005600149961537682,True
9.8,24.437,24.43,11.366666800000758,4.3666668,1,False,18.6763168082725,-2.195973795766551,0.0005478353027609445,2.8721225967587802,-0.01422735921537426,18.549854064516882,-0.015533328408584672,0.013456068326774283,2.7777777778,2.7777777778,-0.008573027345078246,2.7777777778,2.7777777778,-0.00833586269081078,-0.00833586269081078,-0.008714234353695477,0.004193998670317862,-0.009262069656456422,False,False,0.0005810869988636114,True
9.9,24.537,24.532,9.366666799998313,4.3666668,1,False,18.969227863253494,-2.196023899146866,-0.0008844498680856193,2.873244729733002,-0.013875780052616039,18.842742241748706,-0.01179159818381728,0.012098217267441695,2.7777777778,2.7777777778,-0.00833586269081078,2.7777777778,2.7777777778,-0.008023037182029926,-0.008023037182029926,-0.009798935625896649,0.0031837315096306658,-0.008914485757811029,False,False,0.0004989149965695105,True
10.0,24.637,24.634,7.366666799999422,4.3666668,1,False,19.262249725358924,-2.1964875503020256,-0.0022719824590162526,2.8743028570219917,-0.013384589368320307,19.13574603368266,-0.008440552485575308,0.010782283901870329,2.7777777778,2.7777777778,-0.008023037182029926,2.7777777778,2.7777777778,-0.007653001257688496,-0.007653001257688496,-0.010775317189781246,0.002278949171105333,-0.008503334730764995,False,False,0.0005112689977977425,True
10.1,24.737,24.736,5.3666667999969775,4.3666668,1,False,19.55537541174476,-2.1973500847078413,-0.003603125490643979,2.8752980332429616,-0.012797801134722554,19.42885837961876,-0.005466434127711322,0.009519900613897434,2.7777777778,2.7777777778,-0.007653001257688496,2.7777777778,2.7777777778,-0.00723956705947384,-0.00723956705947384,-0.011647088890059356,0.001475937214482057,-0.008043963399415377,False,False,0.0005572199952439405,True
10.2,24.837,24.804,37.36666680000056,4.3666668,1,False,19.750846823585597,-2.1981382194156835,-0.0044546162107919444,2.87592763295271,-0.012257995631070355,19.624323465857906,-0.0036850517402259634,0.00871267008646211,2.7777777778,2.7777777778,-0.00723956705947384,2.7777777778,2.7777777778,-0.00694593550494099,-0.00694593550494099,-0.012172322327393044,0.0009949639698610103,-0.0077177061166011,False,False,0.0005768390037701465,True
10.3,24.937,24.906,35.36666680000167,4.3666668,1,False,20.044130490834856,-2.1996253052335115,-0.0056733376037662155,2.8768219861036797,-0.011544329454253667,19.91760137288795,-0.0013009126021421846,0.007557966515839498,2.7777777778,2.7777777778,-0.00694593550494099,2.7777777778,2.7777777778,-0.006486048101934996,-0.006486048101934996,-0.012880057717027323,0.0003512464025783899,-0.007206720113261107,False,False,0.0004923109954688698,True
10.4,25.037,25.008,33.36666679999922,4.3666668,1,False,20.337500547994978,-2.201459754909978,-0.006822018536733582,2.8776603770669538,-0.010951123194225355,20.210969976081536,0.0007553959726262053,0.006470453103550438,2.7777777778,2.7777777778,-0.006486048101934996,2.7777777778,2.7777777778,-0.0060069690145435626,-0.0060069690145435626,-0.013496428552893095,-0.00020395691260907545,-0.006674410016159514,False,False,0.0005174909965717234,True
10.5,25.137,25.11,31.36666680000033,4.3666668,1,False,20.63095122668095,-2.203623038417358,-0.007908554195598426,2.8784474356390968,-0.01026799461678578,20.504423339108115,0.0025014999466957833,0.005442231190423986,2.7777777778,2.7777777778,-0.0060069690145435626,2.7777777778,2.7777777778,-0.005505872558428664,-0.005505872558428664,-0.014026190371630274,-0.0006754049856078615,-0.006117636176031848,False,False,0.0005434229969978333,True
10.6,25.237,25.212,29.366666799997887,4.3666668,1,False,20.924477278116942,-2.2060949492213098,-0.008918645775749641,2.8791864246647108,-0.009474781382702522,20.797956013075478,0.003956705814963615,0.004487596408003662,2.7777777778,2.7777777778,-0.005505872558428664,2.7777777778,2.7777777778,-0.005000316280239454,-0.005000316280239454,-0.014474552753793479,-0.0010683105700401761,-0.005555906978043838,False,False,0.0005179820000194013,True
10.7,25.337,25.314,27.366666799998995,4.3666668,1,False,21.218073860806356,-2.208851696122887,-0.00984334587892655,2.879880444924486,-0.008617475312816274,21.091562898587245,0.005143907370975335,0.003615493233810048,2.7777777778,2.7777777778,-0.005000316280239454,2.7777777778,2.7777777778,-0.00450391340157605,-0.00450391340157605,-0.014847694102899938,-0.0013888549901633406,-0.005004348223973389,False,False,0.0005127920012455434,True
10.8,25.437,25.416,25.366666800000104,4.3666668,1,False,21.511736518273736,-2.2118675511277277,-0.010678444783786784,2.8805321888525173,-0.007741248519701115,21.385239245403177,0.006087937925231524,0.0028301287036181892,2.7777777778,2.7777777778,-0.00450391340157605,2.7777777778,2.7777777778,-0.004026484749087631,-0.004026484749087631,-0.015152316727217485,-0.0016437432398125117,-0.004473871943430701,False,False,0.0005467299997690134,True
10.9,25.537,25.518,23.36666679999766,4.3666668,1,False,21.805461126059242,-2.2151161430043165,-0.011423798087146551,2.881144041294423,-0.006879574293139929,21.67898061717183,0.006814276370074324,0.002131644747674468,2.7777777778,2.7777777778,-0.004026484749087631,2.7777777778,2.7777777778,-0.003574349430835082,-0.003574349430835082,-0.015395297454741086,-0.0018398546199200675,-0.003971499367594535,False,False,0.000536138002644293,True
11.0,25.637,25.62,21.366666799998768,4.3666668,1,False,22.09924385222197,-2.218571500620087,-0.012082208749237332,2.8817182473352303,-0.006054865653577368,21.97278286669536,0.007348003602939433,0.0015172361264875096,2.7777777778,2.7777777778,-0.003574349430835082,2.7777777778,2.7777777778,-0.0031510773893530415,-0.0031510773893530415,-0.01558340584851849,-0.001983960972793647,-0.0035011970992811572,False,False,0.00047674099914729595,True
11.1,25.737,25.722,19.366666799996324,4.3666668,1,False,22.39308113042457,-2.2222087481688733,-0.01265827780754636,2.8822569601887094,-0.005279707147801921,22.26664211931344,0.0077131071777928285,0.0009822997005812777,2.7777777778,2.7777777778,-0.0031510773893530415,2.7777777778,2.7777777778,-0.0027583547747268085,-0.0027583547747268085,-0.015723116446131703,-0.002082538938004064,-0.003064838638585343,False,False,0.0005233529955148697,True
11.2,25.837,25.824,17.366666799997432,4.3666668,1,False,22.686969634841237,-2.2260045022562753,-0.013157545421316481,2.882762209014332,-0.0045600777164653715,22.56055475417645,0.007932084079290158,0.0005212933702931008,2.7777777778,2.7777777778,-0.0027583547747268085,2.7777777778,2.7777777778,-0.0023966604645313003,-0.0023966604645313003,-0.015820501493017926,-0.0021416627014083428,-0.0026629560717014444,False,False,0.0005564890016103163,True
11.3,25.937,25.926,15.366666800002093,4.3666668,1,False,22.980906254960217,-2.229937062327653,-0.013585938613423729,2.883235885135476,-0.003897982459030146,22.85451738261798,0.008025750117562422,0.00012828831895960423,2.7777777778,2.7777777778,-0.0023966604645313003,2.7777777778,2.7777777778,-0.0020657167656313135,-0.0020657167656313135,-0.01588117946412519,-0.002166952531741854,-0.0022952408507014594,False,False,0.0005268099994282238,True
11.4,26.037,26.028,13.36666679999965,4.3666668,1,False,23.274888077598,-2.2339864757080847,-0.013949457254871917,2.8836798085996396,-0.003293297358135182,23.148526831988843,0.008013174783023436,-0.00020271698467007676,2.7777777778,2.7777777778,-0.0020657167656313135,2.7777777778,2.7777777778,-0.0017647561860716255,-0.0017647561860716255,-0.015910297461618168,-0.0021635571914163276,-0.0019608402067462505,False,False,0.0005527819957933389,True
11.5,26.137,26.13,11.366666800000758,4.3666668,1,False,23.568912355415183,-2.238134534241713,-0.01425401174281362,2.884095541139218,-0.0027448349198749946,23.442580114991866,0.007911684296327048,-0.000477634477988452,2.7777777778,2.7777777778,-0.0017647561860716255,2.7777777778,2.7777777778,-0.0014926682538178668,-0.0014926682538178668,-0.015912532024833472,-0.002136154760008303,-0.001658520282019852,False,False,0.0005648450023727491,True
11.6,26.237,26.232,9.366666799998313,4.3666668,1,False,23.86297650350905,-2.2423647370139084,-0.014505343717469454,2.884484716427483,-0.0022508609549817633,23.73667442654765,0.0077368989454601675,-0.0007022072308112467,2.7777777778,2.7777777778,-0.0014926682538178668,2.7777777778,2.7777777778,-0.0012480799360166995,-0.0012480799360166995,-0.015892099201932453,-0.0020889627152742454,-0.0013867554844629994,False,False,0.000515056999574881,True
11.7,26.337,26.334,7.366666799999422,4.3666668,1,False,24.157078084581634,-2.246662234926123,-0.01470897830421351,2.8848488361132665,-0.001809239514530758,24.030807128905966,0.00750278840189714,-0.0008819616975383297,2.7777777778,2.7777777778,-0.0012480799360166995,2.7777777778,2.7777777778,-0.0010294120538765065,-0.0010294120538765065,-0.015852769475187406,-0.002025752868512228,-0.0011437911709738962,False,False,0.000546208000741899,True
11.8,26.437,26.436,5.36666680000053,4.3666668,1,False,24.45121479784647,-2.25101376268516,-0.014870183702253612,2.8851893366242227,-0.0014173808574381853,24.324975740241335,0.007221739663101905,-0.0010221673148032434,2.7777777778,2.7777777778,-0.0010294120538765065,2.7777777778,2.7777777778,-0.0008349321548108455,-0.0008349321548108455,-0.015797886096487884,-0.0019498697090375144,-0.0009277023942342727,False,False,0.000594523997278884,True
11.9,26.537,26.504,37.366666799997006,4.3666668,1,False,24.647324379318363,-2.2539389848088702,-0.014956475469081557,2.885403916555695,-0.0011258984934871621,24.52110693856621,0.007013676791185765,-0.0010960599893107634,2.7777777778,2.7777777778,-0.0008349321548108455,2.7777777778,2.7777777778,-0.0007178694698784538,-0.0007178694698784538,-0.01575410821339095,-0.0018936927336201568,-0.0007976327443093931,False,False,0.000604362998274155,True
12.0,26.637,26.606,35.366666799998114,4.3666668,1,False,24.941514881640323,-2.2583551133953628,-0.015057735791364926,2.8857081188312628,-0.0008171037505491004,24.81533028197918,0.0066778978721532874,-0.0011811236227076052,2.7777777778,2.7777777778,-0.0007178694698784538,2.7777777778,2.7777777778,-0.0005597179224964057,-0.0005597179224964057,-0.01567964459413871,-0.0018030324254813877,-0.0006219088027737841,False,False,0.0005275009971228428,True
12.1,26.737,26.708,33.36666679999922,4.3666668,1,False,25.235734990949336,-2.262797094051265,-0.015131260634237021,2.885992185930121,-0.0006177624815282443,25.109583617694796,0.006321021711325113,-0.0012413350280739317,2.7777777778,2.7777777778,-0.0005597179224964057,2.7777777778,2.7777777778,-0.000418806750585464,-0.000418806750585464,-0.01559660146822087,-0.0017066758620577806,-0.00046534083398384885,False,False,0.0004964299951097928,True
12.2,26.837,26.81,31.36666680000033,4.3666668,1,False,25.529982791733335,-2.267258490500752,-0.015187101817506128,2.8862569427925893,-0.0004447794378411795,25.403864938750502,0.005948609595679524,-0.0012867469934119986,2.7777777778,2.7777777778,-0.000418806750585464,2.7777777778,2.7777777778,-0.00028743983767932533,-0.00028743983767932533,-0.015506479414927601,-0.0016061245908334716,-0.00031937759742147256,False,False,0.0006200540010468103,True
12.3,26.937,26.912,29.36666680000144,4.3666668,1,False,25.824256464693722,-2.271733970544905,-0.01522379947871643,2.8865039784981987,-0.0002468969339569515,25.698172349178343,0.005565119590211297,-0.00131590056569985,2.7777777778,2.7777777778,-0.00028743983767932533,2.7777777778,2.7777777778,-0.00016801355129148106,-0.00016801355129148106,-0.015410481202373632,-0.0015025822893570502,-0.00018668172365720118,False,False,0.0004819309979211539,True
12.4,27.037,27.014,27.366666799998995,4.3666668,1,False,26.11855439268969,-2.2762174739490852,-0.015239703601318657,2.8867348692363115,-9.0504462920849e-05,25.99250414464882,0.005175740000971106,-0.0013271465836307578,2.7777777778,2.7777777778,-0.00016801355129148106,2.7777777778,2.7777777778,-6.327289496829685e-05,-6.327289496829685e-05,-0.015310006817950098,-0.0013974498002621988,-7.030321663144094e-05,False,False,0.0005689629979315214,True
12.5,27.137,27.116,25.366666800000104,4.3666668,1,False,26.412874968195965,-2.280703913007021,-0.015242918090179044,2.886948979930661,-5.9226532403182056e-06,26.286858643729182,0.004784686346318826,-0.0013285897627109602,2.7777777778,2.7777777778,-6.327289496829685e-05,2.7777777778,2.7777777778,3.30520042843889e-05,3.30520042843889e-05,-0.015206193640974168,-0.001291865313506083,3.672444920487655e-05,False,False,0.00047930599976098165,True
12.6,27.237,27.218,23.36666679999766,4.3666668,1,False,26.707216633378508,-2.285190912871424,-0.015243213363520304,2.8871490591177382,-3.172834361469423e-06,26.581234252321824,0.004393461794701546,-0.0013300012888894947,2.7777777778,2.7777777778,3.30520042843889e-05,2.7777777778,2.7777777778,0.000129389943888069,0.000129389943888069,-0.015099446759200228,-0.0011862346845694176,0.00014376660432007665,False,False,0.0005384929972933605,True
12.7,27.337,27.32,21.366666799998768,4.3666668,1,False,27.00157806018618,-2.28967823672981,-0.015243119576533362,2.887336651325666,6.150512828606752e-06,26.875629635820065,0.004001434478199197,-0.0013339120496395213,2.7777777778,2.7777777778,0.000129389943888069,2.7777777778,2.7777777778,0.00022817226647316394,0.00022817226647316394,-0.014989594836007624,-0.0010803873091137833,0.0002535247405257377,False,False,0.0005610480002360418,True
12.8,27.437,27.422,19.366666799999877,4.3666668,1,False,27.29595800576865,-2.294165669954522,-0.015241030249657157,2.8875120854041514,5.342086816110277e-05,27.17004354510314,0.0036079511584884193,-0.0013387162700456545,2.7777777778,2.7777777778,0.00022817226647316394,2.7777777778,2.7777777778,0.00032811251152840224,0.00032811251152840224,-0.014876460792403377,-0.0009741468127918733,0.0003645694572537803,False,False,0.0005651050014421344,True
12.9,27.537,27.524,17.366666799997432,4.3666668,1,False,27.59035522144435,-2.2986516962674215,-0.015230868218975466,2.887674672853369,0.00014969096964231093,27.464474707110107,0.0032136596974763477,-0.001338337463220771,2.7777777778,2.7777777778,0.00032811251152840224,2.7777777778,2.7777777778,0.00042358441041194153,0.00042358441041194153,-0.014760218874073309,-0.0008676881183186139,0.00047064934490215725,False,False,0.0005976199972792529,True
13.0,27.637,27.626,15.36666679999854,4.3666668,1,False,27.88476840897807,-2.303133556082004,-0.01521149874727534,2.8878239736527758,0.00022488323969728404,27.758921782002478,0.002820450144894666,-0.0013316415381359158,2.7777777778,2.7777777778,0.00042358441041194153,2.7777777778,2.7777777778,0.0005131079991129208,0.0005131079991129208,-0.014641378748260983,-0.0007615215391215599,0.0005701199990143565,False,False,0.0005616679991362616,True
13.1,27.737,27.728,13.366666799996096,4.3666668,1,False,28.179196257228952,-2.307608940494272,-0.015185948447830644,2.887960264209297,0.00025791883219360905,28.0533834234168,0.0024297614536341297,-0.0013216557236072398,2.7777777778,2.7777777778,0.0005131079991129208,2.7777777778,2.7777777778,0.0005990581180134228,0.0005990581180134228,-0.014520328316704618,-0.000656035592481215,0.0006656201311260253,False,False,0.0006334400022751652,True
13.2,27.837,27.83,11.366666800000758,4.3666668,1,False,28.473637483684517,-2.312076389058293,-0.015156520561477276,2.888083978209083,0.00028632870323596385,28.34785832552245,0.0020421843500354983,-0.001310683848222709,2.7777777778,2.7777777778,0.0005990581180134228,2.7777777778,2.7777777778,0.0006833646663418123,0.0006833646663418123,-0.014397226487764151,-0.0005513897745095846,0.0007592940737131248,False,False,0.0006612150027649477,True
13.3,27.937,27.932,9.366666800001866,4.3666668,1,False,28.768090826217026,-2.316534893509606,-0.015123947589922257,2.888195104793361,0.00033708793419378317,28.642345209259254,0.0016578574866063405,-0.0012994589745717962,2.7777777778,2.7777777778,0.0006833646663418123,2.7777777778,2.7777777778,0.0007666537078692753,0.0007666537078692753,-0.014272110136734174,-0.00044762152138371196,0.0008518374531880837,False,False,0.0007526460030931048,True
13.4,28.037,28.034,7.366666799999422,4.3666668,1,False,29.062555011741537,-2.3209834770494004,-0.015088054136804181,2.888293539301834,0.00036887823551112785,28.936842785162426,0.0012768877131358396,-0.0012878062383670354,2.7777777778,2.7777777778,0.0007666537078692753,2.7777777778,2.7777777778,0.0008487419002383222,0.0008487419002383222,-0.014145007580983823,-0.0003447596825466767,0.000943046555820358,False,False,0.0004921010040561669,True
13.5,28.137,28.136,5.36666680000053,4.3666668,1,False,29.357028733076554,-2.3254211448495465,-0.015048863874101051,2.8883787783932,0.00040348948014663684,29.231349729551116,0.0008993992800343098,-0.0012757498120199023,2.7777777778,2.7777777778,0.0008487419002383222,2.7777777778,2.7777777778,0.0009296208057695743,0.0009296208057695743,-0.014015951867690413,-0.00024283780560926366,0.001032912006410638,False,False,0.0005956759996479377,True
13.6,28.237,28.204,37.366666799997006,4.3666668,1,False,29.553349184354403,-2.328373048943741,-0.015020974332495798,2.8884281336561872,0.0004335186330760527,29.427692228705823,0.0006497210310848743,-0.0012675570153892445,2.7777777778,2.7777777778,0.0009296208057695743,2.7777777778,2.7777777778,0.0009829191032966948,0.0009829191032966948,-0.01392884199549947,-0.00017542467839291607,0.0010921323369963275,False,False,0.0005049669998697937,True
13.7,28.337,28.306,35.366666799998114,4.3666668,1,False,29.84783581710291,-2.3327903486526678,-0.014976456583529398,2.8884914507192825,0.00042757253355536995,29.72221176985764,0.000278274038547716,-0.0012549959912296698,2.7777777778,2.7777777778,0.0009829191032966948,2.7777777778,2.7777777778,0.001061875800739607,0.001061875800739607,-0.013796594582707612,-7.513399040788332e-05,0.0011798620008217856,False,False,0.0005466689981403761,True
13.8,28.437,28.408,33.36666679999922,4.3666668,1,False,30.142328427242806,-2.3371943305271192,-0.014930191558396642,2.8885418233287954,0.00047109341628010523,30.016737081221848,-8.961253763453781e-05,-0.001243581989779417,2.7777777778,2.7777777778,0.001061875800739607,2.7777777778,2.7777777778,0.0011409996374466685,0.0011409996374466685,-0.0136624141834559,2.4195385161325212e-05,0.0012677773749407428,False,False,0.0005139249988133088,True
13.9,28.537,28.51,31.36666679999678,4.3666668,1,False,30.436825888475305,-2.341584674331782,-0.014883464242858082,2.888582391884771,0.0004883184158627996,30.311267029722078,-0.00045448679460475085,-0.0012346004116818316,2.7777777778,2.7777777778,0.0011409996374466685,2.7777777778,2.7777777778,0.0012215806616026029,0.0012215806616026029,-0.013526152396632967,0.00012271143454328274,0.0013573118462251142,False,False,0.000579033003305085,True
14.0,28.637,28.612,29.36666680000144,4.3666668,1,False,30.731327137936134,-2.3459610782273104,-0.014835077619180811,2.8886118139465786,0.0004500750897593385,30.605800546029386,-0.0008169143967956048,-0.0012268546409453151,2.7777777778,2.7777777778,0.0012215806616026029,2.7777777778,2.7777777778,0.0013026793752721163,0.0013026793752721163,-0.013387656091100682,0.0002205668871348133,0.0014474215280801293,False,False,0.00048079899715958163,True
14.1,28.737,28.714,27.366666799998995,4.3666668,1,False,31.025830889145826,-2.3503229571894577,-0.014784116661598715,2.888626983480893,0.0005361157765732766,30.90033633406008,-0.0011771576341301155,-0.001218920364416379,2.7777777778,2.7777777778,0.0013026793752721163,2.7777777778,2.7777777778,0.0013830776330683587,0.0013830776330683587,-0.013247363735967205,0.0003178325612151312,0.0015367529256315095,False,False,0.0006121789992903359,True
14.2,28.837,28.816,25.366666800000104,4.3666668,1,False,31.320335770120085,-2.3546693629320656,-0.014730377438430782,2.888629671004068,0.0004963209855786449,31.194873012714044,-0.0015344822650365274,-0.0012070650654155985,2.7777777778,2.7777777778,0.0013830776330683587,2.7777777778,2.7777777778,0.001459237749277915,0.001459237749277915,-0.013109002161455321,0.00041431021155986244,0.0016213752769754612,False,False,0.0005746950046159327,True
14.3,28.937,28.918,23.366666800001212,4.3666668,1,False,31.614840453210334,-2.3589996270300277,-0.014674500118456573,2.8886190597597645,0.0005102911028276734,31.48940924888009,-0.0018877380948452258,-0.0011912541485544373,2.7777777778,2.7777777778,0.001459237749277915,2.7777777778,2.7777777778,0.0015308490907463836,0.0015308490907463836,-0.012973556684293924,0.000509689285608211,0.0017009434341626484,False,False,0.000510978999955114,True
14.4,29.037,29.02,21.366666799998768,4.3666668,1,False,31.90934371545328,-2.3633131780183465,-0.01461726690985129,2.888597647994229,0.0005205858914937606,31.783943814944273,-0.00223583473782266,-0.0011722692975569497,2.7777777778,2.7777777778,0.0015308490907463836,2.7777777778,2.7777777778,0.001598350209092161,0.001598350209092161,-0.012841322233082222,0.0006036753792121182,0.0017759446767690677,False,False,0.0004761000018334016,True
14.5,29.137,29.122,19.366666799999877,4.3666668,1,False,32.203844502239754,-2.367609759409238,-0.014559573607802705,2.888565448175808,0.0006021476127673164,32.0784756559071,-0.0025779942176472614,-0.0011510058565867998,2.7777777778,2.7777777778,0.001598350209092161,2.7777777778,2.7777777778,0.001662357865816404,0.001662357865816404,-0.012712509312451145,0.0006960584387647607,0.0018470642953515599,False,False,0.0005827010027132928,True
14.6,29.237,29.224,17.366666799997432,4.3666668,1,False,32.498342106488835,-2.371889110857246,-0.014500261801032312,2.888530049445971,0.000636741746045986,32.37300406420644,-0.002913429823627693,-0.001126305051461109,2.7777777778,2.7777777778,0.001662357865816404,2.7777777778,2.7777777778,0.0017216379934565285,0.0017216379934565285,-0.012587330697191725,0.0007866260523794772,0.001912931103840587,False,False,0.0005013799964217469,True
14.7,29.337,29.326,15.36666679999854,4.3666668,1,False,32.79283618110665,-2.3761504160634788,-0.01443792604244171,2.888492481680353,0.0006025624492163278,32.66752868479986,-0.003240793980608781,-0.001096761150134743,2.7777777778,2.7777777778,0.0017216379934565285,2.7777777778,2.7777777778,0.0017745979724092026,0.0017745979724092026,-0.012466150517542596,0.0008750143747643709,0.001971775524899114,False,False,0.0005655269997077994,True
14.8,29.437,29.428,13.36666679999965,4.3666668,1,False,33.087326612900455,-2.3803933356320885,-0.014376400615367478,2.8884542249285845,0.0005979323001663636,32.96204940291242,-0.0035592127662133844,-0.0010662082066161696,2.7777777778,2.7777777778,0.0017745979724092026,2.7777777778,2.7777777778,0.0018244760881444058,0.0018244760881444058,-0.012349204961873694,0.0009609874468776139,0.002027195653493784,False,False,0.0005091550046927296,True
14.9,29.537,29.53,11.366666799997205,4.3666668,1,False,33.381813577144456,-2.384618463601835,-0.01431715491831434,2.8884196574846484,0.0006872733279264999,33.25656640456991,-0.0038687417255452794,-0.0010361154440894638,2.7777777778,2.7777777778,0.0018244760881444058,2.7777777778,2.7777777778,0.0018726081389880212,0.0018726081389880212,-0.01223647920832765,0.0010445602658972256,0.0020806757099866902,False,False,0.0006209150014910847,True
15.0,29.637,29.632,9.366666799998313,4.3666668,1,False,33.67629795388486,-2.3888264415201648,-0.014259802538856304,2.8883977447452924,0.0007022966511400092,33.55108058098567,-0.004169474555461802,-0.0010060963558080841,2.7777777778,2.7777777778,0.0018726081389880212,2.7777777778,2.7777777778,0.0019186690372044936,0.0019186690372044936,-0.012127948053073533,0.0011257581299746865,0.0021318544857827706,False,False,0.000547491006727796,True
15.1,29.737,29.734,7.366666799995869,4.3666668,1,False,33.97078086546235,-2.393015291716893,-0.014183627870432826,2.8883849633739263,0.0008002073672321469,33.845593030847425,-0.004458882822313488,-0.0009554352585226088,2.7777777778,2.7777777778,0.0019186690372044936,2.7777777778,2.7777777778,0.0019434002584925252,0.0019434002584925252,-0.012024294249885575,0.001203898362024642,0.00215933362054725,False,False,0.0006111660040915012,True
15.2,29.837,29.836,5.36666680000053,4.3666668,1,False,34.265261766548306,-2.3971781613936054,-0.014083762015931398,2.8883470975344934,0.0010139090771204902,34.1401031210394,-0.00472958548236957,-0.0008792630396249092,2.7777777778,2.7777777778,0.0019434002584925252,2.7777777778,2.7777777778,0.0019406260078782232,0.0019406260078782232,-0.011927510896066706,0.001276988080239784,0.0021562511198646925,False,False,0.0005942740026512183,True
15.3,29.937,29.904,37.36666680000056,4.3666668,1,False,34.46157951708635,-2.3999354519069938,-0.014002526555116959,2.888295800280234,0.001279632980679296,34.33644009214032,-0.004895898019608669,-0.0008128120640221084,2.7777777778,2.7777777778,0.0019406260078782232,2.7777777778,2.7777777778,0.0019212340763848045,0.0019212340763848045,-0.01186782202580051,0.0013218924652943407,0.0021347045293164495,False,False,0.0005581220029853284,True
15.4,30.037,30.006,35.366666799998114,4.3666668,1,False,34.75604858420018,-2.4040387325131647,-0.013862300998600833,2.8881884011874313,0.0013703265248226177,34.63093755926429,-0.005118058159826387,-0.0006932460620824015,2.7777777778,2.7777777778,0.0019212340763848045,2.7777777778,2.7777777778,0.0018676095887119742,0.0018676095887119742,-0.011787179233365306,0.0013818757031531248,0.002075121765235527,False,False,0.000545987997611519,True
15.5,30.137,30.108,33.36666679999922,4.3666668,1,False,35.05050574464752,-2.4080979175043256,-0.013704386587517279,2.8880543013364375,0.0016374870686022712,34.925422541338754,-0.005302099269079637,-0.0005541704573719473,2.7777777778,2.7777777778,0.0018676095887119742,2.7777777778,2.7777777778,0.0017871635340211054,0.0017871635340211054,-0.011718649327493828,0.0014315668026515021,0.0019857372600234503,False,False,0.0005046060032327659,True
15.6,30.237,30.21,31.36666679999678,4.3666668,1,False,35.34494997423717,-2.4121082486630874,-0.013532512643391535,2.8879263155708492,0.001652990239605945,35.21989395504408,-0.005442740353538834,-0.00039931462695244965,2.7777777778,2.7777777778,0.0017871635340211054,2.7777777778,2.7777777778,0.001681969070167141,0.001681969070167141,-0.0116636581209836,0.0014695398954554853,0.0018688545224079343,False,False,0.000534324994077906,True
15.7,30.337,30.312,29.366666799997887,4.3666668,1,False,35.63938297438609,-2.4160661834607438,-0.013350629013375059,2.887823500229605,0.0018399117098216872,35.51435345825619,-0.005535880289286521,-0.00023262865562126943,2.7777777778,2.7777777778,0.001681969070167141,2.7777777778,2.7777777778,0.0015545847003557666,0.0015545847003557666,-0.01162331267964643,0.0014946876781073608,0.0017273163337286294,False,False,0.0006741409961250611,True
15.8,30.437,30.414,27.366666799998995,4.3666668,1,False,35.93380819397424,-2.419971509463537,-0.013181189499199579,2.8877568073948434,0.0016792834933348315,35.8088044995286,-0.005580725074550425,-7.656663990498849e-05,2.7777777778,2.7777777778,0.0015545847003557666,2.7777777778,2.7777777778,0.0014250261690302434,0.0014250261690302434,-0.011597827089165975,0.0015067957701286148,0.0015833624100336037,False,False,0.0005915889996686019,True
15.9,30.537,30.516,25.366666800000104,4.3666668,1,False,36.228228809914654,-2.4238314016453626,-0.013044020492190582,2.887721904800465,0.001377997991848243,36.1032503516876,-0.005583871314312963,4.904480337661506e-05,2.7777777778,2.7777777778,0.0014250261690302434,2.7777777778,2.7777777778,0.001312740406339096,0.001312740406339096,-0.011585420040702697,0.0015076452548645,0.0014586004514878844,False,False,0.0006594720034627244,True
16.0,30.637,30.618,23.366666800001212,4.3666668,1,False,36.52264869112957,-2.4276561380520882,-0.012943404296405354,2.887737477036071,0.0009215407058493832,36.397695019302525,-0.005555009574927891,0.0001399231813430761,2.7777777778,2.7777777778,0.001312740406339096,2.7777777778,2.7777777778,0.0012239364634987087,0.0012239364634987087,-0.0115834748925179,0.0014998525852305308,0.001359929403887454,False,False,0.00048911600606516,True
16.1,30.737,30.72,21.366666799998768,4.3666668,1,False,36.817073534987486,-2.4314577640953425,-0.012888867038105751,2.887815157657166,0.00047909315854137056,36.69214435756195,-0.005505573909142098,0.00018654221156590327,2.7777777778,2.7777777778,0.0012239364634987087,2.7777777778,2.7777777778,0.0011699664695122177,0.0011699664695122177,-0.011588904294203287,0.0014865049554683666,0.001299962743902464,False,False,0.0005639839946525171,True
16.2,30.837,30.822,19.366666799999877,4.3666668,1,False,37.111509709188255,-2.4352515772766012,-0.012887140336787024,2.887947641877262,0.00013751170675265482,36.98660493378794,-0.00545024157886316,0.00018217022829085036,2.7777777778,2.7777777778,0.0011699664695122177,2.7777777778,2.7777777778,0.0011604554982019824,0.0011604554982019824,-0.011597745338784821,0.0014715652262930533,0.0012893949980022027,False,False,0.0005433530022855848,True
16.3,30.937,30.924,17.366666800000985,4.3666668,1,False,37.405959705546074,-2.439047975392784,-0.012896641407837426,2.8880819021365816,0.00011279771899889698,37.281079375248645,-0.00539884126653345,0.00016839015501323405,2.7777777778,2.7777777778,0.0011604554982019824,2.7777777778,2.7777777778,0.001160367288255718,0.001160367288255718,-0.011607344420886628,0.0014576871419640317,0.0012892969869507977,False,False,0.0005993829981889576,True
16.4,31.037,31.026,15.36666679999854,4.3666668,1,False,37.70042289966915,-2.442845372298863,-0.012893052083737014,2.8882073510993966,0.00020628062403028728,37.57556703656636,-0.005349259357643787,0.00016952035801000818,2.7777777778,2.7777777778,0.001160367288255718,2.7777777778,2.7777777778,0.0011473017016984334,0.0011473017016984334,-0.0116182724151832,0.0014443000265638227,0.001274779668553815,False,False,0.0005627610007650219,True
16.5,31.137,31.128,13.36666679999965,4.3666668,1,False,37.994898464888536,-2.4466413446375377,-0.012888275159170366,2.888324381846559,9.493169591946614e-05,37.870067059210854,-0.005298547607344373,0.00017365820290702816,2.7777777778,2.7777777778,0.0011473017016984334,2.7777777778,2.7777777778,0.001131254685968357,0.001131254685968357,-0.011631325508094413,0.0014306078539829809,0.001256949651075952,False,False,0.000586888003454078,True
16.6,31.237,31.23,11.366666799997205,4.3666668,1,False,38.28938545063835,-2.4504367268765197,-0.01288706019348728,2.88843141510777,0.00015972531007021396,38.16457850332492,-0.0052470168240457814,0.0001760542465593165,2.7777777778,2.7777777778,0.001131254685968357,2.737819095656883,2.737819095656883,0.0011165762663397404,0.0011165762663397404,-0.011646419897554236,0.0014166945424923612,0.0012406402959330449,False,False,0.0005460280008264817,True
16.7,31.337,31.332,9.366666799998313,4.3666668,1,False,38.58388317564557,-2.454231902319921,-0.012885815650386078,2.888534894055325,0.0001679461478773268,38.45910069241751,-0.0051945230834859095,0.0001803000994314522,2.737819095656883,2.737819095656883,0.0011165762663397404,2.6696426629960155,2.6696426629960155,0.0010999990197987683,0.0010999990197987683,-0.011663594517276336,0.0014025212325411956,0.0012222211331097425,False,False,0.0005135940009495243,True
16.8,31.437,31.434,7.366666799999422,4.3666668,1,False,38.87828682251964,-2.458025334996907,-0.012884131347497316,2.886400817815139,5.559075663029587e-05,38.75352879766078,-0.005140364397737827,0.00018680395232641145,2.6696426629960155,2.6696426629960155,0.0010999990197987683,2.601488009003973,2.601488009003973,0.0010809849915565215,0.0010809849915565215,-0.011683036912434514,0.0013878983873892134,0.0012010944350628015,False,False,0.0006040320004103705,True
16.9,31.537,31.536,5.3666667999969775,4.3666668,1,False,39.172271700568984,-2.4618131390972806,-0.012883408575344717,2.880288677335761,0.00011412093032304536,39.047538104939925,-0.005084367179672503,0.000194154275878251,2.601488009003973,2.601488009003973,0.0010809849915565215,2.5334302989851074,2.5334302989851074,0.001060762376369993,0.001060762376369993,-0.011704783712711391,0.0013727791385115759,0.0011786248626333255,False,False,0.0005107480028527789,True
17.0,31.637,31.604,37.36666680000056,4.3666668,1,False,39.367825308576364,-2.4643325016150865,-0.0128822345608281,2.8736293053796333,0.00010892959800225866,39.243107964603205,-0.005045706343283233,0.0002007411251508367,2.5334302989851074,2.5334302989851074,0.001060762376369993,2.488159498136764,2.488159498136764,0.0010454396287820722,0.0010454396287820722,-0.011720634973292465,0.001362340712686473,0.0011615995875356357,False,False,0.0005441850007628091,True
17.1,31.737,31.706,35.366666799998114,4.3666668,1,False,39.660214975532206,-2.4680983062978163,-0.012873789598894304,2.86113714750546,0.00017111817347263697,39.535521922920516,-0.004984612577041262,0.0002187758741086666,2.488159498136764,2.488159498136764,0.0010454396287820722,2.4204710818590667,2.4204710818590667,0.0010143625695232263,0.0010143625695232263,-0.01174672007720183,0.0013458453958011408,0.0011270695216924736,False,False,0.0004984140032320283,True
17.2,31.837,31.808,33.36666679999922,4.3666668,1,False,39.95117899493708,-2.471841190015596,-0.012849753800016834,2.846051860109449,0.0002967490640817956,39.826510063067474,-0.004916214451519387,0.0002541349820045658,2.4204710818590667,2.4204710818590667,0.0010143625695232263,2.3531127160837695,2.3531127160837695,0.0009659186279151024,0.0009659186279151024,-0.011776510880111165,0.0013273779019102347,0.0010732429199056693,False,False,0.0005054079956607893,True
17.3,31.937,31.91,31.36666680000033,4.3666668,1,False,40.240472203699476,-2.4755532889980993,-0.012811131996716699,2.828112212842168,0.0004020067966477081,40.11582713913735,-0.004835396240365914,0.0003057754869036783,2.3531127160837695,2.3531127160837695,0.0009659186279151024,2.2861411706966877,2.2861411706966877,0.0008998033481956071,0.0008998033481956071,-0.01181135049872158,0.0013055569848987969,0.000999781497995119,False,False,0.0005339440031093545,True
17.4,32.037,32.012,29.36666680000144,4.3666668,1,False,40.52777402360154,-2.4792280139834664,-0.01276922186404135,2.807061051831276,0.0003986938590754774,40.40315251294651,-0.004739336252630628,0.000362351704673844,2.2861411706966877,2.2861411706966877,0.0008998033481956071,2.2196306674995907,2.2196306674995907,0.0008255421751827834,0.0008255421751827834,-0.011851952780504924,0.0012796207882102696,0.000917269083536426,False,False,0.0005529519985429943,True
17.5,32.137,32.114,27.3666668000061,4.3666668,1,False,40.81277455326036,-2.48286200589593,-0.012733536299430461,2.783054602686397,0.0003146023758432551,40.6881762643939,-0.0046283403924029945,0.0004142958610758394,2.2196306674995907,2.2196306674995907,0.0008255421751827834,2.153652947256611,2.153652947256611,0.000751820440385672,0.000751820440385672,-0.011898180254557493,0.0012496519059488087,0.0008353560448729688,False,False,0.0005279230026644655,True
17.6,32.237,32.216,25.366666800003657,4.3666668,1,False,41.095183492503956,-2.486454328195011,-0.012708019091059324,2.7563118824706367,0.0001895999046681051,40.97060810467425,-0.004504920904196296,0.0004576034774643918,2.153652947256611,2.153652947256611,0.000751820440385672,2.0882752064504526,2.0882752064504526,0.000682852650001747,0.000682852650001747,-0.011949293924390716,0.001216328644133,0.0007587251666686078,False,False,0.0005268299937597476,True
17.7,32.337,32.318,23.366666800008318,4.3666668,1,False,41.374731418838955,-2.490004391471756,-0.012691378681848614,2.7270137959298246,7.672327367862206e-05,41.25017862548694,-0.004371706724138015,0.0004935004355461296,2.0882752064504526,2.0882752064504526,0.000682852650001747,2.023559808113664,2.023559808113664,0.0006181743419740203,0.0006181743419740203,-0.01200451830187748,0.001180360815517264,0.0006868603799711336,False,False,0.0005462890039780177,True
17.8,32.437,32.42,21.366666799998768,4.3666668,1,False,41.65116296388862,-2.493511180662401,-0.012680664376379032,2.695266554109463,-2.5147473925790385e-05,41.52663246592572,-0.0042307623899457344,0.0005248670158468794,2.023559808113664,2.023559808113664,0.0006181743419740203,1.9595658635671376,1.9595658635671376,0.000555694946494622,0.000555694946494622,-0.012063225546940563,0.0011423058452853484,0.0006174388294384689,False,False,0.0005469199968501925,True
17.9,32.537,32.522,19.36666680000343,4.3666668,1,False,41.92423595701681,-2.4969725498812054,-0.01267006956477176,2.6612292374750632,-7.380882126162606e-05,41.799727446991376,-0.004082895778312785,0.0005574351769762932,1.9595658635671376,1.9595658635671376,0.000555694946494622,1.896349432764397,1.896349432764397,0.0004904520148513426,0.0004904520148513426,-0.012125122881603601,0.0011023818601444521,0.0005449466831681585,False,False,0.0005430420060292818,True
18.0,32.637,32.624,17.366666800000985,4.3666668,1,False,42.19372560638086,-2.5003851035966287,-0.012655180222972167,2.62507677274803,-0.00019202768586982293,42.069238750253916,-0.0039274849071000454,0.0005955409769553728,1.896349432764397,1.896349432764397,0.0004904520148513426,1.8339625570086804,1.8339625570086804,0.0004183919531654755,0.0004183919531654755,-0.012190300275010528,0.0010604209249170124,0.0004648799479616394,False,False,0.0006396329990820959,True
18.1,32.737,32.726,15.366666800005646,4.3666668,1,False,42.45942472292615,-2.5037451120913228,-0.012636131703483381,2.5869784931904922,-0.00022057919187358981,42.334959154237104,-0.0037633902813849042,0.0006389684683640283,1.8339625570086804,1.8339625570086804,0.0004183919531654755,1.772453204234302,1.772453204234302,0.0003394322168489058,0.0003394322168489058,-0.012258984795873486,0.0010161153759739242,0.0003771469076098953,False,False,0.0004976529962732457,True
18.2,32.838,32.828,14.366666800000871,4.3666668,1,False,42.7211437109392,-2.5070496096516,-0.012616116784895881,2.5471071559739906,-0.00018134053391671525,42.59669903909881,-0.003590052408824655,0.0006844423092667307,1.772453204234302,1.772453204234302,0.0003394322168489058,1.7118652679232376,1.7118652679232376,0.0002563846570043334,0.0002563846570043334,-0.012331244943779955,0.0009693141503826569,0.00028487184111592595,False,False,0.0005024119964218698,True
18.3,32.937,32.93,11.366666800000758,4.3666668,1,False,42.97873118641895,-2.510296943827535,-0.01259839987208365,2.50587247560234,-0.000366001737705106,42.85430701093925,-0.003407764956360381,0.0007286163837520055,1.7118652679232376,1.7118652679232376,0.0002563846570043334,1.652233792959695,1.652233792959695,0.00017233213901876756,0.00017233213901876756,-0.012406919717618353,0.0009200965382173029,0.00019148015446529727,False,False,0.0005568990018218756,True
18.4,33.037,33.032,9.366666800005419,4.3666668,1,False,43.2320133739764,-2.513486396570299,-0.012587338939862625,2.4629149598065485,-0.0003845495482154043,43.1076092989237,-0.0032181005756305612,0.0007670463276002841,1.652233792959695,1.652233792959695,0.00017233213901876756,1.5935990040739374,1.5935990040739374,9.165674503797094e-05,9.165674503797094e-05,-0.012485498112042658,0.0008688871554202516,0.0001018408278199677,False,False,0.00047938700299710035,True
18.5,33.137,33.134,7.3666668000029745,4.3666668,1,False,43.480838610762774,-2.516617646763072,-0.012581536709978438,2.4185441538760983,-0.00046311626430343457,43.35645424827878,-0.0030227810829139786,0.0008010430618259103,1.5935990040739374,1.5935990040739374,9.165674503797094e-05,1.5359960065375782,1.5359960065375782,1.359704750477711e-05,1.359704750477711e-05,-0.012566428879417574,0.0008161508923867743,1.5107830560863456e-05,False,False,0.0005160680011613294,True
18.6,33.237,33.236,5.366666800007636,4.3666668,1,False,43.72506523786635,-2.5196900540798084,-0.012578175744642893,2.3727963374575936,-0.000488281964370441,43.60070020324019,-0.0028231205356109316,0.0008333369601544529,1.5359960065375782,1.5359960065375782,1.359704750477711e-05,1.4794575910368002,1.4794575910368002,-6.398497398555099e-05,-6.398497398555099e-05,-0.012649270160182394,0.0007622425446149515,-7.109441553950109e-05,False,False,0.0007181180044426583,True
18.7,33.337,33.304,37.36666680000411,4.3666668,1,False,43.88526009988748,-2.5217047910842707,-0.012574938462163301,2.341243152789634,-0.0004902965184712809,43.76090773116754,-0.0026877180229139997,0.0008562296221358151,1.4794575910368002,1.4794575910368002,-6.398497398555099e-05,1.4423725151273934,1.4423725151273934,-0.00011749118035413175,-0.00011749118035413175,-0.012705484218112337,0.0007256838661867799,-0.00013054575594903528,False,False,0.000620104001427535,True
18.8,33.437,33.406,35.36666680000167,4.3666668,1,False,44.12152539930523,-2.5246748423008873,-0.01256302832480268,2.293423607650962,-0.00024068574664652662,43.99719168467271,-0.0024807602798878705,0.0008981080376026328,1.4423725151273934,1.4423725151273934,-0.00011749118035413175,1.3876771555192788,1.3876771555192788,-0.00020547248582961626,-0.00020547248582961626,-0.012791331086835587,0.0006698052755697251,-0.00022830276203290693,False,False,0.0005705910007236525,True
18.9,33.537,33.508,33.36666679999922,4.3666668,1,False,44.352882893278355,-2.5275795459721504,-0.01254620017228675,2.2453017870676226,-0.00011012742856152729,44.228567386258334,-0.0022674558653093817,0.0009454127909371262,1.3876771555192788,1.3876771555192788,-0.00020547248582961626,1.3341179653369923,1.3341179653369923,-0.0002998797365732342,-0.0002998797365732342,-0.012879399879590343,0.0006122130836335331,-0.0003331997073035935,False,False,0.0006148739994387142,True
19.0,33.637,33.61,31.366666800003884,4.3666668,1,False,44.57931381521068,-2.530418522650709,-0.012529377137881801,2.196590391351001,7.195725635124958e-05,44.45501606519675,-0.00204786884396265,0.000993146654504586,1.3341179653369923,1.3341179653369923,-0.0002998797365732342,1.2816992896563837,1.2816992896563837,-0.0003961998599712035,-0.0003961998599712035,-0.012969599204516472,0.0005529245878699156,-0.00044022206663467053,False,False,0.000529957003891468,True
19.1,33.737,33.712,29.36666680000144,4.3666668,1,False,44.800729900652726,-2.5331914145466587,-0.012520827361461411,2.1470112095004397,-3.481029860777876e-05,44.67644945938431,-0.001823051840559186,0.0010329586132580455,1.2816992896563837,1.2816992896563837,-0.0003961998599712035,1.2304415595199651,1.2304415595199651,-0.0004866611546763589,-0.0004866611546763589,-0.013061561977768477,0.0004922239969509803,-0.0005407346163070655,False,False,0.0006648330017924309,True
19.2,33.837,33.814,27.3666668000061,4.3666668,1,False,45.01704876231254,-2.5358994667811547,-0.012517085970500205,2.096687249867391,-2.9396466950782814e-05,44.89278520548109,-0.0015956124785753152,0.0010682314913547791,1.2304415595199651,1.2304415595199651,-0.0004866611546763589,1.1803638405156798,1.1803638405156798,-0.0005736745099255,-0.0005736745099255,-0.01315450209263965,0.00043081536921533515,-0.0006374161221394444,False,False,0.0005007279978599399,True
19.3,33.937,33.916,25.366666800003657,4.3666668,1,False,45.22820056241553,-2.5385422225874374,-0.012514101187837096,2.0457376797942306,4.592788685899657e-05,45.103953465654556,-0.0013663155834637139,0.001102937078365545,1.1803638405156798,1.1803638405156798,-0.0005736745099255,1.131482298808468,1.131482298808468,-0.0006606286837473073,-0.0006606286837473073,-0.013248133058667438,0.0003689052075352028,-0.0007340318708303414,False,False,0.0005293549984344281,True
19.4,34.037,34.018,23.366666800001212,4.3666668,1,False,45.43412853476962,-2.5411189195922566,-0.012511486046131658,1.9942933508148997,-3.258010855529517e-05,45.309897468412636,-0.0011354686027537583,0.0011373848574818947,1.131482298808468,1.131482298808468,-0.0006606286837473073,1.0838100759474198,1.0838100759474198,-0.000747727501264542,-0.000747727501264542,-0.013342294380870038,0.00030657652274351473,-0.0008308083347383801,False,False,0.0005131930010975339,True
19.5,34.137,34.12,21.366666800005873,4.3666668,1,False,45.63478521198117,-2.543629242700317,-0.012509073110384277,1.9424292597192687,4.383925452904301e-05,45.510569746432786,-0.0009037222548634717,0.0011716670270660763,1.0838100759474198,1.0838100759474198,-0.000747727501264542,1.03735815973868,1.03735815973868,-0.0008348958164276446,-0.0008348958164276446,-0.013436735128637215,0.0002440050088131374,-0.0009276620182529383,False,False,0.0005067110032541677,True
19.6,34.237,34.222,19.36666680000343,4.3666668,1,False,45.830134495077054,-2.546072683334558,-0.01250697491885254,1.8902679883554359,4.2870770843118063e-05,45.70593419723101,-0.0006713982221365057,0.0012055986512748001,1.03735815973868,1.03735815973868,-0.0008348958164276446,0.9921349072387297,0.9921349072387297,-0.0009218890181681487,-0.0009218890181681487,-0.013531296050150483,0.00018127751997685655,-0.001024321131297943,False,False,0.0004777530048158951,True
19.7,34.337,34.324,17.36666680000809,4.3666668,1,False,46.02015109898612,-2.548449007726499,-0.012505161529381829,1.8379085225417022,2.5068703493953058e-05,45.8959655349995,-0.0004389614437285594,0.001239140298273907,0.9921349072387297,0.9921349072387297,-0.0009218890181681487,0.9481461716438203,0.9481461716438203,-0.001008558637620476,-0.001008558637620476,-0.013625782237849025,0.00011851958980671105,-0.0011206207084671956,False,False,0.000564966001547873,True
19.8,34.437,34.426,15.36666679999854,4.3666668,1,False,46.204819610420444,-2.5507581315740726,-0.012503359098879813,1.7854455558347717,-3.076548890455256e-05,46.0806483471098,-0.00020690428731266126,0.0012724995453078094,0.9481461716438203,0.9481461716438203,-0.001008558637620476,0.9053955206920193,0.9053955206920193,-0.001094971848960052,-0.001094971848960052,-0.013719994486613204,5.5864157574418546e-05,-0.001216635387733391,False,False,0.0005587429986917414,True
19.9,34.537,34.528,13.366666800003202,4.3666668,1,False,46.38413402903678,-2.553000027837067,-0.012501981946485441,1.7329682039564598,-3.153554839798854e-05,46.25997663390025,2.4218518240399864e-05,0.001300389761436871,0.9053955206920193,0.9053955206920193,-0.001094971848960052,0.8638843431938977,0.8638843431938977,-0.0011762358852256004,-0.0011762358852256004,-0.013808910707847219,-6.538999924907964e-06,-0.001306928761361778,False,False,0.0005147760020918213,True
20.0,34.637,34.63,11.366666800000758,4.3666668,1,False,46.558097944780506,-2.5551748318798855,-0.01250084104210209,1.680567724493381,2.074510812603903e-05,46.433953999638,0.000250060356305219,0.0012866439250672163,0.8638843431938977,0.8638843431938977,-0.0011762358852256004,0.8236118048283559,0.8236118048283559,-0.0012187441991426632,-0.0012187441991426632,-0.013855001263371716,-6.751629620240913e-05,-0.0013541602212696258,False,False,0.0005091749990242533,True
20.1,34.737,34.732,9.366666800005419,4.3666668,1,False,46.726722312929006,-2.5572826566481757,-0.012499773491575104,1.6283146323683946,-4.812475628679308e-05,46.60259142934441,0.0004628253358084099,0.0012275108578371791,0.8236118048283559,0.8236118048283559,-0.0012187441991426632,0.7845753627663753,0.7845753627663753,-0.0012172263286549046,-0.0012172263286549046,-0.013852247190080554,-0.00012496284066827067,-0.0013524736985054495,False,False,0.0005996089967084117,True
20.2,34.837,34.834,7.3666668000029745,4.3666668,1,False,46.89002656344952,-2.559323871472346,-0.012498845402435,1.5762895618540427,1.7219228601080223e-05,46.765908379832915,0.0006557638806968582,0.0011271941804547707,0.7845753627663753,0.7845753627663753,-0.0012172263286549046,0.7467705131159553,0.7467705131159553,-0.0011738253854186298,-0.0011738253854186298,-0.013803095830677922,-0.0001770562477881517,-0.0013042504282429219,False,False,0.0004999169977963902,True
20.3,34.937,34.936,5.36666680000053,4.3666668,1,False,47.048037832931534,-2.5612987317877676,-0.012498119130489318,1.5245672262051106,-4.6886373406793074e-05,46.92393200355029,0.0008236908406507304,0.000989736435358211,0.7467705131159553,0.7467705131159553,-0.0011738253854186298,0.7101909705884921,0.7101909705884921,-0.0010909196661005175,-0.0010909196661005175,-0.013710252092823226,-0.00022239652697569724,-0.0012121329623339082,False,False,0.0005890230022487231,True
20.4,35.037,35.004,37.36666680000411,4.3666668,1,False,47.150454369546416,-2.562578747494743,-0.012497540224485638,1.4900625372455354,1.8818660498530413e-05,47.02635659036412,0.00091960207530954,0.0008796210603165145,0.7101909705884921,0.7101909705884921,-0.0010909196661005175,0.6864815754925097,0.6864815754925097,-0.001015122258585081,-0.001015122258585081,-0.013625453845135728,-0.0002482925603335758,-0.0011279136206500898,False,False,0.0004785350029123947,True
20.5,35.137,35.106,35.36666680000167,4.3666668,1,False,47.299723138757535,-2.564444169754107,-0.01249680033114799,1.4389841490059643,3.808688478800679e-05,47.17563715661975,0.0010372553981284184,0.0006892665608765162,0.6864815754925097,0.6864815754925097,-0.001015122258585081,0.6519258888589847,0.6519258888589847,-0.0008723929665340708,-0.0008723929665340708,-0.01346612584951918,-0.000280058957494673,-0.0009693255183711898,False,False,0.000578782994125504,True
20.6,35.237,35.208,33.36666680000633,4.3666668,1,False,47.4438210262897,-2.56624484549299,-0.012496088846738269,1.3888545338321436,-2.6398326194137714e-05,47.31974650545117,0.0011214553505212684,0.0004720145367886723,0.6519258888589847,0.6519258888589847,-0.0008723929665340708,0.6185672432958889,0.6185672432958889,-0.000697326733286473,-0.000697326733286473,-0.013270896328167683,-0.0003027929446407425,-0.0007748074814294143,False,False,0.0005282730053295381,True
20.7,35.337,35.31,31.366666800003884,4.3666668,1,False,47.58285114402133,-2.567982132292298,-0.012495333550400702,1.3394605665780805,3.298414300028246e-05,47.45878774565363,0.001170787901823252,0.00023128687503811557,0.6185672432958889,0.6185672432958889,-0.000697326733286473,0.5863817710265435,0.5863817710265435,-0.0004926596476773539,-0.0004926596476773539,-0.013042733158931095,-0.0003161127334922781,-0.0005473996085303932,False,False,0.0005699350003851578,True
20.8,35.437,35.412,29.36666680000144,4.3666668,1,False,47.716868890606385,-2.5696566596348642,-0.012494510629295545,1.2905922013877102,3.1061091746731766e-05,47.59281626138324,0.0011847187605168326,-2.9659616136460884e-05,0.5863817710265435,0.5863817710265435,-0.0004926596476773539,0.555356651644441,0.555356651644441,-0.0002611930042827749,-0.0002611930042827749,-0.012784725078498628,-0.00031987406533954486,-0.00029021444920308316,False,False,0.0006280200032051653,True
20.9,35.537,35.514,27.366666799998995,4.3666668,1,False,47.84593054467371,-2.5712691518529716,-0.01249345755073329,1.2423020636227033,2.682521943578869e-05,47.721888314392004,0.0011633233636793507,-0.00030759888002042206,0.555356651644441,0.555356651644441,-0.0002611930042827749,0.5254788615958773,0.5254788615958773,-5.848585355702589e-06,-5.848585355702589e-06,-0.012499955978906293,-0.0003140973081934247,-6.4984281730028765e-06,False,False,0.0004901880020042881,True
21.0,35.637,35.616,25.366666800003657,4.3666668,1,False,47.97009750731761,-2.57282032180708,-0.012492456491311242,1.1946371350188545,2.8653289464723633e-05,47.84606528643301,0.0011073528159737914,-0.0005999257996224127,0.5254788615958773,0.5254788615958773,-5.848585355702589e-06,0.5,0.5,0.0002708464853785401,0.0002708464853785401,-0.012191515952001753,-0.0002989852603129237,0.00030094053930948897,False,False,0.0005904059944441542,True
21.1,35.737,35.718,23.366666800001212,4.3666668,1,False,48.089435854055715,-2.5743110563159552,-0.012490662262504455,1.147640668823021,4.317034990964699e-05,47.96541323445111,0.0010179521181065802,-0.0009030832655362933,0.5,0.5,0.0002708464853785401,0.5,0.5,0.0005654125742827655,0.0005654125742827655,-0.011862426068856938,-0.00027484707188877666,0.0006282361936475172,False,False,0.0007474560043192469,True
21.2,35.837,35.82,21.366666800005873,4.3666668,1,False,48.204021133148466,-2.5757419381392297,-0.012482156878507714,1.1014848116353706,0.00016377262219256628,48.08000768429034,0.0008971071430531522,-0.0012086297378271858,0.5,0.5,0.0005654125742827655,0.5,0.5,0.0008697697282825507,0.0008697697282825507,-0.01151574606930488,-0.0002422189286243511,0.0009664108092028341,False,False,0.0005210379968048073,True
21.3,35.937,35.922,19.36666680000343,4.3666668,1,False,48.31399109847305,-2.577113378230522,-0.012457040489412067,1.0573965954724558,0.0003361958038213854,48.189986364066705,0.000748002712877539,-0.0015044918445855354,0.5,0.5,0.0008697697282825507,0.5,0.5,0.0011722780008977395,0.0011722780008977395,-0.011154509377303468,-0.00020196073247693555,0.0013025311121085993,False,False,0.0006517970032291487,True
21.4,36.037,36.024,17.366666800000985,4.3666668,1,False,48.41958308473172,-2.578426682642276,-0.012416063679102954,1.015614121583956,0.00046549642473782675,48.2955865900049,0.0005741850880069452,-0.0017897616282450486,0.5,0.5,0.0011722780008977395,0.5,0.5,0.0014712584890348556,0.0014712584890348556,-0.010781332024619781,-0.00015502997376187522,0.001634731654483173,False,False,0.0005273110000416636,True
21.5,36.137,36.126,15.366666800005646,4.3666668,1,False,48.52102662570512,-2.5796836340299665,-0.012364797433417618,0.9760279797476085,0.000547707535630556,48.39703788677325,0.0003786484133177854,-0.0020685786059438382,0.5,0.5,0.0014712584890348556,0.5,0.5,0.0017697091809132333,0.0017697091809132333,-0.010398453899069581,-0.00010223507159580207,0.001966343534348037,False,False,0.0006170280030346476,True
21.6,36.237,36.228,13.366666800003202,4.3666668,1,False,48.61854024579236,-2.580886595232143,-0.012306825247056143,0.9385299327548461,0.0005942172157289477,48.49455877990101,0.0001636556666755166,-0.002343288668248591,0.5,0.5,0.0017697091809132333,0.5,0.5,0.002069191474421582,0.002069191474421582,-0.010007723608809941,-4.4187030002389484e-05,0.002299101638246202,False,False,0.0005459380045067519,True
21.7,36.337,36.33,11.366666800007863,4.3666668,1,False,48.71233108605786,-2.58203788780286,-0.012243624919048166,0.9030053504135228,0.0006532985750206173,48.588356414397985,-6.867187343032455e-05,-0.002614301666891236,0.5,0.5,0.002069191474421582,0.5,0.5,0.0023695587654456807,0.0023695587654456807,-0.009610781846330742,1.8541405826187628e-05,0.002632843072717423,False,False,0.0006225789984455332,True
21.8,36.437,36.432,9.366666799998313,4.3666668,1,False,48.802594684529254,-2.5831399655325007,-0.012175346801228755,0.8693473928798898,0.000613917600359073,48.67862633585029,-0.00031654960003515455,-0.002880847493498347,0.5,0.5,0.0023695587654456807,0.5,0.5,0.0026696842969570556,0.0026696842969570556,-0.009209030915720916,8.546839200949174e-05,0.0029663158855078395,False,False,0.0005712889978894964,True
21.9,36.537,36.534,7.3666668000029745,4.3666668,1,False,48.8895191851984,-2.584196636359503,-0.012146474890146601,0.8375267003612508,-0.00031992353714438334,48.76555671051396,-0.0005797258524048549,-0.003186633861932036,0.5,0.5,0.0026696842969570556,0.5,0.5,0.0030088438578732115,0.0030088438578732115,-0.008803315048065256,0.00015652598014931083,0.003343159842081346,False,False,0.0005913970016990788,True
22.0,36.637,36.636,5.36666680000053,4.3666668,1,False,48.97328886785351,-2.5852119490670566,-0.012087718025676516,0.8074722893649656,5.039894923881743e-05,48.84933184251861,-0.0008583516444577777,-0.0034617362628686942,0.5,0.5,0.0030088438578732115,0.5,0.5,0.0033241420861850643,0.0033241420861850643,-0.008394226818804222,0.00023175494400359998,0.0036934912068722937,False,False,0.0004615420039044693,True
22.1,36.737,36.704,37.36666680000411,4.3666668,1,False,49.02746974438054,-2.5858654662139178,-0.012038487472568787,0.7883644014283301,6.756505901245444e-05,48.903516107585325,-0.0010504768469146945,-0.0036343724513783586,0.5,0.5,0.0033241420861850643,0.5,0.5,0.003526201080040795,0.003526201080040795,-0.00812048627252346,0.0002836287486669675,0.0039180012000453275,False,False,0.00058277999778511,True
22.2,36.837,36.806,35.36666680000877,4.3666668,1,False,49.1063644999642,-2.58681344125885,-0.012005781314147281,0.7610019051764813,-0.0004628451058303575,48.98241559835818,-0.00134839443455225,-0.003933068205901637,0.5,0.5,0.003526201080040795,0.5,0.5,0.0038674212329076695,0.0038674212329076695,-0.0077086466109165365,0.00036406649732910755,0.004297134703230744,False,False,0.0006253249957808293,True
22.3,36.937,36.908,33.36666679999922,4.3666668,1,False,49.18254472566331,-2.587728004959248,-0.01200869537651289,0.7351268971342094,-0.0006348904858689048,49.0586001792194,-0.0016604422457662002,-0.004265360148602515,0.5,0.5,0.0038674212329076695,0.5,0.5,0.0042423115994634514,0.0042423115994634514,-0.007295015821553501,0.00044831940635687407,0.00471367955495939,False,False,0.000570567004615441,True
22.4,37.037,37.01,31.366666800003884,4.3666668,1,False,49.25616026290352,-2.588611950560365,-0.012006150067249557,0.7107047675903203,-0.0005371259776019635,49.13221970572459,-0.0019863229940120237,-0.004589859400273646,0.5,0.5,0.0042423115994634514,0.5,0.5,0.004613549947791203,0.004613549947791203,-0.006879983458592665,0.0005363072083832464,0.005126166608656892,False,False,0.0005295750015648082,True
22.5,37.137,37.112,29.36666680000144,4.3666668,1,False,49.32735737493878,-2.5894659627283376,-0.011983694399096256,0.6876992843453527,-0.00036291717112820095,49.203420440288134,-0.0023238022684336688,-0.0048918915231408,0.5,0.5,0.004613549947791203,0.5,0.5,0.004967386322056102,0.004967386322056102,-0.006464376263478365,0.0006274266124770906,0.005519318135617891,False,False,0.0005849749941262417,True
22.6,37.237,37.214,27.3666668000061,4.3666668,1,False,49.39628064720426,-2.5902905890003067,-0.011945851223683374,0.6661208114830807,-0.00023647834455935417,49.27234696906691,-0.002670668520370219,-0.005175842953855942,0.5,0.5,0.004967386322056102,0.5,0.5,0.005307231108920311,0.005307231108920311,-0.006048927769327473,0.0007210805004999591,0.005896923454355901,False,False,0.0005658369991579093,True
22.7,37.337,37.316,25.366666800003657,4.3666668,1,False,49.46307746633623,-2.591086434947193,-0.0118808408252374,0.6460050221289357,1.9047713878362466e-05,49.3391466812971,-0.0030249021573450236,-0.0054298999313984915,0.5,0.5,0.005307231108920311,0.5,0.5,0.005621961162493484,0.005621961162493484,-0.0056342173113557515,0.0008167235824831564,0.006246623513881649,False,False,0.0005370710059651174,True
22.8,37.437,37.418,23.366666800001212,4.3666668,1,False,49.52789666816965,-2.591852922317421,-0.011763149436083913,0.6273263751771587,0.0004961323480770259,49.40396840921857,-0.003383450477864485,-0.005628606725219802,0.5,0.5,0.005621961162493484,0.5,0.5,0.005887924518818892,0.005887924518818892,-0.005221011081840699,0.000913531629023411,0.006542138354243213,False,False,0.0005758569968747906,True
22.9,37.537,37.52,21.366666799998768,4.3666668,1,False,49.59087830955448,-2.592588465925292,-0.011590769276278765,0.6099381455238626,0.0009260605045059333,49.466952204358925,-0.0037424690919788017,-0.0057700501621758965,0.5,0.5,0.005887924518818892,0.5,0.5,0.006102465135309155,0.006102465135309155,-0.004810252459268591,0.0010104666548342764,0.0067805168170101725,False,False,0.0007282880033017136,True
23.0,37.637,37.622,19.36666680000343,4.3666668,1,False,49.65214424304182,-2.5932925098466932,-0.01139457643739768,0.5936492507393435,0.0010772378190966555,49.52821992243865,-0.004099398073061419,-0.005885180474410407,0.5,0.5,0.006102465135309155,0.5,0.5,0.006292816158723291,0.006292816158723291,-0.00440255848326069,0.0011068374797265832,0.0069920179541369904,False,False,0.00069587399775628,True
23.1,37.737,37.724,17.36666680000809,4.3666668,1,False,49.71179871474202,-2.5939663593662723,-0.011202690010797503,0.5783169029851166,0.001011247189442967,49.587875826639674,-0.00445376387674066,-0.006002161023632449,0.5,0.5,0.006292816158723291,0.5,0.5,0.006484209543317186,0.006484209543317186,-0.0039980127404450755,0.0012025162467199783,0.007204677270352428,False,False,0.0005186450071050785,True
23.2,37.837,37.826,15.366666800005646,4.3666668,1,False,49.76993485877948,-2.59461226665832,-0.01102375245857158,0.5638648893392245,0.0008974135268127618,49.64601307139677,-0.0048062073147065515,-0.0061296718454010414,0.5,0.5,0.006484209543317186,0.5,0.5,0.0066846130383346304,0.0066846130383346304,-0.0035964046381997683,0.001297675974970769,0.007427347820371811,False,False,0.0006402740036719479,True
23.3,37.937,37.928,13.366666800003202,4.3666668,1,False,49.82664040419932,-2.5952323811604683,-0.010852642888620484,0.5502576643148196,0.0008380409690672055,49.702719405052754,-0.0051573918017763926,-0.006262646173532065,0.5,0.5,0.0066846130383346304,0.5,0.5,0.006889627764010522,0.006889627764010522,-0.003197500928608792,0.001392495786479626,0.007655141960011691,False,False,0.0005421609967015684,True
23.4,38.037,38.03,11.366666800000758,4.3666668,1,False,49.882000287306305,-2.595828338196077,-0.010681978975774881,0.5374715025351312,0.0008371934741941831,49.75807977909527,-0.005507573409804455,-0.006393782163599587,0.5,0.5,0.006889627764010522,0.5,0.5,0.00709274428582211,0.00709274428582211,-0.0028011519915280905,0.001487044820647203,0.007880826984246789,False,False,0.000591317999351304,True
23.5,38.137,38.132,9.366666800005419,4.3666668,1,False,49.93609679162611,-2.596401370834024,-0.010507917734445376,0.5254761486022079,0.0008608231342556333,49.81217648908441,-0.005856708547874448,-0.00651934132980259,0.5,0.5,0.00709274428582211,0.5,0.5,0.007290587373955823,0.007290587373955823,-0.002407265096716684,0.001581311307926101,0.008100652637728693,False,False,0.0005732019999413751,True
23.6,38.237,38.234,7.3666668000029745,4.3666668,1,False,49.98900862937132,-2.5969525267541864,-0.010329715216316548,0.514232253030587,0.0008859662453039616,49.86508825861296,-0.006204670619382804,-0.0066387001814175554,0.5,0.5,0.007290587373955823,0.5,0.5,0.007482565123785823,0.007482565123785823,-0.002015753967665635,0.0016752610672333573,0.008313961248650914,False,False,0.0007017960015218705,True
23.7,38.337,38.336,5.366666800007636,4.3666668,1,False,50.04081020570086,-2.597482778722139,-0.010147721709682896,0.5036956147856001,0.0009063199129842218,49.916889503186624,-0.006551357905245731,-0.006752338136596455,0.5,0.5,0.007482565123785823,0.5,0.5,0.0076690842939115215,0.0076690842939115215,-0.0016265169386700939,0.0017688666344163474,0.008521204771012801,False,False,0.0005140450011822395,True
23.8,38.437,38.404,37.366666799997006,4.3666668,1,False,50.074762459182374,-2.5978251244728567,-0.010024606491604816,0.4970420835408046,0.0009155695061828221,49.95084139363471,-0.006781744583529568,-0.006825304089160001,0.5,0.5,0.0076690842939115215,0.5,0.5,0.007790737614041686,0.007790737614041686,-0.0013682313648918313,0.0018310710375529834,0.008656375126712985,False,False,0.0007422060007229447,True
