profile_name,split,sample_index,nominal_time_s,anchor_time_s,anchor_relative_s,actual_dt_s,command_publish_time_s,commissioned_delay_ms,speed_command_mps,steering_command_rad,x_m,y_m,vx_world_mps,vy_world_mps,speed_longitudinal_mps,yaw_rad,yaw_unwrapped_rad,yaw_rate_radps
train_steering_multistep,train,0,0.0,5629.979883333401,0.0,0.0,5629.975,4.883333400000001,0.0,0.0,-0.0038823291583815612,2.2784599009178264e-06,0.0002663990499515408,-1.126727593148362e-05,0.0002663990274954474,1.9929896533099623e-06,1.9929896531580825e-06,2.8106696606225223e-06
train_steering_multistep,train,1,0.1,5630.0798833334,0.0999999999994543,0.0999999999994543,5630.075,4.883333400000001,0.0,0.0,-0.003956963665101757,2.32071820597043e-06,0.0002654224414488978,-1.2799446624024995e-05,0.0002654224142713781,2.123288782129862e-06,2.1232887822881685e-06,7.841739329002105e-07
train_steering_multistep,train,2,0.2,5630.1798833334005,0.1999999999998181,0.1000000000003638,5630.175,4.883333400000001,0.0,0.0,-0.004031695220619726,2.3564371385740027e-06,0.000264456954363034,-1.2673646292113792e-05,0.0002644569299663684,1.9249531737486336e-06,1.9249531737409498e-06,-9.274723640609838e-07
train_steering_multistep,train,3,0.30000000000000004,5630.2798833334,0.2999999999992724,0.0999999999994543,5630.275,4.883333400000001,0.0,0.0,-0.0041065227813372775,2.3903876569938383e-06,0.00026351436285355917,-1.2681334403047023e-05,0.00026351433950459085,1.8411723030631322e-06,1.8411723030413215e-06,4.89002978017465e-07
train_steering_multistep,train,4,0.4,5630.3798833334,0.3999999999996362,0.1000000000003638,5630.375,4.883333400000001,0.0,0.0,-0.004181441805944682,2.4233107152057292e-06,0.0002626275000270956,-1.2700527375891352e-05,0.0002626274771222852,1.803419865886724e-06,1.8034198658984503e-06,6.572478261202502e-07
train_steering_multistep,train,5,0.5,5630.479883333401,0.5,0.1000000000003638,5630.475,4.883333400000001,0.0,0.0,-0.004256446715276481,2.455773421049522e-06,0.00026179575147435155,-1.270103224623207e-05,0.00026179572875343466,1.7888701924206885e-06,1.788870192631897e-06,8.075490475693049e-07
train_steering_multistep,train,6,0.6000000000000001,5630.5798833334,0.5999999999994543,0.0999999999994543,5630.575,4.883333400000001,0.0,0.0,-0.004331532485205934,2.4882441286191135e-06,0.00026101523929954597,-1.2701251393621475e-05,0.0002610152166988967,1.7793708178004408e-06,1.7793708177117342e-06,7.988815876948494e-07
train_steering_multistep,train,7,0.7000000000000001,5630.6798833334005,0.6999999999998181,0.1000000000003638,5630.675,4.883333400000001,0.0,0.0,-0.00440669407626099,2.5208199070913936e-06,0.0002602825802281612,-1.2700097346571353e-05,0.000260282557783815,1.767225812354667e-06,1.7672258121639494e-06,7.64221080011551e-07
train_steering_multistep,train,8,0.8,5630.7798833334,0.7999999999992724,0.0999999999994543,5630.775,4.883333400000001,0.0,0.0,-0.004481926623979581,2.5534828342915805e-06,0.00025959478917327375,-1.2699326052703042e-05,0.00025959476692666067,1.751763417878749e-06,1.7517634179659188e-06,7.374820630319658e-07
train_steering_multistep,train,9,0.9,5630.8798833334,0.8999999999996362,0.1000000000003638,5630.875,4.883333400000001,0.0,0.0,-0.004557225783105459,2.586187729781623e-06,0.0002589491414662205,-1.2698892922234456e-05,0.0002589491194417569,1.7343302518568748e-06,1.7343302518966329e-06,7.24684880710746e-07
train_steering_multistep,train,10,1.0,5630.979883333401,1.0,0.1000000000003638,5630.975,4.883333400000001,0.0,0.0,-0.004632587474171675,2.618900479826001e-06,0.0002583430474510022,-1.2698953884716696e-05,0.0002583430256562848,1.7162308929563608e-06,1.7162308929632042e-06,7.232817925981374e-07
train_steering_multistep,train,11,1.1,5631.0798833334,1.0999999999994543,0.0999999999994543,5631.075,4.883333400000001,0.0,0.0,-0.004708007868152737,2.651611446259432e-06,0.0002577740808566818,-1.2699011643411771e-05,0.00025777405929172523,1.6981309682861934e-06,1.6981309681954696e-06,7.24700804891904e-07
train_steering_multistep,train,12,1.2000000000000002,5631.1798833334005,1.199999999999818,0.1000000000003638,5631.175,4.883333400000001,0.0,0.0,-0.004783483370547308,2.684318071131272e-06,0.00025723996816663305,-1.2699072788965537e-05,0.0002572399468291094,1.6802140505589591e-06,1.6802140504823981e-06,7.26483641876379e-07
train_steering_multistep,train,13,1.3,5631.2798833334,1.2999999999992724,0.0999999999994543,5631.275,4.883333400000001,0.0,0.0,-0.004859010606809619,2.717021178505206e-06,0.00025673857533955476,-1.269914101301321e-05,0.00025673855422774834,1.6624314684854369e-06,1.6624314685281265e-06,7.284946979240343e-07
train_steering_multistep,train,14,1.4000000000000001,5631.3798833334,1.3999999999996362,0.1000000000003638,5631.375,4.883333400000001,0.0,0.0,-0.0049345864088098795,2.7497271834261035e-06,0.0002562679025879283,-1.26991071475256e-05,0.0002562678817008739,1.6447382917839093e-06,1.6447382916137635e-06,7.277623811337424e-07
train_steering_multistep,train,15,1.5,5631.479883333401,1.5,0.1000000000003638,5631.475,4.883333400000001,0.0,0.0,-0.005010207802036035,2.782432502688438e-06,0.00025582606889004846,-1.269785373234935e-05,0.00025582604822972275,1.6270456080214046e-06,1.627045607855024e-06,7.2662038302816e-07
train_steering_multistep,train,16,1.6,5631.5798833334,1.5999999999994543,0.0999999999994543,5631.575,4.883333400000001,0.0,0.0,-0.005085871994219881,2.815141752621421e-06,0.0002554113055611516,-1.2696511869856021e-05,0.00025541128512789285,1.6093339834100107e-06,1.6093339835208549e-06,7.24541220725053e-07
train_steering_multistep,train,17,1.7000000000000002,5631.6798833334005,1.699999999999818,0.1000000000003638,5631.675,4.883333400000001,0.0,0.0,-0.005161576364300232,2.847848464346741e-06,0.0002550219520559885,-1.2701580888318767e-05,0.00025502193183953606,1.5916230857726532e-06,1.5916230857184916e-06,7.3072453910423e-07
train_steering_multistep,train,18,1.8,5631.7798833334,1.7999999999992724,0.0999999999994543,5631.775,4.883333400000001,0.0,0.0,-0.0052373184517139045,2.8805600046630144e-06,0.00025465645423651214,-1.26990085976517e-05,0.0002546564342491612,1.5739051928420622e-06,1.5739051929574624e-06,7.275515750960731e-07
train_steering_multistep,train,19,1.9000000000000001,5631.8798833334,1.8999999999996362,0.1000000000003638,5631.875,4.883333400000001,0.0,0.0,-0.0053130959464168445,2.913274201500286e-06,0.0002543133512876787,-1.2698056962246214e-05,0.00025431333152685034,1.556184578088704e-06,1.5561845779480277e-06,7.257147754116791e-07
train_steering_multistep,train,20,2.0,5631.979883333401,2.0,0.1000000000003638,5631.975,4.883333400000001,0.0,0.0,-0.0053889066797505455,2.945987663260581e-06,0.0002539912716393234,-1.2696629964940808e-05,0.0002539912521056642,1.5384679765695353e-06,1.5384679765232862e-06,7.239940476228627e-07
train_steering_multistep,train,21,2.1,5632.0798833334,2.0999999999994543,0.0999999999994543,5632.075,4.883333400000001,0.05000000074505806,0.0,-0.005463562646006242,2.9787474419195953e-06,0.00033195246689940737,-1.2703271951342336e-05,0.00033195244758118614,1.5206977739268268e-06,1.520697773923605e-06,7.333660201705224e-07
train_steering_multistep,train,22,2.2,5632.1798833334005,2.199999999999818,0.1000000000003638,5632.175,4.883333400000001,0.10000000149011612,0.0,-0.005390847865378859,3.0123407781985126e-06,0.003257554891745086,-1.2682221040161372e-05,0.0032575548726885674,1.5023269237524062e-06,1.5023269238069034e-06,7.198510694414055e-07
train_steering_multistep,train,23,2.3000000000000003,5632.2798833334,2.2999999999992724,0.0999999999994543,5632.275,4.883333400000001,0.15000000596046448,0.0,-0.004876670316134654,3.046743965747969e-06,0.009039865828487469,-1.267347625401161e-05,0.00903986580967158,1.483881598485226e-06,1.4838815982831784e-06,7.310409387064892e-07
train_steering_multistep,train,24,2.4000000000000004,5632.3798833334,2.399999999999636,0.1000000000003638,5632.375,4.883333400000001,0.20000000298023224,0.0,-0.003643844107321657,3.082576122991861e-06,0.01756028476303251,-1.2547121194517625e-05,0.017560284744656113,1.4630927029912755e-06,1.4630927030565489e-06,1.0446327133636792e-06
train_steering_multistep,train,25,2.5,5632.479883333401,2.5,0.1000000000003638,5632.475,4.883333400000001,0.25,0.0,-0.001437436223045515,3.127525417302208e-06,0.028577135215423245,-1.2103972265234056e-05,0.028577135198062802,1.4318565266790984e-06,1.4318565267656738e-06,-2.124915060152485e-06
train_steering_multistep,train,26,2.6,5632.5798833334,2.5999999999994543,0.0999999999994543,5632.575,4.883333400000001,0.30000001192092896,0.0,0.0019843869720689335,3.1591034559758975e-06,0.04191639378441409,-1.254515662637395e-05,0.0419163937664712,1.4268631622904593e-06,1.4268631621826582e-06,8.953708202178178e-07
train_steering_multistep,train,27,2.7,5632.6798833334005,2.699999999999818,0.1000000000003638,5632.675,4.883333400000001,0.3499999940395355,0.0,0.006847271417494169,3.2116733887349545e-06,0.057431566253110515,-1.3879189926628576e-05,0.057431566234005645,1.3726139727054942e-06,1.372613972815063e-06,-1.494089622502106e-06
train_steering_multistep,train,28,2.8000000000000003,5632.7798833334,2.7999999999992724,0.0999999999994543,5632.775,4.883333400000001,0.4000000059604645,0.0,0.013362592751249734,3.247156555699693e-06,0.07501460648087846,-1.321780828739573e-05,0.07501460646269756,1.3701581771385918e-06,1.3701581770461388e-06,5.314382238944175e-07
train_steering_multistep,train,29,2.9000000000000004,5632.8798833334,2.899999999999636,0.1000000000003638,5632.875,4.883333400000001,0.44999998807907104,0.0,0.02173177642956234,3.290049239382997e-06,0.09452779180038888,-1.2501793784876306e-05,0.09452779178317407,1.3698924936633716e-06,1.3698924938691778e-06,7.270875574591394e-07
train_steering_multistep,train,30,3.0,5632.979883333401,3.0,0.1000000000003638,5632.975,4.883333400000001,0.5,0.0,0.03214171415657189,3.3398628439411527e-06,0.11585321166518364,-1.2869563491221315e-05,0.1158532116478809,1.3364312874131201e-06,1.3364312875672505e-06,8.129473995911735e-07
train_steering_multistep,train,31,3.1,5633.0798833334,3.0999999999994543,0.0999999999994543,5633.075,4.883333400000001,0.550000011920929,0.0,0.04476891090984251,3.3909324614839945e-06,0.13888451093053897,-1.2849517665072365e-05,0.1388845109136592,1.3044541917750507e-06,1.3044541916005734e-06,1.2155257256978968e-06
train_steering_multistep,train,32,3.2,5633.1798833334005,3.199999999999818,0.1000000000003638,5633.175,4.883333400000001,0.6000000238418579,0.0,0.05977905344777401,3.4448252044810567e-06,0.16351009964670252,-1.267567973120926e-05,0.16351009963040405,1.2753147342614568e-06,1.2753147344012981e-06,1.7383332747445182e-06
train_steering_multistep,train,33,3.3000000000000003,5633.2798833334,3.2999999999992724,0.0999999999994543,5633.275,4.883333400000001,0.6499999761581421,0.0,0.07732637718047397,3.5025230842904415e-06,0.189622464782978,-1.235667457645589e-05,0.18962246476706432,1.2753789180308672e-06,1.2753789181355292e-06,1.1375887352691469e-06
train_steering_multistep,train,34,3.4000000000000004,5633.3798833334,3.399999999999636,0.1000000000003638,5633.375,4.883333400000001,0.699999988079071,0.0,0.09755514599279663,3.5632749284603043e-06,0.2171363376310536,-1.228673023955394e-05,0.21713633761534204,1.2646126141824254e-06,1.2646126142912937e-06,1.2362633810872389e-06
train_steering_multistep,train,35,3.5,5633.479883333401,3.5,0.1000000000003638,5633.475,4.883333400000001,0.75,0.0,0.12060313960349744,3.627291047054584e-06,0.2459780176378215,-1.2239664878170743e-05,0.2459780176223894,1.245246471714978e-06,1.245246471622512e-06,1.2065332588336265e-06
train_steering_multistep,train,36,3.6,5633.5798833334,3.5999999999994543,0.0999999999994543,5633.575,4.883333400000001,0.800000011920929,0.0,0.14659856302045116,3.694379277972369e-06,0.27605200982358435,-1.2164288246955719e-05,0.2760520098084934,1.2236026933898358e-06,1.2236026933053058e-06,1.501631956142127e-06
train_steering_multistep,train,37,3.7,5633.6798833334005,3.699999999999818,0.1000000000003638,5633.675,4.883333400000001,0.8500000238418579,0.0,0.17565987202322877,3.765288440429492e-06,0.3072731025500731,-1.2163824330031171e-05,0.30727310253519174,1.2050732438595446e-06,1.2050732438649193e-06,1.2041579311801724e-06
train_steering_multistep,train,38,3.8000000000000003,5633.7798833334,3.7999999999992724,0.0999999999994543,5633.775,4.883333400000001,0.8999999761581421,0.0,0.20790134284319006,3.8391713149059775e-06,0.33959640258487933,-1.2169465437707577e-05,0.33959640257010315,1.1943006730241734e-06,1.1943006730174035e-06,9.75617604552409e-07
train_steering_multistep,train,39,3.9000000000000004,5633.8798833334,3.899999999999636,0.1000000000003638,5633.875,4.883333400000001,0.949999988079071,0.0,0.24342918508699446,3.916078292538287e-06,0.37294253097326735,-1.207348854154986e-05,0.3729425309589542,1.1645542659088903e-06,1.1645542659855305e-06,1.6008294630839944e-06
train_steering_multistep,train,40,4.0,5633.979883333401,4.0,0.1000000000003638,5633.975,4.883333400000001,1.0,0.0,0.28235695441940517,3.996703048063532e-06,0.4072815177501484,-1.2101599077753325e-05,0.4072815177359429,1.1515387066118876e-06,1.1515387065185706e-06,1.0696259818538389e-06
train_steering_multistep,train,41,4.1000000000000005,5634.0798833334,4.099999999999454,0.0999999999994543,5634.075,4.883333400000001,1.0499999523162842,0.0,0.3247757889442673,4.0864314011707435e-06,0.44259782576418244,-9.624904741991888e-06,0.44259782575313916,1.1185965398397002e-06,1.118596539998427e-06,-2.9889987898453485e-06
train_steering_multistep,train,42,4.2,5634.1798833334005,4.199999999999818,0.1000000000003638,5634.175,4.883333400000001,1.100000023841858,0.0,0.37076397571767145,4.174909101101777e-06,0.478768093738974,-1.1526322183813592e-05,0.4787680937260628,1.095231405567887e-06,1.095231405575993e-06,-1.889679887596608e-06
train_steering_multistep,train,43,4.3,5634.2798833334,4.299999999999272,0.0999999999994543,5634.275,4.883333400000001,1.149999976158142,0.0,0.42040380875679306,4.2706465383585815e-06,0.5157326323831697,-1.3076012755667917e-05,0.5157326323691295,1.0519150452914516e-06,1.0519150455134516e-06,-2.1576796046615635e-06
train_steering_multistep,train,44,4.4,5634.3798833334,4.399999999999636,0.1000000000003638,5634.375,4.883333400000001,1.2000000476837158,0.0,0.47377302732994253,4.35542417528563e-06,0.553422107954753,-1.2702031044714095e-05,0.5534221079411364,1.0480628742648435e-06,1.0480628743158982e-06,-4.5710072593499734e-08
train_steering_multistep,train,45,4.5,5634.479883333401,4.5,0.1000000000003638,5634.475,4.883333400000001,1.25,0.0,0.5309421939165573,4.445625957660772e-06,0.5918092190929853,-1.1945676541079755e-05,0.5918092190801865,1.0444071616433348e-06,1.044407161576462e-06,7.078350098155684e-07
train_steering_multistep,train,46,4.6000000000000005,5634.5798833334,4.599999999999454,0.0999999999994543,5634.575,4.883333400000001,1.2999999523162842,0.0,0.5919800143659757,4.5462373363722275e-06,0.6308573547601697,-1.2510775126544883e-05,0.6308573547472719,1.0054489560928914e-06,1.0054489562358128e-06,5.571784109590742e-07
train_steering_multistep,train,47,4.7,5634.6798833334005,4.699999999999818,0.1000000000003638,5634.675,4.883333400000001,1.350000023841858,0.0,0.6569509833356941,4.646036503510427e-06,0.670513190407782,-1.2315550303340917e-05,0.6705131903953553,9.827399258810487e-07,9.82739925997097e-07,7.379705822255832e-07
train_steering_multistep,train,48,4.800000000000001,5634.7798833334,4.799999999999272,0.0999999999994543,5634.775,4.883333400000001,1.399999976158142,0.0,0.7259139418440329,4.7481588854544835e-06,0.7107432198300164,-1.1877570189186653e-05,0.7107432198181186,9.733590249361157e-07,9.73359024893551e-07,6.392298171420205e-07
train_steering_multistep,train,49,4.9,5634.8798833334,4.899999999999636,0.1000000000003638,5634.875,4.883333400000001,1.4500000476837158,0.0,0.7989258251161739,4.853719319063768e-06,0.7515205863850335,-1.1977967749853946e-05,0.7515205863734422,9.400019433947193e-07,9.40001943449263e-07,1.0187772496849393e-06
train_steering_multistep,train,50,5.0,5634.979883333401,5.0,0.1000000000003638,5634.975,4.883333400000001,1.5,0.0,0.8760401524965585,4.9607327622024144e-06,0.7928055316061394,-1.189338385398888e-05,0.7928055315950526,9.048863098826132e-07,9.048863096841198e-07,1.4063888729140469e-06
train_steering_multistep,train,51,5.1000000000000005,5635.0798833334,5.099999999999454,0.0999999999994543,5635.075,4.883333400000001,1.5,0.0,0.9573035504817753,5.070324160479012e-06,0.8343444538290664,-1.1786131869018437e-05,0.8343444538182082,8.930386545813462e-07,8.930386546973974e-07,7.741039127402605e-07
train_steering_multistep,train,52,5.2,5635.1798833334005,5.199999999999818,0.1000000000003638,5635.175,4.883333400000001,1.5,0.0,1.042615302066341,5.180917378749475e-06,0.8735936760080286,-1.1818345187639153e-05,0.8735936759973307,8.767823072020065e-07,8.767823071619398e-07,7.020416781142158e-07
train_steering_multistep,train,53,5.300000000000001,5635.2798833334,5.299999999999272,0.0999999999994543,5635.275,4.883333400000001,1.5,0.0,1.1317292882491616,5.292505992027225e-06,0.910437997227521,-1.181151958181636e-05,0.910437997217129,8.518470413498846e-07,8.51847041156195e-07,6.569786561889779e-07
train_steering_multistep,train,54,5.4,5635.3798833334,5.399999999999636,0.1000000000003638,5635.375,4.883333400000001,1.5,0.0,1.2244126263114201,5.404903566992234e-06,0.945024715385773,-1.1810376161547896e-05,0.9450247153756558,8.291309372410183e-07,8.291309374232e-07,6.844633567418066e-07
train_steering_multistep,train,55,5.5,5635.479883333401,5.5,0.1000000000003638,5635.475,4.883333400000001,1.5,0.0,1.3204466916354145,5.517851148863672e-06,0.9774921100267662,-1.1811908780144642e-05,0.9774921100169166,8.069291848045168e-07,8.069291849021127e-07,6.864854057267368e-07
train_steering_multistep,train,56,5.6000000000000005,5635.5798833334,5.599999999999454,0.0999999999994543,5635.575,4.883333400000001,1.5,0.0,1.4196262451259853,5.631104060047875e-06,1.0079699943654847,-1.1815046307744441e-05,1.0079699943558926,7.855189987360234e-07,7.85518998743824e-07,6.962016589206573e-07
train_steering_multistep,train,57,5.7,5635.6798833334005,5.699999999999818,0.1000000000003638,5635.675,4.883333400000001,1.5,0.0,1.5217691270273839,5.744467168513746e-06,1.0365735839846895,-1.1819281843647328e-05,1.0365735839753467,7.648247222213911e-07,7.64824722059916e-07,6.999207536293302e-07
train_steering_multistep,train,58,5.800000000000001,5635.7798833334,5.799999999999272,0.0999999999994543,5635.775,4.883333400000001,1.5,0.0,1.626690431834945,5.857730384449123e-06,1.0634198311083238,-1.1826429015105779e-05,1.0634198310992258,7.443929215256162e-07,7.443929214506453e-07,7.022250385694607e-07
train_steering_multistep,train,59,5.9,5635.8798833334,5.899999999999636,0.1000000000003638,5635.875,4.883333400000001,1.5,0.0,1.7342117113877933,5.970686144006839e-06,1.088621603690674,-1.1834594435666447e-05,1.0886216036818177,7.242142778807192e-07,7.242142778880702e-07,7.046179392241858e-07
train_steering_multistep,train,60,6.0,5635.979883333401,6.0,0.1000000000003638,5635.975,4.883333400000001,1.5,0.0,1.8441737668080331,6.083148185281129e-06,1.1122795945547994,-1.184383069094872e-05,1.1122795945461823,7.042773453314055e-07,7.042773454714393e-07,7.067139475023279e-07
train_steering_multistep,train,61,6.1000000000000005,5636.0798833334,6.099999999999454,0.0999999999994543,5636.075,4.883333400000001,1.5,0.0,1.9564271430905669,6.194948424935009e-06,1.1344883335402693,-1.1855390473795556e-05,1.1344883335318878,6.84567524000812e-07,6.84567524196613e-07,7.090108358166847e-07
train_steering_multistep,train,62,6.2,5636.1798833334005,6.199999999999818,0.1000000000003638,5636.175,4.883333400000001,1.5,0.0,2.070831532980201,6.305929100696714e-06,1.1553365645524623,-1.186764592198479e-05,1.1553365645443137,6.650869672775173e-07,6.650869673984707e-07,7.111300142909241e-07
train_steering_multistep,train,63,6.300000000000001,5636.2798833334,6.299999999999272,0.0999999999994543,5636.275,4.883333400000001,1.5,0.0,2.187255277375847,6.417324705164899e-06,1.1749113591548497,-1.1840514575768928e-05,1.174911359147063,6.374728136471219e-07,6.374728137809228e-07,4.42769855859653e-07
train_steering_multistep,train,64,6.4,5636.3798833334,6.399999999999636,0.1000000000003638,5636.375,4.883333400000001,1.5,0.0,2.305576582228391,6.529263849339389e-06,1.193322677772226,-1.1879214025922128e-05,1.193322677764999,5.908295830359123e-07,5.9082958325292e-07,4.2569013324331254e-07
train_steering_multistep,train,65,6.5,5636.479883333401,6.5,0.1000000000003638,5636.475,4.883333400000001,1.5,0.0,2.425683443167183,6.637516102692598e-06,1.2106491117219431,-1.1920791229937451e-05,1.2106491117152922,5.42957535376587e-07,5.429575352468748e-07,4.353444077062483e-07
train_steering_multistep,train,66,6.6000000000000005,5636.5798833334,6.599999999999454,0.0999999999994543,5636.575,4.883333400000001,1.5,0.0,2.547470682071834,6.7419241006768974e-06,1.2269544493079654,-1.1959942920008036e-05,1.2269544493018536,4.982782773055305e-07,4.982782772589809e-07,4.6401028507476046e-07
train_steering_multistep,train,67,6.7,5636.6798833334005,6.699999999999818,0.1000000000003638,5636.675,4.883333400000001,1.5,0.0,2.6708393024912755,6.842556857191118e-06,1.2422987299411044,-1.2006450656780268e-05,1.2422987299355157,4.547808574173473e-07,4.5478085748179926e-07,4.7545154662473744e-07
train_steering_multistep,train,68,6.800000000000001,5636.7798833334,6.799999999999272,0.0999999999994543,5636.775,4.883333400000001,1.5,0.0,2.795696141884032,6.938785106578006e-06,1.2567395936936334,-1.207013470703504e-05,1.2567395936885242,4.1435490816255083e-07,4.1435490810999164e-07,6.014939227421143e-07
train_steering_multistep,train,69,6.9,5636.8798833334,6.899999999999636,0.1000000000003638,5636.875,4.883333400000001,1.5,0.0,2.9219544712988603,7.029060177425162e-06,1.2703511215506729,-1.21007616814383e-05,1.2703511215458416,3.912110400072777e-07,3.9121103992009253e-07,6.780344826317615e-07
train_steering_multistep,train,70,7.0,5636.979883333401,7.0,0.1000000000003638,5636.975,4.883333400000001,1.5,0.05000000074505806,3.049534589912155,7.04936411852735e-06,1.2831900578904716,3.0341992614807345e-05,1.283190058083904,7.594745342398568e-06,7.594745342312281e-06,0.0008395791657794725
train_steering_multistep,train,71,7.1000000000000005,5637.0798833334,7.099999999999454,0.0999999999994543,5637.075,4.883333400000001,1.5,0.05000000074505806,3.1783561983067585,4.666206330554368e-05,1.2951455126425886,0.001378088400964616,1.2951462387493877,0.0009595936924382542,0.0009595936924382607,0.018903496866236272
train_steering_multistep,train,72,7.2,5637.1798833334005,7.199999999999818,0.1000000000003638,5637.175,4.883333400000001,1.5,0.05000000074505806,3.3083261361388727,0.0003286051358806378,1.3062277775566815,0.004817496763354156,1.306236658241717,0.003620464170804638,0.003620464170804685,0.03265414836833425
train_steering_multistep,train,73,7.300000000000001,5637.2798833334,7.299999999999272,0.0999999999994543,5637.275,4.883333400000001,1.5,0.05000000074505806,3.4393777101760477,0.0010315893362523526,1.3168103615031828,0.00954943856661126,1.3168449865915728,0.007225211402716258,0.0072252114027162246,0.03844101210049839
train_steering_multistep,train,74,7.4,5637.3798833334,7.399999999999636,0.1000000000003638,5637.375,4.883333400000001,1.5,0.05000000074505806,3.5714679847453445,0.002244801741046603,1.3269228451078439,0.014821713296754743,1.3270056216600095,0.01116070781942513,0.011160707819425294,0.03979071232260506
train_steering_multistep,train,75,7.5,5637.479883333401,7.5,0.1000000000003638,5637.475,4.883333400000001,1.5,0.05000000074505806,3.7045457749613204,0.003996225665879784,1.336501733924816,0.020226271554793483,1.3366547747342226,0.01512882663802495,0.015128826638024798,0.03948073162394361
train_steering_multistep,train,76,7.6000000000000005,5637.5798833334,7.599999999999454,0.0999999999994543,5637.575,4.883333400000001,1.5,0.05000000074505806,3.838552808758808,0.006288552514700762,1.345517883594807,0.025642016950888274,1.3457621959578605,0.019050505685900276,0.01905050568590049,0.039005180855513494
train_steering_multistep,train,77,7.7,5637.6798833334005,7.699999999999818,0.1000000000003638,5637.675,4.883333400000001,1.5,0.05000000074505806,3.973433237270715,0.009122085036489813,1.353983450069491,0.031071708548999554,1.354339925593745,0.022937861750892186,0.022937861750892397,0.03881133543682337
train_steering_multistep,train,78,7.800000000000001,5637.7798833334,7.799999999999272,0.0999999999994543,5637.775,4.883333400000001,1.5,0.05000000074505806,4.109133472889896,0.012499760639362898,1.3619280243396366,0.036546543492078844,1.3624182886353755,0.026820115781409193,0.026820115781409186,0.03888036582451201
train_steering_multistep,train,79,7.9,5637.8798833334,7.899999999999636,0.1000000000003638,5637.875,4.883333400000001,1.5,0.05000000074505806,4.245603079568557,0.01642740710266011,1.3693836506253292,0.042088269931456215,1.3700302934351494,0.030717014704849,0.03071701470484918,0.039081886545426936
train_steering_multistep,train,80,8.0,5637.979883333401,8.0,0.1000000000003638,5637.975,4.883333400000001,1.5,0.05000000074505806,4.382794697089029,0.020912238350287576,1.3763795402433194,0.04770375480658688,1.377205971116864,0.03463631226450525,0.034636312264505364,0.039316516964217806
train_steering_multistep,train,81,8.1,5638.0798833334,8.099999999999454,0.0999999999994543,5638.075,4.883333400000001,1.5,0.05000000074505806,4.5206637056133685,0.025961586994325995,1.3829414376250073,0.05339047349841894,1.3839716624325813,0.03857861696842946,0.03857861696842935,0.039538487052958406
train_steering_multistep,train,82,8.200000000000001,5638.1798833334005,8.199999999999818,0.1000000000003638,5638.175,4.883333400000001,1.5,0.05000000074505806,4.659167916387741,0.03158228879260568,1.3890924338232626,0.05914235616311131,1.3903508937867015,0.04254192489682307,0.04254192489682317,0.0397369593392895
train_steering_multistep,train,83,8.3,5638.2798833334,8.299999999999272,0.0999999999994543,5638.275,4.883333400000001,1.5,0.05000000074505806,4.798267351526311,0.03778053073897475,1.394853819952285,0.06495306033214196,1.3963653099880107,0.04652400255663469,0.04652400255663448,0.0399152695493772
train_steering_multistep,train,84,8.4,5638.3798833334,8.399999999999636,0.1000000000003638,5638.375,4.883333400000001,1.5,0.05000000074505806,4.937924092599788,0.044561902272473745,1.4002455999488461,0.07081707667522325,1.4020352343577258,0.05052312883772858,0.05052312883772855,0.040079115973955554
train_steering_multistep,train,85,8.5,5638.479883333401,8.5,0.1000000000003638,5638.475,4.883333400000001,1.5,0.05000000074505806,5.078102164938235,0.05193148874116097,1.405286714494102,0.07672976132408735,1.4073799082201384,0.05453807615415984,0.05453807615415968,0.04023244270223547
train_steering_multistep,train,86,8.6,5638.5798833334,8.599999999999454,0.0999999999994543,5638.575,4.883333400000001,1.5,0.05000000074505806,5.2187674359999985,0.059893945435758954,1.409995118119364,0.08268706840156083,1.4124175672429176,0.05856790407823942,0.05856790407823932,0.04037717575808655
train_steering_multistep,train,87,8.700000000000001,5638.6798833334005,8.699999999999818,0.1000000000003638,5638.675,4.883333400000001,1.5,0.05000000074505806,5.359887518611646,0.06845354438208626,1.4143878102743461,0.08868532030675194,1.4171654680191272,0.06261179801037065,0.06261179801037085,0.04051406557139406
train_steering_multistep,train,88,8.8,5638.7798833334,8.799999999999272,0.0999999999994543,5638.775,4.883333400000001,1.5,0.05000000074505806,5.501431677047569,0.07761420363030407,1.4184808649658096,0.0947210861272167,1.42163991512867,0.06666899181896024,0.06666899181896002,0.04064342715841802
train_steering_multistep,train,89,8.9,5638.8798833334,8.899999999999636,0.1000000000003638,5638.875,4.883333400000001,1.5,0.05000000074505806,5.643370736514333,0.08737950890854448,1.422289469372928,0.10079113727552665,1.4258562998769981,0.07073874606638109,0.07073874606638106,0.040765516219202554
train_steering_multistep,train,90,9.0,5638.979883333401,9.0,0.1000000000003638,5638.975,4.883333400000001,1.5,0.05000000074505806,5.7856769968191895,0.09775273306743978,1.425827968696574,0.10689243740791067,1.4298291469087547,0.07482034922760983,0.07482034922760965,0.04088064104558305
train_steering_multistep,train,91,9.1,5639.0798833334,9.099999999999454,0.0999999999994543,5639.075,4.883333400000001,1.5,0.05000000074505806,5.928325348420668,0.10873918597643868,1.4291089877780216,0.1130222377373077,1.433571248674733,0.07891316308239382,0.0789131630823938,0.040989132930340726
train_steering_multistep,train,92,9.200000000000001,5639.1798833334005,9.199999999999818,0.1000000000003638,5639.175,4.883333400000001,1.5,0.05000000074505806,6.071290292843672,0.12034111102020574,1.432145649355985,0.11917783027048948,1.4370958618163716,0.08301653099836148,0.0830165309983617,0.041091369753302624
train_steering_multistep,train,93,9.3,5639.2798833334,9.299999999999272,0.0999999999994543,5639.275,4.883333400000001,1.5,0.05000000074505806,6.214547082289652,0.1325591147570208,1.4349508004491693,0.1253566499425597,1.4404159431373653,0.08712981490810723,0.0871298149081071,0.04118773017786977
train_steering_multistep,train,94,9.4,5639.3798833334,9.399999999999636,0.1000000000003638,5639.375,4.883333400000001,1.5,0.05000000074505806,6.358073165301295,0.14539540011748192,1.4375358496332158,0.13155638409920453,1.4435430028321052,0.09125244514782116,0.09125244514782126,0.04127855286543691
train_steering_multistep,train,95,9.5,5639.479883333401,9.5,0.1000000000003638,5639.475,4.883333400000001,1.5,0.0,6.501847171145677,0.15885170989257177,1.4399211214374192,0.13780798759370158,1.4465005618588442,0.09538411100101118,0.09538411100101124,0.04113841454127539
train_steering_multistep,train,96,9.600000000000001,5639.5798833334,9.599999999999454,0.0999999999994543,5639.575,4.883333400000001,1.5,0.0,6.645887364417063,0.17288309299257018,1.442854485397208,0.14232999251021608,1.4498575333647203,0.09843728907291682,0.09843728907291684,0.02010457171553184
train_steering_multistep,train,97,9.700000000000001,5639.6798833334005,9.699999999999818,0.1000000000003638,5639.675,4.883333400000001,1.5,0.0,6.790200864861487,0.18724003422493035,1.4454040801551349,0.14438858219437,1.4525980202379865,0.0996306745486244,0.09963067454862425,0.0054974580945367345
train_steering_multistep,train,98,9.8,5639.7798833334,9.799999999999272,0.0999999999994543,5639.775,4.883333400000001,1.5,0.0,6.934759893057262,0.20171107540889252,1.4477833897571186,0.1449490329229094,1.4550212934602602,0.09981090709509077,0.0998109070950908,-0.0006797405867591589
train_steering_multistep,train,99,9.9,5639.8798833334,9.899999999999636,0.1000000000003638,5639.875,4.883333400000001,1.5,0.0,7.07955210310331,0.21620132471441855,1.450058791233135,0.14497611074650715,1.457288087685233,0.09965828018569889,0.09965828018569878,-0.0018624130856832312
train_steering_multistep,train,100,10.0,5639.979883333401,10.0,0.1000000000003638,5639.975,4.883333400000001,1.5,0.0,7.224565627566518,0.23068851005503024,1.452204987266008,0.14496007446567302,1.4594220596460448,0.09949583478533164,0.0994958347853317,-0.001265918966314259
train_steering_multistep,train,101,10.100000000000001,5640.0798833334,10.099999999999454,0.0999999999994543,5640.075,4.883333400000001,1.5,0.0,7.369786742187923,0.2451781229086252,1.4542113703038517,0.1450373922499148,1.461426205672193,0.09941202617462164,0.09941202617462158,-0.00043090507517589175
train_steering_multistep,train,102,10.200000000000001,5640.1798833334005,10.199999999999818,0.1000000000003638,5640.175,4.883333400000001,1.5,0.0,7.515201647433591,0.25968027903862595,1.4560871501263288,0.14519865893359865,1.463308729986358,0.09939532078819813,0.0993953207881981,-3.700699019563506e-05
train_steering_multistep,train,103,10.3,5640.2798833334,10.299999999999272,0.0999999999994543,5640.275,4.883333400000001,1.5,0.0,7.660798742077558,0.2741998243259012,1.45785787760913,0.14536839520592604,1.4650875610041543,0.09939535829010371,0.09939535829010374,9.408122524815935e-06
train_steering_multistep,train,104,10.4,5640.3798833334,10.399999999999636,0.1000000000003638,5640.375,4.883333400000001,1.5,0.0,7.80656748098553,0.288736517071256,1.4595218296218768,0.14554240895795403,1.4667605680197782,0.0993955042899608,0.09939550428996069,-6.007731138946231e-06
train_steering_multistep,train,105,10.5,5640.479883333401,10.5,0.1000000000003638,5640.475,4.883333400000001,1.5,0.0,7.952497620084558,0.30328930605292576,1.4610879882718733,0.14568841630394488,1.468333485219441,0.09939558661767434,0.09939558661767428,7.82517999234878e-06
train_steering_multistep,train,106,10.600000000000001,5640.5798833334,10.599999999999454,0.0999999999994543,5640.575,4.883333400000001,1.5,0.0,8.09857948790266,0.3178572465288835,1.4625592075740035,0.14583462791621932,1.4698119519300923,0.09939566094417174,0.09939566094417168,8.178180315424313e-06
train_steering_multistep,train,107,10.700000000000001,5640.6798833334005,10.699999999999818,0.1000000000003638,5640.675,4.883333400000001,1.5,0.0,8.244803962113693,0.33243942253365866,1.4639414664853736,0.14597503803481482,1.4712013216358937,0.09939575221572827,0.09939575221572823,3.862246855688911e-06
train_steering_multistep,train,108,10.8,5640.7798833334,10.799999999999272,0.0999999999994543,5640.775,4.883333400000001,1.5,0.0,8.391162912205791,0.3470350126526939,1.4652401290256358,0.14610324890623863,1.4725062970193197,0.09939581808952447,0.09939581808952426,7.872936675143937e-06
train_steering_multistep,train,109,10.9,5640.8798833334,10.899999999999636,0.1000000000003638,5640.875,4.883333400000001,1.5,0.0,8.53764803179438,0.36164320574805375,1.4664585771357703,0.14623457716999252,1.473731763233409,0.09939586111441123,0.0993958611144113,-6.034795108497952e-06
train_steering_multistep,train,110,11.0,5640.979883333401,11.0,0.1000000000003638,5640.975,4.883333400000001,1.5,0.0,8.684251265480459,0.37626317752141886,1.467603656438622,0.14634788928343875,1.4748824349833596,0.09939593482946707,0.0993959348294671,-4.244669245458902e-06
train_steering_multistep,train,111,11.100000000000001,5641.0798833334,11.099999999999454,0.0999999999994543,5641.075,4.883333400000001,1.5,0.0,8.830965391072224,0.39089421532493257,1.4686794136582726,0.14644566033573847,1.475962584627225,0.0993959974297467,0.09939599742974685,7.813881581503988e-06
train_steering_multistep,train,112,11.200000000000001,5641.1798833334005,11.199999999999818,0.1000000000003638,5641.175,4.883333400000001,1.5,0.0,8.977783595063087,0.40553564408461684,1.4696876321812373,0.14654979465730136,1.4769761603685954,0.09939605066192936,0.09939605066192923,3.744770683746277e-06
train_steering_multistep,train,113,11.3,5641.2798833334,11.299999999999272,0.0999999999994543,5641.275,4.883333400000001,1.5,0.0,9.124699448986595,0.42018682428980847,1.470632891358477,0.1466522750611789,1.4779269233924046,0.09939609501340918,0.09939609501340922,-6.785657758989768e-06
train_steering_multistep,train,114,11.4,5641.3798833334,11.399999999999636,0.1000000000003638,5641.375,4.883333400000001,1.5,0.0,9.271706889768101,0.43484713544529807,1.471521006593711,0.14673096098994942,1.4788184633353487,0.09939614793790019,0.09939614793790039,5.624704867076579e-06
train_steering_multistep,train,115,11.5,5641.479883333401,11.5,0.1000000000003638,5641.475,4.883333400000001,1.5,0.0,9.41880019411888,0.4495160249343989,1.4723517801086539,0.14682118552630682,1.4796540895868824,0.09939619241274356,0.09939619241274343,-3.4361818649127636e-06
train_steering_multistep,train,116,11.600000000000001,5641.5798833334,11.599999999999454,0.0999999999994543,5641.575,4.883333400000001,1.5,0.0,9.56597396597305,0.46419293888642593,1.473131403036902,0.14689338552091075,1.4804370290953428,0.0993962347648818,0.09939623476488171,3.6460639726409273e-06
train_steering_multistep,train,117,11.700000000000001,5641.6798833334005,11.699999999999818,0.1000000000003638,5641.675,4.883333400000001,1.5,0.0,9.713223113119588,0.4788773802582874,1.4738607861478483,0.14696792450215101,1.481170208860887,0.09939627536132623,0.09939627536132616,1.206197210965713e-06
train_steering_multistep,train,118,11.8,5641.7798833334,11.799999999999272,0.0999999999994543,5641.775,4.883333400000001,1.5,0.0,9.860542833083116,0.4935688626786472,1.4745435350408227,0.14703753805980424,1.4818564958201956,0.09939630994188864,0.09939630994188851,-1.9944107743050744e-07
train_steering_multistep,train,119,11.9,5641.8798833334,11.899999999999636,0.1000000000003638,5641.875,4.883333400000001,1.5,0.0,10.007928595417626,0.5082669356780529,1.4751829512173418,0.1470957385634907,1.4824985313938641,0.09939634194948077,0.09939634194948084,6.252159733247968e-06
train_steering_multistep,train,120,12.0,5641.979883333401,12.0,0.1000000000003638,5641.975,4.883333400000001,1.5,-0.05000000074505806,10.155376167013687,0.5229712728571286,1.4757860877326445,0.1471080618814022,1.4830999143508814,0.09938778289890449,0.09938778289890436,-0.0010997733748494942
train_steering_multistep,train,121,12.100000000000001,5642.0798833334,12.099999999999454,0.0999999999994543,5642.075,4.883333400000001,1.5,-0.05000000074505806,10.302881100229888,0.537626979149689,1.4763454072953124,0.14537458743950954,1.4834855917333984,0.09827231912775414,0.09827231912775407,-0.02185146941821397
train_steering_multistep,train,122,12.200000000000001,5642.1798833334005,12.199999999999818,0.1000000000003638,5642.175,4.883333400000001,1.5,-0.05000000074505806,10.450440060868331,0.5519680642637328,1.476925275563229,0.14093998061691274,1.4836348377077324,0.09522532469045641,0.09522532469045632,-0.03713510370358261
train_steering_multistep,train,123,12.3,5642.2798833334,12.299999999999272,0.0999999999994543,5642.275,4.883333400000001,1.5,-0.05000000074505806,10.598071586465604,0.5657749435921845,1.4777862834926931,0.13500656507697162,1.4839403855578424,0.0911491224852301,0.09114912248523031,-0.04325475678656345
train_steering_multistep,train,124,12.4,5642.3798833334,12.399999999999636,0.1000000000003638,5642.375,4.883333400000001,1.5,-0.05000000074505806,10.745799566924768,0.5789529199936999,1.4788205775053862,0.12855281055238799,1.4843975626255528,0.08673846467453883,0.08673846467453884,-0.04444177389582904
train_steering_multistep,train,125,12.5,5642.479883333401,12.5,0.1000000000003638,5642.475,4.883333400000001,1.5,-0.05000000074505806,10.89363336523635,0.5914783756033766,1.4798719753686198,0.12206689390808977,1.4848977705569537,0.08232043317779603,0.08232043317779585,-0.043821912843264504
train_steering_multistep,train,126,12.600000000000001,5642.5798833334,12.599999999999454,0.0999999999994543,5642.575,4.883333400000001,1.5,-0.05000000074505806,11.041569738134632,0.6033584517056225,1.4808605178366419,0.11567885089654548,1.4853718284351172,0.07798022084917378,0.07798022084917355,-0.04304417021691548
train_steering_multistep,train,127,12.700000000000001,5642.6798833334005,12.699999999999818,0.1000000000003638,5642.675,4.883333400000001,1.5,-0.05000000074505806,11.189600939319913,0.6146050957997319,1.4817707502153419,0.10937238079312692,1.4858017608591676,0.07370261813089751,0.07370261813089768,-0.042585638141632624
train_steering_multistep,train,128,12.8,5642.7798833334,12.799999999999272,0.0999999999994543,5642.775,4.883333400000001,1.5,-0.05000000074505806,11.337719448243618,0.6252241884161489,1.4826102048234053,0.10310248865935892,1.4861908158703114,0.06945492806249565,0.06945492806249584,-0.04242040334776626
train_steering_multistep,train,129,12.9,5642.8798833334,12.899999999999636,0.1000000000003638,5642.875,4.883333400000001,1.5,-0.05000000074505806,11.485918732302144,0.63521753468685,1.4833890698054155,0.09683760861128039,1.4865465527055253,0.06521487438766549,0.06521487438766564,-0.04240856459283834
train_steering_multistep,train,130,13.0,5642.979883333401,13.0,0.1000000000003638,5642.975,4.883333400000001,1.5,-0.05000000074505806,11.634193123268853,0.6445847441670751,1.4841142280053845,0.09056415223258239,1.4868748790413222,0.06097294947351983,0.060972949473519826,-0.042444831086018674
train_steering_multistep,train,131,13.100000000000001,5643.0798833334,13.099999999999454,0.0999999999994543,5643.075,4.883333400000001,1.5,-0.05000000074505806,11.782537460957075,0.653324728998551,1.4847892622323364,0.08427951672789191,1.4871792725395176,0.05672721717492868,0.056727217174928776,-0.042480456078318525
train_steering_multistep,train,132,13.200000000000001,5643.1798833334005,13.199999999999818,0.1000000000003638,5643.175,4.883333400000001,1.5,-0.05000000074505806,11.930946835578622,0.6614364261596256,1.4854158937675863,0.07798532201540767,1.4874616251873956,0.05247856381723004,0.05247856381723025,-0.042503126845711225
train_steering_multistep,train,133,13.3,5643.2798833334,13.299999999999272,0.0999999999994543,5643.275,4.883333400000001,1.5,-0.05000000074505806,12.079416466206757,0.6689189944075162,1.4859951425587576,0.07168376706252684,1.487723134414146,0.048228214457556096,0.048228214457555964,-0.042515353010983886
train_steering_multistep,train,134,13.4,5643.3798833334,13.399999999999636,0.1000000000003638,5643.375,4.883333400000001,1.5,-0.05000000074505806,12.227941664646709,0.6757717872844775,1.4865279027386025,0.0653764295999832,1.4879648119738105,0.043976949023262435,0.04397694902326222,-0.042522267045244845
train_steering_multistep,train,135,13.5,5643.479883333401,13.5,0.1000000000003638,5643.475,4.883333400000001,1.5,-0.05000000074505806,12.376517834011354,0.6819942802384685,1.4870151150788917,0.05906423134213102,1.488187667736276,0.0397251048244609,0.039725104824461066,-0.04252734327776853
train_steering_multistep,train,136,13.600000000000001,5643.5798833334,13.599999999999454,0.0999999999994543,5643.575,4.883333400000001,1.5,-0.05000000074505806,12.52514047391359,0.687586017993385,1.4874577626481065,0.0527477158869821,1.4883927289861356,0.03547277721791131,0.035472777217911186,-0.042532067338568055
train_steering_multistep,train,137,13.700000000000001,5643.6798833334005,13.699999999999818,0.1000000000003638,5643.675,4.883333400000001,1.5,-0.05000000074505806,12.673805182433684,0.6925465898741928,1.487856825837128,0.04642728058187982,1.4885810105862447,0.0312199792922625,0.031219979292262393,-0.04253675719700848
train_steering_multistep,train,138,13.8,5643.7798833334,13.799999999999272,0.0999999999994543,5643.775,4.883333400000001,1.5,-0.05000000074505806,12.822507653971398,0.6968756224222409,1.4882132489882027,0.040103291966717323,1.488753487652189,0.02696671854483146,0.02696671854483137,-0.04254130253364279
train_steering_multistep,train,139,13.9,5643.8798833334,13.899999999999636,0.1000000000003638,5643.875,4.883333400000001,1.5,-0.05000000074505806,12.971243674807042,0.7005727787991483,1.4885279263284763,0.033776119758271946,1.4889110827151966,0.022713017656060597,0.022713017656060493,-0.04254554659538943
train_steering_multistep,train,140,14.0,5643.979883333401,14.0,0.1000000000003638,5643.975,4.883333400000001,1.5,-0.05000000074505806,13.120009117933835,0.7036377592831465,1.488801700315421,0.027446135290407847,1.489054663775477,0.018458911701110914,0.01845891170111113,-0.042549403322810354
train_steering_multistep,train,141,14.100000000000001,5644.0798833334,14.099999999999454,0.0999999999994543,5644.075,4.883333400000001,1.5,-0.05000000074505806,13.268799938041871,0.7060703009748726,1.4890353649765355,0.021113702228728666,1.4891850472927284,0.01420444073838123,0.014204440738381015,-0.042552853988441
train_steering_multistep,train,142,14.200000000000001,5644.1798833334005,14.199999999999818,0.1000000000003638,5644.175,4.883333400000001,1.5,-0.05000000074505806,13.41761223312417,0.7078677729128908,1.4892295233167658,0.014779163427504738,1.4893028554655643,0.009949643591799173,0.00994964359179925,-0.04255591354548
train_steering_multistep,train,143,14.3,5644.2798833334,14.299999999999272,0.0999999999994543,5644.275,4.883333400000001,1.5,-0.05000000074505806,13.566442052549494,0.7090304825224808,1.4893849222035458,0.008442856821312319,1.4894088514665043,0.0056945584866756604,0.005694558486675865,-0.04255860916919857
train_steering_multistep,train,144,14.4,5644.3798833334,14.399999999999636,0.1000000000003638,5644.375,4.883333400000001,1.5,-0.05000000074505806,13.715285506878821,0.7095601706698357,1.4895023500019393,0.002105105378196654,1.4895038370673905,0.0014392213218279437,0.001439221321828003,-0.04256096734888691
train_steering_multistep,train,145,14.5,5644.479883333401,14.5,0.1000000000003638,5644.475,4.883333400000001,1.5,0.0,13.864138810964143,0.7094570531647156,1.4895809409843657,-0.004261180155942986,1.489587034438673,-0.0028169748058068933,-0.002816974805806851,-0.04248668729852988
train_steering_multistep,train,146,14.600000000000001,5644.5798833334,14.599999999999454,0.0999999999994543,5644.575,4.883333400000001,1.5,0.0,14.01303211758824,0.7087733444289336,1.4902320586298667,-0.008737905231450445,1.490257668733564,-0.005959078594667044,-0.005959078594667181,-0.020631322689531894
train_steering_multistep,train,147,14.700000000000001,5644.6798833334005,14.699999999999818,0.1000000000003638,5644.675,4.883333400000001,1.5,0.0,14.161965438944096,0.7077758995636697,1.4904041801560928,-0.010630560645349743,1.4904420900645479,-0.007180979404118659,-0.007180979404118737,-0.005607423007655536
train_steering_multistep,train,148,14.8,5644.7798833334,14.799999999999272,0.0999999999994543,5644.775,4.883333400000001,1.5,0.0,14.310905353893745,0.706685104838384,1.4904120855036866,-0.010956150772320317,1.4904523547079342,-0.007360462550566993,-0.007360462550567,0.000744231291049407
train_steering_multistep,train,149,14.9,5644.8798833334,14.899999999999636,0.1000000000003638,5644.875,4.883333400000001,1.5,0.0,14.45984542046171,0.7055993922473573,1.4904147710750582,-0.01074199876172656,1.4904534814135824,-0.007199968161127668,-0.00719996816112745,0.0019574717575204883
train_steering_multistep,train,150,15.0,5644.979883333401,15.0,0.1000000000003638,5644.975,4.883333400000001,1.5,0.0,14.608785815808446,0.7045406971861223,1.490416158263385,-0.01049204062889619,1.4904530879524147,-0.0070271430668524815,-0.0070271430668523,0.001379623691182423
train_steering_multistep,train,151,15.100000000000001,5645.0798833334,15.099999999999454,0.0999999999994543,5645.075,4.883333400000001,1.5,0.0,14.757725951266737,0.7035022603496753,1.4904095907598065,-0.010348941168501507,1.4904455201302156,-0.006931281125555966,-0.006931281125555876,0.0005697692813751636
train_steering_multistep,train,152,15.200000000000001,5645.1798833334005,15.199999999999818,0.1000000000003638,5645.175,4.883333400000001,1.5,0.0,14.90666516959597,0.7024725542433099,1.4903983789011324,-0.01031242375290368,1.4904340554053994,-0.006905666946492417,-0.006905666946492566,2.6627755016750388e-05
train_steering_multistep,train,153,15.3,5645.2798833334,15.299999999999272,0.0999999999994543,5645.275,4.883333400000001,1.5,0.0,15.05560292639898,0.7014440682549595,1.4903801081995747,-0.010299692434148928,1.4904156972212956,-0.0069055812687341955,-0.006905581268734251,-5.31834225940231e-06
train_steering_multistep,train,154,15.4,5645.3798833334,15.399999999999636,0.1000000000003638,5645.375,4.883333400000001,1.5,0.0,15.204538634374119,0.7004155942678371,1.4903577119945493,-0.0103082440270728,1.4903933606037245,-0.006905593633597107,-0.006905593633597136,4.991632428567744e-06
train_steering_multistep,train,155,15.5,5645.479883333401,15.5,0.1000000000003638,5645.475,4.883333400000001,1.5,0.0,15.353471935199494,0.6993871390003215,1.4903319291808927,-0.010306996569391214,1.4903675697903342,-0.00690558577792677,-0.006905585777926891,4.748389063225395e-06
train_steering_multistep,train,156,15.600000000000001,5645.5798833334,15.599999999999454,0.0999999999994543,5645.575,4.883333400000001,1.5,0.0,15.502402495883237,0.6983587117591633,1.4903029497938478,-0.010299937730360045,1.4903385423489668,-0.006905554722417495,-0.006905554722417429,-3.790058917728038e-06
train_steering_multistep,train,157,15.700000000000001,5645.6798833334005,15.699999999999818,0.1000000000003638,5645.675,4.883333400000001,1.5,0.0,15.65133000358158,0.6973303052169726,1.4902708872581085,-0.010305436623514257,1.4903065185497812,-0.006905517466636368,-0.0069055174666362235,2.554652941427268e-06
train_steering_multistep,train,158,15.8,5645.7798833334,15.799999999999272,0.0999999999994543,5645.775,4.883333400000001,1.5,0.0,15.800254167801665,0.6963019316704688,1.490236050117179,-0.010300902455221708,1.4902716509285872,-0.006905481514222878,-0.0069054815142227,-2.554246311127655e-06
train_steering_multistep,train,159,15.9,5645.8798833334,15.899999999999636,0.1000000000003638,5645.875,4.883333400000001,1.5,0.0,15.949174700679595,0.6952735844471917,1.490198564761139,-0.010297754009311584,1.4902341447247687,-0.006905457468246556,-0.006905457468246381,-5.564486477183493e-06
train_steering_multistep,train,160,16.0,5645.979883333401,16.0,0.1000000000003638,5645.975,4.883333400000001,1.5,0.0,16.09809134717823,0.6942452652447413,1.4901585266349733,-0.010306247810018206,1.4901941662057354,-0.006905420149987851,-0.006905420149987754,5.469132519462423e-06
train_steering_multistep,train,161,16.1,5646.0798833334,16.099999999999454,0.0999999999994543,5646.075,4.883333400000001,1.5,0.0,16.24700387980967,0.6932169839735506,1.4901162598056479,-0.010303896424341433,1.4901518841465866,-0.006905392339767502,-0.006905392339767606,2.5244615804565543e-06
train_steering_multistep,train,162,16.2,5646.1798833334005,16.199999999999818,0.1000000000003638,5646.175,4.883333400000001,1.5,0.0,16.395912076084212,0.6921887342024812,1.4900718162078435,-0.010304261358260977,1.4901074441279265,-0.0069053596201267275,-0.006905359620126739,3.852636602731993e-06
train_steering_multistep,train,163,16.3,5646.2798833334,16.299999999999272,0.0999999999994543,5646.275,4.883333400000001,1.5,0.0,16.5448157286247,0.6911605260674873,1.4900254020984007,-0.010299058210114037,1.4900609951955543,-0.006905338445435838,-0.0069053384454356714,-2.834654108277407e-06
train_steering_multistep,train,164,16.400000000000002,5646.3798833334,16.399999999999636,0.1000000000003638,5646.375,4.883333400000001,1.5,0.0,16.69371464407687,0.6901323499779536,1.4899770796850593,-0.010300554226186054,1.4900126842643686,-0.0069053082542360755,-0.00690530825423596,-5.981329188200884e-07
train_steering_multistep,train,165,16.5,5646.479883333401,16.5,0.1000000000003638,5646.475,4.883333400000001,1.5,0.0,16.84260864225611,0.689104211069721,1.4899270341981858,-0.010299835258776594,1.4899626350056943,-0.0069052807405309835,-0.006905280740530839,-5.917163327545202e-07
train_steering_multistep,train,166,16.6,5646.5798833334,16.599999999999454,0.0999999999994543,5646.575,4.883333400000001,1.5,0.0,16.99149755562816,0.6880761145853553,1.4898753804280764,-0.010297035682074317,1.4899109631351548,-0.0069052563739755435,-0.006905256373975505,-3.5699223528063153e-06
train_steering_multistep,train,167,16.7,5646.6798833334005,16.699999999999818,0.1000000000003638,5646.675,4.883333400000001,1.5,0.0,17.140381228266353,0.6870480557774198,1.4898221922049386,-0.010300161847545387,1.489857797766535,-0.006905227786578649,-0.006905227786578843,4.849876767804064e-07
train_steering_multistep,train,168,16.8,5646.7798833334,16.799999999999272,0.0999999999994543,5646.775,4.883333400000001,1.5,0.0,17.28925951566315,0.6860200379349511,1.4897676258479833,-0.01030002359863484,1.489803231755516,-0.0069052004620697716,-0.006905200462069863,1.1245498370686646e-06
train_steering_multistep,train,169,16.900000000000002,5646.8798833334,16.899999999999636,0.1000000000003638,5646.875,4.883333400000001,1.5,0.0,17.438132283665837,0.6849920636806508,1.4897117797233541,-0.010298596345846001,1.4897473771066316,-0.006905176223614973,-0.006905176223614797,-3.2105939223769424e-07
train_steering_multistep,train,170,17.0,5646.979883333401,17.0,0.1000000000003638,5646.975,4.883333400000001,1.5,0.15000000596046448,17.58699965387916,0.6839639663163692,1.489680199391374,-0.010231330378640265,1.4897153335236313,-0.006895253374514798,-0.006895253374514989,0.0013891704820105286
train_steering_multistep,train,171,17.1,5647.0798833334,17.099999999999454,0.0999999999994543,5647.075,4.883333400000001,1.5,0.15000000596046448,17.735859042726027,0.6830198687574099,1.4893365605934858,-0.007221466633719511,1.489354033446013,-0.005064604740026013,-0.005064604740026031,0.03891205098016182
train_steering_multistep,train,172,17.2,5647.1798833334005,17.199999999999818,0.1000000000003638,5647.175,4.883333400000001,1.5,0.15000000596046448,17.88460368061311,0.6826608590539917,1.4872897512258128,0.0018447403212783866,1.4872908465960029,0.0009844845582076545,0.0009844845582077549,0.08123815255899464
train_steering_multistep,train,173,17.3,5647.2798833334,17.299999999999272,0.0999999999994543,5647.275,4.883333400000001,1.5,0.15000000596046448,18.03308501717197,0.6834959291664731,1.4843878622104443,0.01634627402262858,1.4844778374283099,0.0108255667250301,0.010825566725030178,0.11267446957953667
train_steering_multistep,train,174,17.400000000000002,5647.3798833334,17.399999999999636,0.1000000000003638,5647.375,4.883333400000001,1.5,0.15000000596046448,18.18131535367047,0.6859781508911429,1.4824584695321816,0.03419807058887349,1.4828528573348194,0.022956887338893672,0.022956887338893724,0.12750711485746177
train_steering_multistep,train,175,17.5,5647.479883333401,17.5,0.1000000000003638,5647.475,4.883333400000001,1.5,0.15000000596046448,18.329414801984417,0.6903324525385943,1.4816758770722989,0.05339518370784273,1.4826376637832472,0.03596008680181928,0.035960086801819474,0.1313690793174906
train_steering_multistep,train,176,17.6,5647.5798833334,17.599999999999454,0.0999999999994543,5647.575,4.883333400000001,1.5,0.15000000596046448,18.477461672534623,0.6966331194895404,1.481283395823774,0.07282675480685114,1.4830725640724125,0.049079075430698005,0.04907907543069791,0.13071185451896525
train_steering_multistep,train,177,17.7,5647.6798833334005,17.699999999999818,0.1000000000003638,5647.675,4.883333400000001,1.5,0.15000000596046448,18.625463743371135,0.7048747785068586,1.480723854007459,0.09209808139843323,1.483585246553893,0.062072119754693844,0.06207211975469383,0.12924240919014546
train_steering_multistep,train,178,17.8,5647.7798833334,17.799999999999272,0.0999999999994543,5647.775,4.883333400000001,1.5,0.15000000596046448,18.77339296465294,0.7150311010465314,1.4798147727482627,0.11117667836006964,1.483985178504845,0.07493823597173677,0.07493823597173693,0.12824683495817582
train_steering_multistep,train,179,17.900000000000002,5647.8798833334,17.899999999999636,0.1000000000003638,5647.875,4.883333400000001,1.5,0.15000000596046448,18.92121363962141,0.7270860600154254,1.4785556962993716,0.13013429133463056,1.4842714962914554,0.08773546766485252,0.08773546766485234,0.12782767791327024
train_steering_multistep,train,180,18.0,5647.979883333401,18.0,0.1000000000003638,5647.975,4.883333400000001,1.5,0.15000000596046448,19.068892918787096,0.741031224533028,1.4769893213540972,0.14903545053963385,1.4844894793798116,0.10051010357360424,0.10051010357360435,0.12774738253509108
train_steering_multistep,train,181,18.1,5648.0798833334,18.099999999999454,0.0999999999994543,5648.075,4.883333400000001,1.5,0.15000000596046448,19.216401880907018,0.7568629836174946,1.4751479032221704,0.1679119958764377,1.4846736234132434,0.11328435413696836,0.11328435413696854,0.12779145767749756
train_steering_multistep,train,182,18.2,5648.1798833334005,18.199999999999818,0.1000000000003638,5648.175,4.883333400000001,1.5,0.15000000596046448,19.363713892790397,0.7745794828873465,1.4730457022269086,0.18677116519478582,1.4848390829478093,0.12606421484377606,0.126064214843776,0.12784875138139512
train_steering_multistep,train,183,18.3,5648.2798833334,18.299999999999272,0.0999999999994543,5648.275,4.883333400000001,1.5,0.15000000596046448,19.510803143142162,0.794178862605289,1.4706863041629379,0.20560878452193215,1.484989283033103,0.13884880391073606,0.1388488039107361,0.12788450534750243
train_steering_multistep,train,184,18.400000000000002,5648.3798833334,18.399999999999636,0.1000000000003638,5648.375,4.883333400000001,1.5,0.15000000596046448,19.657643961525046,0.8156586276483987,1.4680697668996983,0.22441785395151145,1.4851236335027567,0.1516358251493526,0.15163582514935262,0.1278988890516138
train_steering_multistep,train,185,18.5,5648.479883333401,18.5,0.1000000000003638,5648.475,4.883333400000001,1.5,0.15000000596046448,19.804210663123026,0.8390155961462049,1.4651960094600485,0.2431920545341329,1.4852412984346468,0.16442358038186766,0.1644235803818678,0.12790076221474603
train_steering_multistep,train,186,18.6,5648.5798833334,18.599999999999454,0.0999999999994543,5648.575,4.883333400000001,1.5,0.15000000596046448,19.950477586354637,0.8642460214661558,1.462065585390198,0.26192634739157494,1.4853421088753302,0.17721120459342998,0.17721120459342987,0.12789716024141812
train_steering_multistep,train,187,18.7,5648.6798833334005,18.699999999999818,0.1000000000003638,5648.675,4.883333400000001,1.5,0.15000000596046448,20.096419149400035,0.8913457040701882,1.4586794924018733,0.2806165520031356,1.4854263710032691,0.18999834868167742,0.1899983486816772,0.12789148210784765
train_steering_multistep,train,188,18.8,5648.7798833334,18.799999999999272,0.0999999999994543,5648.775,4.883333400000001,1.5,0.15000000596046448,20.242009879802758,0.9203100507875063,1.455038894626683,0.29925885733323004,1.4854945443610699,0.20278486686211217,0.20278486686211195,0.12788467880700163
train_steering_multistep,train,189,18.900000000000002,5648.8798833334,18.899999999999636,0.1000000000003638,5648.875,4.883333400000001,1.5,0.15000000596046448,20.387224423163552,0.9511340947602815,1.4511449845286726,0.3178495401496742,1.485547067227182,0.21557064635454815,0.21557064635454815,0.12787665686276745
train_steering_multistep,train,190,19.0,5648.979883333401,19.0,0.1000000000003638,5648.975,4.883333400000001,1.5,0.15000000596046448,20.5320375437995,0.9838124973776415,1.4469989483097343,0.33638486372162835,1.4855843044037604,0.22835554961414095,0.2283555496141411,0.12786710139183668
train_steering_multistep,train,191,19.1,5649.0798833334,19.099999999999454,0.0999999999994543,5649.075,4.883333400000001,1.5,0.15000000596046448,20.676424124131415,1.0183395456665831,1.4426019671366193,0.35486106616342217,1.485606544240301,0.24113941077575474,0.24113941077575493,0.12785578092363598
train_steering_multistep,train,192,19.200000000000003,5649.1798833334005,19.199999999999818,0.1000000000003638,5649.175,4.883333400000001,1.5,0.15000000596046448,20.820359164416747,1.0547091503672026,1.4379552212021378,0.3732743741539788,1.4856140040016825,0.25392204709176047,0.2539220470917604,0.1278425834631196
train_steering_multistep,train,193,19.3,5649.2798833334,19.299999999999272,0.0999999999994543,5649.275,4.883333400000001,1.5,0.15000000596046448,20.963815585471597,1.0929214373418448,1.4330001161952206,0.39159582537829174,1.4855425322153573,0.26669518464276276,0.26669518464276254,0.12742241879241303
train_steering_multistep,train,194,19.400000000000002,5649.3798833334,19.399999999999636,0.1000000000003638,5649.375,4.883333400000001,1.5,0.15000000596046448,21.106752364590672,1.132961201402012,1.4275521300278078,0.4097688612946824,1.4851988394760869,0.27945752867518214,0.27945752867518225,0.1272010493314463
train_steering_multistep,train,195,19.5,5649.479883333401,19.5,0.1000000000003638,5649.475,4.883333400000001,1.5,0.0,21.249132068960535,1.1748101853773822,1.4217982734435586,0.42785675402135837,1.4847800220753637,0.2922152669138658,0.2922152669138656,0.12701739019172698
train_steering_multistep,train,196,19.6,5649.5798833334,19.599999999999454,0.0999999999994543,5649.575,4.883333400000001,1.5,0.0,21.391146145545175,1.2184439696536844,1.4211735555054572,0.44426295017094286,1.4889942071538278,0.3031854034668924,0.30318540346689254,0.08870260984905742
train_steering_multistep,train,197,19.700000000000003,5649.6798833334005,19.699999999999818,0.1000000000003638,5649.675,4.883333400000001,1.5,0.0,21.533180470409484,1.263454065071366,1.4214989065865613,0.45480668745749575,1.492483888027624,0.30987694348466155,0.3098769434846615,0.04636063591560258
train_steering_multistep,train,198,19.8,5649.7798833334,19.799999999999272,0.0999999999994543,5649.775,4.883333400000001,1.5,0.0,21.67519057324802,1.3091936744338044,1.4206610567826485,0.45924248099035325,1.4930443581710466,0.3127895660686524,0.3127895660686524,0.015074484927106755
train_steering_multistep,train,199,19.900000000000002,5649.8798833334,19.899999999999636,0.1000000000003638,5649.875,4.883333400000001,1.5,0.0,21.817112633405458,1.3551618544381498,1.4199103868510274,0.46011649764059714,1.49259930655998,0.31342940013967047,0.31342940013967047,0.00023135633835878202
train_steering_multistep,train,200,20.0,5649.979883333401,20.0,0.1000000000003638,5649.975,4.883333400000001,1.5,0.0,21.958991603853125,1.4011349623307954,1.4196701540131673,0.4597890765626989,1.4922698618448047,0.31322557659405037,0.31322557659405037,-0.003183049202579733
train_steering_multistep,train,201,20.1,5650.0798833334,20.099999999999454,0.0999999999994543,5650.075,4.883333400000001,1.5,0.0,22.100854821482994,1.447058286455597,1.4195200755626092,0.4592940360277164,1.4919746165551195,0.31292740203519687,0.312927402035197,-0.00245140157452589
train_steering_multistep,train,202,20.200000000000003,5650.1798833334005,20.199999999999818,0.1000000000003638,5650.175,4.883333400000001,1.5,0.0,22.24269929111404,1.4929382377754226,1.419271765062809,0.4589651316710446,1.4916371325430766,0.31276420720082054,0.3127642072008204,-0.0007897624964121827
train_steering_multistep,train,203,20.3,5650.2798833334,20.299999999999272,0.0999999999994543,5650.275,4.883333400000001,1.5,0.0,22.38451389596063,1.5387946139044761,1.4189582344668477,0.4587964579633053,1.4912869143344059,0.31273151178132164,0.3127315117813216,-5.168848351489398e-05
train_steering_multistep,train,204,20.400000000000002,5650.3798833334,20.399999999999636,0.1000000000003638,5650.375,4.883333400000001,1.5,0.0,22.526299600477174,1.584639919089028,1.4186887466453688,0.4587221749793477,1.491007643734874,0.3127316196747345,0.31273161967473445,-7.221375545154677e-06
train_steering_multistep,train,205,20.5,5650.479883333401,20.5,0.1000000000003638,5650.475,4.883333400000001,1.5,0.0,22.6680594724779,1.6304768990090646,1.4184424325171783,0.45862138885680964,1.4907422688970589,0.3127319147474976,0.31273191474749773,9.608992682060625e-06
train_steering_multistep,train,206,20.6,5650.5798833334,20.599999999999454,0.0999999999994543,5650.575,4.883333400000001,1.5,0.0,22.809794624912694,1.6763059231936217,1.4181953238126157,0.4585592662260595,1.4904880332007293,0.3127319904723338,0.3127319904723338,-9.41134716294291e-06
train_steering_multistep,train,207,20.700000000000003,5650.6798833334005,20.699999999999818,0.1000000000003638,5650.675,4.883333400000001,1.5,0.0,22.951506106409518,1.7221273111368065,1.4179679683134405,0.45847122247731203,1.4902446177373416,0.31273224044954917,0.31273224044954934,9.438192917091361e-06
train_steering_multistep,train,208,20.8,5650.7798833334,20.799999999999272,0.0999999999994543,5650.775,4.883333400000001,1.5,0.0,23.09319489810259,1.7679414069253292,1.417741721732274,0.45841192033563405,1.4900111000341072,0.31273241546175257,0.3127324154617526,-8.982414038410483e-06
train_steering_multistep,train,209,20.900000000000002,5650.8798833334,20.899999999999636,0.1000000000003638,5650.875,4.883333400000001,1.5,0.0,23.234861944457887,1.8137484942228517,1.4175254266061592,0.45835361287681636,1.4897873571332887,0.31273260345445664,0.31273260345445664,-2.115474969821593e-05
train_steering_multistep,train,210,21.0,5650.979883333401,21.0,0.1000000000003638,5650.975,4.883333400000001,1.5,0.0,23.376508059113156,1.8595488348372184,1.4173232036905299,0.4582812304344551,1.4895726735837767,0.31273278804335236,0.31273278804335236,-1.1301652149445038e-05
train_steering_multistep,train,211,21.1,5651.0798833334,21.099999999999454,0.0999999999994543,5651.075,4.883333400000001,1.5,0.0,23.51813410911626,1.9053427144538564,1.4171349232507224,0.4581944591896001,1.4893668293845415,0.31273295503999554,0.31273295503999554,1.6651028568706178e-05
train_steering_multistep,train,212,21.200000000000003,5651.1798833334005,21.199999999999818,0.1000000000003638,5651.175,4.883333400000001,1.5,0.0,23.65974094916087,1.9511304126092186,1.416945349656392,0.4581374077426672,1.4891688983481948,0.31273313233750777,0.31273313233750794,1.440785053391833e-05
train_steering_multistep,train,213,21.3,5651.2798833334,21.299999999999272,0.0999999999994543,5651.275,4.883333400000001,1.5,0.0,23.80132933318457,1.9969121727146273,1.4167637562708468,0.45808104870373106,1.4889787734784812,0.31273329147908013,0.31273329147908,1.147930224174222e-05
train_steering_multistep,train,214,21.400000000000002,5651.3798833334,21.399999999999636,0.1000000000003638,5651.375,4.883333400000001,1.5,0.0,23.942899971501276,2.042688220954764,1.416588776685527,0.4580275952412631,1.4887958355461477,0.3127334678931635,0.3127334678931635,9.01296402117984e-06
train_steering_multistep,train,215,21.5,5651.479883333401,21.5,0.1000000000003638,5651.475,4.883333400000001,1.5,0.0,24.084453540013136,2.088458771218916,1.416423011051797,0.4579682902160756,1.4886198643573034,0.3127336338880893,0.3127336338880895,1.5545121576651183e-05
train_steering_multistep,train,216,21.6,5651.5798833334,21.599999999999454,0.0999999999994543,5651.575,4.883333400000001,1.5,0.0,24.22599067665715,2.1342240369569274,1.416261613848297,0.45791671488637636,1.488450427836906,0.31273377753324905,0.31273377753324894,1.4690707916786345e-05
train_steering_multistep,train,217,21.700000000000003,5651.6798833334005,21.699999999999818,0.1000000000003638,5651.675,4.883333400000001,1.5,0.0,24.36751198343975,2.179984208758854,1.4161059807370429,0.45786719249844055,1.488287107437277,0.3127339409107579,0.3127339409107581,1.3947736852754037e-05
train_steering_multistep,train,218,21.8,5651.7798833334,21.799999999999272,0.0999999999994543,5651.775,4.883333400000001,1.5,0.0,24.50901803154217,2.2257394707189264,1.4159557650805523,0.45781993107541874,1.4881296373354655,0.3127341041361622,0.3127341041361621,1.3339271956407947e-05
train_steering_multistep,train,219,21.900000000000002,5651.8798833334,21.899999999999636,0.1000000000003638,5651.875,4.883333400000001,1.5,0.0,24.65050936190382,2.2714899988907646,1.4158109216911259,0.4577741179864203,1.4879777245209262,0.3127342519579708,0.31273425195797094,1.2424575336624767e-05
train_steering_multistep,train,220,22.0,5651.979883333401,22.0,0.1000000000003638,5651.975,4.883333400000001,1.5,-0.15000000596046448,24.79198680707294,2.3172362481279207,1.4157193931471168,0.4576941051486688,1.4878660190440531,0.31272759917984283,0.3127275991798429,-0.0011043892154019058
train_steering_multistep,train,221,22.1,5652.0798833334,22.099999999999454,0.0999999999994543,5652.075,4.883333400000001,1.5,-0.15000000596046448,24.93347205400373,2.3629027438619876,1.4161573480207441,0.45479787688076706,1.4873945765883874,0.31097477537882723,0.31097477537882723,-0.03800854817103628
train_steering_multistep,train,222,22.200000000000003,5652.1798833334005,22.199999999999818,0.1000000000003638,5652.175,4.883333400000001,1.5,-0.15000000596046448,25.07501531800785,2.4079904913927104,1.4169765943417822,0.4457335973043053,1.4854295530380601,0.305028706712807,0.3050287067128069,-0.08019797481624344
train_steering_multistep,train,223,22.3,5652.2798833334,22.299999999999272,0.0999999999994543,5652.275,4.883333400000001,1.5,-0.15000000596046448,25.216683299421046,2.451881993728178,1.4188071164764546,0.4312447739912898,1.482897705434938,0.29527116624973493,0.2952711662497348,-0.11203157548281906
train_steering_multistep,train,224,22.400000000000002,5652.3798833334,22.399999999999636,0.1000000000003638,5652.375,4.883333400000001,1.5,-0.15000000596046448,25.358627134184342,2.49414428119011,1.4224618979314458,0.41375769696600545,1.481415961861032,0.28318224975526185,0.2831822497552619,-0.1272773436708937
train_steering_multistep,train,225,22.5,5652.479883333401,22.5,0.1000000000003638,5652.475,4.883333400000001,1.5,-0.15000000596046448,25.50101393231782,2.5345883979539146,1.427468852452078,0.39523772295219356,1.4811752667248108,0.27018602591796803,0.27018602591796786,-0.13142534150029841
train_steering_multistep,train,226,22.6,5652.5798833334,22.599999999999454,0.0999999999994543,5652.575,4.883333400000001,1.5,-0.15000000596046448,25.64392896691057,2.5731673691659065,1.4328753120509592,0.3765708459446496,1.481532063384128,0.25705302674692776,0.2570530267469279,-0.13090181094581163
train_steering_multistep,train,227,22.700000000000003,5652.6798833334005,22.699999999999818,0.1000000000003638,5652.675,4.883333400000001,1.5,-0.15000000596046448,25.78738009984853,2.6098780705254994,1.4380962915235143,0.35800267118087475,1.4819874660012031,0.24403869503655518,0.24403869503655498,-0.1294557459930737
train_steering_multistep,train,228,22.8,5652.7798833334,22.799999999999272,0.0999999999994543,5652.775,4.883333400000001,1.5,-0.15000000596046448,25.931336571828464,2.644733556842713,1.4429547316255977,0.3395210576406299,1.4823605831073572,0.23115157011674548,0.23115157011674545,-0.12844911479675028
train_steering_multistep,train,229,22.900000000000002,5652.8798833334,22.899999999999636,0.1000000000003638,5652.875,4.883333400000001,1.5,-0.15000000596046448,26.075760308614516,2.677744711705635,1.4474605019320368,0.3210554824438492,1.482639038651688,0.2183345946047468,0.2183345946047466,-0.128018611841481
train_steering_multistep,train,230,23.0,5652.979883333401,23.0,0.1000000000003638,5652.975,4.883333400000001,1.5,-0.15000000596046448,26.220618552912047,2.7089100927505942,1.451661983518294,0.30255330914756473,1.4828556943732982,0.2055408136929886,0.20554081369298866,-0.1279376951895105
train_steering_multistep,train,231,23.1,5653.0798833334,23.099999999999454,0.0999999999994543,5653.075,4.883333400000001,1.5,-0.15000000596046448,26.365882934243277,2.7382244989635103,1.4555950956694539,0.28399132697295515,1.4830401704814258,0.19274696024908033,0.19274696024908033,-0.12799059427289178
train_steering_multistep,train,232,23.200000000000003,5653.1798833334005,23.199999999999818,0.1000000000003638,5653.175,4.883333400000001,1.5,-0.15000000596046448,26.511527638263363,2.7656815713130802,1.4592762430969026,0.2653659684068818,1.4832080911861263,0.1799463335770657,0.17994633357706546,-0.128061526256315
train_steering_multistep,train,233,23.3,5653.2798833334,23.299999999999272,0.0999999999994543,5653.275,4.883333400000001,1.5,-0.15000000596046448,26.657527781138075,2.7912751533170406,1.4627094373962755,0.2466820874483994,1.4833647364749447,0.1671395232684625,0.16713952326846243,-0.12811239577500264
train_steering_multistep,train,234,23.400000000000002,5653.3798833334,23.399999999999636,0.1000000000003638,5653.375,4.883333400000001,1.5,-0.15000000596046448,26.80385857762384,2.8149997270847553,1.4658937674866923,0.22794628877186857,1.483510714153339,0.15432875483613806,0.1543287548361382,-0.12814214727334666
train_steering_multistep,train,235,23.5,5653.479883333401,23.5,0.1000000000003638,5653.475,4.883333400000001,1.5,-0.15000000596046448,26.950495089110433,2.8368504127991367,1.4688275196792562,0.20916438096235676,1.4836455141601417,0.1415157047329414,0.14151570473294123,-0.12815968638969466
train_steering_multistep,train,236,23.6,5653.5798833334,23.599999999999454,0.0999999999994543,5653.575,4.883333400000001,1.5,-0.15000000596046448,27.097412231127482,2.856822851688123,1.4715095624625345,0.19034104028744755,1.4837688818864514,0.12870118791623275,0.12870118791623278,-0.12817245158425616
train_steering_multistep,train,237,23.700000000000003,5653.6798833334005,23.699999999999818,0.1000000000003638,5653.675,4.883333400000001,1.5,-0.15000000596046448,27.244584841355227,2.874913108492553,1.4739394202635119,0.17148020985194368,1.4838810153622273,0.11588546627292384,0.11588546627292406,-0.12818415026927796
train_steering_multistep,train,238,23.8,5653.7798833334,23.799999999999272,0.0999999999994543,5653.775,4.883333400000001,1.5,-0.15000000596046448,27.391987731617743,2.8911176209744656,1.4761169960594485,0.1525855178104198,1.483982384339654,0.10306857654842982,0.10306857654842985,-0.12819587145958208
train_steering_multistep,train,239,23.900000000000002,5653.8798833334,23.899999999999636,0.1000000000003638,5653.875,4.883333400000001,1.5,-0.15000000596046448,27.539595712913542,2.9054331829918443,1.4780423394730837,0.13366051518104988,1.4840735430820002,0.09025051441576437,0.09025051441576433,-0.12820756156844973
train_steering_multistep,train,240,24.0,5653.979883333401,24.0,0.1000000000003638,5653.975,4.883333400000001,1.5,-0.15000000596046448,27.687383603417544,2.917856942686337,1.4797155338729353,0.11470876031264013,1.4841550294734196,0.0774312979699765,0.0774312979699764,-0.1282189222857935
train_steering_multistep,train,241,24.1,5654.0798833334,24.099999999999454,0.0999999999994543,5654.075,4.883333400000001,1.5,-0.15000000596046448,27.83532622975112,2.9283864042242915,1.4811366639747616,0.09573382577439835,1.4842273320994954,0.06461097151312467,0.06461097151312457,-0.12822975049180088
train_steering_multistep,train,242,24.200000000000003,5654.1798833334005,24.199999999999818,0.1000000000003638,5654.175,4.883333400000001,1.5,-0.15000000596046448,27.9833984270494,2.937019428532915,1.4823058172480594,0.07673928262143724,1.484290889238212,0.05178959250739812,0.051789592507398015,-0.12823997973736168
train_steering_multistep,train,243,24.3,5654.2798833334,24.299999999999272,0.0999999999994543,5654.275,4.883333400000001,1.5,-0.15000000596046448,28.131575039656365,2.943754232375125,1.483223092579315,0.05772868671494929,1.4843460964701587,0.03896722037529088,0.03896722037529104,-0.1282496265384714
train_steering_multistep,train,244,24.400000000000002,5654.3798833334,24.399999999999636,0.1000000000003638,5654.375,4.883333400000001,1.5,-0.15000000596046448,28.27983112648436,2.948582166955243,1.4838876510268495,0.038705538617665375,1.4843923571640492,0.026143907691529744,0.02614390769152975,-0.12825873540184987
train_steering_multistep,train,245,24.5,5654.479883333401,24.5,0.1000000000003638,5654.475,4.883333400000001,1.5,0.0,28.428141200224474,2.951503997406056,1.484278852634709,0.019753218332870554,1.484410287526738,0.013319135114937986,0.013319135114937793,-0.128445533531002
train_steering_multistep,train,246,24.6,5654.5798833334,24.599999999999454,0.0999999999994543,5654.575,4.883333400000001,1.5,0.0,28.576659159380522,2.9526064887126577,1.4881685247303205,0.003725797150680811,1.488173159864488,0.0023067531507994232,0.0023067531507993348,-0.08933097806539977
train_steering_multistep,train,247,24.700000000000003,5654.6798833334005,24.699999999999818,0.1000000000003638,5654.675,4.883333400000001,1.5,0.0,28.725491357300335,2.952393949639698,1.4898767341745707,-0.006325906730041367,1.489890134556229,-0.004443967494480283,-0.0044439674944803595,-0.046907895073017965
train_steering_multistep,train,248,24.8,5654.7798833334,24.799999999999272,0.0999999999994543,5654.775,4.883333400000001,1.5,0.0,28.87432549340509,2.9514673361433856,1.4886355461362542,-0.011136279434646908,1.4886771952827829,-0.007560728527080229,-0.00756072852708041,-0.020247788537514588
train_steering_multistep,train,249,24.900000000000002,5654.8798833334,24.899999999999636,0.1000000000003638,5654.875,4.883333400000001,1.5,0.0,29.023027789118462,2.9502634226331597,1.4875294052339754,-0.012380162519033327,1.4875809221004257,-0.008327759919814604,-0.00832775991981445,-0.0023250418394178177
train_steering_multistep,train,250,25.0,5654.979883333401,25.0,0.1000000000003638,5654.975,4.883333400000001,1.5,0.0,29.171679141685843,2.9490346784981356,1.4877161187775867,-0.01216583861953701,1.487765860564728,-0.008148527902553049,-0.008148527902552851,0.0018909316134007343
train_steering_multistep,train,251,25.1,5655.0798833334,25.099999999999454,0.0999999999994543,5655.075,4.883333400000001,1.5,0.0,29.320373688968733,2.9478363009630097,1.4881339374319316,-0.011874285108261846,1.488181310978327,-0.007974982878697023,-0.007974982878697003,0.0014058398369404263
train_steering_multistep,train,252,25.200000000000003,5655.1798833334005,25.199999999999818,0.1000000000003638,5655.175,4.883333400000001,1.5,0.0,29.4690894855213,2.946658984751789,1.4881509897202272,-0.01172741680364795,1.4881971980885422,-0.007873267438703202,-0.007873267438703011,0.0005830222979652215
train_steering_multistep,train,253,25.3,5655.2798833334,25.299999999999272,0.0999999999994543,5655.275,4.883333400000001,1.5,0.0,29.617794019258483,2.9454907788267004,1.4879420464978963,-0.011682719848862952,1.4879879097846855,-0.007848918590941611,-0.007848918590941488,-1.0218656883101683e-05
train_steering_multistep,train,254,25.400000000000002,5655.3798833334,25.399999999999636,0.1000000000003638,5655.375,4.883333400000001,1.5,0.0,29.766474209544498,2.9443237813522067,1.4876879871648387,-0.011696812186359033,1.4877339688858806,-0.007848923110562733,-0.00784892311056277,9.033517927981418e-06
train_steering_multistep,train,255,25.5,5655.479883333401,25.5,0.1000000000003638,5655.475,4.883333400000001,1.5,0.0,29.91512962971046,2.943157021210868,1.4874462150149292,-0.011695284035507885,1.4874921921843267,-0.007848694784293286,-0.007848694784293184,1.4250083729390785e-05
train_steering_multistep,train,256,25.6,5655.5798833334,25.599999999999454,0.0999999999994543,5655.575,4.883333400000001,1.5,0.0,30.063761438583025,2.941990489567187,1.4872155078867948,-0.011675828364546559,1.487261339461372,-0.00784845360799391,-0.007848453607994058,-1.086152862607504e-05
train_steering_multistep,train,257,25.700000000000003,5655.6798833334005,25.699999999999818,0.1000000000003638,5655.675,4.883333400000001,1.5,0.0,30.212370706528805,2.9408241533315014,1.4869952113255864,-0.011664104022960368,1.487040957669324,-0.007848262419835716,-0.007848262419835715,-2.1049285232748744e-05
train_steering_multistep,train,258,25.8,5655.7798833334,25.799999999999272,0.0999999999994543,5655.775,4.883333400000001,1.5,0.0,30.360958440030753,2.9396580099244205,1.486784532792617,-0.01169127196470893,1.486830498839,-0.007848055223572015,-0.007848055223571888,1.3235582153504249e-05
train_steering_multistep,train,259,25.900000000000002,5655.8798833334,25.899999999999636,0.1000000000003638,5655.875,4.883333400000001,1.5,0.0,30.509525588169883,2.9384920730864046,1.486583207948198,-0.011668775573156947,1.486629003643107,-0.007847880396948614,-0.007847880396948748,-1.2999831642372068e-05
train_steering_multistep,train,260,26.0,5655.979883333401,26.0,0.1000000000003638,5655.975,4.883333400000001,1.5,0.0,30.658073049153586,2.937326293092908,1.4863906217121299,-0.01168204882197054,1.4864365275004754,-0.00784770597641904,-0.0078477059764189,9.20481837180199e-06
train_steering_multistep,train,261,26.1,5656.0798833334,26.099999999999454,0.0999999999994543,5656.075,4.883333400000001,1.5,0.0,30.806601601366317,2.9361607071272835,1.4862062774257119,-0.011682087836391861,1.4862521891937452,-0.007847544536351059,-0.007847544536351125,8.4382708411381e-06
train_steering_multistep,train,262,26.200000000000003,5656.1798833334005,26.199999999999818,0.1000000000003638,5656.175,4.883333400000001,1.5,0.0,30.955112066134657,2.934995284144861,1.4860297006603882,-0.011680093892170531,1.4860756022151855,-0.007847383216138759,-0.007847383216138919,7.694980690315882e-06
train_steering_multistep,train,263,26.3,5656.2798833334,26.299999999999272,0.0999999999994543,5656.275,4.883333400000001,1.5,0.0,31.103605257701176,2.933830018430288,1.4858605411076433,-0.011677242869464236,1.4859064254955368,-0.007847231317727577,-0.007847231317727642,6.677230427504823e-06
train_steering_multistep,train,264,26.400000000000002,5656.3798833334,26.399999999999636,0.1000000000003638,5656.375,4.883333400000001,1.5,0.0,31.252081888099973,2.9326649118054466,1.485698296256885,-0.011655598720350019,1.4857440157957984,-0.007847070137050327,-0.00784707013705046,-1.7656587724581518e-05
train_steering_multistep,train,265,26.5,5656.479883333401,26.5,0.1000000000003638,5656.475,4.883333400000001,1.5,0.0,31.40054262503426,2.931499942965847,1.4855425312210595,-0.011660622078642664,1.4855882949734653,-0.007846932959410413,-0.007846932959410545,-9.419257636107424e-06
train_steering_multistep,train,266,26.6,5656.5798833334,26.599999999999454,0.0999999999994543,5656.575,4.883333400000001,1.5,0.0,31.548988113103327,2.930335116574035,1.485392971687804,-0.01166630110959883,1.485438784605704,-0.007846787052967485,-0.00784678705296763,-1.057638003798247e-06
train_steering_multistep,train,267,26.700000000000003,5656.6798833334005,26.699999999999818,0.1000000000003638,5656.675,4.883333400000001,1.5,0.0,31.69741895151378,2.929170419774987,1.4852492781867708,-0.01167829359903369,1.4852951896258864,-0.007846616076899515,-0.007846616076899324,1.691605038907908e-05
train_steering_multistep,train,268,26.8,5656.7798833334,26.799999999999272,0.0999999999994543,5656.775,4.883333400000001,1.5,0.0,31.845835712397577,2.9280058682263084,1.4851112116715348,-0.011674481253182935,1.4851570974441024,-0.007846467677127489,-0.007846467677127492,1.3342718117065279e-05
train_steering_multistep,train,269,26.900000000000002,5656.8798833334,26.899999999999636,0.1000000000003638,5656.875,4.883333400000001,1.5,0.0,31.994238935341027,2.9268414480609333,1.4849784231495475,-0.011671159701726257,1.4850242869449217,-0.007846327349084525,-0.007846327349084612,9.185909162891972e-06
train_steering_multistep,train,270,27.0,5656.979883333401,27.0,0.1000000000003638,5656.975,4.883333400000001,1.5,0.30000001192092896,32.142630556366726,2.925676697945553,1.4850081828914545,-0.011594734630632228,1.4850534466130796,-0.007836493455515736,-0.007836493455515679,0.0016646366372703493
train_steering_multistep,train,271,27.1,5657.0798833334,27.099999999999454,0.0999999999994543,5657.075,4.883333400000001,1.5,0.30000001192092896,32.29108284926975,2.9246093775079465,1.4859943245947385,-0.008267332527212026,1.4860172868637673,-0.005781145544961674,-0.0057811455449614975,0.04158626360613198
train_steering_multistep,train,272,27.200000000000003,5657.1798833334005,27.199999999999818,0.1000000000003638,5657.175,4.883333400000001,1.5,0.30000001192092896,32.439569192934975,2.9241664812917367,1.4854541821218792,0.0012611233415866978,1.485454663272284,0.000578881826397204,0.000578881826397194,0.08510765341095942
train_steering_multistep,train,273,27.3,5657.2798833334,27.299999999999272,0.0999999999994543,5657.275,4.883333400000001,1.5,0.30000001192092896,32.58788662830726,2.9249896124756205,1.482258027350373,0.017152296304542482,1.4823571845478642,0.011241882368904665,0.011241882368904778,0.12792583923552392
train_steering_multistep,train,274,27.400000000000002,5657.3798833334,27.399999999999636,0.1000000000003638,5657.375,4.883333400000001,1.5,0.30000001192092896,32.73570305415228,2.9276815104824285,1.4751231555999351,0.03821987231201328,1.4756181479175874,0.02562907524245439,0.02562907524245461,0.15835660672831137
train_steering_multistep,train,275,27.5,5657.479883333401,27.5,0.1000000000003638,5657.475,4.883333400000001,1.5,0.30000001192092896,32.88248460783707,2.932714546094835,1.4621754951933954,0.06416727283586195,1.4635827452966932,0.0435788500294918,0.04357885002949182,0.19692148904476425
train_steering_multistep,train,276,27.6,5657.5798833334,27.599999999999454,0.0999999999994543,5657.575,4.883333400000001,1.5,0.30000001192092896,33.02791567356721,2.9405737758150448,1.4488546809344653,0.0946908999781501,1.4519456476888084,0.06505722181944584,0.06505722181944562,0.22931711416175468
train_steering_multistep,train,277,27.700000000000003,5657.6798833334005,27.699999999999818,0.1000000000003638,5657.675,4.883333400000001,1.5,0.30000001192092896,33.172210647461895,2.951690447145202,1.4400200658237832,0.1289608298793673,1.445783057000473,0.089182304260782,0.08918230426078218,0.24849866523126576
train_steering_multistep,train,278,27.8,5657.7798833334,27.799999999999272,0.0999999999994543,5657.775,4.883333400000001,1.5,0.30000001192092896,33.315845717467475,2.9663713304514983,1.435350575065186,0.16536650384705887,1.444845089821716,0.11460537954592986,0.11460537954593004,0.2559700846944269
train_steering_multistep,train,279,27.900000000000002,5657.8798833334,27.899999999999636,0.1000000000003638,5657.875,4.883333400000001,1.5,0.30000001192092896,33.45912008899194,2.9847511071512405,1.4323072235622745,0.20257867846746988,1.4465621593998175,0.1403992924512658,0.14039929245126598,0.2574435038297573
train_steering_multistep,train,280,28.0,5657.979883333401,28.0,0.1000000000003638,5657.975,4.883333400000001,1.5,0.30000001192092896,33.60209906718544,3.0068544524349674,1.4291610968903026,0.2398772510821735,1.4491523408769953,0.16617646032838396,0.1661764603283838,0.25730088562658143
train_steering_multistep,train,281,28.1,5658.0798833334,28.099999999999454,0.0999999999994543,5658.075,4.883333400000001,1.5,0.30000001192092896,33.74472945984507,3.0326746345576585,1.4251131071673366,0.27699080623643074,1.4517820927136027,0.19185081197183562,0.19185081197183582,0.25654521365235256
train_steering_multistep,train,282,28.200000000000003,5658.1798833334005,28.199999999999818,0.1000000000003638,5658.175,4.883333400000001,1.5,0.30000001192092896,33.88688073310023,3.062191728822853,1.419641172581456,0.31391464023040033,1.453933776488827,0.21749426100501612,0.21749426100501595,0.2564624604009251
train_steering_multistep,train,283,28.3,5658.2798833334,28.299999999999272,0.0999999999994543,5658.275,4.883333400000001,1.5,0.30000001192092896,34.02842483757821,3.095388909769492,1.412968109587537,0.3506814305057816,1.4558352616797792,0.24314333954963363,0.24314333954963346,0.25663734163163576
train_steering_multistep,train,284,28.400000000000002,5658.3798833334,28.399999999999636,0.1000000000003638,5658.375,4.883333400000001,1.5,0.30000001192092896,34.16924703988521,3.1322514724270647,1.4051696862771792,0.38729431937239844,1.4575660197037774,0.2688146676503069,0.2688146676503069,0.25679504196140196
train_steering_multistep,train,285,28.5,5658.479883333401,28.5,0.1000000000003638,5658.475,4.883333400000001,1.5,0.30000001192092896,34.30922628857924,3.172759888859874,1.3960576941699412,0.4236763966693008,1.4589306821399641,0.2945111124460986,0.29451111244609873,0.25697684036164514
train_steering_multistep,train,286,28.6,5658.5798833334,28.599999999999454,0.0999999999994543,5658.575,4.883333400000001,1.5,0.30000001192092896,34.448241512353434,3.2168912362131312,1.3858352855667182,0.4598291332242802,1.4601308942907643,0.32023536886919945,0.32023536886919945,0.2571558769118655
train_steering_multistep,train,287,28.700000000000003,5658.6798833334005,28.699999999999818,0.1000000000003638,5658.675,4.883333400000001,1.5,0.30000001192092896,34.586183310793615,3.2646211902565443,1.3745340730893065,0.495719332123786,1.4611918182803016,0.34598238441921847,0.3459823844192185,0.2573014252618269
train_steering_multistep,train,288,28.8,5658.7798833334,28.799999999999272,0.0999999999994543,5658.775,4.883333400000001,1.5,0.30000001192092896,34.72294462543267,3.315921736505848,1.3621693072203078,0.5313095389733351,1.4621200363310147,0.3717481150703077,0.3717481150703076,0.2574138879759662
train_steering_multistep,train,289,28.900000000000002,5658.8798833334,28.899999999999636,0.1000000000003638,5658.875,4.883333400000001,1.5,0.30000001192092896,34.85842007466512,3.370761186558393,1.348758235869366,0.56656433707463,1.4629230591567481,0.3975294829672107,0.3975294829672109,0.25750396238477224
train_steering_multistep,train,290,29.0,5658.979883333401,29.0,0.1000000000003638,5658.975,4.883333400000001,1.5,0.30000001192092896,34.99250618592172,3.4291044642832613,1.334320793063508,0.6014511486649561,1.463610402447396,0.42332410525784425,0.42332410525784403,0.25757863687911076
train_steering_multistep,train,291,29.1,5659.0798833334,29.099999999999454,0.0999999999994543,5659.075,4.883333400000001,1.5,0.30000001192092896,35.125101546754166,3.4909133377839985,1.3188778679163977,0.6359392379413227,1.4641917526814425,0.44912998792982783,0.4491299879298279,0.2576415103603065
train_steering_multistep,train,292,29.200000000000003,5659.1798833334005,29.199999999999818,0.1000000000003638,5659.175,4.883333400000001,1.5,0.30000001192092896,35.25610685316835,3.556146581288559,1.3024510125975997,0.6699993050608365,1.4646766363798869,0.47494535094217305,0.47494535094217316,0.25769476374660244
train_steering_multistep,train,293,29.3,5659.2798833334,29.299999999999272,0.0999999999994543,5659.275,4.883333400000001,1.5,0.30000001192092896,35.385424960128326,3.6247601207756985,1.2850624765124072,0.7036035470988697,1.4650745565693395,0.5007685606056409,0.5007685606056411,0.25774037305607916
train_steering_multistep,train,294,29.400000000000002,5659.3798833334,29.399999999999636,0.1000000000003638,5659.375,4.883333400000001,1.5,0.30000001192092896,35.51296096540351,3.696707196265355,1.2667357403951665,0.7367260071682981,1.465395706918624,0.5265981258935026,0.5265981258935027,0.25778061618249554
train_steering_multistep,train,295,29.5,5659.479883333401,29.5,0.1000000000003638,5659.475,4.883333400000001,1.5,0.0,35.63861491080841,3.771950734088001,1.247549503765157,0.7692460996182433,1.465646376655968,0.5524328892866808,0.5524328892866807,0.25797690278689617
train_steering_multistep,train,296,29.6,5659.5798833334,29.599999999999454,0.0999999999994543,5659.575,4.883333400000001,1.5,0.0,35.76271050566127,3.850591430440474,1.2373772090562214,0.8038338809380966,1.4755511414544424,0.5763215280105625,0.5763215280105627,0.21759984317050401
train_steering_multistep,train,297,29.700000000000003,5659.6798833334005,29.699999999999818,0.1000000000003638,5659.675,4.883333400000001,1.5,0.0,35.88590793728571,3.932436181184291,1.2276329244047226,0.8318082444861771,1.4828982937516244,0.5958175720492642,0.5958175720492643,0.1733044909387678
train_steering_multistep,train,298,29.8,5659.7798833334,29.799999999999272,0.0999999999994543,5659.775,4.883333400000001,1.5,0.0,36.00766038723935,4.016459227254333,1.2101730318845774,0.8488667760972346,1.4782061125683448,0.6120379845152097,0.6120379845152095,0.14863353893996512
train_steering_multistep,train,299,29.900000000000002,5659.8798833334,29.899999999999636,0.1000000000003638,5659.875,4.883333400000001,1.5,0.0,36.12778553752933,4.101964570582744,1.194753916652683,0.8606550739294172,1.472468642446747,0.62454510040339,0.6245451004033901,0.10875629719898772
train_steering_multistep,train,300,30.0,5659.979883333401,30.0,0.1000000000003638,5659.975,4.883333400000001,1.5,0.0,36.24643317495644,4.188323223277818,1.1812551449633193,0.8663939384784232,1.4649238859521747,0.6331176130646181,0.633117613064618,0.06823084166861398
train_steering_multistep,train,301,30.1,5660.0798833334,30.099999999999454,0.0999999999994543,5660.075,4.883333400000001,1.5,0.0,36.363934846241236,4.275038993585031,1.172493042965731,0.8683979390058012,1.459059543238015,0.6377640994635216,0.6377640994635215,0.030535702290678656
train_steering_multistep,train,302,30.200000000000003,5660.1798833334005,30.199999999999818,0.1000000000003638,5660.175,4.883333400000001,1.5,0.0,36.48086175691955,4.361872195472027,1.169637655881774,0.8692957851279793,1.457301378050552,0.6393652511957302,0.6393652511957301,0.007431012343432766
train_steering_multistep,train,303,30.3,5660.2798833334,30.299999999999272,0.0999999999994543,5660.275,4.883333400000001,1.5,0.0,36.59774666528388,4.448800508641775,1.1706765991255652,0.8702782768802383,1.4587213322047052,0.6394214070520592,0.6394214070520591,-0.001227495797055824
train_steering_multistep,train,304,30.400000000000002,5660.3798833334,30.399999999999636,0.1000000000003638,5660.375,4.883333400000001,1.5,0.0,36.71476696895611,4.53580606276144,1.1712598756516315,0.8705278223361855,1.4593383287377444,0.6392757646444434,0.6392757646444432,-0.0003576110821854429
train_steering_multistep,train,305,30.5,5660.479883333401,30.5,0.1000000000003638,5660.475,4.883333400000001,1.5,0.0,36.831856198384955,4.622856838870397,1.171956061345973,0.8711351698213111,1.4602593862481246,0.6393040638155689,0.639304063815569,-0.0004937438391014125
train_steering_multistep,train,306,30.6,5660.5798833334,30.599999999999454,0.0999999999994543,5660.575,4.883333400000001,1.5,0.0,36.9490137770172,4.709960827647053,1.1726706520696746,0.8717769351546937,1.461215753201245,0.6393218705669987,0.6393218705669989,-0.00025847713467216417
train_steering_multistep,train,307,30.700000000000003,5660.6798833334005,30.699999999999818,0.1000000000003638,5660.675,4.883333400000001,1.5,0.0,37.06624551350054,4.797122644510999,1.1734719890710432,0.8724674424687823,1.4622708185922557,0.6393367913088666,0.6393367913088664,-6.218718308147956e-05
train_steering_multistep,train,308,30.8,5660.7798833334,30.799999999999272,0.0999999999994543,5660.775,4.883333400000001,1.5,0.0,37.183560744929714,4.884349141976735,1.174434237608556,0.8732454419371999,1.4635072190444007,0.639349521964105,0.6393495219641052,4.081797965479653e-05
train_steering_multistep,train,309,30.900000000000002,5660.8798833334,30.899999999999636,0.1000000000003638,5660.875,4.883333400000001,1.5,0.0,37.300976737237114,4.971651960217138,1.1755298378404837,0.873979929739168,1.4648246701506182,0.639350723554216,0.6393507235542157,5.181619536473572e-05
train_steering_multistep,train,310,31.0,5660.979883333401,31.0,0.1000000000003638,5660.975,4.883333400000001,1.5,0.0,37.41849517236191,5.059031142358192,1.1764693777687267,0.8747923747446323,1.46606340054596,0.6393511823808957,0.6393511823808956,-5.592817664503801e-05
train_steering_multistep,train,311,31.1,5661.0798833334,31.099999999999454,0.0999999999994543,5661.075,4.883333400000001,1.5,0.0,37.53611007966714,5.1464820763859755,1.1774621157619551,0.875413161806729,1.4672304639837332,0.6393519374480721,0.6393519374480721,6.0618759824015475e-05
train_steering_multistep,train,312,31.200000000000003,5661.1798833334005,31.199999999999818,0.1000000000003638,5661.175,4.883333400000001,1.5,0.0,37.653816004448764,5.2340008428510085,1.1783229713490913,0.876094294356272,1.4683277007142665,0.6393525874997055,0.6393525874997054,3.061396911545726e-05
train_steering_multistep,train,313,31.3,5661.2798833334,31.299999999999272,0.0999999999994543,5661.275,4.883333400000001,1.5,0.0,37.77160749331058,5.321583346038345,1.1791617965148,0.8766951970093608,1.4693593871776294,0.639353204830265,0.639353204830265,4.994601092156851e-05
train_steering_multistep,train,314,31.400000000000002,5661.3798833334,31.399999999999636,0.1000000000003638,5661.375,4.883333400000001,1.5,0.0,37.88947917890905,5.409225595316659,1.1799388603644396,0.877275960721773,1.4703294948604753,0.6393538586331657,0.6393538586331656,5.248480850551697e-05
train_steering_multistep,train,315,31.5,5661.479883333401,31.5,0.1000000000003638,5661.475,4.883333400000001,1.5,0.0,38.00742623919131,5.496924091726256,1.180634522288721,0.8778679721137634,1.4712409902786066,0.639354444096389,0.6393544440963889,-3.2972948812622094e-05
train_steering_multistep,train,316,31.6,5661.5798833334,31.599999999999454,0.0999999999994543,5661.575,4.883333400000001,1.5,0.0,38.125444265760464,5.584675376602287,1.1813199057205088,0.8783837384751579,1.4720987437418707,0.6393549993622907,0.6393549993622906,-3.6233717776761676e-05
train_steering_multistep,train,317,31.700000000000003,5661.6798833334005,31.699999999999818,0.1000000000003638,5661.675,4.883333400000001,1.5,0.0,38.243528966578666,5.6724763233978965,1.1819965647731585,0.8788259575835033,1.4729056120084008,0.6393555550646468,0.6393555550646467,2.8522161423826348e-05
train_steering_multistep,train,318,31.8,5661.7798833334,31.799999999999272,0.0999999999994543,5661.775,4.883333400000001,1.5,0.0,38.36167626459028,5.760323943459117,1.1826164295233115,0.8792614373873441,1.473662882712327,0.6393562760079754,0.6393562760079754,5.597641699111881e-05
train_steering_multistep,train,319,31.900000000000002,5661.8798833334,31.899999999999636,0.1000000000003638,5661.875,4.883333400000001,1.5,0.0,38.47988234692126,5.848215395865875,1.1831812396041657,0.8796930099728391,1.4743736417792899,0.639357018522785,0.6393570185227851,5.027928114274491e-05
train_steering_multistep,train,320,32.0,5661.979883333401,32.0,0.1000000000003638,5661.975,4.883333400000001,1.5,-0.30000001192092896,38.59814469930278,5.9361495060599125,1.1838607919882025,0.8802118963506678,1.475228577809344,0.639349452362147,0.6393494523621472,-0.0015864305027145501
train_steering_multistep,train,321,32.1,5662.0798833334,32.099999999999454,0.0999999999994543,5662.075,4.883333400000001,1.5,-0.30000001192092896,38.71658183045447,6.024092258128946,1.1873469503196372,0.8786009114772719,1.4770687965525937,0.6372777384682289,0.6372777384682289,-0.041640803905723195
train_steering_multistep,train,322,32.2,5662.1798833334005,32.19999999999982,0.1000000000003638,5662.175,4.883333400000001,1.5,-0.30000001192092896,38.83549356679512,6.111613210205448,1.193457444497382,0.8713592280155945,1.4777034239304432,0.6309282366878195,0.6309282366878193,-0.08488128577653306
train_steering_multistep,train,323,32.300000000000004,5662.2798833334,32.29999999999927,0.0999999999994543,5662.275,4.883333400000001,1.5,-0.30000001192092896,38.95512919318695,6.198106054878351,1.201620865696433,0.8577651725002252,1.4763649782330535,0.620291047183251,0.620291047183251,-0.12762171379340181
train_steering_multistep,train,324,32.4,5662.3798833334,32.399999999999636,0.1000000000003638,5662.375,4.883333400000001,1.5,-0.30000001192092896,39.07558212068537,6.282864305081443,1.209872449580676,0.8375848719562572,1.4715093481766655,0.6055438923055405,0.6055438923055403,-0.16129507776264515
train_steering_multistep,train,325,32.5,5662.479883333401,32.5,0.1000000000003638,5662.475,4.883333400000001,1.5,-0.30000001192092896,39.19677706085973,6.365244142781024,1.2165128311931397,0.810456638946563,1.4617603878511847,0.5877049122637352,0.5877049122637351,-0.19454980886211867
train_steering_multistep,train,326,32.6,5662.5798833334,32.599999999999454,0.0999999999994543,5662.575,4.883333400000001,1.5,-0.30000001192092896,39.31864791311395,6.444627641070104,1.224582407131732,0.7784153340757187,1.451045310674128,0.566297443381047,0.566297443381047,-0.2286849937047053
train_steering_multistep,train,327,32.7,5662.6798833334005,32.69999999999982,0.1000000000003638,5662.675,4.883333400000001,1.5,-0.30000001192092896,39.44160826730537,6.520770814082461,1.2383238742317682,0.7458964879179246,1.4456166803893322,0.5421682990810028,0.5421682990810026,-0.24938503114095723
train_steering_multistep,train,328,32.800000000000004,5662.7798833334,32.79999999999927,0.0999999999994543,5662.775,4.883333400000001,1.5,-0.30000001192092896,39.56621576227366,6.593706858479993,1.2568819020582525,0.714181498284364,1.4456165906785017,0.5167001088893817,0.5167001088893817,-0.2570935546970968
train_steering_multistep,train,329,32.9,5662.8798833334,32.899999999999636,0.1000000000003638,5662.875,4.883333400000001,1.5,-0.30000001192092896,39.692800026890716,6.663477696543478,1.2772463665237916,0.6826911339220235,1.448249102217759,0.49082879540716196,0.4908287954071619,-0.2583138946143037
train_steering_multistep,train,330,33.0,5662.979883333401,33.0,0.1000000000003638,5662.975,4.883333400000001,1.5,-0.30000001192092896,39.82142107628023,6.730078955932124,1.2972715284369452,0.6507939835279134,1.4513601298223187,0.4649553101479764,0.4649553101479763,-0.2576598474557114
train_steering_multistep,train,331,33.1,5663.0798833334,33.099999999999454,0.0999999999994543,5663.075,4.883333400000001,1.5,-0.30000001192092896,39.95199007437855,6.7934684822114555,1.3161966274060979,0.6183416213703856,1.454207660823823,0.43916226339512,0.43916226339512016,-0.256817508925419
train_steering_multistep,train,332,33.2,5663.1798833334005,33.19999999999982,0.1000000000003638,5663.175,4.883333400000001,1.5,-0.30000001192092896,40.08438394344645,6.853582135803652,1.3338301046997363,0.5851901132166394,1.4565542268505518,0.41341934889576715,0.413419348895767,-0.25656993089844005
train_steering_multistep,train,333,33.300000000000004,5663.2798833334,33.29999999999927,0.0999999999994543,5663.275,4.883333400000001,1.5,-0.30000001192092896,40.21847967960581,6.91035445933413,1.350288760936829,0.5514067525004646,1.458536644763112,0.38767892358569433,0.38767892358569456,-0.2567037832121318
train_steering_multistep,train,334,33.4,5663.3798833334,33.399999999999636,0.1000000000003638,5663.375,4.883333400000001,1.5,-0.30000001192092896,40.3541661040278,6.963725034898935,1.3656857882329647,0.5170483241080529,1.4602864929394208,0.36191362418581674,0.3619136241858166,-0.25700659999662606
train_steering_multistep,train,335,33.5,5663.479883333401,33.5,0.1000000000003638,5663.475,4.883333400000001,1.5,-0.30000001192092896,40.49134071617852,7.013638912534644,1.3800794149518067,0.4821655435430906,1.4618833068766406,0.3361144049929341,0.33611440499293416,-0.25733710634811857
train_steering_multistep,train,336,33.6,5663.5798833334,33.599999999999454,0.0999999999994543,5663.575,4.883333400000001,1.5,-0.30000001192092896,40.62990429391769,7.060045852610663,1.3934810676400438,0.4468013383869501,1.4633594643319179,0.3102821517005352,0.31028215170053514,-0.25763517689936605
train_steering_multistep,train,337,33.7,5663.6798833334005,33.69999999999982,0.1000000000003638,5663.675,4.883333400000001,1.5,-0.30000001192092896,40.7697573930744,7.102899652412662,1.4058792503959434,0.4109938584947947,1.4647226421103643,0.284420909920855,0.2844209099208549,-0.25789024282570144
train_steering_multistep,train,338,33.800000000000004,5663.7798833334,33.79999999999927,0.0999999999994543,5663.775,4.883333400000001,1.5,-0.30000001192092896,40.91079905340574,7.142157822189519,1.4172573730951372,0.3747795135210227,1.465973446220877,0.25853464328719555,0.25853464328719544,-0.2581099394134376
train_steering_multistep,train,339,33.9,5663.8798833334,33.899999999999636,0.1000000000003638,5663.875,4.883333400000001,1.5,-0.30000001192092896,41.05292675946003,7.177781483576329,1.427601500588566,0.33819432589678655,1.4671133036971988,0.23262638921494494,0.23262638921494497,-0.2583035705548224
train_steering_multistep,train,340,34.0,5663.979883333401,34.0,0.1000000000003638,5663.975,4.883333400000001,1.5,-0.30000001192092896,41.196036809418615,7.2097353461258855,1.4369017061304832,0.3012742054585854,1.4681459937007737,0.20669841628742702,0.20669841628742697,-0.25847709440012984
train_steering_multistep,train,341,34.1,5664.0798833334,34.099999999999454,0.0999999999994543,5664.075,4.883333400000001,1.5,-0.30000001192092896,41.34002467214021,7.237987692308007,1.445151065393376,0.2640548731084269,1.469076776784017,0.18075256904498183,0.1807525690449817,-0.2586333337057651
train_steering_multistep,train,342,34.2,5664.1798833334005,34.19999999999982,0.1000000000003638,5664.175,4.883333400000001,1.5,-0.30000001192092896,41.48478522405636,7.262510353798087,1.452344477264379,0.22657176558330916,1.4699113045135512,0.15479050604639566,0.15479050604639547,-0.2587734394162392
train_steering_multistep,train,343,34.300000000000004,5664.2798833334,34.29999999999927,0.0999999999994543,5664.275,4.883333400000001,1.5,-0.30000001192092896,41.63021289211564,7.283278681143593,1.458477981636315,0.1888599933738061,1.4706549958054256,0.12881380419777777,0.1288138041977776,-0.2588980102821267
train_steering_multistep,train,344,34.4,5664.3798833334,34.399999999999636,0.1000000000003638,5664.375,4.883333400000001,1.5,-0.30000001192092896,41.7762017529289,7.300271510937465,1.4635485215479438,0.1509543311322717,1.4713128425595383,0.10282398345610089,0.10282398345610068,-0.25900760965569963
train_steering_multistep,train,345,34.5,5664.479883333401,34.5,0.1000000000003638,5664.475,4.883333400000001,1.5,0.0,41.922645872454474,7.313471133292185,1.4675885587226376,0.11290119652208018,1.471924880295053,0.07682477694918832,0.0768247769491884,-0.2588963680344772
train_steering_multistep,train,346,34.6,5664.5798833334,34.599999999999454,0.0999999999994543,5664.575,4.883333400000001,1.5,0.0,42.06981382894082,7.3229550018319,1.4789103254466887,0.07826909353044947,1.4809799887458832,0.05268967433896643,0.052689674338966354,-0.21899381510274551
train_steering_multistep,train,347,34.7,5664.6798833334005,34.69999999999982,0.1000000000003638,5664.675,4.883333400000001,1.5,0.0,42.21802897130537,7.329263472527695,1.4846993353966051,0.04907857961624715,1.4855102899413948,0.03301423585258334,0.033014235852583285,-0.1798210503824885
train_steering_multistep,train,348,34.800000000000004,5664.7798833334,34.79999999999927,0.0999999999994543,5664.775,4.883333400000001,1.5,0.0,42.36622670188919,7.332863550181127,1.4825216422068443,0.024427022963093147,1.4827228544930982,0.016347525266839913,0.016347525266839982,-0.14481601693369184
train_steering_multistep,train,349,34.9,5664.8798833334,34.899999999999636,0.1000000000003638,5664.875,4.883333400000001,1.5,0.0,42.5141318638272,7.33429123314956,1.477633833359574,0.005628885964306965,1.477644540254992,0.00366985587195634,0.0036698558719562603,-0.10714021185696128
train_steering_multistep,train,350,35.0,5664.979883333401,35.0,0.1000000000003638,5664.975,4.883333400000001,1.5,0.0,42.66145739906447,7.33414010836275,1.4708560929811418,-0.007150353841559508,1.4708734547092734,-0.00501937912695416,-0.005019379126954323,-0.06787617429998055
train_steering_multistep,train,351,35.1,5665.0798833334,35.099999999999454,0.0999999999994543,5665.075,4.883333400000001,1.5,0.0,42.808133175600894,7.333008815626805,1.465142146192709,-0.01407412216962636,1.4652097285557761,-0.009743557089594734,-0.009743557089594655,-0.030319461247712044
train_steering_multistep,train,352,35.2,5665.1798833334005,35.19999999999982,0.1000000000003638,5665.175,4.883333400000001,1.5,0.0,42.954395750956294,7.331436362353396,1.4629019350559707,-0.016568069583796283,1.4629957515567233,-0.011365129872888957,-0.011365129872889075,-0.007157097163856459
train_steering_multistep,train,353,35.300000000000004,5665.2798833334,35.29999999999927,0.0999999999994543,5665.275,4.883333400000001,1.5,0.0,43.10062729917848,7.329758193645516,1.4640985262379478,-0.01669028796559877,1.4641936539235543,-0.011442697006996294,-0.011442697006996462,0.0018854006164955328
train_steering_multistep,train,354,35.4,5665.3798833334,35.399999999999636,0.1000000000003638,5665.375,4.883333400000001,1.5,0.0,43.24704032051855,7.3280989410768465,1.4661736433593657,-0.016477551211216957,1.466266231669851,-0.01124232770055622,-0.011242327700556103,0.0016950931800480517
train_steering_multistep,train,355,35.5,5665.479883333401,35.5,0.1000000000003638,5665.475,4.883333400000001,1.5,0.0,43.39364536788157,7.32646168068754,1.4678680669860567,-0.016336053545191357,1.4679589666449917,-0.011107432975872467,-0.011107432975872578,0.0009471289491827556
train_steering_multistep,train,356,35.6,5665.5798833334,35.599999999999454,0.0999999999994543,5665.575,4.883333400000001,1.5,0.0,43.5403980570068,7.32483639871821,1.4691611732474459,-0.01624872827606629,1.4692510248757835,-0.01105461083089887,-0.01105461083089895,0.00016405611458394822
train_steering_multistep,train,357,35.7,5665.6798833334005,35.69999999999982,0.1000000000003638,5665.675,4.883333400000001,1.5,0.0,43.68726815003072,7.323213135067597,1.4702494529636387,-0.0162641023955803,1.4703394080100596,-0.011051616525428631,-0.011051616525428784,1.4934891942002095e-05
train_steering_multistep,train,358,35.800000000000004,5665.7798833334,35.79999999999927,0.0999999999994543,5665.775,4.883333400000001,1.5,0.0,43.83424308784949,7.3215887881176025,1.4712653486293805,-0.01628222447632471,1.4713554419077657,-0.011051477602868953,-0.011051477602868972,1.1706443337421366e-05
train_steering_multistep,train,359,35.9,5665.8798833334,35.899999999999636,0.1000000000003638,5665.875,4.883333400000001,1.5,0.0,43.98131650473438,7.319963388723451,1.4722201457590414,-0.01628983670803062,1.4723102648502735,-0.011051201447929593,-0.01105120144792971,1.320287805726674e-05
train_steering_multistep,train,360,36.0,5665.979883333401,36.0,0.1000000000003638,5665.975,4.883333400000001,1.5,0.0,44.128482471940785,7.318337006756055,1.473117238520527,-0.01630936467786049,1.4732075186277196,-0.011050955001458362,-0.011050955001458305,2.448947538560614e-05
train_steering_multistep,train,361,36.1,5666.0798833334,36.099999999999454,0.0999999999994543,5666.075,4.883333400000001,1.5,0.0,44.275735382308746,7.316709717648822,1.4739601512948113,-0.016289995643566958,1.4740501658906007,-0.01105073378146404,-0.011050733781464258,-1.3768345937315372e-05
train_steering_multistep,train,362,36.2,5666.1798833334005,36.19999999999982,0.1000000000003638,5666.175,4.883333400000001,1.5,0.0,44.42306995850232,7.315081539626531,1.4747515613988935,-0.01629935325702562,1.4748416310782364,-0.01105054148356066,-0.01105054148356067,-1.2790606141439354e-05
train_steering_multistep,train,363,36.300000000000004,5666.2798833334,36.29999999999927,0.0999999999994543,5666.275,4.883333400000001,1.5,0.0,44.57048148338564,7.31345253701127,1.4754942687788177,-0.016306403258613992,1.47558437101556,-0.011050362903695099,-0.011050362903694912,-1.2661568865056787e-05
train_steering_multistep,train,364,36.4,5666.3798833334,36.399999999999636,0.1000000000003638,5666.375,4.883333400000001,1.5,0.0,44.71796514476812,7.311822762773115,1.4761911008928295,-0.01633316736378841,1.4762814563279936,-0.011050174685155678,-0.01105017468515565,1.0473186785529897e-05
train_steering_multistep,train,365,36.5,5666.479883333401,36.5,0.1000000000003638,5666.475,4.883333400000001,1.5,0.0,44.86551626941719,7.310192267140547,1.4768447934954407,-0.016337527742239105,1.4769351571987301,-0.01104993488460293,-0.011049934884602815,1.099306994001636e-05
train_steering_multistep,train,366,36.6,5666.5798833334,36.599999999999454,0.0999999999994543,5666.575,4.883333400000001,1.5,0.0,45.013130670043616,7.308561124171334,1.477457772012154,-0.01632778009497367,1.4775479905842495,-0.011049769826722677,-0.011049769826722573,-1.18845522918854e-05
train_steering_multistep,train,367,36.7,5666.6798833334005,36.69999999999982,0.1000000000003638,5666.675,4.883333400000001,1.5,0.0,45.160804394261426,7.3069293344882285,1.478032274892793,-0.01635275167403524,1.478122734312897,-0.01104955942373298,-0.011049559423732976,1.1441755776425192e-05
train_steering_multistep,train,368,36.800000000000004,5666.7798833334,36.79999999999927,0.0999999999994543,5666.775,4.883333400000001,1.5,0.0,45.30853371382378,7.305296967156599,1.4785706844766557,-0.016339276688579627,1.4786609621393358,-0.011049406759054747,-0.011049406759054603,-1.0989001384299951e-05
train_steering_multistep,train,369,36.9,5666.8798833334,36.899999999999636,0.1000000000003638,5666.875,4.883333400000001,1.5,0.0,45.45631510900337,7.303664040918474,1.4790745553901454,-0.01637013781511088,1.4791651432793553,-0.011049206984394377,-0.01104920698439421,1.9585410585273974e-05
train_steering_multistep,train,370,37.0,5666.979883333401,37.0,0.1000000000003638,5666.975,4.883333400000001,1.5,0.0,45.604145265294626,7.302030625982958,1.4795466979898915,-0.016343786128774976,1.4796369659001827,-0.01104901848313622,-0.01104901848313626,-1.949580875371344e-05
train_steering_multistep,train,371,37.1,5667.0798833334,37.099999999999454,0.0999999999994543,5667.075,4.883333400000001,1.5575000047683716,0.0,45.752023507641546,7.300396678287756,1.480279352994203,-0.016381061633203266,1.4803699880277261,-0.011048816854582366,-0.011048816854582212,1.8825036199993077e-05
train_steering_multistep,train,372,37.2,5667.1798833334005,37.19999999999982,0.1000000000003638,5667.175,4.883333400000001,1.6150000095367432,0.0,45.90012029353734,7.298760366340771,1.4841364092950429,-0.01642209679322157,1.4842272622801906,-0.01104865461136395,-0.011048654611364016,1.606946246085696e-05
train_steering_multistep,train,373,37.300000000000004,5667.2798833334,37.29999999999927,0.0999999999994543,5667.275,4.883333400000001,1.6725000143051147,0.0,46.04876673299181,7.297118018771104,1.4912324125242236,-0.01647586983000555,1.4913234265072275,-0.01104835212807398,-0.011048352128073953,-1.2332274744107527e-05
train_steering_multistep,train,374,37.4,5667.3798833334,37.399999999999636,0.1000000000003638,5667.375,4.883333400000001,1.7300000190734863,0.0,46.19827752339892,7.2954661486537296,1.50138466285261,-0.01660497170548177,1.5014764835482732,-0.01104805961876254,-0.011048059618762698,1.1206094263233696e-05
train_steering_multistep,train,375,37.5,5667.479883333401,37.5,0.1000000000003638,5667.475,4.883333400000001,1.787500023841858,0.0,46.34895086656205,7.2938014948773215,1.5144272319102619,-0.016749841074720453,1.5145198571152803,-0.011047720062249855,-0.0110477200622498,9.311534693237094e-06
train_steering_multistep,train,376,37.6,5667.5798833334,37.599999999999454,0.0999999999994543,5667.575,4.883333400000001,1.8450000286102295,0.0,46.501067454144675,7.292120940658306,1.5301888910362895,-0.016928779198458747,1.5302825311889103,-0.01104736232367376,-0.011047362323673718,1.628697798499681e-05
train_steering_multistep,train,377,37.7,5667.6798833334005,37.69999999999982,0.1000000000003638,5667.675,4.883333400000001,1.902500033378601,0.0,46.654891328943776,7.290421590630943,1.5485122069348973,-0.017109427286276565,1.5486067246150437,-0.01104697935789023,-0.011046979357890147,-7.5275715839141795e-06
train_steering_multistep,train,378,37.800000000000004,5667.7798833334,37.79999999999927,0.0999999999994543,5667.775,4.883333400000001,1.9600000381469727,0.0,46.81067297769715,7.288700657544345,1.5692612261851393,-0.01735394358806764,1.5693571789202645,-0.011046512756835103,-0.011046512756835167,1.4855010480957537e-05
train_steering_multistep,train,379,37.9,5667.8798833334,37.899999999999636,0.1000000000003638,5667.875,4.883333400000001,2.0174999237060547,0.0,46.968646452488024,7.286955598697543,1.5922788654763822,-0.017608748518524463,1.5923762284969467,-0.011046061919689265,-0.011046061919689104,1.393542791372504e-05
train_steering_multistep,train,380,38.0,5667.979883333401,38.0,0.1000000000003638,5667.975,4.883333400000001,2.075000047683716,0.0,47.129044824316495,7.285183835375772,1.6175025419590074,-0.017880914623459743,1.6176013724509142,-0.011045526894634339,-0.0110455268946344,7.440635040826943e-06
train_steering_multistep,train,381,38.1,5668.0798833334,38.099999999999454,0.0999999999994543,5668.075,4.883333400000001,2.132499933242798,0.0,47.29207976962215,7.283383031852786,1.644852219285574,-0.018181626041905572,1.6449527028553597,-0.011044978106079295,-0.011044978106079153,6.5540141815271975e-06
train_steering_multistep,train,382,38.2,5668.1798833334005,38.19999999999982,0.1000000000003638,5668.175,4.883333400000001,2.190000057220459,0.0,47.457939830175455,7.281551149931317,1.6741100339744135,-0.018504256742086337,1.6742122963277979,-0.01104437395461888,-0.011044373954618908,1.1024503702877966e-06
train_steering_multistep,train,383,38.300000000000004,5668.2798833334,38.29999999999927,0.0999999999994543,5668.275,4.883333400000001,2.247499942779541,0.0,47.62681119292505,7.279686062988369,1.7051608159970493,-0.018843709702522148,1.705264933571925,-0.011043672754784684,-0.011043672754784762,6.93704849081159e-06
train_steering_multistep,train,384,38.400000000000006,5668.3798833334,38.399999999999636,0.1000000000003638,5668.375,4.883333400000001,2.305000066757202,0.0,47.79886882476538,7.2777859299534144,1.7379161578926667,-0.01920733196619512,1.7380222936579548,-0.011043073281398197,-0.011043073281398164,7.322260244882952e-06
train_steering_multistep,train,385,38.5,5668.479883333401,38.5,0.1000000000003638,5668.475,4.883333400000001,2.362499952316284,0.0,47.97427929746222,7.275848869430429,1.77228775399866,-0.019587159261176615,1.772395988350668,-0.011042359442783756,-0.011042359442783914,1.2231983185084521e-05
train_steering_multistep,train,386,38.6,5668.5798833334,38.599999999999454,0.0999999999994543,5668.575,4.883333400000001,2.4200000762939453,0.0,48.15320018267107,7.273873186364323,1.8081587721220773,-0.019970538403246176,1.8082690528746728,-0.011041646729712529,-0.011041646729712633,-3.802551784009948e-06
train_steering_multistep,train,387,38.7,5668.6798833334005,38.69999999999982,0.1000000000003638,5668.675,4.883333400000001,2.4774999618530273,0.0,48.33577679069919,7.27185725158137,1.8454556973318166,-0.020393483588350383,1.845568374428883,-0.011040888953857575,-0.011040888953857768,1.3634609858215491e-05
train_steering_multistep,train,388,38.800000000000004,5668.7798833334,38.79999999999927,0.0999999999994543,5668.775,4.883333400000001,2.5350000858306885,0.0,48.52214939064465,7.269799555718957,1.884106958119814,-0.02081961165540372,1.8842219841466952,-0.011040129955405042,-0.01104012995540501,1.426385753429694e-05
train_steering_multistep,train,389,38.900000000000006,5668.8798833334,38.899999999999636,0.1000000000003638,5668.875,4.883333400000001,2.5924999713897705,0.0,48.71244971307936,7.267698641666608,1.9240235891071182,-0.021254227563489513,1.924140980658144,-0.011039302196908185,-0.011039302196908105,1.0504684527792061e-05
train_steering_multistep,train,390,39.0,5668.979883333401,39.0,0.1000000000003638,5668.975,4.883333400000001,2.6500000953674316,0.0,48.90680044358422,7.265553178317895,1.9651248872949352,-0.021709125527463832,1.9652447960826684,-0.011038433582015283,-0.011038433582015185,1.3500950485042646e-05
train_steering_multistep,train,391,39.1,5669.0798833334,39.099999999999454,0.0999999999994543,5669.075,4.883333400000001,2.7074999809265137,0.0,49.10531715734175,7.263361890318315,2.007345692316177,-0.02217076425703461,2.0074681245444888,-0.01103757549984774,-0.011037575499847628,1.1678687816302734e-05
train_steering_multistep,train,392,39.2,5669.1798833334005,39.19999999999982,0.1000000000003638,5669.175,4.883333400000001,2.765000104904175,0.0,49.30810948241275,7.261123584916102,2.0506236800815305,-0.022646733123430372,2.050748729524131,-0.011036701890368317,-0.011036701890368207,1.2835368289817449e-05
train_steering_multistep,train,393,39.300000000000004,5669.2798833334,39.29999999999927,0.0999999999994543,5669.275,4.883333400000001,2.822499990463257,0.0,49.515280177227524,7.258837141087812,2.0948961115526252,-0.023129738686536047,2.095023795308946,-0.011035790125772937,-0.011035790125772934,7.26107224246058e-06
train_steering_multistep,train,394,39.400000000000006,5669.3798833334,39.399999999999636,0.1000000000003638,5669.375,4.883333400000001,2.880000114440918,0.0,49.72692751712012,7.256501473046351,2.1401167087356057,-0.023630981702722993,2.1402471703306425,-0.011034902061959784,-0.011034902061959702,1.3568585434827982e-05
train_steering_multistep,train,395,39.5,5669.479883333401,39.5,0.1000000000003638,5669.475,4.883333400000001,2.9375,0.0,49.94314423678801,7.254115585201092,2.18622978758671,-0.024139330737616642,2.186363051091158,-0.011033951833810285,-0.011033951833810474,1.3741682090298827e-05
train_steering_multistep,train,396,39.6,5669.5798833334,39.599999999999454,0.0999999999994543,5669.575,4.883333400000001,2.994999885559082,0.0,50.16401693786535,7.251678524447747,2.233176925993102,-0.024652715124566574,2.233312996195991,-0.011032962778442457,-0.011032962778442637,1.4061560841278336e-05
train_steering_multistep,train,397,39.7,5669.6798833334005,39.69999999999982,0.1000000000003638,5669.675,4.883333400000001,3.052500009536743,0.0,50.3896463363609,7.249189210372034,2.28095751483933,-0.02517445622442177,2.2810964332203896,-0.011032017967506302,-0.011032017967506384,7.2174095673054894e-06
train_steering_multistep,train,398,39.800000000000004,5669.7798833334,39.79999999999927,0.0999999999994543,5669.775,4.883333400000001,3.109999895095825,0.0,50.620105559416785,7.24664684503646,2.329544325469608,-0.02570416935960055,2.3296861309232177,-0.011031035006861867,-0.011031035006861648,-7.843014921981178e-08
train_steering_multistep,train,399,39.900000000000006,5669.8798833334,39.899999999999636,0.1000000000003638,5669.875,4.883333400000001,3.1675000190734863,0.0,50.855451878360384,7.244050773471909,2.378832266479329,-0.026252711407703088,2.3789771240444684,-0.011029996169259704,-0.01102999616925987,1.0699308283620618e-05
train_steering_multistep,train,400,40.0,5669.979883333401,40.0,0.1000000000003638,5669.975,4.883333400000001,3.2249999046325684,0.0,51.09575343317554,7.241400300663964,2.4287709848091046,-0.026801287671169665,2.4289188552711076,-0.011028947417762502,-0.01102894741776241,1.1477087964928043e-05
train_steering_multistep,train,401,40.1,5670.0798833334,40.099999999999454,0.0999999999994543,5670.075,4.883333400000001,3.2825000286102295,0.0,51.34107441578655,7.238694722966216,2.4793245614762878,-0.02735660582485447,2.479475481796798,-0.01102788201261573,-0.011027882012615637,1.211989885532267e-05
train_steering_multistep,train,402,40.2,5670.1798833334005,40.19999999999982,0.1000000000003638,5670.175,4.883333400000001,3.3399999141693115,0.0,51.591475410969814,7.235933387846735,2.530469660531228,-0.027915650096598486,2.530623635837206,-0.011026828256743837,-0.011026828256743724,9.346941699077803e-06
train_steering_multistep,train,403,40.300000000000004,5670.2798833334,40.29999999999927,0.0999999999994543,5670.275,4.883333400000001,3.3975000381469727,0.0,51.847014691580085,7.233115660792267,2.5821538261028105,-0.028487475727260562,2.5823109645569633,-0.011025760446043531,-0.011025760446043564,1.2212661275665439e-05
train_steering_multistep,train,404,40.400000000000006,5670.3798833334,40.399999999999636,0.1000000000003638,5670.375,4.883333400000001,3.4549999237060547,0.0,52.10774450311703,7.230240979190191,2.6343506560242123,-0.029056621265878147,2.634510896917472,-0.011024685168761206,-0.011024685168761391,9.34291165574323e-06
train_steering_multistep,train,405,40.5,5670.479883333401,40.5,0.1000000000003638,5670.475,4.883333400000001,3.512500047683716,0.0,52.373715740125085,7.227308798750957,2.6870250305076655,-0.029635520141000127,2.68718845234917,-0.011023542484445148,-0.011023542484445016,1.2081922553538349e-05
train_steering_multistep,train,406,40.6,5670.5798833334,40.599999999999454,0.0999999999994543,5670.575,4.883333400000001,3.569999933242798,0.0,52.64497448907047,7.224318638594815,2.740146288948728,-0.030217518601648532,2.7403128987567267,-0.01102239480993017,-0.01102239480993001,8.610857562574623e-06
train_steering_multistep,train,407,40.7,5670.6798833334005,40.69999999999982,0.1000000000003638,5670.675,4.883333400000001,3.627500057220459,0.0,52.921565408708354,7.221270003498386,2.7936984870770196,-0.030804337684968836,2.7938683118119045,-0.011021251700435108,-0.01102125170043524,1.6588619294823137e-05
train_steering_multistep,train,408,40.800000000000004,5670.7798833334,40.79999999999927,0.0999999999994543,5670.775,4.883333400000001,3.684999942779541,0.0,53.203531324204434,7.218162460131174,2.847657355586314,-0.031393137575527294,2.8478303923873423,-0.011020125055359209,-0.011020125055359332,4.979296498955889e-06
train_steering_multistep,train,409,40.900000000000006,5670.8798833334,40.899999999999636,0.1000000000003638,5670.875,4.883333400000001,3.742500066757202,0.0,53.49091182320212,7.214995560531464,2.901991049247387,-0.03199001673961313,2.9021673643924104,-0.01101896943481373,-0.011018969434813616,1.509925604426055e-05
train_steering_multistep,train,410,41.0,5670.979883333401,41.0,0.1000000000003638,5670.975,4.883333400000001,3.799999952316284,0.05000000074505806,53.78374351265311,7.211768933722446,2.956677525401372,-0.03246919312369073,2.9568558021017237,-0.01100061451382306,-0.011000614513822855,0.0019434736684214413
train_steering_multistep,train,411,41.1,5671.0798833334,41.099999999999454,0.0999999999994543,5671.075,4.883333400000001,3.799999952316284,0.05000000074505806,54.082051322483984,7.208695010645471,3.0112810395067355,-0.02621687507033385,3.0113951436259696,-0.008817319491283726,-0.008817319491283553,0.043170776639498545
train_steering_multistep,train,412,41.2,5671.1798833334005,41.19999999999982,0.1000000000003638,5671.175,4.883333400000001,3.799999952316284,0.05000000074505806,54.385654718622135,7.206857084057839,3.062557801360835,-0.00813551846081229,3.062568595651695,-0.0027429925946620415,-0.002742992594662173,0.07472869753437783
train_steering_multistep,train,413,41.300000000000004,5671.2798833334,41.29999999999927,0.0999999999994543,5671.275,4.883333400000001,3.799999952316284,0.05000000074505806,54.694242547333076,7.207248013007935,3.1110364370684667,0.017479991720415186,3.1110855395051322,0.005564133459007969,0.00556413345900807,0.08933543995695703
train_steering_multistep,train,414,41.400000000000006,5671.3798833334,41.399999999999636,0.1000000000003638,5671.375,4.883333400000001,3.799999952316284,0.05000000074505806,55.00755787219245,7.210428641586171,3.1567692647110572,0.04686882926337062,3.1571171757700633,0.014805633654252581,0.014805633654252697,0.09444330272852601
train_steering_multistep,train,415,41.5,5671.479883333401,41.5,0.1000000000003638,5671.475,4.883333400000001,3.799999952316284,0.05000000074505806,55.325317210040176,7.216653507961193,3.199685961874041,0.07795157064422831,3.2006353570450075,0.02432152437484225,0.024321524374842432,0.09560592877548238
train_steering_multistep,train,416,41.6,5671.5798833334,41.599999999999454,0.0999999999994543,5671.575,4.883333400000001,3.799999952316284,0.05000000074505806,55.6472252118356,7.226034914722121,3.2397997654917723,0.10997083993482962,3.2416656355239577,0.033894739635604854,0.03389473963560503,0.09590969355130144
train_steering_multistep,train,417,41.7,5671.6798833334005,41.69999999999982,0.1000000000003638,5671.675,4.883333400000001,3.799999952316284,0.05000000074505806,55.97300562572158,7.23865561474102,3.277193557192539,0.14278642110118644,3.280302662638787,0.04350504954931678,0.04350504954931671,0.09641974143888417
train_steering_multistep,train,418,41.800000000000004,5671.7798833334,41.79999999999927,0.0999999999994543,5671.775,4.883333400000001,3.799999952316284,0.05000000074505806,56.302392097426235,7.254596537596934,3.3119763905312025,0.17643768925689657,3.3166727082419456,0.053184146108679275,0.05318414610867948,0.09726819724699892
train_steering_multistep,train,419,41.900000000000006,5671.8798833334,41.899999999999636,0.1000000000003638,5671.875,4.883333400000001,3.799999952316284,0.05000000074505806,56.63513001310246,7.273941721724115,3.344266744809466,0.21082116572212933,3.350905193476313,0.06292845392641411,0.06292845392641393,0.09691067658626572
train_steering_multistep,train,420,42.0,5671.979883333401,42.0,0.1000000000003638,5671.975,4.883333400000001,3.799999952316284,0.05000000074505806,56.970969788026956,7.296755980303808,3.374054069234126,0.24585878189869959,3.382999762811726,0.07271319650180708,0.07271319650180691,0.0971435074453903
train_steering_multistep,train,421,42.1,5672.0798833334,42.099999999999454,0.0999999999994543,5672.075,4.883333400000001,3.799999952316284,0.05000000074505806,57.30967048126966,7.323104771583177,3.401505846812785,0.28154024559150087,3.413137402481218,0.08255556220000093,0.08255556220000076,0.09773795393254611
train_steering_multistep,train,422,42.2,5672.1798833334005,42.19999999999982,0.1000000000003638,5672.175,4.883333400000001,3.799999952316284,0.05000000074505806,57.65100230865656,7.35304891732485,3.4267052982317603,0.3178081687716954,3.4414112258596883,0.09245465449492096,0.09245465449492109,0.0983549513130218
train_steering_multistep,train,423,42.300000000000004,5672.2798833334,42.29999999999927,0.0999999999994543,5672.275,4.883333400000001,3.799999952316284,0.05000000074505806,57.994747019266256,7.3866459672337985,3.4497939063902154,0.3546414375511349,3.4679747026635703,0.10241596665490027,0.10241596665490037,0.09899956192965487
train_steering_multistep,train,424,42.400000000000006,5672.3798833334,42.399999999999636,0.1000000000003638,5672.375,4.883333400000001,3.799999952316284,0.05000000074505806,58.34070062210137,7.423951161317369,3.4709062293475403,0.3920127160905557,3.4929735205486234,0.11244150842542266,0.11244150842542278,0.09964330617379655
train_steering_multistep,train,425,42.5,5672.479883333401,42.5,0.1000000000003638,5672.475,4.883333400000001,3.799999952316284,0.05000000074505806,58.6886711015481,7.465016492169536,3.4901465215490135,0.4298847403128947,3.516521523452143,0.12253002506044464,0.1225300250604445,0.10026354100357841
train_steering_multistep,train,426,42.6,5672.5798833334,42.599999999999454,0.0999999999994543,5672.575,4.883333400000001,3.799999952316284,0.05000000074505806,59.03847555601077,7.50988989640012,3.5075947720322787,0.46821445834041925,3.538706805771777,0.132678526434459,0.1326785264344591,0.10084996766007293
train_steering_multistep,train,427,42.7,5672.6798833334005,42.69999999999982,0.1000000000003638,5672.675,4.883333400000001,3.799999952316284,0.05000000074505806,59.3899383553967,7.558614912116289,3.5233182435295567,0.5069574973545645,3.5596035373517814,0.1428834649866082,0.14288346498660812,0.10140061167648307
train_steering_multistep,train,428,42.800000000000004,5672.7798833334,42.79999999999927,0.0999999999994543,5672.775,4.883333400000001,3.799999952316284,0.05000000074505806,59.742890295468754,7.611230697728392,3.5373791878334,0.546070845087011,3.579279938840588,0.15314132543452574,0.15314132543452558,0.10191715131711762
train_steering_multistep,train,429,42.900000000000006,5672.8798833334,42.899999999999636,0.1000000000003638,5672.875,4.883333400000001,3.799999952316284,0.05000000074505806,60.0971682811225,7.667772231498366,3.5498379137347813,0.5855139024043324,3.5978015145808375,0.16344882358964918,0.16344882358964916,0.10240216805964851
train_steering_multistep,train,430,43.0,5672.979883333401,43.0,0.1000000000003638,5672.975,4.883333400000001,3.799999952316284,0.05000000074505806,60.45261516472851,7.728270564230284,3.5607531686024103,0.6252486164694061,3.615231521650984,0.17380292682935217,0.17380292682935208,0.10285805992870166
train_steering_multistep,train,431,43.1,5673.0798833334,43.099999999999454,0.0999999999994543,5673.075,4.883333400000001,3.799999952316284,0.05000000074505806,60.809082867633144,7.792768290145897,3.570176218127062,0.6652401098154817,3.6316253423845297,0.1842009770047417,0.18420097700474158,0.10328672574896616
train_steering_multistep,train,432,43.2,5673.1798833334005,43.19999999999982,0.1000000000003638,5673.175,4.883333400000001,3.799999952316284,0.05000000074505806,61.16642313404848,7.8612863158601725,3.578156527089443,0.7054529849932278,3.6470355141929103,0.19464029967273744,0.1946402996727375,0.10368989672333627
train_steering_multistep,train,433,43.300000000000004,5673.2798833334,43.29999999999927,0.0999999999994543,5673.275,4.883333400000001,3.799999952316284,0.05000000074505806,61.52449139246351,7.9338330233045555,3.5847443522587543,0.7458532256997187,3.661514591108885,0.2051182502529043,0.2051182502529044,0.10406870777749498
train_steering_multistep,train,434,43.400000000000006,5673.3798833334,43.399999999999636,0.1000000000003638,5673.375,4.883333400000001,3.799999952316284,0.05000000074505806,61.88315114542814,8.010425634364667,3.5899916063778217,0.7864109403384179,3.675116582737934,0.21563246857832707,0.21563246857832713,0.10442456355280176
train_steering_multistep,train,435,43.5,5673.479883333401,43.5,0.1000000000003638,5673.475,4.883333400000001,3.799999952316284,-0.05000000074505806,62.24227114616002,8.09107858972439,3.5939828607413813,0.8271710172218021,3.6879431500027042,0.22617928856530867,0.22617928856530872,0.10421593690087576
train_steering_multistep,train,436,43.6,5673.5798833334,43.599999999999454,0.0999999999994543,5673.575,4.883333400000001,3.799999952316284,-0.05000000074505806,62.60191032593176,8.17551179625829,3.602072452049318,0.8561146753005928,3.7024124335004185,0.23352643070140466,0.23352643070140489,0.02898820440333597
train_steering_multistep,train,437,43.7,5673.6798833334005,43.69999999999982,0.1000000000003638,5673.675,4.883333400000001,3.799999952316284,-0.05000000074505806,62.96254988055456,8.261355044548786,3.6138029024822798,0.8553343098373076,3.713646164970541,0.23257031951674856,0.23257031951674875,-0.04397680361139149
train_steering_multistep,train,438,43.800000000000004,5673.7798833334,43.79999999999927,0.0999999999994543,5673.775,4.883333400000001,3.799999952316284,-0.05000000074505806,63.32454635196081,8.345924524171005,3.629055300594316,0.832893961461847,3.7234063087484754,0.22571596414565454,0.22571596414565437,-0.08664929710568517
train_steering_multistep,train,439,43.900000000000006,5673.8798833334,43.899999999999636,0.1000000000003638,5673.875,4.883333400000001,3.799999952316284,-0.05000000074505806,63.68819777115622,8.42761412308323,3.6465444201594774,0.7995731279264533,3.7331760346237677,0.21593286394641087,0.215932863946411,-0.10392439383340164
train_steering_multistep,train,440,44.0,5673.979883333401,44.0,0.1000000000003638,5673.975,4.883333400000001,3.799999952316284,-0.05000000074505806,64.05363322999679,8.5057286088294,3.6644555392302065,0.7623225472587072,3.7429092977220813,0.20516832013896025,0.20516832013896016,-0.10791860810350491
train_steering_multistep,train,441,44.1,5674.0798833334,44.099999999999454,0.0999999999994543,5674.075,4.883333400000001,3.799999952316284,-0.05000000074505806,64.42083158537875,8.580060691668923,3.6816811761033157,0.7242296258980299,3.7522373046113957,0.19428721767470325,0.1942872176747031,-0.10720476007920321
train_steering_multistep,train,442,44.2,5674.1798833334005,44.19999999999982,0.1000000000003638,5674.175,4.883333400000001,3.799999952316284,-0.05000000074505806,64.78970070094361,8.65058531979245,3.6978477625818096,0.6861828202575874,3.7609739292902242,0.18352984437193642,0.18352984437193642,-0.1058115328857803
train_steering_multistep,train,443,44.300000000000004,5674.2798833334,44.29999999999927,0.0999999999994543,5674.275,4.883333400000001,3.799999952316284,-0.05000000074505806,65.16013249781895,8.717312151794351,3.7129463249977657,0.6481892755797367,3.7691006497484336,0.1728876578780194,0.17288765787801935,-0.10497446603855078
train_steering_multistep,train,444,44.400000000000006,5674.3798833334,44.399999999999636,0.1000000000003638,5674.375,4.883333400000001,3.799999952316284,-0.05000000074505806,65.53202464566648,8.780237211230977,3.7270690886755533,0.610055786240142,3.7766667860214937,0.16229762083214316,0.1622976208321431,-0.10474466141411021
train_steering_multistep,train,445,44.5,5674.479883333401,44.5,0.1000000000003638,5674.475,4.883333400000001,3.799999952316284,-0.05000000074505806,65.90528412520416,8.839338292089964,3.74030055201343,0.5716343007028246,3.7837301637582104,0.1517111202755368,0.15171112027553663,-0.10487102235154969
train_steering_multistep,train,446,44.6,5674.5798833334,44.599999999999454,0.0999999999994543,5674.575,4.883333400000001,3.799999952316284,-0.05000000074505806,66.2798248179333,8.894582663920996,3.7526941780631557,0.5328609805920835,3.7903369742794895,0.14110415631472684,0.14110415631472703,-0.10513688157723791
train_steering_multistep,train,447,44.7,5674.6798833334005,44.69999999999982,0.1000000000003638,5674.675,4.883333400000001,3.799999952316284,-0.05000000074505806,66.65556465501732,8.945934430116083,3.7642797548515823,0.4937296910465936,3.796520912834633,0.13046934889887263,0.1304693488988728,-0.10542536657497233
train_steering_multistep,train,448,44.800000000000004,5674.7798833334,44.79999999999927,0.0999999999994543,5674.775,4.883333400000001,3.799999952316284,-0.05000000074505806,67.03242780528122,8.993343626720197,3.7750721935293656,0.4542598303389358,3.8023048302048923,0.1198069174816685,0.11980691748166832,-0.10569274513573036
train_steering_multistep,train,449,44.900000000000006,5674.8798833334,44.899999999999636,0.1000000000003638,5674.875,4.883333400000001,3.799999952316284,-0.05000000074505806,67.41033436295345,9.036780725565798,3.7850859875175127,0.41448015839681346,3.8077118716478484,0.10911953232755423,0.10911953232755436,-0.1059315309178945
train_steering_multistep,train,450,45.0,5674.979883333401,45.0,0.1000000000003638,5674.975,4.883333400000001,3.799999952316284,-0.05000000074505806,67.78920406642618,9.076228067109883,3.794336573021338,0.3744192782920457,3.812765372945791,0.0984099179677318,0.098409917967732,-0.10614635263613668
train_steering_multistep,train,451,45.1,5675.0798833334,45.099999999999454,0.0999999999994543,5675.075,4.883333400000001,3.799999952316284,-0.05000000074505806,68.16896133047469,9.11165881408744,3.802837195880572,0.33410203293849106,3.8174854120933484,0.08768016402721956,0.08768016402721968,-0.10634294384030635
train_steering_multistep,train,452,45.2,5675.1798833334005,45.19999999999982,0.1000000000003638,5675.175,4.883333400000001,3.799999952316284,-0.05000000074505806,68.54953184275945,9.1430484726092,3.8105986469771156,0.2935505561702676,3.8218887926119427,0.07693188272845752,0.0769318827284575,-0.10652503000836004
train_steering_multistep,train,453,45.300000000000004,5675.2798833334,45.29999999999927,0.0999999999994543,5675.275,4.883333400000001,3.799999952316284,-0.05000000074505806,68.93084189790862,9.170374637451852,3.8176243072634897,0.25278488679577593,3.825984254686007,0.0661664080665969,0.06616640806659671,-0.10669468956538736
train_steering_multistep,train,454,45.400000000000006,5675.3798833334,45.399999999999636,0.1000000000003638,5675.375,4.883333400000001,3.799999952316284,-0.05000000074505806,69.31281852058059,9.193616882205925,3.8239255776148604,0.21182467255217322,3.8297880467119767,0.055384931193166675,0.0553849311931667,-0.10685288605415182
train_steering_multistep,train,455,45.5,5675.479883333401,45.5,0.1000000000003638,5675.475,4.883333400000001,3.799999952316284,-0.05000000074505806,69.69538995261266,9.212756702553984,3.82951461779467,0.1706887196189305,3.8333166860580095,0.0445885636832557,0.04458856368325566,-0.10700025017730386
train_steering_multistep,train,456,45.6,5675.5798833334,45.599999999999454,0.0999999999994543,5675.575,4.883333400000001,3.799999952316284,-0.05000000074505806,70.07848562577927,9.22777743001143,3.8344031073721667,0.1293950046352153,3.8365857512585992,0.033778363018318824,0.03377836301831876,-0.10713727549117115
train_steering_multistep,train,457,45.7,5675.6798833334005,45.69999999999982,0.1000000000003638,5675.675,4.883333400000001,3.799999952316284,-0.05000000074505806,70.46203611538745,9.238664152602725,3.838602277464031,0.0879607337865435,3.8396099419029266,0.022955338216303467,0.02295533821630369,-0.10726445016112367
train_steering_multistep,train,458,45.800000000000004,5675.7798833334,45.79999999999927,0.0999999999994543,5675.775,4.883333400000001,3.799999952316284,-0.05000000074505806,70.84597309713722,9.245403639583076,3.8421229428562924,0.04640237333038552,3.842403136059409,0.012120448830340358,0.012120448830340354,-0.10738227722953426
train_steering_multistep,train,459,45.900000000000006,5675.8798833334,45.899999999999636,0.1000000000003638,5675.875,4.883333400000001,3.799999952316284,-0.05000000074505806,71.2302293069292,9.247984268945832,3.8449755275557744,0.004735677664192056,3.844978440365102,0.0012746040601063768,0.0012746040601064308,-0.10749126078697126
train_steering_multistep,train,460,46.0,5675.979883333401,46.0,0.1000000000003638,5675.975,4.883333400000001,3.799999952316284,0.10000000149011612,71.614739091365,9.24639589465121,3.847243803891058,-0.03692824814918554,3.847421027714362,-0.009563857014342148,-0.00956385701434236,-0.10623028661873986
train_steering_multistep,train,461,46.1,5676.0798833334,46.099999999999454,0.0999999999994543,5676.075,4.883333400000001,3.799999952316284,0.10000000149011612,71.99955688250853,9.241055265747322,3.851339413854596,-0.06190715814901248,3.8518368339957765,-0.01630227018810615,-0.016302270188106094,-0.0063039564845796345
train_steering_multistep,train,462,46.2,5676.1798833334005,46.19999999999982,0.1000000000003638,5676.175,4.883333400000001,3.799999952316284,0.10000000149011612,72.38466292382759,9.235256257071574,3.8521831923251098,-0.04525701773275491,3.8524489120894216,-0.011997468035566339,-0.011997468035566238,0.09753122575909799
train_steering_multistep,train,463,46.300000000000004,5676.2798833334,46.29999999999927,0.0999999999994543,5676.275,4.883333400000001,3.799999952316284,0.10000000149011612,72.76972855621781,9.233042524411424,3.850916691294103,0.007956677802871947,3.8509248429197003,0.0018778064913687054,0.0018778064913685531,0.17376524972749607
train_steering_multistep,train,464,46.400000000000006,5676.381883333401,46.402000000000044,0.10200000000077125,5676.377,4.883333400000001,3.799999952316284,0.10000000149011612,73.16234627524733,9.237578965548813,3.849506550794444,0.08481724096797354,3.850440805284669,0.021898828594058006,0.021898828594057923,0.21242082330151782
train_steering_multistep,train,465,46.5,5676.479883333401,46.5,0.09799999999995634,5676.475,4.883333400000001,3.799999952316284,0.10000000149011612,73.53942849139673,9.249833046793624,3.8478730519365305,0.1675562237059863,3.851519436522587,0.04341981917716842,0.04341981917716842,0.2244058372640759
train_steering_multistep,train,466,46.6,5676.5798833334,46.599999999999454,0.0999999999994543,5676.575,4.883333400000001,3.799999952316284,0.10000000149011612,73.92397987740233,9.270905633443144,3.8448785473806097,0.2544002127677891,3.853285663052868,0.06598312034481335,0.06598312034481349,0.2259804657186746
train_steering_multistep,train,467,46.7,5676.6798833334005,46.69999999999982,0.1000000000003638,5676.675,4.883333400000001,3.799999952316284,0.10000000149011612,74.3081439551069,9.300660276339014,3.8400612770696436,0.34104538639438065,3.8551760613371946,0.08849669824216067,0.08849669824216061,0.2243470675843598
train_steering_multistep,train,468,46.800000000000004,5676.7798833334,46.79999999999927,0.0999999999994543,5676.775,4.883333400000001,3.799999952316284,0.10000000149011612,74.69172646430185,9.339035346186572,3.833192120775622,0.4268781960881025,3.8568882187373883,0.1108258059161602,0.11082580591616004,0.22245383191073703
train_steering_multistep,train,469,46.900000000000006,5676.8798833334,46.899999999999636,0.1000000000003638,5676.875,4.883333400000001,3.799999952316284,0.10000000149011612,75.07451631920651,9.385952143227858,3.8241921659508153,0.5120172992303441,3.8583166466096728,0.13301913745946736,0.13301913745946728,0.221294834351529
train_steering_multistep,train,470,47.0,5676.979883333401,47.0,0.1000000000003638,5676.975,4.883333400000001,3.799999952316284,0.10000000149011612,75.45630409475075,9.441352336201309,3.813116752008682,0.5966710966489738,3.8595175442649587,0.1551432083382429,0.155143208338243,0.2207484867553901
train_steering_multistep,train,471,47.1,5677.0798833334,47.099999999999454,0.0999999999994543,5677.075,4.883333400000001,3.799999952316284,0.10000000149011612,75.83688387227312,9.505194621401174,3.7999953655289276,0.680967003778833,3.86052855897658,0.17724503736308783,0.1772450373630876,0.2205615971806502
train_steering_multistep,train,472,47.2,5677.1798833334005,47.19999999999982,0.1000000000003638,5677.175,4.883333400000001,3.799999952316284,0.10000000149011612,76.21605258313141,9.577445943330714,3.784852904997417,0.7649430480225172,3.86137919660189,0.19934723670446353,0.19934723670446355,0.22053094649166047
train_steering_multistep,train,473,47.300000000000004,5677.2798833334,47.29999999999927,0.0999999999994543,5677.275,4.883333400000001,3.799999952316284,0.10000000149011612,76.59360946094272,9.658073826989742,3.7677106333955184,0.8485790512509492,3.862088780512134,0.22145693489078555,0.22145693489078555,0.2205445934616805
train_steering_multistep,train,474,47.400000000000006,5677.3798833334,47.399999999999636,0.1000000000003638,5677.375,4.883333400000001,3.799999952316284,0.10000000149011612,76.96935576662054,9.747042220265573,3.748588698885184,0.9318288122143877,3.862670332624123,0.24357434297729963,0.2435743429772998,0.22056081860585655
train_steering_multistep,train,475,47.5,5677.479883333401,47.5,0.1000000000003638,5677.475,4.883333400000001,3.799999952316284,0.10000000149011612,77.34309477639115,9.844309969042031,3.727507924338173,1.0146392666363753,3.863134491776975,0.26569768934988813,0.2656976893498881,0.22057298436812725
train_steering_multistep,train,476,47.6,5677.5798833334,47.599999999999454,0.0999999999994543,5677.575,4.883333400000001,3.799999952316284,0.10000000149011612,77.7146318687947,9.949830611490082,3.7044901817324227,1.096958549406339,3.8634913619398645,0.28782523936713966,0.28782523936713966,0.22058498446595137
train_steering_multistep,train,477,47.7,5677.6798833334005,47.69999999999982,0.1000000000003638,5677.675,4.883333400000001,3.799999952316284,0.10000000149011612,78.08377461792942,10.063552625478888,3.6795581467466727,1.1787378608099288,3.8637509031341066,0.3099557772353849,0.3099557772353849,0.22060079772911861
train_steering_multistep,train,478,47.800000000000004,5677.7798833334,47.79999999999927,0.0999999999994543,5677.775,4.883333400000001,3.799999952316284,0.10000000149011612,78.45033287318994,10.18541973361659,3.6527351414867133,1.2599311136246605,3.8639229249223837,0.3320885265563893,0.33208852655638926,0.2206223893450589
train_steering_multistep,train,479,47.900000000000006,5677.8798833334,47.899999999999636,0.1000000000003638,5677.875,4.883333400000001,3.799999952316284,0.10000000149011612,78.81411882742165,10.315371147740771,3.624045121949171,1.3404943558523879,3.8640170951358037,0.35422296996056835,0.3542229699605684,0.22065034945750597
train_steering_multistep,train,480,48.0,5677.979883333401,48.0,0.1000000000003638,5677.975,4.883333400000001,3.799999952316284,0.10000000149011612,79.17494708374662,10.453341752831944,3.593512667739349,1.4203852536180783,3.8640428972316663,0.3763587227074958,0.37635872270749576,0.22068438720007696
train_steering_multistep,train,481,48.1,5678.0798833334,48.099999999999454,0.0999999999994543,5678.075,4.883333400000001,3.799999952316284,0.10000000149011612,79.53263471458959,10.59926225189206,3.5611628313167603,1.4995627691520836,3.8640094670312375,0.3984954702104839,0.39849547021048387,0.22072378785724847
train_steering_multistep,train,482,48.2,5678.1798833334005,48.19999999999982,0.1000000000003638,5678.175,4.883333400000001,3.799999952316284,0.10000000149011612,79.88698800463683,10.753088907987078,3.5270143402496252,1.5779840406508712,3.8639181851741937,0.4206329474538668,0.420632947453867,0.22076778130128513
train_steering_multistep,train,483,48.300000000000004,5678.2798833334,48.29999999999927,0.0999999999994543,5678.275,4.883333400000001,3.799999952316284,0.10000000149011612,80.23782998037743,10.914737355199446,3.4910946798322184,1.6556105785755575,3.8637790316144685,0.4427709305277321,0.4427709305277319,0.22081567414777165
train_steering_multistep,train,484,48.400000000000006,5678.3798833334,48.399999999999636,0.1000000000003638,5678.375,4.883333400000001,3.799999952316284,0.10000000149011612,80.58499540390905,11.08410271802277,3.4534351781853143,1.732406916361824,3.863605596833794,0.4649092403623607,0.4649092403623607,0.2208667876165014
train_steering_multistep,train,485,48.5,5678.479883333401,48.5,0.1000000000003638,5678.475,4.883333400000001,3.799999952316284,-0.10000000149011612,80.9283118533534,11.261100385043749,3.41408332597053,1.8084937259147036,3.8634976888665937,0.4870464347672696,0.4870464347672698,0.22027034126746464
train_steering_multistep,train,486,48.6,5678.5798833334,48.599999999999454,0.0999999999994543,5678.575,4.883333400000001,3.799999952316284,-0.10000000149011612,81.2681627703097,11.445346223046643,3.388541365937335,1.870537507936328,3.8705455288463617,0.5045680415071505,0.5045680415071506,0.12187965970505119
train_steering_multistep,train,487,48.7,5678.6798833334005,48.69999999999982,0.1000000000003638,5678.675,4.883333400000001,3.799999952316284,-0.10000000149011612,81.60619504922605,11.63394966531242,3.3780369793946035,1.8946460433392172,3.8730887675201235,0.5113916292079481,0.511391629207948,0.014561581365152166
train_steering_multistep,train,488,48.800000000000004,5678.7798833334,48.79999999999927,0.0999999999994543,5678.775,4.883333400000001,3.799999952316284,-0.10000000149011612,81.94399251734457,11.82303857392462,3.383877516821958,1.880214044894323,3.871153676096749,0.5074355260613408,0.5074355260613408,-0.09073992118549254
train_steering_multistep,train,489,48.900000000000006,5678.8798833334,48.899999999999636,0.1000000000003638,5678.875,4.883333400000001,3.799999952316284,-0.10000000149011612,82.28317554336242,12.008927674809192,3.4053770397221053,1.8325684300405365,3.867156458480372,0.49391709839523035,0.4939170983952305,-0.16955451243533126
train_steering_multistep,train,490,49.0,5678.979883333401,49.0,0.1000000000003638,5678.975,4.883333400000001,3.799999952316284,-0.10000000149011612,82.62512125223606,12.188944362893718,3.4378884249073955,1.76537728057223,3.86466471101821,0.47456506708473434,0.4745650670847344,-0.20901998900362578
train_steering_multistep,train,491,49.1,5679.0798833334,49.099999999999454,0.0999999999994543,5679.075,4.883333400000001,3.799999952316284,-0.10000000149011612,82.97061046607398,12.361742406259102,3.4751324872767344,1.689739289467018,3.8641641253415884,0.45271466201275246,0.45271466201275223,-0.222611606115065
train_steering_multistep,train,492,49.2,5679.1798833334005,49.19999999999982,0.1000000000003638,5679.175,4.883333400000001,3.799999952316284,-0.10000000149011612,83.3198692525872,12.526806789845699,3.5126133331749427,1.6113005471467476,3.8645493495807273,0.4301980208671079,0.4301980208671077,-0.2247528182915828
train_steering_multistep,train,493,49.300000000000004,5679.2798833334,49.29999999999927,0.0999999999994543,5679.275,4.883333400000001,3.799999952316284,-0.10000000149011612,83.67280628397766,12.683987400976239,3.548478108337789,1.5321792389549114,3.8651351740047466,0.4077169054824279,0.4077169054824279,-0.223036117257672
train_steering_multistep,train,494,49.400000000000006,5679.3798833334,49.399999999999636,0.1000000000003638,5679.375,4.883333400000001,3.799999952316284,-0.10000000149011612,84.02922360583459,12.833251725163304,3.582262194467475,1.4528795177521459,3.8656773168162717,0.3854212007908262,0.38542120079082604,-0.22105811120882088
train_steering_multistep,train,495,49.5,5679.479883333401,49.5,0.1000000000003638,5679.475,4.883333400000001,3.799999952316284,-0.10000000149011612,84.3889089661981,12.974579593108684,3.6138901451464918,1.3732842597620503,3.8660201030005967,0.3632648584148619,0.36326485841486184,-0.22003431077951083
train_steering_multistep,train,496,49.6,5679.5798833334,49.599999999999454,0.0999999999994543,5679.575,4.883333400000001,3.799999952316284,-0.10000000149011612,84.75165607658381,13.107931459411702,3.6435082469714706,1.2932054126497108,3.866203872752015,0.34117918730228247,0.3411791873022827,-0.2196221215796981
train_steering_multistep,train,497,49.7,5679.6798833334005,49.69999999999982,0.1000000000003638,5679.675,4.883333400000001,3.799999952316284,-0.10000000149011612,85.1172692514434,13.233252847512485,3.6712096979634645,1.2125396051926738,3.866268581648683,0.3191173595164081,0.31911735951640813,-0.21953579155119993
train_steering_multistep,train,498,49.800000000000004,5679.7798833334,49.79999999999927,0.0999999999994543,5679.775,4.883333400000001,3.799999952316284,-0.10000000149011612,85.48555968180825,13.350483277320812,3.697039707643512,1.1312649618554476,3.866246606681776,0.2970578147831038,0.29705781478310395,-0.21957049402538628
train_steering_multistep,train,499,49.900000000000006,5679.8798833334,49.899999999999636,0.1000000000003638,5679.875,4.883333400000001,3.799999952316284,-0.10000000149011612,85.85634992760227,13.459531614446748,3.7210020926965575,1.0494051195684093,3.8661489228971786,0.2749940777519675,0.27499407775196744,-0.2196256656563722
train_steering_multistep,train,500,50.0,5679.979883333401,50.0,0.1000000000003638,5679.975,4.883333400000001,3.799999952316284,-0.10000000149011612,86.22945008395466,13.560347635581614,3.743092633995661,0.9670066266784856,3.865985528076676,0.25292613165814615,0.2529261316581463,-0.21966708658515616
train_steering_multistep,train,501,50.1,5680.0798833334,50.099999999999454,0.0999999999994543,5680.075,4.883333400000001,3.799999952316284,-0.10000000149011612,86.6046657128165,13.65290466135594,3.763306432628194,0.8841219622644496,3.8657660011873487,0.230855663741667,0.23085566374166708,-0.21969072235761694
train_steering_multistep,train,502,50.2,5680.1798833334005,50.19999999999982,0.1000000000003638,5680.175,4.883333400000001,3.799999952316284,-0.10000000149011612,86.98180881412944,13.737156591239383,3.7816334930283197,0.8008013288724047,3.8654927855406416,0.20878422484327608,0.2087842248432763,-0.2197011621925242
train_steering_multistep,train,503,50.300000000000004,5680.2798833334,50.29999999999927,0.0999999999994543,5680.275,4.883333400000001,3.799999952316284,-0.10000000149011612,87.36069048628943,13.813062255890214,3.7980658207746103,0.7170932599445152,3.8651683739104232,0.18671287245312085,0.18671287245312093,-0.21970320627972165
train_steering_multistep,train,504,50.400000000000006,5680.3798833334,50.399999999999636,0.1000000000003638,5680.375,4.883333400000001,3.799999952316284,-0.10000000149011612,87.74112113076019,13.880585259403963,3.812597390504265,0.6330449412762871,3.8647955445380915,0.16464227868255188,0.16464227868255196,-0.21969982278819852
train_steering_multistep,train,505,50.5,5680.479883333401,50.5,0.1000000000003638,5680.475,4.883333400000001,3.799999952316284,-0.10000000149011612,88.12291062827474,13.939693872141572,3.825223740696317,0.5487027456646504,3.8643772093017157,0.14257290542889312,0.1425729054288931,-0.21969241814549556
train_steering_multistep,train,506,50.6,5680.5798833334,50.599999999999454,0.0999999999994543,5680.575,4.883333400000001,3.799999952316284,-0.10000000149011612,88.50586847680948,13.990360970103035,3.8359416439269274,0.4641125995326276,3.863916232505226,0.12050512326741591,0.12050512326741598,-0.21968154000671541
train_steering_multistep,train,507,50.7,5680.6798833334005,50.69999999999982,0.1000000000003638,5680.675,4.883333400000001,3.799999952316284,-0.10000000149011612,88.88980390475645,14.032564000849169,3.844748933556816,0.37932015913885975,3.8634153285881663,0.09843926858956431,0.09843926858956428,-0.2196673913811296
train_steering_multistep,train,508,50.800000000000004,5680.7798833334,50.79999999999927,0.0999999999994543,5680.775,4.883333400000001,3.799999952316284,-0.10000000149011612,89.27452597291601,14.066284960229757,3.8516444399254643,0.2943708671393007,3.862877031397522,0.07637566328215417,0.07637566328215427,-0.21965008792231008
train_steering_multistep,train,509,50.900000000000006,5680.8798833334,50.899999999999636,0.1000000000003638,5680.875,4.883333400000001,3.799999952316284,-0.10000000149011612,89.65984367312977,14.091510371463746,3.856627976554938,0.209309954012754,3.8623037000862284,0.054314618103645795,0.05431461810364599,-0.21962974877703698
train_steering_multistep,train,510,51.0,5680.979883333401,51.0,0.1000000000003638,5680.975,4.883333400000001,3.799999952316284,0.15000000596046448,90.04556775431192,14.1082310083897,3.859913903126854,0.12435701559698956,3.861916613380081,0.03227882264418236,0.032278822644182394,-0.21712846592093737
train_steering_multistep,train,511,51.1,5681.0798833334,51.099999999999454,0.0999999999994543,5681.075,4.883333400000001,3.799999952316284,0.15000000596046448,90.43180733116888,14.116967501589587,3.8670247283987997,0.057810464769404844,3.8674567873671175,0.014807397100356834,0.014807397100356903,-0.11819141505145048
train_steering_multistep,train,512,51.2,5681.1798833334005,51.19999999999982,0.1000000000003638,5681.175,4.883333400000001,3.799999952316284,0.15000000596046448,90.81852998875084,14.121051389875696,3.8687673777886977,0.03227647936693573,3.8689019374190123,0.008143566396971114,0.008143566396971237,-0.011483084953190052
train_steering_multistep,train,513,51.300000000000004,5681.2798833334,51.29999999999927,0.0999999999994543,5681.275,4.883333400000001,3.799999952316284,0.15000000596046448,91.20519993150901,14.124675384314997,3.8657914622430685,0.04940554074117739,3.866107033510556,0.012528387398244245,0.012528387398244247,0.09956716616324772
train_steering_multistep,train,514,51.400000000000006,5681.3798833334,51.399999999999636,0.1000000000003638,5681.375,4.883333400000001,3.799999952316284,0.15000000596046448,91.59131578302721,14.132152945052045,3.85760399234531,0.1099898471481642,3.859171565673101,0.028226280843623552,0.02822628084362361,0.21109449191236168
train_steering_multistep,train,515,51.5,5681.479883333401,51.5,0.1000000000003638,5681.475,4.883333400000001,3.799999952316284,0.15000000596046448,91.97643273959109,14.147633937092747,3.8463900362402503,0.20733820684406004,3.8519741301636823,0.05362866070646666,0.05362866070646658,0.2880697818936425
train_steering_multistep,train,516,51.6,5681.5798833334,51.599999999999454,0.0999999999994543,5681.575,4.883333400000001,3.799999952316284,0.15000000596046448,92.36037660194411,14.174090762709897,3.8343250916105998,0.3257466646666368,3.848137129568156,0.08458155233909181,0.08458155233909172,0.32403197397960637
train_steering_multistep,train,517,51.7,5681.6798833334005,51.69999999999982,0.1000000000003638,5681.675,4.883333400000001,3.799999952316284,0.15000000596046448,92.74302106566515,14.212924462467052,3.8201084677700865,0.452439934871252,3.84680780555108,0.11774313227072986,0.11774313227072972,0.3362317378602604
train_steering_multistep,train,518,51.800000000000004,5681.7798833334,51.79999999999927,0.0999999999994543,5681.775,4.883333400000001,3.799999952316284,0.15000000596046448,93.12409373031323,14.264550339497802,3.802659263104615,0.5808825038936263,3.846770294784701,0.151454147216449,0.1514541472164489,0.3373440949334592
train_steering_multistep,train,519,51.900000000000006,5681.8798833334,51.899999999999636,0.1000000000003638,5681.875,4.883333400000001,3.799999952316284,0.15000000596046448,93.50322904379863,14.328984181052986,3.781266380789606,0.7084967537434607,3.847069384354551,0.18509404909040006,0.18509404909040006,0.3356166729327491
train_steering_multistep,train,520,52.0,5681.979883333401,52.0,0.1000000000003638,5681.975,4.883333400000001,3.799999952316284,0.15000000596046448,93.88002036820775,14.406099665256743,3.7557089819934744,0.8346528166643421,3.8473360960404155,0.2185529515313278,0.21855295153132792,0.3339635239645859
train_steering_multistep,train,521,52.1,5682.0798833334,52.099999999999454,0.0999999999994543,5682.075,4.883333400000001,3.799999952316284,0.15000000596046448,94.25404835833238,14.49574974750049,3.7259384277423173,0.9593795823204626,3.8474700910714534,0.2518828662766648,0.25188286627666456,0.33303492392063266
train_steering_multistep,train,522,52.2,5682.1798833334005,52.19999999999982,0.1000000000003638,5682.175,4.883333400000001,3.799999952316284,0.15000000596046448,94.62489335918538,14.597797678472508,3.691986107305969,1.0827880122158973,3.8474915263743084,0.28515082883976506,0.28515082883976495,0.3326692690741088
train_steering_multistep,train,523,52.300000000000004,5682.2798833334,52.29999999999927,0.0999999999994543,5682.275,4.883333400000001,3.799999952316284,0.15000000596046448,94.99214024242008,14.712114073541048,3.653905598102058,1.2049026823277602,3.847442831630557,0.3183986056756649,0.31839860567566486,0.3325872748384496
train_steering_multistep,train,524,52.400000000000006,5682.3798833334,52.399999999999636,0.1000000000003638,5682.375,4.883333400000001,3.799999952316284,0.15000000596046448,95.35537926383984,14.838567227002036,3.6117500091395796,1.3256586608329923,3.847350875962194,0.3516441503442054,0.35164415034420526,0.3326022492070679
train_steering_multistep,train,525,52.5,5682.479883333401,52.5,0.1000000000003638,5682.475,4.883333400000001,3.799999952316284,0.15000000596046448,95.71420584117863,14.977015964075841,3.565565116716577,1.4449342042617004,3.847218372635097,0.38489154460956376,0.38489154460956393,0.3325968615657428
train_steering_multistep,train,526,52.6,5682.5798833334,52.599999999999454,0.0999999999994543,5682.575,4.883333400000001,3.799999952316284,0.15000000596046448,96.06821574082672,15.127302985123318,3.5153005912512163,1.562515083222473,3.846919728333016,0.41813590331854034,0.41813590331854045,0.3325303752616975
train_steering_multistep,train,527,52.7,5682.6798833334005,52.69999999999982,0.1000000000003638,5682.675,4.883333400000001,3.799999952316284,0.15000000596046448,96.41700679233013,15.28925438406168,3.4610926995478577,1.6783154392175101,3.846544573836285,0.45137754648900996,0.4513775464890099,0.33248260980155997
train_steering_multistep,train,528,52.800000000000004,5682.7798833334,52.79999999999927,0.0999999999994543,5682.775,4.883333400000001,3.799999952316284,0.15000000596046448,96.76019122618827,15.462686263161608,3.4030676597127103,1.7922380884214781,3.8461651846915053,0.4846166486414578,0.4846166486414579,0.3324845442036307
train_steering_multistep,train,529,52.900000000000006,5682.8798833334,52.899999999999636,0.1000000000003638,5682.875,4.883333400000001,3.799999952316284,0.15000000596046448,97.09739223925844,15.64740467806444,3.341325887607266,1.9041794328812827,3.8458234170343393,0.5178548664377365,0.5178548664377364,0.3325125843201611
train_steering_multistep,train,530,53.0,5682.979883333401,53.0,0.1000000000003638,5682.975,4.883333400000001,3.799999952316284,0.15000000596046448,97.42824392918473,15.843206513798629,3.2759788353278694,2.01403375213746,3.8455648528785007,0.5510932866887548,0.5510932866887548,0.33252031467957993
train_steering_multistep,train,531,53.1,5683.0798833334,53.099999999999454,0.0999999999994543,5683.075,4.883333400000001,3.799999952316284,0.15000000596046448,97.75238950280192,16.04987851860959,3.2070533496856566,2.121665977262289,3.845342307400697,0.5843316565018237,0.5843316565018237,0.3325233398785114
train_steering_multistep,train,532,53.2,5683.1798833334005,53.19999999999982,0.1000000000003638,5683.175,4.883333400000001,3.799999952316284,0.15000000596046448,98.0694713829931,16.2671910526469,3.1345734557938485,2.226930301145034,3.8450967570303107,0.6175704701677551,0.6175704701677549,0.3325208866367046
train_steering_multistep,train,533,53.300000000000004,5683.2798833334,53.29999999999927,0.0999999999994543,5683.275,4.883333400000001,3.799999952316284,0.15000000596046448,98.37910945749147,16.494940197483317,3.0586152211053452,2.329696923990433,3.844816586554467,0.6508082247216374,0.6508082247216371,0.3325054782923684
train_steering_multistep,train,534,53.400000000000006,5683.3798833334,53.399999999999636,0.1000000000003638,5683.375,4.883333400000001,3.799999952316284,0.15000000596046448,98.68096437543818,16.732860745696733,2.97926969155599,2.429850163780101,3.8445051008091955,0.684044211786992,0.6840442117869922,0.3324859148426074
train_steering_multistep,train,535,53.5,5683.479883333401,53.5,0.1000000000003638,5683.475,4.883333400000001,3.799999952316284,-0.15000000596046448,98.97473063792062,16.980658848445373,2.8968810312870095,2.5277257025690827,3.8446477596566346,0.7172596088137722,0.7172596088137724,0.3312712074001978
train_steering_multistep,train,536,53.6,5683.5798833334,53.599999999999454,0.0999999999994543,5683.575,4.883333400000001,3.799999952316284,-0.15000000596046448,99.26084418650886,17.237948075959014,2.8309828597876163,2.613898479485898,3.8531713093092756,0.7456207042016336,0.7456207042016335,0.23699787965140118
train_steering_multistep,train,537,53.7,5683.6798833334005,53.69999999999982,0.1000000000003638,5683.675,4.883333400000001,3.799999952316284,-0.15000000596046448,99.5414251458574,17.502312282419112,2.787626793721514,2.668370346012167,3.8588939991390214,0.7637356064231087,0.7637356064231088,0.12999065274439953
train_steering_multistep,train,538,53.800000000000004,5683.7798833334,53.79999999999927,0.0999999999994543,5683.775,4.883333400000001,3.799999952316284,-0.15000000596046448,99.81883973997323,17.770451477166635,2.7684588462263937,2.689402610365817,3.859695563060891,0.771166118314679,0.7711661183146789,0.021552574199259378
train_steering_multistep,train,539,53.900000000000006,5683.8798833334,53.899999999999636,0.1000000000003638,5683.875,4.883333400000001,3.799999952316284,-0.15000000596046448,100.09562347932238,18.03904444363731,2.775286302282022,2.6771989375082814,3.8561129132591603,0.7677186510108616,0.7677186510108617,-0.08834590613241994
train_steering_multistep,train,540,54.0,5683.979883333401,54.0,0.1000000000003638,5683.975,4.883333400000001,3.799999952316284,-0.15000000596046448,100.37440903861139,18.304729389772255,2.808817442547239,2.6308771656328567,3.848502096402223,0.7530371882913016,0.7530371882913014,-0.2001182145991546
train_steering_multistep,train,541,54.1,5684.0798833334,54.099999999999454,0.0999999999994543,5684.075,4.883333400000001,3.799999952316284,-0.15000000596046448,100.65781319734191,18.56426548511706,2.8666153661777276,2.5561883809321406,3.840778756540706,0.7285057279960778,0.7285057279960777,-0.27991431388351906
train_steering_multistep,train,542,54.2,5684.1798833334005,54.19999999999982,0.1000000000003638,5684.175,4.883333400000001,3.799999952316284,-0.15000000596046448,100.94785805911074,18.81542963791923,2.939582853378841,2.465471295656154,3.8366255043930697,0.6981389795453201,0.6981389795453201,-0.31899628857921675
train_steering_multistep,train,543,54.300000000000004,5684.2798833334,54.29999999999927,0.0999999999994543,5684.275,4.883333400000001,3.799999952316284,-0.15000000596046448,101.24555369051916,19.057092621798468,3.0180444266441735,2.367185426111042,3.8356431559127397,0.665320625044548,0.665320625044548,-0.33216996269135524
train_steering_multistep,train,544,54.400000000000006,5684.3798833334,54.399999999999636,0.1000000000003638,5684.375,4.883333400000001,3.799999952316284,-0.15000000596046448,101.55110165545322,19.28872681913245,3.095778807262068,2.265185460124644,3.8360019717028546,0.6318645642194105,0.6318645642194106,-0.3340438485811819
train_steering_multistep,train,545,54.5,5684.479883333401,54.5,0.1000000000003638,5684.475,4.883333400000001,3.799999952316284,-0.15000000596046448,101.86427476006232,19.510048267587607,3.170326752951695,2.1609172721184318,3.836734902674725,0.5984523382624145,0.5984523382624146,-0.3321901103579765
train_steering_multistep,train,546,54.6,5684.5798833334,54.599999999999454,0.0999999999994543,5684.575,4.883333400000001,3.799999952316284,-0.15000000596046448,102.184701010363,19.720855230376923,3.240869834499393,2.0547177160442227,3.837330024194695,0.5652236064833214,0.5652236064833214,-0.3304781110795574
train_steering_multistep,train,547,54.7,5684.6798833334005,54.69999999999982,0.1000000000003638,5684.675,4.883333400000001,3.799999952316284,-0.15000000596046448,102.51197878963858,19.920954424815285,3.3073928745822547,1.9465481187096525,3.837694197014184,0.5321296684825354,0.5321296684825352,-0.32949646628921986
train_steering_multistep,train,548,54.800000000000004,5684.7798833334,54.79999999999927,0.0999999999994543,5684.775,4.883333400000001,3.799999952316284,-0.15000000596046448,102.8457131631025,20.110145943035167,3.370022324712956,1.8363576870983664,3.8378717510072113,0.4991008513996644,0.4991008513996644,-0.32911956611566423
train_steering_multistep,train,549,54.900000000000006,5684.8798833334,54.899999999999636,0.1000000000003638,5684.875,4.883333400000001,3.799999952316284,-0.15000000596046448,103.1855196978224,20.288227977038428,3.428832675720806,1.7241650757249147,3.8379210896243663,0.46609165115214735,0.46609165115214723,-0.32906426327204996
train_steering_multistep,train,550,55.0,5684.979883333401,55.0,0.1000000000003638,5684.975,4.883333400000001,3.799999952316284,-0.15000000596046448,103.53103800883373,20.454960219315094,3.4838159547956886,1.6100450559376935,3.837866368753311,0.43308148072395625,0.433081480723956,-0.32912675659090734
train_steering_multistep,train,551,55.1,5685.0798833334,55.099999999999454,0.0999999999994543,5685.075,4.883333400000001,3.799999952316284,-0.15000000596046448,103.88187739418782,20.610163521160658,3.5349384040658434,1.4941194778754694,3.8377313770017536,0.40006454901782984,0.40006454901782984,-0.3292064829408217
train_steering_multistep,train,552,55.2,5685.1798833334005,55.19999999999982,0.1000000000003638,5685.175,4.883333400000001,3.799999952316284,-0.15000000596046448,104.2376336505645,20.753698617667354,3.5821582326014654,1.3765300049201843,3.83753723851836,0.367041320432854,0.36704132043285403,-0.3292693979698919
train_steering_multistep,train,553,55.300000000000004,5685.2798833334,55.29999999999927,0.0999999999994543,5685.275,4.883333400000001,3.799999952316284,-0.15000000596046448,104.59791418049517,20.88540618993266,3.625420691063449,1.257417949075042,3.8372874138711546,0.3340138283863703,0.3340138283863701,-0.32931114647867776
train_steering_multistep,train,554,55.400000000000006,5685.3798833334,55.399999999999636,0.1000000000003638,5685.375,4.883333400000001,3.799999952316284,-0.15000000596046448,104.9623211199164,21.005141106266557,3.6646757453740078,1.1369256243919796,3.8369842085062538,0.3009839654143538,0.30098396541435396,-0.3293362745467935
train_steering_multistep,train,555,55.5,5685.479883333401,55.5,0.1000000000003638,5685.475,4.883333400000001,3.799999952316284,-0.15000000596046448,105.33045191755814,21.11277244220584,3.699879657632867,1.0151951940608486,3.836630083337026,0.26795311758323503,0.2679531175832348,-0.32934973462965966
train_steering_multistep,train,556,55.6,5685.5798833334,55.599999999999454,0.0999999999994543,5685.575,4.883333400000001,3.799999952316284,-0.15000000596046448,105.7018999616661,21.20818346113077,3.7309948013431407,0.8923687172031214,3.8362278059843335,0.2349222673926823,0.23492226739268232,-0.3293547244883436
train_steering_multistep,train,557,55.7,5685.6798833334005,55.69999999999982,0.1000000000003638,5685.675,4.883333400000001,3.799999952316284,-0.15000000596046448,106.07625516311263,21.291271617173216,3.757989138350944,0.7685884175503145,3.8357802563026926,0.20189216535289267,0.20189216535289262,-0.32935289527407896
train_steering_multistep,train,558,55.800000000000004,5685.7798833334,55.79999999999927,0.0999999999994543,5685.775,4.883333400000001,3.799999952316284,-0.15000000596046448,106.45310449175975,21.36194858121042,3.7808358362334786,0.6439968441086243,3.83529023953185,0.16886344843173706,0.16886344843173717,-0.32934502593918513
train_steering_multistep,train,559,55.900000000000006,5685.8798833334,55.899999999999636,0.1000000000003638,5685.875,4.883333400000001,3.799999952316284,-0.15000000596046448,106.83203248487204,21.420140275259435,3.79951307656096,0.5187368828617078,3.834760389998792,0.13583669872854154,0.13583669872854165,-0.3293315279742277
train_steering_multistep,train,560,56.0,5685.979883333401,56.0,0.1000000000003638,5685.975,4.883333400000001,3.799999952316284,0.0,107.21262218397072,21.46578676937653,3.814089881782458,0.3931033790081747,3.8342941554880436,0.10282637558865959,0.10282637558865944,-0.3275358149337753
train_steering_multistep,train,561,56.1,5686.0798833334,56.099999999999454,0.0999999999994543,5686.075,4.883333400000001,3.799999952316284,0.0,107.59478583576065,21.49934004593274,3.830861366683511,0.2840913049357699,3.8413808206044195,0.07395354795909448,0.07395354795909456,-0.23805225705993782
train_steering_multistep,train,562,56.2,5686.1798833334005,56.19999999999982,0.1000000000003638,5686.175,4.883333400000001,3.799999952316284,0.0,107.97824769383391,21.523818726858227,3.8390943987325405,0.21279984602774552,3.844987563489037,0.05525287286524572,0.05525287286524576,-0.13603811423878584
train_steering_multistep,train,563,56.300000000000004,5686.2798833334,56.29999999999927,0.0999999999994543,5686.275,4.883333400000001,3.799999952316284,0.0,108.36217621606183,21.543037101945497,3.8406181917870734,0.17762285862008453,3.8447233797441975,0.04613000471838191,0.046130004718382,-0.054690834596129036
train_steering_multistep,train,564,56.400000000000006,5686.3798833334,56.399999999999636,0.1000000000003638,5686.375,4.883333400000001,3.799999952316284,0.0,108.74609138872691,21.560054583326405,3.839446042307281,0.1659564583443361,3.843031022613926,0.043163165213476073,0.043163165213475914,-0.012448852952928573
train_steering_multistep,train,565,56.5,5686.479883333401,56.5,0.1000000000003638,5686.475,4.883333400000001,3.799999952316284,0.0,109.12986560339981,21.576537359993498,3.8381711322449155,0.16492936673814118,3.8417130726507587,0.04292828238296087,0.04292828238296092,0.0024854340643587357
train_steering_multistep,train,566,56.6,5686.5798833334,56.599999999999454,0.0999999999994543,5686.575,4.883333400000001,3.799999952316284,0.0,109.51354472350502,21.593065375454522,3.8374267033589597,0.16568610169617912,3.8410018989415167,0.04315387644537694,0.0431538764453771,0.0020867682515144665
train_steering_multistep,train,567,56.7,5686.6798833334005,56.69999999999982,0.1000000000003638,5686.675,4.883333400000001,3.799999952316284,0.0,109.8971431302079,21.60965459691735,3.8365383591640114,0.16602331824510813,3.8401289460032144,0.04325770377929006,0.04325770377929005,0.00019725482612423153
train_steering_multistep,train,568,56.800000000000004,5686.7798833334,56.79999999999927,0.0999999999994543,5686.775,4.883333400000001,3.799999952316284,0.0,110.2806465093803,21.626254599019045,3.8355630281211366,0.16602827516124963,3.8391547417145295,0.043258578335090725,0.043258578335090746,-3.7204371259831774e-05
train_steering_multistep,train,569,56.900000000000006,5686.8798833334,56.899999999999636,0.1000000000003638,5686.875,4.883333400000001,3.799999952316284,0.0,110.66405391881017,21.642850778094946,3.834616913999838,0.1659956014320943,3.838208099719458,0.0432594187010471,0.0432594187010473,-1.7853282435477248e-05
train_steering_multistep,train,570,57.0,5686.979883333401,57.0,0.1000000000003638,5686.975,4.883333400000001,3.799999952316284,0.0,111.04736812769252,21.65944320310716,3.8336994430298734,0.16592787546608687,3.8372885581980496,0.043260032461437614,0.0432600324614378,1.1858979240443401e-05
train_steering_multistep,train,571,57.1,5687.0798833334,57.099999999999454,0.0999999999994543,5687.075,4.883333400000001,3.799999952316284,0.0,111.4305917607474,21.676031887358263,3.8328057453705675,0.16589072838427374,3.8363940901642772,0.0432604059916466,0.04326040599164674,1.8901126839667693e-05
train_steering_multistep,train,572,57.2,5687.1798833334005,57.19999999999982,0.1000000000003638,5687.175,4.883333400000001,3.799999952316284,0.0,111.81372727575575,21.692616926965304,3.8319357159272283,0.165860990858879,3.8355235886461103,0.04326079067848365,0.043260790678483624,4.67147640000863e-06
train_steering_multistep,train,573,57.300000000000004,5687.2798833334,57.29999999999927,0.0999999999994543,5687.275,4.883333400000001,3.799999952316284,0.0,112.19677701377039,21.709198375383433,3.8310885033711397,0.1658318560851022,3.8346759087416187,0.04326103827887051,0.04326103827887071,-5.014434948330146e-06
train_steering_multistep,train,574,57.400000000000006,5687.3798833334,57.399999999999636,0.1000000000003638,5687.375,4.883333400000001,3.799999952316284,0.0,112.57974318693178,21.725776305444057,3.8302635606652258,0.16579088862420202,3.83384996611738,0.043261259782212846,0.04326125978221284,3.5880504610500725e-07
train_steering_multistep,train,575,57.5,5687.479883333401,57.5,0.1000000000003638,5687.475,4.883333400000001,3.799999952316284,0.0,112.96262792017909,21.742350721710174,3.829459643186262,0.16574265400617794,3.8330447147611024,0.04326129438421367,0.04326129438421354,2.1490345272664408e-05
train_steering_multistep,train,576,57.6,5687.5798833334,57.599999999999454,0.0999999999994543,5687.575,4.883333400000001,3.799999952316284,0.0,113.34543320271132,21.758921741850905,3.828673792852858,0.16572257017413117,3.8322587311054264,0.04326136505846412,0.04326136505846429,2.347664809850816e-06
train_steering_multistep,train,577,57.7,5687.6798833334005,57.69999999999982,0.1000000000003638,5687.675,4.883333400000001,3.799999952316284,0.0,113.72816092667543,21.775489430559933,3.8279066576480347,0.1656966090520179,3.8314911908886597,0.043261498977143376,0.04326149897714356,-4.632784890108125e-06
train_steering_multistep,train,578,57.800000000000004,5687.7798833334,57.79999999999927,0.0999999999994543,5687.775,4.883333400000001,3.799999952316284,0.0,114.1108128834871,21.792053930308782,3.8271572174474358,0.16566951574830754,3.8307412801565826,0.04326179658253393,0.043261796582534026,-9.982509228981724e-06
train_steering_multistep,train,579,57.900000000000006,5687.8798833334,57.899999999999636,0.1000000000003638,5687.875,4.883333400000001,3.799999952316284,0.0,114.49339076716976,21.80861535966372,3.826424959325177,0.16562662405454856,3.830007852167625,0.043262293834411825,0.043262293834411804,1.049587800423852e-05
train_steering_multistep,train,580,58.0,5687.979883333401,58.0,0.1000000000003638,5687.975,4.883333400000001,3.799999952316284,0.0,114.87589621071032,21.82517380819193,3.8257076983461866,0.16561457463634083,3.829290741183459,0.04326239211143301,0.043262392111433096,-1.7006613034391706e-05
train_steering_multistep,train,581,58.1,5688.0798833334,58.099999999999454,0.0999999999994543,5688.075,4.883333400000001,3.799999952316284,0.0,115.25833082128388,21.841729231972003,3.825006806602685,0.16557686140024225,3.8285888741865035,0.043262702979959045,0.04326270297995918,-3.4445791498083673e-06
train_steering_multistep,train,582,58.2,5688.1798833334005,58.19999999999982,0.1000000000003638,5688.175,4.883333400000001,3.799999952316284,0.0,115.64069605786239,21.858281784858185,3.8243210600216635,0.1655267130195363,3.8279016003578166,0.04326315192643593,0.04326315192643594,2.6457651861371204e-05
train_steering_multistep,train,583,58.300000000000004,5688.2798833334,58.29999999999927,0.0999999999994543,5688.275,4.883333400000001,3.799999952316284,0.0,116.02299332492986,21.87483153814732,3.8236467713264384,0.16552234053203335,3.8272277534885437,0.04326320718838472,0.04326320718838488,-1.9708414071352572e-05
train_steering_multistep,train,584,58.400000000000006,5688.3798833334,58.399999999999636,0.1000000000003638,5688.375,4.883333400000001,3.799999952316284,0.0,116.40522371865148,21.891378401129845,3.822987901832841,0.16547584311441624,3.8265674895002566,0.043263353324222376,0.04326335332422217,1.9494751270242187e-05
train_steering_multistep,train,585,58.5,5688.479883333401,58.5,0.1000000000003638,5688.475,4.883333400000001,3.799999952316284,0.0,116.78738858948094,21.9079225407266,3.8223394505758175,0.16547167119983996,3.825919464572915,0.04326364303414465,0.04326364303414443,-1.8822435077644963e-05
train_steering_multistep,train,586,58.6,5688.5798833334,58.599999999999454,0.0999999999994543,5688.575,4.883333400000001,3.736666679382324,0.0,117.1694890969535,21.924463942439157,3.8215810195435616,0.16541169301983857,3.8251591491519443,0.04326388915114343,0.043263889151143584,2.147667067784203e-05
train_steering_multistep,train,587,58.7,5688.6798833334005,58.69999999999982,0.1000000000003638,5688.675,4.883333400000001,3.6733334064483643,0.0,117.55133514626824,21.940994403683813,3.8171176773801636,0.16522015744124366,3.8206916995082794,0.04326394141549894,0.043263941415498726,2.291926660929174e-05
train_steering_multistep,train,588,58.800000000000004,5688.7798833334,58.79999999999927,0.0999999999994543,5688.775,4.883333400000001,3.609999895095825,0.0,117.93255734995513,21.957497898416943,3.809081428917598,0.164897857840078,3.8126490312700607,0.04326391214336889,0.04326391214336892,-1.0129702559734186e-05
train_steering_multistep,train,589,58.900000000000006,5688.8798833334,58.899999999999636,0.1000000000003638,5688.875,4.883333400000001,3.5466666221618652,0.0,118.31280839180046,21.97395931442004,3.7976555163945958,0.16438397674741148,3.8012115848272767,0.04326382881736057,0.04326382881736067,8.838657267004453e-06
train_steering_multistep,train,590,59.0,5688.979883333401,59.0,0.1000000000003638,5688.975,4.883333400000001,3.4833333492279053,0.0,118.69175767660006,21.990364271848463,3.7830332072072683,0.16375270743642756,3.7865756556260988,0.04326322077242484,0.04326322077242496,6.827318871106851e-06
train_steering_multistep,train,591,59.1,5689.0798833334,59.099999999999454,0.0999999999994543,5689.075,4.883333400000001,3.4200000762939453,0.0,119.06909477487963,22.00669926862413,3.7654068459387937,0.16298782012468738,3.7689327063090534,0.043262901182876234,0.04326290118287636,-1.5890995580932143e-06
train_steering_multistep,train,592,59.2,5689.1798833334005,59.19999999999982,0.1000000000003638,5689.175,4.883333400000001,3.3566665649414062,0.0,119.44452776982286,22.022951640048714,3.7449509751479764,0.16208946363013527,3.7484571225692145,0.04326240121020586,0.043262401210206,1.3578506320785042e-05
train_steering_multistep,train,593,59.300000000000004,5689.2798833334,59.29999999999927,0.0999999999994543,5689.275,4.883333400000001,3.2933332920074463,0.0,119.81778108302494,22.039109463309213,3.7218079435479496,0.16109973793763238,3.7252929407039654,0.043261751315338604,0.043261751315338534,-9.553352207154014e-06
train_steering_multistep,train,594,59.400000000000006,5689.3798833334,59.399999999999636,0.1000000000003638,5689.375,4.883333400000001,3.2300000190734863,0.0,120.18859192269201,22.055161271002785,3.696130378710056,0.15998835435059677,3.6995913355203123,0.043260985583759126,0.043260985583758925,-1.022052432543961e-05
train_steering_multistep,train,595,59.5,5689.479883333401,59.5,0.1000000000003638,5689.475,4.883333400000001,3.1666667461395264,0.0,120.55671517415072,22.071096442451484,3.6680791778263035,0.15875134467865537,3.671512882093291,0.04326015948761297,0.04326015948761301,1.2145273773908376e-05
train_steering_multistep,train,596,59.6,5689.5798833334,59.599999999999454,0.0999999999994543,5689.575,4.883333400000001,3.1033332347869873,0.0,120.92191919605399,22.086904932423053,3.637781818117845,0.1574564327066099,3.641187867214324,0.04325910514780107,0.04325910514780124,-1.4837467467313675e-05
train_steering_multistep,train,597,59.7,5689.6798833334005,59.69999999999982,0.1000000000003638,5689.675,4.883333400000001,3.0399999618530273,0.0,121.28398545128447,22.102577206324217,3.605368832821545,0.15605410870565012,3.6087445608556865,0.043258032876080765,0.043258032876080724,-2.1341457532201197e-05
train_steering_multistep,train,598,59.800000000000004,5689.7798833334,59.79999999999927,0.0999999999994543,5689.775,4.883333400000001,2.9766666889190674,0.0,121.64270781898223,22.11810432515903,3.57096087069194,0.15455900762783625,3.5743041318302455,0.043256801963898805,0.043256801963898805,-1.9438536604172703e-05
train_steering_multistep,train,599,59.900000000000006,5689.8798833334,59.899999999999636,0.1000000000003638,5689.875,4.883333400000001,2.9133334159851074,0.0,121.9978919577837,22.133477842314015,3.5346726600366813,0.15298213339381653,3.537981676985655,0.04325566128819425,0.04325566128819445,-2.0586118367449555e-05
train_steering_multistep,train,600,60.0,5689.979883333401,60.0,0.1000000000003638,5689.975,4.883333400000001,2.8499999046325684,0.0,122.34935544069309,22.148689878058732,3.496619660651739,0.15130707453909883,3.4998918384835362,0.04325434314019816,0.04325434314019821,1.1795122338919199e-05
train_steering_multistep,train,601,60.1,5690.0798833334,60.099999999999454,0.0999999999994543,5690.075,4.883333400000001,2.7866666316986084,0.0,122.69690908567013,22.163732261388695,3.456849374287439,0.1495870853028101,3.4600843764197005,0.043253094416330296,0.043253094416330476,6.377539056442689e-06
train_steering_multistep,train,602,60.2,5690.1798833334005,60.19999999999982,0.1000000000003638,5690.175,4.883333400000001,2.7233333587646484,0.0,123.04039213392693,22.178598036286463,3.4154042570833623,0.14780136516158068,3.4186008077392422,0.043251771404481776,0.04325177140448199,-1.1002314393309252e-05
train_steering_multistep,train,603,60.300000000000004,5690.2798833334,60.29999999999927,0.0999999999994543,5690.275,4.883333400000001,2.6600000858306885,0.0,123.3796617244852,22.193281011855056,3.372454072116176,0.14594414672594885,3.37561048736948,0.04325062120689127,0.043250621206891195,-1.2286600671409812e-05
train_steering_multistep,train,604,60.400000000000006,5690.3798833334,60.399999999999636,0.1000000000003638,5690.375,4.883333400000001,2.5966665744781494,0.0,123.7145723612658,22.207774950548384,3.3281184665870422,0.14402099031031426,3.331233191060556,0.04324942005778798,0.04324942005778818,-1.1241344978372914e-05
train_steering_multistep,train,605,60.5,5690.479883333401,60.5,0.1000000000003638,5690.475,4.883333400000001,2.5333333015441895,0.0,124.04498849871734,22.22207399064887,3.2824609944425167,0.142041049680635,3.2855328091153853,0.043248054830927085,0.043248054830926995,-2.0480396702536052e-05
train_steering_multistep,train,606,60.6,5690.5798833334,60.599999999999454,0.0999999999994543,5690.575,4.883333400000001,2.4700000286102295,0.0,124.37078085303946,22.236172472551804,3.2355676563396543,0.14000673537230382,3.2385953659925906,0.043246797928153224,0.043246797928153176,-1.2904891190139674e-05
train_steering_multistep,train,607,60.7,5690.6798833334005,60.69999999999982,0.1000000000003638,5690.675,4.883333400000001,2.4066667556762695,0.0,124.69182911260899,22.25006528529523,3.1875131448223604,0.1379228891718477,3.190495693727112,0.04324560489910079,0.04324560489910086,-1.6715309805025917e-05
train_steering_multistep,train,608,60.800000000000004,5690.7798833334,60.79999999999927,0.0999999999994543,5690.775,4.883333400000001,2.3433332443237305,0.0,125.0080198686194,22.26374749354076,3.1383539049061357,0.13579201179896921,3.1412902926716204,0.04324433255092286,0.04324433255092269,-1.5674751450534457e-05
train_steering_multistep,train,609,60.900000000000006,5690.8798833334,60.899999999999636,0.1000000000003638,5690.875,4.883333400000001,2.2799999713897705,0.0,125.31924463424357,22.27721442258238,3.0881480409733526,0.13360694535218792,3.0910369034526566,0.04324313473798025,0.04324313473798011,-1.8472301405200472e-06
train_steering_multistep,train,610,61.0,5690.979883333401,61.0,0.1000000000003638,5690.975,4.883333400000001,2.2166666984558105,0.0,125.62540127208771,22.290461670963364,3.036968030351328,0.1313961796193552,3.039809167251947,0.04324165649014233,0.04324165649014246,-1.7899099280279147e-05
train_steering_multistep,train,611,61.1,5691.0798833334,61.099999999999454,0.0999999999994543,5691.075,4.883333400000001,2.1533334255218506,0.0,125.92639567774135,22.303485085508736,2.9848735899963934,0.1291298880806937,2.9876654558310967,0.04324014052023495,0.04324014052023487,-1.1694453323633672e-05
train_steering_multistep,train,612,61.2,5691.1798833334005,61.19999999999982,0.1000000000003638,5691.175,4.883333400000001,2.0899999141693115,0.0,126.22213722476386,22.31628073107434,2.9319123597879373,0.1268404225760455,2.934654763031565,0.04323833139629585,0.043238331396295966,-2.425933086339392e-05
train_steering_multistep,train,613,61.300000000000004,5691.2798833334,61.29999999999927,0.0999999999994543,5691.275,4.883333400000001,2.0266666412353516,0.0,126.51254505863267,22.328845001581023,2.8782291181713204,0.12451147898262088,2.88092102720668,0.043236018041381996,0.04323601804138208,-2.9539957931638343e-05
train_steering_multistep,train,614,61.400000000000006,5691.3798833334,61.399999999999636,0.1000000000003638,5691.375,4.883333400000001,1.9633333683013916,0.0,126.79755154719895,22.341174846264664,2.823910867354279,0.12215084101494696,2.8265515057369743,0.0432331248967599,0.04323312489675988,-3.501875875959247e-05
train_steering_multistep,train,615,61.5,5691.479883333401,61.5,0.1000000000003638,5691.475,4.883333400000001,1.899999976158142,0.0,127.07709948668696,22.35326767438974,2.769091513467654,0.11977026918162982,2.7716804879358157,0.04322978939585331,0.043229789395853174,-3.748530705170047e-05
train_steering_multistep,train,616,61.6,5691.5798833334,61.599999999999454,0.0999999999994543,5691.575,4.883333400000001,1.8366667032241821,0.0,127.35114119526371,22.36512137971904,2.713830180054928,0.11736993388533874,2.716367049462891,0.043226379074991605,0.04322637907499181,-3.595278690955852e-05
train_steering_multistep,train,617,61.7,5691.6798833334005,61.69999999999982,0.1000000000003638,5691.675,4.883333400000001,1.7733333110809326,0.0,127.61963314974402,22.376734115965814,2.6581541390779795,0.11495312929373194,2.6606385791558504,0.04322297982031831,0.04322297982031815,-3.677191520545085e-05
train_steering_multistep,train,618,61.800000000000004,5691.7798833334,61.79999999999927,0.0999999999994543,5691.775,4.883333400000001,1.7100000381469727,0.0,127.88251219762596,22.38810318411305,2.602050494229979,0.11251775727607624,2.6044821020859192,0.04321956277339645,0.04321956277339624,-3.723156123913155e-05
train_steering_multistep,train,619,61.900000000000006,5691.8798833334,61.899999999999636,0.1000000000003638,5691.875,4.883333400000001,1.6466666460037231,0.0,128.13974384328233,22.39922711782017,2.545487982776351,0.11006455005696986,2.5478664163453932,0.04321603236720328,0.04321603236720349,-4.036659567258762e-05
train_steering_multistep,train,620,62.0,5691.979883333401,62.0,0.1000000000003638,5691.975,4.883333400000001,1.5833333730697632,0.0,128.39130978107917,22.410105119851664,2.4885704981540258,0.10759214157619472,2.4908952593543434,0.043212317087034435,0.04321231708703433,-3.6872834355498356e-05
train_steering_multistep,train,621,62.1,5692.0798833334,62.099999999999454,0.0999999999994543,5692.075,4.883333400000001,1.5199999809265137,0.0,128.6371753819157,22.42073569266465,2.4313384526851687,0.10510824303485997,2.433609338848953,0.043208331054515714,0.0432083310545159,-4.1470034419605195e-05
train_steering_multistep,train,622,62.2,5692.1798833334005,62.19999999999982,0.1000000000003638,5692.175,4.883333400000001,1.4566667079925537,0.0,128.87730884874267,22.431117435540042,2.373794759222029,0.10261226252345698,2.3760115393749675,0.04320413435532178,0.0432041343553218,-4.40114810001319e-05
train_steering_multistep,train,623,62.300000000000004,5692.2798833334,62.29999999999927,0.0999999999994543,5692.275,4.883333400000001,1.3933333158493042,0.0,129.11167902729036,22.4412490112448,2.3159886523808293,0.10008740706713563,2.3181503243703765,0.043199814065678854,0.04319981406567905,-2.6331431469242143e-05
train_steering_multistep,train,624,62.400000000000006,5692.3798833334,62.399999999999636,0.1000000000003638,5692.375,4.883333400000001,1.3300000429153442,0.0,129.3402604738585,22.45112936363689,2.2579259420759348,0.09758322335633304,2.260033638087798,0.04319544030930755,0.04319544030930751,-4.612277908207792e-05
train_steering_multistep,train,625,62.5,5692.479883333401,62.5,0.1000000000003638,5692.475,4.883333400000001,1.2666666507720947,0.0,129.56302708367235,22.460757384713265,2.1996116969456843,0.0950521694314783,2.201664491276223,0.04319099560148976,0.04319099560148986,-4.7160554712708136e-05
train_steering_multistep,train,626,62.6,5692.5798833334,62.599999999999454,0.0999999999994543,5692.575,4.883333400000001,1.2033333778381348,0.0,129.77995352172968,22.470132017973135,2.1410673001328613,0.09251292058385004,2.1430650536267883,0.043186517207101094,0.043186517207101184,-4.661701152524923e-05
train_steering_multistep,train,627,62.7,5692.6798833334005,62.69999999999982,0.1000000000003638,5692.675,4.883333400000001,1.1399999856948853,0.0,129.99101717739538,22.479252344232535,2.082298022796421,0.08995719466031865,2.084240233835184,0.04318204309046836,0.04318204309046842,-3.98641411803181e-05
train_steering_multistep,train,628,62.800000000000004,5692.7798833334,62.79999999999927,0.0999999999994543,5692.775,4.883333400000001,1.0766667127609253,0.0,130.19619415095792,22.488117366900674,2.023315820304774,0.08739587923095785,2.0252024461770484,0.04317743340849667,0.043177433408496446,-3.639541030936158e-05
train_steering_multistep,train,629,62.900000000000006,5692.8798833334,62.899999999999636,0.1000000000003638,5692.875,4.883333400000001,1.0133333206176758,0.0,130.3954649065605,22.49672627896369,1.964155931621567,0.08483506286086998,1.9659871595129796,0.04317274448158148,0.04317274448158144,-4.3188684013796986e-05
train_steering_multistep,train,630,63.0,5692.979883333401,63.0,0.1000000000003638,5692.975,4.883333400000001,0.949999988079071,0.0,130.58881208984673,22.50507836739577,1.9048301110883472,0.08226737995183868,1.9066057992629433,0.04316798276190248,0.04316798276190254,-4.998100324237467e-05
train_steering_multistep,train,631,63.1,5693.0798833334,63.099999999999454,0.0999999999994543,5693.075,4.883333400000001,0.8866666555404663,0.0,130.77621784199363,22.51317289480776,1.8453361310400092,0.07967759272591804,1.847055482327907,0.04316320558457809,0.04316320558457811,-3.4662867842151306e-05
train_steering_multistep,train,632,63.2,5693.1798833334005,63.19999999999982,0.1000000000003638,5693.175,4.883333400000001,0.8233333230018616,0.0,130.95766449692306,22.521009168123555,1.785680166851503,0.07709130575950178,1.7873434832604365,0.04315836852445498,0.043158368524454954,-3.479208757780193e-05
train_steering_multistep,train,633,63.300000000000004,5693.2798833334,63.29999999999927,0.0999999999994543,5693.275,4.883333400000001,0.7599999904632568,0.0,131.13313702077312,22.52858659303345,1.7258844637339597,0.07451165711481093,1.7274921617900794,0.04315351215279062,0.04315351215279062,-5.109953249285142e-05
train_steering_multistep,train,634,63.400000000000006,5693.3798833334,63.399999999999636,0.1000000000003638,5693.375,4.883333400000001,0.6966666579246521,0.0,131.30261972423745,22.535904527817852,1.6659448683701168,0.0719151537816002,1.667496354907261,0.04314866360045899,0.043148663600459033,-5.1143838741403e-05
train_steering_multistep,train,635,63.5,5693.479883333401,63.5,0.1000000000003638,5693.475,4.883333400000001,0.6333333253860474,0.0,131.46607671699283,22.542961484415205,1.6058567345172046,0.06931500294206194,1.6073519904834628,0.043143800404890964,0.043143800404890895,-5.117100201381055e-05
train_steering_multistep,train,636,63.6,5693.5798833334,63.599999999999454,0.0999999999994543,5693.575,4.883333400000001,0.5699999928474426,0.0,131.62349836148738,22.54975710342482,1.5455462035208394,0.06668937538151354,1.5469843371440708,0.043138959716853,0.043138959716852936,-3.3159631233749155e-05
train_steering_multistep,train,637,63.7,5693.6798833334005,63.69999999999982,0.1000000000003638,5693.675,4.883333400000001,0.5066666603088379,0.0,131.7748913109928,22.556291745945952,1.485126527219079,0.06408797871610832,1.4865086850521136,0.043134135074834656,0.04313413507483481,-4.648876934869721e-05
train_steering_multistep,train,638,63.800000000000004,5693.7798833334,63.79999999999927,0.0999999999994543,5693.775,4.883333400000001,0.44333332777023315,0.0,131.92024487766196,22.562565013876632,1.4246000537377188,0.061456781764264966,1.425925050130173,0.043129323254185614,0.04312932325418552,-3.392112157357872e-05
train_steering_multistep,train,639,63.900000000000006,5693.8798833334,63.899999999999636,0.1000000000003638,5693.875,4.883333400000001,0.3799999952316284,0.0,132.05954740931065,22.568576454889453,1.3639831943615852,0.058849218494050476,1.3652521323721585,0.04312457043172202,0.04312457043172221,-4.9193189950682606e-05
train_steering_multistep,train,640,64.0,5693.979883333401,64.0,0.1000000000003638,5693.975,4.883333400000001,0.3166666626930237,0.0,132.1927894537933,22.574325744011944,1.3032718026650747,0.056220858049696995,1.3044838735622528,0.043119833871184454,0.04311983387118444,-4.9168492659037854e-05
train_steering_multistep,train,641,64.10000000000001,5694.0798833334,64.09999999999945,0.0999999999994543,5694.075,4.883333400000001,0.25333333015441895,0.0,132.31996058066153,22.579812472394092,1.2424668391612745,0.0535914722653913,1.2436220857619331,0.043115214267511526,0.043115214267511574,-4.768475256121683e-05
train_steering_multistep,train,642,64.2,5694.1798833334005,64.19999999999982,0.1000000000003638,5694.175,4.883333400000001,0.1899999976158142,0.0,132.44105095411626,22.585036295776117,1.1815796321199674,0.0509597118971878,1.182678028529021,0.04311070367123904,0.04311070367123886,-4.733629425722379e-05
train_steering_multistep,train,643,64.3,5694.2798833334,64.29999999999927,0.0999999999994543,5694.275,4.883333400000001,0.12666666507720947,0.0,132.55605223008843,22.589996923228465,1.1206236429789107,0.04832445432351637,1.1216651024081408,0.04310623717354378,0.04310623717354358,-4.591723143937705e-05
train_steering_multistep,train,644,64.4,5694.3798833334,64.39999999999964,0.1000000000003638,5694.375,4.883333400000001,0.06333333253860474,0.0,132.6649571214392,22.59469410132438,1.059590159861845,0.04568709761707505,1.0605746638647773,0.04310188299260309,0.04310188299260328,-4.533590375095287e-05
train_steering_multistep,train,645,64.5,5694.479883333401,64.5,0.1000000000003638,5694.475,4.883333400000001,0.0,0.0,132.7677561746211,22.599127488370105,0.9984897886776194,0.04304841872538056,0.9994173424206708,0.043097670847348724,0.043097670847348606,-4.412042068901259e-05
train_steering_multistep,train,646,64.60000000000001,5694.5798833334,64.59999999999945,0.0999999999994543,5694.575,4.883333400000001,0.0,0.0,132.86444778524822,22.603297077918604,0.9376207421757616,0.04042211397925999,0.9384916639942537,0.04309360987572841,0.043093609875728404,-4.298437496784126e-05
train_steering_multistep,train,647,64.7,5694.6798833334005,64.69999999999982,0.1000000000003638,5694.675,4.883333400000001,0.0,0.0,132.95521202309095,22.607210715147954,0.8801582845483399,0.03793442931764656,0.8809753836318598,0.043089787591378936,0.0430897875913788,-3.293155065053917e-05
train_steering_multistep,train,648,64.8,5694.7798833334,64.79999999999927,0.0999999999994543,5694.775,4.883333400000001,0.0,0.0,133.0404096324222,22.61088402500915,0.8262169325738076,0.03561001954530041,0.826983973874774,0.04308656035833014,0.04308656035832996,-3.0444661366809044e-05
train_steering_multistep,train,649,64.9,5694.8798833334,64.89999999999964,0.1000000000003638,5694.875,4.883333400000001,0.0,0.0,133.12038168615973,22.614331813277513,0.7755827507092746,0.03342476365501223,0.7763026586925856,0.04308435665806165,0.04308435665806147,-1.8269111651578473e-05
train_steering_multistep,train,650,65.0,5694.979883333401,65.0,0.1000000000003638,5694.975,4.883333400000001,0.0,0.0,133.1954484844377,22.61756800151259,0.7280538870883755,0.03137881983104727,0.7287297803566589,0.0430835403155343,0.04308354031553429,-6.1201971541633875e-06
train_steering_multistep,train,651,65.10000000000001,5695.0798833334,65.09999999999945,0.0999999999994543,5695.075,4.883333400000001,0.0,0.0,133.26591072052992,22.620605669063522,0.6834389224891368,0.029452732961827727,0.684073259341684,0.04308328049792598,0.043083280497925924,-6.173029259915708e-06
train_steering_multistep,train,652,65.2,5695.1798833334005,65.19999999999982,0.1000000000003638,5695.175,4.883333400000001,0.0,0.0,133.3320350883507,22.623456306322716,0.6415675328853004,0.027648255648987707,0.6421630051647186,0.04308303729116192,0.04308303729116174,-6.282353624254298e-06
train_steering_multistep,train,653,65.3,5695.2798833334,65.29999999999927,0.0999999999994543,5695.275,4.883333400000001,0.0,0.0,133.39409225687774,22.6261315952173,0.6022686173330458,0.02595275222051459,0.6028275314354808,0.043082840207312234,0.04308284020731232,-4.651012583772694e-06
train_steering_multistep,train,654,65.4,5695.3798833334,65.39999999999964,0.1000000000003638,5695.375,4.883333400000001,0.0,0.0,133.4523434410645,22.628642802097453,0.5653768409009764,0.024363295509603502,0.5659015305693498,0.04308267248701547,0.04308267248701544,-6.365408138377098e-06
train_steering_multistep,train,655,65.5,5695.479883333401,65.5,0.1000000000003638,5695.475,4.883333400000001,0.0,0.0,133.50702168425977,22.630999959348845,0.5307455266399058,0.02285806787287764,0.5312375220501229,0.04308254265452005,0.0430825426545201,1.1199536178535482e-05
train_steering_multistep,train,656,65.60000000000001,5695.5798833334,65.59999999999945,0.0999999999994543,5695.575,4.883333400000001,0.0,0.0,133.55834576103516,22.63321252818278,0.49823487776003383,0.021460793240488323,0.49869686057915336,0.04308243242212395,0.043082432422123895,5.3220151403027765e-06
train_steering_multistep,train,657,65.7,5695.6798833334005,65.69999999999982,0.1000000000003638,5695.675,4.883333400000001,0.0,0.0,133.60652105810829,22.635289356563504,0.46771559293944415,0.020154654357975126,0.4681496405057155,0.04308231380385896,0.04308231380385906,-7.067482865684067e-06
train_steering_multistep,train,658,65.8,5695.7798833334,65.79999999999927,0.0999999999994543,5695.775,4.883333400000001,0.0,0.0,133.65174039678314,22.637238739124054,0.43906675319332705,0.018911548743717595,0.4394738447003652,0.04308222605202472,0.0430822260520248,3.5547706857679282e-06
train_steering_multistep,train,659,65.9,5695.8798833334,65.89999999999964,0.1000000000003638,5695.875,4.883333400000001,0.0,0.0,133.6941847892688,22.639068495772094,0.41217286659615004,0.0177475468054862,0.4125547805398295,0.043082152755542946,0.04308215275554309,9.627007750931866e-06
train_steering_multistep,train,660,66.0,5695.979883333401,66.0,0.1000000000003638,5695.975,4.883333400000001,0.0,0.0,133.73402416955975,22.640785954752946,0.38692604782251744,0.01666702488316566,0.387284851287153,0.043082083882035604,0.04308208388203572,6.732332227219645e-07
train_steering_multistep,train,661,66.10000000000001,5696.0798833334,66.09999999999945,0.0999999999994543,5696.075,4.883333400000001,0.0,0.0,133.77141806849332,22.642397990969243,0.36322611086020684,0.015650508883929045,0.3635631251651277,0.043082025147028524,0.04308202514702874,-5.96712046819194e-06
train_steering_multistep,train,662,66.2,5696.1798833334005,66.19999999999982,0.1000000000003638,5696.175,4.883333400000001,0.0,0.0,133.80651625436744,22.643911053509644,0.3409788273047056,0.014682715346428331,0.34129480296493997,0.043081975221339164,0.04308197522133925,5.145445162406363e-06
train_steering_multistep,train,663,66.3,5696.2798833334,66.29999999999927,0.0999999999994543,5696.275,4.883333400000001,0.0,0.0,133.83945932275583,22.645331215691034,0.3200942894217467,0.013781048848656783,0.320390809969051,0.04308193022977047,0.04308193022977055,6.280679058292383e-06
train_steering_multistep,train,664,66.4,5696.3798833334,66.39999999999964,0.1000000000003638,5696.375,4.883333400000001,0.0,0.0,133.87037926564054,22.64666415999661,0.30048935379536046,0.012935219725658845,0.3007676367465476,0.04308189205830715,0.0430818920583072,7.595092158630451e-06
train_steering_multistep,train,665,66.5,5696.479883333401,66.5,0.1000000000003638,5696.475,4.883333400000001,0.0,0.0,133.89939999286457,22.647915231672833,0.2820856281636066,0.012141523209760894,0.2823468042152834,0.04308184994637454,0.043081849946374665,7.97184109810548e-06
train_steering_multistep,train,666,66.60000000000001,5696.5798833334,66.59999999999945,0.0999999999994543,5696.575,4.883333400000001,0.0,0.0,133.92663782946008,22.64908944448969,0.2648096773189453,0.011394218265320284,0.2650546980485858,0.04308181761081453,0.043081817610814685,1.1070766523740473e-05
train_steering_multistep,train,667,66.7,5696.6798833334005,66.69999999999982,0.1000000000003638,5696.675,4.883333400000001,0.0,0.0,133.9522019769448,22.650191511273178,0.24859208208855077,0.010698043801852394,0.2488221675840035,0.043081784150735825,0.043081784150735734,6.53323353859181e-06
train_steering_multistep,train,668,66.8,5696.7798833334,66.79999999999927,0.0999999999994543,5696.775,4.883333400000001,0.0,0.0,133.97619495187647,22.65122583943057,0.23336831350667891,0.01004253018478752,0.23358429281929258,0.04308175495427946,0.04308175495427945,6.470504164970474e-06
train_steering_multistep,train,669,66.9,5696.8798833334,66.89999999999964,0.1000000000003638,5696.875,4.883333400000001,0.0,0.0,133.99870774109772,22.65219636155431,0.21908076348171138,0.009427405371554592,0.2192835073995918,0.04308173396737214,0.043081733967372304,5.853316029684172e-06
train_steering_multistep,train,670,67.0,5696.979883333401,67.0,0.1000000000003638,5696.975,4.883333400000001,0.0,0.0,134.01983270501594,22.653107060255973,0.2056706727801823,0.008856435751215322,0.2058612688250555,0.043081709423301806,0.04308170942330164,-3.540943809026763e-06
train_steering_multistep,train,671,67.10000000000001,5697.0798833334,67.09999999999945,0.0999999999994543,5697.075,4.883333400000001,0.0,0.0,134.03965897499464,22.65396176776004,0.19308263308319928,0.00830777184321107,0.19326127916663519,0.04308169705519127,0.043081697055191215,3.5891650196195764e-06
train_steering_multistep,train,672,67.2,5697.1798833334005,67.19999999999982,0.1000000000003638,5697.175,4.883333400000001,0.0,0.0,134.058266076712,22.654763919497306,0.18126550150254875,0.007797281744981933,0.18143312640395187,0.04308167527614426,0.04308167527614426,5.904339155716062e-06
train_steering_multistep,train,673,67.3,5697.2798833334,67.29999999999927,0.0999999999994543,5697.275,4.883333400000001,0.0,0.0,134.07572866235702,22.655516737454906,0.17017198753206958,0.00732438994642133,0.1703295391236758,0.04308165190598556,0.043081651905985445,-1.226109804933606e-06
train_steering_multistep,train,674,67.4,5697.3798833334,67.39999999999964,0.1000000000003638,5697.375,4.883333400000001,0.0,0.0,134.09211681558853,22.656223235239725,0.15975826827711115,0.006875841635353612,0.15990616423034126,0.043081630032745455,0.04308163003274531,-1.8257404234529017e-06
train_steering_multistep,train,675,67.5,5697.479883333401,67.5,0.1000000000003638,5697.475,4.883333400000001,0.0,0.0,134.10749633026998,22.656886253266755,0.1499823847607255,0.006457717647344806,0.15012134357091034,0.04308161037790725,0.043081610377907156,-5.960785261815324e-06
train_steering_multistep,train,676,67.60000000000001,5697.5798833334,67.59999999999945,0.0999999999994543,5697.575,4.883333400000001,0.0,0.0,134.12192897322507,22.657508446747357,0.1408057461544874,0.006057312372049739,0.1409359749153335,0.0430815973899521,0.043081597389952285,8.369816349069235e-07
train_steering_multistep,train,677,67.7,5697.6798833334005,67.69999999999982,0.1000000000003638,5697.675,4.883333400000001,0.0,0.0,134.13547272918026,22.658092330568223,0.13219091743109562,0.00569038012325834,0.13231333648240975,0.04308157404387769,0.04308157404387757,-5.330390929679178e-06
train_steering_multistep,train,678,67.8,5697.7798833334,67.79999999999927,0.0999999999994543,5697.775,4.883333400000001,0.0,0.0,134.14818203517513,22.65864023539017,0.12410429147061543,0.005336649258469312,0.12421897927059646,0.04308156088913773,0.04308156088913789,1.392912879112771e-06
train_steering_multistep,train,679,67.9,5697.8798833334,67.89999999999964,0.1000000000003638,5697.875,4.883333400000001,0.0,0.0,134.1601079932037,22.65915437566726,0.11651287777339636,0.005010034035841157,0.1166205426539465,0.0430815429520095,0.043081542952009624,2.6549936165896956e-07
train_steering_multistep,train,680,68.0,5697.979883333401,68.0,0.1000000000003638,5697.975,4.883333400000001,0.0,0.0,134.17129857928708,22.659636811344136,0.1093867422798795,0.004699963733539992,0.10948766508529784,0.043081529791333395,0.043081529791333194,4.2492388033925525e-06
train_steering_multistep,train,681,68.10000000000001,5698.0798833334,68.09999999999945,0.0999999999994543,5698.075,4.883333400000001,0.0,0.0,134.1817988316305,22.66008949363511,0.10269682515544541,0.004417802985301322,0.10279180314811559,0.043081510122200406,0.04308151012220055,-3.698306516435153e-06
train_steering_multistep,train,682,68.2,5698.1798833334005,68.19999999999982,0.1000000000003638,5698.175,4.883333400000001,0.0,0.0,134.1916510325149,22.660514234506362,0.09641742323829766,0.004139754330177469,0.09650625261597943,0.04308149436364461,0.043081494363644585,5.118016071747363e-06
train_steering_multistep,train,683,68.3,5698.2798833334,68.29999999999927,0.0999999999994543,5698.275,4.883333400000001,0.0,0.0,134.20089487347784,22.660912750666608,0.09052246216728123,0.003885574663997582,0.0906058142148873,0.04308147922738659,0.04308147922738667,5.434212711235914e-06
train_steering_multistep,train,684,68.4,5698.3798833334,68.39999999999964,0.1000000000003638,5698.375,4.883333400000001,0.0,0.0,134.20956761649754,22.661286653339218,0.08498835936773906,0.0036552029048785048,0.08506692462061947,0.043081457844175386,0.043081457844175504,-5.112713106987562e-06
train_steering_multistep,train,685,68.5,5698.479883333401,68.5,0.1000000000003638,5698.475,4.883333400000001,0.0,0.0,134.21770424237,22.661637440080767,0.0797936643646018,0.0034323096788165626,0.07986744998520119,0.04308144321156293,0.04308144321156286,-6.191685480133077e-06
train_steering_multistep,train,686,68.60000000000001,5698.5798833334,68.59999999999945,0.0999999999994543,5698.575,4.883333400000001,0.0,0.0,134.22533579862568,22.661966454465972,0.07491848096664404,0.0032219472462272055,0.07498773017002794,0.043081426320477956,0.043081426320478115,-5.9787501367293155e-06
train_steering_multistep,train,687,68.7,5698.6798833334005,68.69999999999982,0.1000000000003638,5698.675,4.883333400000001,0.0,0.0,134.2324938007199,22.66227504805328,0.07034320593279537,0.003015525692251087,0.07040781017181408,0.04308141861476811,0.0430814186147679,6.2682915986923715e-06
train_steering_multistep,train,688,68.8,5698.7798833334,68.79999999999927,0.0999999999994543,5698.775,4.883333400000001,0.0,0.0,134.23920866375357,22.66256454705813,0.0660478559472242,0.0028297040298522454,0.06610844268872386,0.043081399724897995,0.043081399724897836,6.563844029374993e-06
train_steering_multistep,train,689,68.9,5698.8798833334,68.89999999999964,0.1000000000003638,5698.875,4.883333400000001,0.0,0.0,134.24550752169927,22.66283611124396,0.06201550081538598,0.0026579320290351033,0.06207243112876001,0.04308138415176854,0.04308138415176834,4.192465524236052e-06
train_steering_multistep,train,690,69.0,5698.979883333401,69.0,0.1000000000003638,5698.975,4.883333400000001,0.0,0.0,134.2514158472204,22.663090841148218,0.0582301584573576,0.0024968739585016224,0.05828366457764089,0.043081366979555114,0.04308136697955499,1.4921238835550001e-06
train_steering_multistep,train,691,69.10000000000001,5699.0798833334,69.09999999999945,0.0999999999994543,5699.075,4.883333400000001,0.0,0.0,134.2569575543976,22.663329765978894,0.05467681740606642,0.0023429938085867195,0.0547269932078166,0.04308134996469182,0.04308134996469187,2.211459302813886e-06
train_steering_multistep,train,692,69.2,5699.1798833334005,69.19999999999982,0.1000000000003638,5699.175,4.883333400000001,0.0,0.0,134.26215509336,22.663553855224244,0.051340974989654155,0.0022028936455675777,0.05138821214182799,0.04308133251348467,0.04308133251348473,-2.30885832636317e-06
train_steering_multistep,train,693,69.3,5699.2798833334,69.29999999999927,0.0999999999994543,5699.275,4.883333400000001,0.0,0.0,134.2670295404821,22.66376401416713,0.048209904694678625,0.002062069121299048,0.04825398200122162,0.0430813171058273,0.04308131710582726,4.624482909840679e-06
train_steering_multistep,train,694,69.4,5699.3798833334,69.39999999999964,0.1000000000003638,5699.375,4.883333400000001,0.0,0.0,134.27160068163997,22.663961098532283,0.045270347303576285,0.0019370518127875274,0.045311767853104964,0.04308130235276808,0.04308130235276809,2.9713417435389363e-06
train_steering_multistep,train,695,69.5,5699.479883333401,69.5,0.1000000000003638,5699.475,4.883333400000001,0.0,0.0,134.2758870915509,22.664145908202286,0.04251097255301934,0.001817630187863379,0.04254981015678734,0.04308128730317984,0.04308128730317976,3.858794264648073e-06
train_steering_multistep,train,696,69.60000000000001,5699.5798833334,69.59999999999945,0.0999999999994543,5699.575,4.883333400000001,0.0,0.0,134.2799062079896,22.66431919648761,0.039920656007196756,0.0017056596471188186,0.0399570747067284,0.04308127058908662,0.04308127058908672,4.2483962899403415e-06
train_steering_multistep,train,697,69.7,5699.6798833334005,69.69999999999982,0.1000000000003638,5699.675,4.883333400000001,0.0,0.0,134.28367440114107,22.664481670518995,0.03748901075096302,0.0016014383779862171,0.03752319706763777,0.043081251500990625,0.043081251500990514,2.919288189495139e-06
train_steering_multistep,train,698,69.8,5699.7798833334,69.79999999999927,0.0999999999994543,5699.775,4.883333400000001,0.0,0.0,134.28720703927493,22.66463398788581,0.035206413069665356,0.0015022644593422304,0.03523844608806074,0.0430812334869195,0.043081233486919474,3.7301858717191174e-06
train_steering_multistep,train,699,69.9,5699.8798833334,69.89999999999964,0.1000000000003638,5699.875,4.883333400000001,0.0,0.0,134.29051854945243,22.664776774526864,0.033063404860649515,0.001415319031444911,0.03309368171772036,0.04308121489869876,0.0430812148986988,-2.8913175029281244e-06
train_steering_multistep,train,700,70.0,5699.979883333401,70.0,0.1000000000003638,5699.975,4.883333400000001,0.0,0.0,134.2936224756606,22.664910609316504,0.031052147048374806,0.0013238027499870542,0.03108034864217235,0.043081199597329256,0.04308119959732932,2.9503888363604463e-06
train_steering_multistep,train,701,70.10000000000001,5700.0798833334,70.09999999999945,0.0999999999994543,5700.075,4.883333400000001,0.0,0.0,134.2965315322421,22.665036048355137,0.029163700351980137,0.001247541396806448,0.02919036972943009,0.043081178516809704,0.04308117851680966,-3.7759174327885058e-06
train_steering_multistep,train,702,70.2,5700.1798833334005,70.19999999999982,0.1000000000003638,5700.175,4.883333400000001,0.0,0.0,134.29925765564732,22.665153595927556,0.027391202791688617,0.0011706873048579342,0.027416206841172547,0.04308116485970981,0.04308116485971003,-2.539789565601109e-06
train_steering_multistep,train,703,70.3,5700.2798833334,70.29999999999927,0.0999999999994543,5700.275,4.883333400000001,0.0,0.0,134.30181143973596,22.66526371559147,0.02572789483633689,0.0010945288946506257,0.025751162207909958,0.04308114855106693,0.04308114855106673,2.8021122143714577e-06
train_steering_multistep,train,704,70.4,5700.3798833334,70.39999999999964,0.1000000000003638,5700.375,4.883333400000001,0.0,0.0,134.30420363819752,22.66536686993427,0.02416665503899098,0.0010256348794518413,0.024188403890564807,0.04308113310772965,0.043081133107729645,4.77070962480058e-06
train_steering_multistep,train,705,70.5,5700.479883333401,70.5,0.1000000000003638,5700.475,4.883333400000001,0.0,0.0,134.30644462914756,22.665463507819933,0.022700921834551448,0.0009640403683525476,0.02272137792416639,0.04308111438791862,0.04308111438791858,2.7062731896777457e-06
