profile_name,split,sample_index,nominal_time_s,anchor_time_s,anchor_relative_s,actual_dt_s,command_publish_time_s,commissioned_delay_ms,speed_command_mps,steering_command_rad,x_m,y_m,vx_world_mps,vy_world_mps,speed_longitudinal_mps,yaw_rad,yaw_unwrapped_rad,yaw_rate_radps
train_speed_ramps,train,0,0.0,5563.9798666665,0.0,0.0,5563.975,4.866666500000001,0.0,0.0,-0.503893280597543,1.5268889507383607e-05,-0.10635500777142871,-5.607333585755712e-07,-0.10635500675987672,-0.00013274937036467094,-0.0001327493703647021,-7.19323728309708e-05
train_speed_ramps,train,1,0.1,5564.0798666665,0.0999999999994543,0.0999999999994543,5564.075,4.866666500000001,0.0,0.0,-0.5146151901404633,1.6790009093462562e-05,-0.10605680362768272,2.841103401992205e-06,-0.10605680289003322,-0.00014773512639498776,-0.00014773512639495241,-0.00017744060583255007
train_speed_ramps,train,2,0.2,5564.1798666665,0.1999999999998181,0.1000000000003638,5564.175,4.866666500000001,0.0,0.0,-0.5253065958687434,1.848297933088605e-05,-0.1057448474718499,5.1802392048336374e-06,-0.10574484690757206,-0.00016332215145631324,-0.00016332215145644,-0.00012130276061958245
train_speed_ramps,train,3,0.30000000000000004,5564.279866666499,0.2999999999992724,0.0999999999994543,5564.275,4.866666500000001,0.0,0.0,-0.5359661574047975,2.0299355831533624e-05,-0.10541977044885875,5.866361562045685e-06,-0.10541976990302432,-0.00017163086130622673,-0.00017163086130604112,-4.73117747264499e-05
train_speed_ramps,train,4,0.4,5564.3798666665,0.3999999999996362,0.1000000000003638,5564.375,4.866666500000001,0.0,0.0,-0.5465925983586546,2.2164275658844394e-05,-0.10508230483711273,5.7497058582887875e-06,-0.10508230424669922,-0.00017401008426976006,-0.00017401008426956593,-4.375512300504049e-06
train_speed_ramps,train,5,0.5,5564.4798666665,0.5,0.1000000000003638,5564.475,4.866666500000001,0.0,0.0,-0.5571847219827553,2.4030288272982296e-05,-0.10473326056977242,5.463110551570018e-06,-0.10473325993938573,-0.00017364808138609078,-0.00017364808138610357,9.494685484514955e-06
train_speed_ramps,train,6,0.6000000000000001,5564.5798666665,0.5999999999994543,0.0999999999994543,5564.575,4.866666500000001,0.0,0.0,-0.5677414098017042,2.5882512006086123e-05,-0.10437341756730428,5.229557563502832e-06,-0.10437341691342875,-0.00017274191290894692,-0.00017274191290894624,9.090804916155219e-06
train_speed_ramps,train,7,0.7000000000000001,5564.6798666665,0.6999999999998181,0.1000000000003638,5564.675,4.866666500000001,0.0,0.0,-0.5782616221582337,2.772012881724457e-05,-0.10400355486950336,5.0940052472678995e-06,-0.10400355420552725,-0.00017213470397026143,-0.0001721347039702577,4.783675805997365e-06
train_speed_ramps,train,8,0.8,5564.779866666499,0.7999999999992724,0.0999999999994543,5564.775,4.866666500000001,0.0,0.0,-0.5887443940729475,2.9546699690946774e-05,-0.10362439032639309,4.84608917084763e-06,-0.10362438962783112,-0.00017194430057143606,-0.00017194430057128807,1.4548118798934315e-06
train_speed_ramps,train,9,0.9,5564.8798666665,0.8999999999996362,0.1000000000003638,5564.875,4.866666500000001,0.0,0.0,-0.5991888324635689,3.1366734421555794e-05,-0.10323666005775776,4.6813707578699514e-06,-0.10323665933651417,-0.00017195124905899917,-0.00017195124905878956,1.2653027861986192e-06
train_speed_ramps,train,10,1.0,5564.9798666665,1.0,0.1000000000003638,5564.975,4.866666500000001,0.0,0.0,-0.6095941137661176,3.3180344989240264e-05,-0.10284099189347412,5.412742620846661e-06,-0.10284099130372372,-0.0001719607444874427,-0.00017196074448735585,1.899112139222571e-07
train_speed_ramps,train,11,1.1,5565.0798666665,1.0999999999994543,0.0999999999994543,5565.075,4.866666500000001,0.0,0.0,-0.619959302153546,3.4986964634801094e-05,-0.10243675927329828,4.650548020343506e-06,-0.10243675855829552,-0.0001719731990075246,-0.00017197319900763347,9.571350368256318e-07
train_speed_ramps,train,12,1.2000000000000002,5565.1798666665,1.199999999999818,0.1000000000003638,5565.175,4.866666500000001,0.0,0.0,-0.630283062176673,3.678847333145782e-05,-0.10201303643540106,4.477919307822665e-06,-0.10201303569672557,-0.00017199240778298375,-0.000171992407782857,1.0913454537831638e-06
train_speed_ramps,train,13,1.3,5565.279866666499,1.2999999999992724,0.0999999999994543,5565.275,4.866666500000001,0.0,0.0,-0.6405633968245285,3.8583448881145815e-05,-0.10156829243280256,5.032408604800289e-06,-0.10156829179582766,-0.0001720121402137842,-0.00017201214021388554,2.70415620743221e-07
train_speed_ramps,train,14,1.4000000000000001,5565.3798666665,1.3999999999996362,0.1000000000003638,5565.375,4.866666500000001,0.0,0.0,-0.6507982813838507,4.03703133610067e-05,-0.10110401930865903,4.2784432815480085e-06,-0.10110401854861276,-0.0001720311045345646,-0.00017203110453460976,1.1998960394251884e-06
train_speed_ramps,train,15,1.5,5565.4798666665,1.5,0.1000000000003638,5565.475,4.866666500000001,0.0,0.0,-0.6609858359250393,4.2150316141753545e-05,-0.1006216254326297,4.351012392280783e-06,-0.10062162469194454,-0.00017205125692587586,-0.00017205125692575977,1.0097982315390055e-06
train_speed_ramps,train,16,1.6,5565.5798666665,1.5999999999994543,0.0999999999994543,5565.575,4.866666500000001,0.0,0.0,-0.6711243172988948,4.392248425428751e-05,-0.10012244218382861,4.276326853429533e-06,-0.1001224414374186,-0.00017207159772469893,-0.0001720715977246764,9.967798970220971e-07
train_speed_ramps,train,17,1.7000000000000002,5565.6798666665,1.699999999999818,0.1000000000003638,5565.675,4.866666500000001,0.0,0.0,-0.6812121115664873,4.568707382255895e-05,-0.09960772661186516,4.703878846090425e-06,-0.09960772594637834,-0.0001720930155304501,-0.0001720930155305207,2.716577186564131e-07
train_speed_ramps,train,18,1.8,5565.779866666499,1.7999999999992724,0.0999999999994543,5565.775,4.866666500000001,0.0,0.0,-0.6912477268309157,4.7442639576053615e-05,-0.09907866660011752,4.685771489917872e-06,-0.09907866593909066,-0.000172113895737791,-0.00017211389573774436,2.4280002065550905e-07
train_speed_ramps,train,19,1.9000000000000001,5565.8798666665,1.8999999999996362,0.1000000000003638,5565.875,4.866666500000001,0.0,0.0,-0.7012297864569564,4.918962633581626e-05,-0.09853638348718285,4.126105139841316e-06,-0.09853638273758923,-0.00017213512705760436,-0.00017213512705766007,8.287719457034789e-07
train_speed_ramps,train,20,2.0,5565.9798666665,2.0,0.1000000000003638,5565.975,4.866666500000001,0.0,0.0,-0.7111570226448696,5.092787225900654e-05,-0.09798193583052911,3.841496073136287e-06,-0.09798193503987686,-0.0001721567524266554,-0.0001721567524268003,1.0862921122469197e-06
train_speed_ramps,train,21,2.1,5566.0798666665,2.0999999999994543,0.0999999999994543,5566.075,4.866666500000001,0.04583333432674408,0.0,-0.7210259844398933,5.265757122693263e-05,-0.09719674508633298,4.3155099708834985e-06,-0.09719674438863407,-0.00017217986910367244,-0.0001721798691037643,2.597351535503404e-07
train_speed_ramps,train,22,2.2,5566.1798666665,2.199999999999818,0.1000000000003638,5566.175,4.866666500000001,0.09166666865348816,0.0,-0.7306986725548822,5.435443706618313e-05,-0.09388968660044295,3.3949668198661222e-06,-0.09388968579292817,-0.0001722062744642372,-0.00017220627446418033,7.373360395358403e-07
train_speed_ramps,train,23,2.3000000000000003,5566.279866666499,2.2999999999992724,0.0999999999994543,5566.275,4.866666500000001,0.13750000298023224,0.0,-0.7399078557380372,5.5973502765436184e-05,-0.08796472573172391,2.5477983649161724e-06,-0.08796472486579851,-0.0001722360524136768,-0.00017223605241383245,5.22598928373619e-07
train_speed_ramps,train,24,2.4000000000000004,5566.3798666665,2.399999999999636,0.1000000000003638,5566.375,4.866666500000001,0.18333333730697632,0.0,-0.7483971693797732,5.746612557642527e-05,-0.07953920217777007,6.364589093215038e-07,-0.07953920110741945,-0.0001722510805990396,-0.00017225108059909516,1.247654929431665e-06
train_speed_ramps,train,25,2.5,5566.4798666665,2.5,0.1000000000003638,5566.475,4.866666500000001,0.2291666716337204,0.0,-0.7559229875971897,5.879370758291979e-05,-0.06874026488510412,-1.0638567555954149e-06,-0.06874026368189555,-0.00017226513178680847,-0.00017226513178662367,7.728745602647015e-07
train_speed_ramps,train,26,2.6,5566.5798666665,2.5999999999994543,0.0999999999994543,5566.575,4.866666500000001,0.2750000059604645,0.0,-0.7622524226723463,5.9915081099357025e-05,-0.05567773689366454,-2.869973421161332e-06,-0.05567773557297924,-0.0001722781999102807,-0.0001722781999101912,1.4531829434866384e-07
train_speed_ramps,train,27,2.7,5566.6798666665,2.699999999999818,0.1000000000003638,5566.675,4.866666500000001,0.32083332538604736,0.0,-0.767164688143852,6.0792121274090044e-05,-0.04047118774927504,-6.086471789819392e-06,-0.04047118609984742,-0.00017229912626293142,-0.0001722991262627282,1.2625023435628095e-06
train_speed_ramps,train,28,2.8000000000000003,5566.779866666499,2.7999999999992724,0.0999999999994543,5566.775,4.866666500000001,0.36666667461395264,0.0,-0.7704442029032226,6.1388823395573e-05,-0.023211084938745973,-8.474842607533432e-06,-0.0232110831338129,-0.00017231447753740525,-0.00017231447753756571,5.014244464988667e-07
train_speed_ramps,train,29,2.9000000000000004,5566.8798666665,2.899999999999636,0.1000000000003638,5566.875,4.866666500000001,0.4124999940395355,0.0,-0.7718929280327618,6.166996727075485e-05,-0.00396122110320083,-1.1896825243405288e-05,-0.003961218994191368,-0.00017233080612566454,-0.0001723308061257714,6.506959435802264e-07
train_speed_ramps,train,30,3.0,5566.9798666665,3.0,0.1000000000003638,5566.975,4.866666500000001,0.4583333432674408,0.0,-0.7713287316269973,6.161115202856185e-05,0.01711989171069056,-1.4924619008229635e-05,0.017119894028808258,-0.0001723607507653213,-0.000172360750765468,-2.0670650677507966e-06
train_speed_ramps,train,31,3.1,5567.0798666665,3.0999999999994543,0.0999999999994543,5567.075,4.866666500000001,0.5041666626930237,0.0,-0.7685740769026016,6.116755795247043e-05,0.0399145130837928,-1.9658667651105263e-05,0.039914515879533354,-0.00017238051785106734,-0.00017238051785093005,-8.885623810330104e-07
train_speed_ramps,train,32,3.2,5567.1798666665,3.199999999999818,0.1000000000003638,5567.175,4.866666500000001,0.550000011920929,0.0,-0.7634614355118559,6.033073076884532e-05,0.0643380040627284,-2.6337298595685523e-05,0.06433800764792914,-0.0001724505018541045,-0.00017245050185425863,-2.403354280753526e-06
train_speed_ramps,train,33,3.3000000000000003,5567.279866666499,3.2999999999992724,0.0999999999994543,5567.275,4.866666500000001,0.5958333611488342,0.0,-0.7558316975424054,5.903534466419107e-05,0.09030017073207915,-2.9617004265553796e-05,0.09030017449657866,-0.00017243331514960047,-0.00017243331514970532,4.030590247475117e-07
train_speed_ramps,train,34,3.4000000000000004,5567.3798666665,3.399999999999636,0.1000000000003638,5567.375,4.866666500000001,0.6416666507720947,0.0,-0.7455348858429295,5.7288077044197205e-05,0.11771275246107547,-3.332440654244023e-05,0.11771275645731304,-0.00017243261969701607,-0.0001724326196968917,4.990523216388719e-07
train_speed_ramps,train,35,3.5,5567.4798666665,3.5,0.1000000000003638,5567.475,4.866666500000001,0.6875,0.0,-0.7324297033113646,5.505821742286059e-05,0.1464956562185897,-3.7962553632669704e-05,0.1464956605867192,-0.0001724346049027936,-0.0001724346049028944,8.226315932052998e-07
train_speed_ramps,train,36,3.6,5567.5798666665,3.5999999999994543,0.0999999999994543,5567.575,4.866666500000001,0.7333333492279053,0.0,-0.7163824102719722,5.232341140319738e-05,0.176581560567764,-4.337348421800646e-05,0.1765815654220165,-0.00017246353697375483,-0.0001724635369736911,1.064264594571421e-06
train_speed_ramps,train,37,3.7,5567.6798666665,3.699999999999818,0.1000000000003638,5567.675,4.866666500000001,0.7791666388511658,0.0,-0.6972654702579429,4.905838193251403e-05,0.2078987048107727,-4.8411035377323895e-05,0.2078987100681861,-0.00017247233537798223,-0.00017247233537800506,5.613586915705679e-07
train_speed_ramps,train,38,3.8000000000000003,5567.779866666499,3.7999999999992724,0.0999999999994543,5567.775,4.866666500000001,0.824999988079071,0.0,-0.6749592496762332,4.5242933857986395e-05,0.24037627875058895,-5.394553408594962e-05,0.24037628447969153,-0.000172487690211387,-0.00017248769021144846,5.943619983391052e-07
train_speed_ramps,train,39,3.9000000000000004,5567.8798666665,3.899999999999636,0.1000000000003638,5567.875,4.866666500000001,0.8708333373069763,0.0,-0.6493501366278166,4.085713935523891e-05,0.2739562234478111,-5.9996721863160595e-05,0.2739562297214488,-0.0001725124139930756,-0.00017251241399299526,1.2927887639134117e-06
train_speed_ramps,train,40,4.0,5567.9798666665,4.0,0.1000000000003638,5567.975,4.866666500000001,0.9166666865348816,0.0,-0.6203301021803823,3.588284584442347e-05,0.3085815046328758,-6.576662462115401e-05,0.30858151138698237,-0.00017253815177165066,-0.00017253815177144192,1.516073461657414e-06
train_speed_ramps,train,41,4.1000000000000005,5568.0798666665,4.099999999999454,0.0999999999994543,5568.075,4.866666500000001,0.9624999761581421,0.0,-0.587797078608003,3.0302317447250912e-05,0.34419130544158943,-7.182785387741828e-05,0.34419131271166864,-0.00017255589810138972,-0.00017255589810137196,1.2419807434865688e-06
train_speed_ramps,train,42,4.2,5568.1798666665,4.199999999999818,0.1000000000003638,5568.175,4.866666500000001,1.0083333253860474,0.0,-0.5516557968528448,2.4098460929731763e-05,0.380722571928862,-7.819810134377927e-05,0.3807225797544666,-0.000172569558018143,-0.0001725695580181275,1.0748576705104609e-06
train_speed_ramps,train,43,4.3,5568.279866666499,4.299999999999272,0.0999999999994543,5568.275,4.866666500000001,1.0541666746139526,0.0,-0.5118157866714043,1.7255552311565898e-05,0.418128105295537,-8.46797194799769e-05,0.4181281136829393,-0.00017258879133441596,-0.00017258879133421172,9.333013809695399e-07
train_speed_ramps,train,44,4.4,5568.3798666665,4.399999999999636,0.1000000000003638,5568.375,4.866666500000001,1.100000023841858,0.0,-0.46819221079897,9.758562890780233e-06,0.45635366906880953,-9.164719941493933e-05,0.4563536780896179,-0.00017260490216397528,-0.00017260490216397883,1.0642765261151688e-06
train_speed_ramps,train,45,4.5,5568.4798666665,4.5,0.1000000000003638,5568.475,4.866666500000001,1.1458333730697632,0.0,-0.42068850759606835,1.591129270607243e-06,0.49538897692821227,-9.814100144747884e-05,0.49538898648871904,-0.00017262985444999046,-0.00017262985445014938,1.1402628142213216e-06
train_speed_ramps,train,46,4.6000000000000005,5568.5798666665,4.599999999999454,0.0999999999994543,5568.575,4.866666500000001,1.1916667222976685,0.0,-0.36923183163920903,-7.2536076918918126e-06,0.535214155949674,-0.00010272151986045512,0.5352141657077717,-0.0001726563054873509,-0.00017265630548737567,-3.4630855612816393e-06
train_speed_ramps,train,47,4.7,5568.6798666665,4.699999999999818,0.1000000000003638,5568.675,4.866666500000001,1.2374999523162842,0.0,-0.3137623522429498,-1.6797124417744596e-05,0.5757564853344087,-0.00011193412844967322,0.5757564960792136,-0.0001726866496483126,-0.0001726866496482192,-1.252184829557609e-06
train_speed_ramps,train,48,4.800000000000001,5568.779866666499,4.799999999999272,0.0999999999994543,5568.775,4.866666500000001,1.2833333015441895,0.0,-0.25421114538533507,-2.705496422859151e-05,0.6169413245372579,-0.00011915744972345423,0.616941335915419,-0.0001726917950395368,-0.00017269179503951175,8.791985168475097e-07
train_speed_ramps,train,49,4.9,5568.8798666665,4.899999999999636,0.1000000000003638,5568.875,4.866666500000001,1.3291666507720947,0.0,-0.19051494810751332,-3.801362352239853e-05,0.6587482816317237,-0.00012775157765973453,0.6587482938714153,-0.00017274820873058871,-0.00017274820873064355,-8.225930137305908e-07
train_speed_ramps,train,50,5.0,5568.9798666665,5.0,0.1000000000003638,5568.975,4.866666500000001,1.375,0.0,-0.12261258687991151,-4.971884996350262e-05,0.7011258209620024,-0.00013380794898983534,0.7011258336154683,-0.0001727372700397467,-0.0001727372700398131,9.08139320066412e-07
train_speed_ramps,train,51,5.1000000000000005,5569.0798666665,5.099999999999454,0.0999999999994543,5569.075,4.866666500000001,1.4208333492279053,0.0,-0.050448628879588314,-6.215236945220385e-05,0.7440435485956004,-0.0001410423185820899,0.7440435618586936,-0.0001727592620111018,-0.00017275926201101288,6.031614525096715e-07
train_speed_ramps,train,52,5.2,5569.1798666665,5.199999999999818,0.1000000000003638,5569.175,4.866666500000001,1.4666666984558105,0.0,0.02603011396910312,-7.53329716868451e-05,0.787473242194956,-0.00014866138478426306,0.7874732561265111,-0.0001727825631765434,-0.00017278256317675907,6.711545248266489e-07
train_speed_ramps,train,53,5.300000000000001,5569.279866666499,5.299999999999272,0.0999999999994543,5569.275,4.866666500000001,1.5125000476837158,0.0,0.10687372558611825,-8.926927368182886e-05,0.8313807961089243,-0.00015643860637404747,0.8313808107292974,-0.00017281807718694253,-0.00017281807718692356,8.41010090994996e-07
train_speed_ramps,train,54,5.4,5569.3798666665,5.399999999999636,0.1000000000003638,5569.375,4.866666500000001,1.5583332777023315,0.0,0.19212884385877815,-0.00010397076843497911,0.8757407661766295,-0.00016396354610114457,0.8757407814351937,-0.00017283193987838175,-0.00017283193987843644,6.815503937928291e-07
train_speed_ramps,train,55,5.5,5569.4798666665,5.5,0.1000000000003638,5569.475,4.866666500000001,1.6041666269302368,0.0,0.28184033475837145,-0.00011944383011438825,0.9205289570151592,-0.0001716829079038474,0.9205289729392147,-0.00017285342316997188,-0.00017285342316979848,6.502619680224513e-07
train_speed_ramps,train,56,5.6000000000000005,5569.5798666665,5.599999999999454,0.0999999999994543,5569.575,4.866666500000001,1.649999976158142,0.0,0.37604987351248703,-0.0001356956924068266,0.9657134838156252,-0.00017949548656853132,0.9657135004154682,-0.00017288331605991303,-0.0001728833160600863,3.451244299505481e-07
train_speed_ramps,train,57,5.7,5569.6798666665,5.699999999999818,0.1000000000003638,5569.675,4.866666500000001,1.6958333253860474,0.0,0.4747942277088835,-0.00015272738850553361,1.0112159615865486,-0.00018725452684625622,1.0112159788489035,-0.0001729726693593392,-0.00017297266935947667,6.745765911136005e-07
train_speed_ramps,train,58,5.800000000000001,5569.779866666499,5.799999999999272,0.0999999999994543,5569.775,4.866666500000001,1.7416666746139526,0.0,0.5781028321974043,-0.00017055350438622096,1.0569828479384964,-0.00019541412442790652,1.0569828659286782,-0.00017306054998211806,-0.00017306054998202764,9.019320755883332e-07
train_speed_ramps,train,59,5.9,5569.8798666665,5.899999999999636,0.1000000000003638,5569.875,4.866666500000001,1.787500023841858,0.0,0.6860004435788438,-0.00018918011203895022,1.1029819134056746,-0.00020340535820193953,1.1029819320909402,-0.00017313677864683186,-0.00017313677864669736,4.891215211877702e-07
train_speed_ramps,train,60,6.0,5569.9798666665,6.0,0.1000000000003638,5569.975,4.866666500000001,1.8333333730697632,0.0,0.7985077109529933,-0.00020861948638669752,1.1491388801893272,-0.00021144648303616788,1.1491388995753724,-0.0001731667509083934,-0.00017316675090837082,8.437108336490645e-07
train_speed_ramps,train,61,6.1000000000000005,5570.0798666665,6.099999999999454,0.0999999999994543,5570.075,4.866666500000001,1.8791667222976685,0.0,0.9156372007545465,-0.00022886372560925548,1.1954026689524657,-0.00021939510371678014,1.1954026890217992,-0.0001732072692584019,-0.00017320726925829192,1.3244725033871477e-06
train_speed_ramps,train,62,6.2,5570.1798666665,6.199999999999818,0.1000000000003638,5570.175,4.866666500000001,1.9249999523162842,0.0,1.0374213659214067,-0.00024991767468242446,1.2418235632279937,-0.00022757007756606917,1.2418235840173326,-0.00017323708914762648,-0.00017323708914764732,1.2662405696961937e-06
train_speed_ramps,train,63,6.300000000000001,5570.279866666499,6.299999999999272,0.0999999999994543,5570.275,4.866666500000001,1.9708333015441895,0.0,1.1638653817438107,-0.00027177724998865376,1.2884012989388256,-0.00023351474255539352,1.2884013200594862,-0.00017327690911583815,-0.00017327690911563337,-3.1589027307415302e-06
train_speed_ramps,train,64,6.4,5570.3798666665,6.399999999999636,0.1000000000003638,5570.375,4.866666500000001,2.0166666507720947,0.0,1.294967385470785,-0.00029445248570959657,1.3350901261315724,-0.000243367806674029,1.3350901482590913,-0.00017331547988064244,-0.00017331547988050253,-1.8039698556855995e-06
train_speed_ramps,train,65,6.5,5570.4798666665,6.5,0.1000000000003638,5570.475,4.866666500000001,2.0625,0.0,1.4307370104685069,-0.00031794957828460443,1.381857916552878,-0.00025197272490536625,1.381857939469602,-0.0001733356197810565,-0.0001733356197812476,6.757178743253914e-07
train_speed_ramps,train,66,6.6000000000000005,5570.5798666665,6.599999999999454,0.0999999999994543,5570.575,4.866666500000001,2.1083333492279053,0.0,1.5711827345059657,-0.00034225520274695407,1.4287157627280807,-0.00026021368831648776,1.4287157863697622,-0.00017337011526707968,-0.00017337011526727324,7.317801903432335e-07
train_speed_ramps,train,67,6.7,5570.6798666665,6.699999999999818,0.1000000000003638,5570.675,4.866666500000001,2.1541666984558105,0.0,1.7163142192438114,-0.00036737436347086296,1.475656098821188,-0.00026900006967411547,1.4756561232813792,-0.00017342049162127893,-0.00017342049162134086,2.641034886226685e-07
train_speed_ramps,train,68,6.800000000000001,5570.779866666499,6.799999999999272,0.0999999999994543,5570.775,4.866666500000001,2.200000047683716,0.0,1.8661398256704862,-0.00039331710236507834,1.522659229125175,-0.00027715924456346775,1.5226592542939696,-0.0001734539075006758,-0.0001734539075006591,4.997048668987813e-07
train_speed_ramps,train,69,6.9,5570.8798666665,6.899999999999636,0.1000000000003638,5570.875,4.866666500000001,2.245833396911621,0.0,2.020665608734886,-0.0004200813280532021,1.5697187944951827,-0.0002847776610916725,1.569718820277744,-0.0001734735710821056,-0.00017347357108211893,5.054160586112485e-07
train_speed_ramps,train,70,7.0,5570.9798666665,7.0,0.1000000000003638,5570.975,4.866666500000001,2.2916667461395264,0.0,2.179897734856396,-0.0004476651037562035,1.6168396275714165,-0.00029281777989352006,1.6168396540399823,-0.00017349485100837114,-0.00017349485100818138,2.490258439869824e-07
train_speed_ramps,train,71,7.1000000000000005,5571.0798666665,7.099999999999454,0.0999999999994543,5571.075,4.866666500000001,2.3375000953674316,0.0,2.3438431175686847,-0.0004760722397942859,1.6640222893468106,-0.0003014738620557794,1.6640223166078618,-0.00017355848273670205,-0.00017355848273666578,1.2035197475402088e-06
train_speed_ramps,train,72,7.2,5571.1798666665,7.199999999999818,0.1000000000003638,5571.175,4.866666500000001,2.383333444595337,0.0,2.5125081875424704,-0.0005053050277565974,1.711256686754252,-0.00030951572254406815,1.7112567147000135,-0.00017358951750301443,-0.0001735895175031541,8.471076459429786e-07
train_speed_ramps,train,73,7.300000000000001,5571.279866666499,7.299999999999272,0.0999999999994543,5571.275,4.866666500000001,2.429166555404663,0.0,2.6858977809117235,-0.0005353629825825256,1.7585318148534832,-0.0003177699978682961,1.7585318435201118,-0.00017361271088045527,-0.00017361271088058293,6.205566237232765e-07
train_speed_ramps,train,74,7.4,5571.3798666665,7.399999999999636,0.1000000000003638,5571.375,4.866666500000001,2.4749999046325684,0.0,2.864016292456494,-0.0005662488243624635,1.8058459545163548,-0.0003260283013828217,1.8058459839041776,-0.00017365315332673603,-0.00017365315332683816,1.2413432876660424e-06
train_speed_ramps,train,75,7.5,5571.4798666665,7.5,0.1000000000003638,5571.475,4.866666500000001,2.5208332538604736,0.0,3.0468683193361303,-0.0005979628114793376,1.8531985205022241,-0.0003344093238932986,1.8531985506319384,-0.00017369048203352833,-0.00017369048203353757,1.3118110989669013e-06
train_speed_ramps,train,76,7.6000000000000005,5571.5798666665,7.599999999999454,0.0999999999994543,5571.575,4.866666500000001,2.566666603088379,0.0,3.23445762883478,-0.0006305052136841251,1.9005835203312138,-0.0003426249219570595,1.9005835511734661,-0.0001737169872320088,-0.0001737169872320995,7.739580008105758e-07
train_speed_ramps,train,77,7.7,5571.6798666665,7.699999999999818,0.1000000000003638,5571.675,4.866666500000001,2.612499952316284,0.0,3.4267888227114236,-0.0006638777697722902,1.9480072173289686,-0.00035094767001008544,1.9480072489018487,-0.000173748284578501,-0.00017374828457862262,5.179527752427598e-07
train_speed_ramps,train,78,7.800000000000001,5571.779866666499,7.799999999999272,0.0999999999994543,5571.775,4.866666500000001,2.6583333015441895,0.0,3.62386561672165,-0.0006980829702778988,1.9954595647039224,-0.0003594899300548658,1.995459597045159,-0.00017378045117322216,-0.0001737804511731663,1.1958980372808116e-06
train_speed_ramps,train,79,7.9,5571.8798666665,7.899999999999636,0.1000000000003638,5571.875,4.866666500000001,2.7041666507720947,0.0,3.8257079386193005,-0.0007331269540402231,2.0429067812145,-0.0003675511754569344,2.042906814239936,-0.00017376110549660595,-0.0001737611054967754,1.4845951063922751e-06
train_speed_ramps,train,80,8.0,5571.9798666665,8.0,0.1000000000003638,5571.975,4.866666500000001,2.75,0.0,4.032305302082701,-0.0007689954375988943,2.0903600649209615,-0.0003757349702274788,2.0903600986517703,-0.00017373912538332092,-0.00017373912538338622,1.342825671395047e-06
train_speed_ramps,train,81,8.1,5572.0798666665,8.099999999999454,0.0999999999994543,5572.075,4.866666500000001,2.7958333492279053,0.0,4.243639027174893,-0.0008056731995038151,2.1377113705152664,-0.0003828315124754538,2.1377114047647234,-0.00017377046720801204,-0.0001737704672079292,-2.5739827228526395e-06
train_speed_ramps,train,82,8.200000000000001,5572.1798666665,8.199999999999818,0.1000000000003638,5572.175,4.866666500000001,2.8416666984558105,0.0,4.459695063257659,-0.0008431842207191907,2.1849399851133735,-0.00039284289881112505,2.184940020389946,-0.00017380810967759786,-0.00017380810967774883,-4.788900718942623e-07
train_speed_ramps,train,83,8.3,5572.279866666499,8.299999999999272,0.0999999999994543,5572.275,4.866666500000001,2.887500047683716,0.0,4.6804622904574815,-0.0008815259033426764,2.2320176259596,-0.0004005036863994529,2.232017661856734,-0.00017381964157214824,-0.0001738196415722252,6.961554816073404e-07
train_speed_ramps,train,84,8.4,5572.3798666665,8.399999999999636,0.1000000000003638,5572.375,4.866666500000001,2.933333396911621,0.0,4.905926290873125,-0.0009206839592472134,2.2789625591321085,-0.0004087055929448467,2.2789625957460857,-0.00017384921287710853,-0.00017384921287695888,5.530667110524456e-07
train_speed_ramps,train,85,8.5,5572.4798666665,8.5,0.1000000000003638,5572.475,4.866666500000001,2.9791667461395264,0.0,5.1360750376035815,-0.0009606613877691274,2.325782784687178,-0.0004175075004278743,2.325782822124415,-0.00017389430974024123,-0.0001738943097400212,4.7261862034464747e-07
train_speed_ramps,train,86,8.6,5572.5798666665,8.599999999999454,0.0999999999994543,5572.575,4.866666500000001,3.0250000953674316,0.0,5.370896885454778,-0.0010014629158158104,2.3724916972701244,-0.00042515034308132887,2.372491735330387,-0.0001739101718767344,-0.0001739101718767177,5.695552397452776e-07
train_speed_ramps,train,87,8.700000000000001,5572.6798666665,8.699999999999818,0.1000000000003638,5572.675,4.866666500000001,3.070833444595337,0.0,5.610382007491241,-0.0010430798261395601,2.4191003613541087,-0.0004336099731384488,2.419100400181273,-0.00017395059448954697,-0.00017395059448938445,8.993255288973015e-07
train_speed_ramps,train,88,8.8,5572.779866666499,8.799999999999272,0.0999999999994543,5572.775,4.866666500000001,3.116666555404663,0.0,5.854521172321611,-0.0010855143482133333,2.4656084085012817,-0.0004415359646971495,2.4656084480037848,-0.00017397017539533266,-0.00017397017539518678,6.309392141933024e-07
train_speed_ramps,train,89,8.9,5572.8798666665,8.899999999999636,0.1000000000003638,5572.875,4.866666500000001,3.1624999046325684,0.0,6.103304625803284,-0.0011287631996401842,2.512018235013561,-0.0004496326504811641,2.512018275222679,-0.00017399758220415507,-0.00017399758220421705,6.145165477430902e-07
train_speed_ramps,train,90,9.0,5572.9798666665,9.0,0.1000000000003638,5572.975,4.866666500000001,3.2083332538604736,0.0,6.356723710400216,-0.0011728267393634694,2.5583411858106624,-0.0004577551940289132,2.558341226732323,-0.0001740339215792197,-0.00017403392157909836,9.018377307325705e-07
train_speed_ramps,train,91,9.1,5573.0798666665,9.099999999999454,0.0999999999994543,5573.075,4.866666500000001,3.254166603088379,0.0,6.614770889971525,-0.0012177026514915896,2.60458416530138,-0.0004659286824876482,2.604584206945499,-0.00017405716418261719,-0.00017405716418253948,3.8809187358592323e-07
train_speed_ramps,train,92,9.200000000000001,5573.1798666665,9.199999999999818,0.1000000000003638,5573.175,4.866666500000001,3.299999952316284,0.0,6.877438529705326,-0.0012633902828844328,2.6507461094991,-0.00047400370001860224,2.6507461518498023,-0.0001740831887615535,-0.00017408318876138535,4.3380320819494116e-07
train_speed_ramps,train,93,9.3,5573.279866666499,9.299999999999272,0.0999999999994543,5573.275,4.866666500000001,3.3458333015441895,0.0,7.144718866479269,-0.00130988968025576,2.6968291093084016,-0.0004820812797286203,2.696829152367462,-0.00017411972488501348,-0.00017411972488494805,7.80197693262854e-07
train_speed_ramps,train,94,9.4,5573.3798666665,9.399999999999636,0.1000000000003638,5573.375,4.866666500000001,3.3916666507720947,0.0,7.41660577112678,-0.0013572000337447713,2.7428475697668135,-0.0004901288789490356,2.7428476135299396,-0.00017415222110406248,-0.00017415222110394443,1.1252528385120906e-06
train_speed_ramps,train,95,9.5,5573.4798666665,9.5,0.1000000000003638,5573.475,4.866666500000001,3.4375,0.0,7.6930935806145575,-0.001405320468265545,2.7888047063395867,-0.0004982542891085351,2.7888047508212503,-0.0001741838630398007,-0.00017418386303989347,1.3439942714225316e-06
train_speed_ramps,train,96,9.600000000000001,5573.5798666665,9.599999999999454,0.0999999999994543,5573.575,4.866666500000001,3.4833333492279053,0.0,7.974193363754508,-0.0014542514867958818,2.8347135793583327,-0.0005063476485644456,2.8347136245536064,-0.00017420897851083694,-0.00017420897851098382,8.730018348305616e-07
train_speed_ramps,train,97,9.700000000000001,5573.6798666665,9.699999999999818,0.1000000000003638,5573.675,4.866666500000001,3.5291666984558105,0.0,8.259894778820584,-0.0015039859432766744,2.8806165497977108,-0.0005122205497411407,2.880616595319926,-0.0001742456061442077,-0.00017424560614420233,-3.4506906404101183e-06
train_speed_ramps,train,98,9.8,5573.779866666499,9.799999999999272,0.0999999999994543,5573.775,4.866666500000001,3.575000047683716,0.0,8.55017857461913,-0.001554526095038851,2.9264951983086473,-0.0005221852998907363,2.926495244871342,-0.00017429801290891334,-0.00017429801290885224,-3.803666241732155e-06
train_speed_ramps,train,99,9.9,5573.8798666665,9.899999999999636,0.1000000000003638,5573.875,4.866666500000001,3.620833396911621,0.0,8.845041692639999,-0.001605902896062531,2.972299534746816,-0.0005301111786638565,2.972299581995019,-0.00017428201657665454,-0.00017428201657686534,2.38374666791993e-06
train_speed_ramps,train,100,10.0,5573.9798666665,10.0,0.1000000000003638,5573.975,4.866666500000001,3.6666667461395264,0.0,9.14447772019986,-0.001658045914891901,3.018055555100798,-0.0005401149351785517,3.018055603398677,-0.00017436076074739404,-0.00017436076074721162,-1.2231223011027096e-06
train_speed_ramps,train,101,10.100000000000001,5574.0798666665,10.099999999999454,0.0999999999994543,5574.075,4.866666500000001,3.7125000953674316,0.0,9.4484828990647,-0.0017110236880732916,3.0637652202142878,-0.0005467946099790178,3.0637652689819865,-0.00017435855332648131,-0.00017435855332649048,7.686756136473319e-07
train_speed_ramps,train,102,10.200000000000001,5574.1798666665,10.199999999999818,0.1000000000003638,5574.175,4.866666500000001,3.758333444595337,0.0,9.757053232590962,-0.0017647947631531256,3.109430138376009,-0.0005548573551362933,3.1094301878557578,-0.00017438768664890247,-0.00017438768664881094,6.899406040238476e-07
train_speed_ramps,train,103,10.3,5574.279866666499,10.299999999999272,0.0999999999994543,5574.275,4.866666500000001,3.804166555404663,0.0,10.070184926671134,-0.0018193706639461885,3.155052902839587,-0.0005629150536813532,3.1550529530311606,-0.000174417647913927,-0.000174417647913735,6.815779273662956e-07
train_speed_ramps,train,104,10.4,5574.3798666665,10.399999999999636,0.1000000000003638,5574.375,4.866666500000001,3.8499999046325684,0.0,10.38787447391824,-0.0018747509198495877,3.2006392807178843,-0.0005711446032958085,3.2006393316519683,-0.00017445941048199742,-0.00017445941048214113,8.123654239892681e-07
train_speed_ramps,train,105,10.5,5574.4798666665,10.5,0.1000000000003638,5574.475,4.866666500000001,3.8958332538604736,0.0,10.710119040790698,-0.0019309365069202138,3.2461876733823822,-0.0005789223423345223,3.246187724980463,-0.00017447962033090292,-0.00017447962033094778,5.442375063162063e-07
train_speed_ramps,train,106,10.600000000000001,5574.5798666665,10.599999999999454,0.0999999999994543,5574.575,4.866666500000001,3.941666603088379,0.0,11.036914938248938,-0.00198792492361716,3.291696653422491,-0.0005869780447377497,3.2916967057337576,-0.00017450725012668755,-0.0001745072501265945,6.294144539907548e-07
train_speed_ramps,train,107,10.700000000000001,5574.6798666665,10.699999999999818,0.1000000000003638,5574.675,4.866666500000001,3.987499952316284,0.0,11.368259152887706,-0.0020457168430394433,3.3371717124791918,-0.0005949920205459259,3.3371717654969157,-0.0001745375713371189,-0.0001745375713371039,5.776967719529973e-07
train_speed_ramps,train,108,10.8,5574.779866666499,10.799999999999272,0.0999999999994543,5574.775,4.866666500000001,4.0333333015441895,0.0,11.704148960072791,-0.0021043127767761483,3.382616403730986,-0.000603037551589139,3.3826164574611832,-0.00017457131690790106,-0.00017457131690772404,9.62265017132996e-07
train_speed_ramps,train,109,10.9,5574.8798666665,10.899999999999636,0.1000000000003638,5574.875,4.866666500000001,4.079166889190674,0.0,12.044582272014999,-0.0021637123010368234,3.4280321476522717,-0.0006111179408143512,3.428032202101449,-0.00017460312486017315,-0.0001746031248601045,1.1318818051076592e-06
train_speed_ramps,train,110,11.0,5574.9798666665,11.0,0.1000000000003638,5574.975,4.866666500000001,4.125,0.0,12.389555492821614,-0.002223914199052113,3.4734097313915906,-0.0006191756710856096,3.473409786556307,-0.00017462923895594784,-0.00017462923895606512,9.391652675450715e-07
train_speed_ramps,train,111,11.100000000000001,5575.0798666665,11.099999999999454,0.0999999999994543,5575.075,4.866666500000001,4.170833110809326,0.0,12.739066902150737,-0.0022849181941554486,3.518766012843558,-0.0006270826135298779,3.5187660686978117,-0.00017465569141839055,-0.00017465569141853358,6.875776297078699e-07
train_speed_ramps,train,112,11.200000000000001,5575.1798666665,11.199999999999818,0.1000000000003638,5575.175,4.866666500000001,4.2166666984558105,0.0,13.093115012505741,-0.0023467263795259098,3.5641012012837985,-0.0006352307671856658,3.564101257870131,-0.00017468908402484828,-0.0001746890840246382,1.1012574536024385e-06
train_speed_ramps,train,113,11.3,5575.279866666499,11.299999999999272,0.0999999999994543,5575.275,4.866666500000001,4.262499809265137,0.0,13.451713270951345,-0.002409338537813365,3.60941348616988,-0.0006431469261769572,3.6094135434480266,-0.000174715240234935,-0.00017471524023514434,5.586338398295456e-07
train_speed_ramps,train,114,11.4,5575.3798666665,11.399999999999636,0.1000000000003638,5575.375,4.866666500000001,4.308333396911621,0.0,13.814857219367553,-0.0024727428292021943,3.6547831701727382,-0.0006478136310518749,3.6547832275742334,-0.00017476632686674876,-0.0001747663268667622,-6.758824538447096e-06
train_speed_ramps,train,115,11.5,5575.4798666665,11.5,0.1000000000003638,5575.475,4.866666500000001,4.354166507720947,0.0,14.182531802769676,-0.0025369785096219614,3.7001414901642544,-0.0006592453057841698,3.7001415488710583,-0.00017477686562017425,-0.00017477686562035607,1.12791150620902e-06
train_speed_ramps,train,116,11.600000000000001,5575.5798666665,11.599999999999454,0.0999999999994543,5575.575,4.866666500000001,4.400000095367432,0.0,14.554735340393629,-0.002601987989427686,3.7454742026594907,-0.0006681097073238032,3.7454742622240094,-0.00017483744548529856,-0.00017483744548508177,-2.5295734594453698e-06
train_speed_ramps,train,117,11.700000000000001,5575.6798666665,11.699999999999818,0.1000000000003638,5575.675,4.866666500000001,4.445833206176758,0.0,14.931466298215964,-0.002667823752499158,3.79078979020293,-0.0006759856393231511,3.7907898504520556,-0.00017485303301700839,-0.0001748530330170487,-1.0486694845792349e-07
train_speed_ramps,train,118,11.8,5575.779866666499,11.799999999999272,0.0999999999994543,5575.775,4.866666500000001,4.491666793823242,0.0,15.312723799851597,-0.0027344545776727997,3.836086038427479,-0.0006840489259133238,3.8360860993944454,-0.00017488212998628683,-0.00017488212998640514,2.0945767607675877e-07
train_speed_ramps,train,119,11.9,5575.8798666665,11.899999999999636,0.1000000000003638,5575.875,4.866666500000001,4.537499904632568,0.0,15.698506457721551,-0.002801888099586144,3.881362884815771,-0.0006919719158669102,3.8813629464763446,-0.00017491146127346369,-0.00017491146127344563,4.821459154684685e-07
train_speed_ramps,train,120,12.0,5575.9798666665,12.0,0.1000000000003638,5575.975,4.866666500000001,4.583333492279053,0.0,16.088812927026417,-0.00287012419921187,3.9266213315724894,-0.0006998571046974682,3.926621393920326,-0.00017494014617502884,-0.00017494014617480943,6.840881033483576e-07
train_speed_ramps,train,121,12.100000000000001,5576.0798666665,12.099999999999454,0.0999999999994543,5576.075,4.866666500000001,4.629166603088379,0.0,16.48364177520857,-0.0029391627020566888,3.9718518318773772,-0.0007074965498422425,3.9718518948697494,-0.00017495664238698083,-0.00017495664238696929,6.238657368768143e-07
train_speed_ramps,train,122,12.200000000000001,5576.1798666665,12.199999999999818,0.1000000000003638,5576.175,4.866666500000001,4.675000190734863,0.0,16.882990278383158,-0.0030090024912004217,4.017066256612951,-0.0007155797828563578,4.017066320328014,-0.0001749943087712147,-0.00017499430877134208,9.698058282021228e-07
train_speed_ramps,train,123,12.3,5576.279866666499,12.299999999999272,0.0999999999994543,5576.275,4.866666500000001,4.7208333015441895,0.0,17.286858958423952,-0.00307964583822557,4.062275446125221,-0.0007235963039366944,4.062275510551297,-0.00017502501439814466,-0.00017502501439803955,9.837196364114828e-07
train_speed_ramps,train,124,12.4,5576.3798666665,12.399999999999636,0.1000000000003638,5576.375,4.866666500000001,4.766666889190674,0.0,17.695246899841436,-0.0031510914737406547,4.107466810439775,-0.0007315285011541757,4.107466875562271,-0.0001750471118455721,-0.00017504711184550804,6.367212206688913e-07
train_speed_ramps,train,125,12.5,5576.4798666665,12.5,0.1000000000003638,5576.475,4.866666500000001,4.8125,0.0,18.108152536653133,-0.003223339388565632,4.152639168808653,-0.0007395938783683697,4.152639234651233,-0.00017507384022241723,-0.00017507384022224544,6.139407023001006e-07
train_speed_ramps,train,126,12.600000000000001,5576.5798666665,12.599999999999454,0.0999999999994543,5576.575,4.866666500000001,4.858333110809326,0.0,18.525574917415423,-0.003296391709497204,4.197797519702566,-0.0007475640687345022,4.197797586248894,-0.00017510942712117838,-0.000175109427121105,1.1462041005671944e-06
train_speed_ramps,train,127,12.700000000000001,5576.6798666665,12.699999999999818,0.1000000000003638,5576.675,4.866666500000001,4.9041666984558105,0.0,18.947513234454615,-0.003370248640056105,4.242943380877081,-0.0007555912581175844,4.242943448137303,-0.00017514269986840247,-0.00017514269986854965,1.235411797832262e-06
train_speed_ramps,train,128,12.8,5576.779866666499,12.799999999999272,0.0999999999994543,5576.775,4.866666500000001,4.949999809265137,0.0,19.373967289198387,-0.0034449074199693415,4.288080963533386,-0.0007636597705642013,4.288081031514741,-0.00017516566996711447,-0.00017516566996700773,8.537932749423187e-07
train_speed_ramps,train,129,12.9,5576.8798666665,12.899999999999636,0.1000000000003638,5576.875,4.866666500000001,4.995833396911621,0.0,19.804935716437818,-0.003520368571062609,4.333199914467322,-0.0007716735352598845,4.333199983160557,-0.00017519231808327262,-0.00017519231808311533,6.338483537328041e-07
train_speed_ramps,train,130,13.0,5576.9798666665,13.0,0.1000000000003638,5576.975,4.866666500000001,5.041666507720947,0.0,20.240435206275514,-0.0035966398540218294,4.378344731781313,-0.0007796606728990476,4.378344801181476,-0.00017522776463474443,-0.00017522776463474264,1.25979753128306e-06
train_speed_ramps,train,131,13.100000000000001,5577.0798666665,13.099999999999454,0.0999999999994543,5577.075,4.866666500000001,5.087500095367432,0.0,20.68046251923255,-0.0036737135718400505,4.423525640913087,-0.0007877101895310509,4.423525711030407,-0.00017525106320093187,-0.00017525106320083274,5.206113563291357e-07
train_speed_ramps,train,132,13.200000000000001,5577.1798666665,13.199999999999818,0.1000000000003638,5577.175,4.866666500000001,5.133333206176758,0.0,21.125002356739323,-0.0037515916721298534,4.468695517412364,-0.0007957740366359016,4.4686955882496155,-0.00017528168525693388,-0.00017528168525671599,5.550340992288565e-07
train_speed_ramps,train,133,13.3,5577.279866666499,13.299999999999272,0.0999999999994543,5577.275,4.866666500000001,5.179166793823242,0.0,21.574052948156996,-0.0038302674313623847,4.513868831126592,-0.0008042986968689584,4.5138689027647105,-0.000175327416940263,-0.0001753274169403683,-9.307741376964094e-07
train_speed_ramps,train,134,13.4,5577.3798666665,13.399999999999636,0.1000000000003638,5577.375,4.866666500000001,5.224999904632568,0.0,22.027615607685465,-0.003909761644446616,4.559026580967188,-0.000811908654502147,4.559026653245646,-0.00017534126346374634,-0.00017534126346385352,6.641661522265835e-07
train_speed_ramps,train,135,13.5,5577.4798666665,13.5,0.1000000000003638,5577.475,4.866666500000001,5.270833492279053,0.0,22.48568933401541,-0.003990049415288154,4.604176663433214,-0.0008206900696620937,4.604176736557962,-0.0001753867621352434,-0.00017538676213527633,1.994410741770143e-07
train_speed_ramps,train,136,13.600000000000001,5577.5798666665,13.599999999999454,0.0999999999994543,5577.575,4.866666500000001,5.316666603088379,0.0,22.94827419789742,-0.004071151214658155,4.649318136651828,-0.0008274910501320281,4.649318210275072,-0.0001753852768358044,-0.0001753852768357751,7.334073899705453e-07
train_speed_ramps,train,137,13.700000000000001,5577.6798666665,13.699999999999818,0.1000000000003638,5577.675,4.866666500000001,5.362500190734863,0.0,23.415369650558496,-0.004153047812234826,4.694441750565001,-0.0008365405376399939,4.694441825082133,-0.00017544200157626477,-0.00017544200157639423,7.473268607184046e-07
train_speed_ramps,train,138,13.8,5577.779866666499,13.799999999999272,0.0999999999994543,5577.775,4.866666500000001,5.4083333015441895,0.0,23.88697414227555,-0.004235755169965961,4.739554264020151,-0.0008441628442160546,4.739554339180504,-0.00017546015679004157,-0.0001754601567901007,5.4492407535085e-07
train_speed_ramps,train,139,13.9,5577.8798666665,13.899999999999636,0.1000000000003638,5577.875,4.866666500000001,5.454166889190674,0.0,24.36308771468193,-0.004319266203232222,4.784657841953634,-0.0008523669507981395,4.7846579178596755,-0.00017549770914104812,-0.00017549770914104384,9.462678179540474e-07
train_speed_ramps,train,140,14.0,5577.9798666665,14.0,0.1000000000003638,5577.975,4.866666500000001,5.5,0.0,24.843709492265983,-0.004403581718516595,4.829749297448056,-0.0008602179475774443,4.829749374037713,-0.0001755119917747905,-0.00017551199177483098,2.647606123161453e-07
train_speed_ramps,train,141,14.100000000000001,5578.0798666665,14.099999999999454,0.0999999999994543,5578.075,4.866666500000001,5.5,0.0,25.328836933723945,-0.004488701470479541,4.874635929074432,-0.000868271687337502,4.874636006386652,-0.00017554275893294502,-0.00017554275893293754,6.089459065532912e-07
train_speed_ramps,train,142,14.200000000000001,5578.1798666665,14.199999999999818,0.1000000000003638,5578.175,4.866666500000001,5.5,0.0,25.818335383303882,-0.004574603498002009,4.9170108492121205,-0.0008759142984635553,4.917010927213453,-0.00017557465423001517,-0.00017557465423017737,6.57726920976833e-07
train_speed_ramps,train,143,14.3,5578.279866666499,14.299999999999272,0.0999999999994543,5578.275,4.866666500000001,5.5,0.0,26.31193886792096,-0.004661240373155967,4.956789353684599,-0.0008829964964758585,4.956789432316623,-0.00017560255823889648,-0.00017560255823908524,6.226230862776609e-07
train_speed_ramps,train,144,14.4,5578.3798666665,14.399999999999636,0.1000000000003638,5578.375,4.866666500000001,5.5,0.0,26.809395959122295,-0.004748567698206872,4.994130470043805,-0.0008896961845458001,4.994130549276923,-0.00017562956982608569,-0.00017562956982597624,6.108397525838714e-07
train_speed_ramps,train,145,14.5,5578.4798666665,14.5,0.1000000000003638,5578.475,4.866666500000001,5.5,0.0,27.31047062197063,-0.004836543937202165,5.029183489527986,-0.0008960592489480519,5.029183569338363,-0.00017565590057166958,-0.00017565590057187175,7.169193522060407e-07
train_speed_ramps,train,146,14.600000000000001,5578.5798666665,14.599999999999454,0.0999999999994543,5578.575,4.866666500000001,5.5,0.0,27.81494127299275,-0.004925130015117198,5.062088562906971,-0.0009018957901036792,5.062088643235266,-0.00017568262514089383,-0.0001756826251411006,6.170539946955385e-07
train_speed_ramps,train,147,14.700000000000001,5578.6798666665,14.699999999999818,0.1000000000003638,5578.675,4.866666500000001,5.5,0.0,28.32261141529136,-0.005014291551758504,5.092969973668487,-0.000907454943958846,5.09297005449718,-0.00017570783459408545,-0.00017570783459393543,6.207936837141957e-07
train_speed_ramps,train,148,14.8,5578.779866666499,14.799999999999272,0.0999999999994543,5578.775,4.866666500000001,5.5,0.0,28.833281068856856,-0.005103993088080773,5.121954208367975,-0.0009126998717946976,5.121954289671145,-0.0001757331944669538,-0.00017573319446686112,6.341691212178965e-07
train_speed_ramps,train,149,14.9,5578.8798666665,14.899999999999636,0.1000000000003638,5578.875,4.866666500000001,5.5,0.0,29.34675775535601,-0.005194200807284851,5.149163008763021,-0.0009176598751802102,5.149163090518007,-0.00017575765916699737,-0.0001757576591667974,7.109882417809378e-07
train_speed_ramps,train,150,15.0,5578.9798666665,15.0,0.1000000000003638,5578.975,4.866666500000001,5.5,0.0,29.86286959785472,-0.005284884210267651,5.174705086319281,-0.0009222410457119379,5.174705168485241,-0.00017578184478539427,-0.0001757818447855109,6.425608247134043e-07
train_speed_ramps,train,151,15.100000000000001,5579.0798666665,15.099999999999454,0.0999999999994543,5579.075,4.866666500000001,5.5,0.0,30.381455239246872,-0.00537601535046769,5.198682498661086,-0.0009265951415177009,5.198682581222287,-0.00017580642464798402,-0.0001758064246480941,6.682205838383126e-07
train_speed_ramps,train,152,15.200000000000001,5579.1798666665,15.199999999999818,0.1000000000003638,5579.175,4.866666500000001,5.5,0.0,30.90236319866457,-0.005467567194525685,5.221191056795578,-0.000930699410288919,5.221191139730788,-0.0001758298570138095,-0.0001758298570137032,6.966260561574114e-07
train_speed_ramps,train,153,15.3,5579.279866666499,15.299999999999272,0.0999999999994543,5579.275,4.866666500000001,5.5,0.0,31.425451267209606,-0.00555951452709859,5.242320707216102,-0.0009345172365096643,5.242320790496268,-0.00017585277302156754,-0.00017585277302139396,6.737589705600421e-07
train_speed_ramps,train,154,15.4,5579.3798666665,15.399999999999636,0.1000000000003638,5579.375,4.866666500000001,5.5,0.0,31.95058594070151,-0.005651833781522573,5.262155890701977,-0.0009380922463528678,5.262155974304409,-0.00017587522015816148,-0.00017587522015794,6.469383830887459e-07
train_speed_ramps,train,155,15.5,5579.4798666665,15.5,0.1000000000003638,5579.475,4.866666500000001,5.5,0.0,32.477641887061665,-0.005744502618877927,5.280775879187816,-0.0009415260463148322,5.28077596310647,-0.00017589724766109427,-0.00017589724766104293,6.969932782074535e-07
train_speed_ramps,train,156,15.600000000000001,5579.5798666665,15.599999999999454,0.0999999999994543,5579.575,4.866666500000001,5.5,0.0,33.00650144628878,-0.005837500264364749,5.298255092090929,-0.0009447310984903767,5.298255176303215,-0.00017591878948541861,-0.00017591878948563255,7.113158404755107e-07
train_speed_ramps,train,157,15.700000000000001,5579.6798666665,15.699999999999818,0.1000000000003638,5579.675,4.866666500000001,5.5,0.0,33.53705416104159,-0.005930807234311891,5.314663393161895,-0.0009476837421135385,5.314663477639982,-0.00017594024188793966,-0.00017594024188790464,6.580544357231518e-07
train_speed_ramps,train,158,15.8,5579.779866666499,15.799999999999272,0.0999999999994543,5579.775,4.866666500000001,5.5,0.0,34.06919633588474,-0.006024405140590741,5.3300663692196375,-0.0009505490299274859,5.3300664539637115,-0.00017596122801100123,-0.0001759612280109465,6.846331564531636e-07
train_speed_ramps,train,159,15.9,5579.8798666665,15.899999999999636,0.1000000000003638,5579.875,4.866666500000001,5.5,0.0,34.60283062353724,-0.006118277437210043,5.3445255919768595,-0.0009531967035366359,5.344525676963262,-0.00017598380851691076,-0.00017598380851709724,6.761166818638361e-07
train_speed_ramps,train,160,16.0,5579.9798666665,16.0,0.1000000000003638,5579.975,4.866666500000001,5.5,0.0,35.13786563638614,-0.006212407586619646,5.358098863630011,-0.0009557048633262792,5.3580989488478865,-0.00017600436713305356,-0.0001760043671331001,6.782937374042209e-07
train_speed_ramps,train,161,16.1,5580.0798666665,16.099999999999454,0.0999999999994543,5580.075,4.866666500000001,5.5,0.0,35.67421558179363,-0.006306779973349008,5.370840447596731,-0.0009580298108996696,5.370840533026705,-0.00017602398204719094,-0.0001760239820472679,6.505571483940325e-07
train_speed_ramps,train,162,16.2,5580.1798666665,16.199999999999818,0.1000000000003638,5580.175,4.866666500000001,5.5,0.0,36.211799919719816,-0.006401380649215136,5.382801285017107,-0.0009603075504428713,5.382801370662981,-0.00017604461311115926,-0.00017604461311111568,7.477382969116651e-07
train_speed_ramps,train,163,16.3,5580.279866666499,16.299999999999272,0.0999999999994543,5580.275,4.866666500000001,5.5,0.0,36.75054304122832,-0.00649619613128254,5.394029198191431,-0.0009624085627728774,5.39402928403344,-0.00017606418022264592,-0.00017606418022282733,7.676759752661354e-07
train_speed_ramps,train,164,16.400000000000002,5580.3798666665,16.399999999999636,0.1000000000003638,5580.375,4.866666500000001,5.5,0.0,37.29037789747399,-0.006591214513497976,5.40456659518008,-0.0009643160621759191,5.404566681194863,-0.0001760841909552724,-0.00017608419095509024,6.898961211027211e-07
train_speed_ramps,train,165,16.5,5580.4798666665,16.5,0.1000000000003638,5580.475,4.866666500000001,5.5,0.0,37.831236251065455,-0.006686423969529008,5.414456635735226,-0.000966179242399814,5.41445672192502,-0.00017610433681758408,-0.00017610433681758208,6.974152240716212e-07
train_speed_ramps,train,166,16.6,5580.5798666665,16.599999999999454,0.0999999999994543,5580.575,4.866666500000001,5.5,0.0,38.37305242432459,-0.006781812897645146,5.423740860666157,-0.0009679085393255898,5.423740947016769,-0.00017612373786812796,-0.00017612373786822494,6.876834888291293e-07
train_speed_ramps,train,167,16.7,5580.6798666665,16.699999999999818,0.1000000000003638,5580.675,4.866666500000001,5.5,0.0,38.915767769227536,-0.006877370688850871,5.4324563645362955,-0.0009695439760012789,5.432456451040014,-0.00017614294888801396,-0.00017614294888787732,6.73372109084504e-07
train_speed_ramps,train,168,16.8,5580.779866666499,16.799999999999272,0.0999999999994543,5580.775,4.866666500000001,5.5,0.0,39.45932722730833,-0.006973087627188367,5.440637971518697,-0.0009711123236802448,5.44063805817199,-0.0001761619723752439,-0.0001761619723750376,7.174790494080145e-07
train_speed_ramps,train,169,16.900000000000002,5580.8798666665,16.899999999999636,0.1000000000003638,5580.875,4.866666500000001,5.5,0.0,40.00367911009346,-0.007068954497917995,5.448318374318185,-0.0009725732205675356,5.448318461109899,-0.00017618086060799953,-0.00017618086060804618,7.24527174899416e-07
train_speed_ramps,train,170,17.0,5580.9798666665,17.0,0.1000000000003638,5580.975,4.866666500000001,5.5,0.0,40.5487748928858,-0.007164962692729386,5.455528264529723,-0.0009739677392360514,5.45552835145547,-0.00017619988623041039,-0.00017619988623032582,7.298798836073887e-07
train_speed_ramps,train,171,17.1,5581.0798666665,17.099999999999454,0.0999999999994543,5581.075,4.866666500000001,5.5,0.0,41.09456902122233,-0.007261104615461758,5.462296455115283,-0.0009752546860974356,5.462296542162975,-0.0001762193698526815,-0.0001762193698526148,7.287850852787012e-07
train_speed_ramps,train,172,17.2,5581.1798666665,17.199999999999818,0.1000000000003638,5581.175,4.866666500000001,5.5,0.0,41.641018729138786,-0.007357372380495459,5.468649995321101,-0.0009764460582920856,5.468650082480324,-0.00017623796768617694,-0.0001762379676862649,6.949132860263799e-07
train_speed_ramps,train,173,17.3,5581.279866666499,17.299999999999272,0.0999999999994543,5581.275,4.866666500000001,5.5,0.0,42.18808386852743,-0.007453758800850489,5.474614278566596,-0.0009776576793000082,5.474614365846963,-0.00017625646703756104,-0.00017625646703738513,7.668719872840642e-07
train_speed_ramps,train,174,17.400000000000002,5581.3798666665,17.399999999999636,0.1000000000003638,5581.375,4.866666500000001,5.5,0.0,42.7357267490019,-0.007550257142690756,5.480213143863266,-0.000978752050083278,5.480213231249793,-0.0001762750084859377,-0.00017627500848576647,7.675231744404775e-07
train_speed_ramps,train,175,17.5,5581.4798666665,17.5,0.1000000000003638,5581.475,4.866666500000001,5.5,0.0,43.28391198746066,-0.0076468612376423455,5.4854689708275055,-0.000979714951961028,5.485469058302344,-0.00017629341950797794,-0.00017629341950811428,6.883279524507347e-07
train_speed_ramps,train,176,17.6,5581.5798666665,17.599999999999454,0.0999999999994543,5581.575,4.866666500000001,5.5,0.0,43.83260636692479,-0.007743565285735573,5.4904027689593535,-0.0009807480730291427,5.490402856539891,-0.00017631188644839924,-0.00017631188644817966,7.673846559206423e-07
train_speed_ramps,train,177,17.7,5581.6798666665,17.699999999999818,0.1000000000003638,5581.675,4.866666500000001,5.5,0.0,44.38177870399751,-0.007840363599333973,5.495034261651263,-0.000981630160074446,5.495034349315568,-0.0001763300434451942,-0.00017633004344533968,7.196637628633948e-07
train_speed_ramps,train,178,17.8,5581.779866666499,17.799999999999272,0.0999999999994543,5581.775,4.866666500000001,5.5,0.0,44.93139972438903,-0.007937251023237354,5.4993819646902455,-0.0009824803823073876,5.499382052437111,-0.00017634818563516674,-0.0001763481856349509,7.040139109454271e-07
train_speed_ramps,train,179,17.900000000000002,5581.8798666665,17.899999999999636,0.1000000000003638,5581.875,4.866666500000001,5.5,0.0,45.481441946113144,-0.008034222662121362,5.50346326027409,-0.0009833446212351561,5.503463348110128,-0.0001763660005811296,-0.0001763660005812139,7.662660857791353e-07
train_speed_ramps,train,180,18.0,5581.9798666665,18.0,0.1000000000003638,5581.975,4.866666500000001,5.5,0.0,46.03187956978936,-0.00813127384149937,5.507294466406754,-0.000984078012090444,5.507294554312782,-0.00017638408342701695,-0.0001763840834270955,7.084877503782412e-07
train_speed_ramps,train,181,18.1,5582.0798666665,18.099999999999454,0.0999999999994543,5582.075,4.866666500000001,5.443749904632568,0.0,46.58268971689852,-0.008228400398479151,5.510890053590413,-0.0009847910119698499,5.5108901415664855,-0.0001764008723728061,-0.0001764008723730067,6.87378223781338e-07
train_speed_ramps,train,182,18.2,5582.1798666665,18.199999999999818,0.1000000000003638,5582.175,4.866666500000001,5.387499809265137,0.0,47.13367909741755,-0.008325565890812885,5.510850161412269,-0.0009850457271822883,5.5108502494340845,-0.0001764156586996357,-0.00017641565869964802,4.912561331740086e-07
train_speed_ramps,train,183,18.3,5582.279866666499,18.299999999999272,0.0999999999994543,5582.275,4.866666500000001,5.331250190734863,0.0,47.684497657409416,-0.008422722060174335,5.507417086316536,-0.0009849487024541023,5.507417174374681,-0.00017641740106899562,-0.00017641740106893238,3.89550841427693e-06
train_speed_ramps,train,184,18.400000000000002,5582.3798666665,18.399999999999636,0.1000000000003638,5582.375,4.866666500000001,5.275000095367432,0.0,48.23481677392308,-0.008519786929435212,5.5008294181957025,-0.0009828791927398988,5.500829505991414,-0.00017642942975371056,-0.00017642942975352397,2.4855785747109367e-06
train_speed_ramps,train,185,18.5,5582.4798666665,18.5,0.1000000000003638,5582.475,4.866666500000001,5.21875,0.0,48.784329960589076,-0.008616712022155436,5.491247291918381,-0.0009817766065759917,5.4912473796691526,-0.00017646497104406578,-0.00017646497104399148,6.666479557448983e-07
train_speed_ramps,train,186,18.6,5582.5798666665,18.599999999999454,0.0999999999994543,5582.575,4.866666500000001,5.162499904632568,0.0,49.33274611550502,-0.008713461958898423,5.478877178930278,-0.0009796934551499616,5.478877266506246,-0.0001764803881694199,-0.00017648038816925874,7.903605260081381e-07
train_speed_ramps,train,187,18.7,5582.6798666665,18.699999999999818,0.1000000000003638,5582.675,4.866666500000001,5.106249809265137,0.0,49.879795225157046,-0.00880998069428762,5.4638823809779105,-0.0009763550862661037,5.463882468198181,-0.00017647618215388405,-0.0001764761821536952,8.815675820939796e-07
train_speed_ramps,train,188,18.8,5582.779866666499,18.799999999999272,0.0999999999994543,5582.775,4.866666500000001,5.050000190734863,0.0,50.42522196358804,-0.00890621475511068,5.446421782144147,-0.0009736195952025669,5.4464218691537445,-0.00017649084939685977,-0.00017649084939678935,5.857499044537381e-07
train_speed_ramps,train,189,18.900000000000002,5582.8798666665,18.899999999999636,0.1000000000003638,5582.875,4.866666500000001,4.993750095367432,0.0,50.96878717916212,-0.009002129135227256,5.426649555124021,-0.000970331347263816,5.426649641861409,-0.00017650625263510022,-0.0001765062526350349,4.912922354313232e-07
train_speed_ramps,train,190,19.0,5582.9798666665,19.0,0.1000000000003638,5582.975,4.866666500000001,4.9375,0.0,51.510266492179774,-0.009097683652110533,5.404711397599538,-0.0009669150627591366,5.404711484076017,-0.0001765334761616444,-0.00017653347616178775,8.211163769069695e-07
train_speed_ramps,train,191,19.1,5583.0798666665,19.099999999999454,0.0999999999994543,5583.075,4.866666500000001,4.881249904632568,0.0,52.04944981958609,-0.009192840940440233,5.380737566307882,-0.0009626522458080545,5.380737652405472,-0.0001765397132191815,-0.00017653971321920985,3.2317262826393743e-07
train_speed_ramps,train,192,19.200000000000003,5583.1798666665,19.199999999999818,0.1000000000003638,5583.175,4.866666500000001,4.824999809265137,0.0,52.58613879982928,-0.00928756614170389,5.354853060521031,-0.0009582497051152289,5.354853146245089,-0.00017656545794020317,-0.00017656545794040218,1.141289166754997e-06
train_speed_ramps,train,193,19.3,5583.279866666499,19.299999999999272,0.0999999999994543,5583.275,4.866666500000001,4.768750190734863,0.0,53.120148911560754,-0.009381826666393336,5.3271780373593165,-0.0009534282613498098,5.327178122663649,-0.00017657982743513045,-0.00017657982743523437,8.327701021683407e-07
train_speed_ramps,train,194,19.400000000000002,5583.3798666665,19.399999999999636,0.1000000000003638,5583.375,4.866666500000001,4.712500095367432,0.0,53.651303716645224,-0.009475587087984348,5.297802225737023,-0.0009483878020179219,5.297802310609295,-0.0001765804996569642,-0.00017658049965704154,1.5392000259937465e-07
train_speed_ramps,train,195,19.5,5583.4798666665,19.5,0.1000000000003638,5583.475,4.866666500000001,4.65625,0.0,54.17943943865623,-0.009568815657591689,5.266848315485053,-0.000942937553658009,5.2668483998774995,-0.00017658050498603473,-0.00017658050498610384,-9.601468452069415e-08
train_speed_ramps,train,196,19.6,5583.5798666665,19.599999999999454,0.0999999999994543,5583.575,4.866666500000001,4.599999904632568,0.0,54.70440322176021,-0.009661490054785405,5.234417240680001,-0.0009372763420949268,5.234417324578615,-0.00017659724984131486,-0.00017659724984124908,5.974241617341529e-08
train_speed_ramps,train,197,19.700000000000003,5583.6798666665,19.699999999999818,0.1000000000003638,5583.675,4.866666500000001,4.543749809265137,0.0,55.226049333094416,-0.00975357605319956,5.200581140365064,-0.0009313009058610316,5.200581223735962,-0.0001765904590405043,-0.00017659045904060676,-6.211968024243266e-07
train_speed_ramps,train,198,19.8,5583.779866666499,19.799999999999272,0.0999999999994543,5583.775,4.866666500000001,4.487500190734863,0.0,55.74423021699807,-0.009845059081295862,5.165423995622036,-0.0009250788733967631,5.165424078442622,-0.00017661116139811028,-0.00017661116139815755,4.583066038402996e-07
train_speed_ramps,train,199,19.900000000000002,5583.8798666665,19.899999999999636,0.1000000000003638,5583.875,4.866666500000001,4.431250095367432,0.0,56.25881968638064,-0.009935922583004997,5.1289379543309765,-0.000921431255401055,5.128938037076414,-0.0001766133439278228,-0.00017661334392773088,5.753065196355765e-06
train_speed_ramps,train,200,20.0,5583.9798666665,20.0,0.1000000000003638,5583.975,4.866666500000001,4.375,0.0,56.76970961319462,-0.010026128353983345,5.091324867927209,-0.0009135254447755097,5.091324949863025,-0.00017661546185943067,-0.0001766154618594728,4.3343501946560015e-06
train_speed_ramps,train,201,20.1,5584.0798666665,20.099999999999454,0.0999999999994543,5584.075,4.866666500000001,4.318749904632568,0.0,57.27678967967855,-0.010115656278275716,5.052629000690329,-0.0009053504376567417,5.052629081786108,-0.000176636817296405,-0.00017663681729644703,6.278214975386252e-07
train_speed_ramps,train,202,20.200000000000003,5584.1798666665,20.199999999999818,0.1000000000003638,5584.175,4.866666500000001,4.262499809265137,0.0,57.77995410096917,-0.010204513409025666,5.012928568906106,-0.0008974635426535051,5.012928649227992,-0.0001766272493730625,-0.00017662724937293414,1.8664957986914443e-06
train_speed_ramps,train,203,20.3,5584.279866666499,20.299999999999272,0.0999999999994543,5584.275,4.866666500000001,4.206250190734863,0.0,58.2791048093104,-0.01029265478860808,4.9722687715656875,-0.0008902993534343432,4.9722688512564615,-0.00017663085146502056,-0.0001766308514652368,1.2986395986235338e-06
train_speed_ramps,train,204,20.400000000000002,5584.3798666665,20.399999999999636,0.1000000000003638,5584.375,4.866666500000001,4.150000095367432,0.0,58.77414775395686,-0.010380071691449293,4.93071360624508,-0.0008831253415538917,4.9307136853169515,-0.00017663256764777202,-0.00017663256764773245,9.732280736875162e-07
train_speed_ramps,train,205,20.5,5584.4798666665,20.5,0.1000000000003638,5584.475,4.866666500000001,4.09375,0.0,59.26499586109977,-0.010466748315047125,4.888317838130537,-0.0008763745258660091,4.88831791667163,-0.00017665437618452628,-0.00017665437618448438,8.337370644260158e-07
train_speed_ramps,train,206,20.6,5584.5798666665,20.599999999999454,0.0999999999994543,5584.575,4.866666500000001,4.037499904632568,0.0,59.75156686565274,-0.01055267700145039,4.845134799706058,-0.0008688188984439817,4.845134877586369,-0.000176666082525756,-0.0001766660825258505,7.946599597387884e-07
train_speed_ramps,train,207,20.700000000000003,5584.6798666665,20.699999999999818,0.1000000000003638,5584.675,4.866666500000001,3.981250047683716,0.0,60.23378438154625,-0.010637840391409263,4.801227674780427,-0.0008608953894160067,4.801227751946038,-0.00017666021251150354,-0.00017666021251170973,5.140504431297864e-07
train_speed_ramps,train,208,20.8,5584.779866666499,20.799999999999272,0.0999999999994543,5584.775,4.866666500000001,3.924999952316284,0.0,60.71157860573681,-0.010722221693233861,4.756639272161752,-0.0008531815091002373,4.75663934866043,-0.00017666233015489752,-0.00017666233015496962,9.640992684869234e-07
train_speed_ramps,train,209,20.900000000000002,5584.8798666665,20.899999999999636,0.1000000000003638,5584.875,4.866666500000001,3.8687500953674316,0.0,61.184881428347005,-0.010805806796410059,4.711394950947679,-0.0008451556120761236,4.711395026734432,-0.00017665612171668954,-0.00017665612171673773,4.3169146665785094e-07
train_speed_ramps,train,210,21.0,5584.9798666665,21.0,0.1000000000003638,5584.975,4.866666500000001,3.8125,0.0,61.6536287194435,-0.01088858682535651,4.665539880202182,-0.0008370622093273826,4.665539955274726,-0.00017665858107696053,-0.00017665858107717127,7.07211460601033e-07
train_speed_ramps,train,211,21.1,5585.0798666665,21.099999999999454,0.0999999999994543,5585.075,4.866666500000001,3.7562499046325684,0.0,62.117761613105564,-0.010970553155110117,4.619118656279346,-0.0008289358127550979,4.619118730640741,-0.00017666529971371858,-0.0001766652997138941,5.154906560961389e-07
train_speed_ramps,train,212,21.200000000000003,5585.1798666665,21.199999999999818,0.1000000000003638,5585.175,4.866666500000001,3.700000047683716,0.0,62.57722353306345,-0.011051693146283367,4.572155173093704,-0.0008206574163625621,4.572155246725365,-0.00017665677453626571,-0.00017665677453641287,1.1627877512805935e-07
train_speed_ramps,train,213,21.3,5585.279866666499,21.299999999999272,0.0999999999994543,5585.275,4.866666500000001,3.643749952316284,0.0,63.031961311284704,-0.011131994282048611,4.524685291168398,-0.0008121895247459101,4.5246853640447116,-0.00017664536419870203,-0.00017664536419886344,1.918545270377835e-07
train_speed_ramps,train,214,21.400000000000002,5585.3798666665,21.399999999999636,0.1000000000003638,5585.375,4.866666500000001,3.5875000953674316,0.0,63.48192731879503,-0.011211453212197216,4.476759610859593,-0.0008036862085329119,4.4767596829816805,-0.00017665461618099343,-0.00017665461618113825,9.368415236501485e-07
train_speed_ramps,train,215,21.5,5585.4798666665,21.5,0.1000000000003638,5585.475,4.866666500000001,3.53125,0.0,63.92705665595747,-0.011290058962832425,4.4283646095843,-0.0007951682223600448,4.4283646809568245,-0.00017665855808690623,-0.0001766585580870844,8.770130637219968e-07
train_speed_ramps,train,216,21.6,5585.5808666665,21.600999999999658,0.10099999999965803,5585.576,4.866666500000001,3.4749999046325684,0.0,64.37169476321425,-0.01136857902132813,4.378991869664378,-0.0007864906109253805,4.378991940274324,-0.00017665687355927773,-0.00017665687355938149,9.691878116646417e-07
train_speed_ramps,train,217,21.700000000000003,5585.6798666665,21.699999999999818,0.09900000000016007,5585.675,4.866666500000001,3.418750047683716,0.0,64.8026597637399,-0.01144468141102208,4.330177270728087,-0.0007778514749287601,4.330177340573432,-0.00017664651066784387,-0.00017664651066800975,1.077547560783464e-06
train_speed_ramps,train,218,21.8,5585.779866666499,21.799999999999272,0.0999999999994543,5585.775,4.866666500000001,3.362499952316284,0.0,65.23306872130024,-0.011520687992839933,4.280516728541736,-0.0007684803193421278,4.280516797506121,-0.00017661580948713507,-0.0001766158094869304,2.9015554728010333e-06
train_speed_ramps,train,219,21.900000000000002,5585.8798666665,21.899999999999636,0.1000000000003638,5585.875,4.866666500000001,3.3062500953674316,0.0,65.65849991776386,-0.011595798819154984,4.230516603034708,-0.0007591312738608293,4.230516671127591,-0.0001766038214827681,-0.0001766038214826126,1.6237950909414333e-06
train_speed_ramps,train,220,22.0,5585.9798666665,22.0,0.1000000000003638,5585.975,4.866666500000001,3.25,0.0,66.07891971033249,-0.011670022147728942,4.18019782790377,-0.0007502959259354379,4.1801978952209184,-0.00017659780302858863,-0.00017659780302875196,1.3964723876686234e-06
train_speed_ramps,train,221,22.1,5586.0798666665,22.099999999999454,0.0999999999994543,5586.075,4.866666500000001,3.1937499046325684,0.0,66.49429654492657,-0.011743351541061289,4.129579924296367,-0.0007414782371272005,4.129579990845568,-0.0001765921986152108,-0.0001765921986151688,1.0713523052432716e-06
train_speed_ramps,train,222,22.200000000000003,5586.1798666665,22.199999999999818,0.1000000000003638,5586.175,4.866666500000001,3.137500047683716,0.0,66.9046007982951,-0.011815782437711557,4.078681383988477,-0.0007326337493187956,4.078681449769353,-0.00017658521382957204,-0.00017658521382941754,8.543476670164655e-07
train_speed_ramps,train,223,22.3,5586.279866666499,22.299999999999272,0.0999999999994543,5586.275,4.866666500000001,3.081249952316284,0.0,67.30980473415971,-0.011887308916362763,4.027524010114071,-0.0007234268138691128,4.027524075066449,-0.00017656132906695987,-0.00017656132906678445,4.4796619890769383e-07
train_speed_ramps,train,224,22.400000000000002,5586.3798666665,22.399999999999636,0.1000000000003638,5586.375,4.866666500000001,3.0250000953674316,0.0,67.70988280826408,-0.011957922906051322,3.9761159961076142,-0.0007146467230384141,3.9761160603108925,-0.00017654791114152246,-0.00017654791114153217,2.3323997679388704e-07
train_speed_ramps,train,225,22.5,5586.4798666665,22.5,0.1000000000003638,5586.475,4.866666500000001,2.96875,0.0,68.10480921485959,-0.012027624865317084,3.924471806409551,-0.000705829260081562,3.9244718698612022,-0.00017656524845577337,-0.0001765652484559578,1.3848621512073912e-06
train_speed_ramps,train,226,22.6,5586.5798666665,22.599999999999454,0.0999999999994543,5586.575,4.866666500000001,2.9124999046325684,0.0,68.4945616782552,-0.01209641061785971,3.87262165402111,-0.0006966029493039042,3.8726217166518384,-0.00017655760650781005,-0.00017655760650787646,5.531859385447096e-07
train_speed_ramps,train,227,22.700000000000003,5586.6798666665,22.699999999999818,0.1000000000003638,5586.675,4.866666500000001,2.856250047683716,0.0,68.87911999522196,-0.012164276479504944,3.8205741545284253,-0.0006874359095870412,3.820574216351658,-0.00017654112675025146,-0.00017654112675016156,5.297968341974997e-07
train_speed_ramps,train,228,22.8,5586.779866666499,22.799999999999272,0.0999999999994543,5586.775,4.866666500000001,2.799999952316284,0.0,69.25846254559173,-0.012231216872445612,3.768326546104831,-0.0006781160262955221,3.7683266070967587,-0.00017652890957853273,-0.00017652890957869357,8.650053930468672e-07
train_speed_ramps,train,229,22.900000000000002,5586.8798666665,22.899999999999636,0.1000000000003638,5586.875,4.866666500000001,2.7437500953674316,0.0,69.63257075971609,-0.01229722695883622,3.7159021756894353,-0.0006687337509141929,3.7159022358417806,-0.00017651521649897361,-0.00017651521649877922,1.0156970438556734e-06
train_speed_ramps,train,230,23.0,5586.9798666665,23.0,0.1000000000003638,5586.975,4.866666500000001,2.6875,0.0,70.00142383068984,-0.01236230299588794,3.6632870676793705,-0.0006594536232487749,3.6632871270131036,-0.00017649891954674146,-0.00017649891954687121,8.919592836353959e-07
train_speed_ramps,train,231,23.1,5587.0798666665,23.099999999999454,0.0999999999994543,5587.075,4.866666500000001,2.6312499046325684,0.0,70.36500728631515,-0.012426441141870572,3.610537105245426,-0.0006499629239547383,3.610537163725482,-0.00017648250868207427,-0.00017648250868229092,2.023834396933847e-07
train_speed_ramps,train,232,23.200000000000003,5587.1798666665,23.199999999999818,0.1000000000003638,5587.175,4.866666500000001,2.575000047683716,0.0,70.72328137519979,-0.012489642095631215,3.5575191568310838,-0.0006407934199894517,3.557519214519782,-0.0001765802860815846,-0.00017658028608157251,2.4264271603158434e-07
train_speed_ramps,train,233,23.3,5587.279866666499,23.299999999999272,0.0999999999994543,5587.275,4.866666500000001,2.518749952316284,0.0,71.0762218430043,-0.012551941297601793,3.504102645593801,-0.0006344415540185556,3.5041027029940426,-0.00017660443025180328,-0.00017660443025187668,5.569512064430728e-06
train_speed_ramps,train,234,23.400000000000002,5587.3798666665,23.399999999999636,0.1000000000003638,5587.375,4.866666500000001,2.4625000953674316,0.0,71.42380605005397,-0.012613289029547786,3.45025049387417,-0.0006223097766144529,3.450250549971989,-0.00017662781408223083,-0.00017662781408216464,5.44089397906836e-07
train_speed_ramps,train,235,23.5,5587.4798666665,23.5,0.1000000000003638,5587.475,4.866666500000001,2.40625,0.0,71.76599222502803,-0.012673695569172165,3.396012005351606,-0.0006127119145704862,3.3960120606002784,-0.00017663195134698384,-0.00017663195134709044,1.0440163069554734e-06
train_speed_ramps,train,236,23.6,5587.5798666665,23.599999999999454,0.0999999999994543,5587.575,4.866666500000001,2.3499999046325684,0.0,72.10274187031986,-0.01273314508996678,3.3414147662015727,-0.0006020947111341968,3.3414148204261336,-0.00017659350947729635,-0.00017659350947717443,2.2099367781301695e-06
train_speed_ramps,train,237,23.700000000000003,5587.6798666665,23.699999999999818,0.1000000000003638,5587.675,4.866666500000001,2.293750047683716,0.0,72.434019472965,-0.012791614365475875,3.2864693980341593,-0.0005914231543985143,3.286469451230379,-0.00017654356049590092,-0.00017654356049605648,2.1137067362924767e-06
train_speed_ramps,train,238,23.8,5587.779866666499,23.799999999999272,0.0999999999994543,5587.775,4.866666500000001,2.237499952316284,0.0,72.75979024874131,-0.012849092474865318,3.2311934971300795,-0.0005826060276195346,3.231193549631005,-0.00017653560190389328,-0.00017653560190408234,1.2474683196989045e-06
train_speed_ramps,train,239,23.900000000000002,5587.8798666665,23.899999999999636,0.1000000000003638,5587.875,4.866666500000001,2.1812500953674316,0.0,73.08002150098028,-0.012905590770045296,3.175612202773925,-0.0005729538335915898,3.1756122544368077,-0.00017652124531730706,-0.00017652124531729218,8.985753501030089e-07
train_speed_ramps,train,240,24.0,5587.9798666665,24.0,0.1000000000003638,5587.975,4.866666500000001,2.125,0.0,73.39468324423221,-0.012961102050624574,3.119747452509197,-0.0005633007576686282,3.119747503338374,-0.0001765134423568071,-0.00017651344235670055,6.575579676389421e-07
train_speed_ramps,train,241,24.1,5588.0798666665,24.099999999999454,0.0999999999994543,5588.075,4.866666500000001,2.0687499046325684,0.0,73.70374727703098,-0.013015623004036216,3.0636097399701816,-0.0005534394679093207,3.0636097899331163,-0.00017650293028914632,-0.00017650293028921254,6.552984760802192e-07
train_speed_ramps,train,242,24.200000000000003,5588.1798666665,24.199999999999818,0.1000000000003638,5588.175,4.866666500000001,2.012500047683716,0.0,74.007186090265,-0.013069145541659695,3.0072253391740085,-0.0005434777142793859,3.0072253882566025,-0.00017647608493431832,-0.00017647608493419318,2.440508634306631e-07
train_speed_ramps,train,243,24.3,5588.279866666499,24.299999999999272,0.0999999999994543,5588.275,4.866666500000001,1.9562499523162842,0.0,74.3049769308779,-0.013121663869151218,2.950617234467737,-0.0005335704693576331,2.9506172826831008,-0.0001764501867693724,-0.00017645018676929491,1.3612162714943678e-07
train_speed_ramps,train,244,24.400000000000002,5588.3798666665,24.399999999999636,0.1000000000003638,5588.375,4.866666500000001,1.899999976158142,0.0,74.59709549650414,-0.013173175982054785,2.893783099918999,-0.0005234298514790923,2.8937831472295485,-0.00017643023680768977,-0.00017643023680755416,1.1169430818067971e-06
train_speed_ramps,train,245,24.5,5588.4798666665,24.5,0.1000000000003638,5588.475,4.866666500000001,1.84375,0.0,74.88351785784499,-0.013223679125978117,2.8366651948961823,-0.0005132241705175863,2.836665241293719,-0.00017632216992069516,-0.0001763221699206534,1.902242249531759e-06
train_speed_ramps,train,246,24.6,5588.5798666665,24.599999999999454,0.0999999999994543,5588.575,4.866666500000001,1.787500023841858,0.0,75.16420993094101,-0.0132731366374098,2.779199616100144,-0.0005026231584712807,2.779199661519931,-0.00017617795460855845,-0.0001761779546086392,1.2598263306332713e-06
train_speed_ramps,train,247,24.700000000000003,5588.6798666665,24.699999999999818,0.1000000000003638,5588.675,4.866666500000001,1.7312500476837158,0.0,75.4391340247378,-0.013321536727965213,2.7213165046776435,-0.0004922007305131142,2.72131654915857,-0.00017610285948066462,-0.00017610285948065573,1.245863973188673e-06
train_speed_ramps,train,248,24.8,5588.779866666499,24.799999999999272,0.0999999999994543,5588.775,4.866666500000001,1.6749999523162842,0.0,75.70824629411753,-0.013368894183310883,2.6630014605220147,-0.00048171898153766247,2.663001504060554,-0.00017604359265988023,-0.00017604359266005032,1.4571598547855155e-06
train_speed_ramps,train,249,24.900000000000002,5588.8798666665,24.899999999999636,0.1000000000003638,5588.875,4.866666500000001,1.618749976158142,0.0,75.97148093950496,-0.013415203461731782,2.6042485439706295,-0.0004711980448301171,2.604248586566978,-0.00017600735033962422,-0.00017600735033978715,1.0329618603501406e-06
train_speed_ramps,train,250,25.0,5588.9798666665,25.0,0.1000000000003638,5588.975,4.866666500000001,1.5625,0.0,76.22880409861541,-0.013460465552466112,2.5450457025204005,-0.00046080747462879995,2.545045744204669,-0.0001759861112891059,-0.00017598611128918603,1.0461545486517337e-06
train_speed_ramps,train,251,25.1,5589.0798666665,25.099999999999454,0.0999999999994543,5589.075,4.866666500000001,1.506250023841858,0.0,76.48019366407523,-0.013504677942020819,2.4854563742126055,-0.0004503355237883851,2.4854564149764067,-0.000175961160881144,-0.0001759611608811966,1.2664923972780726e-06
train_speed_ramps,train,252,25.200000000000003,5589.1798666665,25.199999999999818,0.1000000000003638,5589.175,4.866666500000001,1.4500000476837158,0.0,76.72561452759948,-0.013547839566659642,2.4255194054236258,-0.0004387978884633072,2.42551944508443,-0.00017590196112893253,-0.00017590196112889688,2.756108197726993e-06
train_speed_ramps,train,253,25.3,5589.279866666499,25.299999999999272,0.0999999999994543,5589.275,4.866666500000001,1.3937499523162842,0.0,76.96503196250298,-0.013589924664376443,2.365287509097747,-0.00042810266725240706,2.3652875478084705,-0.00017585210194015488,-0.000175852101940134,2.3986378632715664e-06
train_speed_ramps,train,254,25.400000000000002,5589.3798666665,25.399999999999636,0.1000000000003638,5589.375,4.866666500000001,1.337499976158142,0.0,77.1984173074122,-0.013630935843915028,2.3047864613749853,-0.00041726247910890614,2.304786499114244,-0.00017579717187121702,-0.00017579717187135056,1.867605557421586e-06
train_speed_ramps,train,255,25.5,5589.4798666665,25.5,0.1000000000003638,5589.475,4.866666500000001,1.28125,0.0,77.42574392338122,-0.013670869324192564,2.244015092852214,-0.00040666593469946633,2.244015129667047,-0.00017574467926362303,-0.00017574467926365122,1.5601937137970911e-06
train_speed_ramps,train,256,25.6,5589.5798666665,25.599999999999454,0.0999999999994543,5589.575,4.866666500000001,1.225000023841858,0.0,77.64698445951691,-0.01370972074822681,2.1829985547644104,-0.00039652722761323754,2.1829985907392837,-0.00017571211553901733,-0.00017571211553902059,1.4456317999257081e-06
train_speed_ramps,train,257,25.700000000000003,5589.6798666665,25.699999999999818,0.1000000000003638,5589.675,4.866666500000001,1.1687500476837158,0.0,77.86211525684746,-0.013747491019729226,2.1217512975219477,-0.00038511255108189665,2.1217513324356707,-0.0001756353626194418,-0.00017563536261960873,7.455149756520884e-07
train_speed_ramps,train,258,25.8,5589.779866666499,25.799999999999272,0.0999999999994543,5589.775,4.866666500000001,1.1124999523162842,0.0,78.07111290048222,-0.01378417113979803,2.060300490796957,-0.0003745998895261294,2.060300524811562,-0.00017559363813823836,-0.00017559363813844666,1.137377133261476e-06
train_speed_ramps,train,259,25.900000000000002,5589.8798666665,25.899999999999636,0.1000000000003638,5589.875,4.866666500000001,1.056249976158142,0.0,78.27395880621606,-0.013819761223561444,1.9986684894103859,-0.0003638063705645131,1.998668522479348,-0.0001755530384435211,-0.00017555303844349346,1.4233158331196143e-06
train_speed_ramps,train,260,26.0,5589.9798666665,26.0,0.1000000000003638,5589.975,4.866666500000001,1.0,0.0,78.47063353819202,-0.013854257202593655,1.9368566390347586,-0.0003528329777718848,1.9368566711291042,-0.00017549941475225594,-0.00017549941475220743,1.468951018350079e-06
train_speed_ramps,train,261,26.1,5590.0798666665,26.099999999999454,0.0999999999994543,5590.075,4.866666500000001,1.0,0.0,78.66112229291662,-0.013887656193499243,1.8751023109667837,-0.00034181156902562656,1.8751023420771555,-0.00017544146685066764,-0.0001754414668505196,1.380080038676852e-06
train_speed_ramps,train,262,26.200000000000003,5590.1798666665,26.199999999999818,0.1000000000003638,5590.175,4.866666500000001,1.0,0.0,78.84557477829165,-0.013919984960532367,1.816315827317293,-0.0003314672477081806,1.8163158575168157,-0.00017538380445936141,-0.00017538380445918285,1.478671213899289e-06
train_speed_ramps,train,263,26.3,5590.279866666499,26.299999999999272,0.0999999999994543,5590.275,4.866666500000001,1.0,0.0,79.02430623981643,-0.013951299920331459,1.7606209447746481,-0.0003215954226852608,1.7606209740986984,-0.0001753303946920859,-0.0001753303946922595,1.4163759486009014e-06
train_speed_ramps,train,264,26.400000000000002,5590.3798666665,26.399999999999636,0.1000000000003638,5590.375,4.866666500000001,1.0,0.0,79.19761780661119,-0.013981656135936008,1.707863328948588,-0.00031219974532195334,1.7078633574356097,-0.0001752846780305184,-0.00017528467803030085,1.2974159484900783e-06
train_speed_ramps,train,265,26.5,5590.4798666665,26.5,0.1000000000003638,5590.475,4.866666500000001,1.0,0.0,79.36579784521894,-0.014011113003149,1.6579576206917346,-0.0003034916251543513,1.6579576484177974,-0.00017518987410358733,-0.00017518987410349127,1.9148181852336452e-06
train_speed_ramps,train,266,26.6,5590.5798666665,26.599999999999454,0.0999999999994543,5590.575,4.866666500000001,1.0,0.0,79.52910941940192,-0.014039703013831527,1.6108107998675363,-0.00029504037092288035,1.6108108268354164,-0.0001751037831003721,-0.00017510378310050878,1.4660451866644237e-06
train_speed_ramps,train,267,26.700000000000003,5590.6798666665,26.699999999999818,0.1000000000003638,5590.675,4.866666500000001,1.0,0.0,79.68782898362296,-0.014067471951547344,1.5663302906205643,-0.0002871855262471156,1.5663303168946134,-0.00017507794812043898,-0.00017507794812030912,1.140295913903785e-06
train_speed_ramps,train,268,26.8,5590.779866666499,26.799999999999272,0.0999999999994543,5590.775,4.866666500000001,1.0,0.0,79.84223155871561,-0.01409448134951304,1.5243959053985148,-0.0002798136157300801,1.524395931024388,-0.0001750617771296703,-0.00017506177712958918,1.022320655769309e-06
train_speed_ramps,train,269,26.900000000000002,5590.8798666665,26.899999999999636,0.1000000000003638,5590.875,4.866666500000001,1.0,0.0,79.9925642952272,-0.01412077710466314,1.484864636337424,-0.00027290022450124845,1.4848646613587977,-0.00017506339870188015,-0.00017506339870166369,9.25177149484237e-07
train_speed_ramps,train,270,27.0,5590.9798666665,27.0,0.1000000000003638,5590.975,4.866666500000001,1.0,0.0,80.13906046100033,-0.014146401664349908,1.4476014268019384,-0.0002663678093537603,1.447601451250786,-0.0001750675862335349,-0.00017506758623365043,9.136777303070544e-07
train_speed_ramps,train,271,27.1,5591.0798666665,27.099999999999454,0.0999999999994543,5591.075,4.866666500000001,1.0,0.0,80.28194021880908,-0.014171393607464028,1.4124787934346872,-0.0002602119396168566,1.4124788173441278,-0.00017507186822030008,-0.00017507186822029948,9.096743345732522e-07
train_speed_ramps,train,272,27.200000000000003,5591.1798666665,27.199999999999818,0.1000000000003638,5591.175,4.866666500000001,1.0,0.0,80.42141136091527,-0.014195789286537816,1.3793764016939192,-0.0002543315745758699,1.3793764250812328,-0.00017507677482520023,-0.00017507677482504338,7.918543788100483e-07
train_speed_ramps,train,273,27.3,5591.279866666499,27.299999999999272,0.0999999999994543,5591.275,4.866666500000001,1.0,0.0,80.55767000245017,-0.014219623206598005,1.3481806650965806,-0.00024897449554927995,1.3481806880241671,-0.00017508210403205382,-0.00017508210403225564,9.127390996560828e-07
train_speed_ramps,train,274,27.400000000000002,5591.3798666665,27.399999999999636,0.1000000000003638,5591.375,4.866666500000001,1.0,0.0,80.69090123598595,-0.0142429276999029,1.3187843673155508,-0.00024373831422112307,1.3187843897770049,-0.00017508802633825482,-0.00017508802633839352,7.965405826812362e-07
train_speed_ramps,train,275,27.5,5591.4798666665,27.5,0.1000000000003638,5591.475,4.866666500000001,1.0,0.0,80.82127974941142,-0.01426573342439264,1.2910863048224692,-0.0002388375704497463,1.291086326850495,-0.00017509429304096713,-0.00017509429304111352,7.222399560427749e-07
train_speed_ramps,train,276,27.6,5591.5798666665,27.599999999999454,0.0999999999994543,5591.575,4.866666500000001,1.0,0.0,80.94897040921325,-0.014288069313397185,1.2649909500967047,-0.00023433313945647865,1.2649909717361307,-0.00017510087155914178,-0.00017510087155911435,7.96172649556935e-07
train_speed_ramps,train,277,27.700000000000003,5591.6798666665,27.699999999999818,0.1000000000003638,5591.675,4.866666500000001,1.0,0.0,81.07412881107828,-0.014309962516437442,1.2404081335452042,-0.0002300235919176625,1.2404081548069652,-0.00017510725399239035,-0.00017510725399225984,7.783857798050264e-07
train_speed_ramps,train,278,27.8,5591.779866666499,27.799999999999272,0.0999999999994543,5591.775,4.866666500000001,1.0,0.0,81.19690179963999,-0.014331438843768314,1.217252743008946,-0.00022605168067552748,1.217252763930287,-0.00017511415016358,-0.00017511415016344334,8.892402831080652e-07
train_speed_ramps,train,279,27.900000000000002,5591.8798666665,27.899999999999636,0.1000000000003638,5591.875,4.866666500000001,1.0,0.0,81.31742795912022,-0.014352522375009598,1.1954444405240718,-0.0002221434367850302,1.1954444610954922,-0.00017512139592046339,-0.00017512139592059316,7.616768665668512e-07
train_speed_ramps,train,280,28.0,5591.9798666665,28.0,0.1000000000003638,5591.975,4.866666500000001,1.0,0.0,81.43583807646866,-0.014373236285973376,1.1749073944065043,-0.00021865714904545412,1.1749074146824057,-0.0001751287313238592,-0.00017512873132385158,8.975041787632987e-07
train_speed_ramps,train,281,28.1,5592.0798666665,28.099999999999454,0.0999999999994543,5592.075,4.866666500000001,1.0,0.0,81.55225557856721,-0.014393601914410454,1.1555700270675768,-0.00021516043827113474,1.1555700470277408,-0.0001751363902910974,-0.0001751363902911488,7.485920684918803e-07
train_speed_ramps,train,282,28.200000000000003,5592.1798666665,28.199999999999818,0.1000000000003638,5592.175,4.866666500000001,1.0,0.0,81.66679694492912,-0.014413639937080853,1.1373647760811376,-0.0002120837619748054,1.1373647957817656,-0.00017514410560437454,-0.0001751441056044305,8.826607452688375e-07
train_speed_ramps,train,283,28.3,5592.279866666499,28.299999999999272,0.0999999999994543,5592.275,4.866666500000001,1.0,0.0,81.77956569747776,-0.01443336818419415,1.1202317507504322,-0.00020895686838904058,1.1202317701662903,-0.0001751523601423166,-0.00017515236014245146,7.042693963373431e-07
train_speed_ramps,train,284,28.400000000000002,5592.3798666665,28.399999999999636,0.1000000000003638,5592.375,4.866666500000001,1.0,0.0,81.8906681364314,-0.014452805582648257,1.1041092267576753,-0.00020628618711124568,1.1041092459531672,-0.00017516040035703284,-0.00017516040035716582,8.956842780012836e-07
train_speed_ramps,train,285,28.5,5592.4798666665,28.5,0.1000000000003638,5592.475,4.866666500000001,1.0,0.0,82.00020723837204,-0.014471969937702039,1.088937306653493,-0.00020363048168848004,1.0889373256166608,-0.00017516847356002785,-0.00017516847356017413,8.909835956593206e-07
train_speed_ramps,train,286,28.6,5592.5798666665,28.599999999999454,0.0999999999994543,5592.575,4.866666500000001,1.0,0.0,82.10827526783646,-0.014490877419840816,1.0746624244832743,-0.00020109822005724844,1.0746624432219827,-0.00017517687733459297,-0.00017517687733468486,8.377063626952173e-07
train_speed_ramps,train,287,28.700000000000003,5592.6798666665,28.699999999999818,0.1000000000003638,5592.675,4.866666500000001,1.0,0.0,82.21495929183074,-0.014509543314954665,1.061234018702283,-0.00019869444393986931,1.0612340372260523,-0.000175185380564713,-0.00017518538056454427,7.663091516264383e-07
train_speed_ramps,train,288,28.8,5592.779866666499,28.799999999999272,0.0999999999994543,5592.775,4.866666500000001,1.0,0.0,82.32034147121286,-0.014527982041902502,1.0486043637606515,-0.0001964938154115323,1.0486043820928128,-0.00017519387112896467,-0.00017519387112884476,7.729256010293143e-07
train_speed_ramps,train,289,28.900000000000002,5592.8798666665,28.899999999999636,0.1000000000003638,5592.875,4.866666500000001,1.0,0.0,82.42449933577531,-0.014546207119717436,1.0367284112363222,-0.00019440039846432578,1.0367284293840946,-0.0001752025598373841,-0.00017520255983753723,7.467364150433636e-07
train_speed_ramps,train,290,29.0,5592.9798666665,29.0,0.1000000000003638,5592.975,4.866666500000001,1.0,0.0,82.5275060439021,-0.014564231434703695,1.0255636396872478,-0.00019255287775337126,1.025563657682799,-0.00017521130329445356,-0.00017521130329465189,8.75126408192593e-07
train_speed_ramps,train,291,29.1,5593.0798666665,29.099999999999454,0.0999999999994543,5593.075,4.866666500000001,1.0428571701049805,0.0,82.62943235087137,-0.014582067007262594,1.0152804603394974,-0.0001907570179716174,1.0152804781783513,-0.00017522033462391562,-0.0001752203346240322,8.652891669985336e-07
train_speed_ramps,train,292,29.200000000000003,5593.1798666665,29.199999999999818,0.1000000000003638,5593.175,4.866666500000001,1.085714340209961,0.0,82.73047159486121,-0.01459974779706833,1.0079778824960284,-0.00018947154070922894,1.007977900221987,-0.0001752393300891164,-0.00017523933008914763,1.0044684945589631e-06
train_speed_ramps,train,293,29.3,5593.279866666499,29.299999999999272,0.0999999999994543,5593.275,4.866666500000001,1.1285713911056519,0.0,82.83093466887863,-0.014617328898633207,1.0037134355324004,-0.00018875344419215295,1.0037134531981338,-0.00017524985027472795,-0.0001752498502746502,1.187219414446184e-06
train_speed_ramps,train,294,29.400000000000002,5593.3798666665,29.399999999999636,0.1000000000003638,5593.375,4.866666500000001,1.1714285612106323,0.0,82.93111673458019,-0.014634861730033859,1.0023137956571089,-0.00018843442105569627,1.0023138132885911,-0.00017526273918866409,-0.000175262739188577,1.6102988480349072e-06
train_speed_ramps,train,295,29.5,5593.4798666665,29.5,0.1000000000003638,5593.475,4.866666500000001,1.2142857313156128,0.0,83.03129665554222,-0.01465239443022325,1.0036166458187274,-0.00018867450797917625,1.0036166634723684,-0.00017526978701765117,-0.00017526978701768887,1.4003520497539703e-06
train_speed_ramps,train,296,29.6,5593.5798666665,29.599999999999454,0.0999999999994543,5593.575,4.866666500000001,1.2571429014205933,0.0,83.13173647194974,-0.014669973361932629,1.0074607827721818,-0.00018938579721320455,1.0074608004914773,-0.00017527230854952336,-0.00017527230854967715,1.0394137770407063e-06
train_speed_ramps,train,297,29.700000000000003,5593.6798666665,29.699999999999818,0.1000000000003638,5593.675,4.866666500000001,1.2999999523162842,0.0,83.23268334019453,-0.014687642270482925,1.0137038636823967,-0.00019039857556889803,1.0137038814834236,-0.00017528128382604535,-0.00017528128382594246,9.49828023810744e-07
train_speed_ramps,train,298,29.8,5593.779866666499,29.799999999999272,0.0999999999994543,5593.775,4.866666500000001,1.3428571224212646,0.0,83.33437153036236,-0.014705442382658652,1.0222183186298692,-0.00019185717406343275,1.022218336555947,-0.00017529570722318866,-0.00017529570722325477,1.1557233122391838e-06
train_speed_ramps,train,299,29.900000000000002,5593.8798666665,29.899999999999636,0.1000000000003638,5593.875,4.866666500000001,1.3857142925262451,0.0,83.43702153340676,-0.01472341195245724,1.0328698156128402,-0.00019384913026572714,1.0328698337245608,-0.00017530464619541775,-0.00017530464619532228,1.2168523826601478e-06
train_speed_ramps,train,300,30.0,5593.9798666665,30.0,0.1000000000003638,5593.975,4.866666500000001,1.4285714626312256,0.0,83.54084596243933,-0.014741587996517458,1.045558341056796,-0.00019601668890792596,1.045558359353628,-0.00017531238227741497,-0.00017531238227726304,7.248104496075352e-07
train_speed_ramps,train,301,30.1,5594.0798666665,30.099999999999454,0.0999999999994543,5594.075,4.866666500000001,1.4714285135269165,0.0,83.64604254895934,-0.014760006150984493,1.060222092823817,-0.00019850681175850694,1.0602221113320311,-0.00017532613612125658,-0.00017532613612113187,1.0150412549520286e-06
train_speed_ramps,train,302,30.200000000000003,5594.1798666665,30.199999999999818,0.1000000000003638,5594.175,4.866666500000001,1.514285683631897,0.0,83.75279205103664,-0.014778691266942812,1.076674410622748,-0.00020048197832775826,1.0766744292246262,-0.00017534594500512313,-0.00017534594500490824,-2.093746255805205e-06
train_speed_ramps,train,303,30.3,5594.279866666499,30.299999999999272,0.0999999999994543,5594.275,4.866666500000001,1.5571428537368774,0.0,83.86126819721098,-0.014797692610374476,1.09481882158477,-0.000204631845564449,1.0948188406354078,-0.00017534854558975965,-0.00017534854558997985,9.029970964949508e-07
train_speed_ramps,train,304,30.400000000000002,5594.3798666665,30.399999999999636,0.1000000000003638,5594.375,4.866666500000001,1.600000023841858,0.0,83.97163599564965,-0.014817020630267828,1.1145550634110044,-0.00020818325406943018,1.1145550827810986,-0.00017535940349366896,-0.00017535940349367246,8.066977290258917e-07
train_speed_ramps,train,305,30.5,5594.4798666665,30.5,0.1000000000003638,5594.475,4.866666500000001,1.6428571939468384,0.0,84.08405057781498,-0.014836705697391567,1.1357969964559549,-0.00021249049508585525,1.135797016255127,-0.0001753870110157152,-0.00017538701101583507,3.523751653176255e-07
train_speed_ramps,train,306,30.6,5594.5798666665,30.599999999999454,0.0999999999994543,5594.575,4.866666500000001,1.6857142448425293,0.0,84.19865876749262,-0.01485678329846736,1.1584602360411187,-0.00021585361239837822,1.158460256081534,-0.00017538415853834977,-0.00017538415853826935,7.381159113655241e-07
train_speed_ramps,train,307,30.700000000000003,5594.6798666665,30.699999999999818,0.1000000000003638,5594.675,4.866666500000001,1.7285714149475098,0.0,84.31559900309297,-0.014877267868970662,1.1824599274529912,-0.00022008440947630627,1.1824599478664575,-0.00017539569379154685,-0.00017539569379138026,7.622806487581217e-07
train_speed_ramps,train,308,30.8,5594.779866666499,30.799999999999272,0.0999999999994543,5594.775,4.866666500000001,1.7714285850524902,0.0,84.43500122952341,-0.014898185367171655,1.2077141385407049,-0.00022475238158017858,1.2077141593847602,-0.00017541915247631934,-0.00017541915247618842,9.671353838441227e-07
train_speed_ramps,train,309,30.900000000000002,5594.8798666665,30.899999999999636,0.1000000000003638,5594.875,4.866666500000001,1.8142857551574707,0.0,84.55698744147216,-0.014919558137557654,1.2341513017159895,-0.000229132930419827,1.2341513229216425,-0.00017541329156234298,-0.00017541329156236935,4.3002848698431857e-07
train_speed_ramps,train,310,31.0,5594.9798666665,31.0,0.1000000000003638,5594.975,4.866666500000001,1.8571428060531616,0.0,84.68167308608933,-0.01494140555845936,1.2617038027741303,-0.00023402870979850478,1.2617038244148855,-0.00017542984664054018,-0.0001754298466404171,7.675920822083061e-07
train_speed_ramps,train,311,31.1,5595.0798666665,31.099999999999454,0.0999999999994543,5595.075,4.866666500000001,1.899999976158142,0.0,84.80916660061752,-0.014963745507164013,1.2903092559992737,-0.00023896378855233256,1.2903092780660208,-0.00017546221914566118,-0.00017546221914586105,5.630854609251414e-07
train_speed_ramps,train,312,31.200000000000003,5595.1798666665,31.199999999999818,0.1000000000003638,5595.175,4.866666500000001,1.9428571462631226,0.0,84.93957322307006,-0.014986594059452242,1.3199691903593556,-0.0002442227575380025,1.3199692128930745,-0.00017552514171415012,-0.00017552514171396952,3.119029822824591e-07
train_speed_ramps,train,313,31.3,5595.279866666499,31.299999999999272,0.0999999999994543,5595.275,4.866666500000001,1.985714316368103,0.0,85.07299823372826,-0.015009978817355668,1.3506540543608319,-0.00024967694221738804,1.3506540773800204,-0.00017558959297092613,-0.00017558959297095335,5.912128739829977e-07
train_speed_ramps,train,314,31.400000000000002,5595.3798666665,31.399999999999636,0.1000000000003638,5595.375,4.866666500000001,2.028571367263794,0.0,85.2095429792281,-0.015033923851532714,1.3823452276821777,-0.00025530366647023275,1.382345251201198,-0.00017562016058869645,-0.00017562016058888678,1.2917145990071294e-06
train_speed_ramps,train,315,31.5,5595.4798666665,31.5,0.1000000000003638,5595.475,4.866666500000001,2.0714285373687744,0.0,85.34930888240312,-0.01505843844394728,1.4150345647410265,-0.0002610709703075461,1.4150345887690228,-0.0001756385375251135,-0.0001756385375250211,1.4201023577852547e-06
train_speed_ramps,train,316,31.6,5595.5798666665,31.599999999999454,0.0999999999994543,5595.575,4.866666500000001,2.114285707473755,0.0,85.4923924224582,-0.015083537849314377,1.4486571571910976,-0.00026704042297044113,1.4486571817491232,-0.00017565231430793915,-0.00017565231430784767,1.0444296250233496e-06
train_speed_ramps,train,317,31.700000000000003,5595.6798666665,31.699999999999818,0.1000000000003638,5595.675,4.866666500000001,2.1571428775787354,0.0,85.63889874856024,-0.015109241349006411,1.4831894533267633,-0.0002731560236449824,1.483189478426519,-0.00017567099484416815,-0.0001756709948440369,1.0564909606840085e-06
train_speed_ramps,train,318,31.8,5595.779866666499,31.799999999999272,0.0999999999994543,5595.775,4.866666500000001,2.200000047683716,0.0,85.7889116653911,-0.01513556400462987,1.5186172375126723,-0.0002793152324749883,1.5186172631480124,-0.00017569063945543917,-0.00017569063945559258,1.2460481557503893e-06
train_speed_ramps,train,319,31.900000000000002,5595.8798666665,31.899999999999636,0.1000000000003638,5595.875,4.866666500000001,2.2428572177886963,0.0,85.94250284414295,-0.015162510521187512,1.55484960787346,-0.00028540840979962556,1.5548496340204607,-0.0001757186582791448,-0.00017571865827903268,-1.6909478013562784e-06
train_speed_ramps,train,320,32.0,5595.9798666665,32.0,0.1000000000003638,5595.975,4.866666500000001,2.2857143878936768,0.0,86.09974989739024,-0.015190110148299792,1.5918219448690247,-0.0002926482044246656,1.5918219717176842,-0.00017574111723916985,-0.00017574111723937891,-6.010804034085071e-07
train_speed_ramps,train,321,32.1,5596.0798666665,32.099999999999454,0.0999999999994543,5596.075,4.866666500000001,2.328571319580078,0.0,86.26072550215873,-0.015218364546789091,1.6294983540490746,-0.0003003049892144774,1.6294983816620277,-0.00017577696452031333,-0.00017577696452049154,-6.096220534659355e-07
train_speed_ramps,train,322,32.2,5596.1798666665,32.19999999999982,0.1000000000003638,5596.175,4.866666500000001,2.3714284896850586,0.0,86.4254986338622,-0.015247298128642225,1.6678310797769562,-0.00030636716706912296,1.6678311078633443,-0.0001757797915979964,-0.0001757797915978859,3.955983136153453e-07
train_speed_ramps,train,323,32.300000000000004,5596.279866666499,32.29999999999927,0.0999999999994543,5596.275,4.866666500000001,2.414285659790039,0.0,86.59413331878902,-0.01527691078460741,1.7067876172710268,-0.00031261277444866474,1.7067876458534614,-0.0001757833764424177,-0.00017578337644226673,6.998351176475983e-07
train_speed_ramps,train,324,32.4,5596.3798666665,32.399999999999636,0.1000000000003638,5596.375,4.866666500000001,2.4571428298950195,0.0,86.76669074173975,-0.015307212729936834,1.746324192544927,-0.0003196029363302294,1.7463242217455133,-0.00017580185464449727,-0.0001758018546443108,7.075484724617524e-07
train_speed_ramps,train,325,32.5,5596.4798666665,32.5,0.1000000000003638,5596.475,4.866666500000001,2.5,0.0,86.94322703529232,-0.015338217286348361,1.7864034206425077,-0.0003269080652483425,1.7864034505083888,-0.00017583228575857035,-0.00017583228575856287,9.127246184143557e-07
train_speed_ramps,train,326,32.6,5596.5798666665,32.599999999999454,0.0999999999994543,5596.575,4.866666500000001,2.5428571701049805,0.0,87.12379546455817,-0.015369935266409207,1.8269983515551722,-0.0003339751458357127,1.8269983820363862,-0.00017585182237356278,-0.0001758518223735611,9.66595517684586e-07
train_speed_ramps,train,327,32.7,5596.6798666665,32.69999999999982,0.1000000000003638,5596.675,4.866666500000001,2.585714340209961,0.0,87.3084467256399,-0.015402374544515193,1.8680808564283449,-0.00034114378890918524,1.868080887535188,-0.00017586966964966422,-0.00017586966964976047,1.0410923882035846e-06
train_speed_ramps,train,328,32.800000000000004,5596.779866666499,32.79999999999927,0.0999999999994543,5596.775,4.866666500000001,2.6285715103149414,0.0,87.49722850008298,-0.015435543302976399,1.9096192731092552,-0.00034846428539143774,1.9096193048613086,-0.0001758816696306731,-0.00017588166963062975,8.279044155807019e-07
train_speed_ramps,train,329,32.9,5596.8798666665,32.899999999999636,0.1000000000003638,5596.875,4.866666500000001,2.671428680419922,0.0,87.69018526477252,-0.015469449734989149,1.9515906869390691,-0.00035587350851794296,1.9515907193453008,-0.0001758984277766551,-0.00017589842777675306,7.265254550050506e-07
train_speed_ramps,train,330,33.0,5596.9798666665,33.0,0.1000000000003638,5596.975,4.866666500000001,2.7142856121063232,0.0,87.88736128908019,-0.015504102529651348,1.9939813847862127,-0.0003633747891344867,1.9939814178564,-0.00017592074456995732,-0.0001759207445697872,9.821009682835328e-07
train_speed_ramps,train,331,33.1,5597.0798666665,33.099999999999454,0.0999999999994543,5597.075,4.866666500000001,2.7571427822113037,0.0,88.08879563764337,-0.015539508288797322,2.036743738492671,-0.0003709012562011571,2.0367437722254715,-0.00017594130542342157,-0.00017594130542330466,9.186757662169926e-07
train_speed_ramps,train,332,33.2,5597.1798666665,33.19999999999982,0.1000000000003638,5597.175,4.866666500000001,2.799999952316284,0.0,88.29452469917757,-0.015575673287557976,2.079854257036682,-0.00037853639376208393,2.0798542914457645,-0.000175956943709199,-0.00017595694370929515,8.153821760933425e-07
train_speed_ramps,train,333,33.300000000000004,5597.279866666499,33.29999999999927,0.0999999999994543,5597.275,4.866666500000001,2.8428571224212646,0.0,88.50458257236372,-0.015612604758489114,2.1232906656495993,-0.0003862093113343007,2.1232907007366695,-0.00017598062819157434,-0.00017598062819143407,1.119607274943277e-06
train_speed_ramps,train,334,33.4,5597.3798666665,33.399999999999636,0.1000000000003638,5597.375,4.866666500000001,2.885714292526245,0.0,88.71901811239162,-0.015650311412366308,2.1670522347121226,-0.00039394041623795346,2.1670522704823525,-0.00017600174087073484,-0.00017600174087060693,1.3606558460298622e-06
train_speed_ramps,train,335,33.5,5597.4798666665,33.5,0.1000000000003638,5597.475,4.866666500000001,2.9285714626312256,0.0,88.93785956376453,-0.01568878735462131,2.211166091712691,-0.0003964988640505501,2.211166127250157,-0.00017602824135432016,-0.00017602824135421122,-7.565962466576757e-06
train_speed_ramps,train,336,33.6,5597.5798666665,33.599999999999454,0.0999999999994543,5597.575,4.866666500000001,2.971428632736206,0.0,89.16112139928232,-0.01572806492422202,2.25557595587362,-0.0004095669989097009,2.25557599302354,-0.00017603898002249707,-0.00017603898002258018,1.1159833194838745e-06
train_speed_ramps,train,337,33.7,5597.6798666665,33.69999999999982,0.1000000000003638,5597.675,4.866666500000001,3.0142858028411865,0.0,89.38883143199426,-0.015768119600561563,2.3002333112316355,-0.0004175150000096076,2.300233349088969,-0.00017605607421211644,-0.00017605607421207448,6.368441955328444e-07
train_speed_ramps,train,338,33.800000000000004,5597.779866666499,33.79999999999927,0.0999999999994543,5597.775,4.866666500000001,3.057142972946167,0.0,89.62101445339465,-0.01580897121989031,2.3451188484847685,-0.00042481987190991634,2.3451188869325903,-0.00017606043958906525,-0.00017606043958888568,1.4872718543489453e-06
train_speed_ramps,train,339,33.9,5597.8798666665,33.899999999999636,0.1000000000003638,5597.875,4.866666500000001,3.0999999046325684,0.0,89.8576930986323,-0.015850606082503507,2.390229746919777,-0.00043413330464325746,2.3902297863088404,-0.00017611116257976178,-0.00017611116257971424,2.70209971113498e-07
train_speed_ramps,train,340,34.0,5597.9798666665,34.0,0.1000000000003638,5597.975,4.866666500000001,3.142857074737549,0.0,90.09888986087537,-0.01589305132150019,2.435536784353873,-0.0004414522491661514,2.435536824329524,-0.00017613053716658555,-0.0001761305371666389,1.3763723672227284e-07
train_speed_ramps,train,341,34.1,5598.0798666665,34.099999999999454,0.0999999999994543,5598.075,4.866666500000001,3.1857142448425293,0.0,90.34462081845209,-0.01593629596048052,2.480961483782551,-0.00044999009135862915,2.4809615245585586,-0.00017622065312217217,-0.00017622065312219954,2.143373304306682e-07
train_speed_ramps,train,342,34.2,5598.1798666665,34.19999999999982,0.1000000000003638,5598.175,4.866666500000001,3.2285714149475098,0.0,90.59489619753815,-0.015980361281356305,2.5264678892431562,-0.0004578387120275978,2.526467930696675,-0.00017630003366031488,-0.00017630003366045404,-1.3510984578150327e-07
train_speed_ramps,train,343,34.300000000000004,5598.279866666499,34.29999999999927,0.0999999999994543,5598.275,4.866666500000001,3.2714285850524902,0.0,90.84972375259687,-0.016025252165753744,2.5720385711032843,-0.0004660868582026557,2.5720386133038575,-0.00017638889450877215,-0.0001763888945087831,-8.693628546254487e-08
train_speed_ramps,train,344,34.4,5598.3798666665,34.399999999999636,0.1000000000003638,5598.375,4.866666500000001,3.3142857551574707,0.0,91.10910732613019,-0.01607097379424277,2.6176101890421375,-0.00047444535268836136,2.6176102320090315,-0.00017646102597979052,-0.00017646102597963973,7.797932194205932e-07
train_speed_ramps,train,345,34.5,5598.4798666665,34.5,0.1000000000003638,5598.475,4.866666500000001,3.357142925262451,0.0,91.37304642365893,-0.01611751184055494,2.6631618815455624,-0.00048250865005215136,2.6631619252265644,-0.00017649742198688756,-0.0001764974219869524,9.596380156142298e-07
train_speed_ramps,train,346,34.6,5598.5798666665,34.599999999999454,0.0999999999994543,5598.575,4.866666500000001,3.4000000953674316,0.0,91.64153897293131,-0.016164861601006605,2.7086880608739508,-0.0004905720272706519,2.7086881052693847,-0.00017652692686498384,-0.0001765269268647937,1.3523253152835928e-06
train_speed_ramps,train,347,34.7,5598.6798666665,34.69999999999982,0.1000000000003638,5598.675,4.866666500000001,3.442857027053833,0.0,91.91458328553499,-0.01621302241311192,2.7541901465962706,-0.0004986874200154684,2.754190191715664,-0.00017655394953131065,-0.00017655394953115057,1.2173823045578944e-06
train_speed_ramps,train,348,34.800000000000004,5598.779866666499,34.79999999999927,0.0999999999994543,5598.775,4.866666500000001,3.4857141971588135,0.0,92.19217660534204,-0.01626199325332457,2.799659659914959,-0.0005068294063496634,2.7996597057634474,-0.00017657526983860805,-0.0001765752698387206,8.496379201899175e-07
train_speed_ramps,train,349,34.9,5598.8798666665,34.899999999999636,0.1000000000003638,5598.875,4.866666500000001,3.528571367263794,0.0,92.47431618692116,-0.016311774425778677,2.8450989634729815,-0.000514939976810553,2.8450990100455473,-0.00017660108775530148,-0.00017660108775508678,8.621701163441627e-07
train_speed_ramps,train,350,35.0,5598.9798666665,35.0,0.1000000000003638,5598.975,4.866666500000001,3.5714285373687744,0.0,92.76100110050788,-0.01636236802678122,2.890523083993856,-0.000523008205435716,2.890523131283364,-0.00017663527984446148,-0.00017663527984444256,1.3525969390731877e-06
train_speed_ramps,train,351,35.1,5599.0798666665,35.099999999999454,0.0999999999994543,5599.075,4.866666500000001,3.614285707473755,0.0,93.05224618680383,-0.016413773853042362,2.935950934510951,-0.0005311049014081456,2.9359509825222285,-0.00017665788279286332,-0.00017665788279286286,9.021484811545203e-07
train_speed_ramps,train,352,35.2,5599.1798666665,35.19999999999982,0.1000000000003638,5599.175,4.866666500000001,3.6571428775787354,0.0,93.34804665133403,-0.0164659876697078,2.9814049821390447,-0.000537183138156844,2.981405030515203,-0.00017669399047637313,-0.00017669399047651446,-2.872534019551829e-06
train_speed_ramps,train,353,35.300000000000004,5599.279866666499,35.29999999999927,0.0999999999994543,5599.275,4.866666500000001,3.700000047683716,0.0,93.64838577643764,-0.01651902202767744,3.0268321017456077,-0.0005473286464173473,3.026832151205516,-0.00017671279422826203,-0.00017671279422827585,8.058136704810342e-07
train_speed_ramps,train,354,35.4,5599.3798666665,35.399999999999636,0.1000000000003638,5599.375,4.866666500000001,3.7428572177886963,0.0,93.95326086529428,-0.016572848085933577,3.0722206458174988,-0.000555977474874626,3.0722206960978045,-0.00017676844057223917,-0.00017676844057207508,-2.586762735067039e-06
train_speed_ramps,train,355,35.5,5599.4798666665,35.5,0.1000000000003638,5599.475,4.866666500000001,3.7857143878936768,0.0,94.26266889480983,-0.0166275065095258,3.1175969561178967,-0.0005643149977940076,3.117597007163316,-0.00017678669410514658,-0.00017678669410492662,2.3056271358453597e-07
train_speed_ramps,train,356,35.6,5599.5798666665,35.599999999999454,0.0999999999994543,5599.575,4.866666500000001,3.828571319580078,0.0,94.57660958335556,-0.016682963734844087,3.1629475235845597,-0.0005730328831458313,3.162947575463075,-0.00017682818425734936,-0.00017682818425724477,-8.020299450979652e-08
train_speed_ramps,train,357,35.7,5599.6798666665,35.69999999999982,0.1000000000003638,5599.675,4.866666500000001,3.8714284896850586,0.0,94.89508055004252,-0.01673923996880609,3.208272002042137,-0.0005798149708051161,3.20827205441129,-0.00017682664132179227,-0.00017682664132197807,6.314529335228295e-07
train_speed_ramps,train,358,35.800000000000004,5599.779866666499,35.79999999999927,0.0999999999994543,5599.775,4.866666500000001,3.914285659790039,0.0,95.21807980291373,-0.01679631719469423,3.2535689553542086,-0.0005883070238851293,3.253569008517323,-0.0001768657290242004,-0.0001768657290239927,7.57466647522873e-07
train_speed_ramps,train,359,35.9,5599.8798666665,35.899999999999636,0.1000000000003638,5599.875,4.866666500000001,3.9571428298950195,0.0,95.54560503285627,-0.01685420609343454,3.2988464852129877,-0.0005962477915507703,3.2988465390727226,-0.00017689277682864102,-0.00017689277682856117,7.927401112018587e-07
train_speed_ramps,train,360,36.0,5599.9798666665,36.0,0.1000000000003638,5599.975,4.866666500000001,4.0,0.0,95.87765537564768,-0.016912903787762806,3.3441033625618384,-0.0006041012816451106,3.3441034171029385,-0.0001769093298209512,-0.00017690932982094594,6.169144713358967e-07
train_speed_ramps,train,361,36.1,5600.0798666665,36.099999999999454,0.0999999999994543,5600.075,4.866666500000001,4.0,0.0,96.21422649898624,-0.01697240952319347,3.38913318566143,-0.0006121610572813467,3.3891332409240453,-0.00017693426803155887,-0.00017693426803142836,6.523803762341806e-07
train_speed_ramps,train,362,36.2,5600.1798666665,36.19999999999982,0.1000000000003638,5600.175,4.866666500000001,4.0,0.0,96.55518957060748,-0.017032701706049456,3.4317971621337513,-0.0006198116368126282,3.4317972180825396,-0.00017696109978526664,-0.00017696109978517494,6.341822285087863e-07
train_speed_ramps,train,363,36.300000000000004,5600.279866666499,36.29999999999927,0.0999999999994543,5600.275,4.866666500000001,4.0,0.0,96.90029334327545,-0.017093737334652356,3.4719961580493015,-0.0006270672769173208,3.4719962146528576,-0.0001769786733007983,-0.00017697867330065194,1.0801012106080763e-06
train_speed_ramps,train,364,36.4,5600.3798666665,36.399999999999636,0.1000000000003638,5600.375,4.866666500000001,4.0,0.0,97.24929638168123,-0.017155468525145972,3.509821139655692,-0.0006337215307087425,3.5098211968443382,-0.00017696244579568088,-0.00017696244579586479,1.0446155954049252e-06
train_speed_ramps,train,365,36.5,5600.4798666665,36.5,0.1000000000003638,5600.475,4.866666500000001,4.0,0.0,97.60196707866608,-0.017217845367834644,3.5453931077077527,-0.000639984320838274,3.5453931654475332,-0.00017694950932511944,-0.00017694950932528293,1.0165410273945763e-06
train_speed_ramps,train,366,36.6,5600.5798666665,36.599999999999454,0.0999999999994543,5600.575,4.866666500000001,4.0,0.0,97.9580869746373,-0.01728082930439629,3.5788443661134006,-0.0006459068743896383,3.578844424377333,-0.0001769382133973707,-0.00017693821339751322,1.0063621292438546e-06
train_speed_ramps,train,367,36.7,5600.6798666665,36.69999999999982,0.1000000000003638,5600.675,4.866666500000001,4.0,0.0,98.31744951721689,-0.017344383608390454,3.6102729455466185,-0.0006514625204033467,3.6102730043018134,-0.00017695609260748313,-0.00017695609260745884,6.592501663917456e-07
train_speed_ramps,train,368,36.800000000000004,5600.779866666499,36.79999999999927,0.0999999999994543,5600.775,4.866666500000001,4.0,0.0,98.67986798594748,-0.017408485850038426,3.6397686692666804,-0.0006567681677406296,3.639768728499195,-0.00017697656904536174,-0.00017697656904523215,7.068533842752992e-07
train_speed_ramps,train,369,36.9,5600.8798666665,36.899999999999636,0.1000000000003638,5600.875,4.866666500000001,4.0,0.0,99.04515137408843,-0.017473102482652113,3.6674523437417204,-0.0006617382062124765,3.667452403420531,-0.00017699649715385846,-0.0001769964971538069,6.947767047920043e-07
train_speed_ramps,train,370,37.0,5600.9798666665,37.0,0.1000000000003638,5600.975,4.866666500000001,4.0,0.0,99.41311583985444,-0.01753820108022444,3.6934402482339808,-0.0006664252395285632,3.69344030833556,-0.00017701637267419912,-0.0001770163726743018,7.067751559688113e-07
train_speed_ramps,train,371,37.1,5601.0798666665,37.099999999999454,0.0999999999994543,5601.075,4.866666500000001,4.0,0.0,99.78359721849452,-0.017603752530856307,3.717836216358716,-0.0006708346019967002,3.717836276858851,-0.0001770358941168837,-0.00017703589411698718,7.273429139140774e-07
train_speed_ramps,train,372,37.2,5601.1798666665,37.19999999999982,0.1000000000003638,5601.175,4.866666500000001,4.0,0.0,100.15644139307865,-0.01766972964792487,3.7407377265211785,-0.000674968735060537,3.7407377873945653,-0.000177055436062723,-0.00017705543606262375,7.343483949992751e-07
train_speed_ramps,train,373,37.300000000000004,5601.279866666499,37.29999999999927,0.0999999999994543,5601.275,4.866666500000001,4.0,0.0,100.53150367973973,-0.017736106851285505,3.762236290710679,-0.0006788534677233391,3.76223635193515,-0.00017707486764573233,-0.0001770748676458724,7.322542707828732e-07
train_speed_ramps,train,374,37.4,5601.3798666665,37.399999999999636,0.1000000000003638,5601.375,4.866666500000001,4.0,0.0,100.90864825058405,-0.017802860146314766,3.7824178195575078,-0.0006824772039469226,3.782417881107497,-0.000177094335271466,-0.00017709433527165146,6.998128801828329e-07
train_speed_ramps,train,375,37.5,5601.4798666665,37.5,0.1000000000003638,5601.475,4.866666500000001,4.0,0.0,101.28774759183634,-0.01786996699963791,3.8013629650088676,-0.0006859066520627506,3.801363026869353,-0.0001771135042578642,-0.00017711350425787483,6.994907808968387e-07
train_speed_ramps,train,376,37.6,5601.5798666665,37.599999999999454,0.0999999999994543,5601.575,4.866666500000001,4.0,0.0,101.66868199514585,-0.017937406191400385,3.819147442115184,-0.0006891506411554115,3.819147504271523,-0.00017713255599760558,-0.00017713255599776973,7.211828459051589e-07
train_speed_ramps,train,377,37.7,5601.6798666665,37.69999999999982,0.1000000000003638,5601.675,4.866666500000001,4.0,0.0,102.05133908001508,-0.018005157838478072,3.8358423311007703,-0.000692172536509434,3.835842393530717,-0.00017715151515007577,-0.00017715151514997353,7.107487200911719e-07
train_speed_ramps,train,378,37.800000000000004,5601.779866666499,37.79999999999927,0.0999999999994543,5601.775,4.866666500000001,4.0,0.0,102.43561334539588,-0.018073203257491333,3.851514360928004,-0.0006950176007397899,3.851514423616281,-0.000177170301659757,-0.00017717030165985504,7.015182152724436e-07
train_speed_ramps,train,379,37.9,5601.8798666665,37.899999999999636,0.1000000000003638,5601.875,4.866666500000001,4.0,0.0,102.8214057487687,-0.018141525008780322,3.8662261755780967,-0.000697703713585904,3.8662262385116204,-0.00017718953961454176,-0.00017718953961473052,7.041070366074304e-07
train_speed_ramps,train,380,38.0,5601.9798666665,38.0,0.1000000000003638,5601.975,4.866666500000001,4.0,0.0,103.20862331090234,-0.018210106650560845,3.8800365840151034,-0.0007002502106046737,3.8800366471832795,-0.00017720810956234345,-0.00017720810956225913,7.384547560740822e-07
train_speed_ramps,train,381,38.1,5602.0798666665,38.099999999999454,0.0999999999994543,5602.075,4.866666500000001,4.0,0.0,103.59717874483333,-0.018278932588477032,3.893000794878404,-0.0007026054475534821,3.8930008582606264,-0.00017722664315611425,-0.00017722664315606766,7.10999872354913e-07
train_speed_ramps,train,382,38.2,5602.1798666665,38.19999999999982,0.1000000000003638,5602.175,4.866666500000001,4.0,0.0,103.98699010754636,-0.01834798839622136,3.90517063675444,-0.0007048552247449792,3.9051707003444958,-0.00017724515378336747,-0.0001772451537835276,7.414092738717848e-07
train_speed_ramps,train,383,38.300000000000004,5602.279866666499,38.29999999999927,0.0999999999994543,5602.275,4.866666500000001,4.0,0.0,104.37798047290119,-0.018417260382675157,3.916594765097478,-0.0007069564906285211,3.9165948288807555,-0.0001772633641752286,-0.00017726336417524377,7.46562924202874e-07
train_speed_ramps,train,384,38.400000000000006,5602.3798666665,38.399999999999636,0.1000000000003638,5602.375,4.866666500000001,4.0,0.0,104.77007762464443,-0.01848673578642382,3.9273188563725574,-0.0007089089923735651,3.9273189203336907,-0.00017728203364297812,-0.00017728203364311687,7.115810422737054e-07
train_speed_ramps,train,385,38.5,5602.4798666665,38.5,0.1000000000003638,5602.475,4.866666500000001,4.0,0.0,105.16321752246856,-0.018556403391860585,3.9373834157726435,-0.0007107650980677317,3.9373834799049066,-0.0001773004985876625,-0.00017730049858775049,7.054687172880558e-07
train_speed_ramps,train,386,38.6,5602.5798666665,38.599999999999454,0.0999999999994543,5602.575,4.866666500000001,4.0,0.0,105.55733499088889,-0.018626251595650685,3.9468296664977127,-0.0007125158691742231,3.946829730792145,-0.0001773186414086858,-0.00017731864140863564,7.174412945639214e-07
train_speed_ramps,train,387,38.7,5602.6798666665,38.69999999999982,0.1000000000003638,5602.675,4.866666500000001,4.0,0.0,105.9523672992866,-0.018696269188644893,3.9556972853769743,-0.0007141820859295208,3.95569734982768,-0.00017733665676633592,-0.0001773366567661857,7.442230207007344e-07
train_speed_ramps,train,388,38.800000000000004,5602.779866666499,38.79999999999927,0.0999999999994543,5602.775,4.866666500000001,4.0,0.0,106.34825843124662,-0.018766446238328342,3.9640217025468303,-0.0007157230308571101,3.9640217671401374,-0.00017735472811208908,-0.0001773547281120555,7.312237244901317e-07
train_speed_ramps,train,389,38.900000000000006,5602.8798666665,38.899999999999636,0.1000000000003638,5602.875,4.866666500000001,4.0,0.0,106.74495579887207,-0.018836773465493624,3.971836179598994,-0.0007171863827507802,3.971836244329162,-0.0001773727639080569,-0.00017737276390816266,7.399123619235026e-07
train_speed_ramps,train,390,39.0,5602.9798666665,39.0,0.1000000000003638,5602.975,4.866666500000001,4.0,0.0,107.14241003301733,-0.018907242059677073,3.9791719422916954,-0.0007185544196438579,3.9791720071493466,-0.0001773905376416529,-0.00017739053764159938,7.337152575662088e-07
train_speed_ramps,train,391,39.1,5603.0798666665,39.099999999999454,0.0999999999994543,5603.075,4.866666500000001,3.950000047683716,0.0,107.54057325190479,-0.018977843903375046,3.985820045548358,-0.0007198131300577661,3.985820110524917,-0.00017740814240552183,-0.00017740814240571807,7.491402649217432e-07
train_speed_ramps,train,392,39.2,5603.1798666665,39.19999999999982,0.1000000000003638,5603.175,4.866666500000001,3.9000000953674316,0.0,107.9392502114784,-0.019048544757056404,3.989287448330855,-0.0007200233740678782,3.989287513290174,-0.0001774103134084548,-0.00017741031340835225,6.145054410381766e-07
train_speed_ramps,train,393,39.300000000000004,5603.279866666499,39.29999999999927,0.0999999999994543,5603.275,4.866666500000001,3.8499999046325684,0.0,108.33811198361059,-0.019119282460215933,3.9895434514230095,-0.0007206089412130516,3.9895435164825686,-0.00017744031938127236,-0.0001774403193811769,7.797395401342598e-07
train_speed_ramps,train,394,39.400000000000006,5603.3798666665,39.399999999999636,0.1000000000003638,5603.375,4.866666500000001,3.799999952316284,0.0,108.73684708998604,-0.019190006589205152,3.986781686240874,-0.0007201927226506379,3.986781751270292,-0.0001774588399263699,-0.0001774588399264195,7.012029222218791e-07
train_speed_ramps,train,395,39.5,5603.4798666665,39.5,0.1000000000003638,5603.475,4.866666500000001,3.75,0.0,109.13516249907688,-0.019260663083333927,3.9811840340469944,-0.0007192885295698899,3.981184099004303,-0.00017747512688170985,-0.00017747512688185194,7.537141475500601e-07
train_speed_ramps,train,396,39.6,5603.5798666665,39.599999999999454,0.0999999999994543,5603.575,4.866666500000001,3.700000047683716,0.0,109.53278305432966,-0.019331202792415323,3.972924567041588,-0.0007178970317688699,3.9729246318822216,-0.00017749122566135256,-0.0001774912256614203,7.387474366551107e-07
train_speed_ramps,train,397,39.7,5603.6798666665,39.69999999999982,0.1000000000003638,5603.675,4.866666500000001,3.6500000953674316,0.0,109.92945044517043,-0.01940157987679882,3.9621666940497864,-0.000716041877761483,3.9621667587308047,-0.00017750727407417344,-0.0001775072740741005,7.330280051579431e-07
train_speed_ramps,train,398,39.800000000000004,5603.779866666499,39.79999999999927,0.0999999999994543,5603.775,4.866666500000001,3.5999999046325684,0.0,110.32492209356647,-0.01947174986006112,3.9490607249869742,-0.0007138557440684512,3.949060789486543,-0.0001775172583839968,-0.0001775172583840475,1.4715032215161926e-07
train_speed_ramps,train,399,39.900000000000006,5603.8798666665,39.899999999999636,0.1000000000003638,5603.875,4.866666500000001,3.549999952316284,0.0,110.71896907085574,-0.019541671176671604,3.9337442157251936,-0.0007111908620910354,3.9337442799931464,-0.0001775263242382863,-0.00017752632423835603,1.1554807109437915e-08
train_speed_ramps,train,400,40.0,5603.9798666665,40.0,0.1000000000003638,5603.975,4.866666500000001,3.5,0.0,111.11137832822021,-0.019611308376734936,3.9163676227238873,-0.0007080636404729545,3.91636768671082,-0.00017755198671709493,-0.00017755198671702728,1.4433787840710427e-07
train_speed_ramps,train,401,40.1,5604.0798666665,40.099999999999454,0.0999999999994543,5604.075,4.866666500000001,3.450000047683716,0.0,111.5019480736988,-0.01968062857610552,3.897011640470581,-0.0007048495862495475,3.897011704192752,-0.00017761480496103488,-0.00017761480496119203,2.854740173451091e-07
train_speed_ramps,train,402,40.2,5604.1798666665,40.19999999999982,0.1000000000003638,5604.175,4.866666500000001,3.4000000953674316,0.0,111.89047430699833,-0.019749604939843,3.875728207475185,-0.000701295416926997,3.8757282709025485,-0.00017767348403685546,-0.00017767348403701754,-1.2061766620754794e-07
train_speed_ramps,train,403,40.300000000000004,5604.279866666499,40.29999999999927,0.0999999999994543,5604.275,4.866666500000001,3.3499999046325684,0.0,112.27677298981394,-0.019818210441297956,3.8525649151482098,-0.0006975078939675865,3.852564978268889,-0.000177723880175229,-0.0001777238801750099,5.546810194099752e-07
train_speed_ramps,train,404,40.400000000000006,5604.3798666665,40.399999999999636,0.1000000000003638,5604.375,4.866666500000001,3.299999952316284,0.0,112.66067296493625,-0.01988641483733362,3.8276686482479834,-0.000693579736705906,3.827668711063828,-0.00017773202982906966,-0.000177732029829145,3.502871847515546e-06
train_speed_ramps,train,405,40.5,5604.4798666665,40.5,0.1000000000003638,5604.475,4.866666500000001,3.25,0.0,113.04200453349704,-0.019954160672358622,3.801122259009656,-0.0006880309689259471,3.8011223212588,-0.00017774896931310735,-0.00017774896931320339,2.216409716534147e-06
train_speed_ramps,train,406,40.6,5604.5798666665,40.599999999999454,0.0999999999994543,5604.575,4.866666500000001,3.200000047683716,0.0,113.42060667841011,-0.02002143303342921,3.7730131597352514,-0.0006819179764203364,3.7730132213418757,-0.00017774978857554302,-0.00017774978857547165,2.225100585656923e-06
train_speed_ramps,train,407,40.7,5604.6798666665,40.69999999999982,0.1000000000003638,5604.675,4.866666500000001,3.1500000953674316,0.0,113.79632705148107,-0.020088185994205532,3.7434443955114696,-0.0006783591902315326,3.7434444569533354,-0.00017780445498649655,-0.00017780445498671388,6.304255900455746e-07
train_speed_ramps,train,408,40.800000000000004,5604.779866666499,40.79999999999927,0.0999999999994543,5604.775,4.866666500000001,3.0999999046325684,0.0,114.16902386400405,-0.020154423137206265,3.7124993566711253,-0.0006722752464081657,3.7124994175204464,-0.00017780878080886353,-0.00017780878080906546,7.933758922851746e-07
train_speed_ramps,train,409,40.900000000000006,5604.8798666665,40.899999999999636,0.1000000000003638,5604.875,4.866666500000001,3.049999952316284,0.0,114.53856286661656,-0.02022010157598788,3.6802506546912395,-0.000666795799801932,3.6802507150762995,-0.0001778286423559372,-0.00017782864235596195,6.240339087571062e-07
train_speed_ramps,train,410,41.0,5604.9798666665,41.0,0.1000000000003638,5604.975,4.866666500000001,3.0,0.0,114.90481662795699,-0.020285203365851993,3.646759404219161,-0.0006613837358170508,3.6467594641717866,-0.00017786277854314747,-0.00017786277854302132,7.292335906725243e-07
train_speed_ramps,train,411,41.1,5605.0798666665,41.099999999999454,0.0999999999994543,5605.075,4.866666500000001,2.950000047683716,0.0,115.26766332784972,-0.020349708072600618,3.6121019390439963,-0.0006551407719449165,3.6121019984345697,-0.00017787392649060152,-0.00017787392649058336,3.5164179447598623e-07
train_speed_ramps,train,412,41.2,5605.1798666665,41.19999999999982,0.1000000000003638,5605.175,4.866666500000001,2.9000000953674316,0.0,115.62699049755774,-0.020413592706338565,3.576361851482478,-0.0006489458089257745,3.576361910336747,-0.00017789161432490985,-0.00017789161432509016,3.277021522027355e-07
train_speed_ramps,train,413,41.300000000000004,5605.279866666499,41.29999999999927,0.0999999999994543,5605.275,4.866666500000001,2.8499999046325684,0.0,115.98269296577442,-0.02047684022640424,3.539602982602477,-0.0006425457003672013,3.539603040900203,-0.0001779194649516036,-0.00017791946495141167,6.345665466438204e-07
train_speed_ramps,train,414,41.400000000000006,5605.3798666665,41.399999999999636,0.1000000000003638,5605.375,4.866666500000001,2.799999952316284,0.0,116.33467080562224,-0.020539432764602572,3.501870120895057,-0.0006359091464615536,3.501870178609542,-0.00017794352508815336,-0.0001779435250880221,6.690479433772466e-07
train_speed_ramps,train,415,41.5,5605.4798666665,41.5,0.1000000000003638,5605.475,4.866666500000001,2.75,0.0,116.68282680262871,-0.020601351789770874,3.463204789707136,-0.0006291188171177295,3.463204846825685,-0.00017795996256397828,-0.0001779599625638566,3.8135393475546026e-07
train_speed_ramps,train,416,41.6,5605.5798666665,41.599999999999454,0.0999999999994543,5605.575,4.866666500000001,2.700000047683716,0.0,117.02707231567614,-0.02066258065857805,3.4236873273844743,-0.0006221617458443508,3.4236873838908837,-0.0001779744676770889,-0.00017797446767690492,2.149921973582087e-07
train_speed_ramps,train,417,41.7,5605.6798666665,41.69999999999982,0.1000000000003638,5605.675,4.866666500000001,2.6500000953674316,0.0,117.36732471662572,-0.02072310532207707,3.3833708151252364,-0.0006150241625483805,3.3833708710001176,-0.00017799539906526718,-0.0001779953990653276,3.6620099516089554e-07
train_speed_ramps,train,418,41.800000000000004,5605.779866666499,41.79999999999927,0.0999999999994543,5605.775,4.866666500000001,2.5999999046325684,0.0,117.70350417716817,-0.020782912825618668,3.342284367234796,-0.0006077593160476503,3.3422844224677375,-0.00017801974002429333,-0.00017801974002427357,7.708789232638502e-07
train_speed_ramps,train,419,41.900000000000006,5605.8798666665,41.899999999999636,0.1000000000003638,5605.875,4.866666500000001,2.549999952316284,0.0,118.03551906815875,-0.02084198673034574,3.300446660431765,-0.0006003595753814186,3.3004467150106085,-0.00017804024511969274,-0.00017804024511968868,1.132146860714899e-06
train_speed_ramps,train,420,42.0,5605.9798666665,42.0,0.1000000000003638,5605.975,4.866666500000001,2.5,0.0,118.3633027740065,-0.020900320554106913,3.2578558610806945,-0.0005943108442336061,3.2578559152576396,-0.00017803956575468405,-0.00017803956575453497,4.753355918338352e-06
train_speed_ramps,train,421,42.1,5606.0798666665,42.099999999999454,0.0999999999994543,5606.075,4.866666500000001,2.450000047683716,0.0,118.68679777824279,-0.020957879742421803,3.214551896594708,-0.0005851900164115957,3.2145519498334743,-0.00017799042095401063,-0.00017799042095419912,1.4361144757841384e-06
train_speed_ramps,train,422,42.2,5606.1798666665,42.19999999999982,0.1000000000003638,5606.175,4.866666500000001,2.4000000953674316,0.0,119.00593218963387,-0.021014652252769696,3.1705385679439098,-0.0005770664352244322,3.1705386204327866,-0.00017790079708701612,-0.00017790079708719308,1.985027831986052e-06
train_speed_ramps,train,423,42.300000000000004,5606.279866666499,42.29999999999927,0.0999999999994543,5606.275,4.866666500000001,2.3499999046325684,0.0,119.3206354051518,-0.0210705988553454,3.125817824252565,-0.0005696478357389979,3.1258178761287594,-0.0001778579565572258,-0.00017785795655704512,6.526454017346437e-07
train_speed_ramps,train,424,42.400000000000006,5606.3798666665,42.399999999999636,0.1000000000003638,5606.375,4.866666500000001,2.299999952316284,0.0,119.63083315558548,-0.02112574549111655,3.080346212116617,-0.0005591069996058086,3.080346262836385,-0.00017778162174675316,-0.0001777816217466718,1.7424713831935503e-06
train_speed_ramps,train,425,42.5,5606.4798666665,42.5,0.1000000000003638,5606.475,4.866666500000001,2.25,0.0,119.93645146248052,-0.02118005582299316,3.0341702752087167,-0.0005517885509831827,3.0341703253573264,-0.00017779800785122646,-0.00017779800785105662,9.377188202858669e-07
train_speed_ramps,train,426,42.6,5606.5798666665,42.599999999999454,0.0999999999994543,5606.575,4.866666500000001,2.200000047683716,0.0,120.23742184922794,-0.021233545106669714,2.987335605698437,-0.0005441108446123772,2.987335655222598,-0.0001778258512801223,-0.0001778258512800648,8.133164328637962e-07
train_speed_ramps,train,427,42.7,5606.6798666665,42.69999999999982,0.1000000000003638,5606.675,4.866666500000001,2.1500000953674316,0.0,120.53367998163073,-0.02128620274150493,2.9398814712341705,-0.0005354209760232092,2.939881519963329,-0.00017782453470660542,-0.00017782453470655305,5.401338032984466e-07
train_speed_ramps,train,428,42.800000000000004,5606.779866666499,42.79999999999927,0.0999999999994543,5606.775,4.866666500000001,2.0999999046325684,0.0,120.82516516606817,-0.021338012465234042,2.891835112084832,-0.0005270614622132922,2.891835160087194,-0.00017783072638488662,-0.00017783072638495457,4.881282122571454e-07
train_speed_ramps,train,429,42.900000000000006,5606.8798666665,42.899999999999636,0.1000000000003638,5606.875,4.866666500000001,2.049999952316284,0.0,121.11181853261841,-0.021388963685979152,2.843225407934186,-0.000518448901737581,2.8432254551735037,-0.0001778246815633544,-0.0001778246815632609,4.0307918773835205e-08
train_speed_ramps,train,430,43.0,5606.9798666665,43.0,0.1000000000003638,5606.975,4.866666500000001,2.0,0.0,121.39358535192999,-0.021439046532974633,2.794098011052466,-0.0005097897744179667,2.7940980575288448,-0.00017783425651884954,-0.00017783425651888383,7.613965491648132e-07
train_speed_ramps,train,431,43.1,5607.0798666665,43.099999999999454,0.0999999999994543,5607.075,4.866666500000001,1.9500000476837158,0.0,121.67041608195035,-0.02148825183454272,2.744493510951052,-0.0005009640727694658,2.744493556642395,-0.00017784240100171544,-0.00017784240100171466,8.464080138829811e-07
train_speed_ramps,train,432,43.2,5607.1798666665,43.19999999999982,0.1000000000003638,5607.175,4.866666500000001,1.899999976158142,0.0,121.94226303390049,-0.021536570925235175,2.6944280050586813,-0.0004921114687618847,2.6944280499673874,-0.00017784219221317343,-0.0001778421922133819,5.586774589087942e-07
train_speed_ramps,train,433,43.300000000000004,5607.279866666499,43.29999999999927,0.0999999999994543,5607.275,4.866666500000001,1.850000023841858,0.0,122.20907959279786,-0.021583995434997425,2.6439221969504656,-0.00048314936743578584,2.6439222410639975,-0.00017783993313935653,-0.00017783993313955264,9.866245633684936e-08
train_speed_ramps,train,434,43.400000000000006,5607.3798666665,43.399999999999636,0.1000000000003638,5607.375,4.866666500000001,1.7999999523162842,0.0,122.47082579791847,-0.021630518070115984,2.593034289461416,-0.0004741094162526376,2.5930343327719667,-0.00017783732300102884,-0.00017783732300085032,1.0624422343998586e-07
train_speed_ramps,train,435,43.5,5607.4798666665,43.5,0.1000000000003638,5607.475,4.866666500000001,1.75,0.0,122.72746185093237,-0.02167613225405028,2.5417665039982786,-0.00046496570292591026,2.541766546493485,-0.00017784111382246337,-0.00017784111382256556,4.733779153046927e-07
train_speed_ramps,train,436,43.6,5607.5798666665,43.599999999999454,0.0999999999994543,5607.575,4.866666500000001,1.7000000476837158,0.0,122.97893320698105,-0.021720826118597564,2.4901457208154896,-0.00045579350437989995,2.490145762495745,-0.00017783536385440613,-0.00017783536385418964,1.2257970338392918e-07
train_speed_ramps,train,437,43.7,5607.6798666665,43.69999999999982,0.1000000000003638,5607.675,4.866666500000001,1.649999976158142,0.0,123.22520892564326,-0.021764603110741774,2.438108224400859,-0.00044891939877487916,2.4381082656814264,-0.00017782996991000388,-0.00017782996990982645,4.996353515487567e-06
train_speed_ramps,train,438,43.800000000000004,5607.779866666499,43.79999999999927,0.0999999999994543,5607.775,4.866666500000001,1.600000023841858,0.0,123.46627051456878,-0.021807432787143595,2.3857493253325908,-0.0004368015776202285,2.385749365286438,-0.00017785445094986585,-0.00017785445094966365,-2.076854461065175e-06
train_speed_ramps,train,439,43.900000000000006,5607.8798666665,43.899999999999636,0.1000000000003638,5607.875,4.866666500000001,1.5499999523162842,0.0,123.70208812231901,-0.021849360026591658,2.3331115041942345,-0.00042741204213380237,2.333111543310276,-0.0001778255825377606,-0.00017782558253766996,2.808817039971779e-06
train_speed_ramps,train,440,44.0,5607.9798666665,44.0,0.1000000000003638,5607.975,4.866666500000001,1.5,0.0,123.93263403058528,-0.021890332135025795,2.280223859695221,-0.00041767246309747016,2.280223897915488,-0.0001778228619420119,-0.00017782286194191412,1.745819519634971e-06
train_speed_ramps,train,441,44.1,5608.0798666665,44.099999999999454,0.0999999999994543,5608.075,4.866666500000001,1.4500000476837158,0.0,124.15788350831357,-0.021930364621716433,2.227079870381474,-0.00040748084584323556,2.227079907629425,-0.0001778014785167592,-0.00017780147851683987,1.6165536249684312e-06
train_speed_ramps,train,442,44.2,5608.1798666665,44.19999999999982,0.1000000000003638,5608.175,4.866666500000001,1.399999976158142,0.0,124.37781056967442,-0.021969441065066892,2.173703773855284,-0.000399447588150876,2.173703810518991,-0.00017783102596835576,-0.00017783102596852346,9.423201121566114e-07
train_speed_ramps,train,443,44.300000000000004,5608.279866666499,44.29999999999927,0.0999999999994543,5608.275,4.866666500000001,1.350000023841858,0.0,124.59239286618339,-0.02200757397711471,2.1201270538984356,-0.000389922067684217,2.12012708971534,-0.0001778293797149999,-0.00017782937971518075,9.065340910765451e-07
train_speed_ramps,train,444,44.400000000000006,5608.3798666665,44.399999999999636,0.1000000000003638,5608.375,4.866666500000001,1.2999999523162842,0.0,124.80161101478357,-0.022044755159598244,2.066365180826956,-0.0003801604074655762,2.06636521575764,-0.0001777999834553512,-0.0001777999834553376,1.256293783935249e-06
train_speed_ramps,train,445,44.5,5608.4798666665,44.5,0.1000000000003638,5608.475,4.866666500000001,1.25,0.0,125.00544935673733,-0.02208097984200838,2.0125030847196594,-0.0003707359342531103,2.0125031188251934,-0.00017773483009531077,-0.00017773483009528445,1.7542283458247959e-06
train_speed_ramps,train,446,44.6,5608.5798666665,44.599999999999454,0.0999999999994543,5608.575,4.866666500000001,1.2000000476837158,0.0,125.20390048705883,-0.022116230632947834,1.958604079816514,-0.0003610105581730615,1.9586041130442358,-0.00017768845392751587,-0.00017768845392769324,1.4219362420315033e-06
train_speed_ramps,train,447,44.7,5608.6798666665,44.69999999999982,0.1000000000003638,5608.675,4.866666500000001,1.149999976158142,0.0,125.39696539398605,-0.02215051105622057,1.9047660581335322,-0.0003513185250073201,1.9047660904885246,-0.00017765079842035902,-0.0001776507984204731,8.04002909162668e-07
train_speed_ramps,train,448,44.800000000000004,5608.779866666499,44.79999999999927,0.0999999999994543,5608.775,4.866666500000001,1.100000023841858,0.0,125.58465109000245,-0.022183831596834604,1.8509999489871378,-0.00034176648145334705,1.8509999804933572,-0.000177630047058841,-0.0001776300470588448,9.457991665573083e-07
train_speed_ramps,train,449,44.900000000000006,5608.8798666665,44.899999999999636,0.1000000000003638,5608.875,4.866666500000001,1.0499999523162842,0.0,125.7669627866789,-0.022216195102189137,1.7972909413154925,-0.0003322003106178811,1.7972909719697345,-0.00017762517588071347,-0.00017762517588086483,9.627356198846482e-07
train_speed_ramps,train,450,45.0,5608.9798666665,45.0,0.1000000000003638,5608.975,4.866666500000001,1.0,0.0,125.94390590776291,-0.022247603066770618,1.7436401188185244,-0.0003227088388601071,1.7436401486330784,-0.00017761561240803303,-0.0001776156124078672,4.955351834177684e-07
train_speed_ramps,train,451,45.1,5609.0798666665,45.099999999999454,0.0999999999994543,5609.075,4.866666500000001,0.949999988079071,0.0,126.11548447305664,-0.022278056632069942,1.6900367945699006,-0.00031321090020617275,1.690036823542839,-0.00017760384132259333,-0.00017760384132265746,1.1703125188296645e-07
train_speed_ramps,train,452,45.2,5609.1798666665,45.19999999999982,0.1000000000003638,5609.175,4.866666500000001,0.8999999761581421,0.0,126.28170433884614,-0.02230755822063078,1.6364971590820334,-0.00030364191612835634,1.636497187199883,-0.00017760351823969955,-0.00017760351823949925,5.864370728680169e-07
train_speed_ramps,train,453,45.300000000000004,5609.279866666499,45.29999999999927,0.0999999999994543,5609.275,4.866666500000001,0.8500000238418579,0.0,126.44254993298019,-0.022336103758225853,1.5829894653204364,-0.0002941279421657444,1.5829894925923558,-0.0001775949169089408,-0.00017759491690893853,6.128432913057062e-07
train_speed_ramps,train,454,45.400000000000006,5609.3798666665,45.399999999999636,0.1000000000003638,5609.375,4.866666500000001,0.800000011920929,0.0,126.59803079480834,-0.022363701457587076,1.5294533326785058,-0.0002869977679891608,1.529453359528136,-0.00017757737378865102,-0.00017757737378849982,5.05219719853811e-06
train_speed_ramps,train,455,45.5,5609.4798666665,45.5,0.1000000000003638,5609.475,4.866666500000001,0.75,0.0,126.748167328604,-0.022390344010457117,1.475966762710595,-0.0002755865172855445,1.4759667883769725,-0.00017756343749342207,-0.00017756343749340464,3.557303881946543e-06
train_speed_ramps,train,456,45.6,5609.5798666665,45.599999999999454,0.0999999999994543,5609.575,4.866666500000001,0.699999988079071,0.0,126.89296415351757,-0.022416034984691743,1.4225467555363502,-0.0002651641760072793,1.4225467801940928,-0.00017755213587200558,-0.0001775521358718097,2.5359142275210796e-06
train_speed_ramps,train,457,45.7,5609.6798666665,45.69999999999982,0.1000000000003638,5609.675,4.866666500000001,0.6499999761581421,0.0,127.03242696627416,-0.022440771153916156,1.3691728332006996,-0.00025610689205049535,1.369172857091727,-0.00017756174564054206,-0.00017756174564049947,9.142066229882134e-07
train_speed_ramps,train,458,45.800000000000004,5609.779866666499,45.79999999999927,0.0999999999994543,5609.775,4.866666500000001,0.6000000238418579,0.0,127.16655934387646,-0.022464567141671516,1.315845378621798,-0.00024660490425279145,1.315845401666202,-0.0001775546061173472,-0.00017755460611748264,1.0070390428415626e-06
train_speed_ramps,train,459,45.900000000000006,5609.8798666665,45.899999999999636,0.1000000000003638,5609.875,4.866666500000001,0.550000011920929,0.0,127.2953653138307,-0.022487416383933895,1.262564159499997,-0.0002371259004929492,1.2625641817011304,-0.0001775475198111387,-0.0001775475198110412,9.95462773702114e-07
train_speed_ramps,train,460,46.0,5609.9798666665,46.0,0.1000000000003638,5609.975,4.866666500000001,0.5,0.0,127.41884882940387,-0.022509319735322667,1.209327761628971,-0.00022766213402800723,1.2093277829888338,-0.0001775405001955832,-0.00017754050019557667,9.910866943231648e-07
train_speed_ramps,train,461,46.1,5610.0798666665,46.099999999999454,0.0999999999994543,5610.075,4.866666500000001,0.44999998807907104,0.0,127.53701366678628,-0.022530278265705406,1.1561312018510006,-0.00021796161207664379,1.1561312223267668,-0.00017752037576990176,-0.00017752037576967977,7.417421198995609e-07
train_speed_ramps,train,462,46.2,5610.1798666665,46.19999999999982,0.1000000000003638,5610.175,4.866666500000001,0.4000000059604645,0.0,127.64986313728748,-0.022550289007991876,1.1029865563010297,-0.00020846764353269157,1.1029865759288755,-0.0001775255794211894,-0.00017752557942102192,1.517157618600122e-07
train_speed_ramps,train,463,46.300000000000004,5610.279866666499,46.29999999999927,0.0999999999994543,5610.275,4.866666500000001,0.3499999940395355,0.0,127.7574055604714,-0.022569350945413402,1.0499586361562496,-0.00019931087615841593,1.0499586549950166,-0.0001775943356876475,-0.00017759433568761764,2.4929016540205964e-07
train_speed_ramps,train,464,46.400000000000006,5610.3798666665,46.399999999999636,0.1000000000003638,5610.375,4.866666500000001,0.30000001192092896,0.0,127.85965222153744,-0.02258747567738097,0.997060646940671,-0.00018991370828517603,0.9970606649455248,-0.00017765490282339869,-0.00017765490282354378,-2.8433634790656385e-07
train_speed_ramps,train,465,46.5,5610.4798666665,46.5,0.1000000000003638,5610.475,4.866666500000001,0.25,0.0,127.95661697287903,-0.022604670880596967,0.9443163776090213,-0.00018069871796616208,0.9443163948097273,-0.00017770154617924305,-0.00017770154617944035,7.932236049510814e-07
train_speed_ramps,train,466,46.6,5610.5798666665,46.599999999999454,0.0999999999994543,5610.575,4.866666500000001,0.20000000298023224,0.0,128.04831791522358,-0.022620937824051255,0.8917890090988446,-0.0001713897595984191,0.8917890254748891,-0.00017771738709182472,-0.0001777173870916148,4.219344768907406e-07
train_speed_ramps,train,467,46.7,5610.6798666665,46.69999999999982,0.1000000000003638,5610.675,4.866666500000001,0.15000000596046448,0.0,128.13477569355754,-0.02263627414222104,0.8394709183304692,-0.00016212698721177054,0.839470933886653,-0.00017772523831860454,-0.00017772523831862175,3.279692682285476e-07
train_speed_ramps,train,468,46.800000000000004,5610.779866666499,46.79999999999927,0.0999999999994543,5610.775,4.866666500000001,0.10000000149011612,0.0,128.21601051118193,-0.02265068307451392,0.7873550791722009,-0.00015286600931878742,0.787355093905665,-0.00017773432975420889,-0.00017773432975429896,3.8366374166085526e-07
train_speed_ramps,train,469,46.900000000000006,5610.8798666665,46.899999999999636,0.1000000000003638,5610.875,4.866666500000001,0.05000000074505806,0.0,128.29204139579872,-0.02266416750130603,0.7354296569184275,-0.00014361778961695642,0.7354296708283654,-0.00017773828498723887,-0.00017773828498716374,4.940492598345537e-07
train_speed_ramps,train,470,47.0,5610.9798666665,47.0,0.1000000000003638,5610.975,4.866666500000001,0.0,0.0,128.36286699347903,-0.022676727124888867,0.6836672236739338,-0.00013437220075456923,0.6836672367582635,-0.00017774418903782063,-0.00017774418903771219,9.172467643393865e-07
train_speed_ramps,train,471,47.1,5611.0798666665,47.099999999999454,0.0999999999994543,5611.075,4.866666500000001,0.0,0.0,128.42850952168442,-0.0226883651791729,0.6320569348044052,-0.00012523787328442513,0.6320569470804193,-0.0001777438974386314,-0.00017774389743868314,5.05926415898603e-07
train_speed_ramps,train,472,47.2,5611.1798666665,47.19999999999982,0.1000000000003638,5611.175,4.866666500000001,0.0,0.0,128.48915016847295,-0.022699114125096766,0.583566518557355,-0.00011658873884052129,0.5835665300621121,-0.00017775148827947618,-0.00017775148827947268,8.860754868542041e-07
train_speed_ramps,train,473,47.300000000000004,5611.279866666499,47.29999999999927,0.0999999999994543,5611.275,4.866666500000001,0.0,0.0,128.54509454767174,-0.02270902835126314,0.5380464704847762,-0.00010848879882303415,0.5380464812689602,-0.00017775824942711793,-0.0001777582494269293,8.255507683264585e-07
train_speed_ramps,train,474,47.400000000000006,5611.3798666665,47.399999999999636,0.1000000000003638,5611.375,4.866666500000001,0.0,0.0,128.59663022360186,-0.022718159185766154,0.4953149077585622,-0.00010089774351318478,0.4953149178686153,-0.0001777680523038505,-0.00017776805230364668,8.072148543416972e-07
train_speed_ramps,train,475,47.5,5611.4798666665,47.5,0.1000000000003638,5611.475,4.866666500000001,0.0,0.0,128.64402715959585,-0.022726554708612123,0.4552010801126305,-9.376023017339166e-05,0.45520108958784417,-0.00017778006441515615,-0.00017778006441494847,7.842994783255641e-07
train_speed_ramps,train,476,47.6,5611.5798666665,47.599999999999454,0.0999999999994543,5611.575,4.866666500000001,0.0,0.0,128.68753879483916,-0.022734259970230864,0.4175446886530026,-8.705867978790214e-05,0.4175446975320769,-0.00017779436993370368,-0.00017779436993381226,7.585725978563231e-07
train_speed_ramps,train,477,47.7,5611.6798666665,47.69999999999982,0.1000000000003638,5611.675,4.866666500000001,0.0,0.0,128.72740305535612,-0.022741317233443675,0.38219524644052827,-8.075519984794258e-05,0.3821952547577982,-0.00017781047183529353,-0.00017781047183522598,7.248821892479098e-07
train_speed_ramps,train,478,47.800000000000004,5611.779866666499,47.79999999999927,0.0999999999994543,5611.775,4.866666500000001,0.0,0.0,128.76384330316793,-0.02274776620375095,0.34901147813626604,-7.485541911922273e-05,0.3490114859292795,-0.0001778267256624666,-0.00017782672566257334,7.270464352740777e-07
train_speed_ramps,train,479,47.900000000000006,5611.8798666665,47.899999999999636,0.1000000000003638,5611.875,4.866666500000001,0.0,0.0,128.79706922740814,-0.022753644038431713,0.3178607564330499,-6.931153230725526e-05,0.3178607637329504,-0.0001778430638275097,-0.00017784306382749856,7.231581719754501e-07
train_speed_ramps,train,480,48.0,5611.9798666665,48.0,0.1000000000003638,5611.975,4.866666500000001,0.0,0.0,128.82727768093628,-0.022758985644901034,0.2886185728687386,-6.411438633618611e-05,0.28861857970701177,-0.00017785955580240653,-0.0001778595558023563,7.234718923640925e-07
train_speed_ramps,train,481,48.1,5612.0798666665,48.099999999999454,0.0999999999994543,5612.075,4.866666500000001,0.0,0.0,128.8546534657834,-0.022763823846261414,0.2611680410515144,-5.9255859671167485e-05,0.26116804746004924,-0.0001778760921600231,-0.00017787609215997918,7.558126290809337e-07
train_speed_ramps,train,482,48.2,5612.1798666665,48.19999999999982,0.1000000000003638,5612.175,4.866666500000001,0.0,0.0,128.87937007056172,-0.022768189362663324,0.23539943027479124,-5.46509458088516e-05,0.23539943627209292,-0.00017789274296742263,-0.0001778927429672231,7.308781710748163e-07
train_speed_ramps,train,483,48.300000000000004,5612.279866666499,48.29999999999927,0.0999999999994543,5612.275,4.866666500000001,0.0,0.0,128.90159036276538,-0.02277211110758681,0.21120972759089382,-5.032660201782603e-05,0.21120973320189096,-0.00017790946582874057,-0.0001779094658288357,7.04615705894343e-07
train_speed_ramps,train,484,48.400000000000006,5612.3798666665,48.399999999999636,0.1000000000003638,5612.375,4.866666500000001,0.0,0.0,128.92146723873157,-0.022775616224989765,0.1885022267539396,-4.629167081443737e-05,0.18850223200666474,-0.00017792624949652946,-0.00017792624949631138,7.110580080485544e-07
train_speed_ramps,train,485,48.5,5612.4798666665,48.5,0.1000000000003638,5612.475,4.866666500000001,0.0,0.0,128.9391442338405,-0.022778730172142495,0.16718614228661688,-4.249419530029958e-05,0.16718614720129524,-0.0001779430502142354,-0.00017794305021430444,7.078776437276677e-07
train_speed_ramps,train,486,48.6,5612.5798666665,48.599999999999454,0.0999999999994543,5612.575,4.866666500000001,0.0,0.0,128.9547560953927,-0.022781476865763966,0.14717624709659105,-3.896983570591927e-05,0.14717625170114357,-0.00017795991625124685,-0.0001779599162512725,7.545255104182176e-07
train_speed_ramps,train,487,48.7,5612.6798666665,48.69999999999982,0.1000000000003638,5612.675,4.866666500000001,0.0,0.0,128.96842231529874,-0.02278387746763432,0.12839696309876897,-3.559149177652975e-05,0.12839696739969525,-0.00017797687937859408,-0.0001779768793787006,7.098867570251129e-07
train_speed_ramps,train,488,48.800000000000004,5612.779866666499,48.79999999999927,0.0999999999994543,5612.775,4.866666500000001,0.0,0.0,128.98026450356045,-0.02278595363091819,0.1107713724437525,-3.248195106519417e-05,0.11077137647062084,-0.0001779938233270606,-0.0001779938233269618,7.49058791902882e-07
train_speed_ramps,train,489,48.900000000000006,5612.8798666665,48.899999999999636,0.1000000000003638,5612.875,4.866666500000001,0.0,0.0,128.99039970834286,-0.02278772604929563,0.09422544268365811,-2.9504148341364417e-05,0.09422544644281526,-0.00017801085787194637,-0.0001780108578721448,7.083457558187095e-07
train_speed_ramps,train,490,49.0,5612.9798666665,49.0,0.1000000000003638,5612.975,4.866666500000001,0.0,0.0,128.99893244986922,-0.022789213350069816,0.07869306516985505,-2.6775043851872163e-05,0.07869306868951344,-0.0001780278958798398,-0.0001780278958798024,7.540979478799099e-07
train_speed_ramps,train,491,49.1,5613.0798666665,49.099999999999454,0.0999999999994543,5613.075,4.866666500000001,0.0,0.0,129.00596085114358,-0.022790432891943414,0.06411217753485629,-2.4151091635146963e-05,0.06411218081865871,-0.0001780450048065596,-0.00017804500480656183,7.197719719867174e-07
train_speed_ramps,train,492,49.2,5613.1798666665,49.19999999999982,0.1000000000003638,5613.175,4.866666500000001,0.0,0.0,129.01157702932645,-0.02279140107898686,0.050424516013476764,-2.1714935629663358e-05,0.05042451908070128,-0.00017806211217497037,-0.00017806211217501598,7.248049921513045e-07
train_speed_ramps,train,493,49.300000000000004,5613.279866666499,49.29999999999927,0.0999999999994543,5613.275,4.866666500000001,0.0,0.0,129.01586746317764,-0.022792133225145696,0.037575383142755374,-1.9416526188672324e-05,0.037575386004636585,-0.00017807926637036786,-0.00017807926637057226,7.121748634879894e-07
train_speed_ramps,train,494,49.400000000000006,5613.3798666665,49.399999999999636,0.1000000000003638,5613.375,4.866666500000001,0.0,0.0,129.0189133380294,-0.022792643787458804,0.025513429499077013,-1.729511426846804e-05,0.02551343217465313,-0.00017809641585042613,-0.0001780964158505397,7.484711056636784e-07
train_speed_ramps,train,495,49.5,5613.4798666665,49.5,0.1000000000003638,5613.475,4.866666500000001,0.0,0.0,129.02079086966089,-0.02279294625189049,0.014190448916572136,-1.5261559453024575e-05,0.014190451409771557,-0.00017811362075370596,-0.00017811362075373393,7.284383115436746e-07
train_speed_ramps,train,496,49.6,5613.5798666665,49.599999999999454,0.0999999999994543,5613.575,4.866666500000001,0.0,0.0,129.0215716083678,-0.02279305335916527,0.0035611860914609708,-1.3352754602685487e-05,0.003561188413499,-0.0001781308342332366,-0.00017813083423340537,7.129940529984422e-07
train_speed_ramps,train,497,49.7,5613.6798666665,49.69999999999982,0.1000000000003638,5613.675,4.866666500000001,0.0,0.0,129.02132272443347,-0.022792977042849518,-0.006416843941272696,-1.160540863400433e-05,-0.006416841771966952,-0.00017814805178417714,-0.00017814805178410778,7.528496824279943e-07
train_speed_ramps,train,498,49.800000000000004,5613.779866666499,49.79999999999927,0.0999999999994543,5613.775,4.866666500000001,0.0,0.0,129.02010727614118,-0.022792728475722886,-0.015783525291629595,-9.93560480737915e-06,-0.015783523270942283,-0.0001781653064121258,-0.0001781653064122318,7.532308349113114e-07
train_speed_ramps,train,499,49.900000000000006,5613.8798666665,49.899999999999636,0.1000000000003638,5613.875,4.866666500000001,0.0,0.0,129.01798446139404,-0.022792318195667703,-0.024576300421416276,-8.355213880285094e-06,-0.02457629854252601,-0.0001781825670597037,-0.0001781825670597011,7.410657438467601e-07
train_speed_ramps,train,500,50.0,5613.9798666665,50.0,0.1000000000003638,5613.975,4.866666500000001,0.0,0.0,129.01500985394475,-0.022791756062218387,-0.03283031953424598,-6.884903163846229e-06,-0.032830317786090794,-0.00017819985201539268,-0.00017819985201545104,7.434487159009483e-07
train_speed_ramps,train,501,50.1,5614.0798666665,50.099999999999454,0.0999999999994543,5614.075,4.866666500000001,0.0,0.0,129.01123562517603,-0.02279105134109992,-0.04057858083416318,-5.485476693207707e-06,-0.0405785792121416,-0.00017821717049404384,-0.00017821717049418988,7.208815402579339e-07
train_speed_ramps,train,502,50.2,5614.1798666665,50.19999999999982,0.1000000000003638,5614.175,4.866666500000001,0.0,0.0,129.0067107523144,-0.022790212758538993,-0.0478520622495184,-4.186215181566442e-06,-0.047852060743319554,-0.0001782344841201322,-0.00017823448412030926,7.195596048820515e-07
train_speed_ramps,train,503,50.300000000000004,5614.279866666499,50.29999999999927,0.0999999999994543,5614.275,4.866666500000001,0.0,0.0,129.00148121390922,-0.022789248470543824,-0.054679845044855714,-2.956296408101263e-06,-0.054679843649199845,-0.0001782518079811446,-0.00017825180798103384,7.066006943465985e-07
train_speed_ramps,train,504,50.400000000000006,5614.3798666665,50.399999999999636,0.1000000000003638,5614.375,4.866666500000001,0.0,0.0,128.99558778305487,-0.02278816574788601,-0.06108771807213814,-1.8440592680667988e-06,-0.061087716772719194,-0.00017826911820106872,-0.0001782691182012411,7.487207940425656e-07
train_speed_ramps,train,505,50.5,5614.4798666665,50.5,0.1000000000003638,5614.475,4.866666500000001,0.0,0.0,128.98907195557715,-0.022786971921661476,-0.06710192727620753,-7.704245340952666e-07,-0.06710192607239822,-0.0001782864640977877,-0.00017828646409778962,7.494517156012005e-07
train_speed_ramps,train,506,50.6,5614.5798666665,50.599999999999454,0.0999999999994543,5614.575,4.866666500000001,0.0,0.0,128.98197367070614,-0.02278567409506915,-0.07274773408133073,2.693194546492905e-07,-0.07274773297294389,-0.0001783038498213152,-0.00017830384982142394,7.087902113959358e-07
train_speed_ramps,train,507,50.7,5614.6798666665,50.69999999999982,0.1000000000003638,5614.675,4.866666500000001,0.0,0.0,128.97432859288,-0.02278427866387349,-0.07804769614939182,1.184314820255215e-06,-0.07804769511968246,-0.00017832119289629134,-0.00017832119289624344,7.50220072384847e-07
train_speed_ramps,train,508,50.800000000000004,5614.779866666499,50.79999999999927,0.0999999999994543,5614.775,4.866666500000001,0.0,0.0,128.9661702036732,-0.022782791523765722,-0.08302299043214173,2.0805035922446495e-06,-0.08302298948291735,-0.0001783385720566244,-0.0001783385720565719,7.416001451553466e-07
train_speed_ramps,train,509,50.900000000000006,5614.8798666665,50.899999999999636,0.1000000000003638,5614.875,4.866666500000001,0.0,0.0,128.9575299353411,-0.022781218288687056,-0.08769349773663589,2.918812474769031e-06,-0.08769349686242134,-0.00017835594966131296,-0.00017835594966133934,7.385536583401925e-07
train_speed_ramps,train,510,51.0,5614.9798666665,51.0,0.1000000000003638,5614.975,4.866666500000001,0.0,0.0,128.9484372962006,-0.02277956419623975,-0.09207788196967191,3.7138148635757695e-06,-0.09207788116729418,-0.00017837334633563628,-0.0001783733463358083,7.249230473006352e-07
train_speed_ramps,train,511,51.1,5615.0798666665,51.099999999999454,0.0999999999994543,5615.075,4.866666500000001,0.0,0.0,128.93891998834147,-0.022777834187671094,-0.0961936646162989,4.447425537297326e-06,-0.09619366387908068,-0.0001783907344079516,-0.0001783907344081178,7.296544812352009e-07
train_speed_ramps,train,512,51.2,5615.1798666665,51.19999999999982,0.1000000000003638,5615.175,4.866666500000001,0.0,0.0,128.92900401813924,-0.02277603287380795,-0.10005729461578196,5.138972738992195e-06,-0.10005729394023144,-0.00017840814237901625,-0.00017840814237906697,7.291476193988824e-07
train_speed_ramps,train,513,51.300000000000004,5615.279866666499,51.29999999999927,0.0999999999994543,5615.275,4.866666500000001,0.0,0.0,128.91871380001115,-0.02277416460578294,-0.10368421400730705,5.791474329602314e-06,-0.10368421339022549,-0.00017842554864921922,-0.00017842554864940015,7.262440895195219e-07
train_speed_ramps,train,514,51.400000000000006,5615.3798666665,51.399999999999636,0.1000000000003638,5615.375,4.866666500000001,0.0,0.0,128.90807225382298,-0.022772233456575895,-0.10708891953128288,6.395928730906617e-06,-0.10708891896763449,-0.00017844296427593775,-0.00017844296427573907,7.322842226988657e-07
train_speed_ramps,train,515,51.5,5615.4798666665,51.5,0.1000000000003638,5615.475,4.866666500000001,0.0,0.0,128.89710089634258,-0.022770243262958463,-0.11028502047343218,6.957247504701601e-06,-0.1102850199588407,-0.00017846037430624406,-0.00017846037430613312,7.474172664994806e-07
train_speed_ramps,train,516,51.6,5615.5798666665,51.599999999999454,0.0999999999994543,5615.575,4.866666500000001,0.0,0.0,128.88581992709638,-0.022768197599751686,-0.11328529295722392,7.506681157196921e-06,-0.11328529249268653,-0.00017847780462476592,-0.00017847780462488201,7.325434648318859e-07
train_speed_ramps,train,517,51.7,5615.6798666665,51.69999999999982,0.1000000000003638,5615.675,4.866666500000001,0.0,0.0,128.87424830897643,-0.022766099854453038,-0.11610173095878727,8.021999708495207e-06,-0.11610173054114376,-0.000178495219726571,-0.0001784952197263657,7.198563205627786e-07
train_speed_ramps,train,518,51.800000000000004,5615.779866666499,51.79999999999927,0.0999999999994543,5615.775,4.866666500000001,0.0,0.0,128.86240384391687,-0.022763953197654573,-0.11874559414198996,8.502350367837407e-06,-0.11874559376774814,-0.00017851263857870947,-0.00017851263857887042,7.126258401717647e-07
train_speed_ramps,train,519,51.900000000000006,5615.8798666665,51.899999999999636,0.1000000000003638,5615.875,4.866666500000001,0.0,0.0,128.85030324394,-0.022761760603584653,-0.12122745280846124,8.945775885416425e-06,-0.12122745247361094,-0.00017853005696544244,-0.00017853005696542485,7.153978116488467e-07
train_speed_ramps,train,520,52.0,5615.9798666665,52.0,0.1000000000003638,5615.975,4.866666500000001,0.0,0.0,128.83796219785842,-0.022759524871079753,-0.12355723008204936,9.345586028366438e-06,-0.1235572297812269,-0.0001785475043645235,-0.00017854750436436978,7.388898803285822e-07
train_speed_ramps,train,521,52.1,5616.0798666665,52.099999999999454,0.0999999999994543,5616.075,4.866666500000001,0.0,0.0,128.82539461827778,-0.02275724845781819,-0.12574372563313965,9.733105628421762e-06,-0.1257437253664339,-0.00017856496472345995,-0.00017856496472345266,7.458469186455911e-07
train_speed_ramps,train,522,52.2,5616.1798666665,52.19999999999982,0.1000000000003638,5616.175,4.866666500000001,0.0,0.0,128.812614664414,-0.02275493387921798,-0.1277958951158635,1.0126861877891297e-05,-0.12779589488652984,-0.00017858243795965123,-0.00017858243795973848,7.145369358421986e-07
train_speed_ramps,train,523,52.300000000000004,5616.279866666499,52.29999999999927,0.0999999999994543,5616.275,4.866666500000001,0.0,0.0,128.79963596434067,-0.022752583601172965,-0.12972235826405837,1.0449378566152792e-05,-0.12972235806137966,-0.0001785998773287112,-0.00017859987732887826,7.453051860183552e-07
train_speed_ramps,train,524,52.400000000000006,5616.3798666665,52.399999999999636,0.1000000000003638,5616.375,4.866666500000001,0.0,0.0,128.7864706874848,-0.022750199751043004,-0.13153081218046314,1.0779138191402663e-05,-0.1315308120076145,-0.00017861733766721954,-0.0001786173376670916,7.397966837337907e-07
train_speed_ramps,train,525,52.5,5616.4798666665,52.5,0.1000000000003638,5616.475,4.866666500000001,0.0,0.0,128.77313025843685,-0.022747784373690277,-0.13322848288555,1.1100615873113965e-05,-0.13322848274281965,-0.0001786348085834888,-0.00017863480858333573,7.193363566037371e-07
train_speed_ramps,train,526,52.6,5616.5798666665,52.599999999999454,0.0999999999994543,5616.575,4.866666500000001,0.0,0.0,128.75962540251788,-0.022745339397348713,-0.13482215411916165,1.1382915561107115e-05,-0.13482215400121075,-0.00017865226603408502,-0.00017865226603410036,7.269122309857893e-07
train_speed_ramps,train,527,52.7,5616.6798666665,52.69999999999982,0.1000000000003638,5616.675,4.866666500000001,0.0,0.0,128.7459661885615,-0.022742866598221088,-0.13631819438111747,1.1649558452369404e-05,-0.13631819428670672,-0.00017866973363034333,-0.00017866973363040887,7.30746504537761e-07
train_speed_ramps,train,528,52.800000000000004,5616.779866666499,52.79999999999927,0.0999999999994543,5616.775,4.866666500000001,0.0,0.0,128.73216206908072,-0.0227403676632428,-0.13772258235423815,1.1904999087160511e-05,-0.13772258228282896,-0.00017868720208369382,-0.00017868720208367146,7.285781270888243e-07
train_speed_ramps,train,529,52.900000000000006,5616.8798666665,52.899999999999636,0.1000000000003638,5616.875,4.866666500000001,0.0,0.0,128.7182219179756,-0.02273784417597491,-0.13904093075376342,1.214253720276312e-05,-0.1390409307035305,-0.00017870466997127465,-0.00017870466997120166,7.297382682912258e-07
train_speed_ramps,train,530,53.0,5616.9798666665,53.0,0.1000000000003638,5616.975,4.866666500000001,0.0,0.0,128.70415406593827,-0.022735297618550313,-0.14027850871632747,1.236284282353137e-05,-0.14027850868548097,-0.00017872213939140735,-0.00017872213939142264,7.338590901840278e-07
