s,x,y,yaw,curvature
0.0,0.12772219539306937,-2.0034035920463618,-0.0019451707108077976,0.010251874875460443
0.16634360175453536,0.2940656754137603,-2.0035920451119416,-0.00036158450530265895,0.008775630400122353
0.3326872035090707,0.46040925436267544,-2.0035378510106967,0.0009701328652997887,0.007222976289482289
0.4990308052636061,0.6267526568421935,-2.0032839806048073,0.002036964515393702,0.005590189964168483
0.6653744070181414,0.7930957545217205,-2.002875622693682,0.0028252564784558842,0.0038733338680493304
0.8317180087726768,0.95943855464638,-2.0023602927223325,0.003320681326605346,0.00206824655543295
0.9980616105272122,1.1257811702904512,-2.0017879478180207,0.003508200259432215,0.00017053503887534457
1.1644052122817474,1.292123772580344,-2.001211108422271,0.0033720240347743236,-0.0018244310863423999
1.3307488140362829,1.4584665660965723,-2.00068498638883,0.002895662765741047,-0.0038744916581016065
1.4970924157908183,1.6248096284710984,-2.0002573578754106,0.002243258660113767,-0.003967973531511283
1.6634360175453535,1.7911529177246623,-1.9999395001663611,0.0015761352226615344,-0.004051240246300623
1.829779619299889,1.9574963803654888,-1.999733714277365,0.0008961033252217199,-0.00412296046884376
1.9961232210544244,2.123839946905548,-1.9996419819405005,0.00020518837667493628,-0.004181893193404369
2.16246682280896,2.2901835402922726,-1.9996659313168812,-0.0004943880274650425,-0.004226927344604705
2.328810424563495,2.4565270789800215,-1.9998068063270549,-0.0012002329507438958,-0.00425712017372046
2.4951540263180303,2.622870478913148,-2.0000654406393528,-0.0019098130980541583,-0.004271732341487377
2.6614976280725657,2.7892136549937137,-2.0004422372781896,-0.0026204912089435872,-0.0042702575810943276
2.827841229827101,2.9555565224294305,-2.0009371546673287,-0.0033295667984476474,-0.0042524450207882805
2.9941848315816366,3.1218989981535326,-2.0015496997222724,-0.004034319889969051,-0.004218312613882527
3.1605284333361716,3.2882409682728957,-2.002278855294655,-0.004729416342195147,-0.004104778670964185
3.326872035090707,3.4545824326813115,-2.0031215128587414,-0.005397132965633489,-0.003923568813324835
3.4932156368452425,3.6209233119650657,-2.004072737269751,-0.0060347980236263865,-0.0037434508907345483
3.659559238599778,3.787263566927297,-2.0051275442072103,-0.006642588870692467,-0.003564373530197483
3.8259028403543134,3.9536031674822203,-2.0062809781597593,-0.007220674369424529,-0.003386285998326781
3.992246442108849,4.119942092153059,-2.007528111029066,-0.007769214994226559,-0.0032091381694793705
4.158590043863384,4.286280327582063,-2.0088640407492364,-0.008288362929796289,-0.003032880494409741
4.32493364561792,4.45261786805193,-2.0102838899209527,-0.008778262164432338,-0.0028574639694178665
4.491277247372454,4.618954715017933,-2.0117828044595623,-0.009239048578249864,-0.0026828401059666453
4.65762084912699,4.785290876650122,-2.0133559522563784,-0.009670850026377131,-0.002508960900744333
4.823964450881525,4.951626367384915,-2.0149985218524273,-0.010073786417209352,-0.002335778806147613
4.990308052636061,5.117961207485497,-2.0167057211239134,-0.01044796978578555,-0.002163246701161182
5.156651654390596,5.284295422610377,-2.018472775978667,-0.010793504362352824,-0.001991317862609782
5.3229952561451315,5.450629043389514,-2.020294929062847,-0.011110486636176642,-0.001819945936758898
5.489338857899667,5.616962105007449,-2.022167438477181,-0.011399005414655328,-0.0016490849112404367
5.655682459654202,5.783294646792832,-2.0240855765020305,-0.011659141877789825,-0.0014786890872798926
5.822026061408738,5.949626711813815,-2.026044628330574,-0.011890969628057135,-0.001308713052201683
5.988369663163273,6.115958346478725,-2.0280398908094055,-0.012094554735733176,-0.0011391116521894693
6.154713264917809,6.282289600141505,-2.030066671185853,-0.012269955779700137,-0.0009698399652784317
6.321056866672343,6.448620524711354,-2.0321202858613203,-0.012417223883784079,-0.0008008532745566457
6.487400468426879,6.614951174266085,-2.0341960591499797,-0.012536402748647646,-0.0006321070415527734
6.653744070181414,6.781281604668591,-2.0362893220421108,-0.012627528679268973,-0.00046355687978752994
6.82008767193595,6.947611873186026,-2.0383954109714146,-0.012690630608036546,-0.0002951585284662884
6.986431273690485,7.113942038111048,-2.040509666585632,-0.012725730113475997,-0.00012686782629059486
7.15277487544502,7.280272158384758,-2.0426274325197813,-0.01273284143462794,4.135931463386474e-05
7.319118477199556,7.446602293220673,-2.0447440541713435,-0.01271197148109593,0.00020956693481492749
7.485462078954091,7.612932501806595,-2.0468548774777036,-0.01266311983873658,0.00037779905341761143
7.651805680708627,7.779262835316351,-2.0489558615399237,-0.012598553606414598,0.0003824689860316152
7.818149282463162,7.945593301716233,-2.051046264240871,-0.012536022352119147,0.00036936282296259676
7.984492884217698,8.111923896240508,-2.0531264474120396,-0.01247567151414053,0.00035625319034300607
8.150836485972233,8.278254613746846,-2.055196773763333,-0.012417501661348584,0.0003431401875865715
8.317180087726769,8.444585449156252,-2.057257606098735,-0.012361513346074826,0.00033002391410078956
8.483523689481304,8.610916397450724,-2.05930930731353,-0.012307707104117327,0.0003169044692877545
8.64986729123584,8.777247453670965,-2.0613522403915105,-0.012256083454739386,0.00030378195254499057
8.816210892990375,8.943578612914042,-2.0633867684021974,-0.012206642900669085,0.0002906564632662951
8.982554494744909,9.109909870331053,-2.06541325449805,-0.012159385928102395,0.00027752810084258675
9.148898096499444,9.276241221124813,-2.067432061911687,-0.012114313006702737,0.0002643969646627591
9.31524169825398,9.442572660547503,-2.0694435539530964,-0.012071424589600088,0.0002512631541145398
9.481585300008515,9.608904183898366,-2.071448094006859,-0.012030721113392318,0.00023812676858535624
9.64792890176305,9.77523578652134,-2.073446045529361,-0.011992202998145185,0.0002249879074632051
9.814272503517586,9.941567463802736,-2.0754377720460155,-0.011955870647390565,0.00021184667013752977
9.980616105272121,10.107899211168897,-2.0774236371484784,-0.011921724448128224,0.00019870315600009853
10.146959707026657,10.274231024083852,-2.0794040044918685,-0.011889764770825373,0.00018555746444589034
10.313303308781192,10.440562898046986,-2.0813792377919844,-0.01185999196941312,0.00017240969487398297
10.479646910535727,10.606894828590661,-2.083349700822526,-0.011832406381289573,0.0001592599466884481
10.645990512290263,10.773226811277915,-2.0853157574123147,-0.011807008327316293,0.0001461083192992462
10.812334114044798,10.939558841700064,-2.0872777714425093,-0.011783798111817845,0.00013295491212312886
10.978677715799334,11.10589091547439,-2.089236106843828,-0.0117627760225818,0.00011979982458454024
11.14502131755387,11.27222302824178,-2.091191127593769,-0.011743942330855184,0.00010664315611652611
11.311364919308405,11.438555175664352,-2.093143197713832,-0.011727297291345362,9.348500616164365e-05
11.47770852106294,11.604887353423123,-2.0950926812667294,-0.01171284114221649,8.032547417287154e-05
11.644052122817476,11.771219557215653,-2.0970399423536166,-0.01170057410508818,6.716465961452695e-05
11.810395724572011,11.937551782753673,-2.098985345111306,-0.01169049638503461,5.400266196318047e-05
11.976739326326546,12.103884025760737,-2.1009292537094857,-0.011682608170580977,4.083958070857628e-05
12.143082928081082,12.27021628196987,-2.1028720323479413,-0.011676909633702603,2.7675515354549764e-05
12.309426529835617,12.436548547121193,-2.1048140452537734,-0.011673400929820055,1.4510565419951831e-05
12.475770131590151,12.602880816959578,-2.1067556566786165,-0.01167208219780047,1.3448304395695613e-06
12.642113733344686,12.769213087232279,-2.1086972308958556,-0.011672953559951349,-1.1821590034950654e-05
12.808457335099222,12.935545353686575,-2.1106391321978464,-0.011676015122018768,-2.498859643417806e-05
12.974800936853757,13.101877612067398,-2.1125817248931305,-0.011681266973185167,-3.8156089169973995e-05
13.141144538608293,13.268209858114988,-2.114525373303651,-0.011688709186064905,-5.1323968634566995e-05
13.307488140362828,13.434542087562525,-2.1164704417619733,-0.01169834181670204,-6.449213519963089e-05
13.473831742117364,13.600874296133755,-2.1184172946084936,-0.011710164904566334,-7.766048921535823e-05
13.6401753438719,13.767206479540652,-2.12036629618866,-0.011724178472549251,-9.082893100953867e-05
13.806518945626435,13.933538633481017,-2.1223178108501797,-0.011740382526960857,-0.0001039973608866371
13.97286254738097,14.09987075363617,-2.1242722029402406,-0.011758777057524927,-0.00011716567912687243
14.139206149135505,14.266202835668539,-2.1262298368027164,-0.011779362037376284,-0.00013033378598529773
14.30554975089004,14.432534875219325,-2.128191076775379,-0.011802137423054582,-0.00014350158169088338
14.471893352644576,14.598866867906127,-2.1301562871871127,-0.01182710315450164,-0.00015666896644560095
14.638236954399112,14.765198809320598,-2.132125832355122,-0.011854259155056557,-0.00016983584042350785
14.804580556153647,14.93153069502607,-2.1341000765821345,-0.011883605331449498,-0.0001830021037698395
14.970924157908183,15.097862520555204,-2.136079384153618,-0.011915141573799026,-0.00019616765660009747
15.137267759662718,15.264194281407624,-2.138064119334978,-0.011948867755605885,-0.00020933239899914628
15.303611361417254,15.430525973047578,-2.140054646368768,-0.011984783733747673,-0.00022249623102031012
15.469954963171789,15.596857590901543,-2.14205132947189,-0.012022889348473509,-0.00023565905268447244
15.636298564926324,15.763189130355922,-2.1440545328327985,-0.012063184423399154,-0.0002488207639791841
15.80264216668086,15.929520586754622,-2.146064620608701,-0.012105668765501676,-0.0002619812648577663
15.968985768435395,16.095851955396768,-2.1480819569227565,-0.012150342165112349,-0.0002751404552384305
16.13532937018993,16.262183231534305,-2.1501069058612763,-0.012197204395911765,-0.0002882982350033896
16.301672971944466,16.42851441036967,-2.152139831470918,-0.012246255214923618,-0.0003014545039979831
16.468016573699,16.594845487053426,-2.1541810977558815,-0.012297494362508044,-0.000314609162029804
16.634360175453537,16.761176456706536,-2.156231067244704,-0.012350820378931981,-0.0003229911049577143
16.80070377720807,16.92750731641528,-2.158289937599968,-0.012404085609116766,-0.0003174331556427761
16.967047378962608,17.093838067178275,-2.1603575907179597,-0.012456426362997153,-0.0003118758413778453
17.13339098071714,17.260168710451193,-2.162433872832904,-0.012507842745100639,-0.0003063191488325487
17.29973458247168,17.426499247713416,-2.1645186301964943,-0.012558334857737385,-0.0003007630646677024
17.466078184226212,17.59282968046762,-2.166611709077537,-0.012607902800997994,-0.0002952075755354554
17.63242178598075,17.759160010239356,-2.1687129557615656,-0.012656546672750402,-0.00028965266807942983
17.798765387735283,17.925490238576582,-2.170822216550474,-0.012704266568642542,-0.00028409832893486425
17.965108989489817,18.09182036704931,-2.172939337762143,-0.012751062582096129,-0.0002785445447287524
18.131452591244354,18.258150397249103,-2.175064165730067,-0.012796934804309767,-0.0002729913020799856
18.297796192998888,18.42448033078874,-2.17719654680298,-0.012841883324254066,-0.00026743858759949195
18.464139794753425,18.590810169301726,-2.179336327344481,-0.012885908228672083,-0.0002618863878903765
18.63048339650796,18.757139914441844,-2.18148335373266,-0.012929009602078434,-0.00025633468954806284
18.796826998262496,18.923469567882833,-2.1836374723597247,-0.012971187526756633,-0.00025078347916042903
18.96317060001703,19.08979913131788,-2.1857985296316245,-0.01301244208275909,-0.0002452327433079497
19.129514201771567,19.25612860645922,-2.187966371967674,-0.013052773347904445,-0.00023968246856383336
19.2958578035261,19.422457995037714,-2.190140845800181,-0.013092181397778901,-0.0002341326414941613
19.462201405280638,19.588787298802448,-2.192321797574067,-0.013130666305731342,-0.00022858324865802524
19.62854500703517,19.75511651952026,-2.194509073746493,-0.013168228142875549,-0.00022303427660766661
19.79488860878971,19.92144565897539,-2.1967025207864843,-0.013204866978088425,-0.00021748571188861274
19.961232210544242,20.08777471896896,-2.198901985174551,-0.01324058287800689,-0.00021193754103981537
20.12757581229878,20.254103701318673,-2.2011073134023147,-0.01327537590702832,-0.00020638975059378653
20.293919414053313,20.420432607858263,-2.2033183519721264,-0.013309246127310548,-0.00020084232707673772
20.46026301580785,20.58676144043721,-2.205534947396697,-0.01334219359876787,-0.00019529525700871296
20.626606617562384,20.753090200920187,-2.207756946198711,-0.01337421837907371,-0.0001897485269037293
20.79295021931692,20.919418891186723,-2.209984194910455,-0.013405320523655728,-0.0001842021232699099
20.959293821071455,21.085747513130745,-2.212216540073435,-0.013435500085698493,-0.00017865603260962222
21.125637422825992,21.252076068660205,-2.2144538282380046,-0.013464757116139925,-0.00017311024141961127
21.291981024580526,21.418404559696555,-2.216695905962977,-0.013493091663671297,-0.0001675647361911385
21.45832462633506,21.584732988174476,-2.218942619815258,-0.013520503774736792,-0.00016201950341011335
21.624668228089597,21.75106135604133,-2.221193816369455,-0.013546993493532167,-0.0001564745295572317
21.79101182984413,21.91738966525679,-2.223449342207509,-0.01357256086200298,-0.0001509298011081097
21.957355431598668,22.08371791779243,-2.225709043918306,-0.013597205919845923,-0.0001453853045334167
22.1236990333532,22.25004611563128,-2.227972768097304,-0.013620928704506152,-0.0001398410262990135
22.29004263510774,22.416374260767412,-2.2302403613461483,-0.013643729251177295,-0.00013429695286608438
22.456386236862272,22.582702355205534,-2.2325116702722982,-0.013665607592799667,-0.0001287530706912715
22.62272983861681,22.74903040096057,-2.2347865414886394,-0.013686563760062498,-0.00012320936622680945
22.789073440371343,22.91535840005723,-2.2370648216131115,-0.013706597781398155,-0.00011766582592065945
22.95541704212588,23.08168635452959,-2.239346357268319,-0.01372570968298703,-0.0001121224362166431
23.121760643880414,23.248014266420633,-2.241630995081157,-0.013743899488752653,-0.00010657918355457654
23.28810424563495,23.41434213778196,-2.243918581682431,-0.01376116722036258,-0.00010103605437040237
23.454447847389485,23.580669970673203,-2.2462089637064713,-0.013777512897228839,-9.549303509632544e-05
23.620791449144022,23.74699776716172,-2.248501987790756,-0.013792936536505263,-8.995011216094517e-05
23.787135050898556,23.913325529322133,-2.2507975005755294,-0.01380743815308838,-8.440727198938798e-05
23.953478652653093,24.079653259235922,-2.253095348703418,-0.01382101775961564,-7.886450100344217e-05
24.119822254407627,24.24598095899098,-2.255395378819054,-0.013833675366466291,-7.332178562169016e-05
24.286165856162164,24.41230863068125,-2.2576974375686873,-0.013845410981760065,-6.777911225964093e-05
24.452509457916697,24.578636276406232,-2.2600013715998113,-0.013856224611356716,-6.223646732986409e-05
24.618853059671235,24.74496389827064,-2.2623070275607757,-0.013866116258855588,-5.66938372421218e-05
24.78519666142577,24.91129149838391,-2.264614252100408,-0.013875085925594277,-5.115120840350276e-05
24.951540263180302,25.077619078859833,-2.2669228918676287,-0.013883133610650855,-4.5608567218553574e-05
25.11788386493484,25.243946641816116,-2.2692327935110725,-0.01389025931083987,-4.0065900089412356e-05
25.284227466689373,25.410274189373972,-2.2715438036787017,-0.01389646302071501,-3.452319341594076e-05
25.45057106844391,25.576601723657696,-2.2738557690174317,-0.01390174473256689,-2.8980433595857427e-05
25.616914670198444,25.742929246794237,-2.2761685361727397,-0.013906104436423039,-2.3437607024870124e-05
25.78325827195298,25.909256760912772,-2.27848195178829,-0.013909542120049245,-1.7894700096808524e-05
25.949601873707515,26.075584268144347,-2.280795862505547,-0.013912057768945996,-1.2351699203756304e-05
26.115945475462052,26.241911770621375,-2.2831101149633932,-0.013913651366351143,-6.808590736183416e-06
26.282289077216586,26.408239270477274,-2.2854245557977517,-0.013914322893238129,-1.2653610830808512e-06
26.448632678971123,26.57456676984603,-2.287739031641197,-0.013914072328316873,4.278003367910041e-06
26.614976280725656,26.740894270861748,-2.290053389122575,-0.013912899648031996,9.821516230361457e-06
26.781319882480194,26.90722177565831,-2.292367474866623,-0.01391080482656415,1.536519111893045e-05
26.947663484234727,27.07354928636888,-2.294681135493583,-0.013907787835828245,2.0909041649222807e-05
27.114007085989265,27.239876805125515,-2.2969942176188236,-0.01390384864547567,2.6453081437662494e-05
27.2803506877438,27.406204334058756,-2.2993065678524514,-0.013898987222891623,3.1997324101357716e-05
27.446694289498335,27.572531875297187,-2.301618032798934,-0.013893203533196896,3.7541783257969346e-05
27.61303789125287,27.738859430967022,-2.303928459056716,-0.013886497539245646,4.3086472525576265e-05
27.779381493007406,27.905187003191692,-2.3062376932178332,-0.013878869201628952,4.8631405522544875e-05
27.94572509476194,28.071514594091443,-2.3085455818675342,-0.013870318478670374,5.417659586739436e-05
28.112068696516477,28.23784220578287,-2.310851971583894,-0.013860845326429505,5.972205717866429e-05
28.27841229827101,28.404169840378543,-2.3131567089374347,-0.013850449698700196,6.526780307478192e-05
28.444755900025545,28.57049749998654,-2.315459640490741,-0.013839131547010552,7.081384717392745e-05
28.61109950178008,28.736825186710107,-2.317760612798078,-0.013826890820624271,7.636020309390287e-05
28.777443103534615,28.90315290264712,-2.320059472405008,-0.013813727466539305,8.190688445199669e-05
28.943786705289153,29.069480649889787,-2.3223560658480107,-0.013799641429487863,8.745390486485185e-05
29.110130307043686,29.23580843052416,-2.3246502396540967,-0.013784632651938633,9.30012779483312e-05
29.276473908798224,29.402136246629702,-2.3269418403404276,-0.013768701074094558,9.854901731738375e-05
29.442817510552757,29.56846410027893,-2.3292307144139346,-0.013751846633894171,0.00010409713658591172
29.609161112307294,29.734791993536923,-2.3315167083709327,-0.01373406926701115,0.00010964564936663471
29.775504714061828,29.901119928460943,-2.333799668696741,-0.013715368906855208,0.00011519456927095719
29.941848315816365,30.067447907100025,-2.336079441865302,-0.013695745484572086,0.0001207439099088341
30.1081919175709,30.233775931494506,-2.3383558743387955,-0.013675198929043564,0.00012629368488863458
30.274535519325436,30.400104003675693,-2.3406288125672603,-0.013653729166887896,0.0001318439078170108
30.44087912107997,30.566432125665326,-2.34289810298821,-0.013631336122460258,0.0001373945922987586
30.607222722834507,30.732760299475245,-2.345163592026251,-0.013608019717852304,0.000142945751936686
30.77356632458904,30.899088527093504,-2.3474251261021615,-0.01358378270487881,0.0001479427261253648
30.939909926343578,31.065416809853946,-2.3496826014061236,-0.013559463146605388,0.00014445868645830622
31.10625352809811,31.231745146820877,-2.3519360798788145,-0.013535723172925174,0.00014097420555747565
31.27259712985265,31.39807353658666,-2.354185657926241,-0.013512562856101695,0.00013748929705113857
31.438940731607182,31.564401977758003,-2.35643143196644,-0.013489982266130518,0.00013400397456947013
31.60528433336172,31.73073046894806,-2.358673498428995,-0.01346798147074102,0.00013051825174462256
31.771627935116253,31.897059008776317,-2.360911953754654,-0.013446560535393282,0.00012703214221063185
31.93797153687079,32.06338759586833,-2.3631468943949487,-0.013425719523279422,0.00012354565960332495
32.104315138625324,32.22971622885571,-2.36537841681182,-0.01340545849532404,0.0001200588175602241
32.27065874037986,32.396044906375806,-2.3676066174772323,-0.01338577751018244,0.00011657162972045631
32.43700234213439,32.56237362707171,-2.369831592872797,-0.01336667662424107,0.00011308410972465612
32.60334594388893,32.728702389591916,-2.372053439489393,-0.01334815589161753,0.00010959627121487585
32.769689545643466,32.895031192590295,-2.3742722538267844,-0.013330215364160125,0.00010610812783448965
32.936033147398,33.06136003472587,-2.376488132393242,-0.01331285509144653,0.00010261969322810109
33.10237674915253,33.227688914662686,-2.378701171705164,-0.01329607512078601,9.913098104144926e-05
33.268720350907074,33.39401783106957,-2.3809114682866928,-0.013279875497217208,9.564200492131607e-05
33.43506395266161,33.5603467826201,-2.3831191186693412,-0.013264256263508578,9.215277851543218e-05
33.60140755441614,33.726675767992326,-2.3853242193916055,-0.013249217460158391,8.866331547238417e-05
33.767751156170675,33.89300478586867,-2.3875268669985905,-0.013234759125394735,8.517362944152071e-05
33.934094757925216,34.05933383493572,-2.389727158041627,-0.01322088129517418,8.168373407286009e-05
34.10043835967975,34.22566291388411,-2.391925189077894,-0.013207584003184003,7.819364301699687e-05
34.26678196143428,34.39199202140836,-2.3941210566700337,-0.013194867280840405,7.470336992500639e-05
34.43312556318882,34.55832115620664,-2.3963148573857787,-0.01318273115728763,7.121292844835621e-05
34.59946916494336,34.72465031698071,-2.3985066877975667,-0.013171175659400625,6.772233223880781e-05
34.76581276669789,34.89097950243566,-2.400696644482161,-0.013160200811782818,6.423159494832786e-05
34.932156368452425,35.05730871127981,-2.402884824020273,-0.013149806636766126,6.07407302289919e-05
35.09849997020696,35.223637942224556,-2.4050713229961813,-0.013139993154412277,5.724975173289277e-05
35.2648435719615,35.38996719398416,-2.4072562379973492,-0.01313076038251193,5.375867311204683e-05
35.43118717371603,35.556296465275565,-2.4094396656140478,-0.013122108336585114,5.0267508018302804e-05
35.59753077547057,35.72262575481834,-2.4116217024389743,-0.0131140370298799,4.6776270103245706e-05
35.7638743772251,35.888955061334414,-2.413802445066873,-0.013106546473374614,4.3284973018106145e-05
35.930217978979634,36.05528438354797,-2.4159819900941555,-0.013099636675776516,3.979363041366667e-05
36.096561580734175,36.221613720185275,-2.41816043411852,-0.01309330764352179,3.630225594016846e-05
36.26290518248871,36.38794306997445,-2.4203378737385703,-0.01308755938077688,3.281086324721937e-05
36.42924878424324,36.55427243164537,-2.4225144055534376,-0.013082391889437162,2.9319465983700507e-05
36.595592385997776,36.72060180392953,-2.4246901261624023,-0.013077805169127377,2.5828077797673137e-05
36.76193598775232,36.88693118555985,-2.4268651321645116,-0.01307379921720253,2.2336712336285655e-05
36.92827958950685,37.053260575270414,-2.4290395201581965,-0.013070374028747889,1.8845383245682328e-05
37.094623191261384,37.21958997179647,-2.4312133867409003,-0.013067529596578087,1.535410417090884e-05
37.26096679301592,37.3859193738742,-2.433386828508694,-0.01306526591123891,1.1862888755819639e-05
37.42731039477046,37.55224878024051,-2.4355599420558933,-0.01306358296100596,8.371750642986324e-06
37.59365399652499,37.71857818963295,-2.437732823974687,-0.013062480731886428,4.880703473603683e-06
37.759997598279526,37.88490760078942,-2.4399055708547497,-0.013061959207617324,1.3897608873991413e-06
37.92634120003406,38.05123701244819,-2.4420782792828675,-0.013062018369668138,-2.101063477463109e-06
38.0926848017886,38.2175664233476,-2.444251045842555,-0.013062658197239063,-5.5917559844724275e-06
38.259028403543134,38.383895832225924,-2.4464239671136783,-0.013063878667261886,-9.082302998864259e-06
38.42537200529767,38.550225237821266,-2.4485971396720747,-0.01306567975440176,-1.257269088771418e-05
38.5917156070522,38.71655463887128,-2.4507706600891725,-0.01306806143105499,-1.6062906020029105e-05
38.75805920880674,38.88288403411311,-2.4529446249316114,-0.013071023667351245,-1.955293476684024e-05
38.924402810561276,39.04921342228323,-2.4551191307608664,-0.013074566431152679,-2.304276350129653e-05
39.09074641231581,39.21554280211716,-2.457294274132864,-0.0130786896880557,-2.653237859875435e-05
39.25709001407034,39.38187217234953,-2.4594701515976074,-0.013083393401390087,-3.00217664368745e-05
39.42343361582488,39.548201531713566,-2.4616468596987926,-0.013088677532219872,-3.351091339570922e-05
39.58977721757942,39.71453087894131,-2.463824494973434,-0.013094542039343349,-3.699980585779907e-05
39.75612081933395,39.88086021276325,-2.4660031539514855,-0.01310098687929484,-4.048843020826346e-05
39.922464421088485,40.0471895319081,-2.4681829331554543,-0.013108012006342928,-4.397677283489181e-05
40.08880802284302,40.21351883510282,-2.470363929100031,-0.013115617372493116,-4.746482012823878e-05
40.25515162459756,40.37984812107233,-2.472546238291707,-0.013123802927486494,-5.095255848171422e-05
40.42149522635209,40.546177388539355,-2.4747299572283943,-0.013132568618801521,-5.4439974291675974e-05
40.58783882810663,40.7125066362243,-2.4769151823990505,-0.01314191439165402,-5.7927053957522115e-05
40.75418242986116,40.87883586284508,-2.4791020102832966,-0.013151840188998065,-6.141378388178429e-05
40.9205260316157,41.04516506711695,-2.4812905373510414,-0.013162345951524657,-6.490015047021834e-05
41.086869633370235,41.21149424775233,-2.4834808600621012,-0.013173431617665265,-6.838614013189763e-05
41.25321323512477,41.37782340346062,-2.4856730748658222,-0.013185097123590506,-7.187173927930318e-05
41.4195568368793,41.54415253294815,-2.487867278200704,-0.013197342403211021,-7.535693432841919e-05
41.58590043863384,41.71048163491789,-2.490063566494017,-0.013210167388177929,-7.884171169882303e-05
41.752244040388376,41.8768107080693,-2.4922620361614296,-0.01322357200788371,-8.232605781377586e-05
41.91858764214291,42.04313975109829,-2.494462783606626,-0.013237556189463096,-8.580995910031815e-05
42.084931243897444,42.209468762696886,-2.4966659052209312,-0.013252119857793065,-8.929340198935908e-05
42.251274845651984,42.37579774155326,-2.4988714973829333,-0.01326726293549374,-9.277637291577032e-05
42.41761844740652,42.542126686351324,-2.5010796564581024,-0.013282985342928821,-9.625885831847517e-05
42.58396204916105,42.70845559577082,-2.5032904787984176,-0.013299286998207371,-9.974084464054424e-05
42.750305650915585,42.874784468487015,-2.505504060741986,-0.013316167817183366,-0.00010322231832928486
42.91664925267012,43.04111330317053,-2.507720498612666,-0.013333627713456586,-0.00010670326583633332
43.08299285442466,43.20744209848732,-2.509939888719695,-0.013351666598373502,-0.0001101836736177486
43.24933645617919,43.37377085309825,-2.512162327357302,-0.01337028438102772,-0.00011366352813410006
43.41568005793373,43.54009956565923,-2.514387910804342,-0.013389480968261314,-0.0001171428158505647
43.58202365968826,43.706428234820905,-2.516616735323911,-0.013409256264666158,-0.00012062152323701472
43.7483672614428,43.87275685922845,-2.5188488971629734,-0.013429610172582152,-0.00012409963676811157
43.914710863197335,44.039085437521464,-2.521084492551982,-0.013450542592101211,-0.0001275771429233955
44.08105446495187,44.2054139683339,-2.5233236177045066,-0.013472053421065944,-0.0001310540281873805
44.2473980667064,44.371742450293745,-2.5255663688168504,-0.01349414255507142,-0.00013453027904964364
44.41374166846094,44.53807088202296,-2.527812842067682,-0.013516809887465175,-0.00013800588200491755
44.58008527021548,44.704399262137244,-2.530063133617651,-0.013540055309349874,-0.00014148082355318085
44.74642887197001,44.87072758924598,-2.5323173396090186,-0.013563878709581534,-0.0001449550901997521
44.912772473724544,45.03705586195198,-2.5345755561652776,-0.013588279974773076,-0.00014842866845537946
45.079116075479085,45.20338407885142,-2.536837879390779,-0.013613258989292998,-0.00015190154483633433
45.24545967723362,45.36971223853353,-2.5391044053703538,-0.013638815635268475,-0.00015537370586449968
45.41180327898815,45.536040339580595,-2.5413752301689416,-0.01366494979258448,-0.00015884513806746421
45.578146880742686,45.702368380567705,-2.543650449831209,-0.013691661338884664,-0.00016231582797861425
45.74449048249723,45.86869636006264,-2.5459301603811832,-0.013718950149574916,-0.00016578576213722323
45.91083408425176,46.035024276625634,-2.548214457821867,-0.013746816097821135,-0.00016925492708854323
46.077177686006294,46.20135212880933,-2.55050343813487,-0.013775259054551903,-0.00017272330938389918
46.24352128776083,46.367679916151644,-2.5527971367114057,-0.013801297099870435,-7.83420448720109e-05
46.40986488951536,46.534007677758964,-2.5550926896323234,-0.013792406660089185,0.0001852287105605546
46.5762084912699,46.70033550999826,-2.557383117795521,-0.013739675558714026,0.00044876915628216767
46.742552093024436,46.86666351271087,-2.559661129648319,-0.013643108080729327,0.0007122883865865797
46.90889569477897,47.03299178409721,-2.56191943420281,-0.013502707001702419,0.0009757954514397218
47.0752392965335,47.19932041976165,-2.564150740772845,-0.01331847359710503,0.0012392993330620284
47.241582898288044,47.365649511757056,-2.5663477587134538,-0.0130904076555316,0.001502808922501223
47.40792650004258,47.53197914762957,-2.568503197163573,-0.012818507495813591,0.0017663329961838308
47.57427010179711,47.6983094094626,-2.570609764792923,-0.012502769988039564,0.0020298801924332967
47.740613703551645,47.86464037292056,-2.5726601695539024,-0.012143190578483232,0.0022934589879437385
47.906957305306186,48.030972106291756,-2.5746471184393545,-0.011739763318450613,0.0025570776741981275
48.07330090706072,48.197304669530396,-2.576563317247065,-0.011292480897053814,0.0028207443338199053
48.23964450881525,48.363638113297725,-2.57840147035187,-0.010801334677925656,0.0030844668168479366
48.40598811056979,48.52997247800196,-2.5801542804862168,-0.01026631473988937,0.0033482527169253515
48.57233171232433,48.69630779283691,-2.5818144485300754,-0.009687409921592227,0.0036121093473922864
48.73867531407886,48.86264407481918,-2.583374673311049,-0.00906460787013108,0.003876043717274263
48.905018915833395,49.02898132782401,-2.5848276514155843,-0.008397895093676055,0.004140062507158377
49.07136251758793,49.195319541619355,-2.58616607701214,-0.007687257018118565,0.004404172044949549
49.23770611934247,49.361658690898246,-2.587382641687222,-0.006932678047764984,0.004668378281500547
49.404049721097,49.527998734309556,-2.588470034295157,-0.006134141630090628,0.0049326867661101306
49.57039332285154,49.69433961348678,-2.5894209408225164,-0.005291630324583796,0.005197102621884302
49.73673692460607,49.8606812520749,-2.5902280442680685,-0.0044051258756989675,0.0054616305209571414
49.903080526360604,50.02702355475546,-2.590884024539197,-0.003474609289945363,0.005726274659567864
50.069424128115145,50.193366406269604,-2.591381558365651,-0.0025000609171286214,0.005991038732993178
50.23576772986968,50.35970967043917,-2.591713319231593,-0.001481460535782464,0.00625592591033329
50.40211133162421,50.52605318918602,-2.591871977326816,-0.0004187874427974414,0.00652093880915335
50.568454933378746,50.692396781549256,-2.5918501995180905,0.0006879794527128169,0.006786079469981286
50.73479853513329,50.85874024270086,-2.591640649341551,0.0018388615312954215,0.0070513493306660156
50.90114213688782,51.02508334295948,-2.5912359870170656,0.003033880360765462,0.007316749200600277
51.067485738642354,51.191425826802515,-2.5906288694855166,0.004273057589510021,0.007582279234814539
51.23382934039689,51.35776741187689,-2.5898119504699517,0.0055564148354800835,0.007847938907949895
51.40017294215143,51.52410778800838,-2.5887778805615316,0.006883973570836588,0.008113726988119147
51.56651654390596,51.69044661620972,-2.5875193073312346,0.008255755002244847,0.008379641510667389
51.732860145660496,51.856783527687796,-2.5860288754682688,0.009671779946793357,0.008645679751845096
51.89920374741503,52.02311812285024,-2.5842992269461433,0.011132068703530784,0.008911838202408536
52.06554734916957,52.1894499703112,-2.5823230012173495,0.01263664092060024,0.009178112541164178
52.231890950924104,52.35577860589735,-2.580092835437613,0.014185515457977527,0.009444497608476274
52.39823455267864,52.5221035316537,-2.57760136472067,0.01577871024579558,0.009710987379758078
52.56457815443317,52.68842421485009,-2.5748412224245145,0.01741624213825954,0.009977574938970156
52.73092175618771,52.8547400869885,-2.571805040470081,0.019098126763160028,0.010244252452150812
52.897265357942246,53.0210505428116,-2.568485449693289,0.020824378366981477,0.010511011141006454
53.06360895969678,53.187354939313224,-2.5648750802314173,0.02259500965563177,0.01077784125659192
53.22995256145131,53.353652594750756,-2.5609665619447237,0.02441003163079758,0.01104473205311282
53.39629616320585,53.51994278766062,-2.556752524874246,0.02626945342195608,0.011311671761885377
53.56263976496039,53.68622475587691,-2.5522255997367145,0.02817328211407366,0.01157864756549069
53.72898336671492,53.85249769555383,-2.547378418457466,0.030121522571018744,0.011845645572163799
53.895326968469455,54.018760760193025,-2.5422036147422733,0.032114177254742415,0.012112650790460372
54.06167057022399,54.18501305967579,-2.5366938246889585,0.03415124604026909,0.01237964710424613
54.22801417197853,54.351253659301435,-2.5308416874396853,0.036232726026553586,0.012646617248057011
54.39435777373306,54.51748157883231,-2.524639845874727,0.03835861134328056,0.012913542782881805
54.5607013754876,54.68369579154632,-2.518080947348599,0.04052889295366935,0.013180404072419796
54.72704497724213,54.84989522329788,-2.5111576444693116,0.04274355845337352,0.013447180259870857
54.89338857899667,55.01607875158782,-2.503862595921561,0.04500259186556921,0.013713849245316274
55.059732180751205,55.182245204644,-2.4961884673345716,0.04730597343233445,0.013980387663753518
55.22607578250574,55.34839336051247,-2.4881279321953587,0.04965367940243315,0.014246770863848584
55.39241938426027,55.514521946161175,-2.4796736728080555,0.05204568181562674,0.014512972887474175
55.55876298601481,55.680629636596635,-2.4708183812999924,0.05448194828365738,0.014778966450103504
55.725106587769346,55.846715053995084,-2.4615547606751242,0.056962441768039884,0.01504472292213307
55.89145018952388,56.01277676684907,-2.451875525915384,0.05948712035483528,0.0153102123112094
56.057793791278414,56.178813289130446,-2.441773405130489,0.062055937026567864,0.015575403245637722
56.224137393032954,56.34482307947161,-2.431241140756692,0.0646688394314836,0.015840262958952973
56.39048099478749,56.51080454036547,-2.4202714908048786,0.06732576965033754,0.016104757275735813
56.55682459654202,56.67675601738621,-2.4088572301584152,0.07002666396093904,0.01636885059875794
56.723168198296555,56.842675798431614,-2.3969911519210436,0.07277145260066842,0.016632505897543472
56.88951180005109,57.008562112988706,-2.384666068815073,0.075560059527219,0.016895684698435304
57.05585540180563,57.17441313142392,-2.3718748146300763,0.07839240217781596,0.017158347076255537
57.22219900356016,57.34022702538571,-2.3586109996337186,0.08124532872940549,0.016951676276493244
57.3885426053147,57.50600288233445,-2.3448799236792848,0.08402100299791915,0.01642110764534005
57.55488620706923,57.67174061691563,-2.3306960747032086,0.0867084242153684,0.01589059288203914
57.72122980882377,57.83744028338312,-2.316074180961969,0.08930760614808575,0.015360188753401578
57.887573410578305,58.00310205194938,-2.3010289606653807,0.0918185715065345,0.014829946064136982
58.05391701233284,58.16872620470907,-2.2855751203270493,0.09424135097027442,0.014299909858353868
58.22026061408737,58.33431313156611,-2.269727353324666,0.09657598224665875,0.01377011962353314
58.38660421584191,58.49986332616711,-2.253500338662472,0.09882250916361945,0.013240609496371783
58.55294781759645,58.66537738184538,-2.2369087399281464,0.10098098079681606,0.012711408469947534
58.71929141935098,58.830855987577955,-2.219967204436389,0.10305145063131915,0.012182540601712375
58.885635021105514,58.99629992395802,-2.202690362551422,0.10503397575792794,0.011654025221873978
59.051978622860055,59.161710059185154,-2.1850928271806445,0.1069286161041565,0.011125877141774848
59.21832222461459,59.32708734507485,-2.1671891934317067,0.1087354336998625,0.010598106861927171
59.38466582636912,59.492432813089046,-2.148994038425253,0.11045449197742352,0.010070720779407401
59.551009428123656,59.65774757038841,-2.1305219212557076,0.11208585510635016,0.00954372139435912
59.7173530298782,59.823032795907665,-2.1117873830924254,0.11362958736215356,0.00901710751539267
59.88369663163273,59.988289736453986,-2.092804947413712,0.11508575252928033,0.008490874463711993
60.050040233387264,60.153519702828916,-2.07358912036616,0.11645441333788442,0.007965014275833003
60.2163838351418,60.318724065974,-2.05415439124191,0.11773563093419792,0.007439515904794518
60.38272743689633,60.48390425313945,-2.034515233066501,0.11892946438424001,0.006914365419795263
60.54907103865087,60.64906174407589,-2.014686103290003,0.12003597021060175,0.006389546204218726
60.715414640405406,60.8141980672481,-1.9946814445742669,0.12105520196203567,0.005865039152037899
60.88175824215994,60.979314796070064,-1.974515685669178,0.12198720981558209,0.005340822862616648
61.04810184391447,61.14441354516028,-1.9542032423708646,0.12283204021096816,0.0048168738339482145
61.214445445669014,61.309495966616446,-1.9337585185548765,0.12358973551702768,0.0042931666543926435
61.38078904742355,61.47456374630724,-1.9131959072775184,0.12426033372989309,0.003769674192997524
61.54713264917808,61.63961860018122,-1.8925297919383717,0.1248438682027353,0.0032463677884982086
61.713476250932615,61.80466227058965,-1.8717745474973921,0.12534036740684273,0.002723217437117544
61.879819852687156,61.9696965226228,-1.8509445417397474,0.1257498547238467,0.002200191979291692
62.04616345444169,62.1347231404572,-1.8300541365818137,0.12607234826892855,0.0016772592854664425
62.21250705619622,62.29974392371251,-1.8091176894116638,0.12630786074486622,0.0011543864411154461
62.37885065795076,62.464760683815484,-1.7881495544574815,0.12645639932680286,0.0006315399311425106
62.5451942597053,62.62977524036969,-1.7671640841773588,0.1265179655776527,0.00010868582383674032
62.71153786145983,62.7947894175284,-1.7461756306639393,0.12649255539407678,-0.00041421004544548194
62.877881463214365,62.959804993791266,-1.7251981808292627,0.12639650144913217,-0.0004548895248183022
63.0442250649689,63.124822013799765,-1.704232090303543,0.12637579703236002,0.00020597287156966126
63.21056866672344,63.28983831527825,-1.6832603456415791,0.1264650331934476,0.0008669652187084352
63.37691226847797,63.45485159036611,-1.6622648031704914,0.126664234313016,0.0015281207028218292
63.54325587023251,63.61985952278216,-1.6412273157399848,0.12697343025767438,0.0021894720338893046
63.70959947198704,63.784859781719256,-1.6201297325927084,0.12739265626920293,0.0028510510655736197
63.87594307374158,63.94985001573577,-1.5989538992666525,0.1279219527904223,0.0035128884140147613
64.04228667549611,64.11482784664447,-1.5776816575435078,0.1285613652275388,0.004175013075229011
64.20863027725065,64.27979086339923,-1.5562948454569727,0.1293109436487132,0.004837452040869355
64.37497387900518,64.4447366159803,-1.534775297375012,0.1301707424185632,0.005500229912128488
64.54131748075972,64.6096626092786,-1.513104844170218,0.1311408197682722,0.006163368511592357
64.70766108251425,64.7745662969808,-1.4912653134922336,0.1322212373009526,0.006826886492895517
64.87400468426878,64.93944507545578,-1.469238530156562,0.13341205943188417,0.00749079894806212
65.04034828602333,65.1042962776449,-1.4470063166637879,0.13471335276324137,0.008155117012474997
65.20669188777786,65.26911716695696,-1.4245504938636162,0.1361251853929102,0.008819847467460135
65.3730354895324,65.43390493117158,-1.4018528817778138,0.13764762615700388,0.009484992340545534
65.53937909128693,65.59865667635263,-1.378895300596475,0.13928074380569821,0.010150548503512165
65.70572269304147,65.7633694207753,-1.3556595718618836,0.14102460611203194,0.010816507268434118
65.872066294796,65.92804008887083,-1.3321275198542044,0.14287927891336594,0.011482853981987487
66.03840989655053,66.0926655051927,-1.3082809731933198,0.14484482508524055,0.012149567618392573
66.20475349830507,66.2572423884089,-1.2841017666711259,0.1469213034474306,0.012816620371448102
66.37109710005961,66.42176734532646,-1.2595717433282505,0.14910876760211123,0.01348397724622582
66.53744070181415,66.5862368649534,-1.234672756789459,0.15140726470411447,0.014151595651090951
66.70378430356868,66.75064731260511,-1.209386673871555,0.15381683416340675,0.01481942499083849
66.87012790532322,66.91499492406243,-1.1836953774775745,0.15633750628003718,0.015487406261852245
67.03647150707775,67.07927579978968,-1.1575807697907934,0.1589693008119868,0.016155471650322526
67.20281510883228,67.24348589922128,-1.1310247757818577,0.16171222547651576,0.01682354413469101
67.36915871058682,67.40762103512662,-1.1040093470419294,0.16456627438582094,0.017491537093631562
67.53550231234135,67.57167686806365,-1.0765164659544655,0.16753142641804653,0.018159353921017318
67.70184591409588,67.7356489009322,-1.0485281502177668,0.17060764352493152,0.018826887649471533
67.86818951585043,67.89953247351825,-1.020026457751149,0.17379486897527663,0.019494020583758723
68.03453311760497,68.06332341143883,-0.9909971614977694,0.17702141938849136,0.019243562850697574
68.2008767193595,68.22702058864468,-0.9614437145518344,0.18019662820985438,0.01893287645621495
68.36722032111403,68.3906238818969,-0.9313748736618366,0.18332012455682145,0.018621816349324454
68.53356392286857,68.5541332507316,-0.900799397347847,0.1863918503640578,0.018310431421319034
68.6999075246231,68.71754873590893,-0.869726043249107,0.1894117555026762,0.01799876820740658
68.86625112637763,68.88087045788674,-0.838163566603184,0.19237979739044198,0.017686870912524206
69.03259472813217,69.04409861528373,-0.8061207188126813,0.19529594060643962,0.017374781439405716
69.19893832988672,69.2072334833362,-0.7736062460978913,0.19816015651060415,0.017062539418717864
69.36528193164125,69.37027541234845,-0.7406288882343224,0.20097242286841022,0.016750182241093065
69.53162553339578,69.53322482614017,-0.7071973773734523,0.2037327234810462,0.016437745090887357
69.69796913515032,69.69608222049186,-0.6733204369453262,0.20644104782132766,0.016125260981501594
69.86431273690485,69.85884816158995,-0.6390067806414633,0.20909739067561262,0.01581276079211005
70.03065633865938,70.02152328447328,-0.6042651114764561,0.2117017517919244,0.015500273305646246
70.19699994041392,70.18410829148291,-0.5691041209265877,0.21425413553449868,0.015187825247902886
70.36334354216845,70.34660395071572,-0.5335324881439337,0.2167545505449091,0.014875441327611176
70.529687143923,70.50901109448344,-0.49755887924418,0.21920300940993398,0.014563144277369404
70.69603074567753,70.67133061777888,-0.46119194666643415,0.22159952833629548,0.014250954895298644
70.86237434743207,70.83356347674953,-0.4244403286033167,0.22394412683238185,0.01393889208731008
71.0287179491866,70.99571068718,-0.3873126484996894,0.22623682739703765,0.01362697290987622
71.19506155094113,71.15777332298417,-0.34981751461808314,0.2284776552155101,0.013315212613202287
71.36140515269567,71.31975251470784,-0.3119635196692738,0.23066663786259856,0.013003624684704217
71.5277487544502,71.48164944804267,-0.2737592405061007,0.23280380501305853,0.012692220892702754
71.69409235620473,71.64346536235198,-0.23521323787884688,0.23488918815928495,0.012381011330252042
71.86043595795927,71.80520154920885,-0.1963340562504357,0.23692282033629297,0.01207000445902596
72.02677955971382,71.96685935094767,-0.15713022366967794,0.23890473585399574,0.01175920715319173
72.19312316146835,72.12844015922859,-0.11761025170090014,0.24083497003677845,0.01144862474320678
72.35946676322288,72.28994541361624,-0.07778263540810662,0.24271355897034663,0.011138261059479003
72.52581036497742,72.45137660017218,-0.03765585339219396,0.24454053925581976,0.010828118475838698
72.69215396673195,72.61273525006206,0.00276163212068814,0.24631594777103816,0.010518197952772758
72.85849756848648,72.77402293817686,0.04346137514110476,0.2480398214390398,0.010208499080379525
73.02484117024102,72.9352412817691,0.08443494573040464,0.24971219700365577,0.009899020121005636
73.19118477199555,73.09639193910368,0.12567392976842,0.2513331108121686,0.009589758051532475
73.3575283737501,73.25747660812337,0.16716992867646094,0.252902598604976,0.009280708605283246
73.52387197550463,73.41849702314549,0.2089145670447419,0.2544214175776345,0.009014324179688208
73.69021557725917,73.57945454084691,0.2509010710600657,0.255912478861557,0.008913164559905836
73.8565591790137,73.74034963080072,0.2931261723015425,0.2573867144415245,0.008812023971282081
74.02290278076823,73.90118265366232,0.3355870720789242,0.25884412766790676,0.00871090461842355
74.18924638252277,74.06195398201241,0.37828097490627555,0.2602847222481701,0.008609808585814002
74.3555899842773,74.22266400015238,0.4212050885446695,0.26170850222663233,0.008508737839300935
74.52193358603184,74.38331310394223,0.46435662405143174,0.2631154719648525,0.008407694227564731
74.68827718778637,74.54390170063874,0.507732795825126,0.2645056361222622,0.008306679483595604
74.85462078954092,74.70443020873482,0.5513308216464118,0.26587899963704675,0.008205695226176875
75.02096439129545,74.86489905779956,0.5951479227148242,0.2672355677072682,0.0081047429613736
75.18730799304998,75.02530868831897,0.6391813236814959,0.2685753457722426,0.008003824084025545
75.35365159480452,75.18565955153797,0.683428252677961,0.26989833949416164,0.00790293987924324
75.51999519655905,75.3459521093028,0.7278859413410034,0.2712045547399633,0.007802091523906461
75.68633879831359,75.5061868339049,0.7725516248337393,0.2724939975634548,0.007701280088163824
75.85268240006812,75.66636420792517,0.8174225418628246,0.2737666741876823,0.007600506536933
76.01902600182265,75.82648472407953,0.8624959346920322,0.2750225909875512,0.0074997717314002794
76.1853696035772,75.9865488850655,0.9077690491521165,0.2762617544726975,0.007399076430518956
76.35171320533173,76.14655720340942,0.9532391346470941,0.27748417127060243,0.0072984212925056744
76.51805680708627,76.30651020131515,0.9989034441570148,0.2786898481099649,0.007197806876333811
76.6844004088408,76.46640841051337,1.044759234237206,0.2798787918043124,0.007097233643223571
76.85074401059533,76.62625237211209,1.0908037650141187,0.2810510092358669,0.00699670195812773
77.01708761234987,76.78604263644837,1.1370343001778649,0.28220650733965424,0.006896212091212541
77.1834312141044,76.94577976294069,1.183448106971355,0.2833452930878595,0.0067957642193334005
77.34977481585894,77.10546431994267,1.2300424561762577,0.28446737347442586,0.006695358427504378
77.51611841761348,77.26509688459775,1.2768146220957568,0.28557275549990324,0.006594994710361323
77.68246201936802,77.42467804269495,1.323761882534173,0.28666144615653044,0.006494672973617946
77.84880562112255,77.58420838852585,1.3708815187735586,0.2877334524135695,0.006394393035514376
78.01514922287708,77.74368852474227,1.4181708155471746,0.28878878120287066,0.006294154628257998
78.18149282463162,77.90311906221544,1.4656270610101365,0.28982743940468314,0.006193957399455784
78.34783642638615,78.06250061989591,1.5132475467070192,0.2908494338337002,0.006093800913538225
78.51418002814069,78.22183382467468,1.5610295675366919,0.29185477122533987,0.0059936846531741085
78.68052362989522,78.38111931124519,1.6089704217142669,0.2928434582222619,0.005893608020676182
78.84686723164975,78.54035759947024,1.6570678158802064,0.29382564023675783,0.00595548250473506
79.0132108334043,78.6995481569666,1.705322951214354,0.2948258660018497,0.00607054650590605
79.17955443515883,78.85868990516265,1.7537388120416304,0.2958452363176285,0.0061856634303586264
79.34589803691337,79.01778175155852,1.8023183954456123,0.2968837600540759,0.006300834060231677
79.5122416386679,79.17682259386626,1.8510646968902524,0.2979414462023726,0.006416059070254174
79.67858524042244,79.33581131982992,1.8999807101628359,0.2990183038568546,0.006531339025588693
79.84492884217697,79.49474680704562,1.9490694273128752,0.30011434219660504,0.0066466743796599346
80.0112724439315,79.65362792278313,1.9983338385870404,0.3012295704666874,0.006762065471969004
80.17761604568604,79.81245352380813,2.047776932360068,0.30236399795901114,0.006877512525894114
80.34395964744058,79.97122245620561,2.09740169506145,0.3035176339928314,0.006993015646477885
80.51030324919512,80.12993355520385,2.1472111110979397,0.30469048789488173,0.007108574818202196
80.67664685094965,80.28858564500018,2.1972081627717888,0.3058825689791309,0.0072241899027511046
80.84299045270419,80.44717753858725,2.247395830194605,0.3070938865261712,0.007339860636762668
81.00933405445872,80.60570803758071,2.2977770911967768,0.30832444976222995,0.007455586629570338
81.17567765621325,80.76417593204806,2.3483549212324224,0.30957426783780395,0.007571367360934912
81.34202125796779,80.92258000033887,2.3991322932797954,0.31084334980591777,0.007687202178767996
81.50836485972232,81.08091900891637,2.450112177737027,0.3121317046000005,0.007803090296847795
81.67470846147685,81.23919171219008,2.5012975423131496,0.3134393410113834,0.00791903079252833
81.8410520632314,81.39739685235045,2.5526913519144396,0.31476626766641624,0.008035022604443474
82.00739566498594,81.55553315920453,2.604296568525817,0.31611249300320043,0.008151064530206505
82.17373926674047,81.71359935001371,2.656116151087482,0.3174780252479392,0.008267155224106962
82.340082868495,81.87159412933252,2.708153055366436,0.3188628723909055,0.008383293194805611
82.50642647024954,82.02951618884981,2.760410233823112,0.32026704216202617,0.008499476803029428
82.67277007200407,82.18736420723135,2.81289063547286,0.3216905420060816,0.008615704259267694
82.8391136737586,82.34513684996416,2.8655972057422487,0.3231333790575235,0.008731973621470865
83.00545727551314,82.5028327692035,2.9185328863202487,0.32459556011490953,0.008848282792754009
83.17180087726769,82.66045060362102,2.9717006150040652,0.32607709161495846,0.008964629519106196
83.33814447902222,82.81798897825568,3.0251033255396846,0.3275779796062217,0.009081011387107969
83.50448808077675,82.97544650436652,3.078743947456988,0.3290982297223777,0.009197425821658329
83.67083168253129,83.13282177928807,3.132625405899541,0.33063784715514943,0.009313870083713796
83.83717528428582,83.29011338628766,3.1867506214487378,0.3321968366268462,0.009430341268040814
84.00351888604035,83.44731989442585,3.2411225099425325,0.33377520236253355,0.009546836300984251
84.16986248779489,83.60443985841857,3.2957439822884806,0.3353729480618335,0.009663351938253783
84.33620608954942,83.76147181850297,3.350617944271179,0.3369900768703551,0.009779884762730532
84.50254969130397,83.91841430030514,3.405747296354059,0.3386265913507689,0.009896431182296557
84.6688932930585,84.0752658147111,3.46113493347532,0.3402824934535138,0.01001298742768908
84.83523689481304,84.23202485774091,3.5167837448382384,0.34195778448715686,0.010129549550382594
85.00158049656757,84.38868991042544,3.5726966136955443,0.343652465088399,0.010246113420501022
85.1679240983221,84.54525943868661,3.6288764171279593,0.34536653519173477,0.010362674724762688
85.33426770007664,84.70173189322104,3.6853260258169613,0.3470999939987811,0.010479228964461277
85.50061130183117,84.85810570938662,3.7420483038114183,0.34885283994726013,0.010595771453484802
85.6669549035857,85.01437930709326,3.799046108288471,0.35062507067967097,0.010712297316376513
85.83329850534024,85.17055109069663,3.8563222893082996,0.35241668301163065,0.01082880148644
85.99964210709479,85.32661944889624,3.9138796895629677,0.35422767289991075,0.010945278703891987
86.16598570884932,85.48258275463688,3.9717211441191957,0.35605803541016545,0.011061723514065943
86.33232931060385,85.6384393650144,4.029849480155082,0.3579077646843718,0.011178130265669559
86.49867291235839,85.79418762118561,4.088267516690832,0.35977685390797953,0.0112944931091
86.66501651411292,85.94982584828217,4.146978064313349,0.3616652952767865,0.01141080599481956
86.83136011586745,86.10535235532916,4.205983924894779,0.3635730799635528,0.01152706267179599
86.99770371762199,86.26076543516783,4.265287891304955,0.3655001980843555,0.011643256686010527
87.16404731937652,86.41606336438356,4.324892747117849,0.3674466386647057,0.011759381379037693
87.33039092113107,86.57124440323776,4.3848012663117775,0.3694123896054342,0.011875429886700154
87.4967345228856,86.72630679560547,4.445016212963717,0.37139743764835753,0.011991395137802837
87.66307812464014,86.88124876891756,4.505540340937459,0.3734017683417443,0.012107269852949925
87.82942172639467,87.03606853410824,4.566376393565788,0.3754253660055893,0.012223046543448725
87.9957653281492,87.19076428556782,4.627527103326574,0.37746821369671313,0.01233871751030427
88.16210892990374,87.34533420110112,4.68899519151296,0.379530293173703,0.012454274843308863
88.32845253165827,87.4997764418912,4.750783367897512,0.3816115848617092,0.01256971042023051
88.4947961334128,87.65408915246925,4.812894330390544,0.38371206781711775,0.012685015906104427
88.66113973516735,87.80827046068968,4.875330764692434,0.3858317196921095,0.012800182752631659
88.82748333692189,87.96231847771212,4.938095343940245,0.3879705166991343,0.012915202197689298
88.99382693867642,88.11623129798875,5.001190728348414,0.39012843357530436,0.013030065264956075
89.16017054043095,88.27000699925875,5.0646195648439125,0.392305443546749,0.013144762763658184
89.32651414218549,88.4236436425484,5.128384486695544,0.39450151829292146,0.013259285288439032
89.49285774394002,88.5771392721785,5.192488113137777,0.3967166279109078,0.013373623219357532
89.65920134569456,88.7304919157781,5.256933048989039,0.39895074087973903,0.013487766722019272
89.82554494744909,88.88369958430535,5.321721884264531,0.40120382402473753,0.013601705747844629
89.99188854920362,89.03676027173096,5.3868571936217124,0.403475833167926,0.013711265480532994
90.15823215095817,89.18967226138764,5.452340825936392,0.40575318032656593,0.013670002271274911
90.3245757527127,89.34243495136884,5.518171998255784,0.40802367698491704,0.013628900044866362
90.49091935446724,89.4950480043831,5.5843493268199405,0.4102873500206927,0.013587959964626837
90.65726295622177,89.64751108907537,5.650871433212001,0.41254422650051614,0.013547183163444014
90.8236065579763,89.79982388008474,5.717736944454404,0.41479433367695995,0.01350657074423495
90.98995015973084,89.95198605796365,5.784944493044569,0.4170376989836013,0.013466123780442842
91.15629376148537,90.10399730909776,5.8524927169895,0.41927435003016145,0.013425843316531941
91.3226373632399,90.25585732562607,5.920380259838968,0.4215043145977253,0.013385730368480479
91.48898096499445,90.40756580536159,5.988605770717655,0.4237276206340437,0.013345785924271412
91.65532456674899,90.55912245171196,6.057167904355916,0.42594429624891594,0.013306010944381028
91.82166816850352,90.71052697360139,6.126065321119702,0.42815436970966037,0.013266406362264942
91.98801177025805,90.86177908539173,6.195296687038892,0.4303578694366519,0.013226973084842034
92.15435537201259,91.01287850680505,6.2648606738348835,0.43255482399895406,0.013187711992975512
92.32069897376712,91.16382496284626,6.33475595894691,0.43474526211002296,0.013148623941951439
92.48704257552166,91.31461818372574,6.4049812255571545,0.4369292126234883,0.013109709761954656
92.65338617727619,91.46525790478317,6.475535162615094,0.4391067045290238,0.013070970258541696
92.81972977903072,91.6157438664113,6.5464164648605685,0.44127776694828746,0.013032406213110966
92.98607338078527,91.76607581397998,6.617623832845812,0.44344242913093757,0.01299401838336992
93.1524169825398,91.91625349776137,6.68915597295663,0.44560072045073706,0.012955807503799217
93.31876058429434,92.06627667285476,6.761011597432464,0.4477526704017225,0.012917774286113829
93.48510418604887,92.21614509911234,6.833189424385518,0.4498983085944608,0.012879919419720944
93.6514477878034,92.36585854106535,6.905688177818949,0.45203766475237117,0.012842243572174736
93.81779138955794,92.51541676785062,6.97850658764411,0.45417076870813133,0.01280474738962785
93.98413499131247,92.66481955313742,7.051643389696834,0.4562976504001526,0.012767431497279672
94.150478593067,92.81406667505507,7.125097325752944,0.45841833986913283,0.012730296499821117
94.31682219482155,92.96315791612095,7.198867143542746,0.46053286725468157,0.012693342981876247
94.48316579657609,93.11209306316856,7.272951596764705,0.46264126279201667,0.01265657150844031
94.64950939833062,93.26087190727678,7.34734944509836,0.46474355680873813,0.01261998262531445
94.81585300008516,93.4094942436989,7.422059454216287,0.4668397797216701,0.012583576859536918
94.98219660183969,93.55795987179262,7.4970803957953684,0.46892996203377546,0.012547354719810798
95.14854020359422,93.70626859494999,7.572411047527104,0.4710141343311385,0.012511316696928246
95.31488380534876,93.8544202205285,7.648050193127425,0.47309232728002737,0.012475463264191201
95.48122740710329,94.00241455978217,7.72399662234544,0.4751645716240116,0.01243979487782853
95.64757100885784,94.15025142779295,7.80024913097167,0.47723089818116193,0.012404311977409696
95.81391461061237,94.29793064340322,7.8768065208454265,0.47929133784131084,0.012369014986254808
95.9802582123669,94.44545202914817,7.95366759986156,0.4813459215633844,0.012333904311841124
96.14660181412144,94.59281541118887,8.03083118197646,0.4833946803728,0.012298980346206056
96.31294541587597,94.740020619246,8.108296087213459,0.48543764535893175,0.012264243466346497
96.4792890176305,94.88706748653354,8.186061141667446,0.48747484767264115,0.012229694034614727
96.64563261938504,95.03395584969351,8.264125177508951,0.4895063185238726,0.012195332399110671
96.81197622113957,95.1806855487309,8.34248703298764,0.4915320891793189,0.012161158894070639
96.97831982289411,95.32725642694875,8.421145552434922,0.49355219096014213,0.012127173840252626
97.14466342464866,95.47366833088435,8.500099586266355,0.4955666552397666,0.012093377545317889
97.31100702640319,95.61992111024551,8.579347990983178,0.49757551344173256,0.012059770304209277
97.47735062815772,95.76601461784713,8.658889629173315,0.499578797037608,0.012026352399525889
97.64369422991226,95.91194870954861,8.738723369511945,0.5015765375449694,0.011993124101894369
97.81003783166679,96.0577232441915,8.818848086761411,0.50356876652544,0.011960085670336695
97.97638143342132,96.20333808353762,8.899262661770681,0.5055555155827909,0.01192723735263463
98.14272503517586,96.34879309220761,8.9799659814742,0.5075368163610974,0.011894579385690713
98.30906863693039,96.49408813762015,9.060956938890383,0.5095127005429658,0.011862111995885914
98.47541223868494,96.63922308993114,9.142234433119459,0.5114831998478055,0.011829835399434002
98.64175584043947,96.78419782197382,9.223797369340952,0.5134483460301724,0.01179774980273254
98.808099442194,96.92901220919903,9.305644658810706,0.5154081708781626,0.01176585540271067
98.97444304394854,97.0736661296161,9.387775218857376,0.5173627062118653,0.011734152387173635
99.14078664570307,97.21815946373394,9.470187972878577,0.5193119838818765,0.01170264093514416
99.30713024745761,97.36249209450291,9.552881850336586,0.521256035767864,0.011671321217200584
99.47347384921214,97.50666390725651,9.635855786753531,0.5231948937771893,0.011640193395812019
99.63981745096667,97.6506747896543,9.719108723706439,0.5251285898435909,0.011609257625670258
99.80616105272121,97.79452463162455,9.802639608821563,0.5270571559259145,0.011578514054018873
99.97250465447576,97.93821332541631,9.886447395832146,0.5289806240083545,0.011547962820956057
100.13884825623029,98.08174159405883,9.97052963157864,0.5308640495545118,0.011019640750857157
100.30519185798482,98.22511550274089,10.05487481097209,0.5326454998057191,0.01039917872945843
100.47153545973936,98.36834329625961,10.139467877555674,0.5343236913070237,0.009778140057005264
100.63787906149389,98.51143330961246,10.22429379668439,0.5358985333886861,0.009156587039066204
100.80422266324842,98.65439395760986,10.309337563551514,0.5373699453323768,0.008534577067839205
100.97056626500296,98.79723372941957,10.394584202099571,0.5387378555783036,0.007912162916672794
101.13690986675749,98.93996118317533,10.480018763773666,0.5400022009817049,0.007289393039100984
101.30325346851204,99.08258494064677,10.56562632612858,0.5411629261194246,0.006666311871811111
101.46959707026657,99.2251136819681,10.651391991300358,0.5422199826471736,0.006042960141022526
101.6359406720211,99.36755614042208,10.737300884353857,0.5431733287080043,0.005419375171800482
101.80228427377564,99.50992109727564,10.82333815151694,0.5440229283924563,0.004795591199882436
101.96862787553017,99.65221737666346,10.909488958312279,0.5447687512507491,0.00417163968563513
102.13497147728471,99.79445384051509,10.995738487597484,0.5454107718573562,0.003547549629804416
102.30131507903924,99.93663938352108,11.082071937524521,0.5459489694282293,0.0029233478907523826
102.46765868079378,100.0787829281342,11.168474519428967,0.5463833274908989,0.0022990595029130675
102.63400228254832,100.2208934196,11.254931455659715,0.5467138336076305,0.0016747079962252853
102.80034588430286,100.36297982101239,11.34142797735981,0.5469404791517833,0.0010503157163241894
102.96668948605739,100.50505110838915,11.427949322208946,0.54706325913748,0.00042590414529548236
103.13303308781192,100.64711626576175,11.514480732138038,0.5470821721026664,-0.00019850577718881816
103.29937668956646,100.789184280338,11.601007451065014,0.5469972200455482,-0.0008228933328006368
103.46572029132099,100.93126335682825,11.687516004476212,0.5468359582553215,-0.0011101224299350804
103.63206389307553,101.07335840555926,11.773998319878432,0.5466279077696914,-0.0013913232087883099
103.79840749483006,101.21547346556015,11.860447746859284,0.546373086229158,-0.0016724626386996715
103.96475109658459,101.35761257035486,11.94685763365651,0.5460715050848464,-0.0019535257118794844
104.13109469833914,101.49977974682068,12.033221326943647,0.5457231782976466,-0.002234497255921174
104.29743830009367,101.64197901403863,12.119532171627458,0.545328122367847,-0.0025153619067732054
104.46378190184821,101.78421438214134,12.205783510652253,0.5448863563692479,-0.0027961040818592436
104.63012550360274,101.92648985115837,12.291968684812048,0.5443979019877374,-0.003076707953370605
104.79646910535727,102.06880940985977,12.378081032572336,0.5438627835642933,-0.0033571574217573434
104.96281270711181,102.21117703459592,12.4641138899011,0.5432810281423723,-0.003637436089438702
105.12915630886634,102.35359668813501,12.550060590111654,0.5426526655196584,-0.003917527234763338
105.29549991062088,102.49607231849713,12.635914463716988,0.5419777283041132,-0.004197413786241188
105.46184351237542,102.63860785778466,12.721668838297456,0.5412562519742954,-0.004477078297076575
105.62818711412996,102.78120722100977,12.807317038382516,0.540488274943884,-0.004756502920029048
105.79453071588449,102.9238743049177,12.892852385347542,0.5396738386303568,-0.005035669382630501
105.96087431763902,103.06661298680605,12.978268197326445,0.5388129875277587,-0.005314558962786866
106.12721791939356,103.20942712334079,13.063557789141791,0.537905769283495,-0.005593152464796726
106.29356152114809,103.3523205493674,13.148714472252536,0.5369522347790783,-0.00587143019581493
106.45990512290263,103.49529707671871,13.233731554721064,0.5359524382147458,-0.006149371942795469
106.62624872465716,103.63836049301808,13.318602341200144,0.5349064371978782,-0.006426956949945014
106.7925923264117,103.78151456047833,13.403320132940685,0.5338142928351179,-0.00670416389672091
106.95893592816624,103.924763014697,13.48787822782168,0.5326760698281023,-0.006980970876409476
107.12527952992077,104.06810956344714,13.572269920402837,0.5314918365727079,-0.007257355375318925
107.29162313167531,104.211557885464,13.656488502001093,0.5302616652617029,-0.0075332942526245015
107.45796673342984,104.35511162922813,13.74052726079187,0.5289856319906985,-0.007808763720903021
107.62431033518438,104.49877435235648,13.824379582128302,0.5276714036065857,-0.007754282918864897
107.79065393693891,104.6425440743672,13.908048319983301,0.5264575961042635,-0.006839910119534219
107.95699753869344,104.78640890285642,13.99155342475292,0.525395785175581,-0.005926760817703402
108.12334114044798,104.93035599027522,14.074916654477061,0.5244857778808356,-0.005014706689956144
108.28968474220252,105.07437256877463,14.158159778584727,0.5237274031450436,-0.004103613340619196
108.45602834395706,105.21844593840397,14.241304575207117,0.523120512686547,-0.0031933412761726895
108.62237194571159,105.36256345523469,14.324372828666347,0.5226649817849056,-0.0022837468662124942
108.78871554746613,105.5067125194493,14.40738632712129,0.522360709889929,-0.0013746832928912156
108.95505914922066,105.6508805634041,14.490366860335477,0.522207621073584,-0.0004660014910487763
109.1214027509752,105.79505503967647,14.573336217532734,0.5222056643261275,0.00044244891868904505
109.28774635272973,105.93922340910514,14.65631618530599,0.5223548136974561,0.001350818701509592
109.45408995448426,106.0833731288327,14.739328545544767,0.5226550682842408,0.00225925808234637
109.62043355623881,106.22749164035937,14.822395073347002,0.5231064520630531,0.00316791581977717
109.78677715799334,106.37156635761681,14.905537534880846,0.5237090135692699,0.0040769382775340335
109.95312075974788,106.51558465507154,14.988777685162304,0.5244628254211721,0.0049864684913118445
110.11946436150241,106.65953385586641,15.072137265713753,0.5253679836882634,0.005896645228615158
110.28580796325694,106.80340122001176,15.155638002069916,0.5264246071024758,0.0068076020394826926
110.45215156501148,106.94717393263524,15.239301601096063,0.5276328361105587,0.007719466296019697
110.61849516676601,107.09083909230255,15.323149748084596,0.5289928317656418,0.008632358218815694
110.78483876852054,107.23438369942177,15.407204103595548,0.530504774455633,0.009546389888478774
110.95118237027508,107.37779464474295,15.491486300006205,0.5321688624658387,0.010461664240702759
111.11752597202963,107.52105869796965,15.576017937736106,0.5339853103729606,0.011378274043510288
111.28386957378416,107.66416249649622,15.660820581112398,0.5359543472673951,0.012296300855550304
111.45021317553869,107.80709253428968,15.745915753841953,0.5380762148006237,0.013215813964623287
111.61655677729323,107.94983515093372,15.831324934055427,0.5403511650543442,0.014136869305910285
111.78290037904776,108.09237652085658,15.91706954889016,0.5427794582279599,0.015059508359750012
111.9492439808023,108.23470264276418,16.003170968577493,0.5453613601410274,0.015983757029185346
112.11558758255683,108.37679932930396,16.089650500002147,0.5480971395473597,0.016909624497949912
112.28193118431136,108.51865219698455,16.1765293797001,0.5509870652576012,0.0178371020700248
112.44827478606591,108.6602466563814,16.263828766263707,0.5540314030673539,0.018766161992431765
112.61461838782044,108.80156790265798,16.35156973212232,0.5572304124882379,0.01969675626348271
112.78096198957498,108.9426009064371,16.439773254668594,0.5605843432796958,0.020628815429324952
112.94730559132951,109.0833306809007,16.5284597714757,0.5640729435892857,0.02101910106258563
113.11364919308404,109.22374999754278,16.61763702895732,0.5675473359346843,0.02075429971982065
113.27999279483858,109.36386061102989,16.707298527858235,0.5709775428456614,0.02048785911787483
113.44633639659311,109.50366484647257,16.797437003568056,0.5743632980926687,0.020219856599854896
113.61267999834764,109.64316511950116,16.888045190423327,0.5777043482030466,0.019950368194610598
113.77902360010218,109.7823639345142,16.979115823688,0.5810004522385466,0.01967946857106811
113.94536720185673,109.92126388290721,17.070641641461904,0.5842513815655948,0.01940723099654165
114.11171080361126,110.05986764128362,17.162615386516634,0.5874569196189507,0.019133727298955287
114.2780544053658,110.19817796965094,17.255029808058985,0.5906168616593952,0.018859027832897574
114.44439800712033,110.33619770960465,17.34787766342192,0.593731014526087,0.018583201449424384
114.61074160887486,110.4739297825021,17.441151719683333,0.5967991963842039,0.018306315469518927
114.7770852106294,110.61137718762944,17.534844755212973,0.5998212364684652,0.018028435661111807
114.94342881238393,110.74854300036301,17.62894956114765,0.6027969748231157,0.01774962621955957
115.10977241413846,110.885430370328,17.72345894279579,0.6057262620389525,0.01746994975147412
115.27611601589301,111.02204251955678,17.818365720971535,0.6086089589879258,0.017189467261793524
115.44245961764754,111.15838274064777,17.913662733259095,0.6114449365558512,0.016908238143980354
115.60880321940208,111.29445439492835,18.009342835208628,0.6142340753737479,0.016626320173230964
115.77514682115661,111.4302609106222,18.105398901463907,0.6169762655482831,0.016343769502578355
115.94149042291114,111.5658057810239,18.201823826823272,0.6196714063918094,0.016060640661768242
116.10783402466568,111.70109256268177,18.298610527234498,0.6223194061524255,0.01577698655878879
116.27417762642021,111.83612487359092,18.395751940725006,0.6249201817445162,0.015492858483932129
116.44052122817475,111.97090639139752,18.493241028268304,0.6274736584801626,0.015208306116267686
116.6068648299293,112.1054408516164,18.591070774588037,0.6299797698018228,0.014923377532406483
116.77320843168383,112.23973204586223,18.689234188900762,0.6324384570166548,0.014638119217437212
116.93955203343836,112.3737838200966,18.78772430559884,0.6348496690328274,0.01435257607791576
117.1058956351929,112.50760007289162,18.88653418487522,0.6372133620981684,0.014066791456789955
117.27223923694743,112.64118475371038,18.98565691329025,0.6395294995414309,0.013780807150148656
117.43858283870196,112.77454186120426,19.08508560428163,0.6417980515164645,0.01349466342568286
117.6049264404565,112.90767544153276,19.184813398622435,0.6440189947496506,0.01320839904273884
117.77127004221103,113.04058958670171,19.284833464824864,0.6461923122907716,0.01292205127386637
117.93761364396556,113.17328843292223,19.385138999492654,0.6483179932675807,0.012635655927752966
118.10395724572011,113.3057761589908,19.485723227623215,0.6503960326442932,0.012349247373443398
118.27030084747464,113.43805698469147,19.58657940286139,0.652426430984212,0.012062858565744421
118.43664444922918,113.57013497214525,19.687701065209957,0.6544200927660935,0.012020730829907893
118.60298805098371,113.7020103671495,19.78908679039645,0.6564337231147563,0.012189834640744388
118.76933165273824,113.83367991003963,19.890739711192936,0.6584755191879941,0.012359378141687041
118.93567525449278,113.96514018497766,19.992663117203776,0.6605455552122237,0.01252937432831331
119.10201885624731,114.09638774642991,20.09486028906611,0.6626439075401462,0.012699835769144782
119.26836245800185,114.22741911863234,20.19733449832213,0.6647706545792573,0.012870774600115223
119.4347060597564,114.35823079506036,20.300089007273964,0.666925876719398,0.013042202518585908
119.60104966151093,114.48881923790343,20.40312706882074,0.669109656259268,0.013214130776908101
119.76739326326546,114.61918087754596,20.506451926278412,0.6713220773318431,0.013386570175534868
119.93373686502,114.7493121120524,20.610066813180943,0.6735632258285902,0.01355953105568103
120.10008046677453,114.8792093066594,20.713974953063836,0.6758331893224416,0.013733023291534507
120.26642406852906,115.00886879327321,20.81817955922885,0.6781320569894267,0.013907056282017929
120.4327676702836,115.13828686997361,20.922683834490194,0.6804599195288983,0.014081638942103592
120.59911127203813,115.26745980052503,21.027490970902,0.6828168690822829,0.01425677969368263
120.76545487379266,115.39638381389453,21.132604149466744,0.6852029991502779,0.014432486455990453
120.93179847554721,115.5250551037753,21.238026539822776,0.6876184045083846,0.014608766635588032
121.09814207730174,115.65346982811981,21.343761299913695,0.6900631811207734,0.014785627115906044
121.26448567905628,115.78162410868083,21.449811575637735,0.6925374260523691,0.01496307424635257
121.43082928081081,115.90951403056046,21.55618050047662,0.6950412373790806,0.015141113830987
121.59717288256535,116.03713564176832,21.662871195104245,0.6975747140961173,0.015319751116765081
121.76351648431988,116.16448495278898,21.76988676697467,0.7001379560243102,0.015498990781358694
121.92986008607441,116.2915579361591,21.877230309889,0.7027310637143698,0.01567883692055553
122.09620368782895,116.41835052605494,21.984904903541576,0.7053541383490214,0.015859293035244738
122.2625472895835,116.54485861789092,22.09291361304453,0.7080072816429368,0.01604036201799406
122.42889089133803,116.67107806792886,22.201259488430566,0.7106905957403948,0.01622204613922525
122.59523449309256,116.7970046928998,22.30994556413431,0.7134041831106179,0.016404347032996695
122.7615780948471,116.92263426963783,22.418974858451243,0.7161481464407067,0.01658726568240039
122.92792169660163,117.04796253472705,22.528350372974618,0.7189225885261168,0.016770802404583837
123.09426529835616,117.17298518416241,22.638075092009625,0.7217276121586123,0.016954956835406203
123.2606089001107,117.29769787302428,22.748151981964863,0.724563320011633,0.01713972791374106
123.42695250186523,117.42209621516878,22.858583990721165,0.7274298145230307,0.017325113865437777
123.59329610361978,117.5461757829328,22.96937404697683,0.7303271977751029,0.017511112186954822
123.75963970537431,117.66993210685649,23.08052505957012,0.733255571371882,0.017697719628680386
123.92598330712885,117.7933606754216,23.192039916777727,0.7362150363136215,0.017884932177955552
124.09232690888338,117.91645693480858,23.303921485590095,0.7392056928684374,0.01807274504181792
124.25867051063791,118.039216288672,23.416172610962665,0.7422276404410577,0.01826115262948387
124.42501411239245,118.16163409793495,23.528796115043324,0.7452809774386329,0.018450148534589744
124.59135771414698,118.28370568060447,23.641794796375898,0.7483658011335796,0.01863972551721332
124.75770131590151,118.4054263116072,23.755171429079436,0.751482207523412,0.018829875485698783
124.92404491765605,118.5267912226475,23.86892876200346,0.7546302911875422,0.019020589478309823
125.0903885194106,118.64779560208818,23.983069517858908,0.7578101451410078,0.01921185764473711
125.25673212116513,118.76843459485485,24.097596392324654,0.7610218606851147,0.019403669227487798
125.42307572291966,118.88870330236513,24.21251205313019,0.7642655272549868,0.019596012543188223
125.5894193246742,119.0085967824831,24.3278191391135,0.7675412322639823,0.019788874963829136
125.75576292642873,119.1281100495007,24.443520259255315,0.7708490609450083,0.01998224289798976
125.92210652818326,119.24723807414625,24.559617991688626,0.7741890961886937,0.020176101772073164
126.0884501299378,119.36597578362176,24.676114882684736,0.7775614183784589,0.020370436011593083
126.25479373169233,119.48431806166965,24.793013445614857,0.7809661052224688,0.020565229022549217
126.42113733344688,119.60225974867008,24.910316159888453,0.784403231582508,0.020760463172934507
126.58748093520141,119.71979564176982,25.028025469867657,0.787872869299783,0.02095611977441619
126.75382453695595,119.8369204950441,25.146143783758713,0.7913750870177063,0.0211521790642378
126.92016813871048,119.95362901969166,25.26467347248005,0.7949099500016819,0.0213486201873884
127.08651174046501,120.0699158842652,25.3836168685079,0.7984775199559553,0.021545421179090477
127.25285534221955,120.18577571493744,25.502976264699402,0.8020778548375787,0.021742558947657163
127.41919894397408,120.3012030973019,25.622753912286225,0.805710677420949,0.021895392858510374
127.58554254572861,120.41619472495505,25.742949965056596,0.8093276660072855,0.02159258020692107
127.75188614748316,120.53075389653583,25.863558267163928,0.8128941931796203,0.021288692501117704
127.9182297492377,120.6448852512888,25.98457149358014,0.816410086335631,0.02098380422049858
128.08457335099223,120.75859351547292,26.10598236017756,0.8198751850686166,0.02067798750292943
128.25091695274676,120.87188349981743,26.227783624852577,0.8232893407759683,0.02037131213313682
128.4172605545013,120.98476009703492,26.349968088587335,0.8266524162670645,0.020063845535384046
128.58360415625583,121.09722827936508,26.472528596419004,0.8299642853703117,0.01975565277031046
128.74994775801036,121.20929309614795,26.595458038317243,0.8332248325399734,0.01944679653573545
128.9162913597649,121.32095967143233,26.718749349973383,0.8364339524634707,0.019137337171221565
129.08263496151943,121.43223320161768,26.8423955135016,0.8395915496697155,0.01882733266619972
129.24897856327397,121.54311895313484,26.966389558056274,0.8426975381391055,0.018516838671451822
129.4153221650285,121.65362226016367,27.090724560365313,0.8457518409156672,0.01820590851375874
129.58166576678303,121.7637485223922,27.21539364518372,0.8487543897219076,0.017894593213513846
129.74800936853757,121.87350320281638,27.340389985668285,0.8517051245768155,0.017582941505114143
129.91435297029213,121.98289182558283,27.46570680367606,0.8546039934174772,0.017270999859940264
130.08069657204666,122.09191997387529,27.591337369989112,0.8574509517247249,0.016958812511741778
130.2470401738012,122.2005932878456,27.71727500446759,0.8602459621531935,0.01664642148425016
130.41338377555573,122.3089174625886,27.843513076131067,0.862988994166102,0.016333866620852133
130.57972737731026,122.41689824616498,27.970045003175326,0.86568002367519,0.016021185616143505
130.7460709790648,122.5245414376698,28.096864252922952,0.8683190326860224,0.01570841404921151
130.91241458081933,122.63185288534832,28.223964341711234,0.87090600894898,0.015395585418486447
131.07875818257386,122.73883848475853,28.351338834718696,0.8734409456161369,0.015082731178015703
131.2451017843284,122.84550417698122,28.47898134573338,0.8759238409043082,0.01476988077501374
131.41144538608293,122.95185594687783,28.6068855368646,0.8783546977644257,0.014457061688552765
131.57778898783747,123.05789982139542,28.735045118200027,0.8807335235574367,0.014144299469263912
131.744132589592,123.1636418679195,28.863453847410614,0.8830603297368897,0.013831617779924098
131.91047619134653,123.26908819267386,28.992105529304986,0.8853351315383247,0.013519038436811749
132.07681979310107,123.37424493916747,29.1209940153355,0.8875579476756128,0.01320658145172016
132.2431633948556,123.47911828668832,29.250113203057865,0.8897288000443186,0.01289426507452391
132.40950699661013,123.58371444884344,29.379457035546274,0.8918477134321972,0.012582105836199783
132.57585059836467,123.68803967214428,29.50901950076525,0.8939147152368587,0.012270118592212107
132.74219420011923,123.79210023463855,29.638794630901472,0.8959298351906959,0.011958316566172899
132.90853780187376,123.8959024445855,29.768776501655534,0.8978931050930763,0.011646711393701473
133.0748814036283,123.99945263917647,29.898959231496917,0.8998045585498478,0.011335313166405687
133.24122500538283,124.10275718329798,30.02933698088266,0.901664230720165,0.011024130475919616
133.40756860713736,124.20582246833784,30.159903951441944,0.90347215807064,0.010713170457933657
133.5739122088919,124.3086549110332,30.290654385128157,0.9052283781368136,0.010402438836159728
133.74025581064643,124.4112609523595,30.42158256333956,0.9069329292919326,0.010091939966180737
133.90659941240096,124.51364705645955,30.552682806010395,0.908585850523,0.009781676879136567
134.0729430141555,124.61581970961211,30.68394947067371,0.9101871812140923,0.009471651325205189
134.23928661591003,124.71778541923854,30.815376951497033,0.9117369609368682,0.009161863816841868
134.40563021766457,124.81955071294706,30.946959678292682,0.9132352292482677,0.008852313671743287
134.5719738194191,124.92112213761291,31.078692115503475,0.914682025495317,0.008542999055508954
134.73831742117363,125.02250625849472,31.210568761165558,0.9160773886270182,0.008233917023975227
134.90466102292817,125.12370965838426,31.342584145848978,0.9174213570132377,0.007925063565202476
135.0710046246827,125.2247389367899,31.474732831577434,0.9187139682705583,0.007616433641099158
135.23734822643723,125.32560070915201,31.607009410728363,0.91995525909502,0.007308021228669331
135.40369182819177,125.42630160608982,31.73940850491431,0.9211452651016936,0.006999819360875286
135.57003542994633,125.5268482726774,31.871924763846256,0.9222840206710154,0.006691820167109573
135.73637903170086,125.62724736774925,32.00455286418057,0.923371558801823,0.0063840149132727685
135.9027226334554,125.72750556323301,32.13728750834978,0.9244079109710261,0.006076394041458181
136.06906623520993,125.82762954350886,32.2701234233785,0.9253931069998433,0.005768947209246081
136.23540983696446,125.92762600479398,32.40305535968514,0.9263271749265476,0.0054616633286133
136.401753438719,126.02750165455139,32.536078089870195,0.9272101408856459,0.0051545306044666495
136.56809704047353,126.12726321092143,32.66918640749218,0.9280420289934446,0.0048475365728098165
136.73444064222807,126.22691740217539,32.802375125831624,0.9288228612399339,0.004540668138557674
136.9007842439826,126.32647096618909,32.935639076643824,0.9295526573869264,0.004233911613012459
137.06712784573713,126.4259306499361,33.068973108901375,0.930231434872411,0.0039272527510179865
137.23347144749167,126.52530320899906,33.202372087526854,0.9308592087210608,0.0036206767878114447
137.3998150492462,126.62459540709762,33.33583089211639,0.9314359914608401,0.0033141684755925026
137.56615865100073,126.72381401563221,33.469344415654604,0.9319617930456818,0.003007712119831929
137.73250225275527,126.82296581324206,33.60290756322173,0.9324366207841779,0.0027012916153428415
137.8988458545098,126.92205758537649,33.73651525069331,0.9328604792742556,0.0023948904821394362
138.06518945626433,127.02109612387792,33.87016240343316,0.9332333703437996,0.002088491901108659
138.2315330580189,127.12008822656873,34.00384395497049,0.9335552929971778,0.0017820787495444175
138.39787665977343,127.21903991001342,34.13755542772546,0.9338447767630802,0.001709605073547624
138.56422026152796,127.31795356441113,34.27129503535859,0.9341241018463187,0.0016488023838885564
138.7305638632825,127.41683053468999,34.40506176678544,0.9343933110876952,0.001587979319358361
138.89690746503703,127.5156721670681,34.53885461191747,0.9346524011508581,0.0015271365144994837
139.06325106679157,127.61447980899806,34.672672561412384,0.9349013688044039,0.0014662745966217666
139.2295946685461,127.71325480912252,34.806514606644384,0.9351402109206948,0.001405394186075384
139.39593827030063,127.81199851722958,34.940379739673645,0.9353689244747247,0.001344495896525312
139.56228187205517,127.9107122842088,35.07426695321635,0.9355875065430279,0.0012835803352265864
139.7286254738097,128.00939746200692,35.20817524061387,0.9357959543026411,0.0012226481033009856
139.89496907556423,128.10805540358416,35.342103595802214,0.935994265030101,0.0011616997960145743
140.06131267731877,128.20668746287006,35.476051013280795,0.9361824361004949,0.001100736003056503
140.2276562790733,128.30529499472016,35.610016488081655,0.9363604649865573,0.0010397573088184798
140.39399988082783,128.4038793548722,35.74399901573795,0.9365283492578111,0.0009787642926755151
140.56034348258237,128.50244189990286,35.87799759225269,0.9366860865797566,0.0009177575292672287
140.7266870843369,128.6009839871843,36.012011214067016,0.9368336747131076,0.0008567375887803076
140.89303068609144,128.69950697484094,36.1460388780287,0.9369711115130741,0.000795705037231503
141.059374287846,128.79801222170659,36.280079581360134,0.9370983949286931,0.000734660436751589
141.22571788960053,128.8965010872809,36.41413232162632,0.9372155230022035,0.0006736043458700283
141.39206149135507,128.99497493168687,36.54819609670289,0.9373224938684723,0.0006125373198001564
141.5584050931096,129.09343511562784,36.68226990474405,0.9374193057544673,0.0005514599107251268
141.72474869486413,129.1918830003446,36.81635274415012,0.9375059569787769,0.0004903726680844439
141.89109229661867,129.2903199475725,36.950443613535086,0.9375824459511755,0.00042927613886116175
142.0574358983732,129.38874731949906,37.08454151169428,0.937648771172241,0.0003681708678693832
142.22377950012773,129.4871664787212,37.2186454375719,0.9377049312330161,0.00030705739804233554
142.39012310188227,129.58557878820247,37.35275439022826,0.9377509248147238,0.0002459362707209755
142.5564667036368,129.68398561123055,37.48686736880724,0.9377867506885185,0.00018480802594288349
142.72281030539133,129.78238831137486,37.62098337250355,0.9378124077153016,0.00012367320273155282
142.88915390714587,129.88078825244375,37.755101400529966,0.9378278948455723,6.253233938603087e-05
143.0554975089004,129.97918679844219,37.88922045208461,0.9378332111193322,1.3859737707885041e-06
143.22184111065494,130.07758531352894,38.02333952631805,0.9378283556660367,-5.9765356394086065e-05
143.38818471240947,130.1759851619744,38.157457622300605,0.9378133277045961,-0.00012092111324259632
143.554528314164,130.27438770811787,38.29157373898941,0.9377881265434231,-0.00018208075847224214
143.72087191591854,130.37279431632479,38.42568687519554,0.9377527515805308,-0.00024324375305337172
143.8872155176731,130.47120635094456,38.55979602955146,0.9377072023036757,-0.0003044095569385463
144.05355911942763,130.5696251762676,38.69390020047786,0.9376514782905545,-0.0003655776287715941
144.21990272118217,130.66805215648287,38.827998386151144,0.9375855792090428,-0.00042674742559687344
144.3862463229367,130.76648865563493,38.96208958447044,0.937509504817486,-0.00048791840256848517
144.55258992469123,130.86493603758146,39.09617279302519,0.9374232549650401,-0.0005490900126595672
144.71893352644577,130.96339566595015,39.23024700906217,0.9373268295920543,-0.0006102617063716472
144.8852771282003,131.06186890409606,39.364311229453094,0.9372202287305127,-0.0006714329314441766
145.05162072995483,131.16035711505842,39.49836445066195,0.9371034525045117,-0.0007326031325642689
145.21796433170937,131.25886166151776,39.6324056687127,0.9369765011307942,-0.0007937717510766815
145.3843079334639,131.35738390575264,39.766433879156615,0.936839374919332,-0.0008549382246939023
145.55065153521844,131.4559252095963,39.90044807704028,0.9366920742739513,-0.0009161019872068419
145.71699513697297,131.55448693439368,40.03444725687315,0.9365345996930072,-0.0009772624681955368
145.8833387387275,131.6530704409575,40.16843041259561,0.9363669517701139,-0.001038419092740546
146.04968234048204,131.75167708952492,40.30239653754686,0.9361891311949124,-0.0010995712811345392
146.21602594223657,131.8503082397139,40.43634462443321,0.9360011387538929,-0.001160718448594575
146.3823695439911,131.9489652504791,40.570273665296156,0.9358029753312636,-0.001221860004974715
146.54871314574564,132.04764948006826,40.70418265148115,0.9355946419098631,-0.0012829953544794236
146.7150567475002,132.14636228597752,40.838070573605656,0.9353761395721287,-0.001344123895377278
146.88140034925473,132.24510502490776,40.971936421528284,0.9351474695011035,-0.0014052450197156404
147.04774395100927,132.3438790527196,41.10577918431731,0.9349086329814993,-0.00146635811303579
147.2140875527638,132.44268572438924,41.23959785022019,0.9346596314007973,-0.0015274625540890982
147.38043115451833,132.54152639396338,41.373391406632386,0.9344004662504055,-0.0015885577145536647
147.54677475627287,132.64040241451443,41.507158840067014,0.9341311391268565,-0.0016496429587520606
147.7131183580274,132.73931513809512,41.64089913612432,0.9338516517330557,-0.001710717643369831
147.87946195978193,132.83826591569328,41.77461127946161,0.9335620058795726,-0.0017717811171750148
148.04580556153647,132.93725609718643,41.908294253763316,0.9332622034859845,-0.0018328327207386714
148.212149163291,133.03628703129579,42.041947041711126,0.9329522465822615,-0.0018938717861563825
148.37849276504554,133.13536006554045,42.17556862495472,0.9326321373101987,-0.0019548976367710063
148.54483636680007,133.2344765461912,42.3091579840823,0.9323018779248962,-0.002015909586896408
148.7111799685546,133.33363781822388,42.44271409859172,0.9319614707962831,-0.0020769069415425946
148.87752357030914,133.432845225273,42.576235946861644,0.9316109184106898,-0.0021378889961419403
149.04386717206367,133.53210010958483,42.709722506123185,0.9312502233724613,-0.002198855036276942
149.2102107738182,133.63140381197002,42.84317275243157,0.9308793884056197,-0.002259804337409144
149.37655437557274,133.73075767175666,42.976585660638506,0.9304984163555687,-0.0023207361646097983
149.5428979773273,133.83016302674218,43.109960204364164,0.9301073101908486,-0.002381649772291637
149.70924157908183,133.92962121313622,43.243295355957535,0.9297060730049642,-0.00244254440393687
149.87558518083637,134.0291329238923,43.37659056589512,0.9293135845094449,-0.002206842240599717
150.0419287825909,134.12869354147463,43.50984925049861,0.9289736576922731,-0.0018802129473683472
150.20827238434543,134.22829583260503,43.64307678995838,0.92868805828929,-0.0015536455508005642
150.37461598609997,134.32793255180616,43.77627858392665,0.9284567767964598,-0.001227130487621218
150.5409595878545,134.42759645895276,43.90946003680045,0.9282798053190948,-0.0009006579790504991
150.70730318960904,134.5272803181753,44.042626556702764,0.9281571376039155,-0.0005742180763105075
150.87364679136357,134.62697689675826,44.175783554466754,0.9280887690635513,-0.0002478007060526387
151.0399903931181,134.7266789640363,44.30893644262438,0.9280746967934874,7.860428427999564e-05
151.20633399487264,134.82637929028755,44.44209063439632,0.9281149195814695,0.0004050070811294568
151.37267759662717,134.92607064562637,44.57525154268331,0.9282094379093762,0.000731417859522075
151.5390211983817,135.02574579889657,44.70842457905707,0.9283582539475477,0.001057846737766184
151.70536480013624,135.12539751656576,44.84161515274969,0.9285613715415844,0.0013843037321284355
151.87170840189077,135.225018561623,44.974828669640864,0.9288187961916021,0.001710798711468566
152.0380520036453,135.3246016924797,45.10807053124082,0.9291305350239298,0.002037341351810092
152.20439560539987,135.42413966187624,45.241346133668856,0.9294965967552526,0.002363941090829584
152.3707392071544,135.52362521579425,45.374660866625305,0.9299169916491721,0.0026906070822430507
152.53708280890893,135.62305109237724,45.508020112356725,0.9303917314651651,0.00301734815007256
152.70342641066347,135.72241002085903,45.64142924461238,0.930920829399934,0.0033441727427750154
152.869770012418,135.821694720503,45.7748936275914,0.9315043000211034,0.0036710888872172015
153.03611361417254,135.920897899552,45.90841861487919,0.9321421591932548,0.003998104142482062
153.20245721592707,136.02001225419113,46.04200954837223,0.9328344239962565,0.004325225553493844
153.3688008176816,136.1190304675241,46.17567175718966,0.9335811126358688,0.004652459604448486
153.53514441943614,136.21794520856517,46.30941055657161,0.9343822443465806,0.0049798121720428384
153.70148802119067,136.31674913124633,46.44323124676165,0.9352378392866543,0.005307288478491864
153.8678316229452,136.41543487344393,46.57713911187383,0.9361479184253314,0.005634893044330551
154.03417522469974,136.51399505602322,46.71113941874251,0.9371125034221741,0.005962629640997495
154.20051882645427,136.61242228190386,46.84523741575374,0.938131616498497,0.006290501243198562
154.3668624282088,136.71070913514743,46.97943833165788,0.939205280300861,0.006618509981054942
154.53320602996334,136.8088481800684,47.11374737436198,0.9403335177565841,0.006946657092039938
154.69954963171787,136.90683196036989,47.248169729701345,0.9415163519212486,0.007274942872714162
154.8658932334724,137.004652998306,47.382710560189054,0.9427538058181542,0.00760336663027065
155.03223683522697,137.10230379387198,47.51737500374257,0.9440459022697008,0.007931926633905795
155.1985804369815,137.19977682402396,47.65216817238706,0.945392663720674,0.008260620066036449
155.36492403873604,137.29706454193007,47.78709515093395,0.9467941120533929,0.008589442973385633
155.53126764049057,137.39415937625378,47.92216099563454,0.9482502683947249,0.008918390217965972
155.6976112422451,137.49105373047237,48.0573707328075,0.9497611529149319,0.009247455427991783
155.86395484399964,137.58773998223108,48.19272935744006,0.9513267846183497,0.009576630948758418
156.03029844575417,137.68421048273512,48.328241831761396,0.9529471811258983,0.009905907793527817
156.1966420475087,137.78045755618183,48.46391308378884,0.9546223584494289,0.010235275594470206
156.36298564926324,137.8764734992336,48.59974800584551,0.9563523307579072,0.010564722553711853
156.52932925101777,137.9722505805346,48.73575145304876,0.9581371101354819,0.010894235394545291
156.6956728527723,138.06778104027222,48.87192824176986,0.9599767063314415,0.011223799312867693
156.86201645452684,138.163057089786,49.00828314806393,0.9618711265021282,0.011553397928913378
157.02836005628137,138.25807091122516,49.14482090606984,0.9638203749448397,0.011883013239355896
157.1947036580359,138.35281465725694,49.28154620638011,0.9658244528238171,0.012212625569860037
157.36104725979044,138.4472804508284,49.418463694380804,0.9678833578883639,0.01254221352817123
157.52739086154497,138.54146038498183,49.5555779685603,0.9699970841832268,0.01287175395783277
157.6937344632995,138.63534652272878,49.69289357878893,0.9721656217513344,0.013201221892634602
157.86007806505407,138.72893089698147,49.83041502456746,0.9743889563290216,0.013530590511894867
158.0264216668086,138.82220551054587,49.96814675324566,0.9766670690338932,0.013859831096689215
158.19276526856314,138.91516233617736,50.10609315821164,0.9789999360455042,0.014188912987147697
158.35910887031767,139.0077933167024,50.24425857705126,0.9813875282790159,0.014517803540942195
158.5254524720722,139.10009036520623,50.38264728967886,0.9838298110520718,0.014846468093099158
158.69179607382674,139.19204536529054,50.521263516439525,0.9863267437451011,0.015174869917275048
158.85813967558127,139.28365017140206,50.66011141618369,0.9888782794553057,0.015502970188640223
159.0244832773358,139.37489660923498,50.79919508431503,0.9914843646446334,0.01583072794852336
159.19082687909034,139.46577647620842,50.93851855081213,0.9941449387820116,0.016158100070973676
159.35717048084487,139.5562815420216,51.07808577822532,0.9968599339801996,0.01648504123140484
159.5235140825994,139.64640354928858,51.21790065964977,0.999629274627603,0.016811503877490995
159.68985768435394,139.73613421425418,51.35796701667583,1.002452877015454,0.017137438202489207
159.85620128610847,139.82546522759372,51.49828859731842,1.0053306489607623,0.017462792121169007
160.022544887863,139.9143882552979,51.63886907392674,1.0082624894254923,0.017787511248534164
160.18888848961754,140.00289493964473,51.77971204107583,1.0112482881324434,0.018111538881525214
160.35523209137207,140.0909769002609,51.920821013442485,1.0142879251783636,0.018434815983898185
160.5215756931266,140.17862573527347,52.06219942366628,1.0173812706447993,0.01875728117447174
160.68791929488117,140.26583302255406,52.20385062019913,1.0205281842073122,0.019078870718946733
160.8542628966357,140.35259032105697,52.345777865144115,1.023728514743615,0.01939951852549369
161.02060649839024,140.43888917225271,52.487984332087784,1.0269820999413408,0.019719156144315877
161.18695010014477,140.5247211016585,52.630473103926434,1.0302887659060387,0.020037712771384553
161.3532937018993,140.61007762046637,52.7732471706906,1.0336483267701926,0.020355115256552862
161.51963730365384,140.69495022727097,52.916309427369704,1.0370605843039398,0.020671288116245527
161.68598090540837,140.77933062430537,53.059662546245086,1.040517093252932,0.020804261193230672
161.8523245071629,140.86321454591265,53.20330674444025,1.0439761452154421,0.020785126147241196
162.01866810891744,140.94660131950488,53.34724011102584,1.04743208846861,0.02076688397547502
162.18501171067197,141.02949038589244,53.49146067386382,1.050885071409697,0.02074953316549684
162.3513553124265,141.11188117301316,53.63596647413624,1.0543352421896248,0.02073307226797867
162.51769891418104,141.19377309577746,53.780755566063945,1.0577827487235085,0.020717499897179407
162.68404251593557,141.2751655559149,53.925826016626175,1.061227738701275,0.02070281473139211
162.8503861176901,141.35605794182254,54.071175905280164,1.064670359598347,0.0206890155133596
163.01672971944464,141.43644962841464,54.21680332368134,1.0681107586863998,0.02067610105065914
163.18307332119917,141.51633997697357,54.3627063754038,1.0715490830441734,0.020664070216057016
163.3494169229537,141.59572833500255,54.5088831756612,1.0749854795683413,0.02065292194783324
163.51576052470827,141.67461403607945,54.65533185102779,1.0784200949844411,0.020642655250077593
163.6821041264628,141.75299639971198,54.802050539159694,1.0818530758578326,0.020633269192956934
163.84844772821734,141.83087473119377,54.949037388516594,1.0852845686047239,0.020624762912954682
164.01479132997187,141.90824832146254,55.096290558083425,1.0887147195032068,0.02061713561308267
164.1811349317264,141.98511644695827,55.243808217092045,1.0921436747043511,0.020610386563066064
164.34747853348094,142.06147836948335,55.39158854474323,1.0955715802433028,0.020604515099501477
164.51382213523547,142.13733333606365,55.539629729928734,1.0989985820504327,0.0205995206259887
164.68016573699,142.21268057881025,55.68792997095313,1.1024248259624807,0.020595402613236443
164.84650933874454,142.28751931478263,55.83648747525574,1.1058504577337303,0.020592160599142106
165.01285294049907,142.3618487458527,55.98530045913257,1.109275623047191,0.020589794188846183
165.1791965422536,142.4356680585697,56.13436714745782,1.1127004675257837,0.020588303054760962
165.34554014400814,142.50897642402603,56.28368577340559,1.1161251367435323,0.02058768693657416
165.51188374576267,142.58177299772424,56.43325457817102,1.119549776236756,0.02058794564122723
165.6782273475172,142.65405691944437,56.58307181069138,1.122974531515247,0.020589079042868618
165.84457094927174,142.7258273131126,56.733135727366665,1.1263995480734508,0.020591087082781796
166.01091455102627,142.79708328667064,56.88344459178011,1.1298249714016206,0.020593969769288352
166.17725815278084,142.86782393194568,57.03399667441794,1.1332509469969656,0.0205977271776256
166.34360175453537,142.93804832452147,57.184790252388744,1.136677620374762,0.020602359449799212
166.5099453562899,143.00775552360977,57.33582360914248,1.1401051370794502,0.02060786679441011
166.67628895804444,143.07694457192298,57.4870950341888,1.1435336426956972,0.02061424948645598
166.84263255979897,143.1456144955471,57.638602822814555,1.1469632828594207,0.020621507867106863
167.0089761615535,143.21376430381585,57.790345275801045,1.1503942032687737,0.020629642343454633
167.17531976330804,143.28139298918495,57.942320699140076,1.1538265496950935,0.02063865338823616
167.34166336506257,143.3484995271076,58.09452740374959,1.1572604679937948,0.02064854153952971
167.5080069668171,143.41508287591066,58.24696370518812,1.160696104115205,0.020659307400424282
167.67435056857164,143.48114197667095,58.399627923368705,1.16413360411536,0.02067095163866141
167.84069417032617,143.54667575309298,58.55251838227146,1.1675731141667187,0.02068347498624905
168.0070377720807,143.6116831113868,58.70563340965519,1.171014780568819,0.020696878239046885
168.17338137383524,143.67616294014695,58.8589713367684,1.1744587497588679,0.02071116225632292
168.33972497558977,143.7401141102319,59.012530498058524,1.1779051683222477,0.020726327960280087
168.5060685773443,143.80353547464415,59.166309230880394,1.1813541830029433,0.02074237633555304
168.67241217909884,143.86642586841114,59.320305875203054,1.18480594071388,0.020759308428673885
168.83875578085338,143.92878410846697,59.47451877331575,1.1882605885471795,0.02077712534750637
169.00509938260794,143.99060899353458,59.628946269532236,1.1917182737843088,0.020795828260647915
169.17144298436247,144.05189930400897,59.783586709893655,1.195179143906131,0.020815418396798333
169.337786586117,144.11265380184076,59.9384384418698,1.1986433466028474,0.020835897044094772
169.50413018787154,144.17287123042126,60.09349981405924,1.2021110297838264,0.020857265549411877
169.67047378962607,144.23255031446752,60.24876917588753,1.20558234158732,0.020879525317626102
169.8368173913806,144.2916897599086,60.4042448773035,1.209057430390036,0.020902677810843463
170.00316099313514,144.35028825377265,60.559925268474316,1.212536444816605,0.020926724547589592
170.16950459488967,144.40834447414588,60.715808694905185,1.2160187119856385,0.020910852455909647
170.3358481966442,144.4658584404062,60.871893004020734,1.2194851499455996,0.02076704032083582
170.50219179839874,144.52283287916632,61.02817506170674,1.22292759184905,0.02062234589211144
170.66853540015327,144.57927087670964,61.18465164467514,1.2263458935853428,0.02047680101174756
170.8348790019078,144.63517556184402,61.341319558178036,1.2297399163103195,0.02033043715440208
171.00122260366234,144.69055010483123,61.49817563643756,1.2331095263838039,0.02018328541197442
171.16756620541688,144.7453977163223,61.65521674305539,1.2364545953047035,0.020035376478997703
171.3339098071714,144.79972164629865,61.81243977139801,1.239774999643755,0.019886740638827203
171.50025340892594,144.85352518301997,61.96984164495746,1.2430706209740316,0.01973740775061864
171.66659701068048,144.90681165197805,62.12741931768786,1.2463413457993466,0.01958740723708854
171.83294061243504,144.95958441485945,62.28516977431901,1.2495870654806982,0.01943676807304654
171.99928421418957,145.01184686851568,62.443090030645976,1.2528076761608578,0.019285518774690688
172.1656278159441,145.06360244394307,62.60117713379642,1.256003078687244,0.019133687389653053
172.33197141769864,145.11485460527174,62.759428162474755,1.259173178533202,0.01898130148778454
172.49831501945317,145.165606848765,62.917840227185145,1.2623178857178194,0.018828388152664195
172.6646586212077,145.21586270182945,63.07641047043183,1.2654371147243708,0.018674973973820532
172.83100222296224,145.26562572203636,63.23513606689897,1.2685307844175453,0.01852108503964863
172.99734582471677,145.31489949615482,63.39401422360939,1.2715988179595392,0.018366746931008444
173.1636894264713,145.3636876391971,63.55304218006272,1.2746411427251463,0.018211984715487566
173.33003302822584,145.41199379347688,63.7122172083544,1.277657690215948,0.01805682294231175
173.49637662998038,145.45982162767993,63.87153661327429,1.280648395973703,0.017901285637886535
173.6627202317349,145.50717483594917,64.03099773238702,1.2836131994930593,0.017745396301951575
173.82906383348944,145.55405713698315,64.19059793609354,1.2865520441336606,0.01758917790433013
173.99540743524398,145.6004722731481,64.35033462767437,1.2894648770317696,0.01743265288225547
174.1617510369985,145.64642400960582,64.51020524331594,1.2923516490114944,0.017275843138255073
174.32809463875304,145.69191613345498,64.67020725211917,1.2952123144957017,0.017118770038574538
174.49443824050758,145.73695245288826,64.83033815609195,1.2980468314167188,0.01696145441212168
174.66078184226214,145.78153679636438,64.99059549012497,1.3008551611268935,0.016803916549912454
174.82712544401667,145.82567301179597,65.15097682195226,1.3036372683091084,0.016646176204999138
174.9934690457712,145.86936496575285,65.31147975209674,1.306393120887325,0.016488252592861515
175.15981264752574,145.912616542681,65.47210191380009,1.3091226899372144,0.016330164392243437
175.32615624928027,145.95543164413814,65.63284097293979,1.3118259495969875,0.016171929746413446
175.4924998510348,145.99781418804454,65.79369462793096,1.3145028769784428,0.016013566264833405
175.65884345278934,146.03976810795118,65.95466060961587,1.3171534520783457,0.0158550910252142
175.82518705454387,146.08129735232325,66.11573668114039,1.3197776576901692,0.015696520575941033
175.9915306562984,146.1224058838404,66.27692063781745,1.3223754793162659,0.015537870938850598
176.15787425805294,146.16309767871394,66.43821030697939,1.32494690508054,0.015379157612340752
176.32421785980748,146.20337672601974,66.59960354781826,1.327491925641656,0.01522039557479618
176.490561461562,146.24324702704814,66.76109825121505,1.3300105341068393,0.015061599288312117
176.65690506331654,146.2827125946705,66.9226923395588,1.3325027259463322,0.014902782702698594
176.82324866507108,146.32177745272162,67.08438376655447,1.334968498908518,0.014743959259749724
176.9895922668256,146.36044563539954,67.24617051702218,1.3374078529358018,0.014585141897759911
177.15593586858014,146.39872118668126,67.40805060668633,1.339820790081239,0.01442634305627214
177.3222794703347,146.43660815975485,67.57002208195559,1.3422073144259805,0.01426757468104263
177.48862307208924,146.47411061646818,67.73208301969498,1.3445674319975698,0.014108848229205433
177.65496667384377,146.51123262679388,67.89423152698924,1.3469011506890975,0.013950174674623695
177.8213102755983,146.5479782683104,68.05646574089829,1.3492084801792759,0.013791564513412093
177.98765387735284,146.58435162569896,68.21878382820553,1.351489431853433,0.013633027769616553
178.15399747910737,146.6203567902572,68.38118398515887,1.3537440187254735,0.01347457400103802
178.3203410808619,146.6559978594279,68.54366443720494,1.3559722553608156,0.01331621230518674
178.48668468261644,146.691278936344,68.7062234387172,1.3581741578003266,0.013157951325354382
178.65302828437098,146.72620412938886,68.86885927271727,1.3603497434852754,0.012999799256792266
178.8193718861255,146.7607775517724,69.03157025059136,1.3624990311833312,0.012841763852982729
178.98571548788004,146.79500332112244,69.19435471180077,1.3646220409156022,0.012683852431993145
179.15205908963458,146.82888555909082,69.35721102358728,1.3667187938847398,0.012526071882901443
179.3184026913891,146.86242839097545,69.52013758067383,1.3687893124041182,0.012368428672282402
179.48474629314364,146.895635945356,69.6831328049604,1.3708336198280975,0.012210928850744656
179.65108989489818,146.92851235374545,69.8461951452161,1.3728517404833767,0.012053578059508673
179.8174334966527,146.96106175025548,70.00932307676683,1.3748436996014437,0.011896381537016675
179.98377709840724,146.9932882712762,70.17251510117917,1.3768095232521258,0.011739344125565633
180.1501207001618,147.0251960551705,70.33576974594135,1.3787492382782505,0.011582470277954388
180.31646430191634,147.05678924198165,70.49908556414026,1.3806628722314018,0.011425764064137667
180.48280790367087,147.08807197315517,70.66246113413591,1.382550453308797,0.011269229177878993
180.6491515054254,147.11904839127425,70.82589505923295,1.384412010291257,0.011112868943394959
180.81549510717994,147.14972263980826,70.98938596734986,1.3862475724822882,0.010956686321984465
180.98183870893448,147.18009886287462,71.15293251068536,1.3880571696482669,0.010800683918636452
181.148182310689,147.21018120501373,71.31653336538298,1.3898408319597078,0.010644863988609804
181.31452591244354,147.23997381097627,71.48018723119367,1.3915985899336434,0.010489228443979443
181.48086951419808,147.26948082552363,71.64389283113655,1.3933304743770751,0.01033377886014398
181.6472131159526,147.29870639324014,71.80764891115807,1.3950365163315084,0.010178516482288994
181.81355671770714,147.32765465835774,71.97145423978974,1.3967167470185533,0.010023442231801962
181.97990031946168,147.35632976459272,72.13530760780475,1.3983711977866022,0.00986855671263383
182.1462439212162,147.38473585499372,72.29920782787313,1.3999999000585426,0.009713860217603601
182.31258752297074,147.41287707180183,72.46315373421645,1.4016028852805293,0.009559352734641665
182.47893112472528,147.44075755632144,72.62714418226102,1.4031801848717764,0.009405033952969197
182.6452747264798,147.4683814488028,72.79117804829112,1.4047318301753826,0.00925090326920929
182.81161832823435,147.49575288833478,72.955254229101,1.406257852410162,0.009096959793427922
182.9779619299889,147.52287601274907,73.11937164164715,1.407758282623476,0.008943202355101246
183.14430553174344,147.54975495853432,73.28352922269926,1.4092331516450436,0.008789629509007848
183.31064913349798,147.57639386076082,73.44772592849178,1.4106824900417392,0.008636239541042572
183.4769927352525,147.6027968530151,73.61196073437503,1.4121063280733432,0.008483030473950692
183.64333633700704,147.62896806734466,73.77623263446617,1.4135046956492339,0.008330000072981064
183.80967993876158,147.65491163421228,73.94054064130032,1.4148776222860242,0.008177145851455814
183.9760235405161,147.68063168245962,74.10488378548152,1.416225137066112,0.008024465076256407
184.14236714227064,147.7061323392805,74.26926111533442,1.4175472685971373,0.00787195477322406
184.30871074402518,147.7314177302027,74.4336716965555,1.4188440449723245,0.007719611732474452
184.4750543457797,147.7564919790795,74.59811461186531,1.420115493731716,0.007567432513625467
184.64139794753424,147.78135920808916,74.76258896066027,1.4213616418242516,0.007415413450938128
184.80774154928878,147.8060235377431,74.9270938586657,1.4225825155707046,0.007263550658369611
184.9740851510433,147.83048908690304,75.09162843758875,1.423778140627456,0.007111840034538991
185.14042875279785,147.85475997280517,75.25619184477186,1.4249485419510721,0.006960277267605322
185.30677235455238,147.8788403110933,75.42078324284714,1.426093743763703,0.006808857840058216
185.4731159563069,147.90273421585943,75.58540180939066,1.427213769519259,0.006657577033421671
185.63945955806145,147.92644579969166,75.75004673657794,1.4283086418703679,0.006506429932870976
185.805803159816,147.94997917373004,75.91471723083959,1.4293783826360924,0.006355411431763947
185.97214676157054,147.97333844772933,76.07941251251775,1.4304230127703903,0.006204516236086774
186.13849036332508,147.99652773012895,76.24413181552323,1.4314425523313146,0.006053738868815517
186.3048339650796,148.01955112812988,76.40887438699305,1.4324370204509265,0.005903073674194423
186.47117756683414,148.04241274777831,76.5736394869488,1.433406435305912,0.005752514821931668
186.63752116858868,148.0651166940558,76.73842638795547,1.434350814088896,0.005602056311314488
186.8038647703432,148.08766707097615,76.90323437478098,1.4352701729804274,0.005451691975244261
186.97020837209774,148.11006798168793,77.06806274405652,1.4361645271216368,0.0053014154841931095
187.13655197385228,148.13232352858395,77.23291080393695,1.437033890587534,0.0051512203500844195
187.3028955756068,148.154437813416,77.39777787376235,1.4378782763609586,0.0050010999300974055
187.46923917736135,148.1764149374156,77.56266328371993,1.4386976963071483,0.004851047430398508
187.63558277911588,148.19825900142064,77.72756637450628,1.4394921611489213,0.00470105590980122
187.8019263808704,148.21997410600724,77.89248649699041,1.440261680442469,0.004551118283355891
187.96826998262495,148.24156435162695,78.05742301187716,1.441006262553735,0.004401227325871649
188.13461358437948,148.26303383874938,78.22237528937099,1.4417259146353727,0.004251375675372564
188.300957186134,148.28438666800977,78.38734270884022,1.4424206426042767,0.004101555836490125
188.46730078788855,148.30562694036124,78.55232465848192,1.443090451119673,0.003951760183793577
188.6336443896431,148.32675875723248,78.71732053498648,1.4437353435617535,0.0038019809650619066
188.79998799139764,148.34778622068933,78.88232974320329,1.444355322010857,0.0036522103044977126
188.96633159315218,148.36871343360124,79.04735169580593,1.4449503872271725,0.0035024402058871596
189.1326751949067,148.3895444998123,79.21238581295796,1.4455205386309729,0.0033526625557074993
189.29901879666124,148.41028352431601,79.37743152197879,1.446065774283353,0.0032028691261846163
189.46536239841578,148.43093461343443,79.54248825700944,1.4465860908674752,0.0030530515783038954
189.6317060001703,148.4515018750015,79.70755545867873,1.4470814836703134,0.0029032014647760473
189.79804960192484,148.47198941854987,79.87263257376895,1.4475519465648894,0.002753310232961486
189.96439320367938,148.4924013555498,80.03771905527309,1.4479974719940092,0.002603369227400035
190.1307368054339,148.5127411761318,80.20281443653684,1.4484299505837832,0.0026037158873448065
190.29708040718845,148.53300949018092,80.36791861238787,1.4488637237814563,0.0026116662508310997
190.46342400894298,148.5532060755344,80.53303157788582,1.449298816624804,0.002619582331840601
190.6297676106975,148.57333071095098,80.69815332836843,1.4497352233817473,0.002627463777065838
190.79611121245205,148.59338317611935,80.86328385877208,1.450172938261578,0.002635310234940316
190.96245481420658,148.61336325166874,81.0284231636313,1.4506119554152592,0.002643121355681415
191.1287984159611,148.63327071917863,81.19357123707844,1.451052268935718,0.002650896791333217
191.29514201771568,148.65310536118884,81.35872807284358,1.4514938728581575,0.0026586361958091
191.4614856194702,148.67286696120902,81.5238936642538,1.4519367611603702,0.002666339224934179
191.62782922122474,148.6925553037291,81.68906800423339,1.4523809277630573,0.0026740055364875537
191.79417282297928,148.71217017422822,81.85425108530353,1.4528263665301617,0.0026816347902443786
191.9605164247338,148.7317113591854,82.01944289958216,1.4532730712692006,0.002689226648017693
192.12686002648834,148.7511786460883,82.18464343878372,1.453721035731606,0.002696780773700058
192.29320362824288,148.77057182344348,82.34985269421928,1.4541702536130803,0.0027042968333049647
192.4595472299974,148.78989068078562,82.51507065679647,1.4546207185539437,0.00271177449500799
192.62589083175195,148.8091350086872,82.68029731701958,1.455072424139506,0.002719213429187735
192.79223443350648,148.82830459876774,82.84553266498924,1.4555253639004322,0.0027266133084664686
192.958578035261,148.84739924370342,83.01077669040313,1.455979531313118,0.002733973807750552
193.12492163701555,148.86641873723624,83.17602938255563,1.4564349198000759,0.002741294604270535
193.29126523877008,148.88536287418333,83.34129073033817,1.4568915227303236,0.002748575377621022
193.4576088405246,148.90423145044625,83.50656072223957,1.4573493334197796,0.002755815809800195
193.62395244227915,148.92302426301995,83.6718393463461,1.4578083451316681,0.0027630155852490707
193.79029604403368,148.9417411100019,83.83712659034188,1.4582685510769302,0.002770174390890417
193.95663964578821,148.96038179060133,84.00242244150934,1.4587299444146336,0.0027772919161673667
194.12298324754278,148.97894610514783,84.16772688672938,1.4591925182524035,0.0027843678530816863
194.2893268492973,148.99743385510038,84.33303991248194,1.4596562656468421,0.0027914018962317015
194.45567045105184,149.01584484305624,84.49836150484659,1.4601211796039735,0.0027983937428499007
194.62201405280638,149.03417887275964,84.66369164950275,1.4605872530796766,0.002805343092840127
194.7883576545609,149.05243574911037,84.82903033173056,1.4610544789801372,0.002812249648814454
194.95470125631545,149.07061527817234,84.99437753641116,1.4615228501623,0.00281911311612966
195.12104485806998,149.08871726718243,85.15973324802775,1.4619923594343298,0.0028259332029233085
195.2873884598245,149.1067415245585,85.32509745066572,1.462462999556073,0.0028327096201494514
195.45373206157905,149.12468785990808,85.49047012801388,1.4629347632395344,0.0028394420816139176
195.62007566333358,149.14255608403653,85.65585126336484,1.46340764314935,0.002846130304009196
195.7864192650881,149.16034600895526,85.82124083961618,1.4638816319032735,0.002852774006948898
195.95276286684265,149.17805744788998,85.98663883927091,1.4643567220726617,0.0028593729130017807
196.11910646859718,149.19569021528872,86.15204524443863,1.4648329061829726,0.002865926747725345
196.28545007035171,149.21324412682964,86.31746003683631,1.4653101767142616,0.002872435239698989
196.45179367210625,149.23071899942923,86.48288319778945,1.4657885261016883,0.0028788981205566987
196.61813727386078,149.24811465124995,86.64831470823276,1.4662679467360302,0.002885315125019278
196.78448087561532,149.26543090170796,86.81375454871151,1.4667484309641932,0.002891685990926131
196.95082447736988,149.28266757148086,86.97920269938251,1.467229971089739,0.0028980104592665366
197.1171680791244,149.29982448251528,87.14465914001512,1.467712559373406,0.0029042882742104583
197.28351168087895,149.3169014580341,87.31012384999259,1.4681961880336445,0.0029105191831388737
197.44985528263348,149.33389832254423,87.47559680831321,1.4686808492471526,0.0029167029366735627
197.616198884388,149.3508149018437,87.64107799359158,1.4691665351494176,0.0029228392887064502
197.78254248614255,149.36765102302894,87.80656738405986,1.4696532378352636,0.0029289279964283812
197.94888608789708,149.38440651450176,87.97206495756897,1.470140949359397,0.0029349688203574166
198.1152296896516,149.4010812059767,88.13757069159026,1.4706296617369716,0.002940961524366571
198.28157329140615,149.41767492848766,88.30308456321657,1.4711193669441407,0.002946905875711053
198.44791689316068,149.43418751439495,88.46860654916401,1.4716100569186263,0.0029528016450549306
198.61426049491521,149.450618797392,88.63413662577322,1.4721017235602876,0.0029586486064972803
198.78060409666975,149.466968612512,88.79967476901086,1.4725943587316923,0.0029644465375977653
198.94694769842428,149.48323679613443,88.96522095447128,1.4730879542586992,0.002970195219401672
199.11329130017882,149.49942318599187,89.13077515737827,1.473582501931034,0.0029758944364643744
199.27963490193335,149.5155276211759,89.29633735258619,1.4740779935028794,0.002981543976875226
199.44597850368788,149.53154994214364,89.46190751458224,1.4745744206934637,0.002987143632280895
199.61232210544242,149.54748999072396,89.62748561748771,1.4750717751876543,0.0029926931979081042
199.77866570719698,149.56334761012357,89.79307163506003,1.4755700486365564,0.0029981924725857915
199.9450093089515,149.57912264493285,89.95866554069423,1.4760692326581095,0.00300364125876668
200.11135291070605,149.59481482321868,90.12426731825714,1.4765732241403047,0.0030949077636054103
200.27769651246058,149.61042167764228,90.28987715895614,1.4771015488162957,0.003257295298786092
200.4440401142151,149.6259387974191,90.4554954314143,1.477656882771699,0.003419649764619156
200.61038371596965,149.64136170495397,90.62112250358261,1.4782392210883355,0.003581978145836432
200.77672731772418,149.65668592268844,90.78675873570963,1.4788485599992267,0.003744287298176217
200.9430709194787,149.6719069728874,90.95240447999737,1.4794848968667518,0.0039065839437158745
201.10941452123325,149.68702037743026,91.11806008025629,1.4801482301600206,0.004068874666165557
201.27575812298778,149.70202165760742,91.28372587155962,1.4808385594314668,0.004231165906120269
201.44210172474232,149.71690633392146,91.44940217989628,1.4815558852926394,0.004393463956267393
201.60844532649685,149.7316699258937,91.61508932182309,1.4823002093891997,0.004555774956548611
201.77478892825138,149.74630795187647,91.78078760411576,1.4830715343751066,0.004718104889272399
201.94113253000592,149.76081592887024,91.94649732341844,1.4838698638859853,0.004880459574176471
202.10747613176045,149.77518937234763,92.11221876589259,1.4846952025116718,0.0050428446634370955
202.27381973351498,149.78942379608216,92.27795220686376,1.4855475557679192,0.0052052656366243285
202.44016333526952,149.8035147119843,92.44369791046763,1.486426930067263,0.005367727795600515
202.60650693702408,149.8174576299431,92.6094561292944,1.4873333326890332,0.005530236259361594
202.7728505387786,149.83124805767474,92.77522710403161,1.4882667717485,0.0056927959588187705
202.93919414053315,149.84488150057766,92.94101106310568,1.4892272561651536,0.005855411631519897
203.10553774228768,149.8583534615948,93.10680822232185,1.4902147956300915,0.006018087816309365
203.2718813440422,149.8716594410825,93.27261878450216,1.491229400572517,0.006180828847924851
203.43822494579675,149.8847949366876,93.43844293912261,1.492271082125339,0.006343638851531542
203.60456854755128,149.8977554432313,93.60428086194781,1.4933398520898464,0.006506521737191501
203.77091214930581,149.91053645260084,93.77013271466454,1.4944357228994622,0.006669481194269026
203.93725575106035,149.92313345364983,93.93599864451336,1.4955587075825685,0.006832520685770951
204.10359935281488,149.93554193210562,94.10187878391883,1.49670881972437,0.0069956434426224675
204.26994295456942,149.94775737048633,94.26777325011783,1.4978860734278152,0.007158852457877809
204.43628655632395,149.95977524802527,94.43368214478575,1.4990904832735357,0.007322150480866282
204.60263015807848,149.97159104060498,94.59960555366207,1.5003220642788193,0.007485540011275088
204.76897375983302,149.98320022070007,94.76554354617309,1.5015808318555814,0.007649023293168169
204.93531736158755,149.99459825732927,94.931496175054,1.502866801767345,0.007812602308943279
205.10166096334208,150.00578061601678,95.09746347596813,1.5041799900852073,0.007976278773227515
205.26800456509665,150.01674275876394,95.26344546712605,1.5055204131427864,0.008140054126713888
205.43434816685118,150.02748014403,95.42944214890149,1.5068880874901316,0.008303929529939042
205.6006917686057,150.0379882267239,95.59545350344706,1.5082830298466101,0.008467905857005716
205.76703537036025,150.0482624582057,95.76147949430766,1.509705257052726,0.008631983689251036
205.93337897211478,150.05829828629942,95.92752006603277,1.5111547860208958,0.00879616330886344
206.09972257386931,150.06809115531595,96.09357514378688,1.5126316336851477,0.0089604446924508
206.26606617562385,150.07763650608783,96.25964463295928,1.5141358169497563,0.009124827504563508
206.43240977737838,150.0869297760149,96.42572841877207,1.5156673526367905,0.00928931109117487
206.59875337913292,150.09596639912155,96.59182636588697,1.5172262574325757,0.00945389447312307
206.76509698088745,150.10474180612638,96.75793831801165,1.518812547833062,0.009618576339518759
206.93144058264198,150.11325142452324,96.92406409750409,1.5204262400880912,0.009783355041121936
207.09778418439652,150.121490678675,97.09020350497657,1.5220673501445638,0.009948228583693422
207.26412778615105,150.12945498991996,97.25635631889922,1.5237358935884968,0.010113194621325665
207.43047138790558,150.13713977669065,97.42252229520194,1.5254318855859648,0.010278250449758027
207.59681498966012,150.14454045464646,97.58870116687683,1.527155340822942,0.01044339299968239
207.76315859141465,150.15165243681875,97.75489264357918,1.5289062734440142,0.01060861883004519
207.92950219316918,150.15847113377018,97.92109641122926,1.5306846969899892,0.010773924121352304
208.09584579492375,150.1649919537677,98.0873121316129,1.5324906243343879,0.010939304668983178
208.26218939667828,150.17121030296917,98.25353944198274,1.5343240676188223,0.011104755876521802
208.42853299843281,150.17712158562497,98.41977795465979,1.536185038187277,0.011270272749112615
208.59487660018735,150.18272120429373,98.58602725663513,1.5380735465192785,0.011435849886848037
208.76122020194188,150.18800456007298,98.75228690917193,1.5399896021619632,0.011601481478196821
208.92756380369642,150.1929670528447,98.91855644740887,1.541933213661074,0.011767161293482509
209.09390740545095,150.1976040815363,99.084835379964,1.5439043884908576,0.011932882678419915
209.26025100720548,150.2019110443971,99.25112318854019,1.5459031329829074,0.012098638547720772
209.42659460896002,150.20588333929027,99.41741932753186,1.5479294522539364,0.012264421378777444
209.59293821071455,150.20951636400108,99.58372322363304,1.549983350132516,0.012430223205435425
209.75928181246908,150.212805516561,99.75003427544816,1.5520648290847845,0.01259603561186654
209.92562541422362,150.21574619558862,99.91635185310432,1.5541738901391398,0.012761849726552824
210.09196901597815,150.218333870951,100.08267529678905,1.5563076615879172,0.012849492665530975
210.25831261773268,150.22056617783127,100.2490038895886,1.5584441636159898,0.012838326932935044
210.42465621948722,150.22244327290903,100.4153368704068,1.5605788095954072,0.01282717692206326
210.59099982124175,150.223965456132,100.5816734778302,1.5627116021893661,0.012816043209238038
210.75734342299629,150.22513302863288,100.74801295240664,1.564842544156594,0.012804926366692521
210.92368702475085,150.2259462927051,100.91435453664351,1.5669716383506636,0.012793826962572141
211.09003062650538,150.2264055517789,101.08069747500568,1.5690988877193162,0.0127827455609368
211.25637422825992,150.2265111103971,101.24704101391289,1.571224295303784,0.01277168272176359
211.42271783001445,150.2262632741915,101.41338440173706,1.5733478642381007,0.012760639000950124
211.58906143176898,150.22566234985908,101.57972688880038,1.57546959774844,0.01274961495031827
211.75540503352352,150.2247086451385,101.74606772737145,1.5775894991524222,0.012738611117618657
211.92174863527805,150.22340246878656,101.912406171663,1.5797075718584495,0.012727628046535508
212.08809223703258,150.2217441305553,102.07874147782793,1.5818238193650203,0.012716666276692152
212.25443583878712,150.2197339411687,102.2450729039564,1.5839382452600592,0.012705726343656916
212.42077944054165,150.21737221229967,102.41139971007215,1.5860508532202449,0.012694808778949605
212.58712304229618,150.21465925654746,102.57772115812841,1.5881616470103328,0.012683914110048473
212.75346664405072,150.21159538741483,102.74403651200439,1.5902706304824843,0.012673042860397651
212.91981024580525,150.20818091928575,102.9103450375008,1.592377807575601,0.012662195549415067
213.08615384755979,150.20441616740302,103.07664600233586,1.5944831823146481,0.012651372692500835
213.25249744931432,150.20030144784604,103.2429386761406,1.5965867588099947,0.012640574801046092
213.41884105106885,150.19583707750886,103.40922233045438,1.5986885412567382,0.01262980238244233
213.5851846528234,150.19102337407827,103.57549623872016,1.6007885339340522,0.012619055940091094
213.75152825457795,150.1858606560121,103.74175967627957,1.602886741204511,0.01260833597341414
213.91787185633248,150.1803492425177,103.90801192036766,1.6049831675134376,0.012597642977864094
214.08421545808702,150.17448945353067,104.0742522501079,1.6070778173882392,0.012586977444935374
214.25055905984155,150.16828160969325,104.24047994650661,1.6091706954377525,0.012576339862175694
214.41690266159608,150.1617260323337,104.40669429244768,1.6112618063515871,0.01256573071319777
214.58324626335062,150.15482304344496,104.57289457268642,1.6133511548994726,0.012555150477691611
214.74958986510515,150.1475729656643,104.7390800738443,1.6154387459306054,0.012544599631437019
214.91593346685968,150.13997612225242,104.90525008440238,1.6175245843729993,0.012534078646316596
215.08227706861422,150.13203283707313,105.07140389469583,1.6196086752328442,0.012523587990328986
215.24862067036875,150.1237434345729,105.237540796907,1.6216910235938515,0.012513128127602618
215.41496427212329,150.1151082397611,105.40366008505966,1.6237716346166202,0.012502699518409644
215.58130787387782,150.10612757818953,105.56976105501195,1.6258505135379897,0.012492302619180318
215.74765147563235,150.09680177593316,105.73584300444995,1.6279276656704056,0.012481937882517658
215.9139950773869,150.08713115957005,105.90190523288098,1.6300030964012882,0.01247160575721243
216.08033867914142,150.07711605616205,106.06794704162631,1.6320768111923893,0.012461306688258462
216.24668228089595,150.0667567932355,106.23396773381458,1.634148815579172,0.012451041116868266
216.41302588265052,150.05605369876207,106.39996661437401,1.6362191151701753,0.01244080948048891
216.57936948440505,150.04500710113945,106.56594299002575,1.6382877156463982,0.012430612212818255
216.74571308615958,150.03361732917318,106.73189616927573,1.6403546227606638,0.012420449743821381
216.91205668791412,150.02188471205724,106.89782546240787,1.6424198423370164,0.01241032249974737
217.07840028966865,150.00980957935604,107.06373018147569,1.6444833802700893,0.012400230903146276
217.24474389142318,149.99739226098563,107.22960964029491,1.6465452425245033,0.012390175372886452
217.41108749317772,149.98463308719607,107.39546315443548,1.6486054351342467,0.012380156324171995
217.57743109493225,149.97153238855282,107.56129004121325,1.6506639642020708,0.012370174168560575
217.74377469668678,149.95809049591924,107.72708961968245,1.6527208358988883,0.012360229313981355
217.91011829844132,149.94430774043866,107.89286121062658,1.654776056463163,0.012350322164753298
218.07646190019585,149.93018445351703,108.05860413655087,1.6568296322003198,0.012340453121603506
218.2428055019504,149.91572096680525,108.2243177216732,1.6588815694821415,0.012330622581685975
218.40914910370492,149.90091761218227,108.39000129191587,1.660931874746181,0.012320830938600353
218.57549270545945,149.88577472173776,108.55565417489665,1.662980554495169,0.0123110785824111
218.741836307214,149.87029262775525,108.72127569992016,1.6650276152964283,0.012301365899666633
218.90817990896852,149.85447166269557,108.88686519796883,1.667073063781288,0.012291693273418837
219.07452351072305,149.83831215917996,109.05242200169432,1.6691169066445122,0.012282061083242632
219.24086711247762,149.8218144499738,109.21794544540772,1.6711591506437111,0.01227246970525577
219.40721071423215,149.80497886797042,109.38343486507085,1.6731998025987744,0.012262919512138785
219.57355431598668,149.78780574617474,109.54888959828702,1.675238869391304,0.012253410873155061
219.73989791774122,149.77029541768766,109.7143089842913,1.6772763579640397,0.012243944154171144
219.90624151949575,149.75244821568987,109.87969236394133,1.679312275320303,0.012234519717677087
220.07258512125028,149.7342644734266,110.04503907970752,1.6813466285234284,0.012225137922807036
220.23892872300482,149.71574452419182,110.21034847566376,1.68337942469622,0.012215799125359833
220.40527232475935,149.69688870131318,110.37561989747729,1.685410671020385,0.012206503677819894
220.57161592651389,149.67769733813668,110.54085269239906,1.6874403747359903,0.01219725192937804
220.73795952826842,149.65817076801176,110.70604620925387,1.6894685431409195,0.01218804422595259
220.90430313002295,149.63830932427632,110.87119979843037,1.6914951835903258,0.01217888091021048
221.0706467317775,149.6181133402423,111.0363128118707,1.69352030349609,0.012169762321588458
221.23699033353202,149.59758314918074,111.2013846030607,1.6955439103262933,0.012160688796314491
221.40333393528655,149.57671908430788,111.36641452701954,1.6975660116046791,0.012151660667429145
221.5696775370411,149.5555214787707,111.53140194028943,1.6995866149101264,0.012142678264807097
221.73602113879562,149.53399066563244,111.69634620092498,1.7016057278761254,0.012133741915178737
221.90236474055015,149.51212697785974,111.86124666848332,1.7036233581902556,0.012124851942151814
222.06870834230472,149.48993074830776,112.02610270401284,1.7056395135936668,0.01211600866623319
222.23505194405925,149.4674023097073,112.19091367004314,1.707654201880569,0.012107212404850605
222.40139554581378,149.4445419946511,112.35567893057423,1.709667430897718,0.012098463472374556
222.56773914756832,149.4213501355805,112.52039785106561,1.711679208543913,0.012089762180140164
222.73408274932285,149.3978270647724,112.68506979842545,1.7136895427694867,0.012081108836469191
222.90042635107739,149.37397311432633,112.84969414100019,1.7156984415758147,0.012072503746691932
223.06676995283192,149.3497886161514,113.01427024856278,1.717705913014811,0.012063947213169371
223.23311355458645,149.32527390195378,113.17879749230245,1.7197119651884432,0.012055439535315121
223.399457156341,149.30042930322418,113.34327524481314,1.7217166062482372,0.012046981009617607
223.56580075809552,149.2752551512254,113.50770288008262,1.7237198443947985,0.012038571929662135
223.73214435985005,149.2497517769801,113.67207977348123,1.7257216878773312,0.012030212586153007
223.8984879616046,149.22391951125866,113.83640530175045,1.7277221449931526,0.01202190326693574
224.06483156335912,149.19775868456748,114.00067884299182,1.7297212240872266,0.012013644257019146
224.23117516511365,149.1712696271369,114.16489977665589,1.731718933551698,0.012005435838597514
224.3975187668682,149.14445266890974,114.32906748352976,1.7337152818254111,0.0119972782910728
224.56386236862272,149.1173081395298,114.4931813457268,1.735710277393463,0.01198917189107673
224.73020597037726,149.0898363683304,114.65724074667423,1.7377039287867344,0.011981116912493001
224.89654957213182,149.06203768432331,114.8212450711022,1.739696244581439,0.011973113626479391
225.06289317388635,149.03391241618775,114.98519370503168,1.7416872333986717,0.011965162301489843
225.22923677564089,149.00546089225932,115.14908603576303,1.7436769039039577,0.011957263203296644
225.39558037739542,148.97668344051922,115.31292145186399,1.7456652648068092,0.011949416595012441
225.56192397914995,148.94758038858396,115.47669934315863,1.7476523248602902,0.011941622737112271
225.7282675809045,148.9181520636944,115.64041910071451,1.7496380928605726,0.011933881887455646
225.89461118265902,148.888398792706,115.80408011683153,1.7516225776465033,0.011926194301308458
226.06095478441355,148.8583209020779,115.96768178502987,1.7536057880991809,0.011918560231364964
226.2272983861681,148.82791871786375,116.1312235000379,1.7555877331415237,0.011910979927769651
226.39364198792262,148.79719256570104,116.29470465778036,1.75756842173785,0.011903453638139095
226.55998558967715,148.76614277080176,116.45812465536618,1.7595478628934575,0.011895981607583764
226.7263291914317,148.73476965794265,116.62148289107648,1.7615260656542118,0.011888564078729758
226.89267279318622,148.70307355145587,116.78477876435234,1.76350303910613,0.011881201291740487
227.05901639494076,148.67105477521932,116.94801167578292,1.765478792374977,0.011873893484338306
227.2253599966953,148.63871365264788,117.11118102709293,1.7674533346258592,0.011866640891826086
227.39170359844982,148.606050506684,117.27428622113081,1.7694266750628254,0.011859443747108667
227.55804720020436,148.57306565978882,117.43732666185608,1.7713988229284698,0.011852302280714341
227.72439080195892,148.53975943393363,117.6003017543272,1.7733697875035332,0.011845216720816159
227.89073440371345,148.50613215059096,117.76321090468922,1.7753395781065207,0.011838187293253234
228.057078005468,148.47218413072616,117.92605352016153,1.777308204093309,0.011831214221551924
228.22342160722252,148.437915694789,118.08882900902536,1.7792756748567697,0.011824297726946934
228.38976520897705,148.40332716270544,118.25153678061133,1.7812419998263813,0.011817438028402375
228.5561088107316,148.36841885386946,118.41417624528722,1.7832071884678635,0.011810635342632684
228.72245241248612,148.33319108713513,118.57674681444524,1.7851712502827963,0.011803889884123467
228.88879601424065,148.29764418080893,118.73924790048943,1.787134194808253,0.011797201865152292
229.0551396159952,148.2617784526295,118.90167891678418,1.789096039896716,0.011792818966754739
229.22148321774972,148.2255939597232,119.06403921971912,1.7910613732856024,0.011837001843027207
229.38782681950426,148.18908984800026,119.22632796011702,1.7930340644771512,0.011881283902141696
229.5541704212588,148.15226506409792,119.38854423753754,1.7950141298821025,0.01192566408418418
229.72051402301332,148.1151185548614,119.55068714412856,1.7970015857322457,0.011970141297782868
229.88685762476786,148.077649267411,119.7127557645967,1.7989964480751892,0.012014714419756323
230.0532012265224,148.03985614921157,119.874749176176,1.8009987327690338,0.012059382294761235
230.21954482827692,148.001738148142,120.03666644859705,1.8030084554769994,0.012104143734940762
230.38588843003149,147.96329421256718,120.19850664405689,1.8050256316619873,0.012148997519573362
230.55223203178602,147.92452329141025,120.36026881718874,1.8070502765810774,0.012193942394722374
230.71857563354055,147.88542433422643,120.52195201503302,1.8090824052799785,0.01223897707288674
230.8849192352951,147.84599629127783,120.68355527700898,1.8111220325874218,0.01228410023265287
231.05126283704962,147.80623811360996,120.8450776348861,1.813169173109479,0.012329310518347725
231.21760643880415,147.76614875312893,121.00651811275664,1.8152238412238422,0.012374606539693467
231.3839500405587,147.72572716267987,121.1678757270094,1.8172860510740438,0.012419986871464197
231.55029364231322,147.68497229612726,121.32914948630244,1.819355816563597,0.012465450053144067
231.71663724406775,147.64388310843557,121.49033839153854,1.8214331513501207,0.01251099458858821
231.8829808458223,147.6024585557519,121.65144143583963,1.8235180688393653,0.012556618945685574
232.04932444757682,147.5606975954895,121.81245760452308,1.8256105821792135,0.01260232155602468
232.21566804933136,147.51859918641244,121.97338587507778,1.827710704253609,0.012648100814562033
232.3820116510859,147.47616228872195,122.13422521714182,1.8298184476764368,0.012693955079293743
232.54835525284042,147.43338586414364,122.29497459248051,1.8319338247853487,0.01273988267093045
232.71469885459496,147.39026887601605,122.45563295496515,1.8340568476355381,0.012785881872575773
232.8810424563495,147.34681028938064,122.61619925055244,1.836187527993447,0.012831950929408543
233.04738605810402,147.303009071073,122.7766724172656,1.8383258773304423,0.012878088048369195
233.2137296598586,147.25886418981503,122.93705138517525,1.8404719068164255,0.012924291397850516
233.38007326161312,147.21437461630882,123.09733507638168,1.8426256273133923,0.012970559107392723
233.54641686336765,147.16953932333163,123.2575224049981,1.8447870493689456,0.013016889267383746
233.7127604651222,147.12435728583193,123.41761227713502,1.8469561832097678,0.013063279928764566
233.87910406687672,147.07882748102713,123.57760359088455,1.849133038735018,0.013109729102739652
234.04544766863125,147.0329488885023,123.73749523630691,1.8513176255097115,0.013156234760493562
234.2117912703858,146.98672049031015,123.8972860954173,1.8535099527580332,0.013202794832913202
234.37813487214032,146.94014127107243,124.05697504217397,1.8557100293566169,0.013249407210316646
234.54447847389486,146.89321021808266,124.2165609424671,1.8579178638277698,0.01329606974218818
234.7108220756494,146.84592632140976,124.376042654109,1.8601334643326597,0.013342780236920575
234.87716567740392,146.7982885740035,124.53541902682535,1.8623568386644607,0.013389536461564409
235.04350927915846,146.75029597180048,124.69468890224759,1.8645879942414556,0.013436336141584956
235.209852880913,146.70194751383258,124.85385111390612,1.8668269381000933,0.013483176960626767
235.37619648266752,146.65324220233498,125.01290448722528,1.869073676888024,0.013530056560286646
235.54254008442206,146.60417904285723,125.17184783951923,1.8713282168570764,0.013576972539894887
235.7088836861766,146.55475704437404,125.33067997998842,1.8735905638562134,0.013623922456305474
235.87522728793112,146.50497521939835,125.48939970971851,1.8758607233244486,0.013670903823695325
236.0415708896857,146.4548325840952,125.64800582167982,1.8781387002837358,0.013717914113373149
236.20791449144022,146.4043281583969,125.80649710072791,1.8804244993318147,0.01376495075359795
236.37425809319475,146.35346096611948,125.96487232360607,1.8827181246350415,0.013812011129407924
236.5406016949493,146.3022300350803,126.1231302589489,1.8850195799211873,0.013859092582459794
236.70694529670382,146.2506343972168,126.28126966728668,1.8873288684721992,0.013906192410878896
236.87328889845836,146.19867308870678,126.43928930105257,1.8896459931169618,0.013953307869120805
237.0396325002129,146.14634515008945,126.59718790458966,1.8919709562240117,0.01400043616784428
237.20597610196742,146.09364962638784,126.75496421416031,1.8943037596942442,0.014047574473796317
237.37231970372196,146.04058556723277,126.91261695795717,1.896644404953606,0.01409471990970957
237.5386633054765,145.98715202698702,127.07014485611474,1.8989928929457562,0.01414186955421224
237.70500690723102,145.93334806487172,127.22754662072388,1.9013492241247345,0.014189020441751465
237.87135050898556,145.8791727554789,127.38482095942977,1.9037126728310376,0.014204220030221497
238.0376941107401,145.82462618854115,127.54196692300904,1.9060696443677765,0.014134371348518596
238.20403771249462,145.76971029689906,127.69898420485161,1.908414998201521,0.014064537553796422
238.37038131424916,145.71442720659059,127.8558725791677,1.9107487371622822,0.013994722882370554
238.5367249160037,145.65877904067298,128.01263183349283,1.913070864776918,0.0139249314764148
238.70306851775823,145.6027679190775,128.1692617685642,1.91538138525351,0.013855167384415475
238.8694121195128,145.5463959584684,128.32576219819816,1.917680303465822,0.013785434561650827
239.03575572126732,145.4896652721045,128.48213294916593,1.9199676249378337,0.013715736870695444
239.20209932302186,145.4325779697059,128.63837386107062,1.9222433558283685,0.013646078081947814
239.3684429247764,145.37513615732294,128.7944847862227,1.924507502915799,0.013576461874180589
239.53478652653092,145.31734193720962,128.95046558951685,1.9267600735828605,0.01350689183511181
239.70113012828546,145.2591974077001,129.10631614830743,1.9290010758015477,0.013437371461996485
239.86747373004,145.20070466308903,129.26203635228515,1.9312305181181193,0.013367904162237383
240.03381733179452,145.141865793515,129.417626103353,1.9334484096382063,0.013298493254013739
240.20016093354906,145.08268288484788,129.57308531550277,1.93565476001202,0.013229141966927418
240.3665045353036,145.02315801857935,129.72841391469186,1.937849579419674,0.01315985344266479
240.53284813705812,144.9632932717166,129.8836118387194,1.9400328785566145,0.01309063073567429
240.69919173881266,144.9030907166798,130.03867903710392,1.9422046686191683,0.013021476813857558
240.8655353405672,144.84255242120258,130.19361547096057,1.9443649612902059,0.012952394559274301
241.03187894232173,144.78168044823587,130.34842111287867,1.9465137687249188,0.012883386768859374
241.19822254407626,144.72047685585497,130.5030959467999,1.9486511035367222,0.012814456155151189
241.3645661458308,144.65894369716995,130.65763996789676,1.9507769787832743,0.012745605347030993
241.53090974758533,144.59708302023893,130.8120531824515,1.9528914079526265,0.0126768368904715
241.6972533493399,144.53489686798466,130.96633560773572,1.9549944049494927,0.012608153249294676
241.86359695109442,144.47238727811435,131.12048727189014,1.9570859840816484,0.012539556805937494
242.02994055284896,144.4095562830422,131.27450821380532,1.9591661600464558,0.01247104986222495
242.1962841546035,144.34640590981502,131.42839848300258,1.9612349479175206,0.012402634640149643
242.36262775635802,144.2829381800412,131.58215813951622,1.9632923631314796,0.012334313282656915
242.52897135811256,144.21915510982222,131.73578725377524,1.965338421474912,0.012266087854435316
242.6953149598671,144.1550587096868,131.88928590648703,1.9673731390713929,0.012197960342710942
242.86165856162162,144.09065098452882,132.0426541885208,1.9693965323686715,0.012129932658045704
243.02800216337616,144.02593393354715,132.1958922007923,1.9714086181259871,0.012062006635138333
243.1943457651307,143.96090955018877,132.349000054149,1.9734094134015123,0.011994184033627692
243.36068936688523,143.89557982209428,132.50197786925617,1.97539893553994,0.011926466538897557
243.52703296863976,143.82994673104642,132.6548257764841,1.9773772021601967,0.011858855762882516
243.6933765703943,143.76401225292122,132.8075439157952,1.979344231143287,0.011791353244874323
243.85972017214883,143.69777835764143,132.96013243663316,1.981300040620284,0.011723960452327797
244.02606377390336,143.63124700913303,133.11259149781196,1.9832446489604436,0.011656678781666121
244.1924073756579,143.56442016528388,133.26492126740683,1.985178074759454,0.011589509559084724
244.35875097741246,143.49729977790517,133.4171219226446,1.9871003368278224,0.011522454041353485
244.525094579167,143.42988779269498,133.56919364979686,1.9890114541793924,0.011455513416616237
244.69143818092152,143.36218614920494,133.72113664407252,1.9909114460199984,0.011388688805187688
244.85778178267606,143.29419678080828,133.87295110951214,1.9928003317362428,0.01132198126034687
245.0241253844306,143.2259216146713,134.0246372588829,1.9946781308844113,0.011255391769126814
245.19046898618512,143.15736257172637,134.17619531357502,1.9965448631795262,0.011188921253099797
245.35681258793966,143.0885215666478,134.32762550349833,1.9984005484845122,0.011122570569158214
245.5231561896942,143.01940050782935,134.47892806698113,2.0002452067995087,0.011056340510289852
245.68949979144872,142.95000129736445,134.63010325066898,2.0020788582513047,0.01099023180634805
245.85584339320326,142.88032583102836,134.7811513094248,2.0039015230828934,0.010924245124815848
246.0221869949578,142.81037599826286,134.93207250623067,2.0057132216431643,0.010858381071563701
246.18853059671233,142.74015368216206,135.08286711208962,2.007513974376721,0.010792640191600627
246.35487419846686,142.6696607594617,135.23353540592979,2.0093038018138145,0.010727022969818393
246.5212178002214,142.5988991005292,135.38407767450843,2.011082724560401,0.010661529831728358
246.68756140197593,142.5278705693564,135.53449421231804,2.0128507632883377,0.010596161144190569
246.85390500373046,142.45657702355444,135.68478532149277,2.0146079387256703,0.010530917216135069
247.020248605485,142.38502031434967,135.83495131171665,2.016354271647069,0.010465798299274789
247.18659220723956,142.31320228658248,135.9849925001327,2.018089782864365,0.010400804588809874
247.3529358089941,142.24112477870756,136.13490921125265,2.019814493217205,0.01033593622412357
247.51927941074862,142.16878962279586,136.28470177686893,2.0215284235638293,0.010271193289468381
247.68562301250316,142.09619864453745,136.43437053596892,2.0232315947719783,0.010206575814642595
247.8519666142577,142.0233538790689,136.5839159398749,2.0249195529248674,0.010086466098635172
248.01831021601222,141.95025830622185,136.73333891354798,2.026587220285286,0.009964385478231199
248.18465381776676,141.87691516364373,136.88264052577466,2.0282345690310795,0.009842170367446564
248.3509974195213,141.80332768561615,137.03182186240304,2.029861577375134,0.009719827762642099
248.51734102127583,141.72949910290225,137.18088402607145,2.031468224678627,0.009597364473899138
248.68368462303036,141.65543264261015,137.3298281359367,2.03305449142014,0.009474787126257544
248.8500282247849,141.581131528064,137.4786553274039,2.0346203591649896,0.009352102161035448
249.01637182653943,141.50659897868167,137.62736675185647,2.0361658105347766,0.009229315837228637
249.18271542829396,141.4318382098595,137.77596357638834,2.037690829177187,0.009106434232984892
249.3490590300485,141.35685243286346,137.92444698353586,2.039195399736034,0.008983463247151161
249.51540263180303,141.28164485472774,138.0728181710119,2.04067950782156,0.008860408600890171
249.68174623355756,141.2062186781588,138.22107835144098,2.042143139981027,0.008737275839362284
249.8480898353121,141.13057710144716,138.3692287520954,2.0435862836695815,0.00861407033347125
250.01443343706666,141.05472331838453,138.51727061463308,2.0450089272214145,0.008490797281669531
250.1807770388212,140.97866051818767,138.66520519483691,2.0464110598212333,0.00836746171182068
250.34712064057572,140.90239188542841,138.81303376235527,2.047792671476044,0.008244068483116053
250.51346424233026,140.82592059997012,138.9607576004438,2.04915375298725,0.008120622288043503
250.6798078440848,140.7492498369092,139.10837800571002,2.0504942959231,0.007997127654403484
250.84615144583933,140.67238276652347,139.25589628785792,2.051814292591456,0.00787358894737268
251.01249504759386,140.59532255422587,139.4033137694355,2.0531137360129197,0.007750010371610189
251.1788386493484,140.51807236052363,139.550631785583,2.0543926198943065,0.007626395973405104
251.34518225110293,140.44063534098373,139.69785168378408,2.05565093860249,0.0075027496428625405
251.51152585285746,140.36301464620288,139.84497482361715,2.0568886871385965,0.007379075116125982
251.677869454612,140.2852134217838,139.9920025765101,2.0581058611125904,0.007255375977633408
251.84421305636653,140.20723480831606,140.13893632549576,2.059302456718223,0.007131655662405282
252.01055665812106,140.12908194136273,140.2857774649693,2.0604784707083716,0.007007917458362374
252.1769002598756,140.0507579514512,140.43252740044827,2.0616339003707687,0.006884164508670274
252.34324386163013,139.97226596406995,140.57918754833318,2.0627687435041144,0.006760399814110796
252.50958746338466,139.8936090996696,140.72575933567154,2.063882998394593,0.006636626235475659
252.6759310651392,139.81479047366875,140.87224419992216,2.0649766637927893,0.006512846495982977
252.84227466689376,139.73581319646448,141.01864358872237,2.0660497388910013,0.006389063183713401
253.0086182686483,139.65668037344807,141.16495895965699,2.067102223300969,0.006265278754064734
253.17496187040283,139.5773951050236,141.31119178002922,2.0681341170320096,0.0061414955322226916
253.34130547215736,139.49796048663276,141.45734352663249,2.0691454204695603,0.006017715715648179
253.5076490739119,139.41837960878254,141.60341568552607,2.0701361343541427,0.005893941376576599
253.67399267566643,139.3386555570778,141.74940975181056,2.0711062597607377,0.0057701744645308455
253.84033627742096,139.2587914122574,141.89532722940703,2.0720557980785905,0.005646416808844093
254.0066798791755,139.1787902502348,142.0411696308362,2.0729847509914174,0.005522670121193296
254.17302348093003,139.09865514214204,142.18693847700138,2.073893120458056,0.005398935998140144
254.33936708268456,139.01838915437776,142.3326352969719,2.07478090869352,0.005275215923679766
254.5057106844391,138.93799534865872,142.4782616277689,2.075648118150494,0.0051515112717956365
254.67205428619363,138.85747678207505,142.6238190141528,2.076494751501242,0.0050278233090194635
254.83839788794816,138.77683650714874,142.76930900841302,2.0773208116199475,0.004904153196995004
255.0047414897027,138.6960775718957,142.9147331701585,2.078126301565481,0.004780501995045816
255.17108509145723,138.61520301989097,143.06009306611102,2.0789112245645924,0.00465687066274463
255.33742869321176,138.53421589033724,143.20539026989965,2.079675583995532,0.0045332600624847395
255.50377229496632,138.45311921813627,143.35062636185725,2.0804193833720976,0.004409670962052125
255.67011589672086,138.37191603396334,143.49580292881822,2.0811426263281163,0.004286104037197721
255.8364594984754,138.2906093643451,143.64092156391825,2.0818453166023403,0.004162559874209285
256.0028031002299,138.20920223173925,143.78598386639592,2.0825274580237902,0.004039038972481765
256.16914670198446,138.1276976546178,143.93099144139515,2.083189054497506,0.0039155417470867334
256.335490303739,138.04609864755275,144.07594589977006,2.0838301099907337,0.0037920685313390145
256.5018339054935,137.96440822130415,144.2208488578905,2.084450628519546,0.0036686195793612644
256.66817750724806,137.88262938291064,144.36570193745018,2.085050614135877,0.00354519506864508
256.8345211090026,137.80076513578257,144.51050676527493,2.0856300709149886,0.0034217951026091846
257.0008647107571,137.71881847979705,144.6552649731339,2.086189002943362,0.0032984197131534867
257.16720831251166,137.63679241139582,144.79997819755056,2.0867274143070134,0.0031750688632099368
257.3335519142662,137.5546899236846,144.9446480796161,2.087245309080231,0.003051742449288463
257.49989551602073,137.47251400653468,145.08927626480417,2.0877426913147445,0.0029284403040186063
257.66623911777526,137.39026764668654,145.2338644027863,2.0882195650293003,0.0028051621986870203
257.8325827195298,137.3079538278554,145.37841414724886,2.088675934199676,0.002681907845769979
257.99892632128433,137.22557553083837,145.52292715571133,2.0891118027491036,0.0025586769014610323
258.16526992303886,137.1431357336235,145.6674050893454,2.0895271745391213,0.0024354689681940706
258.3316135247934,137.06063741150012,145.81184961279536,2.0899220533608354,0.0023122835971611587
258.49795712654793,136.97808353717127,145.95626239399974,2.0902964429266078,0.0021891202908256363
258.66430072830246,136.89547708086684,146.10064510401378,2.0906503468621604,0.0020659785054301045
258.830644330057,136.81282101045923,146.24499941683234,2.090983768699096,0.0019428576535003301
258.99698793181153,136.73011829157875,146.38932700921478,2.0912967118678267,0.0018197571063430218
259.16333153356607,136.64737188773177,146.53362956051004,2.091589179690935,0.0016966761965400464
259.3296751353206,136.56458476041917,146.67790875248255,2.0918611753769296,0.0015736142204376372
259.49601873707513,136.4817598692562,146.82216626913882,2.0921127020144326,0.0014505704406313161
259.66236233882967,136.39890017209277,146.96640379655565,2.0923437625667685,0.0013275440884458795
259.82870594058426,136.3160086066448,147.1106230122286,2.0925559251228005,0.0012813854760918915
259.9950495423388,136.23308576258225,147.25482424545245,2.0927849468740636,0.0014722147423761132
260.1613931440933,136.15012760708353,147.39900516698236,2.093045712919416,0.0016630582708160473
260.32773674584786,136.0671295686902,147.54316313340064,2.0933382263468863,0.0018539246528079321
260.4940803476024,135.98408707758554,147.68729549717705,2.0936624916671445,0.0020448224004966323
260.6604239493569,135.9009955656441,147.83139960611612,2.0940185147996475,0.002235759938590631
260.82676755111146,135.81785046648426,147.97547280280625,2.0944063030574043,0.002426745596136636
260.993111152866,135.73464721552486,148.11951242406738,2.09482586513038,0.0026177875982452852
261.1594547546205,135.6513812500447,148.2635158004032,2.095277211067515,0.002808894057768147
261.32579835637506,135.56804800924678,148.40748025545133,2.095760352257348,0.003000072966914807
261.4921419581296,135.48464293432642,148.55140310543752,2.0962753014072604,0.003191332188809347
261.6584855598841,135.40116146854461,148.69528165862903,2.0968220725212827,0.0033826794489784607
261.82482916163866,135.31759905730567,148.8391132147913,2.097400680876502,0.0035741223267677807
261.9911727633932,135.23395114824083,148.98289506464485,2.0980111429980237,0.003765668246681014
262.1575163651477,135.15021319129727,149.126624489325,2.098653476632487,0.003957324469637353
262.32385996690226,135.0663806388329,149.27029875984178,2.0993277007201225,0.0041490980841422595
262.4902035686568,134.982448945718,149.4139151365434,2.100033835365333,0.0043409959973685665
262.65654717041133,134.8984135694428,149.55747086858025,2.1007719018057784,0.004533024926142469
262.82289077216586,134.8142699702327,149.70096319337205,2.1015419223799583,0.004725191387831477
262.9892343739204,134.73001361116997,149.84438933607623,2.1023439204932686,0.004917501691129799
263.15557797567493,134.64563995832378,149.9877465090596,2.103177920582514,0.005109961926738801
263.32192157742946,134.56114448088812,150.1310319113712,2.104043948078867,0.005302577957937481
263.488265179184,134.4765226513272,150.27424272821898,2.1049420293692425,0.005495355411042545
263.65460878093853,134.3917699455303,150.41737613044825,2.1058721917560828,0.005688299665753053
263.82095238269306,134.30688184297483,150.5604292740237,2.1068344634155203,0.005881415845378626
263.9872959844476,134.22185382689963,150.7033992995137,2.107828873353906,0.006074708806947653
264.15363958620213,134.13668138448637,150.84628333157855,2.1088554513626914,0.0062681831311961035
264.31998318795667,134.05136000705215,150.98907847846127,2.10991422797162,0.006461843112432145
264.4863267897112,133.96588519025164,151.13178183148293,2.111005234400235,0.006655692748278715
264.65267039146573,133.88025243428982,151.27439046454046,2.1121285025076624,0.006849735729290058
264.81901399322027,133.7944572441457,151.4169014336099,2.1132840647406663,0.00704397542844522
264.9853575949748,133.70849512980737,151.55931177625249,2.1144719540799306,0.007238414890514809
265.15170119672933,133.6223616065181,151.7016185111256,2.1156922039845787,0.007433056821304247
265.3180447984839,133.53605219503473,151.84381863749886,2.1169448483348825,0.007627903576773166
265.48438840023846,133.4495624218979,151.98590913477372,2.1182299213731515,0.00782295715203173
265.650732001993,133.3628878229603,152.12788696350603,2.1195468261092394,0.007943301962042144
265.8170756037475,133.27602781186096,152.26975143669196,2.1208228917292207,0.007399108327260337
265.98341920550206,133.18899326108382,152.4115088977953,2.122008377911783,0.006854249760237913
266.1497628072566,133.1017971411025,152.55316703527686,2.1231031800023725,0.006308797406351493
266.3161064090111,133.014452409515,152.6947335904035,2.1241072049694543,0.005762819885473677
266.48245001076566,132.92697201152123,152.8362163526401,2.125020370998697,0.005216383476709723
266.6487936125202,132.83936888041623,152.97762315518193,2.125842607119176,0.004669552306354203
266.8151372142747,132.75165593816132,153.1189618705122,2.126573852861134,0.004122388539080034
266.98148081602926,132.66384609602568,153.26024040598162,2.1272140579457766,0.0035749525719641776
267.1478244177838,132.57595225529118,153.40146669940972,2.12776318200755,0.003027303230958892
267.31416801953833,132.48798730801258,153.54264871470647,2.128221194349287,0.0024794979694360993
267.48051162129286,132.3999641378263,153.68379443751036,2.128588073730519,0.0019315930684546429
267.6468552230474,132.31189562079874,153.82491187084415,2.1288638081892257,0.0013836438383946308
267.81319882480193,132.22379462630897,153.9660090307827,2.1290483948972074,0.0008357048216360227
267.97954242655646,132.13567401795612,154.10709394213401,2.1291418400492494,0.0002878299959480326
268.145886028311,132.0475466544849,154.24817463412953,2.1291441587861453,-0.00025992702172723044
268.31222963006553,131.959425390722,154.38925913612036,2.129055375151629,-0.0008075127714019611
268.47857323182006,131.87132307851576,154.53035547328068,2.1288755220832165,-0.001354873746400474
268.6449168335746,131.78325256767093,154.6714716623123,2.128604641436872,-0.0019019561902451358
268.81126043532913,131.6952267068724,154.81261570715054,2.128242784045394,-0.002448705894380954
268.97760403708367,131.60725834458913,154.95379559466812,2.127790009810367,-0.0029950679970466966
269.1439476388382,131.5193603299518,155.09501929037526,2.127246387827446,-0.0035409867836017138
269.31029124059273,131.431545513597,155.23629473411353,2.1266119965447157,-0.004086405488625763
269.47663484234727,131.3438267484689,155.37762983574237,2.1258869239537947,-0.004631266100118182
269.6429784441018,131.25621689057328,155.51903247081512,2.1250712678133157,-0.005175509166123269
269.80932204585633,131.16872879967568,155.66051047624333,2.1241651359043505,-0.005719073604124
269.97566564761087,131.08137533993525,155.80207164594802,2.1231686463172785,-0.0062618965135619225
270.1420092493654,130.99416934909385,155.94372370773982,2.1220851377441186,-0.006615983259736809
270.30835285111993,130.90711749859992,156.08547054799868,2.121015653424381,-0.006242841084156319
270.47469645287447,130.82021289358343,156.22730771265844,2.1200081958419155,-0.005870213835766239
270.641040054629,130.73344683063598,156.36922967091044,2.119062680868824,-0.005498082977611437
270.80738365638354,130.6468106022104,156.51123092471585,2.1181790275448336,-0.005126428978924367
270.9737272581381,130.5602954971921,156.6533060069425,2.1173571582362847,-0.004755231385149632
271.14007085989266,130.47389280147462,156.79544947942688,2.1165969987840443,-0.004384468887100988
271.3064144616472,130.38759379850254,156.9376559310302,2.115898478639979,-0.004014119389122394
271.4727580634017,130.3013897697838,157.07991997568698,2.115261530992175,-0.003644160076307057
271.63910166515626,130.2152719953751,157.22223625044708,2.114686092879059,-0.0032745674808250047
271.8054452669108,130.12923175434096,157.36459941351333,2.114172105292541,-0.002905317547412461
271.9717888686653,130.04326032519035,157.5070041422745,2.1137195132703415,-0.0025363856980827474
272.13813247041986,129.95734898629203,157.64944513133446,2.1133282659776125,-0.0021677468961167927
272.3044760721744,129.87148901627228,157.79191709053845,2.1129983167779702,-0.0017993757093971434
272.47081967392893,129.78567169439546,157.93441474299752,2.1127296232940322,-0.001431246373144994
272.63716327568346,129.69988830093186,158.0769328231111,2.112522147457584,-0.0010633328521293696
272.803506877438,129.61413011751307,158.21946607458867,2.112375855549418,-0.0006956089024116696
272.96985047919253,129.52838842747892,158.36200924847182,2.1122907182289445,-0.0003280481326926106
273.13619408094706,129.4426545162173,158.50455710115523,2.1122667105536292,3.9375934668008065e-05
273.3025376827016,129.35691967149899,158.6471043924101,2.1123038119882924,0.00040668980289579885
273.46888128445613,129.2711751838109,158.7896458834084,2.1124020064043334,0.0007739199402374353
273.63522488621066,129.1854123466884,158.9321763347493,2.1125612820688753,0.0011410927195230718
273.8015684879652,129.09962245705069,159.0746905044881,2.1127816316238777,0.0015082343577845006
273.96791208971973,129.0137968155397,159.21718314616882,2.113063052055195,0.0018753708558654524
274.13425569147427,128.92792672686662,159.3596490068604,2.11340554465159,0.0022425279379540194
274.3005992932288,128.84200350016704,159.5020828251975,2.1138091149536695,0.002609730990973243
274.46694289498333,128.75601844936674,159.6444793294261,2.114273772692737,0.0029770050037666845
274.63328649673787,128.66996289356214,159.78683323545508,2.1147995317194894,0.0033443745060127913
274.7996300984924,128.58382815741538,159.92913924491444,2.1153864099225412,0.0037118635068115087
274.96597370024693,128.49760557156816,160.07139204321962,2.1160344291366897,0.004079495432877422
275.13231730200147,128.4112864730752,160.21358629764458,2.116743615040873,0.004447293066289955
275.298660903756,128.32486220586043,160.35571665540286,2.117513997045724,0.004815278481739799
275.46500450551054,128.23832412119782,160.49777774173833,2.118345608170644,0.0051834729832229125
275.63134810726507,128.15166357821954,160.63976415802512,2.119238484910296,0.005551897040130371
275.7976917090196,128.06487194445256,160.78167047987978,2.120192667090416,0.005920570222693022
275.96403531077414,127.97794059638721,160.92349125528438,2.1212081977128214,0.006289511136733484
276.13037891252867,127.89086092007905,161.06522100272298,2.122285122789516,0.006658737357692054
276.2967225142832,127.80362431178705,161.2068542093317,2.1234234911657497,0.007028265363888047
276.4630661160378,127.71622217864935,161.34838532906355,2.1246233543319146,0.007398110468991017
276.6294097177923,127.62864593939985,161.4898087808699,2.1258847662241394,0.007768286753675729
276.79575331954686,127.5408870251266,161.63111894689905,2.12720778301345,0.008138806996442096
276.9620969213014,127.45293688007585,161.7723101707131,2.1285924628833444,0.008509682603585386
277.12844052305593,127.36478696250221,161.91337675552467,2.130038865795652,0.008880923538310184
277.29478412481046,127.27642874556832,162.05431296245587,2.1315470532445318,0.009252538248988569
277.461127726565,127.18785371829547,162.19511300881885,2.1331170879984613,0.00962453359656522
277.62747132831953,127.09905338656813,162.33577106642184,2.1347490338300847,0.009996914781124418
277.79381493007406,127.01001927419338,162.4762812599004,2.13644295523377,0.010369685267639999
277.9601585318286,126.92074292401833,162.61663766507763,2.138198917130758,0.010742846710937785
278.12650213358313,126.83121589910701,162.75683430735324,2.1400169845617683,0.011116398879906562
278.29284573533766,126.74142978397909,162.89686516012432,2.141897222366919,0.01149033958100532
278.4591893370922,126.65137618591237,163.0367241432403,2.1438396948528933,0.011864664581125058
278.62553293884673,126.5610467363108,163.1764051214936,2.1458444654472073,0.012239367529868986
278.79187654060127,126.47043309214001,163.31590190314793,2.147911596339518,0.01261443988133142
278.9582201423558,126.37952693743232,163.45520823850796,2.150041148109878,0.012989870815462098
279.12456374411033,126.28831998486315,163.594317818531,2.1522331793438854,0.013365647159115625
279.29090734586487,126.19680397740055,163.73322427348418,2.154487746234669,0.013741753306898601
279.4572509476194,126.10497069002835,163.87192117165048,2.156804902171727,0.014118171141942363
279.62359454937393,126.01281193154688,164.01040201808496,2.15918469731656,0.014494879956732843
279.78993815112847,125.92031954645053,164.14866025342474,2.161627178165169,0.014871856374154347
279.956281752883,125.82748541688477,164.28668925275622,2.1641323870974407,0.015249074268909386
280.12262535463753,125.73430146468343,164.42448232454126,2.1667003619135023,0.01562650468949473
280.28896895639207,125.64075965348772,164.56203270960714,2.1693311353571687,0.016004115780928408
280.4553125581466,125.54685199094784,164.69933358020262,2.1720247346266053,0.016381872708436104
280.62165615990114,125.45257053100863,164.836378039123,2.1747811808723796,0.016759737582318985
280.78799976165567,125.35790737627892,164.9731591189096,2.1776004886831624,0.017137669384248457
280.9543433634102,125.26285468048684,165.10966978112455,2.1804826655592633,0.017515623895235168
281.12068696516474,125.1674046510202,165.2459029157073,2.183427711374379,0.017893553625550864
281.28703056691927,125.07154955155318,165.3818513404144,2.1864356178258415,0.01827140774688404
281.4533741686738,124.97528170475847,165.51750780034814,2.1895063678738085,0.01864913202703573
281.61971777042834,124.87859349510666,165.65286496757585,2.1926399351697956,0.019026668767468956
281.78606137218287,124.78147737175028,165.78791544084692,2.1958362834751144,0.019403956744049978
281.9524049739374,124.68392585149378,165.92265174540796,2.199095366069715,0.019780931151324403
282.118748575692,124.5859315218483,166.0570663329235,2.2024171251520936,0.02015752355069287
282.28509217744653,124.48748704416988,166.1911515815039,2.2058014912309165,0.020533661822861305
282.45143577920106,124.38858515688028,166.32489979584642,2.209248382509145,0.020909270124955723
282.6177793809556,124.2892186787694,166.45830320749187,2.2127577042613957,0.021284268852698542
282.78412298271013,124.18938051237626,166.59135397520336,2.2163293482055177,0.021658574608064328
282.95046658446466,124.08906364744867,166.7240441854682,2.2199631918692058,0.022032100172828525
283.1168101862192,123.98826116447688,166.8563658531306,2.223659097952801,0.02240475448844706
283.28315378797373,123.88696623830043,166.98831092215664,2.2274169136892548,0.022776442642696633
283.44949738972826,123.78517214178473,167.1198712665362,2.231236470202476,0.02314706586351983
283.6158409914828,123.68287224956366,167.25103869132704,2.235117581865296,0.02351652152052109
283.78218459323733,123.58006004184544,167.38180493384363,2.239060045658338,0.023884703134555246
283.94852819499187,123.4767291088471,167.5121616648003,2.2430635348926504,0.024228624722490013
284.1148717967464,123.37287489406067,167.64210188623287,2.24709000352612,0.02418291718966373
284.28121539850093,123.2684988132694,167.77162328476962,2.251108909206664,0.02413769412479932
284.44755900025547,123.16360352610594,167.90072455425005,2.255120332957512,0.024092960488558003
284.61390260201,123.05819168115241,168.02940439774818,2.259124356596505,0.024048721125213852
284.78024620376453,122.95226591533537,168.15766152792935,2.263121062737767,0.024004980764820653
284.94658980551907,122.84582885386307,168.2854946667342,2.2671105347728986,0.023961744025606593
285.1129334072736,122.7388831101683,168.412902545065,2.271092856852576,0.023919015416357173
285.27927700902814,122.6314312858572,168.5398839024738,2.2750681138685493,0.023876799338785507
285.44562061078267,122.52347597066374,168.66643748685203,2.2790363914360228,0.023835100089888334
285.6119642125372,122.4150197424098,168.79256205412184,2.2829977758764297,0.023793921864286884
285.77830781429174,122.3060651669707,168.91825636793058,2.286952354200598,0.023753268756551264
285.94465141604627,122.19661479824588,169.04351919934578,2.2909002140922983,0.023713144763507242
286.1109950178008,122.08667117813498,169.16834932655297,2.2948414438921807,0.023673553786524706
286.27733861955534,121.97623683651923,169.2927455345553,2.2987761325820806,0.02363449963378651
286.44368222130987,121.86531429124769,169.41670661487484,2.3027043697697014,0.023595986022537114
286.6100258230644,121.75390604812844,169.54023136525694,2.306626245673681,0.023558016581309738
286.77636942481894,121.64201460092488,169.6633185893755,2.310541851109015,0.02352059485213168
286.9427130265735,121.52964243135634,169.78596709654084,2.3144512774728483,0.023483724292706717
287.109056628328,121.41679200910401,169.90817570141013,2.3183546167306295,0.023447408278573945
287.27540023008254,121.30346579182087,170.02994322369906,2.3222519614026194,0.023411650105242477
287.4417438318371,121.18966622514641,170.15126848789643,2.32614340455076,0.023376452990301264
287.6080874335916,121.07539574272599,170.2721503229804,2.3300290397658774,0.023341820075503446
287.7744310353462,120.96065676623378,170.39258756213718,2.333908961155248,0.023307754428824764
287.94077463710073,120.84545170540106,170.5125790424815,2.3377832633304845,0.023274259046495428
288.10711823885526,120.72978295804758,170.63212360478008,2.341652041395779,0.023241336855004898
288.2734618406098,120.61365291011761,170.7512200931764,2.345515390936468,0.023208990713079414
288.43980544236433,120.49706393572002,170.86986735491809,2.349373408007909,0.02317722341363146
288.60614904411887,120.38001839717187,170.98806424008623,2.3532261891247117,0.02314603768568117
288.7724926458734,120.2625186450466,171.1058096013275,2.3570738312502497,0.023115436196248916
288.93883624762793,120.14456701822512,171.22310229358752,2.3609164317865154,0.02308542155221928
289.10517984938247,120.02616584395126,171.33994117384725,2.364754088564264,0.02305599630217541
289.271523451137,119.90731743789033,171.45632510086125,2.3685868998334705,0.023027162938204202
289.43786705289153,119.78802410419215,171.5722529348978,2.3724149642540677,0.02299892389767166
289.60421065464607,119.668288135556,171.68772353748196,2.3762383808870116,0.022971281564968027
289.7705542564006,119.54811181330109,171.8027357711402,2.380057249185592,0.022944238273223106
289.93689785815513,119.4274974074386,171.91728849914682,2.38387166898705,0.02291779630599112
290.10324145990967,119.30644717674764,172.03138058527415,2.3876817405044806,0.022891957898904684
290.2695850616642,119.18496336885507,172.14501089354297,2.391487564318984,0.022866725241298607
290.43592866341874,119.06304822031765,172.25817828797622,2.3952892413721063,0.0228421004778026
290.60227226517327,118.94070395670774,172.3708816323545,2.39908687295852,0.02281808570990308
290.7686158669278,118.81793279270181,172.48311978997398,2.402880560719,0.022794682997473947
290.93495946868234,118.69473693217259,172.59489162340597,2.4066704066335944,0.02277189436027635
291.10130307043687,118.57111856828335,172.70619599425893,2.4104565130151006,0.022749721779427114
291.2676466721914,118.44707988358573,172.81703176294266,2.4142389825027477,0.022728167198835948
291.43399027394594,118.32262305012026,172.9273977884342,2.4180179180561217,0.022707232526611457
291.60033387570047,118.1977502295195,173.03729292804616,2.421793422949328,0.022686919636435595
291.766677477455,118.0724635731142,173.14671603719708,2.425565600765383,0.02266723036890686
291.93302107920954,117.94676522204246,173.2556659691834,2.4293345553908043,0.022648166532852135
292.0993646809641,117.82065730736065,173.3641415749545,2.4331003910104503,0.02262972990660681
292.2657082827186,117.69414195015807,173.47214170288848,2.436863212102545,0.022611922239263702
292.43205188447314,117.56722126167355,173.57966519857095,2.4406231234339124,0.022594745251890414
292.5983954862277,117.43989734341488,173.6867109045753,2.444380230055417,0.022578200638715164
292.7647390879822,117.31217228728082,173.79327766024502,2.448134637297592,0.022562290068281143
292.93108268973674,117.18404817568515,173.89936430147876,2.4518864507664695,0.022547015184569374
293.0974262914913,117.0555270816839,174.00496966051597,2.4556357763395784,0.02253237760809009
293.26376989324586,116.92661106910438,174.1100925657259,2.4593827201621323,0.02251837893694253
293.4301134950004,116.79730219267739,174.21473184139714,2.463127388643376,0.022505020747843413
293.59645709675493,116.66760249817048,174.31888630753093,2.4668698884531386,0.02249230459712363
293.76280069850947,116.53751402252526,174.4225547796344,2.4706103265184938,0.022480232021693636
293.929144300264,116.40703879399568,174.5257360685171,2.474348810020622,0.022468804539977277
294.09548790201853,116.2761788322891,174.62842898008904,2.4780854463918125,0.022458023652813967
294.26183150377307,116.14493614870972,174.73063231516048,2.4818203433126085,0.022447890844329518
294.4281751055276,116.01331274630424,174.83234486924366,2.4855536087090906,0.02243840758277527
294.59451870728213,115.88131062000951,174.93356543235663,2.489285350750314,0.02242957532133559
294.76086230903667,115.74893175680272,175.03429278882848,2.493015677845859,0.022421395498903995
294.9272059107912,115.61617813585332,175.13452571710724,2.4967446986435267,0.02241386954082736
295.09354951254574,115.48305172867774,175.23426298956846,2.500472522027133,0.022406998859618634
295.25989311430027,115.34955449929575,175.3335033723267,2.5041992571144345,0.022400784855637772
295.4262367160548,115.2156884043893,175.4322456250484,2.507925013255168,0.02239522891774081
295.59258031780934,115.08145539346296,175.5304885007663,2.5116499000291794,0.02239033242389729
295.75892391956387,114.94685740900724,175.62823074569638,2.515374027244672,0.022386096741775573
295.9252675213184,114.81189638666343,175.7254710990558,2.5190975049365294,0.022382523229296264
296.09161112307294,114.67657425539096,175.8222082928834,2.5228204433647416,0.022379613235153615
296.25795472482747,114.54089293763613,175.91844105186135,2.5265429530129158,0.02237736809930465
296.424298326582,114.40485434950384,176.01416809313923,2.5302651445868545,0.022375789153426074
296.59064192833654,114.26846040093088,176.10938812615922,2.5339871290132168,0.02237487772133881
296.7569855300911,114.13171299586111,176.20409985248347,2.537709017438246,0.02237463511939996
296.9233291318456,113.99461403242317,176.2983019656237,2.54143092122656,0.022375062656862135
297.08967273360014,113.85716540304193,176.39199315091756,2.5451529519618283,0.02237616163620074
297.2560163353547,113.71936955792725,176.48517291881572,2.548850806901111,0.021982809437380436
297.4223599371092,113.58123392542814,176.5778482266042,2.552463362809604,0.021451823113597432
297.58870353886374,113.44276847122903,176.67003003064917,2.555987481423987,0.020919524373364643
297.7550471406183,113.30398307725221,176.76172944588987,2.559422955932245,0.020386050219407092
297.9213907423728,113.1648875190116,176.85295770530743,2.562769601685158,0.019851530135317402
298.08773434412734,113.02549146596625,176.94372615414372,2.5660272549539886,0.019316086189285105
298.2540779458819,112.88580448209908,177.03404624429325,2.569195771706555,0.018779833151797452
298.4204215476364,112.7458360267071,177.123929528873,2.572275026404011,0.01824287862608658
298.58676514939094,112.6055954553966,177.21338765696768,2.5752649108202608,0.017705323190172876
298.7531087511455,112.46509202127204,177.30243236855466,2.5781653328859147,0.017167260549380302
298.91945235290007,112.32433487630948,177.39107548960428,2.5809762155584064,0.01662877769826439
299.0857959546546,112.18333307290561,177.47932892735858,2.5836974957197505,0.016089955090943228
299.25213955640913,112.04209556559358,177.56720466578415,2.586329123103271,0.015550866818877976
299.41848315816367,111.90063121291521,177.65471476119924,2.5888710592504696,0.015011580795200784
299.5848267599182,111.75894877944354,177.7418713380714,2.591323276499021,0.014472158944757929
299.75117036167273,111.61705693794555,177.8286865849837,2.5936857570028167,0.01393265739907815
299.91751396342727,111.47496427167695,177.91517275076623,2.595958491784798,0.013393126695539272
300.0838575651818,111.33267927680271,178.0013421407888,2.598141479823216,0.0128536119800688
300.25020116693634,111.19021036493426,178.08720711341192,2.6002347271718627,0.012314153212755372
300.41654476869087,111.04756586577696,178.17278007659039,2.602238246114709,0.011774785375814886
300.5828883704454,110.9047540298808,178.2580734846266,2.6041520543552945,0.011235538683399925
300.74923197219994,110.76178303148701,178.34309983506728,2.605976174241139,0.0106964387927949
300.91557557395447,110.61866097146488,178.42787166574018,2.607710632023375,0.010157507016585935
301.081919175709,110.47539588033271,178.5124015519234,2.6093554571517235,0.00961876053544804
301.24826277746354,110.33199572135595,178.59670210364416,2.6109106816048984,0.009080212611226475
301.41460637921807,110.18846839371824,178.68078596310016,2.612376339256463,0.008541872800041329
301.5809499809726,110.04482173575897,178.764665802197,2.613752465276111,0.008003747165183171
301.74729358272714,109.9010635282726,178.848354320198,2.615039095566342,0.007465838489599623
301.9136371844817,109.75720149786494,178.93186424147814,2.6162362662344307,0.006928146487819176
302.0799807862362,109.61324332036119,179.01520831337675,2.6173440130995935,0.006390668017183313
302.24632438799074,109.46919662426248,179.09839930414338,2.6183623712352277,0.00585339728829709
302.4126679897453,109.32506899424456,179.1814500009695,2.6192913745460924,0.005316326074628157
302.5790115914998,109.18086797469655,179.26437320809953,2.6201310553802717,0.0047794439212240246
302.74535519325434,109.03660107329456,179.34718174501626,2.6208814441757955,0.004242738352528342
302.9116987950089,108.8922757646075,179.42988844469187,2.621542569141744,0.0037061950793132194
303.0780423967634,108.74789949372997,179.51250615189963,2.6221144559737066,0.003169798204751446
303.24438599851794,108.6034796799401,179.595047721579,2.6225971276034494,0.002633530429681411
303.4107296002725,108.45902372037854,179.67752601724735,2.62299060398267,0.0020973732571295286
303.577073202027,108.31453899355957,179.75995390955762,2.623294901901044,0.0015613071954784638
303.74341680378154,108.17003157696132,179.84234201660726,2.623556950968757,0.001589970788313896
303.9097604055361,108.02550237514338,179.92469190132175,2.6238238649689585,0.0016192181335264529
304.0761040072906,107.88095099792176,180.00700285459203,2.624095644213205,0.0016484671312604593
304.24244760904514,107.73637705550006,180.0892741670397,2.624372288989206,0.0016777179353880782
304.40879121079973,107.59178015863777,180.1715051289161,2.624653799610112,0.0017069706979027462
304.57513481255427,107.44715991865809,180.2536950300939,2.6249401764141957,0.001736225568888441
304.7414784143088,107.30251594745711,180.33584316005724,2.625231419764539,0.0017654826964885295
304.90782201606334,107.15784785751133,180.41794880789334,2.6255275300487,0.0017947422268748997
305.07416561781787,107.01315526188739,180.50001126228284,2.625828507678383,0.0018240043042165633
305.2405092195724,106.8684377742497,180.58202981149128,2.6261343530891113,0.0018532690706485615
305.40685282132694,106.72369500886936,180.66400374335993,2.6264450667398744,0.0018825366662405124
305.57319642308147,106.57892658063312,180.745932345297,2.626760649112791,0.0019118072289650981
305.739540024836,106.43413210505179,180.82781490426913,2.6270811007127524,0.0019410808946665641
305.90588362659054,106.28931119826926,180.90965070679192,2.627406422067068,0.001970357797028901
306.07222722834507,106.14446347707101,180.99143903892212,2.6277366137251024,0.0019996380675441935
306.2385708300996,105.99958855889324,181.0731791862486,2.6280716762579095,0.0020289218354806013
306.40491443185414,105.85468606183164,181.15487043388367,2.6284116102578583,0.0020582092278503866
306.5712580336087,105.70975560465051,181.2365120664552,2.6287564163382555,0.0020875003693777896
306.7376016353632,105.5647968067917,181.31810336809733,2.629106095132963,0.002116795382466725
306.90394523711774,105.41980928838352,181.39964362244308,2.629460647296008,0.0021460943871685428
307.0702888388723,105.27479267025014,181.48113211261537,2.6298200735011887,0.0021753975011494344
307.2366324406268,105.12974657392066,181.56256812121924,2.6301843744416775,0.0022047048396579266
307.40297604238134,104.98467062163799,181.64395093033363,2.630553550829614,0.0022340165154922
307.5693196441359,104.83956443636893,181.72527982150316,2.630927603395694,0.0022633326389671503
307.7356632458904,104.69442764181265,181.8065540757304,2.6313065328887557,0.0022926533178816043
307.90200684764494,104.54925986241058,181.88777297346783,2.6316903400753553,0.0023219786574851836
308.0683504493995,104.40406072335554,181.96893579461002,2.632079025739344,0.002351308760445169
308.234694051154,104.25882985060163,182.05004181848602,2.632472590681436,0.002380643726813188
308.40103765290854,104.11356687087344,182.1310903238515,2.6328710357187646,0.002409983653991808
308.5673812546631,103.96827141167586,182.21208058888132,2.6332743616844443,0.0024393286367010354
308.7337248564176,103.82294310130365,182.2930118911617,2.633682569427121,0.002468678766944637
308.90006845817214,103.67758156885097,182.37388350768336,2.634095659810516,0.0024980341339764438
309.0664120599267,103.53218644422185,182.4546947148337,2.6345136337129667,0.0025273948242663436
309.2327556616812,103.3867573581391,182.53544478838964,2.6349364920269593,0.0025567609214663983
309.39909926343574,103.2412939421551,182.61613300351047,2.635364235658658,0.0025861325063766326
309.5654428651903,103.0957958286609,182.696758634731,2.635796865527431,0.0026155096569108792
309.7317864669448,102.95026265089713,182.77732095595402,2.6362343825653616,0.0026448924480622893
309.89813006869934,102.80469404296343,182.8578192404439,2.6366767877167625,0.002674280951868981
310.06447367045394,102.65908963982871,182.93825276081935,2.6371240819376833,0.0027036752373793735
310.23081727220847,102.51344907734205,183.01862078904705,2.637576266195407,0.0027330753706174007
310.397160873963,102.36777199224181,183.0989225964347,2.6380333414679438,0.002762481414547837
310.56350447571754,102.2220580221668,183.17915745362478,2.638495308743525,0.0027918934290412267
310.72984807747207,102.07630680566501,183.25932463058837,2.638962169020081,0.0028213114708391285
310.8961916792266,101.93051801893635,183.33942346349446,2.639432120798867,0.002822346688582708
311.06253528098114,101.78469164462209,183.41945384474963,2.6399009545028855,0.002814584181063542
311.22887888273567,101.63882781701602,183.49941594307265,2.640368496892683,0.0028068208266581
311.3952224844902,101.49292667126528,183.5793099293503,2.6408347478293113,0.00279905664847677
311.56156608624474,101.3469883422721,183.65913597464876,2.6412997071776463,0.002791291669406777
311.7279096879993,101.20101296469413,183.73889425021247,2.641763374806355,0.002783525912112672
311.8942532897538,101.0550006729449,183.8185849274628,2.642225750587853,0.002775759399036828
312.06059689150834,100.90895160119368,183.89820817799736,2.6426868343982726,0.0027679921523999246
312.2269404932629,100.76286588336613,183.9777641735882,2.6431466261174243,0.0027602241942014613
312.3932840950174,100.61674365314433,184.05725308618105,2.643605125628757,0.0027524555462202587
312.55962769677194,100.47058504396702,184.1366750878943,2.6440623328193276,0.0027446862300149408
312.7259712985265,100.32439018903018,184.21603035101725,2.644518247579758,0.0027369162669244954
312.892314900281,100.17815922128705,184.29531904800982,2.644972869804203,0.0027291456780687458
313.05865850203554,100.03189227344843,184.3745413515005,2.6454261993903128,0.0027213744843488912
313.2250021037901,99.88558947798322,184.45369743428617,2.6458782362391933,0.0027136027064480184
313.3913457055446,99.73925096711824,184.5327874693303,2.6463289802553778,0.002705830364831633
313.55768930729914,99.59287687283917,184.61181162976197,2.64677843134678,0.00269805747974819
313.7240329090537,99.44646732689031,184.6907700888751,2.647226589424669,0.002690284071229624
313.8903765108082,99.30002246077525,184.7696630201269,2.647673454403625,0.002682510159091885
314.05672011256274,99.15354240575692,184.84849059713702,2.648119026201507,0.002674735762935475
314.2230637143173,99.00702729285823,184.9272529936866,2.648563304739417,0.0026669609021459963
314.3894073160718,98.86047725286205,185.00595038371674,2.6490062899416653,0.0026591855958946983
314.55575091782634,98.71389241631191,185.08458294132805,2.6494479817357295,0.0026514098631390155
314.7220945195809,98.5672729135121,185.16315084077883,2.649888380052227,0.0026436337226231395
314.8884381213354,98.42061887452807,185.24165425648494,2.6503274848248726,0.002635857192878546
315.05478172308995,98.27393042918683,185.3200933630177,2.650765295990448,0.002628080292224581
315.2211253248445,98.12720770707718,185.39846833510367,2.651201813488763,0.0026203030387689998
315.387468926599,97.9804508375503,185.47677934762325,2.6516370372626232,0.0026125254504085495
315.5538125283536,97.83365994971983,185.55502657560976,2.652070967257794,0.0026047475448295093
315.72015613010814,97.68683517246261,185.6332101942481,2.6525036034229634,0.0025969693395083006
315.88649973186267,97.53997663441868,185.7113303788743,2.6529349457097107,0.002589190851712016
316.0528433336172,97.39308446399184,185.78938730497399,2.6533649940724704,0.0025814120984990153
316.21918693537174,97.24615878934998,185.86738114818166,2.6537937484684946,0.002573633096719499
316.3855305371263,97.09919973842574,185.94531208427938,2.654221208857825,0.0025658538630161003
316.5518741388808,96.95220743891632,186.0231802891963,2.6546473752032513,0.0025580744138244387
316.71821774063534,96.80518201828464,186.10098593900696,2.6550722474702813,0.002550294765373739
316.8845613423899,96.65812360375894,186.1787292099311,2.6554958256271046,0.0025425149336873788
317.0509049441444,96.51103232233392,186.2564102783319,2.65591810964456,0.0025347349345835246
317.21724854589894,96.36390830077063,186.33402932071562,2.656339099496101,0.0025269547836756787
317.3835921476535,96.21675166559719,186.41158651373013,2.656758795157759,0.0025191744963733035
317.549935749408,96.06956254310904,186.4890820341645,2.6571771966081146,0.0025113940878824003
317.71627935116254,95.92234105936957,186.5665160589474,2.657594303828258,0.0025036135732061223
317.8826229529171,95.77508734021018,186.6438887651468,2.6580101168017602,0.0024958329671453516
318.0489665546716,95.62780151123121,186.7212003299685,2.6584246355146384,0.0024880522842993308
318.21531015642614,95.48048369780204,186.79845093075534,2.6588378599553177,0.002480271539066245
318.3816537581807,95.33313402506138,186.87564074498655,2.6592497901146075,0.0024724907456438257
318.5479973599352,95.18575261791835,186.9527699502765,2.6596604259856544,0.0024647099180299826
318.71434096168974,95.03833960105227,187.02983872437375,2.6600697675639253,0.0024569290700233917
318.8806845634443,94.89089509891343,187.1068472451604,2.6604778148471606,0.002449148215224107
319.0470281651988,94.74341923572365,187.18379569065095,2.660884567835346,0.0024413673670341945
319.21337176695334,94.59591213547648,187.2606842389916,2.6612900265306845,0.0024335865386583204
319.3797153687079,94.44837392193793,187.337513068459,2.6616941909375544,0.002425805743104387
319.5460589704624,94.30080471864645,187.41428235745988,2.662097061062486,0.0024180249931841343
319.71240257221694,94.15320464891408,187.49099228452968,2.662498636914121,0.0024102443015137746
319.8787461739715,94.00557383582677,187.56764302833187,2.662898918503185,0.0024024636805146144
320.045089775726,93.8579124022443,187.6442347676572,2.6632979058424517,0.0023946831424136606
320.21143337748055,93.71022047080142,187.72076768142256,2.663695598946717,0.00238690269924426
320.3777769792351,93.56249816390812,187.79724194867032,2.6640919978327577,0.0023791223628467184
320.5441205809896,93.41474560375005,187.87365774856744,2.664487102519308,0.002371342144868928
320.71046418274415,93.26696291228917,187.95001526040437,2.6648809130270186,0.0023635620567670065
320.8768077844987,93.1191502124278,188.0263146658961,2.6652732324498896,0.0023457562425805495
321.0431513862532,92.97130779166247,188.1025564663967,2.6656592557984204,0.0022955195308117433
321.2094949880078,92.82343626909285,188.17874180848588,2.666036922097476,0.0022452769393738504
321.37583858976234,92.67553630253794,188.25487191713415,2.6664062303980414,0.002195028816135076
321.5421821915169,92.52760854850234,188.33094801817086,2.6667671798083514,0.0021447755014978925
321.7085257932714,92.37965366220602,188.4069713382569,2.667119769492656,0.0020945173285612374
321.87486939502594,92.23167229761019,188.48294310486008,2.6674639986700157,0.0020442546232817254
322.0412129967805,92.08366510744337,188.55886454623007,2.667799866613131,0.001993987704635458
322.207556598535,91.93563274322825,188.6347368913739,2.6681273726471915,0.0019437168847803038
322.37390020028954,91.78757585530772,188.71056137003166,2.668446516148755,0.0018934424692184052
322.5402438020441,91.63949509287173,188.78633921265205,2.66875729654466,0.0018431647569592845
322.7065874037986,91.49139110398427,188.86207165036888,2.669059713310949,0.0017928840406832213
322.87293100555314,91.34326453561005,188.93775991497688,2.66935376597184,0.0017426006069049115
323.0392746073077,91.19511603364161,189.0134052389082,2.6696394540987054,0.0016923147361375512
323.2056182090622,91.04694624292645,189.08900885520916,2.6699167773090924,0.0016420267030572088
323.37196181081674,90.8987558072944,189.16457199751696,2.6701857352657683,0.0015917367766674353
323.5383054125713,90.7505453695849,189.2400959000364,2.6704463276757817,0.0015414452204642222
323.7046490143258,90.60231557167437,189.3155817975175,2.6706985542895687,0.0014911522926010963
323.87099261608034,90.45406705450414,189.39103092523217,2.6709424149000736,0.0014408582460546972
324.0373362178349,90.30580045810773,189.46644451895227,2.6711779093419015,0.0013905633287902364
324.2036798195894,90.15751642163892,189.54182381492686,2.671405037490505,0.001340267783927459
324.37002342134394,90.00921558339932,189.61717004985996,2.6716237992613774,0.0012899718499066182
324.5363670230985,89.86089858086655,189.69248446088872,2.671834194609307,0.00123967576065473
324.702710624853,89.71256605072199,189.76776828556126,2.6720362235276234,0.0011893797457519142
324.86905422660755,89.56421862887943,189.84302276181475,2.6722298860475,0.0011390840305980524
325.0353978283621,89.41585695051239,189.91824912795423,2.6724151822372635,0.0010887888365792274
325.2017414301166,89.2674816500833,189.99344862263032,2.672592112201748,0.0010384943812348035
325.36808503187115,89.11909336137116,190.0686224848185,2.6727606760816656,0.0009882008784241126
325.5344286336257,88.97069271750003,190.14377195379734,2.6729208740530055,0.0009379085384935065
325.7007722353802,88.82228035096774,190.21889826912755,2.673072706326467,0.0008876175684435229
325.86711583713475,88.67385689367417,190.29400267063076,2.6732161731469173,0.0008373281720960194
326.0334594388893,88.52542297694961,190.36908639836858,2.673351274792873,0.0007870405502612831
326.1998030406438,88.37697923158393,190.44415069262172,2.6734780115760177,0.0007367549009055508
326.36614664239835,88.22852628785459,190.519196793869,2.6735963838407386,0.0006864714193181192
326.5324902441529,88.08006477555563,190.59422594276717,2.673706391963699,0.000636190298278768
326.6988338459074,87.93159532402643,190.66923938012954,2.67380803635343,0.0005859117282251863
326.865177447662,87.78311856218032,190.7442383469062,2.6739013174499586,0.0005356358974202616
327.03152104941654,87.6346351185337,190.81922408416273,2.6739862357244615,0.0004853629921196285
327.1978646511711,87.48614562123436,190.8941978330604,2.6740627916789386,0.00043509319673883877
327.3642082529256,87.33765069809058,190.96916083483566,2.6741309858459266,0.00038482669402081326
327.53055185468014,87.18915097660035,191.0441143307798,2.674190818788232,0.000334563665203263
327.6968954564347,87.04064708397956,191.11905956221858,2.6742422910986967,0.00028430429018579687
327.8632390581892,86.89213964719144,191.19399777049216,2.6742854033999883,0.00023404874769730532
328.02958265994374,86.74362929297533,191.26893019693514,2.6743201563444154,0.00018379721546307916
328.1959262616983,86.59511664787533,191.34385808285612,2.674346550613782,0.0001335498703718979
328.3622698634528,86.44660233826983,191.4187826695175,2.6743645869192587,8.330688864321075e-05
328.52861346520734,86.29808699039994,191.49370519811595,2.6743742660012817,3.3068445993975416e-05
328.6949570669619,86.14957123039873,191.5686269097618,2.6743755886294878,-1.716528219439632e-05
328.8613006687164,86.00105568431994,191.64354904545934,2.6743685556026726,-6.739412070931464e-05
329.02764427047094,85.85254097816693,191.71847284608668,2.674353167748773,-0.0001176178943403505
329.1939878722255,85.70402773792173,191.79339955237592,2.674329425924882,-0.00016783642771267353
329.36033147398,85.55551658957403,191.86833040489265,2.674297331017293,-0.00021804954512054113
329.52667507573454,85.40700815914953,191.94326664401646,2.6742568839415615,-0.0002682570703612386
329.6930186774891,85.25850307273967,192.01820950992055,2.6742080856426114,-0.00031845882656862646
329.8593622792436,85.1100019565296,192.0931602425521,2.674150937094849,-0.0003686546360474755
330.02570588099815,84.96150543682762,192.16812008161145,2.6740854393023223,-0.00041884432010735965
330.1920494827527,84.81301414009359,192.24309026653282,2.6740115932988964,-0.0004690276988971956
330.3583930845072,84.66452869296786,192.3180720364637,2.6739294001484613,-0.0005192045912396239
330.52473668626175,84.51604972246028,192.3930666301638,2.6738388609452715,-0.0005693748144116481
330.6910802880163,84.36757690351028,192.46807340229492,2.6737800587507863,-0.00011213328949045295
330.8574238897708,84.2191054835405,192.54308294365995,2.673801665184964,0.00037190788946439785
331.02376749152535,84.07062942351145,192.61808329979655,2.6739037862972497,0.0008559229272441622
331.1901110932799,83.9221426867759,192.6930625154947,2.6740864195394174,0.0013399334355577506
331.3564546950344,83.77363924184996,192.76800863307835,2.6743495659379555,0.0018239607578851068
331.52279829678895,83.62511306503616,192.84290969042365,2.6746932300371533,0.0023080258215199038
331.6891418985435,83.47655814305412,192.9177537189888,2.6751174198175462,0.002792148989434674
331.855485500298,83.32796847568223,192.99252874186274,2.675622146589708,0.0032763499118795706
332.02182910205255,83.17933807841293,193.06722277183508,2.676207424863332,0.0037606473776235637
332.1881727038071,83.03066098512478,193.14182380949308,2.676873272191518,0.004245059164759252
332.3545163055617,82.88193125077397,193.21631984135018,2.6776197089902194,0.004729601890993881
332.5208599073162,82.73314295410903,193.29069883800975,2.6784467583327185,0.005214290863359373
332.68720350907074,82.58429020040988,193.3649487523702,2.679354445719066,0.005699139927286612
332.8535471108253,82.43536712425556,193.43905751787554,2.680342798820357,0.0061841613149941745
333.0198907125798,82.28636789232301,193.51301304681573,2.6814118471977135,0.006669365493155723
333.18623431433434,82.13728670621843,193.58680322868295,2.6825616219958874,0.00715476100982763
333.3525779160889,81.98811780534477,193.66041592858727,2.683792155611318,0.007640354340625886
333.5189215178434,81.83885546980788,193.73383898573823,2.685103481334558,0.008126149734161392
333.68526511959794,81.68949402336223,193.80706021199705,2.6864956329669107,0.008612149056761161
333.8516087213525,81.54002783639969,193.88006739050357,2.6879686444112023,0.00909835163651678
334.017952323107,81.3904513289832,193.95284827438516,2.6895225492365373,0.009584754106723803
334.18429592486154,81.2407589739262,194.02539058555155,2.691157380216989,0.010071350248800919
334.3506395266161,81.09094529992062,194.0976820135818,2.692873168844102,0.010558130834792059
334.5169831283706,80.94100489471447,194.16971021470889,2.694669944813196,0.01104508346958719
334.68332673012515,80.79093240834068,194.2414628109071,2.6965477354833807,0.011532192433015702
334.8496703318797,80.64072255639707,194.31292738908957,2.698506565311341,0.012019438522002858
335.0160139336342,80.49037012338097,194.3840915004193,2.7005464552588503,0.012506798892992142
335.18235753538875,80.33986996607639,194.45494265974224,2.7026674221741374,0.012994246904886418
335.3487011371433,80.18921701699578,194.52546834514698,2.7048694781471774,0.013481751962774029
335.5150447388978,80.0384062878766,194.59565599765742,2.7071526298390776,0.013969279362746842
335.68138834065235,79.88743287323227,194.66549302106472,2.7095168777857523,0.014456790138148115
335.8477319424069,79.73629195395645,194.73496678190511,2.7119622156761913,0.01494424090762692
336.0140755441614,79.58497880098241,194.80406460958898,2.7144886296056043,0.015431583725398441
336.18041914591595,79.43348877899327,194.87277379668836,2.7170960973038873,0.01591876593416433
336.3467627476705,79.28181735018468,194.94108159938952,2.7197845873398787,0.016405730021166815
336.513106349425,79.12996007807723,195.00897523811494,2.722554058301946,0.016892413477895794
336.67944995117955,78.9779126313758,195.07644189832382,2.7254044579556123,0.017378748664008962
336.8457935529341,78.82567078787491,195.14346873149577,2.7283357223789118,0.017864662676053928
337.0121371546886,78.67323043840749,195.2100428563038,2.731347775076351,0.018350077221622043
337.17848075644315,78.52058759087693,195.27615135996408,2.734440526071525,0.0188349084994664
337.3448243581977,78.36773886073912,195.3417824347922,2.7375872187501384,0.018935625112273168
337.5111679599522,78.2146841663408,195.40693174706306,2.740739146155848,0.018961003585451962
337.67751156170675,78.06142474985919,195.47159799458603,2.743895316236932,0.018986635719517374
337.8438551634613,77.90796186226588,195.53577987974123,2.747055771001566,0.01901251926454763
338.0101987652159,77.75429676009358,195.59947610071129,2.7502205520810064,0.019038651938442563
338.1765423669704,77.60043070555142,195.66268535154836,2.753389700724175,0.019065031426339096
338.34288596872494,77.44636496663945,195.72540632224303,2.756563257792167,0.019091655380027127
338.5092295704795,77.29210081726305,195.78763769879492,2.7597412637526553,0.019118521417365586
338.675573172234,77.13763953734731,195.84937816328548,2.762923758674196,0.019145627121699104
338.84191677398854,76.98298241295095,195.91062639395278,2.766110782220437,0.019172970041275453
339.0082603757431,76.82813073637989,195.9713810652681,2.7693023736442335,0.019200547688664298
339.1746039774976,76.67308580630062,196.03164084801477,2.772498571781669,0.01922835754017714
339.34094757925214,76.51784892785332,196.0914044093688,2.775699415045967,0.019256397035289002
339.5072911810067,76.36242141276439,196.1506704129818,2.778904941421322,0.01928466357606196
339.6736347827612,76.20680457945876,196.2094375190662,2.782115188456631,0.01931315452657118
339.83997838451575,76.05099975317198,196.26770438448136,2.7853301932591137,0.019341867212333174
340.0063219862703,75.89500826606141,196.3254696628237,2.7885499924878685,0.019370798919737187
340.1726655880248,75.73883145731753,196.38273200451746,2.791774622347303,0.019399946895479598
340.33900918977935,75.58247067327409,196.43949005690794,2.7950041185804917,0.019429308346002074
340.5053527915339,75.42592726751859,196.4957424643575,2.798238516462435,0.019458880436933255
340.6716963932884,75.26920260100145,196.55148786834295,2.801477850793219,0.019488660292535015
340.83803999504295,75.11229804214551,196.60672490755576,2.804722155891085,0.019518644995152937
341.0043835967975,74.95521496695385,196.66145221800414,2.8079714655854255,0.019548831584672084
341.170727198552,74.79795475911799,196.71566843311754,2.8112258132096617,0.019579217057977785
341.33707080030655,74.64051881012482,196.76937218385316,2.814485231594057,0.019609798368422363
341.5034144020611,74.4829085193632,196.82256209880512,2.8177497530584246,0.01964057242529779
341.6697580038156,74.32512529422989,196.87523680431576,2.8210194094047587,0.01967153609331487
341.83610160557015,74.16717055023457,196.9273949245889,2.8242942319097715,0.0197026861920894
342.0024452073247,74.0090457111039,196.97903508180593,2.82757425131736,0.019734019495635722
342.1687888090792,73.85075220888544,197.03015589624405,2.8308594978309625,0.019765532731867784
342.33513241083375,73.69229148405046,197.0807559863968,2.834150001105863,0.019797222582108667
342.5014760125883,73.53366498559504,197.1308339690971,2.8374457902414,0.019829085680608722
342.6678196143428,73.3748741711421,197.1803884596422,2.840746893773086,0.019861118614072613
342.83416321609735,73.2159205070406,197.22941807192194,2.844053339664672,0.019893317921196255
343.0005068178519,73.05680546846497,197.27792141854832,2.8473651553001194,0.019925680092213554
343.1668504196064,72.89753053951358,197.32589711098856,2.850682367475491,0.019958201568453706
343.33319402136095,72.73809721330491,197.37334375969957,2.8540050023908066,0.019990878741909725
343.49953762311554,72.57850699207431,197.4202599742656,2.8573330856417716,0.020023707954818257
343.6658812248701,72.41876138726859,197.46664436353825,2.860666642211484,0.020056685499251523
343.8322248266246,72.25886191964011,197.51249553577827,2.864005696462047,0.02008980761672179
343.99856842837914,72.09881011904575,197.55781209723122,2.8673503204617745,0.020124059468939682
344.1649120301337,71.93860751760832,197.60259262951843,2.8707007592326015,0.020159365276456377
344.3312556318882,71.77825565096406,197.64683568950923,2.8740571086747266,0.020195124807514515
344.49759923364275,71.6177560623363,197.6905398249782,2.877419444029462,0.020231335256975073
344.6639428353973,71.4571103029949,197.7337035750965,2.8807878400678195,0.02026799377514592
344.8302864371518,71.2963199324532,197.77632547053003,2.884162371082974,0.020305097466181216
344.99663003890635,71.13538651866482,197.81840403354116,2.887543110882434,0.020342643386470478
345.1629736406609,70.97431163822,197.85993777809338,2.8909301327799826,0.020380628543017545
345.3293172424154,70.81309687654256,197.90092520995913,2.8943235095873057,0.020419049891809465
345.49566084416995,70.65174382808482,197.94136482683157,2.8977233136053933,0.020457904336176166
345.6620044459245,70.49025409652477,197.981255118438,2.90112961661562,0.020497188725140485
345.828348047679,70.32862929496059,198.02059456665833,2.9045424898705843,0.020536899851759754
345.99469164943355,70.16687104610612,198.05938164564606,2.907962004084667,0.02057703445145864
346.1610352511881,70.00498098248568,198.0976148219528,2.9113882294242917,0.020617589200354097
346.3273788529426,69.84296074662812,198.1352925546565,2.9148212354979304,0.020658560713572777
346.49372245469715,69.68081199126132,198.17241329549293,2.918261091345812,0.020699945543561072
346.6600660564517,69.5185363795051,198.20897548899114,2.9217078654293545,0.020741740178388864
346.8264096582062,69.35613558506451,198.24497757261224,2.9251616256203166,0.020783941040047115
346.99275325996075,69.19361129242176,198.28041797689212,2.9286224391896667,0.02082654448273994
347.1590968617153,69.03096519702831,198.31529512558794,2.932090372796159,0.02086954679117178
347.3254404634698,68.86819900549597,198.3496074358282,2.935565492474634,0.020912944178830474
347.49178406522435,68.70531443578696,198.383353318267,2.9390478636240287,0.02095673278626665
347.6581276669789,68.54231321740392,198.41653117724226,2.9425375509950964,0.021000908679370277
347.8244712687334,68.37919709157846,198.4491394109375,2.946034618677853,0.02104546784764509
347.99081487048795,68.21596781145948,198.48117641154838,2.949539130088713,0.02109040620248182
348.1571584722425,68.05262714230003,198.51264056545247,2.9530511479573667,0.021135719575430693
348.323502073997,67.88917686164339,198.5435302533839,2.956570734313347,0.02118140371647448
348.48984567575155,67.72561875950832,198.57384385061195,2.9600979504723206,0.021227454292302664
348.6561892775061,67.56195463857317,198.603579727124,2.9636328570220867,0.021273866884587763
348.8225328792606,67.39818631435833,198.6327362478124,2.9671755138083,0.021320636988264946
348.98887648101515,67.23431561540863,198.66131177266647,2.9707259799198855,0.021367760009815554
349.15522008276974,67.07034438347316,198.6893046569679,2.974284313674193,0.02141523126555612
349.3215636845243,66.90627447368477,198.71671325149185,2.977850572601854,0.02146304597993346
349.4879072862788,66.74210775473712,198.7435359027113,2.9814248134313637,0.021511199283827522
349.65425088803335,66.57784610906182,198.7697709530069,2.98500709207336,0.021559686212862396
349.8205944897879,66.41349143300211,198.79541674088122,2.988597463604661,0.02160850170572773
349.9869380915424,66.24904563698654,198.8204716011771,2.9921959822519852,0.021657640602510894
350.15328169329695,66.08451064569996,198.8449338653017,2.995802701375414,0.021707097643041726
350.3196252950515,65.91988839825304,198.86880186145424,2.999417673451589,0.021756867465251212
350.485968896806,65.75518084835022,198.8920739148596,3.003040950056607,0.02180694460354508
350.65231249856055,65.59038996445466,198.9147483480058,3.00667258184869,0.021857323487194512
350.8186561003151,65.42551772995303,198.93682348088683,3.0103126185505342,0.02190799843874442
350.9849997020696,65.26056614331593,198.95829763125064,3.013961108931456,0.02195896367244213
351.15134330382415,65.09553721825779,198.97916911485152,3.0176181007892247,0.022010213292686775
351.3176869055787,64.93043298389382,198.99943624570793,3.021283640931676,0.022061741292501956
351.4840305073332,64.76525548489427,199.01909733636495,3.0249577751580548,0.022113541552032972
351.65037410908775,64.60000678163698,199.0381506981623,3.028640548240115,0.022165607837070164
351.8167177108423,64.43468895035636,199.05659464150688,3.0323320039029795,0.022217933797600817
351.9830613125968,64.26930408329045,199.07442747615121,3.0360321848057605,0.02227051296639055
352.14940491435135,64.10385428882492,199.09164751147597,3.0397411325219332,0.02232333875759672
352.3157485161059,63.93834169163396,199.10825305677866,3.043458887519508,0.02237640446541558
352.4820921178604,63.77276843281837,199.12424242156692,3.047185489140954,0.022429703262764916
352.64843571961495,63.607136670040454,199.13961391585732,3.050920975582926,0.02248322820000459
352.8147793213695,63.441448577655564,199.1543658504793,3.054665383875774,0.022536972203696475
352.981122923124,63.27570634684087,199.1684965373842,3.058418749862838,0.022590928075406354
353.14746652487855,63.1099121857195,199.18200428995996,3.062181108179578,0.0226450884905498
353.3138101266331,62.94406831948248,199.19488742335056,3.065952492232479,0.022699445997283837
353.4801537283876,62.77817699050588,199.20714425478118,3.0697329341778046,0.02275399301544711
353.64649733014215,62.61224045846459,199.2187731038885,3.073522464900165,0.02280872183555052
353.8128409318967,62.44626100044248,199.22977229305624,3.077321113990921,0.022863624617820384
353.9791845336512,62.28024091103757,199.24014014775594,3.0811289097264414,0.02291869339129719
354.14552813540575,62.11418250246398,199.24987499689308,3.084945879046204,0.022973920052991235
354.3118717371603,61.9480881046492,199.25897517315855,3.088772047530769,0.02302929636709835
354.4782153389148,61.781960065326544,199.26743901338546,3.0926074393796315,0.0230848139642779
354.6445589406694,61.6158007501235,199.2752648589104,3.0964520773889443,0.023140464340995294
354.81090254242395,61.449612542645426,199.2824510559414,3.100305982929152,0.02319623885893154
354.9772461441785,61.28339784455424,199.2889959559295,3.1041691759225127,0.023252128744462537
355.143589745933,61.117159075641574,199.29489791594665,3.108041674820578,0.02330812508821048
355.30993334768755,60.95089867389798,199.30015529906797,3.1119234965815554,0.023364218844669646
355.4762769494421,60.78461909557609,199.30476647475984,3.1158146566476486,0.023420400831909497
355.6426205511966,60.61832281524855,199.30872981927223,3.119715168922343,0.023476661731357422
355.80896415295115,60.45201232586045,199.31204371603673,3.1236250457476658,0.023532992087663806
355.9753077547057,60.28569013877609,199.3147065560693,3.127544297881432,0.023589382308651763
356.1416513564602,60.1193587838205,199.3167167383777,3.1314729344744716,0.023645822665354185
356.30799495821475,59.95302080931411,199.31807267037408,3.135410963047894,0.023702303292140937
356.4743385599693,59.78667878551464,199.31877391685737,3.139327922638241,0.0232200148946903
356.6406821617238,59.62033528810207,199.3188327846502,-3.140056124788172,0.022483605328501573
356.80702576347835,59.453992727933674,199.31826952911075,-3.136377400535336,0.02174676153915057
356.9733693652329,59.28765328789226,199.3171045457954,-3.1328212703419145,0.021009645236367214
357.1397129669874,59.1213189294866,199.31535824457882,-3.12938776717809,0.020272402454669738
357.30605656874195,58.95499140028628,199.3130510441162,-3.1260769009917317,0.019535164048283822
357.4724001704965,58.788672241430845,199.31020336685572,-3.12288866119116,0.018798046203244767
357.638743772251,58.62236279519825,199.30683563458473,-3.1198230190415153,0.018061150963525955
357.80508737400555,58.45606421261774,199.30296826448975,-3.1168799299726517,0.017324566768302817
357.9714309757601,58.289777461113594,199.29862166571178,-3.114059335796915,0.016588368997728982
358.1377745775146,58.12350333216755,199.29381623637593,-3.1113611668355925,0.015852620524864015
358.30411817926915,57.957242448990094,199.28857236107734,-3.1087853439531914,0.015117372271647828
358.4704617810237,57.79099527419017,199.28291040880083,-3.106331780499023,0.014382663767057664
358.6368053827782,57.62476211743651,199.27685073125613,-3.104000384155883,0.013648523705826312
358.80314898453275,57.45854314310242,199.2704136616067,-3.1017910586958335,0.012914970506314342
358.9694925862873,57.29233837788943,199.26361951357242,-3.0997037056433503,0.012182012866354773
359.1358361880418,57.126147718424335,199.25648858088582,-3.0977382258462387,0.01144965031607788
359.30217978979636,56.95997093882636,199.24904113708186,-3.0958945209549067,0.01071787376692356
359.4685233915509,56.79380769824174,199.24129743560027,-3.094172494810668,0.009986666056220141
359.6348669933054,56.62765754834381,199.23327771018165,-3.092572054743864,0.009256002486876814
359.80121059505996,56.46151994079651,199.22500217553682,-3.091093112782632,0.008525851361884839
359.9675541968145,56.29539423468426,199.2164910282704,-3.089735586773218,0.007796174513483933
360.133897798569,56.12927970390408,199.2077644480387,-3.088499401412701,0.007066927826946907
360.3002414003236,55.96317554452473,199.19884259892345,-3.0873844891950353,0.006338061759091705
360.46658500207815,55.79708088211364,199.1897456310021,-3.0863907912712714,0.0056095218517183375
360.6329286038327,55.630994779032335,199.18049368209603,-3.085518258224764,0.004881249240264341
360.7992722055872,55.4649162417053,199.17110687967815,-3.0847668507621457,0.004153181158076946
360.96561580734175,55.29884422786427,199.16160534292175,-3.0841365403207495,0.0034252514367649587
361.1319594090963,55.13277765377152,199.1520091848723,-3.0836273095930875,0.0026973910031661084
361.2983030108508,54.966715401425894,199.14233851472366,-3.0832391529689067,0.001969528373527275
361.46464661260535,54.80065632575678,199.13261344018207,-3.082972076895225,0.0012415901455493758
361.6309902143599,54.634599261808596,199.12285406989844,-3.0828261001546515,0.0005135014889803812
361.7973338161144,54.46854303192294,199.11308051595282,-3.082801254062166,-0.00021481336450740446
361.96367741786895,54.302486453088385,199.1033128917971,-3.0828968206365,-0.0008588580318308263
362.1300210196235,54.13642863017247,199.09356644352425,-3.083035362702111,-0.0008068702492441265
362.296364621378,53.97036950060174,199.08384228316595,-3.0831652543020804,-0.0007548510631908258
362.46270822313255,53.804309151319465,199.07413897396987,-3.0832864903251345,-0.0007028018260694641
362.6290518248871,53.6382476687823,199.0644550783219,-3.0833990658849273,-0.0006507238899450711
362.7953954266416,53.47218513898855,199.05478915778554,-3.0835029763200006,-0.0005986186066317978
362.96173902839615,53.30612164751322,199.04513977314136,-3.083598217193744,-0.0005464873277785204
363.1280826301507,53.14005727954319,199.0355054844266,-3.0836847842943804,-0.0004943314049552712
363.2944262319052,52.973992119912005,199.02588485097507,-3.083762673634954,-0.00044215218974037756
363.46076983365975,52.80792625313508,199.0162764314561,-3.0838318814533454,-0.0003899510338083505
363.6271134354143,52.641859763444735,199.00667878391482,-3.0838924042122895,-0.0003377292890184161
363.7934570371688,52.47579273482569,198.99709046581094,-3.0839442385994165,-0.00028548830750381286
363.95980063892335,52.30972525104999,198.987510034059,-3.083987381527304,-0.000233229441761364
364.1261442406779,52.14365739571276,198.97793604506754,-3.0840218301335462,-0.0001809540447418641
364.2924878424324,51.97758925226727,198.9683670547786,-3.0840475817808355,-0.0001286634699406725
364.45883144418696,51.81152090406042,198.95880161870764,-3.0840646340570608,-7.635907148874746e-05
364.6251750459415,51.645452434368835,198.94923829198274,-3.084072984775422,-2.404220424424022e-05
364.791518647696,51.479383926433535,198.93967562938448,-3.0840726319745566,2.8285776116089888e-05
364.95786224945056,51.313315463495826,198.93011218538533,-3.0840635739186864,8.062351300494193e-05
365.1242058512051,51.14724712883322,198.92054651418954,-3.0840458090977734,0.00013296964883232292
365.2905494529596,50.98117900579449,198.91097716977262,-3.0840193362276964,0.0001853228249136311
365.45689305471416,50.8151111778357,198.9014027059211,-3.08398415425044,0.00023768168137734526
365.6232366564687,50.64904372855578,198.8918216762724,-3.0839402623342997,0.0002900448570729752
365.7895802582232,50.48297674173201,198.88223263435455,-3.083887659874103,0.00034241098947903806
365.9559238599778,50.3169103013556,198.87263413362587,-3.083826346491444,0.0003947787146111746
366.12226746173235,50.15084449166799,198.86302472751518,-3.0837563220349353,0.00044714666693029353
366.2886110634869,49.98477939719543,198.85340296946134,-3.083677586580473,0.0004995134792514189
366.4549546652414,49.81871510278555,198.8437674129537,-3.083590140431519,0.0005518777826523302
366.62129826699595,49.652651693642106,198.83411661157183,-3.0834939841193987,0.0006042382063830693
366.7876418687505,49.48658925536136,198.82444911902562,-3.08338911840361,0.0006565933777754065
366.953985470505,49.32052787396714,198.81476348919574,-3.0832755442721513,0.0007089419221532076
367.12032907225955,49.1544676359462,198.80505827617375,-3.0831532629418628,0.0007612824627432508
367.2866726740141,48.98840862828422,198.7953320343023,-3.0830222758587835,0.0008136136205864481
367.4530162757686,48.82235093850082,198.7855833182159,-3.08288258469852,0.000865934014450056
367.61935987752315,48.65629465468479,198.7758106828811,-3.0827341913666344,0.0009182422607404906
367.7857034792777,48.49023986522859,198.76601268792177,-3.08257743394033,0.0009530190592310097
367.9520470810322,48.32418662173935,198.75618852798428,-3.0824208753630797,0.0009293330414029908
368.11839068278675,48.158134898929994,198.7463386982184,-3.0822682565831476,0.0009056496654916102
368.2847342845413,47.99208466186485,198.73646385302732,-3.082119577163884,0.0008819688975309068
368.4510778862958,47.82603587531695,198.72656464672542,-3.081974836674343,0.000858290702893555
368.61742148805035,47.659988503775665,198.71664173353918,-3.0818340346893938,0.0008346150463086204
368.7837650898049,47.49394251145436,198.70669576760886,-3.081697170789825,0.0008109418918792777
368.9501086915594,47.32789786229831,198.69672740298972,-3.081564244562447,0.0007872712031005557
369.11645229331396,47.161854519992154,198.68673729365335,-3.081435255600191,0.0007636029428769885
369.2827958950685,46.99581244796768,198.6767260934894,-3.0813102035022086,0.000739937073540298
369.449139496823,46.82977160941149,198.66669445630677,-3.081189087873961,0.00071627355686704
369.61548309857756,46.663731967272874,198.65664303583497,-3.081071908327316,0.000692612354096271
369.7818267003321,46.49769348427122,198.64657248572587,-3.0809586644806295,0.0006689534259471007
369.9481703020866,46.33165612290385,198.63648345955517,-3.0808493559588346,0.0006452967326363176
370.11451390384116,46.16561984545394,198.62637661082368,-3.080743982393523,0.0006216422338960012
370.2808575055957,45.99958461399766,198.61625259295917,-3.080642543423024,0.000597989888990984
370.4472011073502,45.833550390412185,198.60611205931755,-3.08054503869248,0.0005743396567364554
370.61354470910476,45.66751713638335,198.59595566318484,-3.08045146785392,0.0005506914955154759
370.7798883108593,45.501484813413406,198.58578405777845,-3.080361830566332,0.0005270453632964746
370.9462319126138,45.33545338282842,198.57559789624895,-3.0802761264957272,0.0005034012176507234
371.11257551436836,45.169422805785935,198.5653978316817,-3.080194355315207,0.0004797590157697905
371.2789191161229,45.00339304328285,198.55518451709818,-3.0801165167050253,0.0004561187144830351
371.4452627178775,44.83736405616299,198.5449586054581,-3.0800426103526437,0.00043248027027502454
371.611606319632,44.671335805124876,198.53472074966064,-3.079972635952792,0.000408843639302988
371.77794992138655,44.50530825072889,198.52447160254636,-3.0799065932075176,0.00038520877741414185
371.9442935231411,44.33928135340549,198.51421181689878,-3.079844481826237,0.00036157564016318493
372.1106371248956,44.17325507346264,198.50394204544608,-3.079786301525785,0.0003379441828296295
372.27698072665015,44.00722937109303,198.4936629408629,-3.0797320520304545,0.00031431436043512435
372.4433243284047,43.84120420638258,198.48337515577168,-3.079681733072041,0.0002906861277609279
372.6096679301592,43.675179539317135,198.47307934274497,-3.0796353443898825,0.00026705943936512517
372.77601153191375,43.50915532979097,198.46277615430654,-3.0795928857308916,0.00024343424960007225
372.9423551336683,43.34313153761364,198.4524662429337,-3.07955435684959,0.00021981051262961253
373.1086987354228,43.17710812251793,198.4421502610584,-3.0795197575081388,0.00019618818244643903
373.27504233717735,43.0110850441676,198.4318288610695,-3.079489087476366,0.00017256721288940206
373.4413859389319,42.845062262164845,198.42150269531422,-3.0794623465317885,0.00014894755766077376
373.6077295406864,42.67903973605799,198.41117241610021,-3.079439534459635,0.00012532917034355055
373.77407314244095,42.51301742534887,198.4008386756968,-3.0794206510528648,0.00010171200441868107
373.9404167441955,42.34699528950087,198.39050212633717,-3.079405696112182,7.80960132823964e-05
374.10676034595,42.18097328794605,198.38016342022007,-3.079394669446049,5.448115026339117e-05
374.27310394770456,42.01495138009336,198.36982320951134,-3.0793875708706957,3.086736864015951e-05
374.4394475494591,41.84892952533548,198.3594821463461,-3.079384400210128,7.25462165812814e-06
374.6057911512136,41.68290768305683,198.34914088283008,-3.0793851572961284,-1.635713745305184e-05
374.77213475296816,41.516885812641576,198.3388000710416,-3.079389841968262,-3.99679554622203e-05
374.9384783547227,41.35086387348049,198.32846036303334,-3.0793984540738712,-6.357787911958932e-05
375.1048219564772,41.18484182497888,198.31812241083426,-3.079410993468072,-8.718695513947558e-05
375.27116555823176,41.01881962656437,198.30778686645087,-3.079427460013747,-0.00011079523018306049
375.4375091599863,40.852797237694226,198.2974543818696,-3.079447853581535,-0.00013440275084122548
375.6038527617408,40.686774617862916,198.2871256090581,-3.079472174049818,-0.00015800956361733387
375.77019636349536,40.52075172661029,198.27680119996737,-3.079500421304705,-0.00018161571490996035
375.9365399652499,40.354728523528316,198.26648180653322,-3.079532595240013,-0.00020522125099580132
376.1028835670044,40.18870496826936,198.2561680806781,-3.079568695757246,-0.00022882621801237525
376.26922716875896,40.02268102055325,198.24586067431304,-3.0796087227655695,-0.00025243066194090416
376.4355707705135,39.85665664017543,198.23556023933907,-3.0796526761817837,-0.0002760346285890339
376.601914372268,39.69063178701414,198.22526742764927,-3.079700555930293,-0.0002996381635736902
376.76825797402256,39.52460642103816,198.2149828911302,-3.079752361943072,-0.0003232413123038598
376.9346015757771,39.358580502314425,198.20470728166393,-3.0798080941596315,-0.0003468441199633976
377.1009451775317,39.1925539910156,198.19444125112943,-3.0798677525269778,-0.000370446631493806
377.2672887792862,39.02652684742773,198.1841854514046,-3.079931336999572,-0.00039404889157705256
377.43363238104075,38.86049903195784,198.1739405343677,-3.0799988475392843,-0.0004176509446183448
377.5999759827953,38.69447050514128,198.16370715189913,-3.0800702841153482,-0.00044125283472896525
377.7663195845498,38.52844122764961,198.15348595588316,-3.080145646704308,-0.0004648546057090164
377.93266318630435,38.362411160298336,198.14327759820955,-3.0802249352899675,-0.0004884563010301941
378.0990067880589,38.196380264054035,198.1330827307752,-3.080308149863334,-0.0005120579638186289
378.2653503898134,38.03034850004227,198.12290200548568,-3.080395290422556,-0.0005356596368376227
378.43169399156795,37.86431582955545,198.11273607425716,-3.0804863569728673,-0.0005592613624703871
378.5980375933225,37.69828221405985,198.1025855890176,-3.0805813495265175,-0.0005828631827028821
378.764381195077,37.53224761520348,198.09245120170868,-3.0806802681027055,-0.0006064651391065561
378.93072479683156,37.36621199482398,198.0823335642873,-3.0807831127275103,-0.0006300672728210446
379.0970683985861,37.20017531495579,198.07223332872704,-3.080889883433817,-0.0006536696245369901
379.2634120003406,37.0341375378381,198.0621511470198,-3.0810005802612417,-0.000677272234478736
379.42975560209516,36.86809862592222,198.05208767117742,-3.0811152032560503,-0.0007008751423870826
379.5960992038497,36.70205854187922,198.04204355323296,-3.081233752471078,-0.0007244783875020309
379.7624428056042,36.53601724860787,198.03201944524244,-3.0813562279656455,-0.0007480820085454328
379.92878640735876,36.36997470924192,198.0220159992861,-3.0814826298054694,-0.0007716860437037604
380.0951300091133,36.20393088715771,198.01203386747014,-3.0816129580625726,-0.0007952905306108135
380.2614736108678,36.03788574598201,198.0020737019278,-3.081747212815192,-0.0008188955063303602
380.42781721262236,35.87183924959962,197.9921361548211,-3.0818853941476805,-0.0008425010073388454
380.5941608143769,35.70579136216071,197.98222187834207,-3.082027502150408,-0.0008661070695080905
380.7605044161314,35.539742048089124,197.97233152471426,-3.082173536919661,-0.0008897137280878654
380.92684801788596,35.37369127208899,197.96246574619383,-3.082323498557536,-0.000913321017688681
381.0931916196405,35.20763899915345,197.9526251950712,-3.0824773871718327,-0.0009369289722642785
381.259535221395,35.04158519457148,197.94281052367208,-3.0826352028759425,-0.0009605376250943697
381.42587882314956,34.87552982393602,197.93302238435902,-3.0827969457887368,-0.000984147008767198
381.5922224249041,34.709472853151325,197.92326142953237,-3.0829626160344468,-0.001007757155162173
381.7585660266586,34.543414248440854,197.91352831163184,-3.083132213742548,-0.0010313680954324412
381.92490962841316,34.37735397635474,197.90382368313746,-3.0833057390476366,-0.0010549798599874892
382.0912532301677,34.21129200377741,197.89414819657077,-3.0834831920893038,-0.0010785924784757304
382.2575968319222,34.04522829793562,197.88450250449614,-3.083664573012008,-0.0011022059797669904
382.42394043367676,33.87916282640559,197.8748872595217,-3.083849881964943,-0.0011258203919351506
382.59028403543135,33.71309555712102,197.86530311430064,-3.0840391191019076,-0.0011494357422406152
382.7566276371859,33.54702645838089,197.85575072153202,-3.0842322845811636,-0.0011730520571128203
382.9229712389404,33.380955498856515,197.846230733962,-3.0844293785653005,-0.0011966693621328264
383.08931484069495,33.21488264760002,197.8367438043848,-3.084630401221091,-0.0012202876820157052
383.2556584424495,33.048807874051306,197.8272905856437,-3.0848353527193453,-0.001243907040593113
383.422002044204,32.88273114804625,197.81787173063188,-3.0850442332347634,-0.0012675274607956905
383.58834564595855,32.716652439824024,197.8084878922933,-3.0852570429457837,-0.0012911489646355691
383.7546892477131,32.55057172003503,197.79913972362385,-3.0854737820344287,-0.0013147715731887822
383.9210328494676,32.38448895974873,197.78982787767194,-3.085694450686147,-0.0013383953065776622
384.08737645122216,32.21840413046075,197.78055300753925,-3.085919049089654,-0.0013620201839533504
384.2537200529767,32.05231720410124,197.77131576638183,-3.0861475774367704,-0.001385646223478099
384.4200636547312,31.886228153042264,197.76211680741034,-3.0863800359222515,-0.0014092734423077043
384.58640725648576,31.720136950105577,197.7529567838914,-3.0866164247436245,-0.001432901856573872
384.7527508582403,31.55404356857024,197.74383634914759,-3.0868567441010115,-0.0014565314813665944
384.9190944599948,31.387947982180336,197.7347561565584,-3.0871009941969576,-0.0014801623307164904
385.08543806174936,31.221850165152972,197.725716859561,-3.0873491752362536,-0.0015037944175771167
385.2517816635039,31.055750092185622,197.71671911165035,-3.087601287425752,-0.0015274277538073191
385.4181252652584,30.889647738464152,197.70776356638004,-3.0878573309741877,-0.0015510623501535255
385.58446886701296,30.723543079670335,197.69885087736267,-3.088117306091988,-0.0015746982162320568
385.7508124687675,30.557436091989803,197.6899816982702,-3.0883812129910857,-0.001598335360511385
385.917156070522,30.39132675211963,197.68115668283426,-3.0886490518847243,-0.001621973790294428
386.08349967227656,30.225215037276175,197.672376484847,-3.0889208229872653,-0.0016456135117007946
386.2498432740311,30.059100925202504,197.66364175816048,-3.089196526513988,-0.0016692545296490794
386.4161868757856,29.89298439417669,197.654953156688,-3.089476162680888,-0.0016928968478390188
386.58253047754016,29.726865423019248,197.64631133440335,-3.089759731704475,-0.0017165404687337668
386.7488740792947,29.560743991100914,197.63771694534165,-3.0900472338015637,-0.001740185393542109
386.9152176810492,29.39462007835052,197.62917064359905,-3.0903386691890637,-0.001763831622200638
387.08156128280376,29.22849366526228,197.62067308333306,-3.0906340380837687,-0.0017874791533560302
387.2479048845583,29.062364732904495,197.61222491876248,-3.0909333407021364,-0.0018111279843470917
387.41424848631283,28.896233262926376,197.60382680416737,-3.0912365772600743,-0.00183477811118707
387.58059208806736,28.730099237566485,197.59547939388892,-3.0915437479727137,-0.0018584295285457232
387.7469356898219,28.56396263966017,197.58718334232967,-3.091854853054186,-0.001882082229731534
387.91327929157643,28.397823452647298,197.57893930395278,-3.0921698927173966,-0.0019057362066738617
388.07962289333096,28.23168166058039,197.57074793328232,-3.0924888671737913,-0.0019293914499050387
388.24596649508555,28.065537248132106,197.56260988490277,-3.092811776633124,-0.0019530479485425495
388.4123100968401,27.899390200603165,197.55452581345872,-3.0931386213032184,-0.0019767056902711476
388.5786536985946,27.7332405039302,197.54649637365452,-3.093469401389731,-0.0020003646613249654
388.74499730034916,27.567088144693372,197.53852222025387,-3.093804117095906,-0.002024024846469671
388.9113409021037,27.400933110124342,197.5306040080793,-3.094142768622328,-0.0020476862289845513
389.0776845038582,27.23477538811388,197.5227423920119,-3.0944853561666794,-0.00207134879064466
389.24402810561276,27.06861496721997,197.51493802699008,-3.0948318799234813,-0.0020950125117028743
389.4103717073673,26.902451836675464,197.50719156800972,-3.0951823400838427,-0.0021186773708720442
389.5767153091218,26.736285986395735,197.4995036701231,-3.0955367368352036,-0.0021423433453071072
389.74305891087636,26.570117406986785,197.49187498843787,-3.095895070361072,-0.0021660104105871605
389.9094025126309,26.403946089753003,197.4843061781169,-3.096257340840762,-0.002189678540697577
390.0757461143854,26.237772026704757,197.47679789437692,-3.0966235484491254,-0.0022133477080121416
390.24208971613996,26.071595210566457,197.46935079248755,-3.096993693356284,-0.00223701788327514
390.4084333178945,25.90541563478425,197.46196552777076,-3.097367775727357,-0.0022606890355834773
390.574776919649,25.739233293533996,197.4546427555994,-3.0977457957221843,-0.0022843611323687917
390.74112052140356,25.57304818172905,197.44738313139635,-3.0981277534950475,-0.00230803413937957
390.9074641231581,25.406860295027776,197.44018731063315,-3.098513649194391,-0.0023317080206633365
391.0738077249126,25.240669629842003,197.43305594882895,-3.0989034829625357,-0.0023553827385486945
391.24015132666716,25.07447618334433,197.42598970154916,-3.0992972549353905,-0.0023790582536275524
391.4064949284217,24.90827995347618,197.418989224404,-3.0996949652421653,-0.0024027345247372447
391.5728385301762,24.742080938955535,197.41205517304726,-3.1000966140050745,-0.002426411508942723
391.73918213193076,24.575879139284925,197.4051882031748,-3.100502201339042,-0.0024500891615187015
391.9055257336853,24.409674554759114,197.3983889705226,-3.100911727351402,-0.002473767435931881
392.0718693354398,24.243467186473136,197.39165813086595,-3.1013251921415974,-0.0024974462838231294
392.23821293719436,24.07725703632987,197.38499634001693,-3.101742595800872,-0.0025211256549897295
392.4045565389489,23.911044107048117,197.37840425382325,-3.102163938411965,-0.002544805497367604
392.57090014070343,23.74482840217022,197.37188252816608,-3.1025892200487992,-0.0025684857570135995
392.73724374245796,23.57860992607014,197.36543181895848,-3.1030184407761676,-0.0025921663780877234
392.9035873442125,23.41238868396104,197.359052782143,-3.1034516006494135,-0.0026158473028354994
393.06993094596703,23.246164681903284,197.35274607369027,-3.1038886997141146,-0.0026395284715702537
393.23627454772156,23.079937926812477,197.34651234959642,-3.1043297380057573,-0.0026632098226554496
393.4026181494761,22.91370842646683,197.34035226588102,-3.104774715549411,-0.002686891292487115
393.56896175123063,22.747476189515222,197.33426647858505,-3.1052236323594022,-0.0027105728154762304
393.7353053529852,22.581241225485115,197.32825564376827,-3.1056764884389794,-0.0027342543240311407
393.90164895473976,22.41500354479049,197.32232041750737,-3.1061332837799793,-0.002757935748540006
394.0679925564943,22.248763158739127,197.31646145589266,-3.106594018362491,-0.0027816170173533797
394.2343361582488,22.08252007954113,197.31067941502647,-3.1070586921545145,-0.0028052980567666477
394.40067976000336,21.91627432031622,197.30497495102009,-3.1075273051116166,-0.002828978791002659
394.5670233617579,21.750025895101903,197.2993487199909,-3.1079998571765857,-0.0028526591421943032
394.7333669635124,21.58377481886101,197.29380137806007,-3.108476348279083,-0.0028763390303671818
394.89971056526696,21.417521107489694,197.2883335813495,-3.108956778335289,-0.0029000183734222843
395.0660541670215,21.25126477782512,197.28294598597893,-3.109441147247552,-0.0029236970871187365
395.232397768776,21.08500584765356,197.27763924806285,-3.1099294549040244,-0.0029473750850565424
395.39874137053056,20.91874433571766,197.2724140237077,-3.110421701178309,-0.0029710522786594875
395.5650849722851,20.752480261724724,197.26727096900854,-3.1109178859290907,-0.0029947285771579598
395.7314285740396,20.586213646354327,197.26221074004582,-3.1114180089997716,-0.0030184038875718956
395.89777217579416,20.41994451126611,197.2572339928821,-3.111922070218103,-0.003042078114693778
396.0641157775487,20.253672879107324,197.2523413835589,-3.112430069395813,-0.0030657511610717074
396.2304593793032,20.087398773521127,197.24753356809276,-3.11294200632823,-0.003089422926992448
396.39680298105776,19.92112221915381,197.24281120247213,-3.113457880793907,-0.00311309331046465
396.5631465828123,19.75484324428052,197.23817484837676,-3.113975340137617,-0.003097645180250618
396.7294901845668,19.588561902599714,197.23362416873007,-3.114488082447333,-0.0030672119414274323
396.89583378632136,19.422278260721292,197.22915832824788,-3.114995762144432,-0.0030367758666382506
397.0621773880759,19.25599238411415,197.22477648621313,-3.1154983787701163,-0.003006337110919604
397.22852098983043,19.08970433697385,197.2204778017794,-3.1159959318910673,-0.002975895825585893
397.39486459158496,18.923414182235316,197.21626143397634,-3.1164884210988286,-0.0029454521582649024
397.5612081933395,18.757121981584906,197.21212654171563,-3.116975846009198,-0.002915006252933289
397.72755179509403,18.590827795473338,197.20807228379633,-3.1174582062616203,-0.002884558249952373
397.89389539684856,18.424531683128084,197.2040978189104,-3.1179355015185912,-0.0028541082861039454
398.0602389986031,18.258233702565835,197.2002023056479,-3.118407731465063,-0.0028236564946262006
398.22658260035763,18.091933910605125,197.19638490250205,-3.1188748958078607,-0.0027932030052498233
398.39292620211216,17.925632362879046,197.19264476787438,-3.119336994275099,-0.002762747944234182
398.5592698038667,17.75932911384772,197.1889810600796,-3.1197940266156077,-0.002732291434403596
398.72561340562123,17.59302421681083,197.18539293735034,-3.1202459925983668,-0.002701833595183687
398.89195700737577,17.4267177239206,197.1818795578417,-3.1206928920119403,-0.0026713745426379387
399.0583006091303,17.26040968619422,197.17844007963586,-3.1211347246639214,-0.0026409143895042247
399.22464421088483,17.094100153526444,197.17507366074662,-3.121571490380383,-0.0026104532452314363
399.3909878126394,16.92778917470196,197.17177945912334,-3.122003189005334,-0.0025799912160161887
399.55733141439396,16.761476797408992,197.16855663265528,-3.1224298204001784,-0.0025495284048398037
399.7236750161485,16.59516306825124,197.1654043391759,-3.122851384443187,-0.0025190649115050495
399.890018617903,16.42884803276057,197.16232173646625,-3.12326788102897,-0.0024886008326731285
400.05636221965756,16.26253173541003,197.15930798225926,-3.123679310067958,-0.002458136261900749
400.2227058214121,16.096214219626578,197.15636223424318,-3.1240856714858887,-0.002427671289677221
400.3890494231666,15.92989552780355,197.15348365006525,-3.124486965223299,-0.002397206003461579
400.55539302492116,15.763575701313423,197.15067138733517,-3.1248831912350257,-0.00236674048771978
400.7217366266757,15.597254780521059,197.1479246036285,-3.125274349489707,-0.002336274823962073
400.8880802284302,15.43093280479565,197.14524245648997,-3.1256604399693004,-0.002305809090780167
401.05442383018476,15.264609812524059,197.14262410343656,-3.126041462668593,-0.0022753433638846962
401.2207674319393,15.098285841123444,197.14006870196044,-3.1264174175947312,-0.002244877716142602
401.3871110336938,14.931960927054,197.1375754095323,-3.126788304766747,-0.002214412217614576
401.55345463544836,14.765635105831585,197.13514338360372,-3.1271541242150964,-0.0021839469355925236
401.7197982372029,14.59930841204086,197.13277178161027,-3.1275148759812015,-0.0021534819346371377
401.8861418389574,14.432980879347523,197.130459760974,-3.1278705601169983,-0.0021230172766153682
402.05248544071196,14.266652540512007,197.12820647910607,-3.128221176684493,-0.002092553020738163
402.2188290424665,14.100323427401165,197.1260110934092,-3.128566725755323,-0.0020620892235978694
402.38517264422103,13.93399357100181,197.12387276128004,-3.1289072074103244,-0.0020316259392060237
402.55151624597556,13.767663001433371,197.12179064011127,-3.129242621739105,-0.00200116321903097
402.7178598477301,13.60133174796067,197.11976388729406,-3.129572968839626,-0.00197070111203554
402.88420344948463,13.434999839006508,197.11779166021984,-3.129898248817786,-0.0019402396647147163
403.05054705123916,13.268667302164806,197.1158731162827,-3.1302184617870177,-0.0019097789211333942
403.2168906529937,13.102334164213223,197.11400741288074,-3.1305336078678816,-0.0018793189229640887
403.38323425474823,12.936000451126061,197.11219370741858,-3.1308436871876757,-0.0018488597095246842
403.54957785650276,12.76966618808713,197.11043115730834,-3.1311486998800437,-0.0018184013178162027
403.7159214582573,12.603331399502421,197.10871891997192,-3.1314486460845945,-0.0017879437825605291
403.88226506001183,12.436996109013032,197.1070561528423,-3.131743525946526,-0.0017574871362382078
404.04860866176637,12.270660339507874,197.1054420133649,-3.1320333396162554,-0.0017270314091261884
404.2149522635209,12.104324113136617,197.1038756589993,-3.1323180872490552,-0.0016965766293356296
404.38129586527543,11.93798745132257,197.10235624722029,-3.132597769004697,-0.0016661228228496887
404.54763946702997,11.771650374775323,197.10088293551934,-3.132872385047099,-0.0016356700135612705
404.7139830687845,11.605312903503622,197.09945488140545,-3.1331419355439842,-0.0016052182233108159
404.88032667053903,11.43897505682823,197.0980712424067,-3.1334064206665397,-0.0015747674719240922
405.0466702722936,11.272636853394879,197.09673117607085,-3.1336658405890856,-0.0015443177772499887
405.21301387404816,11.106298311186945,197.0954338399666,-3.133920195488749,-0.0015138691551982624
405.3793574758027,10.939959447538213,197.0941783916843,-3.1341694855451454,-0.0014834216197773017
405.5457010775572,10.773620279145819,197.09296398883677,-3.1344137109400645,-0.0014529751831319033
405.71204467931176,10.60728082208308,197.09178978906036,-3.134652871857164,-0.0014225298555810314
405.8783882810663,10.440941091812252,197.09065495001494,-3.134886968481668,-0.0013920856456555578
406.0447318828208,10.27460110319742,197.08955862938527,-3.135116001000076,-0.001361642560136008
406.21107548457536,10.108260870517377,197.08849998488114,-3.1353399695998694,-0.0013312006040903047
406.3774190863299,9.941920407478152,197.0874781742379,-3.135558874469235,-0.0013007597809114356
406.5437626880844,9.775579727226189,197.08649235521696,-3.135772715796786,-0.0012703200923552267
406.71010628983896,9.60923884236095,197.08554168560622,-3.135981493771295,-0.0012398815385780018
406.8764498915935,9.442897764947814,197.08462532322017,-3.13618520858143,-0.0012094441181742916
407.04279349334803,9.27655650653098,197.08374242590028,-3.136383860415497,-0.0011790078282145104
407.20913709510256,9.110215078146055,197.08289215151532,-3.1365774494611918,-0.0011485726642825865
407.3754806968571,8.943873490333047,197.08207365796122,-3.136765975905354,-0.0011181386205136481
407.54182429861163,8.777531753149228,197.08128610316135,-3.1369494399337294,-0.0010877056896316582
407.70816790036616,8.611189876181598,197.08052864506664,-3.1371278417307393,-0.0010572738629869756
407.8745115021207,8.444847868560196,197.0798004416554,-3.1373011814792546,-0.001026843130594064
408.04085510387523,8.27850573897059,197.0791006509333,-3.137469459360376,-0.000996413481169019
408.20719870562976,8.11216349566667,197.07842843093317,-3.1376326755532222,-0.000965984902167149
408.3735423073843,7.945821146483811,197.0777829397153,-3.137790830234723,-0.0009355573798206046
408.53988590913883,7.779478698851035,197.0771633353666,-3.1379439235794186,-0.0009051308991758207
408.70622951089337,7.613136159804404,197.07656877600084,-3.1380919557592666,-0.0008747054441311516
408.8725731126479,7.446793535999687,197.07599841975812,-3.138234926943452,-0.0008442809974743758
409.03891671440243,7.280450833724856,197.07545142480475,-3.1383728372982076,-0.0008138575409201464
409.20526031615697,7.114108058913239,197.07492694933268,-3.138505686986638,-0.0007834350551475532
409.3716039179115,6.947765217156277,197.07442415155924,-3.1386334761685504,-0.0007530135198375949
409.53794751966603,6.781422313716227,197.07394218972667,-3.1387562050002904,-0.0007225929137106258
409.70429112142057,6.615079353538514,197.07348022210164,-3.138873873634589,-0.0006921732145637317
409.8706347231751,6.448736341265661,197.07303740697486,-3.138986482220407,-0.0006617543993083739
410.03697832492963,6.2823932812488215,197.07261290266027,-3.139094030902796,-0.0006313364440075881
410.20332192668417,6.116050177561495,197.0722058674948,-3.139196519822755,-0.0006009193239135623
410.3696655284387,5.949707034011773,197.07181545983755,-3.1392939491171052,-0.0005705030135049429
410.5360091301933,5.78336385415529,197.07144083806938,-3.139386318918357,-0.0005400874865242458
410.7023527319478,5.617020641308201,197.07108116059194,-3.1394736293545966,-0.0005096727160152742
410.86869633370236,5.450677398559588,197.07073558582726,-3.139555880549371,-0.00047925867436040653
411.0350399354569,5.2843341287845735,197.07040327221716,-3.1396330726215784,-0.0004488453333180145
411.2013835372114,5.117990834656853,197.07008337822208,-3.1397052056853725,-0.0004184326640597575
411.36772713896596,4.951647518661742,197.06977506232073,-3.1397722798500642,-0.0003880206372079615
411.5340707407205,4.785304183108742,197.06947748300922,-3.139834295220034,-0.00035760922287290345
411.700414342475,4.61896083014436,197.06918979880027,-3.139891251894652,-0.00032719839069012696
411.86675794422956,4.452617461764806,197.0689111682224,-3.139943149968198,-0.0002967881098577361
412.0331015459841,4.286274079829053,197.068640749819,-3.1399899895297976,-0.00026637834917373615
412.19944514773863,4.119930686071407,197.06837770214779,-3.1400317706633523,-0.00023596907707328495
412.36578874949316,3.953587282114222,197.06812118377982,-3.140068493447487,-0.00020556026166596142
412.5321323512477,3.7872438694807125,197.0678703532985,-3.1401001579554975,-0.00017515187077304248
412.69847595300223,3.6209004496078143,197.06762436929893,-3.140126764255305,-0.0001447438719647871
412.86481955475676,3.454557023858851,197.0673823903868,-3.1401483124094174,-0.00011433623259767597
413.0311631565113,3.2882135935366215,197.06714357517785,-3.140164802474898,-8.392891985172334e-05
413.19750675826583,3.1218701598955283,197.0669070822967,-3.1401762345033393,-5.352190076761051e-05
413.36385036002036,2.955526724154974,197.06667207037606,-3.140182608540841,-2.3115142284046163e-05
413.5301939617749,2.7891832875116815,197.06643769805578,-3.1401839246279977,7.291388725072784e-06
413.69653756352943,2.622839851152999,197.0662031239819,-3.1401801827998908,3.769772541332436e-05
413.86288116528397,2.4564964162688048,197.06596750680623,-3.140171383086088,6.810390092468192e-05
414.0292247670385,2.2901529840653096,197.06573000518452,-3.140157525510646,9.850994835608587e-05
414.19556836879303,2.1238095557771146,197.06548977777646,-3.1401386100921225,0.00012891590072034454
414.36191197054757,1.9574661326800484,197.06524598324435,-3.1401146368435944,0.00015932179090888263
414.5282555723021,1.7911227161042644,197.06499778025236,-3.140085605772679,0.00018972765165444766
414.69459917405663,1.6247793074466763,197.0647443274654,-3.1400515168815653,0.00022013351549393453
414.86094277581117,1.4584359081839224,197.06448478354855,-3.1400123701670473,0.00025053941473111564
415.0272863775657,1.2920925198849744,197.06421830716604,-3.1399681656205694,0.0002809453813994274
415.19362997932024,1.1257491442241054,197.06394405698043,-3.1399189032282715,0.00031135144722469664
415.35997358107477,0.9594057829935481,197.06366119165173,-3.1398645829710445,0.00034175764358791293
415.5263171828293,0.7930624381161335,197.06336886983655,-3.1398052048245897,0.0003721640014880073
415.69266078458384,0.6267191116584168,197.06306625018732,-3.1397407687594883,0.0004025705515045333
415.85900438633837,0.46037580584298077,197.06275249135155,-3.1396712747412696,0.0004329773237604973
416.0253479880929,0.29403252306157857,197.06242675197078,-3.139596722730495,0.0004633843478850269
416.1916915898475,0.12768926588765206,197.06208819068024,-3.1395171126828396,0.0004937916529761502
416.358035191602,-0.03865396291061174,197.06173596610773,-3.1394324445491852,0.0005241992675634709
416.52437879335656,-0.2049971603577161,197.06136923687302,-3.1393427182757185,0.0005546072195709228
416.6907223951111,-0.3713403232581274,197.060987161587,-3.139247933804033,0.0005850155362794953
416.85706599686563,-0.5376834481833339,197.06058889885145,-3.1391480910712413,0.0006154242442899038
417.02340959862016,-0.704026531459359,197.06017360725767,-3.1390431900100895,0.0006458333694853411
417.1897532003747,-0.8703695691535387,197.05974044538652,-3.138933230549081,0.0006762429369940834
417.35609680212923,-1.0367125570620344,197.05928857180737,-3.1388182126126045,0.0007066529711522247
417.52244040388376,-1.2030554906971758,197.0588171450778,-3.138698136121069,0.0007370634954663661
417.6887840056383,-1.3693983652743116,197.05832532374268,-3.1385730009910446,0.0007674745325762159
417.85512760739283,-1.535741175699445,197.05781226633425,-3.1384428071354105,0.000797886104217309
418.02147120914736,-1.7020839165559933,197.05727713137097,-3.138307554463508,0.0008282982311835733
418.1878148109019,-1.868426582092593,197.05671907735757,-3.138167242881301,0.0008587109332900615
418.35415841265643,-2.034769166209699,197.05613726278438,-3.1380218722915396,0.0008891242293354637
418.52050201441097,-2.2011116624474667,197.05553084612694,-3.137871442593936,0.0009195381370648404
418.6868456161655,-2.3674540639720787,197.05489898584585,-3.1377159536853387,0.0009499526731320577
418.85318921792003,-2.5337963635639142,197.05424084038643,-3.137555405459922,0.0009803678530625535
419.01953281967457,-2.7001385536040567,197.0535555681782,-3.137389797809371,0.0010107836912157868
419.1858764214291,-2.86648062606209,197.05284232763503,-3.137219130623085,0.0010412002007479115
419.35222002318363,-3.032822572482612,197.05210027715458,-3.137043403788375,0.0010716173935742107
419.51856362493817,-3.1991643839733146,197.05132857511865,-3.136862617190676,0.0011020352803317948
419.6849072266927,-3.3655060511911263,197.05052637989263,-3.136676770713765,0.001132453870341948
419.85125082844723,-3.531847564330476,197.04969284982573,-3.1364858642399764,0.0011628731715728458
420.01759443020177,-3.6981889131099943,197.048827143251,-3.1362898976504376,0.0011932931906019743
420.1839380319563,-3.8645300867595793,197.0479284184853,-3.136088870825299,0.0012237139325786113
420.35028163371084,-4.030871074007748,197.04699583382933,-3.135882783643976,0.0012541354011863489
420.51662523546537,-4.197211863069159,197.04602854756803,-3.1356716359853958,0.0012845575986056381
420.6829688372199,-4.363552441631236,197.0450257179708,-3.1354554277282496,0.0013149805254761499
420.84931243897444,-4.529892796842152,197.04398650329145,-3.135234158751254,0.0013454041808594003
421.01565604072897,-4.696232915296989,197.04291006176896,-3.135007828933416,0.0013758285622010014
421.1819996424835,-4.862572783025822,197.04179555162762,-3.1347764381543026,0.0014062536652932904
421.34834324423804,-5.028912385480621,197.04064213107756,-3.134539986294323,0.001436679484237704
421.51468684599257,-5.195251707522503,197.03944895831518,-3.1342984732350088,0.0014671060114072373
421.68103044774716,-5.361590733408726,197.03821519152396,-3.1340518988593082,0.0014975332374088236
421.8473740495017,-5.527929446779862,197.0369399888749,-3.1338002630518815,0.0015279611510457696
422.01371765125623,-5.694267830647707,197.0356225085273,-3.1335435656994024,0.0015583897392802955
422.18006125301076,-5.860605867381444,197.03426190862945,-3.133281806690871,0.001588818987195767
422.3464048547653,-6.02694353869593,197.03285734731972,-3.133014985917926,0.001619248877959309
422.51274845651983,-6.193280825637762,197.03140798272727,-3.132743103275169,0.0016496793927840083
422.67909205827436,-6.359617708573204,197.02991297297297,-3.132466158660492,0.0016801105108914646
422.8454356600289,-6.525954167175455,197.02837147617072,-3.132184151975411,0.0017105422094742062
423.01177926178343,-6.692290180411651,197.02678265042837,-3.131897083125407,0.0017409744636580774
423.17812286353796,-6.858625726641746,197.0251456651281,-3.1316056445232707,0.001743063515688896
423.3444664652925,-7.024960792855761,197.02346060806508,-3.1313211909268714,0.0016770088822783676
423.51081006704703,-7.191295382574781,197.02172915029055,-3.1310477251895033,0.0016109531366738112
423.67715366880157,-7.357629502377994,197.01995311961014,-3.1307852474911146,0.001544896338097135
423.8434972705561,-7.523963160314866,197.01813434384633,-3.1305337580025845,0.0014788385364344632
424.00984087231063,-7.690296365843879,197.01627465083686,-3.1302932568872426,0.0014127797726187635
424.17618447406517,-7.856629129772664,197.01437586843403,-3.13006374430233,0.0013467200790119951
424.3425280758197,-8.022961464197838,197.012439824503,-3.129845220400388,0.0012806594797874255
424.50887167757423,-8.18929338244469,197.01046834692204,-3.1296376853305947,0.0012145979913120697
424.67521527932877,-8.355624899007134,197.00846326358197,-3.129441139240026,0.0011485356225290676
424.8415588810833,-8.521956029486912,197.00642640238596,-3.1292555822748622,0.0010824723753403908
425.00790248283784,-8.68828679053392,197.00435959124994,-3.129081014581526,0.0010164082449891376
425.17424608459237,-8.854617199785913,197.0022646581032,-3.1289174363077583,0.0009503432204421174
425.3405896863469,-9.020947275807796,197.00014343088898,-3.128764847603632,0.0008842772847725981
425.50693328810144,-9.187277038031688,196.99799773756536,-3.1286232486224987,0.0008182104155427976
425.67327688985597,-9.353606506696995,196.99582940610642,-3.1284926395218737,0.0007521425851863754
425.8396204916105,-9.519935702789441,196.99364026450368,-3.1283730204642586,0.0006860737613913641
426.00596409336504,-9.68626464798133,196.9914321407675,-3.128264391617898,0.0006200039074826373
426.17230769511957,-9.852593364571694,196.9892068629286,-3.128166753157473,0.000553932982804436
426.3386512968741,-10.018921875424896,196.98696625904012,-3.1280801052647327,0.00048786094310353825
426.50499489862864,-10.185250203911432,196.98471215717936,-3.1280044481290603,0.00042178774091158015
426.6713385003832,-10.351578373846902,196.9824463854499,-3.127939781947975,0.00035571332592812993
426.8376821021377,-10.517906409432644,196.9801707719836,-3.1278861069275727,0.00028963764540313743
427.00402570389224,-10.684234335194503,196.97788714494305,-3.127843423282902,0.00022356064452014793
427.1703693056468,-10.85056217592349,196.97559733252382,-3.127811731238274,0.00015748226677882136
427.33671290740136,-11.016889956615099,196.97330316295665,-3.1277910310275123,9.140245437800877e-05
427.5030565091559,-11.183217702408475,196.97100646451005,-3.127781322894137,2.5321148598944758e-05
427.66940011091043,-11.349545438527167,196.96870906549282,-3.127782607091485,-4.0761709812128384e-05
427.83574371266496,-11.515873190218619,196.96641279425612,-3.127794883882769,-0.00010684618026080647
428.0020873144195,-11.682200982693372,196.96411947919646,-3.127818153541068,-0.00017293232192116056
428.16843091617403,-11.848528841065233,196.96183094875795,-3.1278524163492594,-0.00023902019335271237
428.33477451792857,-12.0148567902908,196.9595490314346,-3.1278976725998833,-0.0003051098521170798
428.5011181196831,-12.181184855109288,196.9572755557728,-3.127953922594946,-0.0003712013543946604
428.66746172143763,-12.347513059982068,196.95501235037395,-3.128021166645657,-0.00043729475460112347
428.83380532319217,-12.513841429032762,196.95276124389636,-3.1280994050721045,-0.000503390105004036
429.0001489249467,-12.6801699859865,196.95052406505764,-3.1281886382028654,-0.0005694874553390715
429.16649252670123,-12.846498754109746,196.94830264263695,-3.1282888663745534,-0.0006355868524263454
429.33283612845577,-13.012827756149926,196.94609880547677,-3.1284000899313007,-0.0007016883397865831
429.4991797302103,-13.179157014275539,196.943914382485,-3.128522309224178,-0.0007677919572573675
429.66552333196483,-13.345486550014755,196.9417512026365,-3.12865552461055,-0.000833897740608705
429.83186693371937,-13.511816384196457,196.93961109497508,-3.1287997364533666,-0.0009000057211594333
429.9982105354739,-13.678146536888864,196.9374958886146,-3.12895494512039,-0.0009661159253925768
430.16455413722844,-13.84447702733934,196.93540741274032,-3.1291211509833605,-0.0010322283745710715
430.33089773898297,-14.010807873914215,196.9333474966102,-3.1292983544170925,-0.0010983430843533838
430.4972413407375,-14.17713909403855,196.93131796955547,-3.129486555798513,-0.0011644600644089844
430.66358494249204,-14.343470704135353,196.92932066098157,-3.129685755505634,-0.0012305793180335408
430.82992854424657,-14.50980271956517,196.92735740036844,-3.1298959539164564,-0.0012967008417641196
430.9962721460011,-14.676135154566081,196.9254300172708,-3.130117151407819,-0.0013628246249944636
431.16261574775564,-14.842468022192767,196.923540341318,-3.1303493483541738,-0.0014289506495898262
431.32895934951017,-15.008801334256646,196.92169020221368,-3.1305925451263037,-0.0014950788895021112
431.4953029512647,-15.17513510126501,196.9198814297352,-3.130846742089975,-0.0015612093103845638
431.66164655301924,-15.341469332360235,196.91811585373281,-3.131111939604521,-0.0016273418692063948
431.8279901547738,-15.507804035260234,196.91639530412806,-3.1313881380213706,-0.0016934765138678597
431.9943337565283,-15.674139216197553,196.91472161091272,-3.1316753376825055,-0.0017596131828147112
432.16067735828284,-15.840474879858434,196.9130966041465,-3.131973538918853,-0.0018257518046526473
432.3270209600374,-16.006811028501588,196.91152202585118,-3.1322801581586446,-0.0018413742246484901
432.4933645617919,-16.173147651442587,196.90999837489952,-3.1325851275668395,-0.0018253658553439274
432.65970816354644,-16.3394847293645,196.90852523012,-3.132887433892906,-0.0018093551833138052
432.82605176530103,-16.50582224314203,196.90710214864626,-3.133187076758562,-0.0017933422657205557
432.99239536705556,-16.67216017404977,196.90572868754208,-3.133484055794987,-0.0017773271591237068
433.1587389688101,-16.838498503757652,196.90440440380257,-3.133778370642715,-0.0017613099194847526
433.32508257056463,-17.004837214328695,196.90312885435674,-3.134070020951543,-0.0017452906021718213
433.49142617231917,-17.171176288214557,196.90190159606837,-3.134359006380426,-0.0017292692619645814
433.6577697740737,-17.337515708253093,196.90072218573889,-3.134645326597385,-0.0017132459530589646
433.82411337582823,-17.503855457663725,196.89959018010808,-3.134928981279407,-0.0016972207290721227
433.99045697758277,-17.67019552004491,196.89850513585634,-3.13520997011235,-0.0016811936430472022
434.1568005793373,-17.83653587936999,196.89746660960634,-3.135488292790848,-0.0016651647474582834
434.32314418109183,-18.00287651998473,196.89647415792479,-3.135763949018217,-0.0016491340942151897
434.48948778284637,-18.169217426602255,196.89552733732376,-3.136036938506362,-0.0016331017346685453
434.6558313846009,-18.335558584300866,196.89462570426267,-3.136307260975681,-0.0016170677196145889
434.82217498635544,-18.501899978520374,196.8937688151497,-3.1365749161549794,-0.001601032099300137
434.98851858810997,-18.66824159505788,196.89295622634364,-3.1368399037813726,-0.001584994923427619
435.1548621898645,-18.834583420065105,196.89218749415517,-3.1371022236002006,-0.0015689562411599742
435.32120579161904,-19.000925440044586,196.89146217484867,-3.137361875364936,-0.0015529161011256878
435.48754939337357,-19.167267641845864,196.8907798246435,-3.137618858837096,-0.0015368745514238186
435.6538929951281,-19.333610012662504,196.89013999971587,-3.137873173786156,-0.0015208316396289855
435.82023659688264,-19.49995254002843,196.8895422562,-3.1381248199894616,-0.001504787412796414
435.98658019863717,-19.666295211813978,196.8889861501901,-3.138373797232142,-0.0014887419174670418
436.1529238003917,-19.832638016223147,196.88847123774102,-3.1386201053070275,-0.0014726951996725049
436.31926740214624,-19.998980941789416,196.88799707487058,-3.1388637440145613,-0.0014566473049402865
436.4856110039008,-20.165323977372335,196.88756321756054,-3.13910471316272,-0.0014405982782988035
436.6519546056553,-20.3316671121548,196.88716922175794,-3.1393430125669286,-0.0014245481642824358
436.81829820740984,-20.49801033563802,196.88681464337685,-3.1395786420499787,-0.0014084970069367898
436.9846418091644,-20.664353637639586,196.8864990382994,-3.13981160144195,-0.0013924448498236774
437.1509854109189,-20.830697008288723,196.88622196237728,-3.1400418905801266,-0.0013763917360263814
437.31732901267344,-20.99704043802378,196.88598297143326,-3.1402695093089212,-0.0013603377081547062
437.483672614428,-21.163383917587584,196.88578162126223,-3.140494457479795,-0.0013442828083502615
437.6500162161825,-21.32972743802483,196.88561746763247,-3.14071673495118,-0.0013282270782915364
437.81635981793704,-21.496070990678177,196.88549006628736,-3.1409363415884037,-0.0013121705591991417
437.9827034196916,-21.662414567184467,196.8853989729463,-3.141153277263612,-0.0012961132918410142
438.1490470214461,-21.828758159472024,196.88534374330612,-3.141367541855696,-0.0012800553165375587
438.31539062320064,-21.995101759755933,196.88532393304203,-3.141579135250216,-0.0012639966731669734
438.48173422495523,-22.16144536053568,196.88533909780935,3.1413972498402565,-0.0012479374011703651
438.64807782670977,-22.32778895459058,196.8853887932443,3.1411909991578657,-0.0012318775395570869
438.8144214284643,-22.494132534976757,196.88547257496546,3.1409874199770638,-0.0012158171269099369
438.98076503021883,-22.660476095023707,196.88558999857486,3.140786512386329,-0.0011997562013903954
439.14710863197337,-22.82681962833049,196.88574061965883,3.140588276467833,-0.001183694800743923
439.3134522337279,-22.993163128762383,196.88592399378982,3.140392712297496,-0.0011676329623052056
439.47979583548243,-23.159506590446846,196.88613967652694,3.1401998199450674,-0.0011515707230034882
439.64613943723697,-23.325850007770775,196.88638722341742,3.1400095994741815,-0.0011355081193677777
439.8124830389915,-23.49219337537615,196.88666618999747,3.139822050942435,-0.0011194451875322221
439.97882664074604,-23.658536688156833,196.88697613179357,3.1396371744014413,-0.0011033819632413763
440.14517024250057,-23.82487994125521,196.88731660432353,3.139454969896904,-0.0010873184818554907
440.3115138442551,-23.991223130058362,196.88768716309727,3.1392754374686733,-0.0010712547783558605
440.47785744600964,-24.15756625019431,196.88808736361844,3.139098577150814,-0.0010551908873501594
440.64420104776417,-24.323909297529042,196.88851676138478,3.1389243889716623,-0.0010391268430777205
440.8105446495187,-24.490252268162664,196.8889749118896,3.1387528729538916,-0.0010230626794148954
440.97688825127324,-24.65659515842522,196.8894613706228,3.1385840291145684,-0.0010069984298804555
441.14323185302777,-24.82293796487442,196.88997569307148,3.138417857465214,-0.000990934127640819
441.3095754547823,-24.989280684290822,196.89051743472132,3.13825435801186,-0.0009748698055155194
441.47591905653684,-25.155623313675076,196.89108615105738,3.1380935307551105,-0.0009588054959824907
441.6422626582914,-25.32196585024404,196.89168139756507,3.1379353756901907,-0.0009427412311834576
441.8086062600459,-25.488308291427128,196.89230272973117,3.1377798928070106,-0.0009266770429293148
441.97494986180044,-25.654650634863103,196.8929497030445,3.137627082090213,-0.0009106129627054609
442.141293463555,-25.820992878395753,196.89362187299722,3.137476943519232,-0.0008945490216772545
442.3076370653095,-25.98733502007141,196.89431879508558,3.1373294770683433,-0.0008784852506952865
442.47398066706404,-26.15367705813469,196.89504002481075,3.1371846827067156,-0.0008624216803008355
442.6403242688186,-26.32001899102472,196.89578511767965,3.1370425603984637,-0.0008463583407312725
442.8066678705731,-26.48636081737239,196.89655362920615,3.136903110102697,-0.000830295261925382
442.97301147232764,-26.652702535995747,196.8973451149116,3.13676633177357,-0.000814232473528851
443.1393550740822,-26.819044145897468,196.8981591303258,3.1366322253603283,-0.0007981700048995729
443.3056986758367,-26.985385646260497,196.8989952309878,3.13650079080736,-0.0007821078851131252
443.47204227759124,-27.151727036444612,196.89985297244706,3.136372028054236,-0.0007660461429681669
443.6383858793458,-27.31806831598347,196.90073191026372,3.1362459370357643,-0.0007499848069917797
443.8047294811003,-27.484409484580187,196.90163160000972,3.1361225176820255,-0.0007339239054449687
443.97107308285484,-27.65075054210415,196.90255159726976,3.1360017699184226,-0.0007178634663280375
444.13741668460943,-27.81709148858773,196.90349145764182,3.135883693665723,-0.0007018035173859733
444.30376028636397,-27.98343232422186,196.90445073673803,3.135768288840098,-0.0006857440861139551
444.4701038881185,-28.149773049353723,196.9054289901855,3.1356555553531678,-0.0006696851997626448
444.63644748987304,-28.316113664481975,196.9064257736271,3.135545493112038,-0.0006536268853437301
444.80279109162757,-28.48245417025381,196.907440642722,3.1354381020193403,-0.0006375691696352856
444.9691346933821,-28.64879456746141,196.90847315314682,3.135333381973272,-0.0006215120791871954
445.13547829513664,-28.81513485703808,196.90952286059598,3.135231332867633,-0.0006054556403266104
445.30182189689117,-28.98147504005456,196.91058932078278,3.135131954591861,-0.0005893998791633835
445.4681654986457,-29.147815117716252,196.91167208943975,3.135035247031068,-0.0005733448215954268
445.63450910040024,-29.31415509135857,196.9127707223198,3.134941210066076,-0.0005572904933142403
445.80085270215477,-29.48049496244419,196.9138847751965,3.1348498435734493,-0.000541236919810265
445.9671963039093,-29.646834732559377,196.91501380386507,3.1347611474255306,-0.0005251841263783246
446.13353990566384,-29.813174403409477,196.91615736414298,3.134675121490468,-0.0005091321381231466
446.2998835074184,-29.97951397681706,196.9173150118708,3.1345917656322513,-0.0004930809799646296
446.4662271091729,-30.145853454716622,196.9184863029126,3.1345110797107374,-0.00047703067664344156
446.63257071092744,-30.312192839152132,196.9196707931568,3.134433063581687,-0.00046098125272634344
446.798914312682,-30.478532132272946,196.92086803851683,3.1343577170967816,-0.00044493273261167054
446.9652579144365,-30.644871336330645,196.9220775949318,3.1342850401036646,-0.0004288851405347281
447.13160151619104,-30.811210453674754,196.92329901836717,3.1342150324459563,-0.0004128385005732889
447.2979451179456,-30.977549486750355,196.9245318648152,3.1341476939632864,-0.0003967928366529077
447.4642887197001,-31.143888437918402,196.92577570950343,3.1340823954819967,-0.00039448031656626073
447.63063232145464,-31.31022730705905,196.92703047965867,3.1340160368050496,-0.00040337040830162386
447.7969759232092,-31.476566091631284,196.92829641083162,3.1339481992886835,-0.0004122608642805421
447.9633195249637,-31.642904788997466,196.92957374901033,3.13387888286778,-0.0004211517389191354
448.12966312671824,-31.809243396469082,196.9308627401936,3.1338080874681786,-0.0004300430865882658
448.2960067284728,-31.975581911305756,196.9321636303931,3.1337358130066724,-0.0004389349616135453
448.4623503302273,-32.141920330714406,196.9334766656345,3.1336620593910247,-0.0004478274182753506
448.62869393198184,-32.30825865184792,196.93480209195909,3.133586826519972,-0.00045672051080880897
448.7950375337364,-32.47459687180391,196.93614015542533,3.133510114283233,-0.00046561429340378563
448.9613811354909,-32.64093498762372,196.93749110211016,3.1334319225615186,-0.00047450882020488313
449.12772473724544,-32.807272996291765,196.9388551781106,3.1333522512265315,-0.00048340414531145107
449.294068339,-32.97361089473342,196.9402326295453,3.133271100140986,-0.0004923003227775244
449.4604119407545,-33.139948679814765,196.9416237025557,3.1331884691586014,-0.0005011974066118503
449.6267555425091,-33.306286348341445,196.94302864330788,3.133104358124122,-0.0005100954507778639
449.79309914426364,-33.472623897056806,196.9444476979939,3.1330187668733185,-0.0005189945091936325
449.95944274601817,-33.638961322641705,196.94588111283318,3.132931695232994,-0.000527894635731874
450.1257863477727,-33.80529862171262,196.94732913407404,3.1328431430209953,-0.0005367958842198902
450.29212994952724,-33.971635790821125,196.9487920079952,3.132753110046222,-0.0005456983084395647
450.45847355128177,-34.13797282645267,196.95026998090717,3.132661596108626,-0.0005546019621273236
450.6248171530363,-34.304309725024744,196.95176329915384,3.132568600999228,-0.0005635068989740585
450.79116075479084,-34.470646482886984,196.95327220911383,3.1324741245001206,-0.0005724131726251507
450.95750435654537,-34.63698309631903,196.95479695720186,3.132378166384476,-0.0005813208366803732
451.1238479582999,-34.80331956152989,196.9563377898705,3.132280726416555,-0.0005902299446938655
451.29019156005444,-34.969655874656695,196.9578949536115,3.1321818043517116,-0.000599140550174077
451.456535161809,-35.13599203176353,196.95946869495705,3.132081399936407,-0.0006080527065837104
451.6228787635635,-35.30232802884037,196.96105926048145,3.1319795129082095,-0.0006169664673396643
451.78922236531804,-35.46866386180199,196.96266689680255,3.1318761429958064,-0.000625881885812974
451.9555659670726,-35.634999526486745,196.96429185058315,3.131771289919012,-0.0006347990153287395
452.1219095688271,-35.801335018655664,196.96593436853234,3.131664953388772,-0.0006437179091660698
452.28825317058164,-35.967670333990434,196.96759469740724,3.1315571331071768,-0.0006526386205579588
452.4545967723362,-36.13400546809407,196.96927308401413,3.1314478287674614,-0.0006615612026913064
452.6209403740907,-36.30034041648775,196.97096977521014,3.131337040054021,-0.0006704857087067282
452.78728397584524,-36.466675174611055,196.97268501790452,3.131224766642413,-0.0006794121916985428
452.9536275775998,-36.63300973782027,196.97441905906012,3.131111008199367,-0.0006883407047146554
453.1199711793543,-36.79934410138724,196.97617214569493,3.130995764382792,-0.0006972713007564598
453.28631478110884,-36.96567826049845,196.97794452488333,3.1308790348417865,-0.0007062040327787565
453.4526583828634,-37.132012210253734,196.9797364437577,3.1307608192166425,-0.0007151389536896402
453.6190019846179,-37.29834594566538,196.98154814950985,3.130641117138854,-0.0007240761163504106
453.78534558637244,-37.46467946165635,196.98337988939215,3.130519928231129,-0.0007330155735754264
453.951689188127,-37.63101275305994,196.9852319107194,3.1303972521073895,-0.0007419573781320321
454.1180327898815,-37.79734581461809,196.98710446086997,3.130273088372787,-0.0007509015827404154
454.28437639163604,-37.96367864098021,196.98899778728733,3.130147436623708,-0.000759848240073479
454.4507199933906,-38.13001122670245,196.99091213748136,3.1300202964477783,-0.0007687974027567342
454.6170635951451,-38.296343566246364,196.99284775902996,3.129891667423877,-0.0007777491233681643
454.78340719689965,-38.46267565397722,196.99480489958026,3.129761549122138,-0.0007867034544380556
454.9497507986542,-38.62900748416387,196.99678380685015,3.1296299411039623,-0.0007956604484489093
455.1160944004087,-38.79533905097669,196.99878472862972,3.129496842922027,-0.000804620157835252
455.2824380021633,-38.961670348486855,197.00080791278265,3.129362254120286,-0.0008135826349835044
455.44878160391784,-39.128001370664926,197.0028536072474,3.129226174233989,-0.0008225479322318138
455.61512520567237,-39.29433211137995,197.00492206003906,3.129088602789679,-0.0008315161018699069
455.7814688074269,-39.460662564398156,197.00701351925045,3.128949539305207,-0.0008404871961389178
455.94781240918144,-39.62699272338171,197.00912823305347,3.128808983289737,-0.0008494612672312136
456.114156010936,-39.793322581887644,197.0112664497006,3.128666934243758,-0.0008584383672902236
456.2804996126905,-39.95965213336676,197.01342841752654,3.128523391659085,-0.0008674185484102628
456.44684321444504,-40.125981371162275,197.01561438494917,3.128378355018876,-0.0008764018626363363
456.6131868161996,-40.292310288508546,197.01782460047113,3.1282318237976314,-0.000885388361963946
456.7795304179541,-40.4586388785304,197.02005931268135,3.12808379746121,-0.0008943780983389185
456.94587401970864,-40.624967134241295,197.02231877025633,3.127934275466833,-0.000903371123657166
457.1122176214632,-40.791295048542395,197.0246032219614,3.1277832572630926,-0.0009123674897645015
457.2785612232177,-40.95762261422175,197.02691291665235,3.127630742289961,-0.0009213672484564378
457.44490482497224,-41.1239498239524,197.02924810327653,3.127476729978799,-0.0009303704514779379
457.6112484267268,-41.29027667029205,197.0316090308746,3.127321219752365,-0.0009393771505232302
457.7775920284813,-41.45660314568058,197.03399594858152,3.1271642110248212,-0.0009483873972355203
457.94393563023584,-41.62292924244065,197.0364091056282,3.1270057032017435,-0.0009574012432068453
458.1102792319904,-41.78925495277454,197.03884875134267,3.1268456956801316,-0.0009664187399777286
458.2766228337449,-41.95558026876459,197.04131513515173,3.126684187848416,-0.0009754399390370262
458.44296643549944,-42.12190518237098,197.043808506582,3.126521179086464,-0.000984464891821615
458.609310037254,-42.28822968543062,197.0463291152615,3.1263566687655953,-0.0009934936497161429
458.7756536390085,-42.45455376965657,197.04887721092086,3.126190656248581,-0.0010025262640527986
458.94199724076304,-42.620877426636206,197.05145304339482,3.1260231408896635,-0.0010115627861110067
459.1083408425176,-42.787200647830154,197.05405686262364,3.125854122034556,-0.001020603267117159
459.2746844442721,-42.95352342457126,197.05668891865417,3.125683599020456,-0.0010296477582443443
459.44102804602664,-43.11984574806292,197.05934946164157,3.1255115711760535,-0.0010386963106120343
459.6073716477812,-43.28616760937885,197.0620387418503,3.125338037821537,-0.0010477489752858428
459.7737152495357,-43.45248899946008,197.0647570096558,3.1251629982686104,-0.001056805803277126
459.94005885129025,-43.61880990911571,197.06750451554558,3.124986451820492,-0.0010658668455427874
460.1064024530448,-43.785130329020426,197.0702815101207,3.12480839777193,-0.0010749321529848908
460.2727460547993,-43.951450249713474,197.07308824409708,3.1246288354092098,-0.0010840017764503548
460.43908965655385,-44.11776966159794,197.07592496830688,3.1244477640101627,-0.0010930757667306481
460.6054332583084,-44.28408855493863,197.07879193369973,3.1242651828441765,-0.0011021541745614156
460.77177686006297,-44.45040691986169,197.08168939134427,3.124081091172206,-0.0011112370506221755
460.9381204618175,-44.61672474635241,197.08461759242908,3.1238954882467755,-0.0011203244455359296
461.10446406357204,-44.783042024255266,197.0875767882644,3.123708373311999,-0.0011294164098688765
461.2708076653266,-44.94935874327143,197.0905672302835,3.1235197456035797,-0.0011385129941299727
461.4371512670811,-45.11567489295832,197.09358917004351,3.1233296043488252,-0.001147614248770629
461.60349486883564,-45.28199046272765,197.0966428592273,3.1231379487666553,-0.001156720224184274
461.7698384705902,-45.44830544184481,197.09972854964434,3.1229447780676125,-0.001165830970706028
461.9361820723447,-45.61461981942852,197.10284649323245,3.122750091453871,-0.0011749465386123484
462.10252567409924,-45.7809335822212,197.1059970664889,3.122550992870204,-0.0012289708291910023
462.2688692758538,-45.94724669723227,197.1091816424701,3.122340985162473,-0.001296015851750277
462.4352128776083,-46.113559121803576,197.11240207280827,3.122119825112435,-0.0013630584988029825
462.60155647936284,-46.279870811879434,197.11566021207622,3.121887513291549,-0.0014300966491365321
462.7679000811174,-46.44618172214466,197.11895791469578,3.1216440506248304,-0.0014971281729698714
462.9342436828719,-46.612491805964495,197.1222970348771,3.1213894383923027,-0.0015641509317398693
463.10058728462644,-46.77880101532349,197.1256794265575,3.1211236782304645,-0.001631162777889739
463.266930886381,-46.94510930076552,197.1291069433404,3.120846772133815,-0.001698161554660348
463.4332744881355,-47.11141661133281,197.13258143843316,3.1205587224563915,-0.0017651450958839836
463.59961808989004,-47.27772289450591,197.13610476458567,3.1202595319133595,-0.0018321112257813307
463.7659616916446,-47.44402809614357,197.13967877402715,3.119949203582623,-0.0018990577587614376
463.9323052933991,-47.61033216042281,197.143305318404,3.119627740906475,-0.001965982499224964
464.09864889515364,-47.77663502977918,197.14698624871662,3.119295147693279,-0.0020328832413709125
464.2649924969082,-47.942936644846455,197.15072341525564,3.1189514281191784,-0.0020997577690065918
464.4313360986627,-48.10923694439823,197.1545186675381,3.118596586729847,-0.0021666038553620984
464.59767970041725,-48.27553586528734,197.15837385424334,3.1182306284422587,-0.002233419262907722
464.7640233021718,-48.44183334238831,197.16229082314837,3.11785355854649,-0.0023002017431765793
464.9303669039263,-48.608129308536896,197.16627142106236,3.1174653827075627,-0.0023669490365903338
465.09671050568085,-48.774423694472695,197.17031749376164,3.1170661069672967,-0.0024336588722903402
465.2630541074354,-48.94071642878028,197.17443088592358,3.116655737746207,-0.002500328967972828
465.4293977091899,-49.10700743783096,197.17861344106015,3.116234281845416,-0.0025669570297289215
465.59574131094445,-49.27329664572511,197.18286700145114,3.1158017464486,-0.0026335407518897403
465.762084912699,-49.439583974234374,197.18719340807718,3.1153581391239573,-0.002700077816876406
465.9284285144535,-49.60586934274434,197.19159450055176,3.1149034678262026,-0.002766565895055431
466.09477211620805,-49.77215266819814,197.19607211705306,3.1144377408985786,-0.002833002644599728
466.2611157179626,-49.93843386503848,197.20062809425585,3.113960967074904,-0.0028993857113544944
466.4274593197172,-50.10471284515262,197.20526426726164,3.1134731554816266,-0.002965712728709923
466.5938029214717,-50.2709895178152,197.20998246952988,3.112974315639912,-0.0030319813174787794
466.76014652322624,-50.43726378963366,197.21478453280724,3.1124644574677376,-0.0030981890857810328
466.9264901249808,-50.60353556449177,197.2196722870577,3.1119435912820244,-0.0031643336289338088
467.0928337267353,-50.76980474349504,197.22464756039116,3.111411727800763,-0.003230412529348343
467.25917732848984,-50.936071224916404,197.2297121789921,3.1108688781451797,-0.003296423356433496
467.4255209302444,-51.102334904141486,197.23486796704734,3.110315053841898,-0.0033623636665057
467.5918645319989,-51.268595673615,197.24011674667383,3.109750266825132,-0.003428231002706037
467.75820813375344,-51.43485342278817,197.24546033784543,3.1091745294388726,-0.0034940228949246516
467.924551735508,-51.60110803806405,197.25090055831942,3.1085878544391115,-0.0035597368597313733
468.0908953372625,-51.76735940274667,197.2564392235624,3.107990254996052,-0.003625370400315067
468.25723893901704,-51.933607396988265,197.26207814667583,3.107381744696342,-0.00369092100642951
468.4235825407716,-52.099851897737636,197.2678191383206,3.106762337545314,-0.0037563861543473275
468.5899261425261,-52.266092778688964,197.27366400664178,3.1061320479692327,-0.0038217633068216195
468.75626974428064,-52.432329910232085,197.27961455719233,3.1054908908175403,-0.0038870499130560622
468.9226133460352,-52.59856315940081,197.28567259285617,3.1048388813651187,-0.003952243408682122
469.0889569477897,-52.76479238982509,197.29183991377127,3.104176035314546,-0.004017341215745908
469.25530054954424,-52.93101746168044,197.29811831725164,3.103502368798356,-0.0040823407427021015
469.4216441512988,-53.09723823164079,197.3045095977093,3.102817898381298,-0.0041472393844176345
469.5879877530533,-53.26345455282939,197.31101554657496,3.1021226410626017,-0.004212034522183128
469.75433135480785,-53.42966627477237,197.31763795221917,3.101416614278226,-0.0042767235237339335
469.9206749565624,-53.595873243350994,197.32437859987203,3.1006998359031197,-0.004341303743279473
470.0870185583169,-53.7620753007566,197.33123927154287,3.09997232425346,-0.004405772521542498
470.25336216007145,-53.92827228544447,197.33822174593917,3.099234098088898,-0.00447012718580699
470.419705761826,-54.0944640320883,197.34532779838523,3.0984851766147905,-0.004534365049975358
470.5860493635805,-54.260650371537366,197.3525592007396,3.097725579484414,-0.004598483414636042
470.75239296533505,-54.42683113077129,197.3599177213131,3.0969553268011776,-0.004662479567139486
470.9187365670896,-54.593006132858356,197.36740512478536,3.0961744391208175,-0.004726350781685024
471.0850801688441,-54.7591751969124,197.3750231721209,3.095382937453577,-0.004790094319416832
471.25142377059865,-54.92533813826557,197.38277361567685,3.0945815933436283,-0.0047757814366021795
471.4177673723532,-55.091494972306016,197.39065391630584,3.0938378659116568,-0.004166406613867685
471.5841109741077,-55.257646305790225,197.39864937256718,3.0931954434112443,-0.003557748907646698
471.75045457586225,-55.42379287910109,197.4067431587554,3.092654212768257,-0.0029497333346317953
471.91679817761684,-55.58993546161857,197.41491846831804,3.0922140735105152,-0.002342283407594712
472.0831417793714,-55.75607484668468,197.4231585115216,3.091874937994884,-0.0017353214123369725
472.2494853811259,-55.9222118465936,197.43144651307355,3.0916367315885616,-0.0011287686814053042
472.41582898288044,-56.08834728759973,197.43976570970727,3.0914993928050762,-0.0005225458651184031
472.582172584635,-56.254482004942716,197.44809934774318,3.091462873395378,8.342679955567531e-05
472.7485161863895,-56.42061683788524,197.45643068063265,3.091527138394352,0.0006892292217237272
472.91485978814404,-56.586752624756976,197.46474296649723,3.091692166122959,0.0012949411903258982
473.0812033898986,-56.75289019800483,197.47301946567146,3.09195794814614,0.001900642108390978
473.2475469916531,-56.91903037924294,197.48124343825899,3.0923244891865256,0.002506410727227794
473.41389059340764,-57.08517397429959,197.48939814171234,3.092791806993872,0.003112324880007928
473.5802341951622,-57.25132176825733,197.49746682844585,3.093359932170104,0.003718461214203447
473.7465777969167,-57.41747452048252,197.50543274349144,3.0940289079497187,0.00432489492234899
473.91292139867124,-57.58363295963994,197.5132791222069,3.0947987899352167,0.004931699470610688
474.0792650004258,-57.74979777869084,197.52098918804745,3.0956696457871793,0.005538946324669383
474.2456086021803,-57.915969629869565,197.52854615040962,3.0966415548684854,0.006146704672429469
474.41195220393485,-58.08214911963607,197.53593320255834,3.097714607842102,0.006755041143098323
474.5782958056894,-58.248336803601184,197.54313351964717,3.0988889062218217,0.007364019522198964
474.7446394074439,-58.41453318142199,197.55013025684232,3.1001645618752214,0.00797370046211169
474.91098300919845,-58.58073869166551,197.55690654756103,3.1015416964780815,0.008584141187772783
475.077326610953,-58.7469537066364,197.56344550183505,3.10302044091941,0.009195395197183426
475.2436702127075,-58.9131785271692,197.56973020481047,3.10460093465621,0.00980751195644104
475.41001381446205,-59.079413377381194,197.575743715395,3.106283325017035,0.010420536589028289
475.5763574162166,-59.24565839938606,197.5814690650636,3.1080677664533667,0.01103450955916033
475.7427010179711,-59.41191364796711,197.5868892568354,3.1099544197378295,0.011649466349035981
475.90904461972565,-59.57817908520739,197.59198726443216,3.111943451108175,0.01226543712989099
476.0753882214802,-59.74445457508046,197.59674603163188,3.1140350313560585,0.012882446426837363
476.2417318232347,-59.910739877998765,197.6011484718287,3.116229334859538,0.013500512777515154
476.40807542498925,-60.07703464532079,197.60517746781227,3.118526538558277,0.014119648384672985
476.5744190267438,-60.24333841382071,197.6088158717794,3.120926820870479,0.01473985876288141
476.7407626284983,-60.40965060011878,197.61204650559026,3.1234303605505698,0.01536114237964943
476.90710623025285,-60.575970495079,197.61485216128324,3.1260373354867683,0.015983490291338158
477.0734498320074,-60.74229725817189,197.61721560186118,3.1287479214376503,0.016606885774329835
477.2397934337619,-60.90862991181238,197.6191195623622,3.131562290707052,0.01723130395206451
477.40613703551645,-61.07496733567237,197.62054675122937,3.134480610756615,0.017856711418626624
477.57248063727104,-61.24130826097396,197.62147985199266,3.1375030427554673,0.018483065859709748
477.7388242390256,-61.40765126477237,197.62190152527612,3.1406297400667444,0.019110315671922416
477.9051678407801,-61.5739947642315,197.62179441114571,-3.1393244605089023,0.01973839958150985
478.07151144253464,-61.74033701090215,197.62114113180928,-3.1359888116552312,0.020367246263729665
478.2378550442892,-61.90667608501028,197.61992429468432,-3.1325485003213815,0.020996773964254856
478.4041986460437,-62.073009889765316,197.61812649584516,-3.1290034207696737,0.021626890124138817
478.57054224779824,-62.239336145699006,197.6157303238644,-3.125353483583314,0.02225749101003078
478.7368858495528,-62.4056523850458,197.61271836406007,-3.1215986175554615,0.022888461351493587
478.9032294513073,-62.571955946176544,197.60907320316193,-3.117738771637909,0.023519673987440766
479.06957305306184,-62.7382439681006,197.60477743440867,-3.1137739169476477,0.02415098952388395
479.2359166548164,-62.90451338504955,197.59981366308736,-3.109704048829268,0.02478225600534283
479.4022602565709,-63.07076092115771,197.59416451252645,-3.1055291889707193,0.02541330860243998
479.56860385832545,-63.23698308525731,197.5878126305512,-3.1012493875694864,0.026043969318375753
479.73494746008,-63.403176165804894,197.58074069641287,-3.0968647255458395,0.02667404671712958
479.9012910618345,-63.56933622595762,197.5729314281972,-3.09237531679928,0.02730333567639694
480.06763466358905,-63.735459098820066,197.5643675907215,-3.087781310503805,0.027931617168417872
480.2339782653436,-63.9015403828821,197.5550320039246,-3.0830828934370644,0.028558658071987302
480.4003218670981,-64.06757544172923,197.54490761761895,-3.078285242642719,0.028936639913866472
480.56666546885265,-64.2335599825834,197.5339862348075,-3.0735055492585377,0.028530818471947977
480.7330090706072,-64.3994908267303,197.5222772317259,-3.068793483930557,0.02812355319809795
480.8993526723617,-64.56536508295012,197.5097921090006,-3.0641492740434484,0.02771499687011058
481.06569627411625,-64.73118002183456,197.49654240837282,-3.059573122051232,0.027305296454591753
481.2320398758708,-64.89693307377871,197.482539707305,-3.055065206446104,0.026894593082294426
481.3983834776253,-65.0626218268681,197.46779561380302,-3.050625682730078,0.026483022037867936
481.56472707937985,-65.22824402465228,197.45232176145754,-3.0462546843875886,0.026070712763198993
481.7310706811344,-65.39379756383126,197.43612980470195,-3.0419523238563677,0.025657788873434038
481.8974142828889,-65.55928049187294,197.4192314142862,-3.037718693494336,0.0252443681847978
482.06375788464345,-65.72469100455095,197.40163827296712,-3.0335538665411197,0.024830562753404707
482.230101486398,-65.89002744341602,197.38336207141336,-3.0294578980722786,0.024416478924211164
482.3964450881525,-66.05528829321047,197.36441450432227,-3.025430825944591,0.024002217389285027
482.56278868990705,-66.22047217923162,197.3448072667482,-3.0214726717309555,0.023587873254596447
482.7291322916616,-66.38557786465387,197.32455205063752,-3.017583441643472,0.02317353611454568
482.8954758934161,-66.55060424781202,197.30366054156886,-3.013763127443597,0.022759290133487178
483.06181949517065,-66.71555035945647,197.28214441569565,-3.0100117073381605,0.022345214133516755
483.22816309692524,-66.8804153599831,197.26001533688554,-3.0063291468603337,0.021931381687832194
483.3945066986798,-67.0451985366457,197.23728495405558,-3.002715399734635,0.021517861218999526
483.5608503004343,-67.20989930075429,197.21396489869727,-2.9991704087252473,0.021104716101494586
483.72719390218884,-67.37451718486795,197.19006678258842,-2.995694106466921,0.0206920047679093
483.8935375039434,-67.53905183998128,197.1656021956873,-2.9922864162780054,0.020279780818266775
484.0598811056979,-67.70350303271587,197.14058270420495,-2.9889472529550067,0.01986809313188955
484.22622470745245,-67.86787064251335,197.115019848851,-2.985676523548435,0.019456985981334655
484.392568309207,-68.0321546588407,197.08892514324862,-2.9824741281194993,0.019046499147904773
484.5589119109615,-68.19635517840747,197.0623100725138,-2.979339960477507,0.018636668038302672
484.72525551271605,-68.36047240239817,197.035186091995,-2.9762739088978103,0.018227523802018933
484.8915991144706,-68.52450663372487,197.00756462616772,-2.9732758568201607,0.017819093449065484
485.0579427162251,-68.68845827430036,196.97945706768002,-2.970345683527509,0.01741139996771266
485.22428631797965,-68.8523278223365,196.9508747765436,-2.9674832648052054,0.01700446244189875
485.3906299197342,-69.0161158696683,196.92182907946727,-2.964688473580747,0.016598296168025415
485.5569735214887,-69.17982309910582,196.8923312693263,-2.9619611805441557,0.01619291277086797
485.72331712324325,-69.34345028181703,196.8623926047647,-2.959301254749162,0.015788320318357925
485.8896607249978,-69.50699827474206,196.83202430992532,-2.9567085641954036,0.015384523435022161
486.0560043267523,-69.67046801803839,196.80123757430306,-2.9541829763918965,0.014981523413889525
486.22234792850685,-69.83386053256231,196.77004355271822,-2.9517243589020126,0.014579318326685601
486.3886915302614,-69.99717691738358,196.73845336540333,-2.9493325798702834,0.014177903132173465
486.5550351320159,-70.16041834733615,196.70647809820173,-2.9470075085313474,0.013777269782508645
486.72137873377045,-70.32358607060466,196.67412880287262,-2.94474901570138,0.013377407327499636
486.887722335525,-70.4866814063471,196.64141649749837,-2.942556974252358,0.012978302016682278
487.0540659372795,-70.64970574235392,196.60835216699104,-2.9404312595695403,0.01257993739913434
487.22040953903405,-70.8126605327447,196.5749467636933,-2.9383717499925184,0.012182294420969127
487.3867531407886,-70.97554729569993,196.5412112080716,-2.936378327240268,0.011785351520471686
487.5530967425431,-71.13836761122991,196.5071563894954,-2.9344508768205597,0.01138908472084223
487.71944034429765,-71.30112311897993,196.47279316710242,-2.932589288424141,0.010993467720534417
487.8857839460522,-71.46381551607028,196.43813237074323,-2.9307934563041034,0.010598471981187223
488.0521275478067,-71.62644655497115,196.4031848020041,-2.9290632796408116,0.010204066813157015
488.21847114956125,-71.78901804141273,196.36796123530408,-2.9273986628928075,0.00981021945866915
488.3848147513158,-71.95153183232794,196.3324724190632,-2.925799516134075,0.009416895172620983
488.5511583530703,-72.11398983382809,196.2967290769389,-2.9242657553780647,0.0090240573010752
488.7175019548249,-72.27639399921038,196.26074190912834,-2.9227973028888377,0.008631667357489799
488.88384555657944,-72.4387463269954,196.2245215937328,-2.9213940874797277,0.00823968509674507
489.050189158334,-72.60104885899487,196.18807878818242,-2.920056044799859,0.007848068587027152
489.2165327600885,-72.7633036784078,196.15142413071814,-2.9187831176088794,0.007456774279641648
489.38287636184305,-72.9255129079426,196.11456824192865,-2.9175752560402533,0.007065757076837894
489.5492199635976,-73.0876787079661,196.07752172633968,-2.9164324178534278,0.006674970397723326
489.7155635653521,-73.24980327467652,196.04029517405343,-2.9153545686751876,0.006284366242361133
489.88190716710665,-73.41188883827988,196.00289916244023,-2.9143416822306083,0.005893895254193616
490.0482507688612,-73.57393717401487,195.9653421584562,-2.9133517174566457,0.006049769954706472
490.2145943706157,-73.73594763199523,195.92762209632494,-2.9123287166944194,0.006250104575295857
490.38093797237025,-73.89791878568703,195.88973361780933,-2.911272379859041,0.006450579477895728
490.5472815741248,-74.05984919080173,195.85167136384115,-2.9101826837628986,0.0066511928335872255
490.7136251758793,-74.2217373848326,195.8134299759014,-2.909059605551096,0.006851942468970853
490.87996877763385,-74.38358188652018,195.77500409624864,-2.9079031227597296,0.007052825854465395
491.0463123793884,-74.54538119532045,195.7363883681595,-2.906713213376112,0.007253840092573936
491.2126559811429,-74.70713379087528,195.6975774361829,-2.9054898559009525,0.007454981906122555
491.37899958289745,-74.8688381324857,195.65856594640746,-2.9042330294124903,0.0076562476264778944
491.545343184652,-75.03049265858793,195.61934854674317,-2.9029427136325925,0.007857633181750236
491.7116867864065,-75.19209578623196,195.57991988721727,-2.9016188889948187,0.008059134084989466
491.87803038816105,-75.35364591056438,195.54027462028532,-2.9002615367144418,0.008260745422382879
492.0443739899156,-75.51514140431404,195.500407401156,-2.8988706388604344,0.00846246184146274
492.2107175916701,-75.67658061728169,195.4603128881336,-2.8974461784294205,0.00866427753933244
492.37706119342465,-75.83796187583432,195.41998574297418,-2.895988139421571,0.008866186250923433
492.5434047951792,-75.99928348240296,195.3794206312594,-2.8944965069184665,0.00906818123729044
492.7097483969337,-76.16054371498628,195.33861222278605,-2.8929712671628836,0.009270255273959855
492.87609199868825,-76.32174082665823,195.29755519197326,-2.8914124076405336,0.00947240063933997
493.0424356004428,-76.48287304508216,195.256244218286,-2.889819917163705,0.00967460910320921
493.2087792021973,-76.6439385720295,195.21467398667735,-2.888193785956832,0.00987687191529261
493.37512280395185,-76.80493558290567,195.17283918804742,-2.8865340057439353,0.010079179793944253
493.5414664057064,-76.965862226282,195.13073451972156,-2.8848405698379493,0.01028152291494808
493.7078100074609,-77.12671662343396,195.08835468594665,-2.8831134732319015,0.010483890900453485
493.87415360921545,-77.28749686788798,195.04569439840623,-2.8813527126919087,0.010686272808064324
494.04049721097,-77.44820102497478,195.00274837675488,-2.8795582868519833,0.010888657120095735
494.2068408127245,-77.60882713139118,194.95951134917217,-2.877730196310615,0.011091031733018763
494.3731844144791,-77.7693731947704,194.91597805293586,-2.8758684437290807,0.01129338394711178
494.53952801623365,-77.929837193262,194.8721432350156,-2.873973033931463,0.011495700456338527
494.7058716179882,-78.09021707512034,194.8280016526865,-2.8720439740063335,0.01169796733847202
494.8722152197427,-78.25051075830378,194.78354807416298,-2.870081273410051,0.011900170045488129
495.03855882149725,-78.41071613008369,194.73877727925364,-2.8680849440716423,0.012102293394247987
495.2049024232518,-78.5708310466644,194.6936840600371,-2.8660550004992076,0.0123043215574945
495.3712460250063,-78.73085333281601,194.64826322155778,-2.863991459887776,0.012506238055187345
495.53758962676085,-78.89078078151711,194.6025095825443,-2.8618943422286023,0.012708025746196727
495.7039332285154,-79.05061115361164,194.55641797614797,-2.859763670419791,0.012909666820386245
495.8702768302699,-79.21034217747831,194.50998325070356,-2.8575994703782115,0.013111142791107137
496.03662043202445,-79.369971548713,194.4632002705111,-2.855401771152636,0.013312434488131273
496.202964033779,-79.52949692982703,194.41606391663953,-2.8531706050379886,0.013513522051052052
496.3693076355335,-79.68891594995885,194.3685690877519,-2.850906007690677,0.013714384923177845
496.53565123728805,-79.84822620460145,194.32071070095222,-2.8486080182448887,0.013915001845948448
496.7019948390426,-80.00742525534659,194.27248369265416,-2.8462766794297587,0.014115350853903804
496.8683384407971,-80.16651062964478,194.2238830194712,-2.8439120376873452,0.01431540927023245
497.03468204255165,-80.32547982058276,194.1749036591289,-2.8415141432912856,0.014515153702931178
497.2010256443062,-80.48433028667961,194.12554061139764,-2.8390830504660314,0.01471456004160655
497.3673692460607,-80.64305945170021,194.0757888990484,-2.8366188175065794,0.014913603454946193
497.53371284781525,-80.80166470448901,194.0256435688282,-2.8341215068985446,0.015112258388894675
497.7000564495698,-80.9601433988233,193.97509969245758,-2.831591185438486,0.015310498565561622
497.8664000513243,-81.11849285328638,193.92415236764938,-2.8290279243543583,0.015508296982894207
498.03274365307885,-81.27671035116295,193.87279671914683,-2.826431799425936,0.01570562591514695
498.1990872548334,-81.4347931403561,193.82102789978342,-2.8238028911050956,0.015902456914177864
498.3654308565879,-81.5927384333258,193.76884109156194,-2.8211412846358237,0.01609876081160206
498.53177445834245,-81.75054340705172,193.7162315067544,-2.8184470701737854,0.016294507721835026
498.698118060097,-81.90820520301976,193.6631943890198,-2.8157203429052986,0.016489667046055933
498.8644616618515,-82.06572092723243,193.60972501454197,-2.8129612031655875,0.016684207477119337
499.03080526360606,-82.22308765024496,193.55581869318567,-2.8101697565561325,0.016878097005446565
499.1971488653606,-82.38030240722703,193.50147076967062,-2.8073461140609517,0.01707130292592516
499.3634924671151,-82.53736220309642,193.44667663690964,-2.804491353840874,0.01721684754560354
499.52983606886966,-82.69426455330967,193.39143327884526,-2.8016272861827893,0.01721882442729037
499.6961796706242,-82.85100802929115,193.33574074036056,-2.798762834178209,0.017221468495046795
499.8625232723788,-83.00759132044094,193.279599409485,-2.7958978869264666,0.017224778778512813
500.0288668741333,-83.16401311060287,193.22300966081008,-2.793032333683047,0.01722875437213249
500.19521047588785,-83.32027207789324,193.16597185558197,-2.7901660638487176,0.017233394434611984
500.3615540776424,-83.4763668945234,193.1084863417966,-2.787298966958874,0.01723869818837723
500.5278976793969,-83.63229622662041,193.05055345429466,-2.7844309326730077,0.017244664919031188
500.69424128115145,-83.78805873405024,192.9921735148554,-2.781561850764218,0.017251293974810584
500.860584882906,-83.94365307023908,192.9333468322909,-2.778691611108854,0.017258584766041512
501.0269284846605,-84.0990778819955,192.87407370254,-2.775820103676228,0.017266536764593866
501.19327208641505,-84.25433180933294,192.8143544087616,-2.7729472185184156,0.01727514950333412
501.3596156881696,-84.40941348529057,192.7541892214285,-2.770072845760174,0.017284422575576292
501.5259592899241,-84.5643215357566,192.69357839842002,-2.7671968755889074,0.017294355634530714
501.69230289167865,-84.71905457928874,192.63252218511565,-2.764319198244773,0.01730494839275001
501.8586464934332,-84.87361122693652,192.57102081448772,-2.7614397040108405,0.017316200621572474
502.0249900951877,-85.02799008206233,192.50907450719438,-2.758558283203369,0.017328112150561827
502.19133369694225,-85.18218974016327,192.44668347167254,-2.7556748261621586,0.017340682866943544
502.3576772986968,-85.33620878869108,192.38384790423083,-2.7527892232410207,0.017353912715036904
502.5240209004513,-85.4900458068739,192.32056798914238,-2.7499013647983137,0.017367801695682736
502.69036450220585,-85.64369936553585,192.25684389873797,-2.747011141187599,0.017382349865666037
502.8567081039604,-85.79716802691779,192.1926757934989,-2.744118442748377,0.01739755733713352
503.0230517057149,-85.95045034449689,192.12806382215024,-2.7412231597969257,0.01741342427700515
503.18939530746945,-86.1035448628055,192.06300812175482,-2.738325182617252,0.01742995090637945
503.355738909224,-86.25645011725112,191.99750881780602,-2.7354244014521107,0.017447137499932267
503.5220825109785,-86.40916463393386,191.93156602432205,-2.7325207064941597,0.017464984385308052
503.68842611273305,-86.56168692946582,191.8651798439402,-2.7296139878771846,0.017483491942503704
503.8547697144876,-86.71401551078759,191.7983503680112,-2.7267041356674553,0.017502660603243916
504.0211133162421,-86.86614887498607,191.73107767669413,-2.72379103985517,0.01752249085034795
504.18745691799666,-87.01808550911132,191.6633618390514,-2.7208745903460008,0.01754298321708703
504.3538005197512,-87.16982415585034,191.59520350559933,-2.717976149357052,0.017090746511381094
504.5201441215057,-87.32136858106487,191.52661440712225,-2.715203682957377,0.016243276956415028
504.68648772326026,-87.47272713346163,191.45761609187616,-2.7125722766243854,0.01539476522630924
504.8528313250148,-87.62390850256784,191.3882304010721,-2.7100820906870915,0.014545365501920144
505.0191749267693,-87.77492155341902,191.31847912578831,-2.707733261042816,0.01369521747206092
505.18551852852386,-87.92577531573914,191.2483840067176,-2.7055259015076487,0.012844447060753685
505.3518621302784,-88.07647897325995,191.17796673440185,-2.7034601060442816,0.01199316717384466
505.518205732033,-88.22704185318005,191.10724894992256,-2.7015359508642427,0.011141478462006053
505.6845493337875,-88.3774734157621,191.0362522460185,-2.6997534964020473,0.010289470097457626
505.85089293554205,-88.52778324406812,190.964998168599,-2.6981127891591563,0.009437220562013411
506.0172365372966,-88.67798103382674,190.8935082186244,-2.6966138634160663,0.008584798444366808
506.1835801390511,-88.82807658342973,190.82180385432278,-2.6952567428111234,0.007732263244759815
506.34992374080565,-88.97807978404889,190.7499064937148,-2.694041441785001,0.006879666185459279
506.5162673425602,-89.12800060986906,190.6778375174166,-2.692967966889958,0.0060270510256560765
506.6826109443147,-89.27784910842736,190.60561827169172,-2.692036317963264,0.005174454879641144
506.84895454606925,-89.42763539104968,190.53327007172476,-2.69124648916432,0.0043219090372867515
507.0152981478238,-89.57736962337472,190.46081420508682,-2.6905984698751673,0.0034694397860339124
507.1816417495783,-89.72706201595643,190.38827193536508,-2.6900922454641765,0.002617069233727949
507.34798535133285,-89.87672281493218,190.31566450592948,-2.689727797912836,0.0017648161317873503
507.5143289530874,-90.02636229274552,190.2430131438077,-2.6895051063056092,0.0009126966982868425
507.6806725548419,-90.17599073891338,190.17033906364128,-2.6894241471829132,6.0725440616229347e-05
507.84701615659645,-90.32561845082337,190.09766347169568,-2.689484894757301,-0.0007910840225403025
508.013359758351,-90.47525572455072,190.02500756989735,-2.689687320992988,-0.0016427181401329303
508.1797033601055,-90.62491284568156,189.95239255986917,-2.690031395548891,-0.002494162608782044
508.34604696186005,-90.77460008013104,189.87983964693922,-2.690517085585369,-0.0033454015541169355
508.5123905636146,-90.92432766494349,189.80737004409383,-2.691144355434917,-0.004196416713634302
508.6787341653691,-91.07410579906303,189.73500497584894,-2.6919131661370725,-0.005047186621332784
508.84507776712366,-91.22394463396405,189.6627656820554,-2.692823467302686,-0.005887420814917722
509.0114213688782,-91.37385187952215,189.59066845791224,-2.693776791247851,-0.005574712894990658
509.1777649706327,-91.52382591806791,189.51871027663645,-2.694678112151515,-0.0052621708576999545
509.34410857238726,-91.67386288688323,189.44688339952478,-2.6955274568349585,-0.004949785278681867
509.5104521741418,-91.82395894522604,189.37518008201693,-2.696324850493728,-0.004637546066897142
509.6767957758963,-91.97411027331867,189.3035925739107,-2.6970703165920953,-0.004325442504446597
509.84313937765086,-92.12431307100739,189.23211311971087,-2.697763876762123,-0.0040134632867508185
510.0094829794054,-92.27456355641696,189.16073395895586,-2.6984055507093996,-0.003701596562433507
510.1758265811599,-92.42485796459866,189.08944732652574,-2.698995356125379,-0.0033898299729281426
510.34217018291446,-92.57519254617286,189.01824545293275,-2.699533308606289,-0.00307815069182357
510.508513784669,-92.72556356596604,188.94712056459414,-2.7000194215785642,-0.002766545463968143
510.6748573864235,-92.87596730164485,188.87606488409105,-2.7004537062307654,-0.0024550006443500674
510.84120098817806,-93.0264000423431,188.8050706304132,-2.7008361714519475,-0.002143502236782448
511.00754458993265,-93.17685808728757,188.7341300191913,-2.7011668237764486,-0.001832035932406764
511.1738881916872,-93.32733774441839,188.66323526291853,-2.7014456673350717,-0.00152058714804717
511.3402317934417,-93.4778353290073,188.59237857116239,-2.7016727038126342,-0.001209141064435008
511.50657539519625,-93.62834716227249,188.52155215076877,-2.7018479324118676,-0.0008976826643330734
511.6729189969508,-93.77886956999131,188.45074820605868,-2.701971349823652,-0.0005861967705835746
511.8392625987053,-93.92939888111006,188.37995893902036,-2.7020429502035763,-0.00027466808411029245
512.0056062004599,-94.07993142635283,188.30917654949718,-2.702062725154814,3.691877810098783e-05
512.1719498022144,-94.23046353682724,188.23839323537288,-2.702030663717324,0.0003485792450108196
512.3382934039689,-94.38099154263116,188.1676011927556,-2.701946752363367,0.0006603287535017346
512.5046370057235,-94.53151177145546,188.09679261616287,-2.7018109749993564,0.0009721827102820507
512.670980607478,-94.68202054718884,188.02595969870708,-2.7016233129740503,0.0012841564537013162
512.8373242092325,-94.83251418851971,187.95509463228598,-2.7013837450931106,0.0015962652154358102
513.003667810987,-94.98298900754047,187.88418960777523,-2.7010922476400396,0.0019085240820288182
513.1700114127416,-95.13344130834939,187.8132368152293,-2.7007487944035367,0.002220947956243982
513.3363550144961,-95.28386738565467,187.74222844408803,-2.700353356711296,0.00253355151821417
513.5026986162507,-95.43426349194259,187.67115661761457,-2.699903097216751,0.0029183621458117558
513.6690422180052,-95.58462503278702,187.60001169310158,-2.6993788338797313,0.0033850452994312118
513.8353858197597,-95.73494648879073,187.52878211409964,-2.6987769267900745,0.0038518938243479895
514.0017294215143,-95.88522227371965,187.4574562330433,-2.698097349917583,0.004318889768041955
514.1680730232688,-96.03544677717298,187.3860224093656,-2.697340080311049,0.00478601404079123
514.3344166250233,-96.18561436209505,187.31446901130508,-2.69650509829865,0.00525324628071804
514.5007602267779,-96.335719362307,187.24278441775218,-2.695592387710775,0.0057205647189632
514.6671038285324,-96.48575608006043,187.17095702014316,-2.6946019361252698,0.006187946045092408
514.8334474302869,-96.63571878361529,187.0989752244039,-2.6935337351350372,0.006655365272854911
514.9997910320415,-96.78560170484634,187.0268274529468,-2.6923877806379313,0.007122795606429868
515.166134633796,-96.93539903688122,186.95450214672624,-2.691164073148844,0.007590208307305131
515.3324782355505,-97.0851049317706,186.88198776735612,-2.6898626181338923,0.00805757256193821
515.4988218373051,-97.23471349819943,186.80927279929134,-2.688483426366508,0.008524855350391337
515.6651654390596,-97.38421879923591,186.73634575207967,-2.6870265143053222,0.008992021316106444
515.8315090408141,-97.53361485012714,186.66319516268638,-2.6854919044935777,0.009459032637042222
515.9978526425687,-97.68289561614225,186.58980959789346,-2.6838796259798574,0.009925848898388092
516.1641962443232,-97.8320550104683,186.5161776567796,-2.6821897147598337,0.01039242696709632
516.3305398460777,-97.98108689216026,186.44228797328273,-2.6804222142387344,0.010858720868484524
516.4968834478323,-98.12998506415346,186.36812921884695,-2.67857717571412,0.011324681665198708
516.6632270495868,-98.27874327133785,186.29369010515944,-2.6766546588786,0.011790257338817726
516.8295706513413,-98.42735519870233,186.2189593869772,-2.674654732341982,0.012255392674428912
516.9959142530959,-98.57581446954923,186.14392586504883,-2.672577474172379,0.012720029148497099
517.1622578548504,-98.72411464378918,186.0685783891313,-2.670422972455635,0.013184104820401402
517.3286014566049,-98.87224921631488,185.99290586110462,-2.6681913258724865,0.013647554227999544
517.4949450583595,-99.02021161546243,185.91689723818826,-2.665882644292736,0.014110308287625523
517.661288660114,-99.16799520156422,185.8405415362565,-2.6634970493856365,0.014572294198939835
517.8276322618685,-99.31559326559712,185.76382783325874,-2.6610346752457006,0.015033435355060774
517.9939758636231,-99.46299902757124,185.68674527293263,-2.6584956690392865,0.015493651257311888
518.1603194653776,-99.61020622055037,185.6092841733445,-2.6559064995036836,0.015583911698975663
518.3266630671321,-99.75721211939535,185.53144173637196,-2.6533118128155366,0.015612866859225409
518.4930066688867,-99.90401535747746,185.4532177725019,-2.650712275975994,0.01564222640786199
518.6593502706412,-100.05061456072356,185.3746120933969,-2.648107821788143,0.01567198949764683
518.8256938723957,-100.19700834554712,185.29562450646685,-2.6454983831957706,0.01570215528399264
518.9920374741503,-100.34319531876893,185.2162548149751,-2.6428838932829932,0.015732722924030544
519.1583810759048,-100.48917407753773,185.13650281814728,-2.6402642852740557,0.015763691575670858
519.3247246776593,-100.63494320925041,185.0563683112803,-2.63763949253329,0.015795060396657512
519.491068279414,-100.78050129147508,184.97585108585108,-2.6350094485651985,0.015826828543615976
519.6574118811685,-100.92584689187123,184.89495092962812,-2.632374087014742,0.01585899517109385
519.823755482923,-101.07097856811279,184.81366762678252,-2.6297333416677557,0.015891559430594435
519.9900990846776,-101.21589486781062,184.7320009580005,-2.6270871464515335,0.015924520469602892
520.1564426864321,-101.36059432843521,184.64995070059658,-2.6244354354355823,0.015957877430604457
520.3227862881866,-101.50507547724,184.5675166286287,-2.6217781428325395,0.015991629450094778
520.4891298899412,-101.64933683118545,184.4846985130128,-2.6191152029992444,0.0160257756575821
520.6554734916957,-101.79337689686318,184.4014961216397,-2.6164465504379875,0.01606031517458089
520.8218170934502,-101.93719417042074,184.31790921949286,-2.6137721197979267,0.01609524711359684
520.9881606952048,-102.0807871374867,184.23393756876675,-2.611091845876669,0.016130570577102973
521.1545042969593,-102.2241542730967,184.14958092898698,-2.608405663622029,0.016166284656506553
521.3208478987139,-102.36729404162021,184.0648390571307,-2.6057135081339395,0.016202388431107027
521.4871915004684,-102.51020489668605,183.97971170774994,-2.603015314666585,0.016238880967043647
521.6535351022229,-102.65288528111185,183.8941986330937,-2.600311018630641,0.016275761316234507
521.8198787039775,-102.7953336268305,183.8082995832334,-2.597600555595759,0.016313028515304584
521.986222305732,-102.93754835482001,183.72201430618895,-2.5948838612931846,0.016350681584504385
522.1525659074865,-103.0795278750325,183.63534254805543,-2.5921608716185767,0.016388719526618092
522.318909509241,-103.22127058632455,183.54828405313222,-2.5894315226350044,0.01642714132586127
522.4852531109956,-103.36277487638834,183.46083856405255,-2.5866957505761223,0.016465945946768132
522.6515967127501,-103.50403912168292,183.37300582191523,-2.5839534918495484,0.016505132333067822
522.8179403145047,-103.64506168736665,183.2847855664173,-2.581204683040416,0.016544699406550036
522.9842839162592,-103.78584092723115,183.1961775359879,-2.5784492609151077,0.016584646065919716
523.1506275180137,-103.92637518363495,183.10718146792445,-2.575687162425202,0.016624971185640398
523.3169711197683,-104.0666627874384,183.01779709852957,-2.5729183247116056,0.01666567361476638
523.4833147215228,-104.20670205794018,182.92802416324986,-2.570142685108867,0.016706752175763732
523.6496583232773,-104.3464913028139,182.83786239681604,-2.5673601811497053,0.016748205663319755
523.8160019250319,-104.48602881804601,182.74731153338485,-2.5645707505697293,0.016790032843140918
523.9823455267864,-104.62531288787481,182.65637130668244,-2.56177433131236,0.016832232450739316
524.1486891285409,-104.76434178473068,182.56504145014955,-2.5589708615339513,0.016874803190207493
524.3150327302955,-104.903113769177,182.47332169708787,-2.5561602796091227,0.01691774373298159
524.48137633205,-105.04162708985227,182.38121178080888,-2.553342524136297,0.016961052716592758
524.6477199338045,-105.17987998341384,182.2887114347836,-2.550517533943443,0.017004728743406944
524.8140635355591,-105.31787067448295,182.1958203927942,-2.5476852480940213,0.01704877037935313
524.9804071373136,-105.45559737558979,182.10253838908795,-2.5448456058931685,0.01709317615263943
525.1467507390681,-105.59305828712144,182.0088651585325,-2.5419985468940722,0.017137944552457915
525.3130943408227,-105.73025159727067,181.91480043677225,-2.539144010904558,0.017183074027677908
525.4794379425772,-105.86717548198521,181.82034396038833,-2.53628193799393,0.017228562985527142
525.6457815443317,-106.00382810491988,181.7254954670585,-2.5334122684999874,0.01727440979026211
525.8121251460863,-106.14020761738924,181.63025469572028,-2.530534943036298,0.017320612761826577
525.9784687478408,-106.27631215832251,181.53462138673467,-2.527649902499666,0.017367170174499128
526.1448123495953,-106.41213985421909,181.43859528205343,-2.524757088077861,0.017414080255529162
526.3111559513499,-106.5476888191071,181.34217612538657,-2.521856441257536,0.0174613411837624
526.4774995531044,-106.68295715450185,181.24536366237314,-2.51894790383241,0.017508951088254978
526.6438431548589,-106.81794294936792,181.14815764075303,-2.5160314179116567,0.017556908046877387
526.8101867566135,-106.9526442800818,181.0505578105409,-2.5131069259285357,0.017605210084907806
526.976530358368,-107.08705921039672,180.952563924203,-2.510174370649265,0.017653855173615007
527.1428739601225,-107.22118579140921,180.85417573683466,-2.5072336951821232,0.017702841228831527
527.3092175618771,-107.35502206152847,180.75539300634028,-2.504284842986778,0.01775216610951729
527.4755611636316,-107.48856604644662,180.65621549361614,-2.50132775788388,0.017801827616313434
527.6419047653861,-107.62181577055405,180.55664297855964,-2.4983640257630104,0.01775979912020545
527.8082483671407,-107.75477133207467,180.45667801456963,-2.495441340436556,0.01738039290568151
527.9745919688952,-107.88743733102491,180.35632907886972,-2.4925818381592,0.017000141950702714
528.1409355706497,-108.01981902960033,180.2556053833967,-2.4897856535882084,0.016619116204476522
528.3072791724043,-108.15192177646252,180.1545161061365,-2.487052910001061,0.016237382533583915
528.4736227741588,-108.28375100386833,180.0530703903619,-2.4843837198064196,0.01585500475685865
528.6399663759133,-108.41531222488112,179.9512773439462,-2.4817781850478964,0.015472043684515187
528.8063099776679,-108.54661103062014,179.84914603878667,-2.4792363979009737,0.015088557161357858
528.9726535794224,-108.67765308754691,179.74668551033366,-2.476758441162436,0.01470460011378228
529.1389971811769,-108.80844413479372,179.6439047572222,-2.474344388731664,0.014320224600278588
529.3053407829315,-108.93898998153207,179.54081274100412,-2.4719943060832787,0.013935479865170242
529.471684384686,-109.0692965043849,179.4374183859748,-2.4697082507305668,0.013550412395316793
529.6380279864405,-109.19936964488133,179.33373057909495,-2.4674862726792663,0.013165065979536218
529.8043715881951,-109.32921540695466,179.22975817000201,-2.465328414871264,0.01277948177050234
529.9707151899496,-109.45883985448552,179.12550997110824,-2.4632347136177883,0.01239369834888444
530.1370587917041,-109.5882491088901,179.02099475778206,-2.4612051990217614,0.012007751789510919
530.3034023934587,-109.7174493467515,178.91622126861142,-2.4592398953890124,0.011621675729356148
530.4697459952132,-109.84644679749726,178.81119820574358,-2.4573388216280243,0.011235501437145275
530.6360895969678,-109.9752477411209,178.7059342352997,-2.45550199163799,0.01084925788440004
530.8024331987224,-110.10385850594783,178.60043798786094,-2.453729414684937,0.010462971817748296
530.9687768004769,-110.23228546644559,178.49471805902223,-2.4520210957657325,0.010076667832337741
531.1351204022315,-110.3605350410769,178.38878301001228,-2.4503770359597974,0.009690368446204505
531.301464003986,-110.48861369019595,178.28264136837575,-2.448797232768377,0.009304094175454525
531.4678076057405,-110.61652791398643,178.17630162871424,-2.4472816804412467,0.008917863610130113
531.634151207495,-110.74428425044141,178.06977225348487,-2.44583037029075,0.008531693490642579
531.8004948092496,-110.87188927338207,177.96306167385262,-2.444443290993089,0.00814559878466544
531.9668384110041,-110.99934959051714,177.85617829059282,-2.44312042887678,0.00775959276438261
532.1331820127587,-111.12667184153992,177.74913047504324,-2.441861768198247,0.007373687084008808
532.2995256145132,-111.25386269626168,177.6419265701011,-2.440667291404501,0.006987891857498757
532.4658692162677,-111.38092885278186,177.53457489126325,-2.4395369793828734,0.006602215736371052
532.6322128180223,-111.50787703569151,177.4270837277073,-2.4384708116978135,0.006216665987587947
532.7985564197768,-111.63471399431,177.31946134341055,-2.4374687668147215,0.005831248571430707
532.9649000215313,-111.76144650095378,177.21171597830406,-2.4365308223108304,0.005445968219322316
533.1312436232859,-111.88808134923427,177.10385584946073,-2.435656955073153,0.005060828511558157
533.2975872250404,-112.01462535238464,176.9958891523131,-2.4348471414835102,0.004675831954907333
533.4639308267949,-112.14108534161335,176.8878240619007,-2.4341013575906607,0.004290980060055696
533.6302744285495,-112.26746816448309,176.7796687341419,-2.4334195792695623,0.003906273418866925
533.796618030304,-112.39378068331271,176.67143130713137,-2.4328017823678034,0.0035217117814452764
533.9629616320585,-112.52002977360125,176.56311990245834,-2.4322479428392274,0.003137294132984954
534.129305233813,-112.64622232247244,176.45474262654383,-2.4317580368647946,0.002753018770395723
534.2956488355676,-112.77236522713652,176.34630757199614,-2.431332040960716,0.0023688833787042086
534.4619924373221,-112.89846539336953,176.237822818981,-2.4309699320738996,0.0019848851072248757
534.6283360390767,-113.02452973400673,176.12929643660453,-2.4306716876647405,0.0016010206455052487
534.7946796408312,-113.150565167449,176.02073648430837,-2.430437285777301,0.0012172862990492757
534.9610232425857,-113.27657861618083,175.91215101327157,-2.4302667050969085,0.000833678064824338
535.1273668443403,-113.40257700529588,175.80354806782245,-2.4301599249952166,0.0004501917065662487
535.2937104460948,-113.52856726103239,175.69493568685243,-2.4301169255627477,6.682282988245666e-05
535.4600540478493,-113.65455630931184,175.58632190523454,-2.430137687628967,-0.00031643304282351044
535.6263976496039,-113.78055107428203,175.47771475524252,-2.4302221927698997,-0.0006995803976000047
535.7927412513584,-113.90655847686205,175.3691222679688,-2.4303704233033323,-0.001082623654354657
535.9590848531129,-114.03258543328721,175.26055247473897,-2.4305823622716183,-0.001465567092407646
536.1254284548675,-114.15863885365121,175.1520134085224,-2.430857993412107,-0.001848414776175245
536.291772056622,-114.2847256404461,175.04351310533454,-2.431197301115225,-0.0022311704809792076
536.4581156583765,-114.41085268709408,174.93505960563138,-2.4316002703702226,-0.00261383761895997
536.6244592601311,-114.5370268764746,174.82666095569246,-2.432066886698608,-0.0029964191650979216
536.7908028618856,-114.66325507937671,174.71832520904485,-2.432597134688759,-0.0033758074421068925
536.9571464636401,-114.78954238355891,174.61005836265903,-2.43314222078523,-0.003177941550683242
537.1234900653947,-114.91588690345188,174.50185829070574,-2.4336543991237054,-0.0029801468296835913
537.2898336671492,-115.04228504592464,174.3937208645869,-2.434133681251004,-0.0027824197405391417
537.4561772689037,-115.16873322518337,174.2856419518602,-2.43458007811243,-0.002584756593881683
537.6225208706583,-115.29522786234566,174.177617416479,-2.434993600027743,-0.0023871535597014843
537.7888644724128,-115.42176538496405,174.0696431190684,-2.4353742566686165,-0.002189606677535191
537.9552080741673,-115.54834222654557,173.96171491719923,-2.4357220570377778,-0.0019921118666138275
538.1215516759219,-115.67495482607067,173.8538286656563,-2.4360370094498367,-0.001794664935967663
538.2878952776764,-115.80159962750943,173.7459802167037,-2.4363191215137974,-0.0015972615944949762
538.4542388794309,-115.9282730793351,173.63816542034786,-2.436568400117231,-0.001399897460997274
538.6205824811855,-116.05497163403693,173.53038012459646,-2.436784851412125,-0.0012025680741816463
538.78692608294,-116.1816917476311,173.42262017571525,-2.4369684808023893,-0.001005268902635048
538.9532696846945,-116.30842987917018,173.3148814184831,-2.4371192929330174,-0.0008079953547741498
539.1196132864491,-116.43518249025173,173.2071596964443,-2.4372372916809066,-0.0006107427887722092
539.2859568882036,-116.5619460445263,173.0994508521596,-2.4373224801473246,-0.0004135065224675575
539.4523004899581,-116.68871700720345,172.99175072745618,-2.4373748606520205,-0.00021628184325821916
539.6186440917127,-116.81549184455868,172.88405516367632,-2.437394434728985,-1.9064017983563036e-05
539.7849876934672,-116.94226702343927,172.7763600019253,-2.4373812031238526,0.0001781516972019797
539.9513312952217,-117.06903901076971,172.6686610833193,-2.4373351657929434,0.00037537004695856966
540.1176748969763,-117.1958042730575,172.56095424923333,-2.4372563219039503,0.000572595766892498
540.2840184987308,-117.32255927589927,172.4532353415487,-2.4371446698382644,0.0007698335736853904
540.4503621004853,-117.449300483487,172.34550020290175,-2.4370002071949446,0.0009670881552164125
540.6167057022399,-117.57602435811421,172.23774467693377,-2.4368229307963323,0.0011643641606744835
540.7830493039944,-117.70272735968464,172.12996460854103,-2.436612836695309,0.0013616661906590984
540.9493929057489,-117.8294059452197,172.0221558441275,-2.436369920184203,0.0015589987872620095
541.1157365075035,-117.95605656836872,171.91431423185887,-2.436094175805351,0.0017563664241308876
541.282080109258,-118.08267567891926,171.80643562191878,-2.4357855973633074,0.0019537734965081248
541.4484237110125,-118.20925972231016,171.69851586676754,-2.4354441779387197,0.0021512243112445048
541.6147673127671,-118.33580513914482,171.59055082140424,-2.4350699099038633,0.0023487230767812216
541.7811109145217,-118.46230836470835,171.48253634363036,-2.434662784939846,0.0025462738931021447
541.9474545162763,-118.58876582848397,171.3744682943194,-2.4342227940554904,0.0027438807416461744
542.1137981180308,-118.71517395367505,171.2663425376874,-2.4337499276078907,0.002941547475186194
542.2801417197853,-118.84152915672688,171.15815494156962,-2.4332441753246625,0.0031392778076631636
542.4464853215399,-118.96782784685227,171.0499013777011,-2.432705526327886,0.003337075303978211
542.6128289232944,-119.09406642556077,170.94157772200072,-2.432133969159746,0.0035349433697405667
542.7791725250489,-119.22024128618943,170.83317985486184,-2.43152949180989,0.0037328852409652725
542.9455161268035,-119.3463488134382,170.72470366144753,-2.430892081744496,0.003930903973723119
543.111859728558,-119.47238538290843,170.61614503199115,-2.43022172593707,0.004129002433739364
543.2782033303125,-119.59834736064532,170.50749986210334,-2.4295184109009793,0.004327183285939514
543.444546932067,-119.72423110268412,170.39876405308436,-2.4287821227237245,0.004525448983941959
543.6108905338216,-119.85003295460115,170.2899335122442,-2.4280128471029694,0.004723801759496025
543.7772341355761,-119.97574925106893,170.18100415322849,-2.427210569384328,0.004922243611865285
543.9435777373307,-120.10137631541612,170.07197189635156,-2.426375274600927,0.005120776297155285
544.1099213390852,-120.22691045919336,169.96283266893687,-2.4255069475147377,0.005319401317587632
544.2762649408397,-120.35234798174274,169.85358240566597,-2.424605572659713,0.005518119910716623
544.4426085425943,-120.47768516977469,169.74421704893413,-2.423671134386708,0.005716933038594805
544.6089521443488,-120.60291829694945,169.63473254921482,-2.422703616910215,0.005915841376884094
544.7752957461033,-120.72804362346575,169.52512486543242,-2.4217030043569094,0.006114845303916494
544.9416393478579,-120.85305739565491,169.41538996534427,-2.4206692808160253,0.006313944889704494
545.1079829496124,-120.97795584558229,169.30552382593106,-2.4196024303915578,0.006513139884905212
545.2743265513669,-121.10273519065615,169.1955224337966,-2.4185024372563064,0.006712429709740454
545.4406701531215,-121.22739163324304,169.08538178557762,-2.4173692857077653,0.006911813442875017
545.607013754876,-121.35192136029146,168.97509788836294,-2.4162029602258692,0.007111289810258196
545.7733573566305,-121.47632054296335,168.86466676012282,-2.4150034455325944,0.007310857173932016
545.9397009583851,-121.60058533627469,168.75408443014825,-2.41377072665342,0.007510513520812172
546.1060445601396,-121.7247118787431,168.6433469395018,-2.412504788980674,0.0077102564514431055
546.2723881618941,-121.84869629204661,168.53245034147793,-2.4112056183387294,0.007910083168739115
546.4387317636487,-121.97253468069088,168.4213907020745,-2.409873201051087,0.008109990466712989
546.6050753654032,-122.09622313168563,168.31016410047664,-2.4085075240093365,0.008309974719199267
546.7714189671577,-122.21975771423226,168.19876662955107,-2.407108574743985,0.00851003186858281
546.9377625689123,-122.34313447942208,168.08719439635126,-2.4056763414971596,0.008710157414539108
547.1041061706668,-122.46634945994494,167.97544352263586,-2.404210813297187,0.008910346402793668
547.2704497724213,-122.5893986698092,167.86351014539855,-2.4027119800350425,0.00911059341391144
547.4367933741759,-122.71227810407461,167.75139041740934,-2.4011798325426468,0.009310892552127742
547.6031369759304,-122.83498373859601,167.63908050776914,-2.399614362673033,0.009511237434227807
547.7694805776849,-122.95751152978046,167.52657660247593,-2.3980155633823514,0.009711621178489286
547.9358241794395,-123.07985741435786,167.4138749050041,-2.3963834288137007,0.009912036393700044
548.102167781194,-123.20201730916367,167.30097163689635,-2.3947179543828,0.010112475168260422
548.2685113829485,-123.323987110938,167.1878630383675,-2.3930191368654317,0.010312929059390363
548.4348549847031,-123.44576269613646,167.07454536892314,-2.391286974486709,0.010513389082446966
548.6011985864576,-123.5673399207583,166.96101490798847,-2.3895214670120746,0.010713845700376482
548.7675421882121,-123.68871462018801,166.8472679555535,-2.3877226158400746,0.01091428881330857
548.9338857899667,-123.80988260905475,166.73330083282804,-2.3858904240968166,0.011114707748316782
549.1002293917212,-123.9308396811064,166.61910988291254,-2.3840248967321482,0.011315091249355883
549.2665729934757,-124.05158160910199,166.50469147147987,-2.382126040617465,0.01151542746739996
549.4329165952303,-124.17210414471984,166.39004198747227,-2.3801938646451686,0.011715703950794928
549.5992601969848,-124.29240301848566,166.2751578438097,-2.3782283798296833,0.011915907635850482
549.7656037987393,-124.4124739397174,166.1600354781123,-2.376229599410035,0.012116024837687098
549.9319474004939,-124.5323125964895,166.0446713534357,-2.3741975389539256,0.012316041241362116
550.0982910022484,-124.6519146556167,165.9290619590195,-2.372132216463258,0.012515941893295591
550.2646346040029,-124.77127576265818,165.81320381104769,-2.370033652481053,0.012715711193020583
550.4309782057575,-124.89039154194123,165.69709345342312,-2.367901870199725,0.012915332885277242
550.597321807512,-125.0092575966069,165.580727458554,-2.3657368955706293,0.01311479005247942
550.7636654092665,-125.12786950867655,165.46410242815233,-2.363538757414837,0.013314065107575122
550.9300090110211,-125.24622283914047,165.34721499404623,-2.3613074875350675,0.013513139787327391
551.0963526127756,-125.36431312806937,165.23006181900257,-2.3590431208286886,0.01371199514604253
551.2626962145301,-125.48213589474955,165.11263959756198,-2.356745695401721,0.013910611549772016
551.4290398162847,-125.59968663784005,164.99494505688656,-2.3544152526837903,0.014108968671012365
551.5953834180392,-125.71696083555544,164.87697495761736,-2.352051837543888,0.014307045483935622
551.7617270197937,-125.83395394587282,164.7587260947439,-2.349655498406893,0.014504820260175156
551.9280706215483,-125.9506614067638,164.6401952984838,-2.347226287370747,0.014702270565196419
552.0944142233028,-126.06707863645248,164.52137943517275,-2.344764260324176,0.014899373255282043
552.2607578250573,-126.18320103369922,164.40227540816522,-2.3422694770648738,0.015096104475159373
552.4271014268119,-126.29902397811139,164.28288015874327,-2.3397420014180037,0.015292439656302254
552.5934450285664,-126.4145428304812,164.1631906670356,-2.337181901354946,0.015488353515934526
552.7597886303209,-126.52975293315077,164.0432039529445,-2.334589249112139,0.015683820056766405
552.9261322320756,-126.6446496104059,163.9229170770813,-2.331964121309902,0.01587881256749385
553.0924758338301,-126.7592281688978,163.80232714170847,-2.3293065990711064,0.016073303624090693
553.2588194355847,-126.87348389809404,163.68143129168965,-2.326616768139574,0.016267265091922656
553.4251630373392,-126.98741207075835,163.56022671544574,-2.3238947189980483,0.016460668128713652
553.5915066390937,-127.10100794346076,163.43871064591605,-2.321140546985593,0.016653483188394255
553.7578502408483,-127.21426675711733,163.3168803615253,-2.3183543524142847,0.016845680025860076
553.9241938426028,-127.32718373756032,163.19473318715467,-2.3155362406850353,0.01703722770266892
554.0905374443573,-127.43975410187284,163.0722665014376,-2.3126869958598797,0.017192521174861426
554.2568810461119,-127.55197401320547,162.9494786043938,-2.30982425905929,0.01722713398536715
554.4232246478664,-127.66384159917538,162.82636963125987,-2.3069557168715074,0.01726232092344114
554.5895682496209,-127.77535521876122,162.7029399402178,-2.304081273897937,0.017298080722936624
554.7559118513755,-127.88651321637244,162.57918988778664,-2.3012008349511817,0.017334412129956164
554.92225545313,-127.99731392184877,162.45511982894905,-2.298314305051533,0.0173713139010786
555.0885990548845,-128.10775565039748,162.33073011734777,-2.295421589425366,0.017408784801555402
555.2549426566391,-128.21783670253024,162.20602110548384,-2.292522593503858,0.017446823603494442
555.4212862583936,-128.3275553640019,162.08099314491528,-2.289617222921988,0.01748542908403145
555.5876298601481,-128.43690990574945,161.955646586458,-2.286705383517871,0.017524600023487498
555.7539734619027,-128.54589858383272,161.8299817803857,-2.283786981332355,0.017564335203512683
555.9203170636572,-128.654519639375,161.70399907663423,-2.2808619226089877,0.017604633405214308
556.0866606654117,-128.76277129850584,161.5776988250038,-2.2779301137942336,0.017645493407269987
556.2530042671663,-128.87065177230377,161.4510813753653,-2.2749914615380633,0.01768691398402388
556.4193478689208,-128.97815925674144,161.32414707786586,-2.2720458726948127,0.017728893903566533
556.5856914706753,-129.0852919326311,161.19689628313714,-2.269093254324395,0.017771431925796628
556.7520350724299,-129.19204796557176,161.06932934250457,-2.2661335136938185,0.01781452680046478
556.9183786741844,-129.2984255058968,160.94144660819816,-2.26316655827905,0.017858177265198175
557.0847222759389,-129.40442268862455,160.8132484335645,-2.2601922957671876,0.017902382043506037
557.2510658776935,-129.51003763340876,160.68473517328084,-2.2572106340589766,0.01794713984276487
557.417409479448,-129.6152684444914,160.55590718357018,-2.2542214812716663,0.01799244935218305
557.5837530812025,-129.72011321065645,160.42676482241896,-2.2512247457422085,0.0180383092407441
557.7500966829571,-129.82457000518642,160.29730844979457,-2.24822033603077,0.018084718155128805
557.9164402847116,-129.9286368858187,160.167538427867,-2.2452081609246513,0.018131674717614094
558.0827838864661,-130.03231189470537,160.03745512123018,-2.2421881294424972,0.018179177523950093
558.2491274882207,-130.13559305837404,159.90705889712615,-2.239160150838896,0.018227225141213478
558.4154710899752,-130.23847838769052,159.77635012567058,-2.2361241346093297,0.018275816105637138
558.5818146917297,-130.34096587782372,159.64532918008027,-2.233079990495483,0.01832494892041594
558.7481582934843,-130.4430535082125,159.51399643690303,-2.2300276284909275,0.01837462205348759
558.9145018952388,-130.54473924253406,159.38235227624833,-2.2269669588471745,0.01842483393528883
559.0808454969933,-130.64602102867596,159.25039708202064,-2.2238978920800885,0.01847558295648639
559.2471890987479,-130.74689679870804,159.1181312421554,-2.220820338976719,0.018526867465681694
559.4135327005024,-130.84736446885958,158.9855551488548,-2.2177342106024556,0.01857868576709064
559.5798763022569,-130.94742193949594,158.85266919882827,-2.2146394183086415,0.018631036118195894
559.7462199040115,-131.0470670951001,158.7194737935328,-2.2115358737405164,0.01868391672737376
559.912563505766,-131.1462978042553,158.58596933941672,-2.208423488845597,0.018737325751493648
560.0789071075205,-131.2451119196306,158.452156248165,-2.2053021758824523,0.018791261293490662
560.2452507092751,-131.3435072779698,158.31803493694647,-2.202171847429865,0.01884572139991151
560.4115943110296,-131.44148170008262,158.1836058286634,-2.1990324163964217,0.01890070405843279
560.5779379127841,-131.53903299083885,158.04886935220387,-2.1958837960305226,0.01895620719535191
560.7442815145387,-131.63615893916577,157.91382594269479,-2.1927258999307915,0.019012228673051107
560.9106251162932,-131.73285731804853,157.77847604175847,-2.1895586420569213,0.01906876628743364
561.0769687180477,-131.8291258845335,157.64282009777136,-2.186381936740963,0.019125817765332565
561.2433123198023,-131.92496237973586,157.5068585661235,-2.1831956986990058,0.01918338076189294
561.4096559215568,-132.0203645288492,157.37059190948202,-2.179999843043345,0.019241452857925986
561.5759995233113,-132.11533004115987,157.23402059805565,-2.1767942852950544,0.019300031557236766
561.7423431250659,-132.2098566100641,157.09714510986248,-2.1735789413970314,0.01935911428392489
561.9086867268204,-132.3039419130895,156.9599659309988,-2.1703537277274743,0.01941869837965877
562.0750303285749,-132.39758361192028,156.82248355591054,-2.167118561113814,0.019478781100923766
562.2413739303295,-132.49077935242536,156.68469848766833,-2.163873358847141,0.019539359616243913
562.407717532084,-132.58352676469252,156.5466112382422,-2.1606180386970375,0.019600431003379142
562.5740611338385,-132.67582346306443,156.4082223287816,-2.1573525189269454,0.01966199224649638
562.7404047355931,-132.76766705212157,156.26953229308356,-2.1540774522825545,0.019670548962388675
562.9067483373476,-132.8590570749428,156.13054296020326,-2.1508271965947228,0.01940813643222623
563.0730919391021,-132.94999790902614,155.99125930606738,-2.147620655884366,0.019144959040733444
563.2394355408567,-133.0404947165603,155.85168674414058,-2.1444579531213326,0.018881067792203252
563.4057791426112,-133.13055271891932,155.71183064300624,-2.1413392029205065,0.018616512081403087
563.5721227443657,-133.22017719463767,155.57169632616933,-2.1382645118142998,0.01835133969136332
563.7384663461203,-133.30937347754414,155.4312890717217,-2.1352339785208017,0.018085596793130786
563.9048099478748,-133.39814695492873,155.2906141120658,-2.1322476942118067,0.017819327947748743
564.0711535496295,-133.48650306574433,155.14967663369038,-2.129305742780278,0.01755257611034694
564.237497151384,-133.57444729884017,155.00848177700325,-2.1264082011070506,0.017285382636247154
564.4038407531385,-133.66198519123364,154.86703463621257,-2.123555139326269,0.01701778728896161
564.5701843548931,-133.74912232641626,154.72534025926063,-2.120746621089403,0.016749828249991727
564.7365279566476,-133.83586433269733,154.58340364780594,-2.117982703827463,0.016481542130315534
564.9028715584021,-133.92221688158386,154.44122975725327,-2.115263439011198,0.016212963983466427
565.0692151601567,-134.00818568619943,154.29882349682845,-2.1125888724089528,0.01594412732009677
565.2355587619112,-134.09377649974036,154.15618972969875,-2.1099590443420198,0.015675064123935604
565.4019023636657,-134.17899511397073,154.01333327313628,-2.1073739899372144,0.015405804869039901
565.5682459654203,-134.2638473577553,153.87025889872186,-2.1048337393764784,0.015136378538248337
565.7345895671748,-134.3483390956324,153.7269713325905,-2.102338318143327,0.014866812642747317
565.9009331689293,-134.43247622642502,153.583475255714,-2.0998877472659396,0.014597133242660465
566.0672767706839,-134.5162646818907,153.4397753042223,-2.0974820435567683,0.014327364968580591
566.2336203724384,-134.59971042541088,153.29587606975988,-2.0951212198484765,0.014057531043959005
566.3999639741929,-134.68281945071888,153.15178209987639,-2.0928052852260866,0.013787653308275433
566.5663075759475,-134.76559778066644,153.00749789845156,-2.090534245255221,0.013517752240915231
566.732651177702,-134.84805146602892,152.86302792615123,-2.088308102206318,0.013247846985679657
566.8989947794565,-134.93018658434866,152.71837660091447,-2.086126855274718,0.012977955375862358
567.0653383812111,-135.01200923881638,152.57354829846932,-2.0839905007965336,0.012708093959824706
567.2316819829656,-135.09352555719028,152.42854735287784,-2.081899032460235,0.012438278027011005
567.3980255847201,-135.17474169075214,152.28337805710723,-2.079852441513872,0.012168521634342198
567.5643691864747,-135.25566381330057,152.13804466362728,-2.0778507169678773,0.01189883763293325
567.7307127882292,-135.33629812018006,151.992551385033,-2.0758938457934106,0.011629237695083304
567.8970563899837,-135.41665082734684,151.84690239468924,-2.0739818131161747,0.011359732341484838
568.0633999917383,-135.4967281704695,151.70110182739944,-2.0721146024057067,0.011090330968611384
568.2297435934928,-135.57653640406394,151.55515378009642,-2.070292195660104,0.010821041876238004
568.3960871952473,-135.656081800664,151.40906231255127,-2.0685145735861474,0.010551872295051402
568.5624307970019,-135.73537065002398,151.26283144810472,-2.066781715774843,0.010282828414318603
568.7287743987564,-135.81440925835565,151.11646517441528,-2.0650936008723497,0.010013915409573667
568.8951180005109,-135.89320394759613,150.96996744422697,-2.0634502067463134,0.009745137470296763
569.0614616022655,-135.97176105470933,150.82334217615139,-2.0618515106475757,0.00947649782754773
569.22780520402,-136.05008693101655,150.6765932554685,-2.0602974893673167,0.009207998781538763
569.3941488057745,-136.12818794155802,150.52972453494203,-2.0587881193896114,0.008939641729114928
569.5604924075291,-136.20607046448447,150.3827398356487,-2.057323377039414,0.00867142719112175
569.7268360092836,-136.28374089047668,150.23564294782233,-2.0559032386260117,0.008403354839643992
569.8931796110381,-136.36120562219367,150.08843763171043,-2.0545276805819523,0.008135423525095664
570.0595232127927,-136.43847107374788,149.94112761844426,-2.0531966795974856,0.007867631303149296
570.2258668145472,-136.515543670207,149.79371661091912,-2.0519102127505313,0.007599975461489086
570.3922104163017,-136.59242984712108,149.64620828468838,-2.0506682576322235,0.007332452546381962
570.5585540180563,-136.66913605007585,149.4986062888654,-2.0494707924680333,0.007065058389050884
570.7248976198108,-136.74566873426787,149.35091424703876,-2.048317796234547,0.006797788131854634
570.8912412215653,-136.8220343641061,149.203135758193,-2.0472092487718707,0.006530636254254386
571.0575848233199,-136.89823941283242,149.055274397644,-2.046145130891777,0.006263596598583172
571.2239284250744,-136.9742903621674,148.90733371797722,-2.0451254244815398,0.005996662395595124
571.3902720268289,-137.05019370197374,148.75931724999896,-2.044150112603566,0.0057298262898147195
571.5566156285835,-137.12595592994222,148.61122850369205,-2.043219179590814,0.005463080364672282
571.722959230338,-137.2015834528193,148.4630709187213,-2.042328569504769,0.005294830290254698
571.8893028320925,-137.27708034866328,148.31484672735408,-2.041453408714712,0.005227492708371923
572.0556464338471,-137.35244832624878,148.16655694286,-2.040589450482828,0.005160138677890198
572.2219900356016,-137.4276889907392,148.0182025203467,-2.0397366974612368,0.00509276920357075
572.3883336373561,-137.5028039499456,147.8697844108834,-2.038895152137492,0.005025385259345417
572.5546772391107,-137.57779481426803,147.72130356153917,-2.038064816839677,0.004957987788681035
572.7210208408652,-137.652663196637,147.57276091542278,-2.0372456937414465,0.004890577704947655
572.8873644426197,-137.72741071245702,147.42415741172258,-2.0364377848669992,0.004823155891789396
573.0537080443743,-137.80203897954954,147.2754939857466,-2.0356410920959904,0.004755723203498525
573.2200516461288,-137.8765496180983,147.12677156896433,-2.0348556171683856,0.004688280465392412
573.3863952478833,-137.95094425059443,146.97799108904832,-2.0340813616892475,0.0046208284741932025
573.5527388496379,-138.02522450178313,146.82915346991587,-2.0333183271334585,0.004553367998409673
573.7190824513924,-138.09939199861057,146.6802596317736,-2.032566514850388,0.004485899778722418
573.885426053147,-138.1734483701722,146.53131049115913,-2.0318259260684846,0.004418424528370142
574.0517696549015,-138.24739524766156,146.38230696098657,-2.0310965618998087,0.004350942933539032
574.218113256656,-138.32123426432025,146.23324995059025,-2.0303784233445032,0.004283455653753676
574.3844568584105,-138.39496705538843,146.08414036576983,-2.02967151129519,0.0042159633222698
574.5508004601651,-138.4685952580562,145.93497910883636,-2.0289758265413136,0.004148466546469342
574.7171440619196,-138.54212051141585,145.78576707865787,-2.0282913697734077,0.004080965908256541
574.8834876636741,-138.61554445641482,145.6365051707063,-2.027618141587301,0.004013461964455984
575.0498312654287,-138.68886873580948,145.48719427710438,-2.0269561424882574,0.0039459552472119845
575.2161748671832,-138.76209499411985,145.337835286673,-2.026305372895046,0.00387844626438918
575.3825184689379,-138.83522487758486,145.18842908497922,-2.0256658331439485,0.0038109354999745415
575.5488620706924,-138.9082600341184,145.03897655438473,-2.0250375234926947,0.003743423414480472
575.7152056724469,-138.981202113266,144.8894785740946,-2.0244204441243374,0.0036759104453490082
575.8815492742015,-139.05405276616276,144.7399360202064,-2.0238145951510536,0.0036083970073568002
576.047892875956,-139.12681364549138,144.59034976575973,-2.0232199766178818,0.0035408834930211936
576.2142364777105,-139.19948640544115,144.44072068078628,-2.0226365885063906,0.003473370273006975
576.3805800794651,-139.2720727016677,144.2910496323607,-2.0220644307382822,0.0034058576965340314
576.5469236812196,-139.34457419125332,144.14133748465028,-2.0215035031789212,0.0033383460917852615
576.7132672829741,-139.41699253266813,143.99158509896677,-2.020953805640804,0.003270835766315486
576.8796108847287,-139.48932938573162,143.84179333381766,-2.0204153378869525,0.003203327007460684
577.0459544864832,-139.56158641157532,143.691963044958,-2.0198880996342474,0.0031358200827475953
577.2122980882377,-139.6337652726052,143.5420950854427,-2.0193720905566876,0.003068315240304161
577.3786416899923,-139.7058676324659,143.39219030567853,-2.018867310288581,0.0030008127092694746
577.5449852917468,-139.77789515600475,143.2422495534772,-2.018373758427671,0.002933312700204724
577.7113288935013,-139.84984950923663,143.09227367410813,-2.017891434538192,0.002865815405504098
577.8776724952559,-139.92173235930946,142.94226351035206,-2.0174203381538587,0.002798320999805855
578.0440160970104,-139.99354537447002,142.7922199025548,-2.0169604687807823,0.0027308296404036686
578.2103596987649,-140.06529022403075,142.6421436886803,-2.016511825900324,0.002663341467657658
578.3767033005195,-140.1369685783369,142.49203570436623,-2.0160744089718774,0.002595856605406186
578.543046902274,-140.20858210873388,142.3418967829771,-2.015648217435582,0.0025283751613769286
578.7093905040285,-140.28013248753598,142.19172775565957,-2.015233250714968,0.002460897227598291
578.8757341057831,-140.3516213879947,142.0415294513972,-2.014829508219536,0.002393422880810779
579.0420777075376,-140.42305048426826,141.8913026970656,-2.0144369893472622,0.0023259521828781224
579.2084213092921,-140.49442145139088,141.7410483174883,-2.0140556934870437,0.002258485181198728
579.3747649110467,-140.56573596524356,141.59076713549135,-2.0136856200210653,0.0021910219091161556
579.5411085128012,-140.63699570252427,141.44045997196005,-2.0133267683271074,0.002123562386330338
579.7074521145557,-140.7082023407193,141.29012764589453,-2.0129791377807793,0.002056106619308122
579.8737957163103,-140.77935755807476,141.13977097446633,-2.0126427277576866,0.001988654601693805
580.0401393180648,-140.85046303356836,140.98939077307423,-2.012317537635531,0.0019212063147192831
580.2064829198193,-140.9215204468824,140.83898785540111,-2.012003566796139,0.0018537617276140391
580.3728265215739,-140.99253147837575,140.6885630334712,-2.011700814627426,0.0017863207980152612
580.5391701233284,-141.0634978090576,140.5381171177063,-2.01140928052529,0.0017188834723771565
580.7055137250829,-141.1344211205608,140.3876509169829,-2.0111289638954375,0.0016514496863802254
580.8718573268375,-141.20530309341927,140.23716523799564,-2.0108595584101705,0.0016180595643320093
581.038200928592,-141.27614362641353,140.08666004687854,-2.010569795787105,0.0018658470111150775
581.2045445303465,-141.34693744333592,139.93613287626167,-2.010238814182564,0.002113648936996914
581.3708881321011,-141.41767833161617,139.78558082456178,-2.0098666107174603,0.002361470972601663
581.5372317338556,-141.48836007510477,139.63500099651972,-2.009453181590107,0.002609318576949117
581.7035753356101,-141.55897645358633,139.4843905038952,-2.0089985221063946,0.0028571970175662103
581.8699189373647,-141.6295212422927,139.3337464661765,-2.008502626713301,0.003105111350530703
582.0362625391192,-141.69998821142372,139.18306601129507,-2.0079654890357306,0.003353066400462662
582.2026061408737,-141.77037112567422,139.0323462763434,-2.0073871019166853,0.0036010667404580434
582.3689497426283,-141.84066374376997,138.88158440829724,-2.0067674574607715,0.0038491166719620577
582.5352933443828,-141.91085981801166,138.73077756474422,-2.006106547081071,0.004097220204574033
582.7016369461373,-141.98095309382796,138.5799229146164,-2.005404361549371,0.00434538103578528
582.8679805478919,-142.05093730933893,138.42901763892942,-2.0046608910497703,0.004593602530643696
583.0343241496464,-142.12080619493005,138.27805893152672,-2.0038761252356774,0.004841887701346719
583.2006677514009,-142.19055347283702,138.12704399983022,-2.003050053290204,0.005090239186757338
583.3670113531555,-142.26017285674266,137.975970065599,-2.0021826639899802,0.005338659231844419
583.53335495491,-142.32965805138673,137.824834365693,-2.0012739457723905,0.00558714966704916
583.6996985566645,-142.39900275218878,137.67363415284424,-2.000323886806243,0.0058357118875768995
583.8660421584191,-142.4682006448848,137.5223666964375,-1.9993324750659043,0.006084346832614747
584.0323857601736,-142.5372454051786,137.3710292832963,-1.9982996984088857,0.006333054964481971
584.1987293619281,-142.60613069840943,137.21961921847796,-1.997225544656903,0.00658183624771525
584.3650729636827,-142.67485017923468,137.06813382607635,-1.9961100016804225,0.0068306901280926115
584.5314165654372,-142.7433974913298,136.91657045003478,-1.9949530574867067,0.007079615511602454
584.6977601671917,-142.81176626710618,136.76492645496558,-1.993754700311356,0.007328610743366549
584.8641037689463,-142.8799501274471,136.61319922697942,-1.9925149187133568,0.007577673586525051
585.0304473707008,-142.94794268146276,136.46138617452343,-1.9912337016736514,0.007826801201091135
585.1967909724553,-143.0157375262655,136.3094847292294,-1.9899110386972279,0.00807599012278788
585.3631345742099,-143.08332824676557,136.15749234676974,-1.9885469199187193,0.008325236241880783
585.5294781759644,-143.15070841548817,136.00540650772464,-1.9871413362115422,0.008574534782015997
585.695821777719,-143.21787159241316,135.85322471845734,-1.985694279300534,0.008823880279083835
585.8621653794735,-143.28481132483782,135.7009445119992,-1.9842057418781127,0.009073266560121687
586.028508981228,-143.3515211472629,135.54856344894606,-1.9826757177239474,0.00932268672227247
586.1948525829825,-143.41799458130416,135.3960791183618,-1.9811042018281084,0.009572133111823965
586.3611961847371,-143.48422513562892,135.2434891386941,-1.979491190517714,0.009821597303343695
586.5275397864917,-143.5502063059192,135.09079115869744,-1.977836681587016,0.010071070078939166
586.6938833882463,-143.61593157486203,134.937982858368,-1.976140674430946,0.010320541407661267
586.8602269900008,-143.68139441216775,134.78506194988614,-1.974403170182055,0.010570000425083173
587.0265705917553,-143.7465882746173,134.6320261785699,-1.9726241718508477,0.010819435413078386
587.1929141935099,-143.8115066061387,134.47887332383698,-1.9708036844694565,0.01106883377983075
587.3592577952644,-143.87614283791535,134.3256012001757,-1.9689417152386128,0.01131818204010776
587.5256013970189,-143.9404903885243,134.17220765812505,-1.9670382736778829,0.011567465795829696
587.6919449987735,-144.00454266410748,134.01869058526466,-1.965093371779118,0.011816669716969144
587.858288600528,-144.06829305857647,133.86504790721062,-1.963107024163025,0.01206577752282351
588.0246322022825,-144.1317349538504,133.71127758862195,-1.9610792482388477,0.012314771963692222
588.1909758040371,-144.19486172012913,133.5573776342132,-1.9590100643670385,0.01256363480300599
588.3573194057916,-144.25766671620207,133.40334608977543,-1.9568994960248762,0.01281234679994732
588.5236630075461,-144.3201432897933,133.24918104320358,-1.9547475699749208,0.013060887692609352
588.6900066093007,-144.38228477794434,133.09488062553024,-1.9525543164362218,0.01330923618173916
588.8563502110552,-144.44408450743433,132.94044301196652,-1.9503197692581942,0.01355736991511171
589.0226938128097,-144.50553579524006,132.78586642294724,-1.9480439660970152,0.01380526547258975
589.1890374145643,-144.5666319490347,132.63114912518182,-1.9457269485944682,0.01405289835191607
589.3553810163188,-144.62736626772784,132.47628943270843,-1.943368762559058,0.014300242955297714
589.5217246180733,-144.68773204204626,132.3212857079532,-1.9409694581493155,0.014547272576831588
589.6880682198279,-144.74772255515654,132.16613636279155,-1.9385290900591075,0.014793959390832449
589.8544118215824,-144.807331226445,132.01083991442715,-1.9360537587545978,0.014881528730664947
590.0207554233369,-144.86655552615068,131.8553964745193,-1.9335866892973157,0.014780816688919153
590.1870990250915,-144.92539745931322,131.6998078895721,-1.931136364871361,0.014680199073623439
590.353442626846,-144.98385927671302,131.54407607860426,-1.9287027692927365,0.01457968158301234
590.5197862286005,-145.04194323599282,131.38820294143588,-1.9262858854464195,0.014479269713312226
590.6861298303551,-145.09965160136713,131.23219035875024,-1.923885695319773,0.014378968760758282
590.8524734321096,-145.15698664333559,131.07604019216248,-1.9215021800356717,0.014278783823650755
591.0188170338641,-145.21395063840504,130.91975428428879,-1.9191353198852255,0.014178719804442113
591.1851606356187,-145.2705458688161,130.76333445882344,-1.9167850943602052,0.014078781411856828
591.3515042373732,-145.3267746222771,130.60678252061635,-1.9144514821850769,0.013978973163036373
591.5178478391277,-145.38263919170382,130.45010025575553,-1.9121344613486873,0.013879299385708853
591.6841914408823,-145.43814187496497,130.29328943165396,-1.9098340091356034,0.01377976422038007
591.8505350426368,-145.49328497463523,130.13635179713827,-1.9075501021570624,0.013680371622541676
592.0168786443913,-145.54807079775284,129.97928908254153,-1.9052827163815638,0.01358112536489499
592.1832222461459,-145.6025016555846,129.82210299979837,-1.9030318271650857,0.013482029039587066
592.3495658479004,-145.65657986339596,129.66479524254518,-1.9007974092809465,0.01338308606045731
592.5159094496549,-145.71030774022813,129.50736748622018,-1.8985794369492623,0.013284299665290161
592.6822530514095,-145.76368760868039,129.3498213881683,-1.896377883866049,0.01318567291807337
592.848596653164,-145.81672179469902,129.1921585877487,-1.8941927232319509,0.013087208711258869
593.0149402549185,-145.86941262737153,129.03438070644373,-1.8920239277805815,0.012988909768023303
593.1812838566731,-145.92176243872734,128.87648934797102,-1.889871469806493,0.012890778644526577
593.3476274584276,-145.9737735635444,128.71848609839734,-1.8877353211927668,0.012792817732166242
593.5139710601821,-146.02544833916076,128.56037252625606,-1.885615453438246,0.012695029259826292
593.6803146619367,-146.07678910529282,128.40215018266457,-1.8835118376843698,0.012597415296116679
593.8466582636912,-146.127798203859,128.24382060144552,-1.881424444741653,0.01249997775160366
594.0130018654457,-146.17847797880896,128.08538529924894,-1.8793532451157904,0.012402718381027867
594.1793454672003,-146.22883077595822,127.92684577567684,-1.8772982090333983,0.012305638785509259
594.3456890689548,-146.2788589428291,127.76820351340905,-1.8752593064673797,0.012208740414736118
594.5120326707093,-146.32856482849618,127.60945997833058,-1.873236507161938,0.012112024569137963
594.6783762724639,-146.3779507078857,127.45061659628676,-1.8712256099016267,0.012162131630066826
594.8447198742184,-146.42701459189252,127.29167346168344,-1.8691748560836743,0.012494795780777591
595.011063475973,-146.47574801646974,127.13262869571174,-1.8670687215685517,0.012827994062613495
595.1774070777275,-146.5241419502549,126.97348030296014,-1.8649071158618917,0.013161745955988381
595.343750679482,-146.57218733154076,126.81422634051599,-1.8626899453788042,0.013496069129936233
595.5100942812365,-146.61987506756984,126.65486491949548,-1.8604171137496428,0.013830979388217776
595.6764378829911,-146.66719603389157,126.4953942066061,-1.8580885221348773,0.014166490613839552
595.8427814847456,-146.714141073784,126.33581242574184,-1.8557040695493259,0.014502614712011773
596.0091250865001,-146.76070099774256,126.17611785961013,-1.853263653195987,0.014839361551579224
596.1754686882547,-146.8068665830382,126.01630885139298,-1.85076716880976,0.015176738904959651
596.3418122900092,-146.85262857334638,125.85638380643958,-1.8482145110112655,0.015514752386641992
596.5081558917637,-146.89797767845081,125.69634119399251,-1.8456055736710164,0.015853405390298163
596.6744994935183,-146.94290457402332,125.5361795489453,-1.8429402502841596,0.01619269902457449
596.8408430952728,-146.98739990148258,125.37589747363236,-1.840218434355997,0.01653263204763783
597.0071866970274,-147.03145426793515,125.2154936396509,-1.8374400197985037,0.016873200800558697
597.1735302987819,-147.07505824619992,125.05496678971318,-1.8346049013380088,0.01721439913962899
597.3398739005364,-147.1182023749208,124.89431573952929,-1.8317129749342127,0.017556218367719773
597.506217502291,-147.16087715876782,124.73353937972097,-1.8287641382107225,0.01789864716479286
597.6725611040456,-147.20307306873275,124.57263667776142,-1.8257582908971595,0.01824167151770474
597.8389047058001,-147.24478054251844,124.41160667994588,-1.8226953352830466,0.01858527464943309
598.0052483075547,-147.28598998502855,124.25044851338535,-1.8195751766834423,0.018929436947894507
598.1715919093092,-147.32669176895718,124.08916138802904,-1.8163977239165074,0.019274135894507036
598.3379355110637,-147.36687623548397,123.92774459870809,-1.8131628897929104,0.019619345992693982
598.5042791128183,-147.4065336950762,123.7661975272027,-1.8098705916171447,0.019965038696516724
598.6706227145728,-147.44565442840127,123.60451964432986,-1.8065207517006914,0.020311182339651967
598.8369663163273,-147.48422868735332,123.44271051204751,-1.8031132978869175,0.020657742064943422
599.0033099180819,-147.5222466961951,123.28076978557888,-1.7996481640876982,0.021004679754759798
599.1696535198364,-147.55969876889068,123.11869724212367,-1.7961320647862913,0.021095032584507994
599.3359971215909,-147.59658305928886,122.95649453895945,-1.7926616025315423,0.020631185829605398
599.5023407233455,-147.63291047910133,122.79416620653336,-1.7892683994700003,0.02016614117017538
599.6686843251,-147.66869316691552,122.63171692424864,-1.7859526453316592,0.019700012312533557
599.8350279268545,-147.70394332485344,122.46915125281676,-1.7827145113885543,0.019232907484284037
600.0013715286091,-147.73867321425578,122.3064736359727,-1.7795541513615907,0.018764929490975364
600.1677151303636,-147.7728951515432,122.14368840230213,-1.7764717023170709,0.018296175782665215
600.3340587321181,-147.80662150425226,121.98079976717341,-1.7734672855513476,0.01782673852964439
600.5004023338727,-147.8398646872465,121.81781183477091,-1.7705410074621917,0.01735670470659849
600.6667459356272,-147.87263715909938,121.65472860022165,-1.767692960405507,0.016886156184498558
600.8330895373817,-147.90495141864855,121.49155395180871,-1.7649232235361634,0.016415169829542317
600.9994331391363,-147.93682000171842,121.32829167326726,-1.7622318636318417,0.015943817608496193
601.1657767408908,-147.96825547800887,121.16494544615297,-1.7596189358988366,0.015472166699809076
601.3321203426453,-147.99927044814703,121.00151885228361,-1.7570844847589822,0.015000279609918517
601.4984639443999,-148.02987754089932,120.83801537624225,-1.7546285446167953,0.014528214294172545
601.6648075461544,-148.0600894105399,120.6744384079409,-1.7522511406061794,0.014056024281848533
601.8311511479089,-148.08991873437208,120.51079124523876,-1.7499522893160255,0.013583758804766154
601.9974947496635,-148.11937821039947,120.34707709661052,-1.7477319994941525,0.013111462929027717
602.163838351418,-148.14848055514187,120.18329908385918,-1.7455902727290937,0.01263917768944766
602.3301819531725,-148.1772385015926,120.01946024487138,-1.7435271041093383,0.012166940226271433
602.4965255549271,-148.20566479731283,119.85556353641076,-1.7415424828596657,0.011694783923806785
602.6628691566816,-148.2337722026577,119.69161183694321,-1.7396363929542702,0.01122273855061988
602.8292127584361,-148.2615734891314,119.52760794949589,-1.7378088137064809,0.01075083040099041
602.9955563601907,-148.28908143786435,119.3635546045408,-1.736059720334842,0.010279082437327539
603.1618999619452,-148.3163088382102,119.19945446290464,-1.734389084505456,0.00980751443329652
603.3282435636997,-148.34326848645551,119.03531011870007,-1.7327968748504743,0.009336143117419841
603.4945871654543,-148.36997318463915,118.87112410227626,-1.7312830574626736,0.008864982316945194
603.6609307672088,-148.39643573947566,118.70689888318596,-1.729847596366088,0.008394043101796837
603.8272743689633,-148.42266896137735,118.54263687316792,-1.7284904539627068,0.007923333928453642
603.9936179707179,-148.44868566357135,118.37834042914226,-1.7272115914552504,0.007452860783612971
604.1599615724724,-148.47449866130478,118.21401185621669,-1.7260109692460808,0.006982627327526471
604.326305174227,-148.50012077113539,118.04965341070167,-1.7248885473122904,0.006512635036904953
604.4926487759815,-148.5255648103004,117.88526730313428,-1.7238442855570748,0.006042883347321593
604.658992377736,-148.55084359616012,117.72085570130844,-1.7228781441374559,0.005573369795046463
604.8253359794905,-148.57596994571006,117.55642073331013,-1.721990083768463,0.005104090158267676
604.9916795812451,-148.60095667515787,117.39196449055827,-1.721180066003882,0.004635038597673316
605.1580231829996,-148.62581659955887,117.22748903084727,-1.7204480534936648,0.0041662077963696776
605.3243667847541,-148.65056253250577,117.06299638139359,-1.7197940102181268,0.0036975890991392604
605.4907103865087,-148.67520728586766,116.89848854188284,-1.7192179016990292,0.0032291726510396295
605.6570539882632,-148.69976366957255,116.73396748751966,-1.7187196951876655,0.0027609475353685044
605.8233975900177,-148.72424449142952,116.56943517207709,-1.718299359830045,0.002292901911013686
605.9897411917723,-148.7486625569848,116.40489353094512,-1.717956866809277,0.001825023149224343
606.1560847935268,-148.77303066940675,116.24034448418145,-1.7176921894652548,0.0013572979698540594
606.3224283952813,-148.79736162939503,116.07578993956038,-1.7175053033917123,0.0008897125771144718
606.4887719970359,-148.8216682351095,115.91123179561848,-1.717396186510736,0.000422252794888173
606.6551155987904,-148.84596328211285,115.74667194470274,-1.7173648191248043,-4.509579832479146e-05
606.821459200545,-148.87025956332266,115.58211227601404,-1.7174111839464037,-0.0005123477347877517
606.9878028022995,-148.89456986896818,115.41755467865046,-1.7175352661052745,-0.0009795175231597038
607.154146404054,-148.91890698654666,115.25300104464726,-1.7177370531333243,-0.0014466195143271077
607.3204900058086,-148.94328370077372,115.08845327201523,-1.7180165349272323,-0.0019136677673666212
607.4868336075631,-148.96771279352447,114.92391326777656,-1.7183737036887672,-0.002380675915580808
607.6531772093176,-148.9922070437585,114.7593829509965,-1.718808553842822,-0.0028476570325528545
607.8195208110722,-149.0167792274255,114.59486425581318,-1.7193210819331644,-0.0033146234981576025
607.9858644128267,-149.04144211734598,114.43035913446303,-1.7199112864958943,-0.0037815868644854463
608.1522080145812,-149.06620831052055,114.26586953428476,-1.7205703113146211,-0.00394887133054937
608.3185516163358,-149.09108151626276,114.10139608160644,-1.7211958734851698,-0.003572462990744173
608.4848952180903,-149.11605245719014,113.93693743856939,-1.7217588268289004,-0.0031961049663696687
608.6512388198448,-149.14111082944842,113.77249209420255,-1.7222591790524773,-0.00281978918000457
608.8175824215995,-149.16624633280975,113.60805852128729,-1.7226969364681353,-0.0024435069552208996
608.983926023354,-149.19144867015592,113.4436351782578,-1.7230721038998928,-0.002067249086923398
609.1502696251085,-149.2167075469434,113.27922051109856,-1.7233846846014527,-0.001691005911546461
609.3166132268631,-149.2420126706516,113.11481295523896,-1.7236346801857665,-0.0013147673771313475
609.4829568286176,-149.26735375021718,112.9504109374439,-1.7238220905662505,-0.0009385231133019203
609.6493004303721,-149.29272049545747,112.78601287770275,-1.723946913909634,-0.0005622625011703301
609.8156440321267,-149.31810261648482,112.6216171911169,-1.7240091466004306,-0.0001859747431963906
609.9819876338812,-149.34348982311408,112.4572222897854,-1.7240087832170308,0.00019035106697024034
610.1483312356357,-149.3688718242671,112.2928265846927,-1.7239458165194113,0.000566725874631126
610.3146748373903,-149.39423832737492,112.12842848759313,-1.7238202374484681,0.0009431605941447513
610.4810184391448,-149.4195790377811,111.96402641290022,-1.7236320351369834,0.0013196660389506857
610.6473620408993,-149.44488365814945,111.79961877957444,-1.7233811969322368,0.0016962528514993503
610.8137056426539,-149.47014188787628,111.63520401301624,-1.7230677084302883,0.002072931433041403
610.9800492444084,-149.49534342251192,111.47078054696064,-1.7226915535219502,0.002449711873259672
611.1463928461629,-149.52047795319376,111.30634682537443,-1.7222527144504771,0.002826603879715453
611.3127364479175,-149.54553516609124,111.14190130436046,-1.7217511718810166,0.0032036167070717
611.479080049672,-149.57050474186838,110.97744245406453,-1.7211869049818456,0.003580759086084264
611.6454236514265,-149.5953763551637,110.81296876058843,-1.7205598915174432,0.003958039152328714
611.8117672531811,-149.6201396740916,110.64847872791049,-1.719870107953447,0.004335464374643883
611.9781108549356,-149.64478435976764,110.48397087980935,-1.7191175295735235,0.0047130414832851075
612.1444544566901,-149.66930006585923,110.31944376179926,-1.718302130608234,0.005090776397756969
612.3107980584447,-149.69367643816565,110.15489594306898,-1.7174238843759133,0.005468674154334492
612.4771416601992,-149.71790311422944,109.99032601843128,-1.7164827634356463,0.0058467388332517824
612.6434852619537,-149.7419697229812,109.82573261027981,-1.7154787397523759,0.006224973485566286
612.8098288637083,-149.76586588442163,109.66111437055447,-1.714411784874204,0.006603380059699242
612.9761724654628,-149.78958120934263,109.49646998271658,-1.7132818701219426,0.006981959327659082
613.1425160672173,-149.81310529909015,109.33179816373149,-1.7120889667909518,0.0073607108109683995
613.3088596689719,-149.83642774537185,109.16709766606402,-1.7108330463653443,0.007739632706302603
613.4752032707264,-149.8595381301121,109.00236727967916,-1.7095140807445552,0.008118721810883894
613.641546872481,-149.88242602535726,108.83760583405532,-1.7081320424823594,0.00849797344764885
613.8078904742355,-149.90508099323324,108.67281220020529,-1.7066869050383422,0.008877381390239542
613.97423407599,-149.92749258595947,108.50798529270801,-1.705178643041867,0.009256937787861007
614.1405776777445,-149.94965034592036,108.3431240717479,-1.7036072325685416,0.00963663309006649
614.3069212794991,-149.97154380579875,108.17822754516438,-1.7019726514292053,0.010016455971530005
614.4732648812536,-149.99316248877267,108.01329477050847,-1.7002748794714149,0.0103963932568852
614.6396084830081,-150.0144959087794,107.84832485710902,-1.6985138988934376,0.010776429845706858
614.8059520847627,-150.03553357084863,107.68331696814458,-1.6966896945706873,0.011156548637734324
614.9722956865172,-150.05626497150834,107.5182703227237,-1.6948022543945893,0.011536730458432917
615.1386392882717,-150.07667959926593,107.35318419796938,-1.6928515696237727,0.011916953985011823
615.3049828900263,-150.09676693516684,107.18805793111058,-1.6908376352475458,0.012297195673014686
615.4713264917808,-150.11651645343468,107.02289092157525,-1.6887604503614968,0.012677429683626576
615.6376700935353,-150.1359176221943,106.85768263309025,-1.6866200185551619,0.013057627811828806
615.8040136952899,-150.1549599042815,106.69243259577667,-1.6844163483114922,0.013437759415580041
615.9703572970444,-150.17363275814168,106.52714040825276,-1.682149453418088,0.013817791346164524
616.136700898799,-150.19192563881987,106.36180573972949,-1.6798193533898436,0.014197687879914407
616.3030445005535,-150.20982799904579,106.19642833210665,-1.677426073902852,0.014577410651481628
616.469388102308,-150.22732929041513,106.03100800206305,-1.6749696472392623,0.014956918588871212
616.6357317040626,-150.24441896467053,105.86554464314048,-1.6724501127427853,0.015336167850450149
616.8020753058171,-150.26108647508462,105.7000382278178,-1.6698675172844761,0.015715111764165606
616.9684189075716,-150.27732127794695,105.53448880957676,-1.6672219157384742,0.016093700769202687
617.1347625093262,-150.29311283415794,105.36889652495094,-1.6645133714671676,0.016471882360350895
617.3011061110807,-150.30845061093115,105.20326159556132,-1.66174195681541,0.0168496010353283
617.4674497128352,-150.32332409739612,105.03758433114122,-1.6589091912314322,0.0171271341907862
617.6337933145898,-150.33772700295407,104.87186549449684,-1.6560766477729683,0.016929391522031993
617.8001369163443,-150.3516631720742,104.70610675387621,-1.65327700191008,0.016731599805659865
617.9664805180988,-150.36513794913964,104.5403098670508,-1.6505102601088812,0.016533779242191127
618.1328241198534,-150.3781566866698,104.37447654662802,-1.64777642554836,0.016335949158475298
618.2991677216079,-150.39072474449563,104.2086084604913,-1.645075498264644,0.016138128016646477
618.4655113233624,-150.40284748896414,104.04270723227188,-1.6424074752940856,0.015940333423550945
618.631854925117,-150.41453029217325,103.87677444182764,-1.639772350814701,0.015742582140582554
618.7981985268715,-150.42577853123632,103.71081162573354,-1.637170116285973,0.015544890093896289
618.964542128626,-150.43659758757693,103.54482027777986,-1.6346007605869048,0.015347272384962323
619.1308857303806,-150.4469928462527,103.37880184947909,-1.6320642701523116,0.01514974330143076
619.2972293321351,-150.45696969530889,103.21275775057978,-1.629560629107263,0.014952316328272533
619.4635729338896,-150.46653352516,103.04668934958762,-1.6270898193996626,0.014755004159168465
619.6299165356442,-150.47568972800076,102.88059797429284,-1.6246518209309135,0.014557818708116229
619.7962601373987,-150.4844436972446,102.71448491230304,-1.6222466116846321,0.014360771121226506
619.9626037391533,-150.49280082699016,102.54835141158132,-1.619874167853391,0.014163871788682522
620.1289473409079,-150.5007665115157,102.38219868098923,-1.6175344639634581,0.013967130356836381
620.2952909426624,-150.50834614479945,102.21602789083292,-1.6152274729975076,0.013770555740417141
620.4616345444169,-150.5155451200674,102.04984017341484,-1.612953166515316,0.013574156134829759
620.6279781461715,-150.52236882936754,101.88363662358594,-1.610711514772368,0.013377939028517239
620.794321747926,-150.5288226631688,101.71741829930257,-1.6085024868364344,0.013181911215370571
620.9606653496805,-150.53491200998675,101.55118622218552,-1.6063260507020751,0.012986078807163204
621.1270089514351,-150.54064225603312,101.38494137807989,-1.6041821734030652,0.01279044724599042
621.2933525531896,-150.54601878489066,101.21868471761748,-1.6020708211227612,0.012595021316697494
621.4596961549441,-150.55104697721168,101.05241715677948,-1.5999919593023944,0.01239980515927781
621.6260397566987,-150.55573221044062,100.88613957746091,-1.5979455527473156,0.012204802281226838
621.7923833584532,-150.56007985855953,100.7198528280342,-1.5959315657311768,0.01201001556983441
621.9587269602077,-150.5640952918566,100.55355772391442,-1.5939499620980868,0.011815447304404208
622.1250705619623,-150.56778387671713,100.3872550481231,-1.5920007053627336,0.011621099168384809
622.2914141637168,-150.57115097543632,100.22094555185241,-1.5900837588084993,0.011426972261401384
622.4577577654713,-150.57420194605382,100.05462995502756,-1.5881990855835737,0.011233067111175488
622.6241013672259,-150.57694214220885,99.88830894687064,-1.5863466487951223,0.01103938368532611
622.7904449689804,-150.5793769130168,99.72198318646045,-1.5845264116014686,0.010845921403036113
622.956788570735,-150.5815116029656,99.5556533032928,-1.5827383373023656,0.010652679146580654
623.1231321724895,-150.58335155183184,99.38931989783836,-1.5809823894273567,0.010459655272706786
623.289475774244,-150.58490209461652,99.22298354209985,-1.579258531822265,0.010266847623858683
623.4558193759985,-150.58616856149982,99.05664478016651,-1.5775667287338178,0.010074253539239676
623.6221629777531,-150.58715627781442,98.89030412876616,-1.5759069448924456,0.009881869865706239
623.7885065795076,-150.5878705640369,98.72396207781601,-1.5742791455932894,0.009689692968489476
623.9548501812621,-150.58831673579706,98.55761909097104,-1.572683296775439,0.009497718741738725
624.1211937830167,-150.58850010390478,98.39127560617,-1.57111936509943,0.009305942618883166
624.2875373847712,-150.5884259743933,98.22493203617755,-1.5695873180230246,0.009114359582806928
624.4538809865257,-150.58809964857988,98.05858876912649,-1.568087123875335,0.008922964175838651
624.6202245882803,-150.58752642314232,97.89224616905517,-1.5666187519292831,0.008731750509548431
624.7865681900348,-150.58671159021122,97.72590457644296,-1.5651821724724528,0.008540712274353351
624.9529117917893,-150.58566043747814,97.55956430874322,-1.5637773568763627,0.00834984274892977
625.1192553935439,-150.5843782483184,97.39322566091307,-1.562404277664185,0.008159134809430906
625.2855989952984,-150.58287030192926,97.2268889059409,-1.5610629085769516,0.007968580938510213
625.451942597053,-150.58114187348198,97.06055429537055,-1.559753224638272,0.007778173234149874
625.6182861988075,-150.57919823428844,96.89422205982314,-1.5584752022176,0.007587903418295634
625.784629800562,-150.57704465198125,96.7278924095158,-1.5572288190920804,0.007397762845298067
625.9509734023165,-150.57468639070737,96.56156553477811,-1.5560140545070085,0.007207742510162895
626.1173170040711,-150.57212871133487,96.39524160656538,-1.5548308892349314,0.007017833056610236
626.2836606058256,-150.56937687167252,96.22892077696862,-1.55367930563342,0.006828024784945547
626.4500042075802,-150.5664360728387,96.06260318127016,-1.5525558850497427,0.006781557719046377
626.6163478093347,-150.56330681493998,95.89628902460204,-1.5514018755114383,0.00709344586391631
626.7826914110892,-150.55998131711598,95.72997867687006,-1.5501959891140278,0.00740528455377662
626.9490350128438,-150.5564509573648,95.56367255256238,-1.548938236356684,0.00771704630566241
627.1153786145983,-150.55270711678432,95.3973710979926,-1.5476286323898043,0.008028702673712357
627.2817222163528,-150.54874118046908,95.23107479260935,-1.5462671971780082,0.008340224215279125
627.4480658181074,-150.54454453844326,95.06478415029953,-1.5448539556687195,0.00865158045779707
627.6144094198619,-150.54010858663156,94.8984997206813,-1.5433889379661752,0.008962739866486125
627.7807530216164,-150.53542472786722,94.73222209038981,-1.5418721795107562,0.00927366981295822
627.947096623371,-150.53048437294066,94.56595188434969,-1.5403037212634278,0.009584336544815778
628.1134402251255,-150.5252789416879,94.39968976703845,-1.5386836098951822,0.009894705156311003
628.27978382688,-150.51979986412135,94.23343644373612,-1.5370118979812442,0.010204739560158637
628.4461274286346,-150.51403858160282,94.06719266176069,-1.5352886441998712,0.010514402460584613
628.6124710303891,-150.50798654806033,93.90095921168988,-1.5335139135355338,0.01082365532769737
628.7788146321436,-150.5016352312495,93.73473692856568,-1.5316877774862316,0.011132458373277369
628.9451582338982,-150.49497611406053,93.56852669308228,-1.5298103142747235,0.01144077052807335
629.1115018356527,-150.488000695871,93.40232943275403,-1.5278816090633878,0.011748549420705618
629.2778454374072,-150.48070049394602,93.236146123065,-1.5259017541724684,0.012055751358268408
629.4441890391618,-150.47306704488614,93.06997778859649,-1.523870849301395,0.012362331308734117
629.6105326409163,-150.46509190612284,92.9038255041302,-1.5217890017528546,0.01266824288526246
629.7768762426708,-150.4567666574638,92.73769039572998,-1.5196563266593441,0.012973438332508481
629.9432198444254,-150.44808290268628,92.57157364179376,-1.5174729472117778,0.013277868515045385
630.1095634461799,-150.43903227118108,92.40547647408296,-1.5152389948899014,0.013581482907990156
630.2759070479344,-150.42960641964572,92.23940017871729,-1.512954609694002,0.013884229589955843
630.442250649689,-150.41979703382793,92.07334609714403,-1.5106199403776586,0.014186055238415884
630.6085942514435,-150.4095958303193,91.90731562707089,-1.5082351446809992,0.014486905127601915
630.774937853198,-150.39899455839884,91.74131022336738,-1.5058003895641288,0.014786723129026787
630.9412814549526,-150.38798500192686,91.57533139892931,-1.5033158514402272,0.015085451714742985
631.1076250567072,-150.3765589813139,91.40938072586749,-1.5007817164134494,0.015383031962788195
631.2739686584617,-150.3647021976746,91.24346027469598,-1.4980447050873047,0.018223272927872163
631.4403122602163,-150.3523421689822,91.07757658280934,-1.494696853443074,0.02203000868391448
631.6066558619708,-150.3393743196078,90.91173933015783,-1.490715166111197,0.02584460722746228
631.7729994637253,-150.32569362170958,90.74595939723166,-1.4860980803197719,0.029670057720115744
631.9393430654799,-150.31119487221977,90.58024904662503,-1.4808435752721814,0.033508866021321325
632.1056866672344,-150.2957726546744,90.41462213516083,-1.4749492586048083,0.03736298101720629
632.2720302689889,-150.27932132180456,90.2490943279628,-1.4684124654882231,0.04123371624656912
632.4383738707435,-150.26173500178746,90.0836833141291,-1.4612303711608536,0.045121666790965624
632.604717472498,-150.24290763117807,89.91840902330641,-1.4534001176640308,0.049026621715605304
632.7710610742525,-150.22273301763371,89.75329384204582,-1.4449189554685031,0.05294747273115987
632.9374046760071,-150.20110493560162,89.58836282836273,-1.435784400534483,0.05688212019879557
633.1037482777616,-150.17791725813058,89.42364392240322,-1.4259944071180235,0.06082737812439175
633.2700918795161,-150.1530641278787,89.2591681505594,-1.4155475563143887,0.06477888038042165
633.4364354812707,-150.12644409535395,89.09496917065485,-1.4046019317697385,0.0645115753848271
633.6027790830252,-150.098070617678,88.93106398050413,-1.3943198229454448,0.0591081997397332
633.7691226847797,-150.06808701277066,88.7674455606947,-1.3849387732448155,0.05367971235339912
633.9354662865343,-150.03664364245134,88.60410128253233,-1.3764621033365745,0.048236049305104216
634.1018098882888,-150.0038906608929,88.44101445795887,-1.3688916563444733,0.04278506863270216
634.2681534900433,-149.96997781166843,88.27816478285146,-1.362228128393843,0.037332735709789296
634.4344970917979,-149.93505429412494,88.11552877741832,-1.3564713667785915,0.03188332587374417
634.6008406935524,-149.89926869103596,87.95308022033197,-1.3516206334791845,0.02643963738164305
634.767184295307,-149.86276894929628,87.79079057456923,-1.3476748327711034,0.021003209465935063
634.9335278970615,-149.82570240542105,87.62862940406335,-1.344632702402507,0.01557454179676357
635.099871498816,-149.78821584772993,87.46656478123545,-1.342492968320787,0.010153312986544977
635.2662151005705,-149.75045560728157,87.30456368623611,-1.3412544632261676,0.004738596870935884
635.4325587023251,-149.71256766982776,87.14259239932592,-1.3409162093662041,-0.0006709238374434146
635.5989023040796,-149.67469737607226,86.98061698815275,-1.3414466209589408,-0.00462449872535547
635.7652459058341,-149.63694114700147,86.81861495175463,-1.3421924145567767,-0.004342441585241149
635.9315895075887,-149.59930194826254,86.65658568431418,-1.3428913074084992,-0.004060595445732417
636.0979331093432,-149.56177220179373,86.4945310297811,-1.3435433339694327,-0.0037789525035718027
636.2642767110978,-149.5243443313817,86.33245281542281,-1.3441485273626572,-0.0034975045471745945
636.4306203128523,-149.48701076271783,86.17035285298707,-1.3447069193134311,-0.003216242986700119
636.5969639146068,-149.44976392343256,86.00823293982934,-1.3452185400887513,-0.00293515888382267
636.7633075163614,-149.41259624311635,85.84609486004021,-1.3456834184418467,-0.0026542429812762337
636.9296511181159,-149.37550015332852,85.68394038557415,-1.3461015815615616,-0.0023734857321863184
637.0959947198704,-149.33846808759515,85.52177127737494,-1.3464730550266122,-0.00209287732919317
637.262338321625,-149.3014924813966,85.3595892865031,-1.3467978627646635,-0.001812407733389877
637.4286819233795,-149.26456577214697,85.19739615526206,-1.3470760270162068,-0.0015320667030832638
637.595025525134,-149.22768039916477,85.03519361832417,-1.3473075683032083,-0.0012518438223941145
637.7613691268886,-149.19082880363771,84.87298340385492,-1.3474925054025038,-0.0009717285297092429
637.9277127286431,-149.1540034285808,84.71076723463743,-1.3476308553239145,-0.0006917101460042598
638.0940563303976,-149.11719671879106,84.54854682919728,-1.3477226332930616,-0.00041177790305280685
638.2603999321522,-149.08040112079715,84.38632390292348,-1.3477678527388706,-0.0001319209715320258
638.4267435339067,-149.04360908280808,84.22410016919268,-1.3477665252857367,0.00014787151094890463
638.5930871356612,-149.00681305465886,84.06187734048967,-1.3477186607503535,0.00042761041189049473
638.7594307374158,-148.97000548775702,83.89965712952808,-1.3476242671431828,0.000707306575994309
638.9257743391703,-148.93317883502888,83.73744125037068,-1.3474833506745671,0.0009869707972857233
639.0921179409248,-148.89632555086774,83.57523141954833,-1.3472959157654756,0.001266613791255805
639.2584615426794,-148.85943809108483,83.41302935717759,-1.3470619650628848,0.0015462461670047438
639.4248051444339,-148.82250891286395,83.25083678807967,-1.346781499459796,0.0018258783993663698
639.5911487461884,-148.78553047472073,83.08865544289463,-1.3464545181198857,0.0021055208010086657
639.757492347943,-148.74849523646796,82.92648705919855,-1.3460810185068084,0.002385183494481565
639.9238359496975,-148.71139565918736,82.76433338261737,-1.3456609964181483,0.002664876384208037
640.090179551452,-148.67422420520995,82.60219616794052,-1.3451944460240393,0.0029446091283980807
640.2565231532066,-148.63697333810447,82.4400771802331,-1.3446813599104614,0.003224391110874634
640.4228667549611,-148.5996355226766,82.27797819594777,-1.3441217291272372,0.0035042314127953014
640.5892103567156,-148.5622032249785,82.115901004033,-1.3435155432407309,0.0037841387842635875
640.7555539584702,-148.5246689123311,81.95384740704375,-1.3428627903912953,0.004064121615807364
640.9218975602247,-148.48702505335885,81.79181922224703,-1.342163457355461,0.004344187909725674
641.0882411619792,-148.44926411803905,81.62981828272814,-1.3414175296129103,0.004624345251285269
641.2545847637338,-148.4113785777666,81.46784643849477,-1.3406249914182558,0.004904600779761843
641.4209283654883,-148.3733609054341,81.30590555757836,-1.3397858258776458,0.005184961159318279
641.5872719672428,-148.3352035755307,81.14399752713481,-1.338900015030233,0.005465432549711207
641.7536155689974,-148.29689906425767,80.98212425454133,-1.3379675399345232,0.005746020576824281
641.9199591707519,-148.25843984966488,80.82028766849272,-1.3369883807596497,0.006026730303018713
642.0863027725064,-148.2198184118071,80.65848972009344,-1.3359625168815872,0.006307566197304916
642.2526463742611,-148.18102723292142,80.49673238394726,-1.3348899269843448,0.006588532105329801
642.4189899760156,-148.14205879762864,80.33501765924488,-1.3337705891661753,0.006869631219180182
642.5853335777701,-148.10290559315666,80.17334757084524,-1.332604481050801,0.007150866047011425
642.7516771795247,-148.06356010958967,80.01172417035602,-1.3313915799037312,0.007432238382494332
642.9180207812792,-148.02401484014328,79.85014953720818,-1.3301318627536596,0.007713749274096753
643.0843643830337,-147.98426228146542,79.6886257797262,-1.3288253065189901,0.007995398994202253
643.2507079847883,-147.94429493396643,79.52715503619409,-1.3274718881395178,0.008277187008076777
643.4170515865428,-147.90410530217707,79.36573947591444,-1.3260715847132696,0.008559111942699168
643.5833951882973,-147.86368589513714,79.20438130026321,-1.3246243736385566,0.008841171555464714
643.7497387900519,-147.82302922681507,79.0430827437373,-1.3231302327612353,0.009123362702782741
643.9160823918064,-147.7821278165593,78.88184607499421,-1.3215891405271882,0.009405681308589247
644.082425993561,-147.74097418958286,78.72067359788623,-1.3200010761400711,0.009688122332789954
644.2487695953155,-147.6995608774826,78.5595676524845,-1.3183660197242941,0.009970679739667119
644.41511319707,-147.65788041879264,78.39853061609469,-1.3166839524932628,0.010253346466272777
644.5814567988245,-147.615925359575,78.23756490426467,-1.314954856922891,0.010536114390837672
644.7478004005791,-147.5736885241771,78.07667290079918,-1.3131890025101172,0.01056644863234165
644.9141440023336,-147.5311692661992,77.91585530221134,-1.3114507104039006,0.010333531405104651
645.0804876040881,-147.4883736393527,77.75511102727309,-1.3097511808155382,0.010100397778558798
645.2468312058427,-147.44530800093025,77.59443888073999,-1.3080904483926779,0.009867063852233132
645.4131748075972,-147.40197870594847,77.43383763430592,-1.3064685451641307,0.009633545015776136
645.5795184093517,-147.35839210681854,77.27330602743261,-1.3048855006568671,0.009399855962195619
645.7458620111063,-147.31455455304305,77.11284276817737,-1.3033413420107745,0.009166010701485964
645.9122056128608,-147.27047239093733,76.95244653401872,-1.301836094091107,0.008932022574615069
646.0785492146154,-147.2261519633762,76.7921159726804,-1.3003697795985831,0.008697904267846729
646.2448928163699,-147.18159960956464,76.63184970295505,-1.2989424191770902,0.008463667827376245
646.4112364181244,-147.136821664832,76.47164631552361,-1.297554031518909,0.008229324674249685
646.577580019879,-147.091824460449,76.31150437377391,-1.2962046334674489,0.007994885619550163
646.7439236216335,-147.0466143234672,76.15142241461564,-1.294894240117427,0.00776036087982553
646.910267223388,-147.0011975765799,75.99139894929326,-1.2936228649124715,0.007525760092740134
647.0766108251426,-146.95558053800434,75.83143246419583,-1.2923905197400958,0.007291092332928871
647.2429544268971,-146.90976952138416,75.67152142166395,-1.2911972150240274,0.007056366128037144
647.4092980286516,-146.86377083571134,75.51166426079243,-1.2900429598138432,0.006821589474926463
647.5756416304062,-146.81759078526764,75.3518593982316,-1.28892776187191,0.006586769856034071
647.7419852321607,-146.77123566958454,75.19210522898382,-1.2878516277575824,0.0063519142558665165
647.9083288339152,-146.7247117834207,75.03240012719728,-1.2868145629086518,0.0061170291776156144
648.0746724356698,-146.67802541675687,74.87274244695605,-1.285816571720018,0.005882120659882049
648.2410160374243,-146.63118285480712,74.71313052306702,-1.284857657619575,0.005647194293494893
648.4073596391788,-146.58419037804663,74.55356267184341,-1.2839378231412917,0.005412255238415222
648.5737032409334,-146.53705426225378,74.39403719188417,-1.2830570699954704,0.005177308240711414
648.7400468426879,-146.48978077856776,74.2345523648506,-1.28221539913618,0.0049423576495985855
648.9063904444424,-146.4423761935598,74.07510645623954,-1.2814128108258485,0.0047074074345314545
649.072734046197,-146.39484676931775,73.9156977161526,-1.2806493046970084,0.004472461202341809
649.2390776479515,-146.34719876354364,73.75632438006319,-1.279924879811192,0.004237522214415204
649.405421249706,-146.2994384296633,73.5969846695787,-1.2792395347149579,0.004002593403895342
649.5717648514606,-146.25157201694714,73.43767679320162,-1.278593267493065,0.00376767739291602
649.7381084532151,-146.20360577064253,73.27839894708559,-1.2779860758187687,0.003532776509848344
649.9044520549696,-146.1555459321155,73.11914931578968,-1.2774179570012525,0.0032978928065630674
650.0707956567242,-146.10739873900295,72.95992607302924,-1.2768889080301848,0.0030630280757007046
650.2371392584787,-146.05917042537314,72.80072738242448,-1.2763989256174035,0.0028281838679469528
650.4034828602332,-146.01086722189524,72.64155139824675,-1.2759480062357291,0.0025933615093100106
650.5698264619878,-145.962495356016,72.4823962661605,-1.2755361461548975,0.0023585621183930027
650.7361700637423,-145.9140610521441,72.32326012396547,-1.2751633414746273,0.002123786623665908
650.9025136654968,-145.86557053184075,72.1641411023352,-1.2748295881548102,0.0018890357807285836
651.0688572672514,-145.81703001401635,72.00503732555309,-1.2745348820428306,0.001654310189564645
651.2352008690059,-145.76844571513266,71.84594691224854,-1.2742792188980192,0.0014196103117881543
651.4015444707604,-145.7198238494094,71.68686797612949,-1.2740625944132349,0.0011849364878764657
651.567888072515,-145.67117062903475,71.52779862671315,-1.2738850042335816,0.0009502889543906738
651.7342316742695,-145.62249226438055,71.3687369700585,-1.2737464439722652,0.0007156678611874238
651.900575276024,-145.57379496421876,71.20968110949322,-1.2736469092235834,0.0004810732886115937
652.0669188777786,-145.52508493594166,71.05062914634298,-1.2735863955730602,0.000246505264679933
652.2332624795331,-145.4763683857829,70.8915791806584,-1.2735648986047232,1.1963782248853704e-05
652.3996060812876,-145.42765151904047,70.73252931194192,-1.2735824139055236,-0.00022255118383084514
652.5659496830422,-145.37894054029908,70.57347763987335,-1.2736389370669075,-0.000457039659574145
652.7322932847967,-145.3302416536538,70.41442226503662,-1.2737344636835328,-0.0006915016547342696
652.8986368865512,-145.2815610629321,70.25536128964495,-1.2738689893491435,-0.0009259371456901155
653.0649804883058,-145.23290497191516,70.09629281826703,-1.274042509649593,-0.0011603460583472659
653.2313240900603,-145.18427958455678,69.93721495855262,-1.2742550201530292,-0.0013947282510532696
653.3976676918148,-145.13569110520058,69.7781258219599,-1.2745065163972351,-0.0016290834975255684
653.5640112935695,-145.08714573879377,69.61902352448205,-1.2747969938741335,-0.0018634114697957177
653.730354895324,-145.03864969109722,69.45990618737554,-1.2751264480114528,-0.002097711721166862
653.8966984970785,-144.99020916889154,69.30077193788874,-1.2754948741515635,-0.002331983669187954
654.0630420988331,-144.94183038017817,69.14161890999232,-1.2759022675274794,-0.0025662265786432583
654.2293857005876,-144.89351953437537,68.98244524511058,-1.276348623236033,-0.0028004395445599376
654.3957293023421,-144.84528284250771,68.82324909285414,-1.276833936208226,-0.003034621475234618
654.5620729040967,-144.79712651738933,68.66402861175409,-1.2773582011767575,-0.003268771075281055
654.7284165058512,-144.74905677380002,68.50478196999883,-1.277921412640733,-0.0035028868286992687
654.8947601076057,-144.70107982865338,68.34550734617156,-1.278523564827562,-0.0037369669819717344
655.0611037093603,-144.65320190115617,68.18620292999005,-1.279164651652045,-0.003971009527187686
655.2274473111148,-144.60542921295965,68.02686692304971,-1.279844666672653,-0.0042050121851972795
655.3937909128693,-144.55776798830038,67.86749753956761,-1.28056360304501,-0.004438972388803275
655.5601345146239,-144.51022445413128,67.70809300712895,-1.281321453472587,-0.004672887265992883
655.7264781163784,-144.46280484024157,67.54865156743692,-1.2821182101546005,-0.004906753623212616
655.892821718133,-144.41551537936573,67.38917147706421,-1.2829538647311434,-0.005140567928695442
656.0591653198875,-144.36836230727965,67.22965100820704,-1.283828408225542,-0.0053743262958442705
656.225508921642,-144.32135186288548,67.07008844944383,-1.2847418309839487,-0.005608024466676306
656.3918525233966,-144.2744902882912,66.91048210652683,-1.285694122611996,-0.0058416577952934735
656.5581961251511,-144.22778250914624,66.75083068869351,-1.2866554074634322,-0.0056427653078336545
656.7245397269056,-144.1812245941743,66.59113550220034,-1.2875701547652552,-0.0053555348036093305
656.8908833286602,-144.13480896356867,66.4313989019638,-1.288437129830469,-0.0050683848283678175
657.0572269304147,-144.08852802234358,66.27162322523847,-1.2892563459033477,-0.0047813134690888335
657.2235705321692,-144.0423741719061,66.11181078940258,-1.2900278158636016,-0.004494318260841535
657.3899141339238,-143.9963398103401,65.95196389306908,-1.2907515521372142,-0.004207396218629844
657.5562577356783,-143.95041733267144,65.79208481719769,-1.2914275666125814,-0.003920543869125366
657.7226013374328,-143.90459913111607,65.63217582621382,-1.292055870561907,-0.0036337572822998697
657.8889449391874,-143.85887759531147,65.47223916912853,-1.2926364745678598,-0.00334703210294819
658.0552885409419,-143.8132451125331,65.31227708066298,-1.2931693884554625,-0.0030603635821104
658.2216321426964,-143.7676940678966,65.15229178237499,-1.2936546212291986,-0.002773746608393329
658.387975744451,-143.72221684454706,64.99228548378875,-1.294092181015323,-0.0024871757391985282
658.5543193462055,-143.67680582383667,64.8322603835257,-1.29448207500936,-0.0022006452318592044
658.72066294796,-143.63145338549086,64.67221867043915,-1.2948243094287717,-0.001914149074697854
658.8870065497146,-143.58615190776572,64.51216252474903,-1.2951188894707888,-0.001627681018006312
659.0533501514691,-143.54089376759646,64.35209411918005,-1.2953658192753856,-0.0013412346049623265
659.2196937532236,-143.4956713407378,64.19201562009906,-1.295565101893398,-0.0010548032024849613
659.3860373549782,-143.4504770018996,64.03192918865625,-1.2957167392597653,-0.0007683800320468666
659.5523809567327,-143.4053031248755,63.87183698192488,-1.2958207321718962,-0.00048195820044394144
659.7187245584872,-143.36014208266903,63.71174115404427,-1.2958770802731503,-0.00019553073054221756
659.8850681602418,-143.31498624761528,63.55164385736081,-1.2958857820414338,9.090940799628696e-05
660.0514117619963,-143.26982799150252,63.39154724357276,-1.2958468347829033,0.0003773692679880357
660.2177553637508,-143.224659685691,63.2314534648718,-1.295760234630783,0.0006638558940024262
660.3840989655054,-143.17947370123392,63.071364675087864,-1.2956259765492935,0.0009503762916143135
660.5504425672599,-143.1342624089987,62.911283030831896,-1.2954440543426964,0.0012369373966315315
660.7167861690144,-143.08901817979157,62.751210692639624,-1.2952144606694624,0.0015235460442815066
660.883129770769,-143.04373338448553,62.591149826114695,-1.2949371870615691,0.0018102089383476353
661.0494733725235,-142.99840039415344,62.431102603070975,-1.294612223948936,0.0020969326202457334
661.215816974278,-142.95301158020638,62.27107120267413,-1.2942395606890096,0.0023837234380289646
661.3821605760326,-142.90755931454026,62.11105781258269,-1.2938191856015127,0.0026705875153110827
661.5485041777871,-142.8620359696895,61.95106463008857,-1.2933510860083695,0.002957530720098492
661.7148477795416,-142.8164339189907,61.791093863254325,-1.292835248278822,0.003244558633526343
661.8811913812962,-142.7707455367566,61.631147732051176,-1.2922716578797582,0.0035316765184838753
662.0475349830507,-142.72496319846155,61.47122846949377,-1.2916602994312667,0.003818889288128037
662.2138785848052,-142.67907928093956,61.311338322773516,-1.2910011567674409,0.004106201474275463
662.3802221865598,-142.63308616259664,61.151479554389425,-1.2902942130024475,0.004393617195669562
662.5465657883143,-142.5869762236375,60.9916544432767,-1.28953945060189,0.004681140126116866
662.7129093900688,-142.5407418463084,60.831865285931556,-1.288736851459475,0.004968773462492023
662.8792529918234,-142.49437541515778,60.67211439753543,-1.2878863969790275,0.005256519892604004
663.0455965935779,-142.4478693173145,60.51240411307211,-1.2869880681618415,0.005544381562933756
663.2119401953324,-142.4012159427858,60.352736788443416,-1.286041845699425,0.00583236004623342
663.378283797087,-142.35440768477562,60.19311480158053,-1.2850477100716386,0.006120456308995266
663.5446273988415,-142.307436940025,60.0335405535496,-1.2840056416502572,0.006408670678795555
663.710971000596,-142.26029610917485,59.874016469653895,-1.2829156208079768,0.006697002811515402
663.8773146023506,-142.2129775971525,59.71454500052859,-1.2817776280328756,0.006985451658452413
664.0436582041051,-142.16547381358393,59.55512862323136,-1.2805916440483642,0.007274015433327013
664.2100018058596,-142.11777717323116,59.39576984232535,-1.2793576499386248,0.007562691579200597
664.3763454076142,-142.06988009645755,59.23647119095595,-1.2780756272795644,0.00785147673531649
664.5426890093687,-142.02177500972107,59.077235231919154,-1.2767455582752838,0.008140366703883368
664.7090326111233,-141.97345434609662,58.91806455872235,-1.2753674259000793,0.008429356416817663
664.8753762128779,-141.92491054582982,58.758961796637074,-1.2739412140459847,0.008718439902465985
665.0417198146324,-141.87613605692053,58.59992960373985,-1.2724669076758277,0.009007610252337967
665.208063416387,-141.82712333574068,58.440970671946175,-1.2709444929818468,0.009296859587865866
665.3744070181415,-141.77786484768455,58.28208772803078,-1.2693739575498055,0.009586179027231892
665.540750619896,-141.72835306785387,58.123283534638134,-1.2677552905286382,0.009875558652287019
665.7070942216506,-141.67858048177882,57.96456089127976,-1.266088482805576,0.01016498747560239
665.8734378234051,-141.62853958617504,57.80592263531824,-1.2643735271867447,0.010454453407690075
666.0397814251596,-141.57822288973827,57.64737164293672,-1.2626104185831926,0.010743943224436114
666.2061250269142,-141.52762291397815,57.48891083009471,-1.2607991542023282,0.011033442534788154
666.3724686286687,-141.47673219409015,57.33054315346596,-1.2589397337446915,0.011322935748751513
666.5388122304232,-141.42554327986878,57.17227161136074,-1.2570321596060328,0.0116124060457405
666.7051558321778,-141.3740487366614,57.01409924462937,-1.255076437084617,0.011901835343343476
666.8714994339323,-141.32224114636406,56.85602913754653,-1.2530725745936837,0.012191204266560283
667.0378430356868,-141.27011310845995,56.69806441867511,-1.2510205838789792,0.012480492117574373
667.2041866374414,-141.21765724110165,56.54020826171001,-1.2489204802412877,0.012769676846122803
667.3705302391959,-141.16486618223692,56.382463886296584,-1.2467722827637988,0.013058735020542138
667.5368738409504,-141.11173259078015,56.22483455882809,-1.2445760145442708,0.0133476417995526
667.703217442705,-141.05824914782823,56.06732359321526,-1.242331702931786,0.013636370904868357
667.8695610444595,-141.0044085579236,55.90993435163149,-1.2400393797680156,0.013924894594705405
668.035904646214,-140.95020355036274,55.75267024522884,-1.2376990816327942,0.014213183638278013
668.2022482479686,-140.89562688055258,55.59553473482493,-1.2353108500938526,0.014501207291368312
668.3685918497231,-140.84067133141343,55.43853133155927,-1.2328747319605209,0.01478893327306068
668.5349354514776,-140.78532971483037,55.2816635975172,-1.2303907795411966,0.015076327743735886
668.7012790532322,-140.72959487315197,55.124935146319615,-1.2278590509043554,0.01536335528442343
668.8676226549867,-140.67345968073806,54.96834964367872,-1.2252796101428969,0.01564997887760993
669.0339662567412,-140.6169170455548,54.81191080791529,-1.2226525276415343,0.01593615988961218
669.2003098584958,-140.55995991081852,54.655622410437445,-1.2199778803469703,0.016221858054619533
669.3666534602503,-140.50258125668816,54.49948827618123,-1.2172557520406244,0.016507031460510274
669.5329970620048,-140.44477410200562,54.34351228400705,-1.2144862336135167,0.016791636536562123
669.6993406637594,-140.38653150608343,54.187698367052946,-1.211669423343044,0.017075628043164787
669.8656842655139,-140.32784657054145,54.03205051304478,-1.2088054271713264,0.01735895906364736
670.0320278672684,-140.26871244118917,53.8765727645557,-1.205894358984662,0.017641580998347638
670.198371469023,-140.20912230995611,53.72126921922079,-1.202936340893848,0.017923443561027253
670.3647150707775,-140.1490694168672,53.566144029898496,-1.1999315035148432,0.018204494777763428
670.531058672532,-140.08854705206423,53.411201404780975,-1.196879986249417,0.01848468098842917
670.6974022742866,-140.02754855787128,53.256445607450246,-1.1937819375653307,0.0187639468508828
670.8637458760411,-139.9660673309039,53.101880956878574,-1.1906375152755846,0.01904223534798439
671.0300894777956,-139.90409682422091,52.94751182737191,-1.187446886816267,0.01931948779755534
671.1964330795502,-139.841630549517,52.793342648453034,-1.1842102295224681,0.019595643865398915
671.3627766813047,-139.77866207935526,52.63937790468459,-1.1809277309017883,0.019870641581491044
671.5291202830592,-139.71518504943867,52.485622135429544,-1.1775995889048745,0.020144417359453413
671.6954638848138,-139.65119316091779,52.332079934547124,-1.1742260121924415,0.020416906019415048
671.8618074865683,-139.58668007620264,52.17875599721333,-1.1708014717410016,0.020877200795394048
672.0281510883228,-139.52163435623152,52.02565726723094,-1.1672630193214923,0.02166714587671524
672.1944946900774,-139.45603725928598,51.87279397657866,-1.163592932792128,0.022459913425917043
672.3608382918319,-139.3898695107289,51.72017683574698,-1.159790725344913,0.023255708673346222
672.5271818935864,-139.32311186459614,51.567816811163944,-1.1558558774780596,0.024054719371302772
672.693525495341,-139.25574510456957,51.41572513568876,-1.1517878399581105,0.024857115123070535
672.8598690970955,-139.18775004566174,51.2639133190241,-1.147586036898874,0.02566304665193864
673.02621269885,-139.11910753663489,51.112393158022236,-1.1432498689669108,0.026472645010593612
673.1925563006046,-139.04979846318082,50.96117674686752,-1.1387787167234888,0.027286020731511536
673.3588999023591,-138.9798037518879,50.81027648711027,-1.1341719441126497,0.028103262919364214
673.5252435041136,-138.9091043750246,50.65970509753097,-1.1294289021050234,0.028924438286825473
673.6915871058682,-138.837681356166,50.50947562380432,-1.1245489325065847,0.029749590135666158
673.8579307076227,-138.7655157766932,50.35960144793301,-1.1195313719412834,0.030578737285534126
674.0242743093772,-138.69258878319368,50.21009629741756,-1.1143755560160464,0.03141187295340886
674.1906179111318,-138.61888159579098,50.06097425412308,-1.1090808236760141,0.03224896358739166
674.3569615128863,-138.54437551743018,49.912249762800215,-1.10364652175722,0.03308994765921932
674.5233051146408,-138.46905194414913,49.76393763921914,-1.0980720097432934,0.033934734420659855
674.6896487163954,-138.39289237635836,49.616053077862894,-1.092356664731545,0.03478320262986869
674.8559923181499,-138.31587843115565,49.468611659131106,-1.086499886612994,0.035635199254676
675.0223359199044,-138.2379918556981,49.32162935599491,-1.0805011034694285,0.03649053816082449
675.188679521659,-138.15921454164965,49.17512254004339,-1.0743597771892919,0.03734899879423266
675.3550231234135,-138.07952854072542,49.029107986859366,-1.0680754093026241,0.03821032486749209
675.521366725168,-137.99891608134257,48.883602880652646,-1.0616475470332802,0.03907422306202828
675.6877103269226,-137.91735958639194,48.738624818084,-1.055075789564956,0.0399403617585455
675.8540539286772,-137.8348416921329,48.59419181119992,-1.0483597945149778,0.04080836980969841
676.0203975304318,-137.75134526821603,48.450322289405804,-1.0414992846078324,0.0416778353701571
676.1867411321863,-137.66685343882548,48.30703510039069,-1.0344940545372512,0.042548304800589805
676.3530847339408,-137.58134960493283,48.164349509925756,-1.0273439780033913,0.04341928166327991
676.5194283356954,-137.49481746764147,48.022285200443655,-1.0200490149079044,0.04429022582840046
676.6857719374499,-137.4072450047134,47.88085980748759,-1.012729315735295,0.04309481091901381
676.8521155392044,-137.3186613025372,47.740065575731954,-1.0057346565346368,0.0410026370180541
677.018459140959,-137.22911937581688,47.59987876598189,-0.9990886923626574,0.038902684028193725
677.1848027427135,-137.13867214685789,47.46027430032885,-0.992792554585626,0.03679686938914177
677.351146344468,-137.04737210188688,47.32122603846861,-0.9868470742738822,0.034686887582104364
677.5174899462226,-136.95527127125902,47.18270685892928,-0.9812528185701073,0.032574219001420206
677.6838335479771,-136.86242121719002,47.04468873764899,-0.9760101254791591,0.030460140017090836
677.8501771497316,-136.76887302847223,46.90714282371689,-0.9711191369022223,0.02834573398241112
678.0165207514862,-136.674677321632,46.77003951216167,-0.9665798297767179,0.02623190296789212
678.1828643532407,-136.57988424798614,46.63334851372779,-0.9623920452173258,0.024119380029974213
678.3492079549952,-136.4845435060708,46.497038921643274,-0.9585555155832806,0.022008741850231786
678.5155515567498,-136.38870435892724,46.36107927542969,-0.9550698894221679,0.01990042160688554
678.6818951585043,-136.29241565574668,46.225437621849494,-0.9519347542613277,0.017794721965185795
678.8482387602588,-136.19572585739542,46.090081573123285,-0.9491496572348921,0.015691828096210204
679.0145823620134,-136.0986830653632,45.95497836258633,-0.9467141235478485,0.013591820654708504
679.1809259637679,-136.00133505369465,45.82009489797701,-0.9446276727883243,0.011494688665444125
679.3472695655224,-135.9037293034885,45.685397812578216,-0.9428898331063778,0.009400342284298006
679.513613167277,-135.80591303956305,45.550853514449216,-0.9415001532818992,0.007308625414881761
679.6799567690315,-135.70793326890836,45.416428234003796,-0.9404582127063916,0.005219328173827885
679.846300370786,-135.60983682055794,45.282088070201866,-0.9397636293036356,0.0031321992081658817
680.0126439725406,-135.51167038652787,45.147799035631266,-0.9394160654129871,0.0010469578764248067
680.1789875742951,-135.4134805634824,45.01352710076564,-0.9394152316565543,-0.0010366936886265952
680.3453311760496,-135.3153138947925,44.87923823768547,-0.9397608888081432,-0.0031190586133898325
680.5116747778042,-135.21721691265975,44.74489846355339,-0.9404528476779248,-0.005200433388271089
680.6780183795587,-135.11923617998255,44.610473884134464,-0.9414909670226033,-0.0072810960185369375
680.8443619813132,-135.0214183316384,44.47593073764844,-0.9428751494866767,-0.009361294196895128
681.0107055830678,-134.92381011485782,44.3412354392374,-0.944605335576588,-0.011441233476350334
681.1770491848223,-134.8264545975708,44.20635738748568,-0.9465647741455054,-0.011597679193246418
681.3433927865768,-134.7293592722122,44.07129190719103,-0.948447717479278,-0.011041555348907757
681.5097363883314,-134.6325121832667,43.93604831853938,-0.9502381691486628,-0.010485626127332793
681.6760799900859,-134.53590113483529,43.80063601139139,-0.9519361626392979,-0.009929904152346371
681.8424235918404,-134.43951388815609,43.66506430732253,-0.9535417331759684,-0.009374397749528147
682.008767193595,-134.34333816450825,43.529342462837064,-0.955054917027085,-0.008819111180315737
682.1751107953495,-134.24736164799324,43.39347967266439,-0.9564757508480812,-0.008264044875519329
682.341454397104,-134.15157198820012,43.257485073133296,-0.957804271063575,-0.007709195668064105
682.5077979988586,-134.0559568027608,43.121367745616624,-0.9590405132881799,-0.0071545570248075065
682.6741416006131,-133.96050367980132,42.98513672004154,-0.9601845117857941,-0.006600119277323833
682.8404852023676,-133.86520018029708,42.84880097846135,-0.9612362989671799,-0.006045869851591187
683.0068288041222,-133.77003384033625,42.712369458680726,-0.9621959049256654,-0.0054917934965302
683.1731724058767,-133.6749921733008,42.57585105793307,-0.9630633570107605,-0.004937872511402285
683.3395160076312,-133.58006267197027,42.43925463660266,-0.9638386794395042,-0.0043840869720797645
683.5058596093858,-133.48523281055523,42.30258902198819,-0.9645218929453647,-0.003830414956240599
683.6722032111403,-133.39049004666842,42.165863012103145,-0.9651130144645115,-0.0032768327675588046
683.8385468128948,-133.2958218232393,42.029085379508686,-0.9656120568593041,-0.0027233151589837116
684.0048904146494,-133.2012155703804,41.892264875175215,-0.9660190286788533,-0.0021698355552214527
684.1712340164039,-133.1066587072115,41.755410232368504,-0.9663339339565327,-0.001616366274545404
684.3375776181584,-133.0121386436493,41.618530170556475,-0.9665567720443411,-0.0010628787500788785
684.503921219913,-132.9176427821699,41.48163339933281,-0.9666875374840425,-0.0005093437507033003
684.6702648216675,-132.82315851955116,41.34472862235397,-0.9667262199150293,4.426839824369976e-05
684.836608423422,-132.72867324860178,41.20782454128549,-0.9666728040188954,0.000597987594310835
685.0029520251766,-132.63417435988515,41.07092985975421,-0.9665272695007192,0.0011518437371415596
685.1692956269311,-132.5396492434447,40.934053287302724,-0.9662895911071012,0.0017058665073693075
685.3356392286856,-132.4450852905382,40.79720354334232,-0.9659597386810148,0.002260085145023063
685.5019828304402,-132.35046989538827,40.66038936110125,-0.9655376772535766,0.002814528227265366
685.6683264321947,-132.25579045695653,40.52361949156337,-0.9650233671728494,0.0033692234452955224
685.8346700339492,-132.16103438074842,40.3869027073951,-0.9644167642698429,0.003924197380247188
686.0010136357038,-132.06618908065593,40.2502478068551,-0.9637178200618828,0.004479475277930794
686.1673572374583,-131.97124198084632,40.11366361768421,-0.9629264819935575,0.005035080822270771
686.3337008392128,-131.8761805177027,39.97715900097069,-0.9620426937154702,0.0055910359073108335
686.5000444409674,-131.7809921418251,39.84074285498694,-0.9610663954010445,0.006147360407670288
686.6663880427219,-131.68566432009808,39.704424118993465,-0.959997524101647,0.00670407194735705
686.8327316444764,-131.5901845378326,39.56821177700471,-0.9588360141403061,0.0072611856668658254
686.9990752462311,-131.49454030098929,39.43211486151371,-0.9575817975443259,0.007818713988504939
687.1654188479856,-131.39871913848964,39.296142457169154,-0.9562348045170759,0.008376666379934894
687.3317624497402,-131.30270860462352,39.160303704401414,-0.9547949639492779,0.008935049115918327
687.4981060514947,-131.20649628155718,39.02460780298997,-0.9532622039700529,0.009493865038329208
687.6644496532492,-131.1100697819509,38.889064015568145,-0.9516364525380339,0.010053113314488904
687.8307932550038,-131.01341675169303,38.753681671061074,-0.9499176380728263,0.010612789193934656
687.9971368567583,-130.91652487275496,38.6184701680467,-0.9481056901270222,0.011172883763790793
688.1634804585128,-130.8193818661749,38.48343897803692,-0.9462005400990279,0.011733383702924793
688.3298240602674,-130.72197549517682,38.34859764867138,-0.9442021219868661,0.012294271035138419
688.4961676620219,-130.62429356843018,38.21395580681647,-0.9421103731830951,0.01285552288168957
688.6625112637764,-130.5263239434552,38.079523161561966,-0.9399252353109131,0.013417111213494754
688.828854865531,-130.4280545301821,37.94530950710976,-0.9376466551015037,0.013979002603408803
688.9951984672855,-130.32947329466649,37.81132472554451,-0.9352745853125306,0.01454115797905501
689.16154206904,-130.23056826296838,37.677578789479725,-0.9328089856876773,0.015103532376723704
689.3278856707946,-130.13132752519812,37.54408176456956,-0.9302498239569901,0.01566607469693522
689.4942292725491,-130.03173923973426,37.41084381187848,-0.9275970768776958,0.01622872746232045
689.6605728743036,-129.9317916376174,37.27787519009898,-0.9248507313150554,0.016791426578548124
689.8269164760582,-129.83147302712376,37.1451862576088,-0.9220107853626849,0.017354101099094136
689.9932600778127,-129.7307717985204,37.01278747435587,-0.9190772495015986,0.01791667299473197
690.1596036795672,-129.62967649430342,36.88068935352474,-0.916055312013857,0.018262931742051722
690.3259472813218,-129.52818134919082,36.74889819443504,-0.9130332095977636,0.018072651730499868
690.4922908830763,-129.42629046355964,36.61741275063104,-0.9100427967923621,0.01788192291758224
690.6586344848308,-129.32400892009636,36.48623096537833,-0.9070841457649284,0.017690775082538995
690.8249780865854,-129.2213417851676,36.355350734916954,-0.9041573237958835,0.017499237202115804
690.9913216883399,-129.1182941081893,36.22476990940775,-0.90126239341242,0.017307337448871658
691.1576652900944,-129.0148709210288,36.09448629387456,-0.8983994125223504,0.01711510319037157
691.324008891849,-128.91107723743946,35.96449764914146,-0.8955684345480299,0.01692256098922791
691.4903524936035,-128.8069180525268,35.834801692762674,-0.8927695085601766,0.016729736603952463
691.656696095358,-128.70239834224714,35.705396099947706,-0.8900026794115306,0.016536654990587398
691.8230396971126,-128.59752306293538,35.57627850447689,-0.8872679878701293,0.016343340305074203
691.9893832988671,-128.4922971508647,35.44744649961027,-0.8845654707521615,0.01614981590632945
692.1557269006216,-128.38672552183584,35.31889763898779,-0.8818951610542456,0.015956104359990994
692.3220705023762,-128.28081307079526,35.19062943752019,-0.8792570880850299,0.01576222744279948
692.4884141041307,-128.17456467148313,35.062639372270624,-0.8766512775960127,0.015568206147581823
692.6547577058852,-128.0679851761089,34.93492488332636,-0.8740777519114946,0.015374060688802864
692.8211013076398,-127.96107941505497,34.80748337465973,-0.8715365300575453,0.01517981050865178
692.9874449093943,-127.85385219660712,34.68031221497802,-0.8690276278899205,0.014985474283630822
693.1537885111488,-127.74630830671323,34.55340873856411,-0.8665510582208737,0.014791069931618231
693.3201321129034,-127.63845250876624,34.42677024610301,-0.8641068309447055,0.014596614619367385
693.4864757146579,-127.53028954341323,34.30039400549795,-0.8616949531620604,0.01440212477041859
693.6528193164124,-127.42182412839043,34.174277252674585,-0.8593154293028791,0.01420761607339177
693.819162918167,-127.31306095838168,34.04841719237247,-0.8569682612479288,0.014013103490631203
693.9855065199215,-127.204004704901,33.92281099892369,-0.8546534484488717,0.013818601267174623
694.151850121676,-127.09466001619867,33.797455817019404,-0.8523709880468231,0.013624122940021596
694.3181937234306,-126.9850315171897,33.672348762462484,-0.8501208749893285,0.013429681347672306
694.4845373251851,-126.87512380940474,33.5474869229078,-0.8479031021457537,0.013235288639915249
694.6508809269396,-126.76494147096271,33.422867358589016,-0.845717660421013,0.013040956287837309
694.8172245286942,-126.65448905656424,33.29848710303199,-0.8435645388676289,0.012846695094034013
694.9835681304487,-126.54377109750523,33.174343163753946,-0.8414437247960516,0.012652515202996222
695.1499117322032,-126.43279210171143,33.05043252295035,-0.839355203883275,0.012458426111655388
695.3162553339578,-126.32155655379147,32.926752138167245,-0.8372989602796568,0.01226443668006303
695.4825989357123,-126.21006891510898,32.80329894295982,-0.8352749767139636,0.012070555142186874
695.6489425374668,-126.09833362387326,32.680069847537716,-0.8332832345966112,0.011876789116804952
695.8152861392214,-125.98635509524797,32.55706173939667,-0.8313237141210919,0.011683145618480417
695.9816297409759,-125.87413772147666,32.43427148393603,-0.8293963943635605,0.011489631068598327
696.1479733427304,-125.76168587202497,32.31169592506228,-0.8275012533805781,0.011296251306449467
696.314316944485,-125.64900389374,32.18933188577987,-0.825638268305025,0.011103011600347663
696.4806605462395,-125.53609611102466,32.06717616876769,-0.8238074154401489,0.010909916658763522
696.647004147994,-125.4229668260278,31.94522555694204,-0.8220086703517628,0.010716970641462722
696.8133477497486,-125.30962031884924,31.823476814006693,-0.8202420079586004,0.010524177170636546
696.9796913515031,-125.19606084775883,31.701926684988663,-0.8185074026208046,0.010331539342010879
697.1460349532576,-125.08229264942992,31.580571896761363,-0.8168048282265836,0.010139059735924804
697.3123785550122,-124.96831993918597,31.45940915855449,-0.8151342582770247,0.009946740428367335
697.4787221567667,-124.85414691126074,31.33843516245051,-0.8134956659690715,0.00975458300196217
697.6450657585212,-124.73977773907086,31.21764658386895,-0.8118890242766899,0.009562588556893457
697.8114093602758,-124.62521657550059,31.09704008203711,-0.8103143060302078,0.009370757721761812
697.9777529620303,-124.51046755319842,30.976612300448334,-0.808771483993862,0.009179090664364552
698.144096563785,-124.39553478488554,30.856359867308342,-0.8072605309415648,0.00898758710239411
698.3104401655395,-124.28042236367557,30.736279395969156,-0.805781419730891,0.00879624631404689
698.476783767294,-124.16513436340337,30.616367485349492,-0.8043341233753005,0.008605067148535542
698.6431273690486,-124.04967483896694,30.496620720345845,-0.8029186151146441,0.00841404803650534
698.8094709708031,-123.93404782667704,30.377035672229464,-0.8015348684839201,0.00822318700034279
698.9758145725576,-123.81825734461765,30.257608899032846,-0.8001828573803387,0.008032481664377738
699.1421581743122,-123.70230739301516,30.138336945924593,-0.798862556128694,0.007841929264973655
699.3085017760667,-123.58620195461727,30.019216345573323,-0.7975739395450683,0.007651526660503832
699.4748453778212,-123.46994499508052,29.900243618500905,-0.796316982998893,0.007461270341211281
699.6411889795758,-123.35354039559392,29.78141533987477,-0.7950873715065025,0.00740048263089662
699.8075325813303,-123.23698937232898,29.662730675804173,-0.7938451892221128,0.007534672510867851
699.9738761830848,-123.12028968794559,29.54419218393958,-0.7925806764066317,0.007668969920025436
700.1402197848394,-123.00343888097153,29.425802660859784,-0.7912938149349396,0.0078033776942445935
700.3065633865939,-122.88643449799414,29.30756491517703,-0.7899845862249872,0.007937898490922414
700.4729069883484,-122.76927409382009,29.18948176775088,-0.7886529712677635,0.008072534785591001
700.639250590103,-122.651955231641,29.07155605189856,-0.7872989506578296,0.00820728886847523
700.8055941918575,-122.53447548320466,28.953790613601186,-0.7859225046244362,0.008342162840996143
700.971937793612,-122.41683242899249,28.836188311706316,-0.78452361306323,0.008477158612220136
701.1382813953666,-122.29902365840097,28.718752018124658,-0.7831022555685383,0.008612277895256834
701.3046249971211,-122.18104676993111,28.60148461802446,-0.7816584114662763,0.00874752220360269
701.4709685988756,-122.06289937138264,28.484389010020077,-0.7801920598474608,0.008882892847435
701.6373122006302,-121.94457908005369,28.367468106355652,-0.7787031796023332,0.009018390929856165
701.8036558023847,-121.82608352294801,28.25072483308541,-0.7771917494551324,0.00915401734308796
701.9699994041392,-121.70741033698681,28.134162130247496,-0.775657747999484,0.009289772764620202
702.1363430058938,-121.5885571692273,28.017782952033482,-0.7741011537344464,0.009425657653312946
702.3026866076483,-121.46952167708832,27.901590266953303,-0.7725219451012122,0.009561672245454103
702.4690302094028,-121.35030152858046,27.78558705799318,-0.7709201005204487,0.009697816550776759
702.6353738111574,-121.2308944025439,27.669776322769703,-0.7692955984303289,0.009834090348434464
702.8017174129119,-121.11129798889239,27.554161073677392,-0.76764841732522,0.009970493182939615
702.9680610146664,-120.99150998886353,27.43874433803096,-0.765978535795059,0.010107024360065487
703.134404616421,-120.87152811527515,27.323529158200845,-0.764285932565401,0.010243682942716104
703.3007482181755,-120.75135009278893,27.208518591743356,-0.7625705865381702,0.01038046774676454
703.46709181993,-120.63097365818051,27.09371571152462,-0.7608324768331034,0.010517377336863514
703.6334354216846,-120.5103965606151,26.97912360583682,-0.759071582829876,0.010654410022232675
703.7997790234391,-120.3896165619317,26.864745378509543,-0.7572878842109585,0.01079156385242228
703.9661226251936,-120.26863143693205,26.75058414901283,-0.755481361005153,0.010928836613060565
704.1324662269482,-120.14743897367782,26.636643052554252,-0.7536519936318595,0.011066225821585153
704.2988098287027,-120.02603697379342,26.52292524016799,-0.7517997629460349,0.011203728722964804
704.4651534304572,-119.90442325277634,26.40943387879714,-0.7499246502838788,0.011341342285413456
704.6314970322118,-119.78259564031373,26.29617215136801,-0.7480266375092248,0.011479063196102259
704.7978406339663,-119.66055198060583,26.183143256856695,-0.7461057070606425,0.011616887856873145
704.9641842357208,-119.53829013269659,26.07035041034785,-0.7441618419992597,0.011754812379958719
705.1305278374754,-119.41580797081093,25.957796843085582,-0.7421950260572983,0.011892832583712737
705.2968714392299,-119.29310338469823,25.845485802514915,-0.7402052436873028,0.012030943988358227
705.4632150409844,-119.17017427998324,25.73342055231575,-0.738192480112092,0.01216914181175567
705.629558642739,-119.04701857852342,25.62160437242714,-0.7361567213753974,0.012307420965199213
705.7959022444935,-118.9236342187731,25.510040559063338,-0.7340979543932153,0.012445776049244593
705.962245846248,-118.80001915615486,25.398732424720286,-0.73201616700584,0.01258420134957605
706.1285894480026,-118.67617136343594,25.287683298171835,-0.7299113480305701,0.012722690832919121
706.2949330497571,-118.55208883111327,25.17689652445743,-0.7277834873151088,0.012861238143003141
706.4612766515116,-118.42776956780439,25.06637546485983,-0.7256325757916353,0.012999836596581734
706.6276202532662,-118.3032116006435,24.956123496871154,-0.7234586055314964,0.013138479179519977
706.7939638550207,-118.1784129756868,24.846144014150912,-0.7212615698005949,0.013277158542950558
706.9603074567752,-118.05337175832119,24.73644042647105,-0.7190414631153637,0.013415866999512067
707.1266510585298,-117.9280860336817,24.627016159652115,-0.7167982812993925,0.013554596519671756
707.2929946602843,-117.80255390707359,24.517874655486985,-0.7145320215406383,0.013693338728144709
707.4593382620388,-117.67677350440137,24.409019371654015,-0.7122426824492321,0.01383208490041475
707.6256818637934,-117.55074297260377,24.300453781618494,-0.7099302641158531,0.013970825959366683
707.7920254655479,-117.42446048009406,24.192181374522004,-0.7075947681706505,0.014109552472038288
707.9583690673024,-117.29792421720744,24.084205655060543,-0.7052361978427051,0.01424825464649979
708.124712669057,-117.17113239665224,23.976530143349134,-0.7028545580199772,0.01438692232887195
708.2910562708115,-117.04408325396895,23.869158374775754,-0.7004498553097718,0.014525545000488365
708.457399872566,-116.9167750479925,23.762093899840675,-0.698022098099627,0.014664111775215783
708.6237434743206,-116.78920606132125,23.65534028398421,-0.6955712966186622,0.014802611396937955
708.7900870760751,-116.66137460079008,23.54890110740051,-0.693097462999309,0.014941032237215504
708.9564306778296,-116.53327906002609,23.442779889662404,-0.6906055747826265,0.014910899112672541
709.1227742795842,-116.40492107265842,23.33697626063253,-0.688153304401284,0.014573448880946697
709.2891178813388,-116.27630697257332,23.23148410601676,-0.6857571897805217,0.014235727598436575
709.4554614830934,-116.14744342455799,23.126296806428186,-0.6834172729039669,0.013897772224491551
709.6218050848479,-116.0183370475085,23.021407693696965,-0.6811335897852873,0.013559617585117995
709.7881486866024,-115.88899441480216,22.916810052814917,-0.6789061708195807,0.013221296415457608
709.954492288357,-115.75942205472666,22.812497123828596,-0.676735041127523,0.012882839403759479
710.1208358901115,-115.62962645096816,22.708462103684806,-0.6746202208921166,0.012544275236712508
710.287179491866,-115.49961404315265,22.604698148025644,-0.6725617256877667,0.01220563064599001
710.4535230936206,-115.36939122744224,22.501198372936823,-0.670559566801554,0.011866930455885688
710.6198666953751,-115.23896435718018,22.397955856646302,-0.6686137515464692,0.011528197631906415
710.7862102971296,-115.10833974358604,22.294963641176835,-0.6667242835665257,0.011189453330215478
710.9525538988842,-114.97752365649592,22.192214733950212,-0.6648911631335555,0.010850716947806592
711.1188975006387,-114.84652232514843,22.08970210934639,-0.6631143874356242,0.010512006173314908
711.2852411023932,-114.71534193901252,21.987418710216744,-0.6613939508569437,0.010173337038364504
711.4515847041478,-114.58398864865568,21.885357449352274,-0.6597298452491964,0.00983472396936292
711.6179283059023,-114.45246856665143,21.7835112109087,-0.6581220601942244,0.009496179839664663
711.7842719076568,-114.32078776852306,21.681872851788338,-0.6565705832580067,0.009157716022023971
711.9506155094114,-114.18895229372312,21.580435202980542,-0.6550754002359027,0.008819342441270467
712.1169591111659,-114.05696814664518,21.47919107086072,-0.6536364953891032,0.008481067627140555
712.2833027129204,-113.92484129766842,21.378133238450587,-0.6522538516723007,0.008142898767212553
712.449646314675,-113.79257768423152,21.277254466639302,-0.6509274509525396,0.00780484175988887
712.6159899164295,-113.66018321193542,21.176547495368027,-0.6496572742192588,0.007466901267383994
712.782333518184,-113.52766375567188,21.076005044777144,-0.6484433017855107,0.007129080768669915
712.9486771199386,-113.39502516077934,20.975619816320556,-0.6472855134803974,0.006791382612354655
713.1150207216931,-113.26227324422102,20.875384493845026,-0.6461838888327032,0.006453808069451334
713.2813643234476,-113.12941379578612,20.775291744637933,-0.6451384072457644,0.0061163573860184076
713.4477079252022,-112.99645257931208,20.675334220444203,-0.6441490481635981,0.005779029835647228
713.6140515269567,-112.86339533392739,20.57550455845433,-0.6432157912283132,0.005441823771780955
713.7803951287112,-112.73024777531202,20.47579538226377,-0.6423386164288303,0.005104736679846887
713.9467387304658,-112.59701559697544,20.3761993028061,-0.6415175042409493,0.004767765229196316
714.1130823322203,-112.4637044715513,20.27670891926145,-0.6407524357587939,0.004430905324844037
714.2794259339748,-112.33032005210582,20.177316819940405,-0.6400433928176588,0.004094152159001556
714.4457695357294,-112.19686797346165,20.07801558314721,-0.639390358108316,0.0037575002624101734
714.6121131374839,-112.0633538535331,19.978797778021228,-0.6387933152827863,0.0034209435554689665
714.7784567392384,-111.92978329467307,19.879655965359504,-0.6382522490516251,0.003084475399166855
714.944800340993,-111.79616188503168,19.78058269842255,-0.6377671452727602,0.0027480886458283167
715.1111439427475,-111.66249519992313,19.681570523723252,-0.6373379910318913,0.002411775689677463
715.277487544502,-111.52878880320145,19.582611981801534,-0.6369647747144991,0.0020755285172353003
715.4438311462566,-111.39504824864422,19.483699607986427,-0.6366474860694842,0.0017393387575645083
715.6101747480111,-111.26127908134258,19.384825933146562,-0.6363861162644602,0.0014031977323751832
715.7765183497656,-111.12748683909673,19.285983484430908,-0.6361806579327172,0.001067096506008252
715.9428619515202,-110.99367705381614,19.187164786001222,-0.6360311052118872,0.0007310259353148838
716.1092055532747,-110.85985525292416,19.08836235975831,-0.6359374537743143,0.00039497671945134714
716.2755491550292,-110.72602696076417,18.989568726062473,-0.6358997008491505,5.8939449605819195e-05
716.4418927567838,-110.59219770000888,18.89077640445111,-0.6359178452361816,-0.0002770953413188785
716.6082363585383,-110.45837299307058,18.79197791435463,-0.6359918873113939,-0.0006131371290472195
716.7745799602928,-110.32455836351056,18.693165775811206,-0.6361218290242778,-0.0009491953482800962
716.9409235620474,-110.19075933744891,18.59433251018377,-0.6363076738868751,-0.001285279343024964
717.1072671638019,-110.05698144497175,18.495470640879134,-0.6365494269545584,-0.0016213983168910924
717.2736107655564,-109.9232302215373,18.396572694072564,-0.6368470947985374,-0.0019575612833246615
717.439954367311,-109.7895112093762,18.297631199436978,-0.637200685470086,-0.0022937770157716334
717.6062979690655,-109.65582995888983,18.198638690881232,-0.6376102084564632,-0.0026300539977395032
717.77264157082,-109.5221920300415,18.099587707296468,-0.6380756746285279,-0.002966400372749196
717.9389851725746,-109.38860299374265,18.000470793314122,-0.6385970961800087,-0.0033028238941526012
718.1053287743291,-109.25506843323132,17.901280500075853,-0.6391744865584172,-0.0036393318748049164
718.2716723760836,-109.12159345108628,17.80201005046024,-0.6397846520093031,-0.003542338139011655
718.4380159778382,-108.98817690231573,17.702661081275433,-0.6403458556494463,-0.00320517462809818
718.6043595795927,-108.85481334103557,17.603240993687553,-0.6408509692434512,-0.002867950676129668
718.7707031813472,-108.72149722443888,17.503757294196465,-0.6412999828818027,-0.00253066794346483
718.9370467831018,-108.5882229980279,17.404217482635694,-0.6416928868944773,-0.002193327657657957
719.1033903848563,-108.45498509689934,17.30462905307501,-0.6420296717831588,-0.0018559306641283085
719.2697339866108,-108.32177794701997,17.204999494732885,-0.6423103281618898,-0.0015184774768924483
719.4360775883654,-108.18859596649668,17.105336292899793,-0.6425348467061722,-0.0011809683293643393
719.6024211901199,-108.05543356684102,17.005646929870142,-0.6427032181105172,-0.0008434032252172697
719.7687647918744,-107.92228515422833,16.905938885880765,-0.6428154330544666,-0.000505781989304867
719.935108393629,-107.78914513075648,16.80621964005681,-0.6428714821770849,-0.00016810431864756016
720.1014519953835,-107.65600789569856,16.70649667135946,-0.6428713560599397,0.00016963016652901802
720.267795597138,-107.52286784675908,16.606777459539092,-0.6428150452185779,0.0005074218716860118
720.4341391988926,-107.38971938132576,16.507069486087033,-0.6427025401025075,0.000845271176811112
720.6004828006472,-107.25655689772617,16.407380235189127,-0.6425338311036932,0.0011831783851893201
720.7668264024018,-107.12337479648532,16.30771719467696,-0.6423089085735816,0.0015211436721129516
720.9331700041563,-106.99016748158624,16.20808785697538,-0.6420277628486626,0.0018591670335300285
721.0995136059108,-106.85692936173619,16.108499720045995,-0.6416903842845754,0.0021972482346269873
721.2658572076654,-106.72365485163823,16.00896028832436,-0.6412967632987785,0.00253538675834925
721.4322008094199,-106.59033837326969,15.909477073649535,-0.6408468904217823,0.0028735817538605504
721.5985444111744,-106.45697435716806,15.810057596183825,-0.6403407563569612,0.003211831984946435
721.764888012929,-106.32355724372717,15.710709385323044,-0.6397783520489582,0.0035501357783591925
721.9312316146835,-106.19008148450166,15.611439980592927,-0.6391596687606769,0.00388849097212021
722.097575216438,-106.05654154352389,15.51225693253284,-0.6384846981588845,0.004226894863777423
722.2639188181926,-105.92293189863335,15.413167803564175,-0.637753432408422,0.004565344158631464
722.4302624199471,-105.78924704281793,15.314180168840851,-0.6369658642750289,0.004903834917945087
722.5966060217016,-105.65548148557022,15.215301617081844,-0.6361219872367787,0.005242362507144858
722.7629496234562,-105.52162975425891,15.116539751383545,-0.6352217956041404,0.00558092154403385
722.9292932252107,-105.38768639551621,15.017902190009961,-0.6342652846486398,0.005919505847035842
723.0956368269652,-105.25364597664223,14.91939656715954,-0.6332524507401378,0.006258108383492065
723.2619804287198,-105.11950308702767,14.821030533707097,-0.6321832914926944,0.006596721218035753
723.4283240304743,-104.98525233959437,14.7228117579182,-0.6310578059190153,0.006935335461076635
723.5946676322288,-104.85088837225648,14.624747926135527,-0.6298759945934571,0.00727394121742426
723.7610112339834,-104.71640584940104,14.526846743434513,-0.628637859823562,0.007612527535089776
723.9273548357379,-104.58179946339033,14.42911593424699,-0.627343405830092,0.007951082354305222
724.0936984374924,-104.44706393608598,14.331563242951324,-0.6259926389355308,0.008289592456804216
724.260042039247,-104.31219402039433,14.234196434425662,-0.6245855677609762,0.008628043415418833
724.4263856410015,-104.1771845018366,14.13702329456513,-0.6231222034314152,0.008966419544037187
724.592729242756,-104.0420302001407,14.040051630758239,-0.6216025597892614,0.009304703847990248
724.7590728445106,-103.90672597085839,13.943289272322964,-0.6200266536161263,0.009642877974923556
724.9254164462651,-103.77126670700588,13.846744070899081,-0.6183945048627049,0.00998092216622726
725.0917600480196,-103.63564734073051,13.750423900796095,-0.6167061368867008,0.01031881520909427
725.2581036497742,-103.49986284500025,13.654336659292996,-0.6149615766986525,0.010656534389291653
725.4244472515287,-103.36390823532045,13.558490266890171,-0.6131608552155634,0.010994055444721979
725.5907908532832,-103.22777857147527,13.462892667510017,-0.6113040075221856,0.011331352519869815
725.7571344550378,-103.0914689592941,13.367551828644391,-0.6093910731397902,0.011668398121228371
725.9234780567923,-102.95497455244373,13.272475741447458,-0.6074220963022716,0.012005163073805709
726.0898216585468,-102.81829055424554,13.17767242077146,-0.6053971262393842,0.012341616478819118
726.2561652603014,-102.68141221951907,13.083149905144543,-0.6033162174669275,0.012677725672685915
726.4225088620559,-102.54433485644775,12.988916256685942,-0.6011794300836009,0.01301345618743876
726.5888524638104,-102.40705382847176,12.894979560960392,-0.5989868300743573,0.013348771712675036
726.755196065565,-102.26956455620322,12.801347926766278,-0.5967384896199208,0.013683634059182468
726.9215396673195,-102.13186251936487,12.70802948585749,-0.5944344874122125,0.014018003124368256
727.087883269074,-101.99394325875275,12.615032392597335,-0.5920749089753907,0.014351836859630618
727.2542268708286,-101.85580247411126,12.522364679230664,-0.5896652285369983,0.014573687369036581
727.4205704725831,-101.7174374838104,12.430032071375145,-0.5872292205508214,0.014715255322970133
727.5869140743376,-101.57884689760489,12.338038429312629,-0.584769626612522,0.01485726883600655
727.7532576760922,-101.44002938078455,12.246387583513494,-0.5822863724344662,0.014999729912280633
727.9196012778467,-101.30098361752195,12.15508338878727,-0.5797793834259339,0.01514264019051484
728.0859448796012,-101.16170831125974,12.064129724418132,-0.577248584754495,0.015286000937034881
728.2522884813558,-101.02220218510726,11.973530494288747,-0.5746939014085384,0.015429813038597301
728.4186320831103,-100.88246398224878,11.883289626994026,-0.5721152582610305,0.015574076995030335
728.5849756848648,-100.74249246636083,11.793411075942906,-0.5695125801344934,0.015718792911694975
728.7513192866194,-100.60228642204072,11.703898819448845,-0.5668857918672603,0.015863960491769552
728.9176628883739,-100.46184465524604,11.614756860808834,-0.5642348183810437,0.0160095790283629
729.0840064901284,-100.32116599374277,11.525989228368969,-0.561559584749797,0.016155647396464086
729.250350091883,-100.18024928756601,11.437599975578724,-0.5588600162699633,0.016302164044730987
729.4166936936375,-100.0390934094887,11.349593181030677,-0.556136038532069,0.016449126987128637
729.583037295392,-99.8976972555029,11.261972948488298,-0.5533875774937549,0.016596533794419454
729.7493808971466,-99.75605974530968,11.174743406898664,-0.5506145595542051,0.016744381585517155
729.9157244989011,-99.6141798228203,11.087908710391822,-0.547816911630048,0.01689266701870882
730.0820681006556,-99.47205645666632,11.001473038264583,-0.5449945612326985,0.017041386282756393
730.2484117024102,-99.32968864072207,10.915440594950708,-0.5421474365472418,0.01719053508788248
730.4147553041647,-99.18707539463378,10.829815609973592,-0.5392754665127524,0.017340108656655945
730.5810989059192,-99.04421576436218,10.744602337885041,-0.5363785809042096,0.01749010171478023
730.7474425076738,-98.90110882273211,10.659805058186222,-0.5334567104159014,0.01764050848180107
730.9137861094283,-98.75775366999318,10.575428075232319,-0.5305097867463981,0.017791322661741445
731.0801297111828,-98.61414943439034,10.491475718120428,-0.5275377426851042,0.017942537433675507
731.2464733129374,-98.47029527274273,10.407952340558829,-0.5245405122003559,0.018094145442256494
731.4128169146919,-98.32619037103267,10.324862320718676,-0.521518030529112,0.01824613878820907
731.5791605164464,-98.18183394500296,10.24221006106658,-0.5184702342682179,0.01839850901880194
731.7455041182011,-98.03722524076437,10.159999988178711,-0.5153970614672758,0.01855124711831298
731.9118477199556,-97.89236353541074,10.078236552534776,-0.5122984517230837,0.01870434349850461
732.0781913217102,-97.74724813764264,9.996924228291752,-0.5091743462756462,0.018857787989124377
732.2445349234647,-97.60187838840032,9.916067513037875,-0.5060246881058008,0.019011569828445887
732.4108785252192,-97.45625366150286,9.835670927524282,-0.5028494220343589,0.01916567765387139
732.5772221269738,-97.3103733642976,9.755739015376676,-0.4996484948228659,0.019320099492608756
732.7435657287283,-97.16423693831439,9.676276342783332,-0.49642185527584237,0.01947482275244823
732.9099093304828,-97.01784385992906,9.597287498161885,-0.493169454344601,0.019629834212652724
733.0762529322374,-96.87119364103224,9.518777091802086,-0.489891245232529,0.019785120014987067
733.2425965339919,-96.72428582970633,9.44074975548598,-0.4865871835018849,0.019940665654903614
733.4089401357464,-96.57712001090695,9.363210142083283,-0.48325722718201813,0.02009645597290981
733.575283737501,-96.42969580715108,9.286162925122559,-0.4799013368790179,0.020252475146138604
733.7416273392555,-96.28201287921026,9.209612798337526,-0.47651947588674837,0.020408706680145695
733.90797094101,-96.13407092680943,9.133564475188019,-0.473111610299235,0.020565133400958377
734.0743145427646,-95.98586968932935,9.058022688354725,-0.46967770912433604,0.020721737447401776
734.2406581445191,-95.8374089465128,8.982992189207438,-0.46621774439865993,0.020878500263728554
734.4070017462736,-95.68868851917604,8.908477747247142,-0.4627316913037136,0.021035402592577013
734.5733453480282,-95.53970826992112,8.834484149520003,-0.45921952828315415,0.021192424468288253
734.7396889497827,-95.39046810385254,8.761016200004375,-0.4556812371611536,0.021349545210607647
734.9060325515372,-95.24096796929484,8.688078718969212,-0.4521168032617595,0.0215067434188018
735.0723761532918,-95.09120785851121,8.615676542303902,-0.4485262155291907,0.02166399696621984
735.2387197550463,-94.94118780842437,8.543814520819627,-0.44490946664902875,0.021821282995328137
735.4050633568008,-94.79090790133505,8.472497519520559,-0.44126655317014585,0.02197857791325215
735.5714069585554,-94.64036826564266,8.401730416846332,-0.4375974756273808,0.02213585738785267
735.7377505603099,-94.48956907656287,8.331518103883772,-0.4339022386647886,0.022293096344372106
735.9040941620644,-94.33851055684379,8.261865483548593,-0.43018085115941096,0.022450268962680667
736.070437763819,-94.18719297747975,8.192777469736333,-0.4264333263454505,0.022607348675156184
736.2367813655735,-94.03561681881129,8.124258630930415,-0.4226735700433082,0.022434604221074628
736.403124967328,-93.88378615846047,8.0563055957964,-0.4189828359961796,0.02194012606047182
736.5694685690826,-93.73170850534022,7.988907130482926,-0.41537439837157875,0.021445146899740006
736.7358121708371,-93.57939138916518,7.9220515914769996,-0.41184833190192993,0.02094976903833961
736.9021557725916,-93.42684221300068,7.855727259070334,-0.40840469488104203,0.020454087844104032
737.0684993743462,-93.27406825474407,7.789922342008701,-0.40504353030653517,0.019958191882246897
737.2348429761007,-93.12107666875659,7.7246249819382715,-0.4017648670001188,0.01946216305240055
737.4011865778552,-92.96787448763794,7.659823257650655,-0.3985687207044739,0.01896607673273433
737.5675301796098,-92.81446862413439,7.595505189128236,-0.39545509515564214,0.018470001930248923
737.7338737813643,-92.66086587317214,7.531658741391518,-0.3924239831299423,0.017974001436390434
737.9002173831188,-92.50707291400931,7.468271828151881,-0.38947536746463873,0.017478131987190997
738.0665609848734,-92.35309631249757,7.40533231527167,-0.38660922205162684,0.016982444427179774
738.2329045866279,-92.19894252344726,7.342828024035645,-0.38382551280360033,0.016486983876374282
738.3992481883824,-92.04461789308877,7.280746734236762,-0.3811241985922247,0.015991789899702513
738.565591790137,-91.89012866162352,7.21907618708048,-0.37850523215797427,0.015496896678264776
738.7319353918915,-91.73548096585778,7.157804087911029,-0.37596856099134746,0.015002333181885163
738.898278993646,-91.58068084191417,7.096918108764544,-0.3735141281853216,0.014508123342461302
739.0646225954006,-91.4257342280168,7.036405890753742,-0.3711418732589524,0.014014286227664761
739.2309661971551,-91.27064696733994,6.976255046287285,-0.3688517329520442,0.013520836214576122
739.3973097989096,-91.11542481092025,6.916453161130231,-0.3666436419909891,0.013027783162907662
739.5636534006642,-90.96007342062514,6.856987796309505,-0.36451753382584196,0.012535132587487511
739.7299970024187,-90.80459837217417,6.797846489869948,-0.3624733413387915,0.012042885829732841
739.8963406041732,-90.64900515820894,6.73901675848572,-0.36051099752420823,0.01155104022786991
740.0626842059278,-90.49329919140561,6.680486098931636,-0.35863043614047374,0.01105958928569447
740.2290278076823,-90.33748580763152,6.622241989421352,-0.35683159233390693,0.010568522839718889
740.3953714094368,-90.18157026913772,6.564271890816006,-0.35511440323500754,0.01007782722455876
740.5617150111914,-90.02555776778605,6.5065632477092095,-0.3534788085273428,0.009587485436460864
740.7280586129459,-89.8694534283091,6.449103489394119,-0.35192475098939724,0.009097477294903292
740.8944022147004,-89.71326231159898,6.391880030717514,-0.3504521770097062,0.008607779602219034
741.060745816455,-89.55698941802414,6.334880272826631,-0.3490610370756011,0.00811836630122766
741.2270894182095,-89.40063969076974,6.2780916038136665,-0.34775128623589513,0.0076292086308775995
741.393433019964,-89.24421801920268,6.221501399263973,-0.34652288453784763,0.0071402752799330825
741.5597766217186,-89.08772924225681,6.165097022712854,-0.34537579743872104,0.006651532538753392
741.7261202234731,-88.93117815169123,6.108865826930669,-0.34430977306483346,0.00619940950444895
741.8924638252277,-88.77456854393688,6.052797812646992,-0.3432779487501181,0.006206528255587915
742.0588074269822,-88.61790113393228,5.99689151442999,-0.3422449410477002,0.0062136377002411135
742.2251510287367,-88.46117602295926,5.941147177291346,-0.3412107515166869,0.006220737722868439
742.3914946304913,-88.30439331280624,5.885565045950983,-0.3401753817340012,0.00622782820762318
742.5578382322458,-88.14755310598626,5.830145364910487,-0.3391388332958645,0.006234909038345152
742.7241818340003,-87.99065550573737,5.774888378448486,-0.3381011078178453,0.006241980098563816
742.890525435755,-87.8337006160241,5.719794330616438,-0.3370622069349132,0.006249041271501391
743.0568690375095,-87.67668854153783,5.664863465233987,-0.3360221323014887,0.006256092440076032
743.223212639264,-87.51961938769813,5.6100960258846255,-0.3349808855914924,0.006263133486905013
743.3895562410186,-87.36249326065285,5.555492255911009,-0.33393846849839415,0.0062701642943080275
743.5558998427731,-87.20531026728001,5.50105239841076,-0.3328948827352658,0.006277184744310416
743.7222434445276,-87.0480705151879,5.446776696231719,-0.33185013003482666,0.006284194718646531
743.8885870462822,-86.89077411271622,5.392665391967585,-0.33080421214949496,0.006291194098763096
744.0549306480367,-86.73342116893627,5.338718727953106,-0.32975713085142777,0.006298182765822654
744.2212742497912,-86.57601179365297,5.284936946259937,-0.32870888793258013,0.006305160600706951
744.3876178515458,-86.41854609740408,5.231320288691663,-0.3276594852047401,0.006312127484020508
744.5539614533003,-86.26102419146221,5.177868996779487,-0.32660892449958157,0.006319083296094109
744.7203050550548,-86.10344618783459,5.124583311777425,-0.3255572076687052,0.0063260279169884085
744.8866486568094,-85.94581219926448,5.071463474657882,-0.3245043365836877,0.006332961226497537
745.0529922585639,-85.78812233923115,5.018509726106804,-0.3234503131361186,0.006339883104152769
745.2193358603184,-85.63037672195154,4.965722306519381,-0.32239513923765495,0.006346793429226212
745.385679462073,-85.47257546237975,4.91310145599498,-0.3213388168200524,0.00635369208073457
745.5520230638275,-85.31471867620813,4.860647414332661,-0.32028134783521267,0.006360578937442939
745.718366665582,-85.15680647986817,4.808360421026563,-0.3192227342552263,0.006367453877868606
745.8847102673366,-84.99883899053069,4.756240715261111,-0.31816297807241156,0.0063743167802849275
746.0510538690911,-84.84081632610643,4.704288535906296,-0.317102081299355,0.006381167522725255
746.2173974708456,-84.68273860524677,4.6525041215129646,-0.3160400459689514,0.006388005982986866
746.3837410726002,-84.52460594734424,4.600887710308197,-0.31497687413444275,0.006394832038634966
746.5500846743547,-84.36641847253263,4.5494395401903205,-0.313912567869457,0.006401645567006737
746.7164282761092,-84.20817630168771,4.498159848724283,-0.3128471292680426,0.00640844644521539
746.8827718778638,-84.04987955642801,4.447048873136935,-0.3117805604447099,0.006415234550154283
747.0491154796183,-83.89152835911435,4.396106850312044,-0.31071286353446403,0.006422009758501116
747.2154590813728,-83.73312283285145,4.345334016785753,-0.3096440406928429,0.006428771946722058
747.3818026831274,-83.57466310148725,4.294730608741534,-0.3085740940959498,0.006435520991076064
747.5481462848819,-83.41614928961368,4.244296862005439,-0.30750302594048895,0.0064422567676191075
747.7144898866364,-83.2575815225672,4.19403301204132,-0.30643083844379815,0.006448979152208519
747.880833488391,-83.0989599264286,4.1439392939458495,-0.30535753384388054,0.006455688020507333
748.0471770901455,-82.9402846280238,4.0940159424437965,-0.30428311439944,0.00646238324798872
748.2135206919,-82.78155575492421,4.044263191883171,-0.3032075823899101,0.006469064709940382
748.3798642936546,-82.62277343544612,3.9946812762301,-0.3021309401154828,0.006475732281469092
748.5462078954091,-82.46393779865166,3.9452704290641436,-0.3010531898971407,0.006482385837505182
748.7125514971636,-82.30504897434919,3.8960308835734274,-0.29997433407668694,0.0064890252528071
748.8788950989182,-82.14610709309265,3.8469628725495078,-0.2988943750167694,0.006495650401966047
749.0452387006727,-81.98711228618222,3.7980666283825846,-0.2978133151009108,0.006502261159410603
749.2115823024272,-81.82806468566473,3.749342383056628,-0.29673115673353667,0.006508857399411392
749.3779259041818,-81.66896442433321,3.700790368144292,-0.29564790233999894,0.006515438996085831
749.5442695059363,-81.50981163572722,3.652410814801998,-0.29456355436660164,0.006522005823402894
749.7106131076908,-81.35060645413269,3.6042039537649284,-0.2934781152806236,0.006528557755187892
749.8769567094454,-81.19134901458253,3.556170015342214,-0.292391587570346,0.006535094665127336
750.0433003111999,-81.03203945285595,3.508309229411727,-0.29130397374507133,0.006541616426773796
750.2096439129544,-80.87267790547898,3.460621825415243,-0.29021527633514754,0.006548122913550842
750.375987514709,-80.71326450972424,3.413108032353412,-0.28912549789198794,0.0065546139987579695
750.5423311164635,-80.55379940361057,3.3657680787806017,-0.28803464098809073,0.006561089555575647
750.708674718218,-80.39428272590351,3.3186021928000944,-0.2869427082170608,0.006567549457070287
750.8750183199726,-80.23471461611462,3.271610602058832,-0.28584970219362393,0.006573993576199383
751.0413619217271,-80.07509521450196,3.2247935337426035,-0.28475562555365164,0.006580421785816561
751.2077055234816,-79.9154246620694,3.1781512145708364,-0.28366048095417007,0.006586833958676759
751.3740491252362,-79.7557031005665,3.13168387079153,-0.28256427107338045,0.0065932299674414194
751.5403927269907,-79.59593067248865,3.085391728176324,-0.2814669986106746,0.006599609684683693
751.7067363287453,-79.43610752107668,3.03927501201538,-0.28036866628664736,0.006605972982893678
751.8730799304998,-79.27623379031594,2.9933339471121143,-0.27926927684310776,0.006612319734483792
752.0394235322543,-79.11630962493757,2.9475687577785408,-0.2781688330431007,0.006618649811793996
752.2057671340089,-78.95633517041641,2.9019796678297203,-0.2770673376709074,0.0066249630870972714
752.3721107357634,-78.79631057297159,2.8565669005788545,-0.27596479353205927,0.006631259432604949
752.5384543375179,-78.6362359795664,2.811330678832339,-0.27486120345335463,0.006637538720472178
752.7047979392725,-78.47611153790699,2.7662712248843273,-0.27375657028285705,0.006643800822803406
752.871141541027,-78.31593739644333,2.7213887605120184,-0.2726508968899144,0.006650045611657869
753.0374851427815,-78.15571370436685,2.676683506970038,-0.2715441861651535,0.006656272959055175
753.203828744536,-77.99544061161178,2.632155684985761,-0.2704364410204967,0.006662482736980843
753.3701723462906,-77.83511826885383,2.587805514753995,-0.2693276643891629,0.006668674817391948
753.5365159480451,-77.67474682750967,2.543633215931822,-0.26821785922567143,0.006674849072222747
753.7028595497997,-77.51432643973646,2.499639007633499,-0.2671070285058468,0.006681005373390369
753.8692031515542,-77.35385725843125,2.4558231084252946,-0.2659951752268195,0.006687143592800564
754.0355467533088,-77.19333943723022,2.4121857363202985,-0.2648823024070266,0.006693263602353406
754.2018903550634,-77.03277313050864,2.368727108773415,-0.263768413086217,0.006699365273949083
754.3682339568179,-76.87215849337979,2.3254474426761416,-0.26265351032544837,0.006705448479493723
754.5345775585724,-76.71149568169393,2.2823469543512585,-0.2615375972070817,0.006711513090905253
754.700921160327,-76.55078485203802,2.2394258595478154,-0.2604206768347823,0.006717558980119251
754.8672647620815,-76.39002616173497,2.196684373435964,-0.25930275233351896,0.0067235860190948795
755.033608363836,-76.22921976884301,2.1541227106018037,-0.2581838268495562,0.006729594079820787
755.1999519655906,-76.06836583215453,2.111741085042136,-0.2570639035504487,0.006735583034321128
755.3662955673451,-75.90746451119509,2.069539710159244,-0.25594298562503504,0.006741552754661537
755.5326391690996,-75.7465159662235,2.027518798755961,-0.254821076283434,0.006747503112955154
755.6989827708542,-75.58552035822969,1.9856785630301552,-0.2536981787570287,0.00675343398136871
755.8653263726087,-75.424477848935,1.9440192145698765,-0.2525742962984654,0.00675934523212859
756.0316699743632,-75.26338860079017,1.9025409643479,-0.2514494321816372,0.006765236737526966
756.1980135761178,-75.10225277697523,1.8612440227167668,-0.2503235897016749,0.00677110836992795
756.3643571778723,-74.941070541398,1.8201285994034537,-0.24919677217493508,0.006776960001773752
756.5307007796268,-74.77984205869382,1.7791949035044217,-0.24806898293898838,0.006782791505590866
756.6970443813814,-74.61856749422279,1.7384431434799599,-0.24694022535259608,0.006788602753996374
756.8633879831359,-74.45724701407072,1.6978735271495433,-0.24581050279570515,0.006794393619704107
757.0297315848904,-74.29588078504682,1.6574862616863462,-0.24467981866942745,0.006800163975530981
757.196075186645,-74.13446897468275,1.6172815536121115,-0.24354817639601967,0.006805913694403304
757.3624187883995,-73.97301173164081,1.5772596874181388,-0.24241244371270465,0.0068925420370472956
757.528762390154,-73.81150867973108,1.5374230817387136,-0.24125099546233475,0.007071922564553969
757.6951059919086,-73.64995887741362,1.4977764911208502,-0.24005969969410845,0.007251408923756579
757.8614495936631,-73.48836137029922,1.4583247951484668,-0.23883853828563772,0.007431007291865581
758.0277931954176,-73.32671522079336,1.419072880405606,-0.23758749211225538,0.007610723541131453
758.1941367971722,-73.16501950851645,1.3800256407003804,-0.2363065410983629,0.007790563231416769
758.3604803989267,-73.00327333072681,1.341187977277989,-0.23499566427001684,0.00797053160264316
758.5268240006812,-72.84147580274974,1.3025647990230238,-0.2336548398087861,0.008150633567110528
758.6931676024358,-72.67962605841092,1.2641610226504674,-0.23228404510690304,0.008330873701690208
758.8595112041903,-72.51772325047324,1.2259815728849222,-0.23088325682370803,0.008511256239893288
759.0258548059448,-72.35576655108024,1.1880313826283484,-0.22945245094343925,0.008691785063812232
759.1921984076994,-72.19375515220355,1.150315393115567,-0.22799160283437292,0.008872463695938998
759.3585420094539,-72.03168826609416,1.112838554057016,-0.22650068730931894,0.009053295290862202
759.5248856112084,-71.86956512573988,1.0756058237691595,-0.2249796786875251,0.009234282626841886
759.691229212963,-71.7073849853268,1.0386221692915165,-0.2234285508579843,0.00941542809726767
759.8575728147175,-71.54514712070568,1.0018925664904055,-0.2218472773441733,0.009596733702000872
760.023916416472,-71.3828508298634,0.9654220001489159,-0.22023583137024128,0.009778201038604821
760.1902600182266,-71.22049543339878,0.9292154640427774,-0.21859418592866753,0.009959831293466724
760.3566036199811,-71.05808027500345,0.893277961001829,-0.2169223138494032,0.010141625232815216
760.5229472217356,-70.89560472194725,0.8576145029567076,-0.21522018787051556,0.010323583193638181
760.6892908234902,-70.7330681655684,0.8222301109703808,-0.21348778071035168,0.010505705074506272
760.8556344252447,-70.57047002176785,0.7871298152541819,-0.2117250651412328,0.010687990326307515
761.0219780269992,-70.40780973150959,0.75231865516822,-0.20993201406471051,0.010870437942898107
761.1883216287538,-70.24508676132297,0.7178016792051568,-0.20810860058835967,0.011053046451679397
761.3546652305083,-70.08230060381166,0.6835839449577839,-0.20625479810416802,0.011235813904104126
761.5210088322629,-69.91945077816561,0.6496705190694304,-0.20437058036849853,0.011418737866123126
761.6873524340174,-69.75653683067738,0.6160664771671052,-0.20245592158364545,0.01160181540857923
761.8536960357719,-69.59355833526273,0.5827769037769239,-0.20051079648099757,0.01178504309755814
762.0200396375265,-69.43051489398528,0.5498068922215107,-0.1985351804058082,0.011968416984705414
762.186383239281,-69.26740613758356,0.517161544498652,-0.1965290494035692,0.012151932597521982
762.3527268410355,-69.10423172600376,0.48484597114146255,-0.19449238030801563,0.012335584929645574
762.51907044279,-68.94099134893331,0.4528652910588531,-0.19242515083072798,0.012519368431134622
762.6854140445446,-68.77768472633984,0.4212246313567333,-0.1903273396523697,0.012703276998762182
762.8517576462991,-68.61431160901218,0.38992912713900457,-0.18819892651552816,0.012887303966336522
763.0181012480537,-68.4508717791037,0.35898392128804346,-0.18603989231915863,0.013071442095061472
763.1844448498082,-68.28736505067813,0.32839416422436885,-0.1838502192146274,0.013255683563951038
763.3507884515627,-68.1237912702591,0.29816501364534403,-0.18162989070336133,0.013440019960311985
763.5171320533173,-67.96015031737926,0.2683016342418716,-0.1793788917360457,0.013624442270314624
763.6834756550718,-67.7964421051332,0.23880919739346013,-0.17709720881340907,0.013808940869664077
763.8498192568263,-67.63266658072983,0.20969288084060994,-0.1747848300885244,0.013993505514393831
764.0161628585809,-67.46882372604775,0.18095786833474914,-0.1724417454706595,0.014178125331796342
764.1825064603354,-67.30491355818916,0.1526093492647419,-0.17006794673059256,0.014362788811513693
764.3488500620899,-67.14093613003604,0.12465251826016256,-0.1676634276074207,0.014547483796804818
764.5151936638445,-66.97689153080476,0.09709257477052045,-0.16522818391678662,0.01473219747601317
764.681537265599,-66.81277988660158,0.06993472262045715,-0.16276221366052512,0.014916916374253731
764.8478808673535,-66.64860136097568,0.04318416954016803,-0.16026551713764992,0.015101626345344718
765.0142244691081,-66.48435615547152,0.01684612667098767,-0.15773809705666775,0.015286312564005177
765.1805680708627,-66.32004451018156,-0.00907419195387793,-0.15517995864919998,0.015470959518340151
765.3469116726172,-66.15566670429251,-0.03457156995484005,-0.15259110978476675,0.01565555100264553
765.5132552743718,-65.99122305663228,-0.05964078917671373,-0.14997156108678933,0.015840070110549342
765.6795988761263,-65.82671392621242,-0.08427663028585242,-0.14732132604968395,0.016024499228520846
765.8459424778808,-65.66213971276686,-0.10847387339366121,-0.1446404211570056,0.016208820029772617
766.0122860796354,-65.49750085728617,-0.132227298706833,-0.14192886600056864,0.01639301346858356
766.1786296813899,-65.33279784254837,-0.15553168720428767,-0.1391866834004949,0.01657705977506881
766.3449732831444,-65.16803119364099,-0.1783818213417215,-0.13641389952604488,0.01676093845043066
766.511316884899,-65.00320147848102,-0.2007724857829443,-0.13361054401725747,0.016944628262711526
766.6776604866535,-64.83830931944314,-0.22269855274563669,-0.13078036498604861,0.017020271187545805
766.844004088408,-64.67335577492825,-0.2441579270547517,-0.12795555141865567,0.016943328663206903
767.0103476901626,-64.50834240376379,-0.26515230931693007,-0.12514353502868536,0.016866407952605623
767.1766912919171,-64.34327077941671,-0.28568364488340586,-0.12234431162572879,0.016789515787383722
767.3430348936716,-64.17814245794237,-0.30575388420279753,-0.1195578759112439,0.01671265875928046
767.5093784954262,-64.01295897803237,-0.3253649825305692,-0.11678422150181378,0.016635843320706178
767.6757220971807,-63.84772186106159,-0.3445188996436617,-0.11402334095223576,0.016559075785368516
767.8420656989352,-63.68243261114144,-0.36321759955944377,-0.11127522577854787,0.01648236232895239
768.0084093006898,-63.517092715176624,-0.3814630502593033,-0.10853986648094338,0.01640570898985041
768.1747529024443,-63.351703642923205,-0.3992572234171377,-0.10581725256652952,0.016329121669940324
768.3410965041988,-63.18626684705044,-0.4166020941324319,-0.10310737257196623,0.016252606135408677
768.5074401059534,-63.02078376320629,-0.43349964066794033,-0.10041021408597395,0.016176168017618547
768.6737837077079,-62.85525581008492,-0.4499518441921464,-0.0977257637716824,0.016099812814018413
768.8401273094624,-62.68968438949714,-0.465960688526354,-0.09505400738882797,0.016023545889090662
769.006470911217,-62.524070886443724,-0.48152815989643083,-0.09239492981579422,0.01594737247533783
769.1728145129715,-62.3584166691907,-0.49665624668927927,-0.08974851507147408,0.015871297674303706
769.339158114726,-62.192723089347496,-0.5113469392138719,-0.08711474633697058,0.015795326457628628
769.5055017164806,-62.02699148194757,-0.5256022294669352,-0.08449360597711841,0.01571946366813604
769.6718453182351,-61.8612231655306,-0.5394241109032977,-0.08188507556181301,0.01564371402094868
769.8381889199896,-61.69541944222752,-0.5528145782107751,-0.0792891358871608,0.015568082104632817
770.0045325217442,-61.52958159784784,-0.5657756270896056,-0.07670576699644371,0.015492572382368746
770.1708761234987,-61.36371090196686,-0.5783092540366132,-0.07413494820085242,0.015417189193144564
770.3372197252532,-61.19780860801824,-0.5904174561336291,-0.0715766581000703,0.015341936752974104
770.5035633270078,-61.03187595338558,-0.6021022308406205,-0.06903087460261936,0.015266819156134521
770.6699069287623,-60.8659141594959,-0.6133655757932943,-0.06649757494598862,0.015191840376423137
770.8362505305168,-60.69992443191727,-0.6242094886049668,-0.06397673571660123,0.015117004268433131
771.0025941322714,-60.533907960454265,-0.6346359666731063,-0.06146833286950715,0.015042314568843545
771.1689377340259,-60.36786591924767,-0.6446470069900785,-0.05897234174790089,0.014967774897725244
771.3352813357805,-60.20179946687497,-0.6542446059582947,-0.05648873710241453,0.014893388759859483
771.501624937535,-60.03570974645122,-0.6634307592097344,-0.05401749311017623,0.014819159546067896
771.6679685392895,-59.86959788573166,-0.6722074614297238,-0.05155858339365116,0.014745090534552776
771.834312141044,-59.70346499721708,-0.6805767061848855,-0.0491119810392866,0.014671184892247148
772.0006557427986,-59.53731217825622,-0.6885404857555142,-0.046677658615869255,0.014597445676170474
772.1669993445531,-59.37114051115468,-0.6961007909718532,-0.04425558819273645,0.014523875834793086
772.3333429463077,-59.20495106327966,-0.7032596110547595,-0.0418457413576907,0.014450478209403622
772.4996865480622,-59.0387448871689,-0.7100189334603215,-0.039448089234724204,0.014377255535481475
772.6660301498167,-58.87252302063893,-0.7163807437285894,-0.03706260250150528,0.01430421044407159
772.8323737515713,-58.70628648689496,-0.7223470253363049,-0.034689251406639254,0.014231345463161108
772.9987173533258,-58.540036294640544,-0.727919759553638,-0.03232800578669082,0.014158663019056146
773.1650609550803,-58.37377343818803,-0.7331009253048526,-0.029978835082981714,0.014086165437758088
773.3314045568349,-58.20749889757081,-0.7378924990328257,-0.0276417083581717,0.014013854946339
773.4977481585894,-58.04121363865413,-0.7422964545674807,-0.025316594312590368,0.01394173367431359
773.6640917603439,-57.8749186132479,-0.7463147629979845,-0.02300346130035491,0.013869803655008376
773.8304353620985,-57.7086147592195,-0.7499493925487197,-0.020702277345260534,0.013798066826926417
773.996778963853,-57.54230300060638,-0.7532023084589852,-0.018413010156435927,0.013726525035106714
774.1631225656075,-57.37598424772971,-0.7560754728663668,-0.01613562714378025,0.01365518003247759
774.329466167362,-57.20965939730729,-0.7585708446937467,-0.013870095433165641,0.013584033481203121
774.4958097691166,-57.04332933256846,-0.7606903795398728,-0.01161638188143943,0.013513086954022651
774.6621533708711,-56.87699492336675,-0.7624360295735113,-0.009374453091172352,0.013442341935580871
774.8284969726257,-56.71065702629501,-0.7638097434310589,-0.007144275425215341,0.013371799823749947
774.9948405743802,-56.5443164847981,-0.7648134661176355,-0.004925815021009861,0.013301461930940913
775.1611841761347,-56.377974129288454,-0.7654491389115567,-0.0027190378047126096,0.013231329485405785
775.3275277778893,-56.21163077725908,-0.7657186992721916,-0.000523909505075526,0.013161403632527841
775.4938713796438,-56.04528723339763,-0.7656240807511221,0.0016596043328771515,0.013091685436100566
775.6602149813983,-55.878944289700634,-0.7651672129065785,0.003831538334372553,0.013022175879594826
775.8265585831529,-55.712602725586805,-0.7643500212211022,0.005991927281642884,0.01295287586741289
775.9929021849074,-55.546263307184404,-0.7631745214834478,0.008137671529854451,0.012814431686763614
776.1592457866619,-55.37992677107759,-0.7616445123095479,0.010252901852207952,0.012617581281640635
776.3255893884166,-55.213593811704804,-0.7597653912969906,0.012335364035394925,0.012420453582449573
776.4919329901711,-55.04726508882868,-0.7575426207486601,0.014385013553905424,0.012223067730879784
776.6582765919256,-54.880941228277976,-0.7549816711619032,0.0164018090154201,0.012025442257263637
776.8246201936802,-54.714622822435075,-0.7520880205845603,0.01838571205952011,0.011827595085604159
776.9909637954347,-54.54831043073125,-0.7488671539930828,0.020336687257271002,0.01162954353905515
777.1573073971892,-54.3820045801475,-0.7453245626925205,0.02225470201177071,0.011431304345829426
777.3236509989438,-54.21570576572331,-0.7414657437382124,0.024139726459695865,0.011232893645515557
777.4899946006983,-54.04941445106989,-0.7372961993789073,0.025991733373951664,0.011034326995777784
777.6563382024528,-53.88313106889103,-0.7328214365211411,0.027810698067443962,0.010835619379421358
777.8226818042074,-53.71685602150719,-0.7280469662145358,0.029596598298076593,0.010636785211797981
777.9890254059619,-53.55058968138668,-0.7229783031578566,0.031349414174983714,0.01043783834853567
778.1553690077164,-53.38433239167892,-0.7176209652254185,0.033069128066099296,0.01023879209356773
778.321712609471,-53.21808446675315,-0.711980473013659,0.034755724507069985,0.010039659207445992
778.4880562112255,-53.05184619274028,-0.7060623494075124,0.03640919011157928,0.009840451915917186
778.65439981298,-52.88561782807945,-0.6998721191663373,0.03802951348310746,0.009641181918746463
778.8207434147346,-52.71939960406487,-0.6934153085289393,0.03961668512820182,0.009441860398766471
778.9870870164891,-52.55319172539861,-0.6866974448375501,0.04117069737124224,0.009242498031140913
779.1534306182436,-52.38699437074351,-0.6797240561802415,0.04269154427078625,0.009043104992820954
779.3197742199982,-52.22080769327891,-0.6725006710515262,0.04417922153749165,0.008843690972181989
779.4861178217527,-52.05463182125851,-0.6650328180307727,0.045633726453658596,0.008644265178825
779.6524614235072,-51.888466858570084,-0.6573260254780842,0.04705505779440866,0.008444836353528627
779.8188050252618,-51.72231288529543,-0.6493858212472039,0.04844321575054433,0.0082454127783363
779.9851486270163,-51.55616995827257,-0.6412177324151794,0.049798201853085367,0.008046002286768031
780.1514922287708,-51.390038111658,-0.6328272850283139,0.05112001889951756,0.007846612274142092
780.3178358305254,-51.2239173574911,-0.6242200038641432,0.052408670881762376,0.007647249707997434
780.4841794322799,-51.05780768625648,-0.615401412208843,0.05366416291589893,0.007447921138600696
780.6505230340344,-50.89170906744961,-0.6063770316499677,0.054886501173625035,0.007248632709533789
780.816866635789,-50.72562145014006,-0.5971523818838381,0.056075692815500844,0.007049390168345307
780.9832102375435,-50.5595447635369,-0.5877329805374419,0.05723174592595148,0.006850198877261905
781.149553839298,-50.39347886604185,-0.5781252306001058,0.058330777585439364,0.006223061807004534
781.3158974410526,-50.227422995082826,-0.5683456831833585,0.05929636757299228,0.005386602191370829
781.4822410428071,-50.061375951963136,-0.5584173480591124,0.06012285634995429,0.004550595833429144
781.6485846445617,-49.89533647048039,-0.5483633234172951,0.0608103144003147,0.0037149829122532247
781.8149282463162,-49.729303232653336,-0.5382066935126363,0.06135880190269338,0.0028796994727869527
781.9812718480707,-49.5632748782726,-0.5279705309470708,0.06176836810647446,0.002044678192460361
782.1476154498253,-49.397250014423285,-0.517677899073694,0.062039050835105414,0.0012098491435639461
782.3139590515798,-49.23122722498883,-0.5073518544949067,0.06217087611591676,0.00037514055224774367
782.4803026533343,-49.065205080139336,-0.49701544962720823,0.06216385793597734,-0.0004595204449530165
782.6466462550889,-48.899182145811025,-0.48669173530535526,0.062017998123653495,-0.001294207046108157
782.8129898568434,-48.7331569931824,-0.4764037633985911,0.06173328635570208,-0.0021289920294225986
782.9793334585979,-48.56712820815262,-0.4661745894117053,0.061309700289885694,-0.0029639469983189382
783.1456770603525,-48.40109440083019,-0.456027275043763,0.06074720582327231,-0.003799141625087949
783.312020662107,-48.23505421503319,-0.4459848906769295,0.06004575747652918,-0.004634642892177863
783.4783642638615,-48.06900633781137,-0.43607051776825834,0.059205298904684955,-0.005470514330195141
783.644707865616,-47.90294950899335,-0.4263072511167514,0.05822576353498299,-0.006306815251786056
783.8110514673706,-47.73688253076136,-0.4167182009778524,0.05710707533255688,-0.007143599980648691
783.9773950691251,-47.57080427726306,-0.4073264949977103,0.05584914969482213,-0.007980917074993118
784.1437386708797,-47.40471370425905,-0.39815527993879507,0.05445189447552634,-0.008818808544929977
784.3100822726342,-47.238609858812225,-0.389227723168602,0.05291521113952413,-0.009657309063372966
784.4764258743887,-47.0724918890209,-0.3805670138827562,0.051238996049368435,-0.010496445170211022
784.6427694761433,-46.90635905379606,-0.3721963640334952,0.04942314188484964,-0.011336234469691864
784.8091130778978,-46.7402107326846,-0.3641390089343655,0.04746753919659774,-0.012176684821145329
784.9754566796523,-46.57404643573719,-0.35641820751158065,0.04537207809483501,-0.013017793523408093
785.1418002814069,-46.40786581342063,-0.34905724217234,0.04313665007428824,-0.013859546493544057
785.3081438831614,-46.24166866656905,-0.34207941825998045,0.04076114997611224,-0.014701917440742028
785.4744874849159,-46.075454956372965,-0.3355080630659106,0.03824547808756806,-0.015544867036532843
785.6408310866705,-45.9092248143989,-0.329366524367908,0.03558954237993861,-0.01638834208280207
785.807174688425,-45.742978552472685,-0.3236781684591068,0.03279326088214152,-0.017232274680214685
785.9735182901795,-45.57671678212013,-0.3184628276834404,0.029929431853243038,-0.0170798565622074
786.1398618919341,-45.41044086380129,-0.3137198670018094,0.027112424688988668,-0.016789777532025266
786.3062054936886,-45.24415234578709,-0.3094413101627466,0.02434372088993797,-0.01649909815452112
786.4725490954431,-45.07785270978355,-0.3056191496202947,0.021623416530970108,-0.016207863693005368
786.6388926971977,-44.91154337168896,-0.30224535741607245,0.01895160030338694,-0.015916117660986894
786.8052362989522,-44.74522568256071,-0.29931188676376735,0.01632835380498454,-0.015623901834836758
786.9715799007067,-44.57890092960396,-0.296810673571273,0.013753751827787486,-0.015331256268480463
787.1379235024613,-44.412570337188384,-0.29473363790104695,0.011227862643239828,-0.015038219310011253
787.3042671042158,-44.24623506788399,-0.29307268536905295,0.008750748284431786,-0.014744827620093461
787.4706107059704,-44.079896223519356,-0.2918197084829554,0.006322464825154306,-0.014451116192049574
787.636954307725,-43.913554846259245,-0.2909665879201709,0.0039430626554763926,-0.014157118373515137
787.8032979094795,-43.74721191969796,-0.2905051937464881,0.0016125867535765614,-0.013862865889549348
787.969641511234,-43.58086836997151,-0.2904273865760539,-0.0006689230463514662,-0.013568388867102597
788.1359851129886,-43.414525066881815,-0.2907250186735309,-0.002901431790405251,-0.013273715860729628
788.3023287147431,-43.24818282503696,-0.2913899349993269,-0.0050849091456184325,-0.012978873879459093
788.4686723164976,-43.08184240500263,-0.292413974198814,-0.007219329145182751,-0.012683888414717747
788.6350159182522,-42.915504514463606,-0.2937889695365281,-0.009304669938404952,-0.01238878346921902
788.8013595200067,-42.749169809397124,-0.29550674977634883,-0.01134091354552158,-0.012093581586733574
788.9677031217612,-42.582838895253246,-0.29755914000873257,-0.013328045617552853,-0.011798303882652381
789.1340467235158,-42.41651232814421,-0.29993796242606957,-0.01526605520128932,-0.011502970075267937
789.3003903252703,-42.25019061603983,-0.302635037047296,-0.017154934509542308,-0.011207598517695632
789.4667339270248,-42.083874219969736,-0.30564218239288765,-0.018994678696745204,-0.010912206230366336
789.6330775287794,-41.917563555229414,-0.3089512161114329,-0.02078528564001436,-0.010616808934019754
789.7994211305339,-41.75125899259161,-0.31255395555894555,-0.02252675572572249,-0.010321421083138532
789.9657647322884,-41.58496085952015,-0.31644221833215525,-0.024219091641679125,-0.010026055899760715
790.132108334043,-41.41866944138767,-0.32060782275696653,-0.02586229817495056,-0.009730725407617867
790.2984519357975,-41.25238498269471,-0.32504258833335853,-0.02745638201538947,-0.009435440466544095
790.464795537552,-41.08610768829017,-0.3297383361379709,-0.029001351564909683,-0.009140210807108412
790.6311391393066,-40.919837724594366,-0.33468688918558265,-0.030497216752523038,-0.008845045065429087
790.7974827410611,-40.75357522081932,-0.33988007275088544,-0.031943988855204,-0.008549950818120256
790.9638263428157,-40.587320270193004,-0.34530971465163135,-0.033341680324550094,-0.008254934617345201
791.1301699445702,-40.42107293117999,-0.35096764549462617,-0.034690304619296786,-0.007960002025929794
791.2965135463247,-40.25483322870335,-0.3568456988857068,-0.035989876043668545,-0.007665157652513506
791.4628571480793,-40.0886011553641,-0.3629357116050816,-0.03724040959158126,-0.007370405186704071
791.6292007498338,-39.922376672660036,-0.3692295237492556,-0.03844192079669018,-0.00707574743421416
791.7955443515883,-39.756159712202965,-0.37571897884084116,-0.03959442558827764,-0.006781186351956334
791.9618879533429,-39.58995017693306,-0.38239592390757726,-0.04069794015297923,-0.006486723083075028
792.1282315550974,-39.42374794233317,-0.38925220953171996,-0.04175248080231819,-0.006192357991903642
792.2945751568519,-39.25755285763803,-0.3962796898712803,-0.042758063846069394,-0.005898090698823428
792.4609187586065,-39.0913647470442,-0.40347022265412547,-0.04371470547138756,-0.005603920115023284
792.627262360361,-38.9251834109156,-0.4108156691464356,-0.044622421627726006,-0.005309844477140944
792.7936059621155,-38.75900862698654,-0.4183078940966921,-0.04548122791750542,-0.005015861381781875
792.95994956387,-38.592840151564,-0.4259387656563687,-0.04629113949250385,-0.004721967819913639
793.1262931656246,-38.426677720725266,-0.43370015527876493,-0.04705217095597014,-0.004428160211124797
793.2926367673791,-38.260521051514466,-0.44158393759705844,-0.04776433627041543,-0.004134434437753297
793.4589803691337,-38.09436984313666,-0.4495819902828892,-0.04842764867107441,-0.003840785878881585
793.6253239708882,-37.928223778148265,-0.45768619388676535,-0.04904212058501223,-0.0035472094441980273
793.7916675726427,-37.76208252364677,-0.46588843166139227,-0.04960776355585006,-0.003253699607732671
793.9580111743973,-37.59594573245732,-0.4741805893692705,-0.050124588174093265,-0.002960250441467391
794.1243547761518,-37.42981304431744,-0.4825545550757197,-0.05059260401304044,-0.002666855648828531
794.2906983779063,-37.26368408706037,-0.4910022189285399,-0.05101181957025469,-0.0023735085980692875
794.4570419796609,-37.09755847779543,-0.4995154729255926,-0.05138224221457799,-0.0020802023555473908
794.6233855814154,-36.93143582408786,-0.5080862106714101,-0.051703878138676274,-0.0017869297189106463
794.7897291831699,-36.765315725137036,-0.5167063271240917,-0.05197673231709343,-0.0014936832501983917
794.9560727849245,-36.59919777295261,-0.5253677183337103,-0.0522008084698089,-0.0012004553088688292
795.122416386679,-36.43308155353119,-0.5340622811733222,-0.05237610903127976,-0.0009072380847672588
795.2887599884335,-36.26696664803078,-0.5427819130639069,-0.05250263512496822,-0.0006140236310427025
795.4551035901881,-36.100852633944896,-0.5515185116943575,-0.0525803865433363,-0.00032080389702803593
795.6214471919426,-35.93473909966739,-0.5602642311832207,-0.05261730243624463,-0.00019126812431671705
795.7877907936971,-35.76862584876968,-0.5690153293320092,-0.052648073513836824,-0.0001787017952893188
795.9541343954517,-35.60251285807874,-0.5777713653407528,-0.05267675418504414,-0.00016613453318179387
796.1204779972062,-35.436400109426984,-0.5865319919458106,-0.05270334429673751,-0.00015356636301347
796.2868215989607,-35.27028758461692,-0.5952968618599529,-0.0527278436999441,-0.00014099730977469268
796.4531652007153,-35.10417526542295,-0.604065627772962,-0.05275025224984864,-0.00012842739842928102
796.6195088024698,-34.93806313359404,-0.612837942352184,-0.05277056980578454,-0.00011585665391705322
796.7858524042243,-34.771951170855836,-0.6216134582431078,-0.05278879623123256,-0.00010328510115631343
796.9521960059789,-34.60583935891195,-0.6303918280699871,-0.052804931393817256,-9.071276504627627e-05
797.1185396077334,-34.439727679447365,-0.6391727044363573,-0.052818975165302984,-7.813967046964674e-05
797.2848832094879,-34.27361611413067,-0.6479557399256012,-0.052830927421592566,-6.556584229512506e-05
797.4512268112425,-34.10750464461531,-0.6567405871015756,-0.05284078804272374,-5.299130537982823e-05
797.617570412997,-33.941393252542426,-0.6655268985091478,-0.05284855691286916,-4.041608457183948e-05
797.7839140147515,-33.775281919543026,-0.6743143266747723,-0.052854233920333726,-2.7840204712702272e-05
797.9502576165061,-33.60917062724,-0.6831025241070722,-0.05285781895755459,-1.526369063990883e-05
798.1166012182606,-33.44305935725077,-0.6918911432973837,-0.05285931192109938,-2.686567189438263e-06
798.2829448200151,-33.2769480911891,-0.7006798367203528,-0.05285871271166798,9.89114080177369e-06
798.4492884217697,-33.11083681066734,-0.7094682568345054,-0.052856021234092054,2.2469408493329746e-05
798.6156320235242,-32.944725497298734,-0.7182560560828084,-0.05285123739733555,3.504821103885092e-05
798.7819756252788,-32.77861413269975,-0.7270428868932394,-0.05284436111449553,4.76275235834698e-05
798.9483192270334,-32.61250269849221,-0.7358284016793603,-0.05283539230280487,6.020732126132318e-05
799.1146628287879,-32.44639117630559,-0.7446122528408871,-0.05282433088363403,7.278757919304383e-05
799.2810064305424,-32.28027954777857,-0.7533940927642966,-0.05281117678249325,8.536827248330126e-05
799.447350032297,-32.11416779456249,-0.7621735738233306,-0.05279592992903481,9.794937621819458e-05
799.6136936340515,-31.948055898322572,-0.7709503483796281,-0.05277859025705789,0.00011053086546282716
799.780037235806,-31.78194384074068,-0.7797240687832642,-0.052759157704510784,0.00012311271525874832
799.9463808375606,-31.615831603516796,-0.7884943873733705,-0.05273763221349537,0.00013569490062150595
800.1127244393151,-31.44971916837248,-0.7972609564786403,-0.052714013730272846,0.0001482773965380389
800.2790680410696,-31.283606517051904,-0.8060234284179707,-0.052688302205266435,0.00016086017796425802
800.4454116428242,-31.117493631324663,-0.8147814555010104,-0.052660497593069344,0.00017344321982249364
800.6117552445787,-30.951380492988125,-0.8235346900287288,-0.05263059985244789,0.00018602649699897233
800.7780988463333,-30.78526708386886,-0.8322827842940408,-0.05259860894635082,0.00019860998434136906
800.9444424480878,-30.61915338582605,-0.841025390582324,-0.052564524841911986,0.0002111936566562078
801.1107860498423,-30.453039380752724,-0.8497621611720577,-0.052528347510461426,0.00022377748870642796
801.2771296515969,-30.28692505057808,-0.858492748335395,-0.05249007692753027,0.00023636145520886294
801.4434732533514,-30.12081037727075,-0.8672168043387035,-0.052449713072859616,0.00024894553083166013
801.6098168551059,-29.95469534283936,-0.8759339814432333,-0.052407255930408514,0.0002615296901918931
801.7761604568605,-29.788579929336187,-0.8846439319056366,-0.05236270548836197,0.00027411390785294856
801.942504058615,-29.622464118858712,-0.893346307978592,-0.05231606173914205,0.0002866981583220694
802.1088476603695,-29.45634789355138,-0.9020407619114228,-0.05226732467941586,0.0002992824160478832
802.275191262124,-29.290231235609067,-0.9107269459506315,-0.05221649431010489,0.0003118666554178064
802.4415348638786,-29.124114127278318,-0.9194045123405447,-0.05216357063639743,0.0003244508507556098
802.6078784656331,-28.957996550860067,-0.92807311332389,-0.052108553667758795,0.0003370349763188815
802.7742220673877,-28.791878488711106,-0.9367324011424382,-0.05205144341794021,0.00034961900629657943
802.9405656691422,-28.625759923247642,-0.9453820280375408,-0.05199223990499435,0.00036220291480643297
803.1069092708967,-28.459640836946008,-0.9540216462508149,-0.05193094315128377,0.0003747866758925554
803.2732528726513,-28.293521212345997,-0.9626509080246967,-0.05186755318349556,0.00038737026352286114
803.4395964744058,-28.12740103205262,-0.9712694656030778,-0.05180207003265336,0.00039995365158660405
803.6059400761603,-27.96128027873846,-0.9798769712319177,-0.05173449373413197,0.0004125368138918746
803.7722836779149,-27.79515893514577,-0.9884730771598678,-0.05166482432766806,0.0004251197241631127
803.9386272796694,-27.629036984088632,-0.9970574356388977,-0.051593061857377887,0.0004377023560386223
804.1049708814239,-27.462914408455248,-1.0056296989249165,-0.05151920637176932,0.00045028468306807396
804.2713144831785,-27.29679119121065,-1.0141895192783767,-0.05144325792375737,0.0004628666787099806
804.437658084933,-27.130667315398018,-1.0227365489649545,-0.051365216570680605,0.00047544831632927983
804.6040016866875,-26.964542764141143,-1.0312704402561705,-0.05128508237431584,0.00048802956919482995
804.7703452884421,-26.79841752064779,-1.0397908454299707,-0.05120285540089409,0.0005006104104768399
804.9366888901966,-26.632291568210178,-1.0482974167714607,-0.05111853572111835,0.0005131908132445226
805.1030324919511,-26.466164890208116,-1.056789806573502,-0.05103212341017915,0.0005257707504635476
805.2693760937057,-26.30003747011144,-1.0652676671373544,-0.050943618547774516,0.0005383501949935465
805.4357196954602,-26.13390929148147,-1.0737306507733655,-0.05085302121812374,0.0005509291195857008
805.6020632972147,-25.96778033797401,-1.082178409801593,-0.05076033150999004,0.0005635074968802073
805.7684068989693,-25.801650593340923,-1.0906105965524955,-0.05066554951669566,0.0005760852994038633
805.9347505007238,-25.63552004143282,-1.0990268633675784,-0.05056867533614362,0.0005886624995675624
806.1010941024783,-25.469388666201105,-1.1074268626000707,-0.05046970907083459,0.0006012390696638453
806.2674377042329,-25.303256451700143,-1.115810246615605,-0.050368650827889994,0.0006138149818644449
806.4337813059874,-25.137123382089168,-1.1241766677929097,-0.05026550071906932,0.000626390208217851
806.6001249077419,-24.970989441635307,-1.1325257785244547,-0.05016025886079234,0.0006389647206467965
806.7664685094965,-24.804854614715126,-1.1408572312171716,-0.05005292537415951,0.0006515384909458562
806.932812111251,-24.63871888581707,-1.149170678293137,-0.04994350038497464,0.0006641114907789833
807.0991557130055,-24.472582239543527,-1.1574657721902784,-0.04983198402376576,0.000676683691677076
807.2654993147601,-24.306444660613213,-1.1657421653630669,-0.04971837642580823,0.000689255065035524
807.4318429165146,-24.14030613386316,-1.173999510283237,-0.04960267773114557,0.000701825582111787
807.5981865182691,-23.974166644251785,-1.18223745944046,-0.04948488808461615,0.0007143952140228997
807.7645301200237,-23.80802617685954,-1.1904556653431355,-0.04936500763587315,0.0007269639317431557
807.9308737217782,-23.641884716892275,-1.1986537805190594,-0.04924303653941031,0.0007395317061015964
808.0972173235327,-23.4757422496833,-1.2068314575161623,-0.049118974954586836,0.0007520985077796014
808.2635609252873,-23.309598760695017,-1.214988348903266,-0.04899282304565045,0.0007646643073085093
808.4299045270418,-23.14345423552218,-1.223124107270781,-0.048864580981763606,0.0007772290750671291
808.5962481287963,-22.977308659892852,-1.2312383852315059,-0.04873424893702927,0.0007897927812794232
808.7625917305509,-22.81116201967207,-1.239330835421309,-0.04860182709051619,0.0008023553960119888
808.9289353323054,-22.645014300862144,-1.2474011104999805,-0.04846731562628559,0.0008149168891718047
809.0952789340599,-22.47886548960674,-1.2554488631519012,-0.04833071473341821,0.0008274772305036898
809.2616225358145,-22.312715572191937,-1.2634737460868684,-0.04819202460604144,0.0008400363895879996
809.427966137569,-22.146564535048565,-1.2714754120408658,-0.04805124544335504,0.0008525943358382265
809.5943097393235,-21.980412364754983,-1.2794535137768128,-0.0479083774496627,0.0008651510384985752
809.7606533410781,-21.814259048038892,-1.287407704085375,-0.04776342083439733,0.0008777064666416141
809.9269969428327,-21.648104571779108,-1.2953376357857755,-0.04761637581215128,0.0008902605891659335
810.0933405445872,-21.481948923008467,-1.3032429617265626,-0.047467242602704296,0.0009028133747937273
810.2596841463418,-21.31579208891596,-1.3111233347864193,-0.04731602143105462,0.0009153647920684309
810.4260277480963,-21.149634056848182,-1.318978407875012,-0.0471627125274483,0.0009279148093524263
810.5923713498509,-20.983474814312384,-1.3268078339337679,-0.04700731612740805,0.0009404633948246195
810.7587149516054,-20.817314348978485,-1.3346112659367155,-0.04684983247176655,0.0009530105164781152
810.9250585533599,-20.65115264868036,-1.3423883568913548,-0.046690261806695776,0.0009655561421179373
811.0914021551145,-20.484989701419895,-1.3501387598394161,-0.04652860438373896,0.000978100239358561
811.257745756869,-20.318825495367168,-1.3578621278577971,-0.04636486045984212,0.0009906427756217282
811.4240893586235,-20.152660018863642,-1.3655581140593724,-0.04619903029738737,0.0010031837181340552
811.590432960378,-19.986493260424727,-1.3732263715938404,-0.04603111416422401,0.0010157230339246854
811.7567765621326,-19.820325208740897,-1.3808665536486395,-0.04586111233370316,0.0010282606898230594
811.9231201638871,-19.65415585268086,-1.3884783134497782,-0.04568902508470973,0.0010407966524565357
812.0894637656417,-19.487985181293222,-1.3960613042627483,-0.04551485270169797,0.0010533308882481331
812.2558073673962,-19.321813183808622,-1.4036151793934142,-0.04533859547472341,0.0010658633634142458
812.4221509691507,-19.155639849642277,-1.4111395921888978,-0.04516025369947929,0.0010783940439623271
812.5884945709053,-18.989465168395586,-1.4186341960385098,-0.044979827677330775,0.0010909228956886587
812.7548381726598,-18.823289129859162,-1.4260986443746306,-0.044797317715350005,0.0011034498841760124
812.9211817744143,-18.657111724013788,-1.4335325906736827,-0.04461272412635209,0.0011159749747914828
813.0875253761689,-18.49093294103423,-1.4409356884569906,-0.04442604722893195,0.0011284981326841021
813.2538689779234,-18.32475277128999,-1.4483075912917855,-0.04423728734749943,0.0011410193227827034
813.4202125796779,-18.158571205347624,-1.4556479527921429,-0.04404644481231612,0.0011535385097936638
813.5865561814325,-17.992388233974115,-1.4629564266198836,-0.0438535199595349,0.0011660556581985818
813.752899783187,-17.826203848137705,-1.4702326664856016,-0.043658513131234145,0.001178570732252151
813.9192433849415,-17.66001803900994,-1.4774763261496362,-0.04346142467545766,0.001191083695979948
814.0855869866961,-17.49383079796965,-1.4846870594229773,-0.04326225494625291,0.001203594513176091
814.2519305884506,-17.327642116602956,-1.4918645201683458,-0.04306100430370874,0.0012161031474011924
814.4182741902051,-17.161451986706957,-1.4990083623011254,-0.04285767311399624,0.0012286095619800526
814.5846177919597,-16.995260400290743,-1.5061182397904234,-0.04265226174940562,0.001241113719999562
814.7509613937142,-16.829067349578345,-1.5131938066600439,-0.042444770588387915,0.0012536155843064591
814.9173049954687,-16.6628728270108,-1.5202347169895245,-0.042235200015594554,0.0012661151175051705
815.0836485972233,-16.496676825266572,-1.5272406230153894,-0.04202332167102263,0.0012969984822106934
815.2499921989778,-16.33047930120956,-1.5342103242183551,-0.04179631205806622,0.0014324077413363286
815.4163358007323,-16.16428012126854,-1.5411404250204073,-0.04154677779243654,0.0015678197540753146
815.5826794024869,-15.998079139707112,-1.5480271813593591,-0.04127471817576822,0.0017032374035118153
815.7490230042414,-15.831876213724247,-1.5548668488979864,-0.040980132033271666,0.0018386635344365347
815.9153666059959,-15.66567120369159,-1.5616556829370951,-0.04066301772034553,0.0019741009502284765
816.0817102077505,-15.499463973404069,-1.5683899383295388,-0.04032337312972567,0.002109552409717933
816.248053809505,-15.333254390329666,-1.5750658693958905,-0.03996119569915724,0.0022450206240412552
816.4143974112595,-15.167042325860704,-1.5816797298417944,-0.03957648241959033,0.002380508253484735
816.5807410130141,-15.000827655565132,-1.588227772677161,-0.039169229843901476,0.0025160179043178296
816.7470846147686,-14.834610259437271,-1.5947062501373714,-0.038739434096144,0.0026515521256156235
816.9134282165231,-14.668390022150733,-1.6011114136064644,-0.0382870908813282,0.002787113406067262
817.0797718182777,-14.502166833308959,-1.6074395135426336,-0.03781219549572823,0.002922704170773555
817.2461154200322,-14.335940587699366,-1.6136867994059039,-0.03731474283773162,0.0030583267780280826
817.4124590217867,-14.169711185545394,-1.619849519588323,-0.03679472741921863,0.003193983516085737
817.5788026235413,-14.003478532760308,-1.6259239213466556,-0.03625214337748339,0.0033296765999150718
817.7451462252958,-13.837242541200833,-1.6319062507377569,-0.035686984487693696,0.0034654081679353138
817.9114898270503,-13.671003128922369,-1.6377927525566829,-0.035099244175901934,0.0036011802787361516
818.0778334288049,-13.504760220432418,-1.6435796702777927,-0.03448891553259159,0.0037369949077825193
818.2441770305594,-13.338513746947218,-1.649263245998766,-0.03385599132678507,0.0038728539440998724
818.4105206323139,-13.172263646647606,-1.6548397203878158,-0.03320046402069776,0.004008759186942806
818.5768642340685,-13.006009864934551,-1.6603053326341917,-0.03252232578494718,0.004144712342446312
818.743207835823,-12.839752354687402,-1.665656320401994,-0.03182156851432616,0.0042807150202568665
818.9095514375775,-12.673491076520445,-1.6708889197875803,-0.031098183844130656,0.004416768730146816
819.0758950393321,-12.507225999041578,-1.6759993652805452,-0.030352163167059132,0.004552874878608632
819.2422386410866,-12.340957099111105,-1.6809838897284817,-0.02958349765067636,0.004689034765430685
819.4085822428411,-12.174684362100852,-1.6858387243056276,-0.028792178255448775,0.004825249580254267
819.5749258445957,-12.008407782153979,-1.690560098485523,-0.02797819575335403,0.004961520399111581
819.7412694463502,-11.842127362445016,-1.6951442400178107,-0.027141540747066983,0.005097848180945194
819.9076130481047,-11.675843115442188,-1.6995873749092523,-0.026282203689732775,0.005234233764107375
820.0739566498593,-11.509555063167484,-1.7038857274092172,-0.025400174905312767,0.005370677862843372
820.2403002516138,-11.34326323745944,-1.7080355199996322,-0.024495444609526018,0.005507181063754768
820.4066438533683,-11.176967680235919,-1.7120329733895931,-0.023568002931376508,0.005643743822245572
820.5729874551229,-11.010668443756886,-1.7158743065147721,-0.022617839935272332,0.0057803664589515585
820.7393310568774,-10.844365590888547,-1.71955573654172,-0.02164494564374575,0.005917049156152256
820.9056746586319,-10.678059195367288,-1.7230734788772168,-0.020649310060762982,0.006053791954167486
821.0720182603866,-10.51174934206425,-1.7264237471827995,-0.019630923195640637,0.0061905947477385965
821.2383618621411,-10.345436127251215,-1.7296027533945775,-0.01858977508756743,0.006327457282394582
821.4047054638957,-10.179119658864897,-1.7326067077485239,-0.017525855830721415,0.006464379150806416
821.5710490656502,-10.012800056773449,-1.7354318188113016,-0.016439155600001865,0.00660135978912758
821.7373926674047,-9.846477453043352,-1.7380742935168008,-0.015329664677376176,0.006738398473323289
821.9037362691593,-9.680151992205422,-1.7405303372085275,-0.014197373478828101,0.006875494315490791
822.0700798709138,-9.513823831521744,-1.742796153687965,-0.013042272581920589,0.007012646260170578
822.2364234726683,-9.347493141253091,-1.7448679452690266,-0.011864352753978569,0.0071498530806502585
822.4027670744229,-9.18116010492635,-1.7467419128387602,-0.010663604980883257,0.0072871133752631535
822.5691106761774,-9.014824919601919,-1.7484142559244282,-0.009440020496482848,0.007424425563683239
822.7354542779319,-8.84848779614104,-1.749881172767099,-0.008193590812615614,0.007561787883218309
822.9017978796865,-8.682148959474024,-1.7511388604018716,-0.006924307749757386,0.00769919838510248
823.068141481441,-8.515808648868123,-1.7521835147448852,-0.005632163468285878,0.007836654930791125
823.2344850831955,-8.349467118194267,-1.7530113306872495,-0.004317150500348088,0.007974155188261002
823.40082868495,-8.183124646349574,-1.7536215261559926,-0.003054029428781746,0.006879279744921401
823.5671722867046,-8.016781581499407,-1.7540415260073496,-0.0020387926058300643,0.0053271938974422395
823.7335158884591,-7.850438206797767,-1.7543141224367247,-0.0012817577803216906,0.0037747901251843595
823.8998594902137,-7.684094691606635,-1.754482271203807,-0.0007830022587724805,0.002221772286911108
824.0662030919682,-7.517751124383031,-1.7545889452507006,-0.0005426537250627916,0.0006678316214310661
824.2325466937227,-7.35140754595526,-1.7546771431281665,-0.0005608919420709846,-0.0008873484713727348
824.3988902954773,-7.185063982851025,-1.7547898977002248,-0.0008379496574231204,-0.0024440876400946376
824.5652338972318,-7.01872048070958,-1.7549702849514757,-0.001374112710581521,-0.00400270376734038
824.7315774989863,-6.852377137803567,-1.7552614327206404,-0.002169719336077236,-0.005563508116389
824.8979211007409,-6.686034138722234,-1.7557065291823883,-0.003225158655130844,-0.007126800423932028
825.0642647024954,-6.519691788236545,-1.756348830897571,-0.004540868345495941,-0.008692863924553077
825.2306083042499,-6.353350545375948,-1.7572316702495434,-0.00611733147704685,-0.01026196029333468
825.3969519060045,-6.187011057748665,-1.7583984620812796,-0.007955072498388116,-0.011834324494175192
825.563295507759,-6.020674196119902,-1.759892709344687,-0.010054652357963434,-0.013410159523207637
825.7296391095135,-5.854341089269987,-1.7617580075697719,-0.012416662741403073,-0.014989631038741465
825.8959827112681,-5.688013159136536,-1.7640380479573972,-0.015041719405759935,-0.01657286187190264
826.0623263130226,-5.521692156244664,-1.7667766188952223,-0.017930454590467715,-0.018159926415251843
826.2286699147771,-5.355380195412779,-1.7700176056923773,-0.021083508484796454,-0.019750844890468935
826.3950135165317,-5.189079791714286,-1.7738049883244547,-0.024501519732073263,-0.021345577500496444
826.5613571182862,-5.022793896665347,-1.778182836976734,-0.028185114952179013,-0.022944018476477507
826.7277007200407,-4.8565259345881735,-1.7831953051706266,-0.032134897266140605,-0.02454599003550272
826.8940443217953,-4.690279839089976,-1.7888866202559992,-0.0363514338097124,-0.026151236271404994
827.0603879235498,-4.524060089581089,-1.7953010710507429,-0.040835242227093005,-0.02775941700779101
827.2267315253043,-4.357871747732914,-1.802482992409285,-0.04558677614150719,-0.029370101650159828
827.3930751270589,-4.191720493760561,-1.8104767465034297,-0.05060640960613494,-0.030982763082170458
827.5594187288134,-4.025612640889157,-1.8193266983805763,-0.055893106180858076,-0.03225964124894677
827.7257623305679,-3.8595530199068087,-1.8290390798651868,-0.060792210366400035,-0.026626205710751798
827.8921059323225,-3.6935379324642823,-1.8394866864864696,-0.06474701462780841,-0.020915413529071676
828.058449534077,-3.5275601533547887,-1.8505117731613503,-0.06774931987333055,-0.01518326457767808
828.2247931358315,-3.3616107250869405,-1.8619561027109264,-0.06980013459080814,-0.00948424580024496
828.3911367375861,-3.195679555677282,-1.8736624239877786,-0.07090932506992287,-0.003870193042039288
828.5574803393406,-3.0297559743590057,-1.885475873435647,-0.07109509065343467,0.0016106870428917825
828.7238239410951,-2.8638292692099325,-1.897245274102709,-0.07038329113431452,0.00691461430137691
828.8901675428497,-2.6978891862291356,-1.9088243135834633,-0.06880665721670276,0.012002842928999377
829.0565111446042,-2.5319263727250254,-1.9200725871158497,-0.06640391562040238,0.01684208009620711
829.2228547463587,-2.365932751766572,-1.9308564965680852,-0.06321885972373131,0.02140472281170303
829.3891983481133,-2.1999018250340385,-1.9410499998249309,-0.05929939505911275,0.025668925890179568
829.5555419498678,-2.0338289924769626,-1.950535204310143,-0.05469658921765541,0.02961851609135034
829.7218855516223,-1.8677116416862451,-1.959202878604735,-0.049471238890894664,0.03257485681887646
829.8882291533769,-1.7015502613388194,-1.9669851384257675,-0.044169647167728865,0.03119712797297991
830.0545727551314,-1.535350861655837,-1.973904626032718,-0.03908319859879272,0.029984605612572008
830.2209163568859,-1.3691189501728374,-1.9799947372373499,-0.034186083341886775,0.02891774959444782
830.3872599586405,-1.2028595639168818,-1.9852848631640494,-0.029455453865117498,0.027980427675412468
830.553603560395,-1.036577480604162,-1.9898008315376678,-0.024870914605814143,0.027159288502878673
830.7199471621495,-0.8702766468909654,-1.9935652905174872,-0.02041408323512872,0.02644327260728855
830.8862907639041,-0.7039608012996557,-1.996606035044402,-0.016227463088740457,0.02373308839148672
831.0526343656586,-0.5376345327008036,-1.9989896324544654,-0.012507150090000252,0.021031689320845575
831.2189779674131,-0.3713005532138728,-2.000790917711145,-0.00922056058292764,0.018509560086216518
831.3853215691677,-0.20496223083532028,-2.0020797589143147,-0.0063420480497553555,0.016117552902718095
831.5516651709222,-0.038620620131069344,-2.002924523175496,-0.003896917235744368,0.013213893004350587
831.7180087726769,0.12772219539306937,-2.0034035920463618,-0.0019451707108077976,0.010251874875460443
