csv_row,waypoint_x,waypoint_y,projected_s,projected_s_wrapped,projected_x,projected_y,euclidean_error_m,signed_lateral_error_m
0.0,-0.014336,-1.999994,-0.14206947010881488,831.575939302568,-0.014346820576963158,-2.0030152661199674,0.0030212854966964473,0.0030212854966964447
1.0,-0.014375,-1.999994,-0.14210847071967692,831.5759003019572,-0.014385821625220842,-2.0030151264307423,0.0030211458121219325,0.0030211458121219277
2.0,-0.014414,-1.999994,-0.1421474713357611,831.5758613013411,-0.014424822673689969,-2.003014986722073,0.0030210061081046473,0.00302100610810464
3.0,-0.014456,-1.999993,-0.14218947532015136,831.5758192973567,-0.014466827117624575,-2.003014836232962,0.00302185562946306,0.00302185562946306
4.0,-0.014493,-1.999993,-0.14222647579924796,831.5757822968776,-0.01450382799650501,-2.0030147036514117,0.00302172305191316,0.0030217230519131587
5.0,-0.014532,-1.999993,-0.14226547646637755,831.5757432962105,-0.014542829080003537,-2.003014563883782,0.003021583289064054,0.003021583289064054
6.0,-0.014571,-1.999993,-0.1423044770775732,831.5757042955993,-0.014581830102257044,-2.0030144240969245,0.0030214435067681994,0.003021443506768199
7.0,-0.01461,-1.999993,-0.1423434772566452,831.5756652954202,-0.014620830687151032,-2.003014284292186,0.0030213037050245534,0.0030213037050245252
8.0,-0.01465,-1.999993,-0.14238347873720159,831.5756252939397,-0.014660832578599436,-2.003014140877877,0.003021160298418533,0.0030211602984185
9.0,-0.014689,-1.999993,-0.14242247883623804,831.5755862938406,-0.014699833072931746,-2.0030140010340656,0.0030210204572784583,0.003021020457278458
10.0,-0.014729,-1.999993,-0.142462479519736,831.5755462931571,-0.01473983415646555,-2.0030138575822423,0.003020877010263317,0.003020877010263317
11.0,-0.014768,-1.999993,-0.14250148032658672,831.5755072923503,-0.01477883534797959,-2.003013717696528,0.0030207371297225876,0.003020737129722582
12.0,-0.014807,-1.999993,-0.14254048076202253,831.5754682919148,-0.01481783616302577,-2.003013577792711,0.003020597229729497,0.0030205972297294974
13.0,-0.014846,-1.999993,-0.14257948165004564,831.5754292910268,-0.01485683742552918,-2.0030134378678337,0.0030204573102820776,0.003020457310282068
14.0,-0.014885,-1.999993,-0.1426184820313665,831.5753902906455,-0.014895838175942975,-2.003013297925338,0.0030203173713798134,0.0030203173713798134
15.0,-0.014924,-1.999993,-0.1426574826673459,831.5753512900095,-0.014934839176142174,-2.003013157962489,0.0030201774130215967,0.0030201774130215963
16.0,-0.014963,-1.999993,-0.1426964831200621,831.5753122895568,-0.014973839987648868,-2.00301301798086,0.0030200374352068694,0.0030200374352068625
17.0,-0.015002,-1.999993,-0.14273548356629817,831.5752732891106,-0.015012840787777818,-2.0030128779798138,0.0030198974379346388,0.003019897437934611
18.0,-0.015041,-1.999993,-0.14277448479913346,831.5752342878777,-0.015051842369229771,-2.0030127379565017,0.00301975742120259,0.0030197574212025855
19.0,-0.01508,-1.999993,-0.14281348529004845,831.5751952873868,-0.015090843203811637,-2.0030125979164106,0.0030196173850110222,0.003019617385011022
20.0,-0.015119,-1.999993,-0.14285248595933808,831.5751562867175,-0.015129844211615388,-2.003012457856235,0.003019477329357905,0.003019477329357905
21.0,-0.015158,-1.999993,-0.14289148661771378,831.5751172860591,-0.015168845203499762,-2.003012317776654,0.0030193372542426777,0.0030193372542426777
22.0,-0.015197,-1.999993,-0.14293048731087765,831.575078285366,-0.015207846224868468,-2.003012177677503,0.003019197159664558,0.0030191971596645584
23.0,-0.015236,-1.999993,-0.1429694875057521,831.5750392851711,-0.015246846743029757,-2.0030120375606946,0.0030190570456219462,0.003019057045621908
24.0,-0.015276,-1.999993,-0.14300948819357018,831.5749992844833,-0.01528684775726059,-2.003011893829192,0.003018913318691161,0.00301891331869112
25.0,-0.015315,-1.999993,-0.1430484893908215,831.574960283286,-0.015325849267520564,-2.0030117536693854,0.003018773165217014,0.0030187731652170135
26.0,-0.015354,-1.999993,-0.14308749007193455,831.5749212826049,-0.015364850256679686,-2.003011613491984,0.0030186329922764054,0.0030186329922764054
27.0,-0.015393,-1.999993,-0.14312649164787672,831.574882281029,-0.015403852135612387,-2.003011473291914,0.0030184927998665014,0.0030184927998663747
28.0,-0.015432,-1.999993,-0.143165491477248,831.5748432811996,-0.015442852262954807,-2.003011333078671,0.003018352587987769,0.003018352587987769
29.0,-0.015471,-1.999993,-0.14320449167462357,831.5748042810022,-0.015481852753327946,-2.0030111928446517,0.0030182123566379368,0.0030182123566378934
30.0,-0.01551,-1.999993,-0.14324349289961447,831.5747652797772,-0.015520854266299507,-2.0030110525874822,0.0030180721058161797,0.0030180721058161797
31.0,-0.015549,-1.999993,-0.14328249315042285,831.5747262795264,-0.015559854800137258,-2.0030109123143607,0.00301793183552187,0.0030179318355218337
32.0,-0.015588,-1.999993,-0.143321494643601,831.5746872780333,-0.015598856571286283,-2.0030107720173134,0.0030177915457533233,0.0030177915457533086
33.0,-0.015627,-1.999993,-0.14336049508551696,831.5746482775913,-0.015637857286338288,-2.0030106317045897,0.003017651236510301,0.0030176512365103015
34.0,-0.015666,-1.999993,-0.14339949579948552,831.5746092768774,-0.015676858268440872,-2.0030104913714286,0.003017510907791423,0.003017510907791423
35.0,-0.015705,-1.999993,-0.14343849700094324,831.5745702756759,-0.015715859733030586,-2.003010351017053,0.003017370559595297,0.003017370559595262
36.0,-0.015744,-1.999993,-0.1434774972960895,831.5745312753808,-0.015754860286464986,-2.003010210646477,0.003017230191920416,0.003017230191920416
37.0,-0.015783,-1.999993,-0.14351649808168077,831.5744922745952,-0.015793861325355166,-2.003010070254675,0.0030170898047679265,0.003017089804767926
38.0,-0.015822,-1.999993,-0.1435554984071814,831.5744532742697,-0.015832861899267244,-2.003009929845066,0.0030169493981347163,0.0030169493981346924
39.0,-0.015861,-1.999993,-0.14359449953508374,831.5744142731418,-0.015871863270744378,-2.0030097894131025,0.0030168089720197773,0.0030168089720197773
40.0,-0.0159,-1.999993,-0.1436335001584439,831.5743752725184,-0.01591086413274638,-2.0030096489634905,0.003016668526422721,0.003016668526422717
41.0,-0.015939,-1.999993,-0.14367250296038492,831.5743362697165,-0.015949867168488313,-2.003009508486565,0.003016528061342961,0.003016528061342375
42.0,-0.015978,-1.999993,-0.14371150117870002,831.5742972714982,-0.015988865615713544,-2.003009368006682,0.0030163875767779675,0.0030163875767778925
43.0,-0.016018,-1.999993,-0.1437515021488025,831.574257270528,-0.01602886681556725,-2.00300922389445,0.003016243469803628,0.0030162434698035863
44.0,-0.016056,-1.999993,-0.1437895034076746,831.5742192692692,-0.016066868287830494,-2.0030090869676442,0.0030161065491912443,0.0030161065491912447
45.0,-0.016095,-1.999993,-0.14382850418462567,831.5741802684922,-0.01610586927921926,-2.003008946420135,0.003015966006167297,0.0030159660061672964
46.0,-0.016134,-1.999993,-0.14386750497726553,831.5741412676996,-0.016144870281263823,-2.003008805853097,0.003015825443653805,0.003015825443653805
47.0,-0.016173,-1.999993,-0.1439065057767266,831.5741022669001,-0.016183871285431452,-2.0030086652665617,0.003015684861651555,0.003015684861651555
48.0,-0.016212,-1.999993,-0.14394550657095806,831.5740632661059,-0.016222872279593414,-2.003008524660571,0.0030155442601585655,0.0030155442601585655
49.0,-0.016251,-1.999993,-0.1439845073834931,831.5740242652934,-0.01626187328737424,-2.0030083840350383,0.0030154036391738578,0.0030154036391738578
50.0,-0.01629,-1.999993,-0.14402350765567462,831.5739852650212,-0.016300873749761455,-2.0030082433919785,0.0030152629986958447,0.0030152629986957957
51.0,-0.016328,-1.999993,-0.1440615089975381,831.5739472636793,-0.016338875272627205,-2.0030081063325325,0.003015125945633545,0.003015125945633545
52.0,-0.016367,-1.999993,-0.1441005103021098,831.5739082623747,-0.016377876757979377,-2.003007965647292,0.003014985266666525,0.0030149852666664853
53.0,-0.016406,-1.999993,-0.1441395106166965,831.5738692620602,-0.016416877248740785,-2.003007824946143,0.003014844568203773,0.0030148445682037736
54.0,-0.016446,-1.999993,-0.14417951095742865,831.5738292617194,-0.016456877765266536,-2.003007680616971,0.003014700241834718,0.0030147002418346724
55.0,-0.016484,-1.999993,-0.14421751228644553,831.5737912603904,-0.016494879256619226,-2.0030075434816474,0.003014563112785704,0.003014563112785704
56.0,-0.016523,-1.999993,-0.14425651339115575,831.5737522592857,-0.016533880523246454,-2.003007402719202,0.0030144223558287615,0.00301442235582875
57.0,-0.016562,-1.999993,-0.1442955139635842,831.5737132587133,-0.01657288125296515,-2.0030072619391937,0.00301428157937146,0.00301428157937146
58.0,-0.016601,-1.999993,-0.14433451473803416,831.5736742579388,-0.016611882180056846,-2.0030071211389706,0.0030141407834128864,0.003014140783412885
59.0,-0.01664,-1.999993,-0.1443735156611865,831.5736352570157,-0.016650883250988645,-2.003006980318725,0.0030139999679518648,0.003013999967951865
60.0,-0.016679,-1.999993,-0.144412515901422,831.5735962567754,-0.016689883634477168,-2.0030068394814577,0.0030138591329877166,0.003013859132987652
61.0,-0.016717,-1.999993,-0.14445051697623512,831.5735582557006,-0.01672788484428725,-2.0030067022336215,0.003013721890415762,0.003013721890415737
62.0,-0.016756,-1.999993,-0.14448951783754183,831.5735192548393,-0.01676688583968059,-2.0030065613556323,0.0030135810169408532,0.003013581016940828
63.0,-0.016795,-1.999993,-0.14452851909788933,831.573480253579,-0.016805887229274587,-2.0030064204567126,0.0030134401239606413,0.0030134401239606417
64.0,-0.016834,-1.999992,-0.14456752372552728,831.5734412489513,-0.016844891981683797,-2.0030062795261325,0.003014299204944124,0.003014299204944121
65.0,-0.016873,-1.999992,-0.14460652459843004,831.5734022480784,-0.016883892974647118,-2.003006138589625,0.0030141582729452583,0.0030141582729452552
66.0,-0.016912,-1.999992,-0.14464552535605435,831.5733632473208,-0.01692289384767551,-2.003005997634041,0.0030140173214370305,0.003014017321437031
67.0,-0.016951,-1.999992,-0.14468452622793393,831.5733242464489,-0.016961894830494404,-2.0030058566585485,0.0030138763504179264,0.0030138763504179264
68.0,-0.016989,-1.999992,-0.14472252710731937,831.5732862455695,-0.01699989581349599,-2.003005719278952,0.0030137389752727464,0.0030137389752727464
69.0,-0.017028,-1.999992,-0.14476152799181818,831.573247244685,-0.017038896799712107,-2.003005578264921,0.0030135979657295885,0.003013597965729588
70.0,-0.017067,-1.999992,-0.14480052704925583,831.5732082456276,-0.01707789595428069,-2.003005437237999,0.0030134569366724265,0.0030134569366718584
71.0,-0.017106,-1.999992,-0.1448395297817342,831.5731692428951,-0.01711689877936607,-2.0030052961782876,0.0030133158880997456,0.0030133158880997456
72.0,-0.017145,-1.999992,-0.14487853070806977,831.5731302419688,-0.017155899793958138,-2.0030051551056065,0.0030131748200114324,0.003013174820011432
73.0,-0.017184,-1.999992,-0.14491753162633358,831.5730912410505,-0.01719490079573701,-2.0030050140134534,0.0030130337324056817,0.0030130337324056817
74.0,-0.017222,-1.999992,-0.14495553280721651,831.5730532398696,-0.017232902053643962,-2.003004876519254,0.0030128962436574065,0.003012896243657393
75.0,-0.017261,-1.999992,-0.1449945338147245,831.5730142388621,-0.017271903135813615,-2.0030047353882723,0.0030127551175159867,0.003012755117515964
76.0,-0.0173,-1.999992,-0.14503353463078383,831.5729752380461,-0.017310904021860064,-2.003004594238478,0.00301261397185316,0.003012613971853149
77.0,-0.017339,-1.999992,-0.1450725352893869,831.5729362373875,-0.01734990474609327,-2.0030044530697486,0.0030124728066698385,0.003012472806669838
78.0,-0.017378,-1.999992,-0.14511153666398968,831.5728972360129,-0.017388906181827746,-2.00300431187892,0.0030123316219638715,0.0030123316219638416
79.0,-0.017416,-1.999992,-0.14514953716377477,831.5728592355131,-0.0174269067367506,-2.0030041742926445,0.0030121940385996492,0.0030121940385996492
80.0,-0.017456,-1.999992,-0.14518953812080326,831.572819234556,-0.017466907747308788,-2.003004029443417,0.003012049193980944,0.003012049193980944
81.0,-0.017495,-1.999992,-0.14522853906851196,831.5727802336083,-0.017505908742659313,-2.003003888195606,0.003011907950701261,0.0030119079507012615
82.0,-0.017534,-1.999992,-0.1452675400399812,831.5727412326369,-0.01754490975740922,-2.003003746928198,0.0030117666878955204,0.00301176668789552
83.0,-0.017572,-1.999992,-0.14530554096074866,831.5727032317161,-0.017582910715958085,-2.003003609264357,0.0030116290284300734,0.0030116290284300734
84.0,-0.01761,-1.999992,-0.1453435421467475,831.5726652305301,-0.0176209119355916,-2.0030034715810285,0.003011491350424392,0.003011491350424381
85.0,-0.017649,-1.999992,-0.14538254285912444,831.5726262298177,-0.01765991267819118,-2.0030033302570196,0.003011350030034216,0.0030113500300342163
86.0,-0.017688,-1.999992,-0.14542154383525485,831.5725872288416,-0.017698913680077102,-2.00300318891254,0.003011208690113695,0.003011208690113695
87.0,-0.017727,-1.999992,-0.1454605449941937,831.5725482276827,-0.017737914860384514,-2.0030030475478804,0.0030110673306609674,0.0030110673306609614
88.0,-0.017765,-1.999992,-0.14549854576659982,831.5725102269103,-0.017775915649397223,-2.0030029097904753,0.0030109295770213767,0.0030109295770213767
89.0,-0.017804,-1.999992,-0.14553754727353407,831.5724712254033,-0.017814917168967725,-2.003002768386018,0.0030107881790027986,0.0030107881790027518
90.0,-0.017843,-1.999992,-0.1455765477184059,831.5724322249584,-0.01785391762218716,-2.003002626965891,0.0030106467614493134,0.003010646761449314
91.0,-0.017882,-1.999992,-0.1456155487031765,831.5723932239737,-0.01789291861094889,-2.003002485524286,0.0030105053243601816,0.0030105053243601816
92.0,-0.01792,-1.999992,-0.14565354966384803,831.572355223013,-0.01793091957134063,-2.003002347690606,0.003010367495070226,0.003010367495070226
93.0,-0.017959,-1.999992,-0.14569255047751994,831.5723162221993,-0.017969920380355754,-2.003002206211077,0.0030102260194068524,0.003010226019406845
94.0,-0.017998,-1.999992,-0.14573155178709385,831.5722772208898,-0.018008921681027624,-2.0030020647102247,0.0030100845242046815,0.0030100845242046798
95.0,-0.018037,-1.999992,-0.1457705524734365,831.5722382202034,-0.01804792235403876,-2.003001923192108,0.0030099430094616113,0.0030099430094616027
96.0,-0.018076,-1.999992,-0.14580955371388882,831.572199218963,-0.018086923577056508,-2.0030017816524532,0.003009801475177376,0.003009801475177376
97.0,-0.018114,-1.999992,-0.1458475547033231,831.5721612179735,-0.01812492454518142,-2.0030016437240343,0.0030096635511808797,0.0030096635511808797
98.0,-0.018153,-1.999992,-0.1458865553989881,831.5721222172779,-0.018163925214813106,-2.0030015021478023,0.0030095219783123654,0.003009521978312348
99.0,-0.018191,-1.999992,-0.1459245574126271,831.5720842152642,-0.01820192719903633,-2.0030013641780946,0.0030093840167180093,0.0030093840167179304
100.0,-0.018231,-1.999992,-0.1459645573090711,831.5720442153678,-0.0182419270601729,-2.0030012189348643,0.003009238773940964,0.003009238773940928
101.0,-0.01827,-1.999992,-0.14600355823847622,831.5720052144384,-0.018280927950666603,-2.0030010772991917,0.0030090971424360682,0.0030090971424360136
102.0,-0.018308,-1.999992,-0.14604155971028376,831.5719672129666,-0.018318929380636697,-2.003000939274358,0.00300895912370623,0.003008959123706228
103.0,-0.018347,-1.999992,-0.14608056086024135,831.5719282118166,-0.018357930483357095,-2.003000797599318,0.003008817453606504,0.003008817453606504
104.0,-0.018386,-1.999992,-0.14611956190481123,831.571889210772,-0.01839693147661666,-2.003000655905125,0.0030086757639573867,0.0030086757639573867
105.0,-0.018424,-1.999992,-0.14615756289811088,831.5718512097787,-0.018434932415717892,-2.003000517825414,0.0030085376885704072,0.003008537688570407
106.0,-0.018462,-1.999992,-0.1461955643815145,831.5718132082953,-0.018472933841020594,-2.0030003797253744,0.0030083995946222097,0.0030083995946221793
107.0,-0.018501,-1.999992,-0.14623456501658438,831.5717742076603,-0.01851193441227342,-2.0030002379750598,0.0030082578473201943,0.0030082578473201943
108.0,-0.01854,-1.999992,-0.14627356575010708,831.5717352069267,-0.01855093507779066,-2.0030000962048486,0.0030081160804648413,0.003008116080464824
109.0,-0.018578,-1.999992,-0.14631156710856885,831.5716972055683,-0.018588936366021942,-2.002999958048635,0.003007977929847605,0.003007977929847605
110.0,-0.018617,-1.999992,-0.14635056816450742,831.5716582045123,-0.018627937345720914,-2.002999816238671,0.0030078361243830293,0.0030078361243830293
111.0,-0.018656,-1.999992,-0.14638956925728053,831.5716192034196,-0.018666938358123386,-2.0029996744090295,0.0030076942993611144,0.0030076942993611144
112.0,-0.018695,-1.999992,-0.14642857060493952,831.5715802020719,-0.01870593962135841,-2.002999532558917,0.0030075524547812944,0.0030075524547812814
113.0,-0.018735,-1.999992,-0.14646857143020497,831.5715402012466,-0.018745940355611983,-2.002999387053345,0.003007406952842849,0.003007406952842849
114.0,-0.018772,-1.999992,-0.14650557249854046,831.5715032001783,-0.018782941335953665,-2.002999252441276,0.0030072723452311567,0.0030072723452311562
115.0,-0.01881,-1.999992,-0.14654357375150084,831.5714651989254,-0.018820942494774895,-2.0029991141721624,0.0030071340812494033,0.003007134081249394
116.0,-0.018849,-1.999992,-0.14658257460598634,831.5714261980709,-0.018859943248538315,-2.0029989722466603,0.0030069921594301167,0.0030069921594301167
117.0,-0.018888,-1.999992,-0.14662157572456636,831.5713871969523,-0.018898944262252942,-2.002998830300648,0.003006850218047396,0.003006850218047396
118.0,-0.018926,-1.999992,-0.1466595768214347,831.5713491958554,-0.018936945253137712,-2.002998691975447,0.0030067118973695624,0.0030067118973695615
119.0,-0.018965,-1.999992,-0.14669857838475764,831.5713101942921,-0.018975946703419944,-2.002998549989216,0.0030065699173591875,0.0030065699173591476
120.0,-0.019003,-1.999992,-0.14673657885657576,831.5712721938203,-0.019013947061396017,-2.0029984116286776,0.003006431559041619,0.0030064315590416168
121.0,-0.019042,-1.999992,-0.14677558009907443,831.5712331925778,-0.019052948183051723,-2.0029982696050097,0.0030062895403998265,0.0030062895403998265
122.0,-0.019081,-1.999992,-0.14681458119230228,831.5711941914846,-0.019091949151375513,-2.0029981275623294,0.0030061475021882287,0.0030061475021882287
123.0,-0.019119,-1.999992,-0.14685258228041675,831.5711561903964,-0.01912995011390717,-2.0029979891428766,0.003006009087159722,0.003006009087159722
124.0,-0.019158,-1.999992,-0.14689158306896388,831.5711171896079,-0.019168950769598982,-2.0029978470626966,0.0030058670103110755,0.0030058670103110556
125.0,-0.019197,-1.999992,-0.14693058477257637,831.5710781879043,-0.01920795233632792,-2.002997704959624,0.003005724913890206,0.0030057249138901974
126.0,-0.019237,-1.999991,-0.1469705893423452,831.5710381833345,-0.019247956761593438,-2.002997559182279,0.003006579146999025,0.003006579146999025
127.0,-0.019275,-1.999991,-0.14700859045012749,831.5710001822267,-0.019285957728286736,-2.002997420686525,0.003006440655687952,0.003006440655687952
128.0,-0.019312,-1.999991,-0.1470455915346065,831.5709631811422,-0.01932295867165522,-2.0029972858175302,0.003006305791027816,0.003006305791027816
129.0,-0.019351,-1.999991,-0.14708459267808394,831.5709241799988,-0.01936195966256515,-2.002997143639257,0.0030061636173117465,0.003006163617311747
130.0,-0.01939,-1.999991,-0.1471235935310915,831.5708851791458,-0.019400960359021453,-2.0029970014424805,0.003006021424019505,0.0030060214240194907
131.0,-0.019428,-1.999991,-0.1471615949108127,831.570847177766,-0.019438961582479843,-2.002996862870956,0.0030058828578775278,0.0030058828578775278
132.0,-0.019467,-1.999991,-0.14720059652609052,831.5708081761508,-0.01947796303338603,-2.0029967206327717,0.003005740625930645,0.003005740625930615
133.0,-0.019505,-1.999991,-0.14723859723085297,831.570770175446,-0.019515963574367905,-2.002996582026069,0.00300560202212339,0.00300560202212339
134.0,-0.019544,-1.999991,-0.14727759838149268,831.5707311742954,-0.019554964552857552,-2.0029964397509463,0.0030054597515167644,0.0030054597515167644
135.0,-0.019583,-1.999991,-0.14731659930339447,831.5706921733735,-0.019593965298926527,-2.0029962974570896,0.00300531746132908,0.0030053174613290695
136.0,-0.019623,-1.999991,-0.14735660074848056,831.5706521719284,-0.01963396655941298,-2.0029961514925216,0.00300517150233226,0.0030051715023322605
137.0,-0.01966,-1.999991,-0.1473936018630866,831.5706151708138,-0.019670967499827812,-2.0029960164577756,0.003005036471917463,0.0030050364719174634
138.0,-0.019698,-1.999991,-0.14743160315094883,831.5705771695259,-0.019708968605042867,-2.0029958777545844,0.003004897773684241,0.0030048977736842385
139.0,-0.019737,-1.999991,-0.14747060421279912,831.570538168464,-0.01974796947562525,-2.0029957353829353,0.0030047554061617653,0.003004755406161765
140.0,-0.019775,-1.999991,-0.14750860514129727,831.5705001675356,-0.019785970214040587,-2.002995596643401,0.003004616670248215,0.0030046166702482075
141.0,-0.019814,-1.999991,-0.14754760677146805,831.5704611659054,-0.01982497164550383,-2.002995454231029,0.003004474264052404,0.0030044742640523954
142.0,-0.019853,-1.999991,-0.14758660774100463,831.5704221649358,-0.019863972412331687,-2.002995311801494,0.0030043318382673625,0.0030043318382673625
143.0,-0.019891,-1.999991,-0.14762460890892726,831.5703841637679,-0.01990197337903718,-2.0029951730043525,0.003004193045582666,0.0030041930455826657
144.0,-0.01993,-1.999991,-0.14766361009617412,831.5703451625807,-0.019940974356021667,-2.002995030535368,0.003004050581117472,0.0030040505811174717
145.0,-0.019969,-1.999991,-0.1477026112843305,831.5703061613925,-0.019979975330180737,-2.0029948880468007,0.0030039080970602735,0.0030039080970602735
146.0,-0.020007,-1.999991,-0.14774061269201866,831.5702681599848,-0.02001797652574771,-2.0029947491920392,0.0030037692475943308,0.0030037692475943225
147.0,-0.020045,-1.999991,-0.14777861380059676,831.5702301588763,-0.020055977418704282,-2.0029946103197798,0.003003630379525496,0.0030036303795254924
148.0,-0.020084,-1.999991,-0.14781761455913056,831.5701911581177,-0.020094977951994532,-2.002994467775042,0.0030034878376889,0.0030034878376888844
149.0,-0.020122,-1.999991,-0.1478556158892843,831.5701531567876,-0.02013297905912198,-2.0029943288643004,0.0030033489319222775,0.003003348931922273
150.0,-0.020161,-1.999991,-0.14789461710154228,831.5701141555753,-0.02017198003883874,-2.0029941862792384,0.0030032063513948486,0.003003206351394844
151.0,-0.0202,-1.999991,-0.1479336185517468,831.5700751541251,-0.02021098125285288,-2.0029940436737195,0.0030030637512680793,0.003003063751268079
152.0,-0.020238,-1.999991,-0.1479716196948857,831.570037152982,-0.02024898216211825,-2.002993904706899,0.003002924788702125,0.0030029247887021246
153.0,-0.020277,-1.999991,-0.14801062084268324,831.5699981518342,-0.020287983066263542,-2.0029937620638134,0.003002782149877189,0.0030027821498771878
154.0,-0.020315,-1.999991,-0.14804862214452896,831.5699601505323,-0.02032598412717552,-2.002993623058729,0.0030026431496035164,0.0030026431496035164
155.0,-0.020354,-1.999991,-0.14808762354141436,831.5699211491354,-0.020364985273218006,-2.002993480376055,0.003002500472076957,0.0030025004720769517
156.0,-0.020392,-1.999991,-0.14812562456734213,831.5698831481095,-0.020402986051004473,-2.002993341334293,0.003002361434091442,0.0030023614340914423
157.0,-0.020431,-1.999991,-0.1481646256544309,831.5698441470224,-0.020441986879838083,-2.002993198614071,0.0030022187178581627,0.003002218717858158
158.0,-0.020469,-1.999991,-0.14820262723753785,831.5698061454393,-0.020479988207711627,-2.002993059532578,0.0030020796421565367,0.0030020796421565297
159.0,-0.020508,-1.999991,-0.14824162827358123,831.5697671444033,-0.020518988978357994,-2.0029929167738567,0.0030019368872125215,0.0030019368872125215
160.0,-0.020546,-1.999991,-0.14827962950971596,831.5697291431671,-0.020556989952471287,-2.0029927776559373,0.0030017977737914567,0.0030017977737914567
161.0,-0.020585,-1.999991,-0.14831863074095963,831.5696901419359,-0.020595990911006203,-2.0029926348578124,0.003001654980133281,0.0030016549801332804
162.0,-0.020623,-1.999991,-0.1483566319475358,831.5696521407293,-0.020633991848438296,-2.0029924957023013,0.003001515828987895,0.0030015158289878946
163.0,-0.020663,-1.999991,-0.14839663330735675,831.5696121393695,-0.020673992921355553,-2.002992349202386,0.003001369333984502,0.0030013693339845026
164.0,-0.020701,-1.999991,-0.14843463453109962,831.5695741381458,-0.020711993868996293,-2.002992210008618,0.00300123014462129,0.0030012301446212895
165.0,-0.020739,-1.999991,-0.14847263574677072,831.5695361369301,-0.020749994805032933,-2.0029920707962714,0.0030010909366379244,0.003001090936637924
166.0,-0.020777,-1.999991,-0.14851063713831536,831.5694981355385,-0.020787995913598086,-2.0029919315646705,0.0030009517100331733,0.003000951710033171
167.0,-0.020816,-1.999991,-0.1485496382903193,831.5694591343865,-0.02082699677167113,-2.0029917886507396,0.0030008088002060613,0.0030008088002060613
168.0,-0.020854,-1.999991,-0.14858763954623555,831.5694211331306,-0.020864997737757452,-2.002991649381923,0.0030006695358654133,0.003000669535865413
169.0,-0.020893,-1.999991,-0.14862664083602795,831.5693821318408,-0.02090399872660694,-2.0029915064287804,0.003000526587307507,0.003000526587307507
170.0,-0.020931,-1.999991,-0.14866464209944752,831.5693441305774,-0.020941999693332224,-2.00299136712222,0.0030003872852268957,0.0030003872852268957
171.0,-0.02097,-1.999991,-0.148703643376507,831.5693051293003,-0.020981000662502684,-2.002991224130412,0.003000244297933531,0.003000244297933531
172.0,-0.021009,-1.999991,-0.1487426446358313,831.569266128041,-0.02102000161041189,-2.002991081119061,0.0030001012910195967,0.0030001012910195963
173.0,-0.021047,-1.999991,-0.14878064596166496,831.5692281267152,-0.021058002629358738,-2.0029909417554435,0.0029999619320760585,0.0029999619320760585
174.0,-0.021085,-1.999991,-0.1488186472297457,831.5691901254471,-0.021096003587229625,-2.0029908023734198,0.002999822554503227,0.0029998225545032264
175.0,-0.021124,-1.999991,-0.1488576487067803,831.5691511239701,-0.021135004742529093,-2.0029906593034434,0.0029996794897276095,0.0029996794897276043
176.0,-0.021162,-1.999991,-0.14889564979227998,831.5691131228846,-0.02117300551108251,-2.002990519884361,0.002999540074403145,0.002999540074403145
177.0,-0.021201,-1.999991,-0.14893465100533376,831.5690741216715,-0.021212006395501574,-2.0029903767766286,0.0029993969708794017,0.0029993969708794
178.0,-0.021239,-1.999991,-0.1489726521791681,831.5690361204977,-0.021250007245891173,-2.002990237319488,0.002999257517798677,0.0029992575177986694
179.0,-0.021278,-1.999991,-0.14901165384424075,831.5689971188326,-0.02128900857541934,-2.0029900941713694,0.0029991143755239364,0.0029991143755239338
180.0,-0.021317,-1.999991,-0.14905065515893057,831.5689581175179,-0.021328009551121213,-2.0029899510049183,0.0029989712136190634,0.0029989712136190613
181.0,-0.021355,-1.999991,-0.14908865632992274,831.5689201163469,-0.021366010388768182,-2.0029898114909357,0.002998831703651993,0.002998831703651993
182.0,-0.021394,-1.999991,-0.14912765767462588,831.5688811150022,-0.021405011387729204,-2.0029896682856405,0.0029986885029901797,0.00299868850299018
183.0,-0.021432,-1.999991,-0.14916565903888568,831.568843113638,-0.021443012411871753,-2.002989528733205,0.0029985489552567805,0.0029985489552567797
184.0,-0.021471,-1.999991,-0.14920466046510228,831.5688041122118,-0.021482013485758268,-2.0029893854888714,0.002998405715833446,0.002998405715833441
185.0,-0.021508,-1.999991,-0.14924166156458796,831.5687671111123,-0.021519014247790683,-2.0029892495731927,0.0029982698038709056,0.0029982698038709056
186.0,-0.021547,-1.999991,-0.14928066301047238,831.5687281096664,-0.02155801533473894,-2.002989106290546,0.002998126526184438,0.002998126526184436
187.0,-0.021585,-1.99999,-0.14931866775793878,831.5686901049189,-0.021596019729119204,-2.002988966650669,0.0029989868966461704,0.002998986896646168
188.0,-0.021624,-1.99999,-0.14935766923792926,831.5686511034389,-0.02163502084358434,-2.0029888233291473,0.002998843580187497,0.002998843580187497
189.0,-0.021662,-1.99999,-0.14939567056057967,831.5686131021163,-0.021673021806695846,-2.0029886836640975,0.0029987039196207287,0.0029987039196207287
190.0,-0.021701,-1.99999,-0.14943467175487513,831.568574100922,-0.02171202262886728,-2.002988540304874,0.0029985605643876962,0.0029985605643876923
191.0,-0.021741,-1.99999,-0.14947467328499897,831.5685340993919,-0.021752023773788928,-2.002988393248261,0.002998413512977338,0.002998413512977338
192.0,-0.021778,-1.99999,-0.14951167463323145,831.5684970980436,-0.021789024762546322,-2.002988257202756,0.0029982774720277304,0.0029982774720277304
193.0,-0.021817,-1.99999,-0.14955067596633853,831.5684580967105,-0.0218280257137123,-2.0029881137846353,0.0029981340583741783,0.0029981340583741783
194.0,-0.021855,-1.99999,-0.14958867742188886,831.568420095255,-0.021866026793777634,-2.0029879740244425,0.0029979943030988927,0.00299799430309889
195.0,-0.021893,-1.99999,-0.14962667864483592,831.568382094032,-0.021904027638275852,-2.0029878342464653,0.002997854529173589,0.002997854529173589
196.0,-0.021931,-1.99999,-0.14966467995384392,831.568344092723,-0.021942028565549963,-2.0029876944495317,0.0029977147365971677,0.0029977147365971677
197.0,-0.02197,-1.99999,-0.14970368136619072,831.5683050913107,-0.021981029582995772,-2.002987550954094,0.0029975712458740924,0.0029975712458740924
198.0,-0.022009,-1.99999,-0.14974268266871604,831.5682660900081,-0.02202003048727575,-2.0029874074394236,0.002997427735502878,0.0029974277355028778
199.0,-0.022046,-1.99999,-0.1497796842986645,831.5682290883782,-0.02205703173659497,-2.0029872712648755,0.0029972915664748427,0.002997291566474832
200.0,-0.022085,-1.99999,-0.149818685314699,831.5681900873622,-0.02209603234807942,-2.0029871277129905,0.0029971480178129467,0.002997148017812944
201.0,-0.022123,-1.99999,-0.14985668677672948,831.5681520859001,-0.022134033412835284,-2.002986987821294,0.0029970081309839513,0.0029970081309839513
202.0,-0.022162,-1.99999,-0.14989568791395413,831.5681130847629,-0.022173034139337296,-2.0029868442301852,0.0029968645435231004,0.002996864543523089
203.0,-0.0222,-1.99999,-0.14993368969271614,831.5680750829841,-0.022211035514625173,-2.0029867042995373,0.0029967246188878816,0.0029967246188878772
204.0,-0.022239,-1.99999,-0.14997269092464194,831.5680360817522,-0.022250036329406923,-2.002986560669299,0.002996580992624155,0.0029965809926241556
205.0,-0.022276,-1.99999,-0.15000969229333805,831.5679990803835,-0.022287037299393853,-2.002986424385818,0.0029964447136403066,0.002996444713640306
206.0,-0.022315,-1.99999,-0.15004869348808825,831.5679600791888,-0.022326038070817903,-2.0029862807174346,0.0029963010490733338,0.002996301049073328
207.0,-0.022354,-1.99999,-0.150087695082334,831.5679210775945,-0.02236503923861763,-2.0029861370279325,0.0029961573648488128,0.0029961573648488123
208.0,-0.022392,-1.99999,-0.15012569645193707,831.5678830762249,-0.02240304018962243,-2.002985997004556,0.0029960173459270987,0.002996017345927099
209.0,-0.022431,-1.99999,-0.15016469784450237,831.5678440748324,-0.02244204114949291,-2.002985853277005,0.002995873622889189,0.0029958736228891886
210.0,-0.022469,-1.99999,-0.15020269929459573,831.5678060733823,-0.02248004217491754,-2.002985713215532,0.0029957335661472966,0.002995733566147296
211.0,-0.022507,-1.99999,-0.1502407008051705,831.5677680718717,-0.022518043257867274,-2.0029855731351804,0.0029955934907392717,0.0029955934907392665
212.0,-0.022546,-1.99999,-0.15027970188987183,831.567729070787,-0.022557043900777136,-2.00298542935082,0.00299544970972621,0.0029954497097262056
213.0,-0.022584,-1.99999,-0.15031770343443895,831.5676910692424,-0.02259504501177055,-2.002985289232537,0.0029953095964918965,0.002995309596491896
214.0,-0.022623,-1.99999,-0.15035670486486197,831.567652067812,-0.022634045994210414,-2.0029851454080987,0.0029951657766546327,0.0029951657766546323
215.0,-0.022661,-1.99999,-0.15039470626743423,831.5676140664094,-0.022672046957196226,-2.0029850052525298,0.002995025625590629,0.002995025625590629
216.0,-0.022699,-1.99999,-0.15043270763294458,831.5675760650439,-0.022710047880366128,-2.002984865078436,0.002994885455855868,0.002994885455855868
217.0,-0.022738,-1.99999,-0.1504717090684835,831.5675370636084,-0.022749048858778206,-2.002984721196019,0.0029947415780274224,0.0029947415780274224
218.0,-0.022776,-1.99999,-0.15050971051982742,831.567499062157,-0.022787049861938042,-2.002984580983792,0.002994601370455999,0.002994601370455999
219.0,-0.022814,-1.99999,-0.1505477117901819,831.5674610608867,-0.02282505068119371,-2.002984440753569,0.0029944611442109625,0.00299446114421096
220.0,-0.022853,-1.99999,-0.1505867133423635,831.5674220593345,-0.022864051767336354,-2.002984296812752,0.0029943172083827865,0.002994317208382787
221.0,-0.022891,-1.99999,-0.1506247147851809,831.5673840578917,-0.02290205275307747,-2.002984156544071,0.002994176944296212,0.0029941769442962114
222.0,-0.02293,-1.99999,-0.15066371618149788,831.5673450564954,-0.022941053677495736,-2.002984012565009,0.0029940329696279445,0.0029940329696279445
223.0,-0.022968,-1.99999,-0.1507017176344334,831.5673070550424,-0.0229790546676451,-2.002983872258463,0.0029938926676941245,0.0029938926676941245
224.0,-0.023006,-1.99999,-0.15073971906667794,831.5672690536102,-0.023017055634379766,-2.0029837319333246,0.0029937523470820395,0.00299375234708204
225.0,-0.023045,-1.99999,-0.15077872051153918,831.5672300521653,-0.023056056598523705,-2.002983587896098,0.0029936083143984713,0.0029936083143984713
226.0,-0.023083,-1.99999,-0.15081672194139628,831.5671920507355,-0.02309405755709859,-2.0029834475331354,0.0029934679559340156,0.002993467955934016
227.0,-0.023122,-1.99999,-0.15085572338546172,831.5671530492914,-0.02313305851453408,-2.002983303457082,0.002993323884400695,0.0029933238844006955
228.0,-0.02316,-1.99999,-0.1508937248197526,831.5671150478571,-0.02317105947181365,-2.0029831630562662,0.0029931834880799,0.0029931834880799
229.0,-0.023198,-1.99999,-0.15093172614842842,831.5670770465284,-0.023209060320769907,-2.0029830226371668,0.002993043073076067,0.002993043073076065
230.0,-0.023237,-1.99999,-0.15097072770504383,831.5670380449718,-0.023248061382182567,-2.0029828785026953,0.0029928989435114278,0.0029928989435114278
231.0,-0.023276,-1.99999,-0.15100972920629374,831.5669990434706,-0.02328706238522673,-2.0029827343487563,0.002992754794264479,0.0029927547942644787
232.0,-0.023314,-1.99999,-0.1510477306028406,831.566961042074,-0.02332506329360992,-2.0029825938723937,0.0029926143222197025,0.002992614322219702
233.0,-0.023352,-1.99999,-0.1510857318885428,831.5669230407883,-0.023363064088407662,-2.0029824533777627,0.0029924738314872717,0.0029924738314872656
234.0,-0.023391,-1.99999,-0.15112473350848177,831.5668840391684,-0.023402065201634896,-2.002982309165371,0.0029923296241975593,0.002992329624197559
235.0,-0.023429,-1.99999,-0.1511627350237177,831.5668460376531,-0.02344006622032496,-2.0029821686320397,0.0029921890955945676,0.0029921890955945676
236.0,-0.023467,-1.99999,-0.15120073627224428,831.5668080364046,-0.023478066969622808,-2.0029820280810138,0.002992048548301315,0.0029920485483013086
237.0,-0.023505,-1.99999,-0.15123873792697395,831.5667700347499,-0.023516068122529876,-2.002981887509802,0.0029919079823161735,0.002991907982316174
238.0,-0.023543,-1.99999,-0.15127673940003206,831.5667320332768,-0.02355406909112379,-2.0029817469205793,0.0029917673976387845,0.0029917673976387845
239.0,-0.023582,-1.99999,-0.15131574089514288,831.5666930317817,-0.023593070065460693,-2.0029816026122744,0.0029916230939269176,0.0029916230939269176
240.0,-0.02362,-1.99999,-0.15135374231749665,831.5666550303594,-0.023631070977861993,-2.002981461985377,0.0029914824713690095,0.0029914824713690095
241.0,-0.023659,-1.99999,-0.15139274391935942,831.5666160287575,-0.02367007205345169,-2.002981317637816,0.002991338128777513,0.0029913381287775117
242.0,-0.023697,-1.99999,-0.1514307453061292,831.5665780273707,-0.023708072924746103,-2.0029811769731856,0.0029911974683357774,0.0029911974683357774
243.0,-0.023736,-1.99999,-0.1514697468508075,831.566539025826,-0.023747073937656613,-2.002981032586972,0.002991053086861464,0.002991053086861464
244.0,-0.023774,-1.99999,-0.1515077482953302,831.5665010243815,-0.023785074861545623,-2.0029808918842567,0.0029909123885314597,0.0029909123885314593
245.0,-0.023812,-1.99999,-0.1515457497580428,831.5664630229188,-0.023823075800757914,-2.002980751162785,0.0029907716715024775,0.0029907716715024775
246.0,-0.02385,-1.99999,-0.15158375122098278,831.5664250214559,-0.023861076737612768,-2.00298061042262,0.0029906309357725577,0.0029906309357725577
247.0,-0.023889,-1.99999,-0.15162275274781223,831.566386019929,-0.02390007772193208,-2.0029804659592347,0.0029904864770243186,0.002990486477024318
248.0,-0.023927,-1.999989,-0.15166075802551404,831.5663480146513,-0.023938082468275175,-2.0029803251670586,0.0029913456965354407,0.0029913456965354394
249.0,-0.023965,-1.999989,-0.15169875943195166,831.5663100132449,-0.02397608334083432,-2.002980184370528,0.002991204904204307,0.002991204904204307
250.0,-0.024004,-1.999989,-0.15173776095321045,831.5662710117236,-0.024015084311360957,-2.0029800398490973,0.002991060387362059,0.0029910603873620593
251.0,-0.024043,-1.999989,-0.15177676249334127,831.5662320101835,-0.024054085298224656,-2.0029798953079028,0.00299091585081751,0.0029909158508175096
252.0,-0.024081,-1.999989,-0.15181476386555914,831.5661940088113,-0.024092086128676922,-2.002979754454425,0.0029907750013854124,0.0029907750013854102
253.0,-0.024119,-1.999989,-0.15185276545253146,831.5661560072243,-0.024130087171416254,-2.0029796135814517,0.002990634133245548,0.002990634133245548
254.0,-0.024158,-1.999989,-0.15189176699868767,831.5661170056782,-0.024169088156237167,-2.002979468982157,0.0029904895385958925,0.002990489538595893
255.0,-0.024196,-1.999989,-0.15192976846526562,831.5660790042116,-0.02420708907336338,-2.0029793280717385,0.0029903486325469305,0.0029903486325469305
256.0,-0.024234,-1.999989,-0.1519677701882074,831.5660410024886,-0.024245090244383295,-2.002979187141666,0.002990207707786384,0.0029902077077863785
257.0,-0.024272,-1.999989,-0.152005771412405,831.5660030012644,-0.02428309091405388,-2.002979046194741,0.0029900667643149425,0.0029900667643149408
258.0,-0.02431,-1.999989,-0.15204377314626072,831.5659649995306,-0.024321092090930495,-2.002978905227222,0.0029899258021315257,0.0029899258021315227
259.0,-0.024348,-1.999989,-0.15208177451631855,831.5659269981605,-0.02435909290158606,-2.0029787642423473,0.0029897848212345,0.0029897848212344998
260.0,-0.024388,-1.999989,-0.1521217760300715,831.5658869966468,-0.02439909382361309,-2.0029786158167426,0.0029896364000727574,0.002989636400072756
261.0,-0.024426,-1.999989,-0.15215977762409238,831.5658489950528,-0.02443709485321511,-2.0029784747926387,0.0029894953807607524,0.002989495380760753
262.0,-0.024464,-1.999989,-0.1521977791487643,831.5658109935281,-0.02447509581080454,-2.0029783337500855,0.0029893543427331444,0.0029893543427331444
263.0,-0.024502,-1.999989,-0.15223578083669054,831.5657729918402,-0.02451309692924915,-2.002978192688216,0.002989213285987441,0.0029892132859874357
264.0,-0.024541,-1.999989,-0.15227478224210245,831.5657339904348,-0.0245520977477064,-2.0029780478959514,0.0029890684977590025,0.0029890684977590025
265.0,-0.024578,-1.999989,-0.1523117837070913,831.5656969889698,-0.024589098653372034,-2.0029779105102237,0.0029889311163411054,0.002988931116341106
266.0,-0.024617,-1.999989,-0.15235078526359302,831.5656579874133,-0.024628099617862047,-2.00297776567899,0.0029887862896876916,0.0029887862896876916
267.0,-0.024655,-1.999989,-0.15238878676939294,831.5656199859075,-0.024666100544518902,-2.0029776245424586,0.0029886451575713473,0.0029886451575713477
268.0,-0.024693,-1.999989,-0.15242678836443702,831.5655819843124,-0.02470410155780741,-2.0029774833868816,0.002988504006731999,0.002988504006731999
269.0,-0.024732,-1.999989,-0.15246578993708226,831.5655429827398,-0.02474310253101495,-2.002977338497463,0.0029883591219286203,0.00298835912192862
270.0,-0.02477,-1.999989,-0.15250379130998226,831.5655049813669,-0.024781103317408956,-2.0029771973047876,0.0029882179331496925,0.00298821793314969
271.0,-0.024808,-1.999989,-0.1525417928959314,831.5654669797809,-0.024819104314462024,-2.002977056092603,0.0029880767256450368,0.002988076725645036
272.0,-0.024846,-1.999989,-0.15257979451371284,831.5654289781631,-0.02485710534098726,-2.002976914861583,0.0029879354994152268,0.0029879354994152263
273.0,-0.024885,-1.999989,-0.15261879606850925,831.5653899766083,-0.024896106286496477,-2.0029767698948837,0.0029877905372319986,0.0029877905372319986
274.0,-0.024923,-1.999989,-0.15265679754395478,831.5653519751329,-0.024934107165937136,-2.00297662862646,0.0029876492730537907,0.002987649273053789
275.0,-0.024963,-1.999989,-0.15269679915513734,831.5653119735217,-0.024974108147328918,-2.0029764799024146,0.0029875005536849552,0.0029875005536849526
276.0,-0.025,-1.999989,-0.15273380073745102,831.5652749719394,-0.025011109144670043,-2.0029763423138616,0.002987362969791751,0.0029873629697917507
277.0,-0.025038,-1.999989,-0.1527718023023681,831.5652369703745,-0.025049110106442098,-2.002976200988446,0.0029872216489304905,0.0029872216489304905
278.0,-0.025076,-1.999989,-0.1528098039221959,831.5651989687547,-0.025087111120882077,-2.002976059644102,0.0029870803093371527,0.002987080309337152
279.0,-0.025115,-1.999989,-0.15284880543583768,831.565159967241,-0.025126112010900054,-2.002975914561252,0.002986935230801653,0.0029869352308016526
280.0,-0.025153,-1.999989,-0.15288680705339175,831.5651219656235,-0.025164113018474495,-2.002975773178971,0.0029867938532477994,0.0029867938532477994
281.0,-0.025191,-1.999989,-0.15292480859534408,831.5650839640815,-0.025202113948080307,-2.0029756317782446,0.002986652456959478,0.002986652456959478
282.0,-0.025229,-1.999989,-0.15296281015434943,831.5650459625225,-0.025240114892617044,-2.0029754903587254,0.0029865110419345967,0.0029865110419345967
283.0,-0.025268,-1.999989,-0.15300181168208837,831.5650069609948,-0.025279115787202114,-2.0029753451984353,0.0029863658859796208,0.00298636588597962
284.0,-0.025306,-1.999989,-0.15303981335387107,831.564968959323,-0.025317116839832905,-2.0029752037405437,0.002986224432986421,0.0029862244329864206
285.0,-0.025344,-1.999989,-0.15307781484341376,831.5649309578334,-0.02535511770810635,-2.0029750622646,0.002986082961255555,0.002986082961255555
286.0,-0.025383,-1.999989,-0.15311681644857345,831.5648919562283,-0.025394118673215137,-2.0029749170458415,0.002985937747097368,0.0029859377470973676
287.0,-0.025421,-1.999989,-0.15315481801894748,831.5648539546579,-0.02543211961769281,-2.002974775531638,0.0029857962373923018,0.0029857962373923013
288.0,-0.025459,-1.999989,-0.15319281963104459,831.5648159530458,-0.025470120601633537,-2.002974633998544,0.0029856547089444118,0.0029856547089444113
289.0,-0.025497,-1.999989,-0.15323082104123387,831.5647779516356,-0.025508121381668872,-2.0029744924474664,0.00298551316175444,0.0029855131617544353
290.0,-0.025536,-1.999989,-0.1532698228454592,831.5647389498314,-0.02554712253670183,-2.002974347150549,0.002985367870148054,0.0029853678701480535
291.0,-0.025574,-1.999989,-0.15330782437786183,831.564700948299,-0.025585123434523356,-2.002974205561048,0.0029852262849755103,0.00298522628497551
292.0,-0.025612,-1.999989,-0.15334582592163315,831.5646629467552,-0.02562312434136734,-2.0029740639527676,0.0029850846810573124,0.0029850846810573115
293.0,-0.025651,-1.999989,-0.15338482756612848,831.5646239451107,-0.025662125329822705,-2.0029739185982445,0.0029849393312275747,0.002984939331227574
294.0,-0.02569,-1.999989,-0.15342382926803566,831.5645849434088,-0.025701126373645498,-2.002973773223766,0.002984793961649558,0.002984793961649558
295.0,-0.025727,-1.999989,-0.15346083080635253,831.5645479418705,-0.025738127285463187,-2.002973635286425,0.0029846560286665752,0.002984656028666575
296.0,-0.025765,-1.999989,-0.15349883240128293,831.5645099402756,-0.025776128234858267,-2.002973493602496,0.0029845143492620574,0.002984514349262058
297.0,-0.025804,-1.999989,-0.15353783397756615,831.5644709386993,-0.025815129146500613,-2.0029733481707783,0.0029843689219547992,0.0029843689219547992
298.0,-0.025842,-1.999989,-0.1535758356601491,831.5644329370167,-0.02585313017918248,-2.002973206448541,0.0029842272045541634,0.002984227204554163
299.0,-0.02588,-1.999989,-0.1536138372205187,831.5643949354563,-0.02589113108776049,-2.0029730647080126,0.0029840854684008407,0.0029840854684008403
300.0,-0.025919,-1.999989,-0.1536528388359102,831.564355933841,-0.02593013203178432,-2.0029729192179264,0.002983939982848541,0.0029839399828485405
301.0,-0.025957,-1.999989,-0.1536908404773385,831.5643179321995,-0.025968133017143787,-2.0029727774391084,0.0029837982086935596,0.0029837982086935596
302.0,-0.025996,-1.999989,-0.15372984221835395,831.5642789304585,-0.02600713408254533,-2.0029726319095635,0.0029836526841373135,0.0029836526841373104
303.0,-0.026034,-1.999989,-0.15376784369846064,831.5642409289784,-0.026045134902223196,-2.0029724900933554,0.0029835108719757342,0.0029835108719757342
304.0,-0.026072,-1.999989,-0.1538058453040776,831.5642029273728,-0.026083135845558103,-2.002972348257928,0.0029833690410571703,0.0029833690410571703
305.0,-0.026111,-1.999989,-0.15384484702246937,831.5641639256544,-0.026122136882009747,-2.0029722026702275,0.0029832234582399405,0.0029832234582399396
306.0,-0.026148,-1.999989,-0.15388184853304665,831.5641269241438,-0.02615913774357438,-2.002972064530751,0.002983085322942922,0.002983085322942922
307.0,-0.026186,-1.999989,-0.1539198503348871,831.564088922342,-0.026197138876969915,-2.002971922638332,0.002982943435744914,0.0029829434357449077
308.0,-0.026225,-1.999989,-0.15395885177292712,831.5640499209039,-0.026236139626803608,-2.0029717769939364,0.002982797795165011,0.0029827977951650104
309.0,-0.026263,-1.999988,-0.153996857105426,831.5640119155714,-0.026274144286729723,-2.002971635050326,0.002983655862974299,0.0029836558629742996
310.0,-0.026301,-1.999988,-0.15403485880699463,831.5639739138699,-0.026312145313677038,-2.0029714931015183,0.0029835139189928203,0.00298351391899282
311.0,-0.026339,-1.999988,-0.1540728605393724,831.5639359121375,-0.02635014636938663,-2.002971351133838,0.0029833719562472874,0.0029833719562472826
312.0,-0.026378,-1.999988,-0.15411186203436955,831.5638969106425,-0.02638914716809741,-2.0029712054117166,0.0029832262381272903,0.0029832262381272903
313.0,-0.026417,-1.999988,-0.1541508637019433,831.5638579089749,-0.02642814813718325,-2.0029710596691905,0.002983080500240181,0.0029830805002401804
314.0,-0.026455,-1.999988,-0.1541888653106298,831.5638199073662,-0.0264661490632877,-2.002970917644705,0.002982938480207763,0.002982938480207763
315.0,-0.026492,-1.999988,-0.15422586697695806,831.5637829056999,-0.026503150063158173,-2.0029707793393037,0.00298280017950997,0.0029828001795099693
316.0,-0.026531,-1.999988,-0.1542648685781387,831.5637439040987,-0.026542150959887403,-2.0029706335392583,0.002982654383835704,0.002982654383835704
317.0,-0.026569,-1.999988,-0.15430287025139933,831.5637059024255,-0.026580151944761328,-2.0029704914582416,0.002982512307494359,0.002982512307494359
318.0,-0.026607,-1.999988,-0.15434087167159305,831.5636679010053,-0.02661815267470149,-2.002970349359406,0.0029823702123819304,0.002982370212381925
319.0,-0.026645,-1.999988,-0.1543788734924192,831.5636298991844,-0.026656153803252952,-2.002970207240307,0.0029822280984972012,0.0029822280984972017
320.0,-0.026684,-1.999988,-0.1544178751552181,831.5635908975216,-0.02669515475362167,-2.0029700613624866,0.002982082225251845,0.002982082225251845
321.0,-0.026722,-1.999988,-0.15445587674992112,831.5635528959269,-0.0267331556523771,-2.0029699192062034,0.002981940073325407,0.002981940073325407
322.0,-0.026765,-1.999988,-0.15449887869056056,831.5635098939863,-0.026776156803120923,-2.002969758322,0.0029817791945534857,0.0029817791945534857
323.0,-0.026799,-1.999988,-0.15453288012849953,831.5634758925484,-0.026810157614747417,-2.0029696310945817,0.002981651971062812,0.0029816519710628114
324.0,-0.026837,-1.999988,-0.15457088178254708,831.5634378908943,-0.026848158567060937,-2.0029694888812712,0.0029815097623120926,0.0029815097623120926
325.0,-0.026876,-1.999988,-0.15460988337940762,831.5633988892974,-0.026887159442014964,-2.0029693429063626,0.0029813637917007565,0.002981363791700756
326.0,-0.026913,-1.999988,-0.1546468850376641,831.5633618876392,-0.026924160413356883,-2.0029692043985317,0.002981225288476232,0.002981225288476232
327.0,-0.026951,-1.999988,-0.15468488673070624,831.5633238859461,-0.02696216139921162,-2.002969062128756,0.0029810830233886233,0.0029810830233886233
328.0,-0.026989,-1.999988,-0.15472288834882875,831.563285884328,-0.02700016230829403,-2.0029689198404856,0.002980940739519455,0.002980940739519455
329.0,-0.027028,-1.999988,-0.15476189003356922,831.5632468826433,-0.027039163263458742,-2.0029687737881727,0.0029807946918075493,0.0029807946918075493
330.0,-0.027066,-1.999988,-0.15479989164111885,831.5632088810357,-0.027077164158173156,-2.0029686314618953,0.0029806523698793245,0.002980652369879324
331.0,-0.027104,-1.999988,-0.15483789352947497,831.5631708791474,-0.027115165332120144,-2.0029684891157857,0.0029805100291658113,0.0029805100291658056
332.0,-0.027142,-1.999988,-0.154875894994575,831.5631328776823,-0.027153166080961952,-2.002968346752483,0.0029803676696673323,0.0029803676696673323
333.0,-0.027181,-1.999988,-0.15491489668363556,831.5630938759932,-0.027192167033070782,-2.0029682006225547,0.0029802215443322567,0.0029802215443322567
334.0,-0.02722,-1.999988,-0.15495389839918516,831.5630548742777,-0.027231168009914555,-2.002968054472744,0.0029800753992084536,0.0029800753992084536
335.0,-0.027257,-1.999988,-0.1549909000501657,831.5630178726267,-0.027268168958234695,-2.0029679157994194,0.0029799367304116594,0.0029799367304116594
336.0,-0.027295,-1.999988,-0.15502890170580486,831.562979870971,-0.027306169890544685,-2.0029677733597806,0.002979794295268108,0.0029797942952681086
337.0,-0.027334,-1.999988,-0.15506790336189624,831.562940869315,-0.027345170802411244,-2.00296762715236,0.0029796480922934716,0.002979648092293471
338.0,-0.027372,-1.999988,-0.1551059050564163,831.5629028676204,-0.027383171770118585,-2.0029674846745116,0.0029795056190744726,0.002979505619074472
339.0,-0.02741,-1.999988,-0.15514390679322787,831.5628648658836,-0.027421172778369744,-2.0029673421777185,0.0029793631270640035,0.002979363127064003
340.0,-0.027448,-1.999988,-0.1551819083592818,831.5628268643176,-0.02745917361409992,-2.0029671996627774,0.0029792206162592635,0.002979220616259263
341.0,-0.027486,-1.999988,-0.1552199101253109,831.5627888625515,-0.027497174648231645,-2.0029670571282976,0.002979078086660904,0.002979078086660904
342.0,-0.027525,-1.999988,-0.155258911890769,831.5627498607861,-0.027536175660746013,-2.0029669108235493,0.002978931786740262,0.0029789317867402604
343.0,-0.027563,-1.999988,-0.15529691345670926,831.5627118592201,-0.027574176491366443,-2.0029667682517456,0.002978789219056306,0.002978789219056306
344.0,-0.027601,-1.999988,-0.15533491512428554,831.5626738575526,-0.027612177421911674,-2.002966625660769,0.002978646632575415,0.002978646632575415
345.0,-0.027639,-1.999988,-0.1553729168300606,831.5626358558468,-0.027650178388962218,-2.002966483050857,0.0029785040272964198,0.0029785040272964198
346.0,-0.027678,-1.999988,-0.1554119185179843,831.5625968541589,-0.027689179317159293,-2.002966336668745,0.0029783576496994766,0.0029783576496994766
347.0,-0.027716,-1.999988,-0.15544992031266247,831.5625588523642,-0.02772718036977469,-2.0029661940204164,0.002978215006327087,0.0029782150063270858
348.0,-0.027754,-1.999988,-0.15548792189053984,831.5625208507863,-0.027765181204090203,-2.002966051354105,0.00297807234415355,0.00297807234415355
349.0,-0.027792,-1.999988,-0.15552592356289097,831.562482849114,-0.02780318213121394,-2.0029659086686427,0.0029779296631779243,0.0029779296631779243
350.0,-0.027831,-1.999988,-0.15556492527707633,831.5624438473998,-0.027842183078816907,-2.002965762208762,0.002977783207888433,0.0029777832078884325
351.0,-0.027869,-1.999988,-0.15560292702127754,831.5624058456556,-0.027880184074608984,-2.0029656194849386,0.0029776404888115808,0.0029776404888115808
352.0,-0.027907,-1.999988,-0.15564092861029621,831.5623678440666,-0.027918184913542164,-2.002965476742898,0.0029774977509294206,0.0029774977509294197
353.0,-0.027945,-1.999988,-0.15567893045363235,831.5623298422232,-0.02795618600518987,-2.002965333981102,0.002977354994241727,0.0029773549942417256
354.0,-0.027983,-1.999988,-0.1557169320308276,831.562291840646,-0.02799418682927406,-2.002965191201503,0.0029772122187470234,0.002977212218747023
355.0,-0.028022,-1.999988,-0.15575593387109166,831.5622528388058,-0.02803318789486589,-2.002965044644163,0.002977065666445968,0.002977065666445967
356.0,-0.02806,-1.999988,-0.1557939355226381,831.5622148371542,-0.028071188789931284,-2.002964901826184,0.0029769228528392683,0.0029769228528392683
357.0,-0.028098,-1.999988,-0.15583193716361166,831.5621768355132,-0.028109189673032105,-2.00296475898944,0.0029767800204238697,0.0029767800204238697
358.0,-0.028136,-1.999988,-0.15586993888871348,831.5621388337881,-0.028147190638721672,-2.0029646161335735,0.0029766371691968487,0.002976637169196849
359.0,-0.028174,-1.999988,-0.15590794055060542,831.5621008321262,-0.028185191539710063,-2.002964473259138,0.0029764942991587404,0.0029764942991587404
360.0,-0.028213,-1.999988,-0.15594694233925566,831.5620618303376,-0.028224192545761764,-2.0029643266049795,0.0029763476498199386,0.002976347649819939
361.0,-0.028251,-1.999988,-0.15598494402240703,831.5620238286544,-0.028262193465056876,-2.002964183692352,0.0029762047416602828,0.002976204741660283
362.0,-0.028289,-1.999988,-0.15602294571840503,831.5619858269584,-0.028300194395487997,-2.0029640407608666,0.0029760618146855576,0.0029760618146855576
363.0,-0.028327,-1.999988,-0.15606094749728072,831.5619478251796,-0.028338195407455354,-2.002963897810258,0.0029759188688950598,0.0029759188688950593
364.0,-0.028365,-1.999988,-0.1560989491190412,831.5619098235578,-0.028376196260753585,-2.0029637548414283,0.0029757759042875263,0.0029757759042875263
365.0,-0.028404,-1.999988,-0.1561379508796108,831.5618708217972,-0.02841519723118511,-2.0029636080903375,0.0029756291578870186,0.002975629157887018
366.0,-0.028442,-1.999988,-0.15617595257322137,831.5618328201036,-0.0284531981534103,-2.002963465083116,0.0029754861551485666,0.0029754861551485666
367.0,-0.02848,-1.999988,-0.15621395428843243,831.5617948183884,-0.02849119909579114,-2.002963322056998,0.0029753431335903906,0.002975343133590391
368.0,-0.028518,-1.999988,-0.15625195605764475,831.5617568166192,-0.028529200090801694,-2.00296317901186,0.0029752000932113127,0.0029752000932113123
369.0,-0.028557,-1.999988,-0.1562909577372693,831.5617178149396,-0.0285682009743775,-2.002963032183323,0.002975053269041363,0.002975053269041363
370.0,-0.028595,-1.999987,-0.15632896324552803,831.5616798094313,-0.02860620570534589,-2.002962889085976,0.0029759101834336524,0.0029759101834336524
371.0,-0.028634,-1.999987,-0.15636796504907124,831.5616408076278,-0.028645206709897494,-2.0029627422178344,0.002975763320116231,0.00297576332011623
372.0,-0.028672,-1.999987,-0.1564059668187383,831.5616028058581,-0.028683207699592764,-2.0029625990964286,0.002975620203452902,0.0029756202034529004
373.0,-0.02871,-1.999987,-0.15644396843640607,831.5615648042404,-0.028721208535813298,-2.002962455956774,0.0029754770679633917,0.0029754770679633912
374.0,-0.028748,-1.999987,-0.15648197012797027,831.5615268025489,-0.02875920944477885,-2.002962312798018,0.0029753339136475497,0.0029753339136475497
375.0,-0.028786,-1.999987,-0.1565199718331769,831.5614888008437,-0.028797210366048147,-2.0029621696203876,0.002975190740504672,0.002975190740504672
376.0,-0.028824,-1.999987,-0.15655797357442225,831.5614507991024,-0.028835211321714658,-2.002962026423798,0.0029750475485327693,0.002975047548532769
377.0,-0.028861,-1.999987,-0.1565949753210134,831.5614137973558,-0.02887221230229811,-2.0029618869772574,0.0029749081066780536,0.002974908106678053
378.0,-0.0289,-1.999987,-0.15663397705270654,831.5613747956241,-0.028911213225213648,-2.0029617399741566,0.002974761108100143,0.002974761108100143
379.0,-0.028939,-1.999987,-0.15667297883328501,831.5613357938436,-0.02895021419554671,-2.00296159295104,0.0029746140896858807,0.0029746140896858807
380.0,-0.028977,-1.999987,-0.15671098052462185,831.5612977921522,-0.02898821509616163,-2.0029614496788355,0.0029744708218953373,0.0029744708218953373
381.0,-0.029015,-1.999987,-0.15674898220595423,831.5612597904709,-0.029026215985409935,-2.0029613063878395,0.002974327535271128,0.002974327535271127
382.0,-0.029053,-1.999987,-0.15678698397266544,831.5612217887042,-0.029064216958772766,-2.002961163077691,0.0029741842298122937,0.0029741842298122937
383.0,-0.029091,-1.999987,-0.15682498573914927,831.5611837869377,-0.029102217930626225,-2.0029610197487115,0.0029740409055179565,0.0029740409055179565
384.0,-0.02913,-1.999987,-0.15686398754280617,831.561144785134,-0.029141218917365715,-2.0029608726283707,0.0029738937899460765,0.0029738937899460765
385.0,-0.029168,-1.999987,-0.15690198925972254,831.5611067834171,-0.029179219837079464,-2.002960729261417,0.002973750427482329,0.0029737504274823284
386.0,-0.029206,-1.999987,-0.15693999103234546,831.5610687816445,-0.029217220811080497,-2.002960585875419,0.0029736070461804077,0.0029736070461804064
387.0,-0.029244,-1.999987,-0.15697799270867563,831.5610307799682,-0.02925522168785954,-2.002960442470948,0.002973463646039255,0.002973463646039255
388.0,-0.029282,-1.999987,-0.15701599429814905,831.5609927783787,-0.02929322247625063,-2.00296029904797,0.0029733202270578805,0.002973320227057878
389.0,-0.02932,-1.999987,-0.15705399624869187,831.5609547764282,-0.029331223624698945,-2.002960155604791,0.002973176789236138,0.0029731767892361366
390.0,-0.029359,-1.999987,-0.1570929979312723,831.5609157747456,-0.02937022448270655,-2.0029600083684076,0.002973029557140976,0.0029730295571409764
391.0,-0.029397,-1.999987,-0.15713099975459954,831.5608777729223,-0.02940822550145384,-2.0029598648875346,0.002972886081137226,0.002972886081137225
392.0,-0.029436,-1.999987,-0.15717000143104087,831.5608387712458,-0.02944722635080842,-2.002959717611995,0.0029727388098548468,0.0029727388098548468
393.0,-0.029476,-1.999987,-0.1572100032499293,831.5607987694269,-0.029487227320070596,-2.0029595665391677,0.0029725877417657257,0.002972587741765725
394.0,-0.029511,-1.999987,-0.15724500497117333,831.5607637677057,-0.029522228296831352,-2.0029594343328263,0.0029724555400568293,0.002972455540056828
395.0,-0.02955,-1.999987,-0.1572840066032768,831.5607247660736,-0.029561229098186148,-2.0029592869994386,0.0029723082107476657,0.0029723082107476644
396.0,-0.029588,-1.999987,-0.1573220085375624,831.5606867641393,-0.02959923022199146,-2.0029591434234377,0.0029721646400174993,0.0029721646400174963
397.0,-0.029626,-1.999987,-0.1573600101564807,831.5606487625204,-0.029637231029280925,-2.0029589998297825,0.0029720210504379655,0.0029720210504379655
398.0,-0.029664,-1.999987,-0.15739801182451174,831.5606107608523,-0.029675231884322244,-2.0029588562170955,0.002971877442007766,0.0029718774420077645
399.0,-0.029702,-1.999987,-0.15743601373253568,831.5605727589443,-0.029713232978395707,-2.0029587125846535,0.0029717338147270188,0.0029717338147270175
400.0,-0.029741,-1.999987,-0.1574750155317588,831.5605337571451,-0.029752233941182187,-2.0029585651534116,0.0029715863881780514,0.0029715863881780496
401.0,-0.029779,-1.999987,-0.15751301711316046,831.5604957555637,-0.029790234706353242,-2.0029584214840104,0.00297144272269642,0.0029714427226964187
402.0,-0.029817,-1.999987,-0.15755101892648327,831.5604577537504,-0.02982823570221614,-2.002958277794882,0.0029712990383605063,0.0029712990383605063
403.0,-0.029855,-1.999987,-0.15758902057700652,831.5604197520998,-0.029866236534374112,-2.0029581340875153,0.0029711553351685492,0.002971155335168547
404.0,-0.029893,-1.999987,-0.15762702237964277,831.5603817502972,-0.0299042375174521,-2.0029579903607226,0.0029710116131219633,0.002971011613121963
405.0,-0.029931,-1.999987,-0.15766502415715422,831.5603437485197,-0.029942238474446436,-2.0029578466151703,0.002970867872217964,0.002970867872217964
406.0,-0.02997,-1.999987,-0.15770402596729127,831.5603047467096,-0.029981239441313517,-2.0029576990672884,0.0029707203290497267,0.0029707203290497267
407.0,-0.030008,-1.999987,-0.15774202779789448,831.560266744879,-0.03001924044924277,-2.0029575552833285,0.0029705765499327655,0.0029705765499327646
408.0,-0.030046,-1.999987,-0.15778002944637137,831.5602287432305,-0.03005724127391127,-2.002957411481201,0.00297043275195552,0.0029704327519555194
409.0,-0.030084,-1.999987,-0.1578180311930737,831.5601907414838,-0.03009524219571759,-2.002957267659844,0.0029702889351171896,0.0029702889351171887
410.0,-0.030122,-1.999987,-0.1578560330341361,831.5601527396427,-0.030133243211059462,-2.0029571238192703,0.0029701450994171607,0.0029701450994171607
411.0,-0.030161,-1.999987,-0.15789503477481048,831.560113737902,-0.030172244103177502,-2.0029569761743717,0.0029699974589538457,0.0029699974589538457
412.0,-0.030199,-1.999987,-0.15793303656141688,831.5600757361154,-0.030210245061887533,-2.0029568322957876,0.0029698535850307558,0.0029698535850307558
413.0,-0.030238,-1.999987,-0.15797203829777118,831.5600367343791,-0.030249245947598837,-2.00295668461168,0.0029697059053358232,0.0029697059053358224
414.0,-0.030275,-1.999987,-0.15800904022910345,831.5599997324477,-0.030286247070838036,-2.002956544481674,0.002969565780588818,0.0029695657805888145
415.0,-0.030313,-1.999987,-0.15804704188849428,831.5599617307884,-0.030324247899457275,-2.0029564005469833,0.002969421850069011,0.0029694218500690107
416.0,-0.030351,-1.999987,-0.1580850437570689,831.5599237289198,-0.030362248936396934,-2.0029562565926344,0.0029692779006811306,0.0029692779006811267
417.0,-0.03039,-1.999987,-0.15812404514201717,831.5598847275348,-0.03040124946663316,-2.002956108832415,0.002969130143530837,0.0029691301435308248
418.0,-0.030428,-1.999987,-0.158162047241035,831.5598467254358,-0.03043925073201454,-2.002955964838963,0.0029689861559073706,0.0029689861559073698
419.0,-0.030466,-1.999987,-0.1582000489351003,831.5598087237418,-0.030477251591437316,-2.002955820828178,0.0029688421494133204,0.0029688421494133204
420.0,-0.030504,-1.999987,-0.1582380509221366,831.5597707217547,-0.030515252742831532,-2.002955676797414,0.002968698124048086,0.002968698124048078
421.0,-0.030542,-1.999987,-0.15827605257391042,831.5597327201029,-0.030553253558152405,-2.00295553274905,0.002968554079809314,0.0029685540798093124
422.0,-0.03058,-1.999987,-0.158314054222501,831.5596947184544,-0.03059125436940254,-2.0029553886818268,0.002968410016697176,0.002968410016697176
423.0,-0.030619,-1.999987,-0.15835305622704254,831.5596557164498,-0.030630255513548667,-2.002955240802553,0.0029682621428246962,0.0029682621428246906
424.0,-0.030657,-1.999987,-0.15839105757595462,831.5596177151009,-0.030668256023301334,-2.002955096698225,0.0029681180414658525,0.002968118041465843
425.0,-0.030695,-1.999987,-0.15842905959198106,831.5595797130849,-0.0307062571992581,-2.002954952572493,0.0029679739212300914,0.0029679739212300914
426.0,-0.030733,-1.999987,-0.158467062230784,831.5595417104461,-0.030744258997216764,-2.002954808425522,0.0029678297821165277,0.0029678297821163963
427.0,-0.030771,-1.999987,-0.15850506382173535,831.5595037088551,-0.03078225974642904,-2.0029546642636507,0.0029676856241251464,0.0029676856241250627
428.0,-0.030809,-1.999987,-0.15854306528069628,831.5594657073962,-0.030820260362641703,-2.0029545200834034,0.002967541447253825,0.0029675414472537984
429.0,-0.030848,-1.999987,-0.15858206672351116,831.5594267059533,-0.03085926093987357,-2.002954372089515,0.002967393456621533,0.002967393456621533
430.0,-0.030886,-1.999987,-0.15862006896304592,831.5593887037138,-0.03089726233515706,-2.002954227868051,0.002967249241491501,0.0029672492414914613
431.0,-0.030925,-1.999986,-0.1586590740819247,831.5593496985949,-0.030936266586611853,-2.002954079820947,0.002968101204387567,0.0029681012043875667
432.0,-0.030963,-1.999986,-0.15869707600802485,831.5593116966688,-0.030974267666647893,-2.002953935562412,0.002967956950992115,0.0029679569509921113
433.0,-0.031001,-1.999986,-0.15873507764536043,831.5592736950315,-0.03101226845731434,-2.002953791286091,0.002967812678712748,0.0029678126787127486
434.0,-0.031039,-1.999986,-0.1587730790807882,831.5592356935961,-0.031050269045154948,-2.0029536469916533,0.0029676683875473047,0.002967668387547286
435.0,-0.031077,-1.999986,-0.15881108117878284,831.5591976914981,-0.03108827029494329,-2.002953502675815,0.002967524077495714,0.002967524077495714
436.0,-0.031115,-1.999986,-0.15884908275563703,831.5591596899212,-0.031126271022627463,-2.002953358343071,0.002967379748556588,0.0029673797485565805
437.0,-0.031153,-1.999986,-0.15888708469924495,831.5591216879776,-0.03116427211641854,-2.002953213990047,0.0029672354007291464,0.002967235400729146
438.0,-0.031191,-1.999986,-0.15892508647357317,831.5590836862033,-0.031202273040153796,-2.00295306961878,0.002967091034013008,0.002967091034013008
439.0,-0.031229,-1.999986,-0.15896308824630978,831.5590456844305,-0.03124027396148021,-2.0029529252286293,0.0029669466484054663,0.002966946648405466
440.0,-0.031268,-1.999986,-0.15900208967946128,831.5590066829974,-0.03127927452014088,-2.0029527770205644,0.0029667984435335585,0.0029667984435335255
441.0,-0.031306,-1.999986,-0.1590400922785875,831.5589686803983,-0.03131727626638554,-2.002952632588997,0.0029666540196459116,0.0029666540196458873
442.0,-0.031345,-1.999986,-0.15907909287170696,831.5589296798051,-0.03135627598366591,-2.002952484344838,0.002966505775483473,0.0029665057754833498
443.0,-0.031383,-1.999986,-0.15911709547026476,831.5588916772066,-0.03139427772795453,-2.0029523398749904,0.0029663613133106134,0.002966361313310613
444.0,-0.031421,-1.999986,-0.15915509746798762,831.5588536752089,-0.03143227887073917,-2.002952195388533,0.002966216832242577,0.0029662168322425716
445.0,-0.031459,-1.999986,-0.15919309906792023,831.5588156736089,-0.03147027961512991,-2.002952050884693,0.002966072332278021,0.0029660723322780212
446.0,-0.031496,-1.999986,-0.15923010083895406,831.5587786718379,-0.031507280552419255,-2.002951910164619,0.002965931616786512,0.0029659316167865114
447.0,-0.031535,-1.999986,-0.15926910296741426,831.5587396697094,-0.03154628180131694,-2.0029517618176653,0.002965783275656234,0.0029657832756562153
448.0,-0.031573,-1.999986,-0.15930710444547458,831.5587016682314,-0.03158428242189553,-2.0029516172575996,0.002965638718997361,0.002965638718997361
449.0,-0.031611,-1.999986,-0.15934510627880627,831.558663666398,-0.03162228339691012,-2.002951472677285,0.002965494143438532,0.0029654941434385305
450.0,-0.03165,-1.999986,-0.1593841080216407,831.5586246646552,-0.03166128425829929,-2.0029513242730994,0.0029653457436052306,0.0029653457436052306
451.0,-0.031688,-1.999986,-0.1594221096494266,831.5585866630274,-0.03169928502661401,-2.002951179655268,0.002965201129744865,0.0029652011297448605
452.0,-0.031726,-1.999986,-0.15946011181461017,831.5585486608622,-0.03173728633160334,-2.00295103501649,0.002965056496981656,0.0029650564969816483
453.0,-0.031764,-1.999986,-0.15949811337520714,831.5585106593016,-0.03177528703164333,-2.00295089036111,0.0029649118453144293,0.0029649118453144293
454.0,-0.031802,-1.999986,-0.15953611509507937,831.5584726575818,-0.03181328789006988,-2.002950745686221,0.0029647671747420603,0.00296476717474206
455.0,-0.03184,-1.999986,-0.15957411700276225,831.5584346556741,-0.03185128893596887,-2.002950600991711,0.0029646224852631774,0.002964622485263177
456.0,-0.031878,-1.999986,-0.15961211877481674,831.558396653902,-0.03188928984553646,-2.0029504562788127,0.0029644777768781253,0.0029644777768781257
457.0,-0.031916,-1.999986,-0.1596501205133336,831.5583586521635,-0.03192729072094396,-2.002950311547135,0.0029643330495841744,0.0029643330495841744
458.0,-0.031954,-1.999986,-0.1596881222386628,831.5583206504382,-0.031965291582744984,-2.002950166796599,0.002964188303380966,0.0029641883033809653
459.0,-0.031993,-1.999986,-0.15972712409711676,831.5582816485797,-0.03200429255431484,-2.002950018216843,0.002964039728404371,0.00296403972840437
460.0,-0.032031,-1.999986,-0.15976512598126646,831.5582436466956,-0.03204229357372653,-2.002949873427387,0.0029638949438834266,0.0029638949438834266
461.0,-0.032069,-1.999986,-0.15980312775081984,831.558205644926,-0.03208029447805902,-2.0029497286194564,0.00296375014045034,0.0029637501404503395
462.0,-0.032107,-1.999986,-0.15984112943829132,831.5581676432386,-0.0321182952997899,-2.002949583792927,0.00296360531810438,0.0029636053181043786
463.0,-0.032145,-1.999986,-0.1598791313294896,831.5581296413474,-0.03215629632488789,-2.002949438946707,0.002963460476843929,0.002963460476843929
464.0,-0.032183,-1.999986,-0.1599171331283742,831.5580916395485,-0.0321942972570949,-2.0029492940819256,0.0029633156166687206,0.0029633156166687206
465.0,-0.032221,-1.999986,-0.15995513489428959,831.5580536377826,-0.032232298155717994,-2.002949149198355,0.002963170737577371,0.002963170737577371
466.0,-0.03226,-1.999986,-0.15999413670454032,831.5580146359723,-0.032271299075395186,-2.0029490004823987,0.002963022026208919,0.0029630220262089188
467.0,-0.032298,-1.999986,-0.16003213854560272,831.5579766341313,-0.0323093000482951,-2.002948855560211,0.0029628771087854607,0.0029628771087854607
468.0,-0.032336,-1.999986,-0.1600701403341418,831.5579386323427,-0.03234730096816757,-2.002948710619306,0.0029627321724431856,0.0029627321724431856
469.0,-0.032374,-1.999986,-0.16010814201433732,831.5579006306625,-0.03238530177939528,-2.002948565659894,0.0029625872171803393,0.0029625872171803384
470.0,-0.032412,-1.999986,-0.16014614385676396,831.5578626288201,-0.032423302752324544,-2.002948420680944,0.0029624422429970583,0.0029624422429970583
471.0,-0.03245,-1.999986,-0.16018414571783524,831.557824626959,-0.03246130374344859,-2.002948275683002,0.002962297249892655,0.002962297249892655
472.0,-0.032488,-1.999986,-0.16022214744714347,831.5577866252297,-0.03249930460237231,-2.002948130666641,0.0029621522378651785,0.0029621522378651785
473.0,-0.032527,-1.999986,-0.16026114931548818,831.5577476233614,-0.03253830557711751,-2.0029479818140254,0.0029620033900539665,0.0029620033900539665
474.0,-0.032565,-1.999986,-0.1602991511433629,831.5577096215335,-0.032576306533787264,-2.0029478367589433,0.002961858339680286,0.002961858339680286
475.0,-0.032603,-1.999986,-0.160337152930083,831.5576716197468,-0.03261430744880441,-2.0029476916850926,0.0029617132703799462,0.0029617132703799454
476.0,-0.032641,-1.999986,-0.16037515463062846,831.5576336180462,-0.032652308277447244,-2.0029475465926447,0.002961568182153538,0.002961568182153538
477.0,-0.032679,-1.999986,-0.16041315646509702,831.5575956162118,-0.032690309239591646,-2.0029474014807582,0.002961423074999065,0.002961423074999065
478.0,-0.032717,-1.999986,-0.16045115817132682,831.5575576145055,-0.032728310073205216,-2.002947256350433,0.0029612779489160148,0.002961277948916013
479.0,-0.032756,-1.999986,-0.16049016011027106,831.5575186125666,-0.032767311116059,-2.0029471073804896,0.002961128984042488,0.002961128984042488
480.0,-0.032794,-1.999986,-0.16052816188175711,831.5574806107951,-0.03280531201415486,-2.0029469622115585,0.002960983819601463,0.002960983819601463
481.0,-0.032832,-1.999986,-0.16056616372065946,831.5574426089562,-0.03284331297942899,-2.002946817023438,0.0029608386362284305,0.0029608386362284305
482.0,-0.03287,-1.999986,-0.16060416549703405,831.5574046071798,-0.03288131388173583,-2.0029466718166242,0.0029606934339226464,0.0029606934339226464
483.0,-0.032908,-1.999986,-0.16064216732524983,831.5573666053516,-0.032919314835688815,-2.002946526590679,0.0029605482126837403,0.0029605482126837403
484.0,-0.032946,-1.999986,-0.1606801691726787,831.5573286035042,-0.03295731580849078,-2.0029463813457267,0.0029604029725103283,0.002960402972510327
485.0,-0.032984,-1.999986,-0.1607181710074883,831.5572906016694,-0.032995316768372474,-2.0029462360818866,0.0029602577134008917,0.002960257713400889
486.0,-0.033023,-1.999986,-0.16075717275657553,831.5572515999203,-0.03303431761921331,-2.002946086976136,0.0029601086119930608,0.0029601086119930608
487.0,-0.033061,-1.999986,-0.1607951745165792,831.5572135981603,-0.033072318503701986,-2.00294594167421,0.0029599633145111328,0.0029599633145111328
488.0,-0.033099,-1.999986,-0.16083317620973503,831.5571755964671,-0.03311031932108045,-2.002945796353602,0.002959817998091445,0.002959817998091443
489.0,-0.033137,-1.999986,-0.16087117810559448,831.5571375945713,-0.033148320340982286,-2.002945651013279,0.002959672662731815,0.002959672662731815
490.0,-0.033175,-1.999986,-0.16090917986082331,831.557099592816,-0.0331863212199552,-2.0029455056545533,0.002959527308431885,0.002959527308431884
491.0,-0.033213,-1.999986,-0.1609471816319683,831.5570615910449,-0.03322432211455502,-2.0029453602768257,0.002959381935190442,0.002959381935190441
492.0,-0.033251,-1.999985,-0.1609851873288335,831.557023585348,-0.033262326934603084,-2.002945214865134,0.0029602365356857906,0.0029602365356857906
493.0,-0.03329,-1.999985,-0.16102418910702454,831.5569845835698,-0.03330132781275505,-2.0029450656226877,0.0029600872976924073,0.002960087297692407
494.0,-0.033328,-1.999985,-0.1610621909708243,831.556946581706,-0.033339328799452686,-2.0029449201872747,0.002959941867120648,0.0029599418671206476
495.0,-0.033366,-1.999985,-0.16110019277721221,831.5569085798996,-0.03337732972856489,-2.0029447747331353,0.0029597964176030457,0.0029597964176030457
496.0,-0.033404,-1.999985,-0.16113819456631973,831.5568705781105,-0.03341533064017787,-2.002944629260116,0.002959650949139326,0.0029596509491393265
497.0,-0.033442,-1.999985,-0.16117619641727288,831.5568325762596,-0.03345333161354457,-2.002944483767912,0.002959505461728269,0.0029595054617282683
498.0,-0.03348,-1.999985,-0.16121419814874116,831.5567945745281,-0.03349133246701432,-2.0029443382572176,0.0029593599553689094,0.0029593599553689094
499.0,-0.033518,-1.999985,-0.16125219992579787,831.556756572751,-0.03352933336608823,-2.002944192727399,0.0029592144300607617,0.0029592144300607617
500.0,-0.033557,-1.999985,-0.1612912018821362,831.5567175707947,-0.03356833442117414,-2.0029440433476355,0.002959065055433907,0.002959065055433905
501.0,-0.033595,-1.999985,-0.16132920360962544,831.5566795690672,-0.033606335270410646,-2.002943897779605,0.002958919491724535,0.002958919491724535
502.0,-0.033633,-1.999985,-0.16136720541078375,831.5566415672661,-0.03364433619309511,-2.002943752192341,0.0029587739090638767,0.0029587739090638763
503.0,-0.033671,-1.999985,-0.16140520714122886,831.5566035655356,-0.03368233704499468,-2.0029436065863937,0.00295862830744958,0.00295862830744958
504.0,-0.033709,-1.999985,-0.16144320892703945,831.5565655637498,-0.03372033795223953,-2.0029434609612795,0.0029584826868813085,0.002958482686881308
505.0,-0.033747,-1.999985,-0.16148121078424538,831.5565275618926,-0.03375833893075872,-2.002943315316936,0.002958337047357581,0.002958337047357581
506.0,-0.033785,-1.999985,-0.16151921253231194,831.5564895601445,-0.03379633979992797,-2.0029431696540545,0.0029581913888779934,0.002958191388877993
507.0,-0.033824,-1.999985,-0.16155821440736418,831.5564505582695,-0.03383534077284597,-2.0029430201379164,0.0029580418775683463,0.0029580418775683463
508.0,-0.033862,-1.999985,-0.1615962162456981,831.5564125564312,-0.033873341732325396,-2.002942874436272,0.002957896180673547,0.0029578961806735462
509.0,-0.0339,-1.999985,-0.16163421803435085,831.5563745546425,-0.033911342641960635,-2.00294272871586,0.002957750464821307,0.0029577504648213068
510.0,-0.033939,-1.999985,-0.1616732199230455,831.5563355527538,-0.03395034362845404,-2.0029425791407807,0.002957600894625234,0.002957600894625233
511.0,-0.033976,-1.999985,-0.16171022152104797,831.5562985511558,-0.03398734437047975,-2.002942437218499,0.00295745897623388,0.002957458976233879
512.0,-0.034014,-1.999985,-0.16174822333607608,831.5562605493408,-0.03402534530623783,-2.002942291441101,0.0029573132034980028,0.0029573132034980023
513.0,-0.034052,-1.999985,-0.16178622518589236,831.556222547491,-0.03406334627694208,-2.0029421456446044,0.0029571674117986058,0.0029571674117986058
514.0,-0.03409,-1.999985,-0.1618242269809116,831.5561845456959,-0.03410134719284235,-2.002941999829353,0.0029570216011350586,0.002957021601135059
515.0,-0.034129,-1.999985,-0.16186322877092607,831.5561455439059,-0.03414034808044999,-2.002941850157339,0.0029568719336296036,0.002956871933629603
516.0,-0.034167,-1.999985,-0.16190123062096973,831.5561075420559,-0.034178349051318946,-2.0029417043034448,0.002956726084535931,0.002956726084535931
517.0,-0.034205,-1.999985,-0.16193923240814456,831.5560695402687,-0.03421634995935015,-2.002941558430824,0.0029565802164756073,0.0029565802164756077
518.0,-0.034243,-1.999985,-0.16197723421885257,831.556031538458,-0.03425435089089143,-2.0029414125391445,0.0029564343294474415,0.0029564343294474415
519.0,-0.034281,-1.999985,-0.16201523597055711,831.5559935367063,-0.03429235176349104,-2.0029412666287216,0.0029562884234506075,0.0029562884234506075
520.0,-0.034319,-1.999985,-0.16205323774806857,831.5559555349288,-0.03433035266216085,-2.0029411206992274,0.002956142498483317,0.0029561424984833164
521.0,-0.034357,-1.999985,-0.1620912396034555,831.5559175330734,-0.034368353638502346,-2.0029409747504636,0.0029559965545457403,0.0029559965545457403
522.0,-0.034396,-1.999985,-0.16213024141518417,831.5558785312617,-0.034407354548150026,-2.00294082494157,0.002955846750251253,0.002955846750251253
523.0,-0.034434,-1.999985,-0.1621682433172964,831.5558405293596,-0.03444535557147383,-2.0029406789541793,0.0029557007678691553,0.0029557007678691545
524.0,-0.034472,-1.999985,-0.16220624500158465,831.5558025276753,-0.034483356377103924,-2.0029405329486503,0.00295555476651319,0.00295555476651319
525.0,-0.034511,-1.999985,-0.16224524680512786,831.5557635258717,-0.034522357278812296,-2.0029403830808516,0.002955404903285976,0.002955404903285975
526.0,-0.034548,-1.999985,-0.1622822486011728,831.5557265240757,-0.03455935821936127,-2.0029402408797776,0.002955262706876743,0.002955262706876743
527.0,-0.034586,-1.999985,-0.16232025039073505,831.5556885222861,-0.0345973591306627,-2.0029400948169127,0.0029551166485934774,0.0029551166485934774
528.0,-0.034624,-1.999985,-0.16235825225248846,831.5556505204244,-0.03463536011405,-2.0029399487347925,0.0029549705713329505,0.00295497057133295
529.0,-0.034663,-1.999985,-0.16239725398031624,831.5556115186965,-0.03467436094062508,-2.002939798789373,0.0029548206301994013,0.0029548206301994004
530.0,-0.034701,-1.999985,-0.16243525583388418,831.555573516843,-0.034712361916232407,-2.0029396526688226,0.0029546745144806348,0.0029546745144806348
531.0,-0.034739,-1.999985,-0.1624732575979806,831.5555355150789,-0.03475036280250988,-2.0029395065296343,0.0029545283797812716,0.0029545283797812716
532.0,-0.034777,-1.999985,-0.16251125821202095,831.5554975144648,-0.03478836253883041,-2.0029393603758865,0.0029543822261003092,0.0029543822261000677
533.0,-0.034815,-1.999985,-0.16254926190833885,831.5554595107685,-0.03482636535760228,-2.002939214191299,0.0029542360534368416,0.0029542360534367557
534.0,-0.034853,-1.999985,-0.16258726286071123,831.5554215098161,-0.034864365432748234,-2.0029390679982804,0.002954089861789295,0.002954089861789292
535.0,-0.034891,-1.999985,-0.1626252647090496,831.5553835079678,-0.03490236640391505,-2.0029389217828295,0.0029539436511574137,0.0029539436511574124
536.0,-0.034929,-1.999985,-0.16266326751110682,831.5553455051657,-0.03494036832897953,-2.0029387755447208,0.0029537974215397486,0.002953797421539598
537.0,-0.034968,-1.999985,-0.1627022684323265,831.5553065042445,-0.03497936835052415,-2.002938625446018,0.0029536473240316095,0.0029536473240316095
538.0,-0.035006,-1.999985,-0.1627402702205245,831.5552685024563,-0.035017369262202856,-2.002938479173334,0.0029535010559402276,0.0029535010559402276
539.0,-0.035044,-1.999985,-0.1627782719986044,831.5552305006782,-0.035055370163978056,-2.0029383328816985,0.0029533547688605317,0.0029533547688605313
540.0,-0.035082,-1.999985,-0.1628162738335277,831.5551924988433,-0.035093371123078795,-2.002938186570852,0.002953208462791133,0.0029532084627911324
541.0,-0.03512,-1.999985,-0.16285427555953902,831.5551544971173,-0.03513137197316259,-2.002938040241434,0.0029530621377314736,0.0029530621377314736
542.0,-0.035158,-1.999985,-0.16289227741208379,831.5551164952648,-0.03516937295036619,-2.0029378938925335,0.0029529157936795886,0.0029529157936795877
543.0,-0.035196,-1.999985,-0.1629302791321834,831.5550784935447,-0.03520737379520601,-2.0029377475251504,0.0029527694306362394,0.00295276943063624
544.0,-0.035235,-1.999985,-0.16296928099120578,831.5550394916856,-0.03524637475623695,-2.00293759728588,0.002952619196182654,0.002952619196182654
545.0,-0.035273,-1.999985,-0.16300728266901388,831.5550014900078,-0.035284375559526134,-2.0029374508801676,0.002952472794651566,0.002952472794651565
546.0,-0.035311,-1.999985,-0.16304528452917566,831.5549634881477,-0.035322376545430155,-2.002937304454755,0.0029523263741247016,0.0029523263741247016
547.0,-0.035349,-1.999985,-0.16308328634113423,831.5549254863357,-0.035360377483352586,-2.0029371580105293,0.002952179934600922,0.002952179934600922
548.0,-0.035387,-1.999985,-0.16312128808942816,831.5548874845874,-0.035398378357867466,-2.00293701154755,0.0029520334760802028,0.0029520334760802023
549.0,-0.035425,-1.999985,-0.16315928991002693,831.5548494827668,-0.03543637930508396,-2.002936865065292,0.0029518869985613425,0.002951886998561342
550.0,-0.035463,-1.999985,-0.16319729171380004,831.554811480963,-0.03547438023586495,-2.0029367185640963,0.0029517405020427346,0.0029517405020427346
551.0,-0.035502,-1.999985,-0.16323629352064017,831.5547724791562,-0.03551338114705186,-2.002936568188018,0.0029515901305955006,0.0029515901305955006
552.0,-0.03554,-1.999984,-0.1632742991341729,831.5547344735427,-0.03555138588824371,-2.0029364216336245,0.002952443588139358,0.0029524435881393574
553.0,-0.035578,-1.999984,-0.163312300939765,831.5546964717371,-0.03558938682192028,-2.0029362750749087,0.0029522970341143828,0.0029522970341143828
554.0,-0.035616,-1.999984,-0.1633503026685048,831.5546584700083,-0.035627387679102285,-2.0029361284974847,0.00295215046108709,0.0029521504610870893
555.0,-0.035654,-1.999984,-0.16338830445363328,831.5546204682232,-0.03566538859302121,-2.0029359819008365,0.0029520038690553333,0.0029520038690553333
556.0,-0.035692,-1.999984,-0.16342630629981159,831.554582466377,-0.035703389568504225,-2.0029358352849442,0.002951857258017841,0.0029518572580178406
557.0,-0.03573,-1.999984,-0.16346430804969714,831.5545444646272,-0.03574139044804695,-2.0029356886504157,0.0029517106279748594,0.002951710627974859
558.0,-0.035768,-1.999984,-0.16350230977309366,831.5545064629038,-0.035779391301449776,-2.0029355419969797,0.0029515639789242996,0.0029515639789242988
559.0,-0.035806,-1.999984,-0.16354031159858096,831.5544684610783,-0.03581739225752437,-2.0029353953241382,0.0029514173108655044,0.0029514173108655044
560.0,-0.035844,-1.999984,-0.1635783133684754,831.5544304593084,-0.035855393158354745,-2.0029352486325,0.002951270623797404,0.0029512706237974033
561.0,-0.035883,-1.999984,-0.16361731520805733,831.5543914574688,-0.035894394106418634,-2.0029350980606964,0.00295112005677624,0.0029511200567762406
562.0,-0.035921,-1.999984,-0.1636553170155821,831.5543534556613,-0.035932395045816856,-2.002934951330386,0.0029509733311866688,0.002950973331186669
563.0,-0.035959,-1.999984,-0.16369331877615423,831.5543154539007,-0.035970395938694104,-2.002934804581242,0.002950826586584965,0.0029508265865849656
564.0,-0.035997,-1.999984,-0.16373132059118234,831.5542774520857,-0.036008396886516,-2.002934657812872,0.002950679822970394,0.0029506798229703935
565.0,-0.036035,-1.999984,-0.16376932230866714,831.5542394503682,-0.036046397737328345,-2.0029345110258623,0.002950533040342239,0.0029505330403422386
566.0,-0.036073,-1.999984,-0.16380732410834753,831.5542014485685,-0.03608439867083343,-2.0029343642195165,0.002950386238698299,0.002950386238698299
567.0,-0.036111,-1.999984,-0.16384532588722323,831.5541634467896,-0.03612239958401319,-2.002934217394232,0.0029502394180380997,0.0029502394180380997
568.0,-0.036149,-1.999984,-0.1638833276672358,831.5541254450096,-0.03616040049886348,-2.0029340705499243,0.0029500925783617913,0.0029500925783617917
569.0,-0.036188,-1.999984,-0.163922329463162,831.5540864432137,-0.0361994014072816,-2.0029339198216336,0.0029499418547074643,0.0029499418547074643
570.0,-0.036226,-1.999984,-0.163960331253179,831.5540484414237,-0.03623740233316873,-2.0029337729387433,0.0029497949764931302,0.0029497949764931302
571.0,-0.036264,-1.999984,-0.16399833305024458,831.5540104396266,-0.036275403266777,-2.002933626036803,0.00294964807925945,0.00294964807925945
572.0,-0.036303,-1.999984,-0.16403733486129113,831.5539714378156,-0.03631440419201747,-2.0029334752493693,0.0029494972965299626,0.002949497296529963
573.0,-0.03634,-1.999984,-0.1640743365584285,831.5539344361184,-0.03635140504939331,-2.0029333321761817,0.002949354227727269,0.002949354227727269
574.0,-0.036378,-1.999984,-0.16411233825681393,831.55389643442,-0.03638940588595136,-2.0029331852175476,0.0029492072734271647,0.0029492072734271634
575.0,-0.036416,-1.999984,-0.16415034012629803,831.5538584325506,-0.03642740689408745,-2.002933038239225,0.00294906030010328,0.00294906030010328
576.0,-0.036454,-1.999984,-0.16418834189096287,831.5538204307859,-0.03646540779806367,-2.0029328912422804,0.002948913307755,0.0029489133077549995
577.0,-0.036493,-1.999984,-0.16422734365687575,831.55378142902,-0.036504408681205344,-2.002932740357383,0.002948762427403319,0.0029487624274033186
578.0,-0.036531,-1.999984,-0.16426534546531002,831.5537434272115,-0.03654240963016681,-2.002932593321708,0.002948615396500958,0.0029486153965009583
579.0,-0.036569,-1.999984,-0.16430334719882467,831.553705425478,-0.03658041050497301,-2.002932446267292,0.0029484683465710853,0.0029484683465710853
580.0,-0.036608,-1.999984,-0.16434234904522782,831.5536664236316,-0.0366194114705074,-2.0029322953229736,0.0029483174071200406,0.0029483174071200406
581.0,-0.036645,-1.999984,-0.16437935074816323,831.5536294219287,-0.03665641233847106,-2.002932152101045,0.0029481741896240934,0.0029481741896240934
582.0,-0.036684,-1.999984,-0.16441835255864135,831.5535904201182,-0.03669541326958001,-2.002932001117796,0.0029480232111109878,0.002948023211110988
583.0,-0.036721,-1.999984,-0.16445535429875235,831.5535534183781,-0.03673241417590212,-2.0029318578586564,0.002947879956554137,0.0029478799565541376
584.0,-0.03676,-1.999984,-0.1644943560994534,831.5535144165774,-0.03677141509867863,-2.002931706836372,0.002947728938975146,0.0029477289389751456
585.0,-0.036798,-1.999984,-0.16453235782705633,831.5534764148498,-0.036809415971348056,-2.00293155966727,0.0029475817743566234,0.002947581774356623
586.0,-0.036836,-1.999984,-0.16457035961673228,831.5534384130601,-0.03684741690676943,-2.00293141247889,0.0029474345907036636,0.0029474345907036636
587.0,-0.036874,-1.999984,-0.1646083614134568,831.5534004112634,-0.03688541785003722,-2.0029312652714433,0.0029472873880154876,0.0029472873880154876
588.0,-0.036912,-1.999984,-0.16464636311707181,831.5533624095598,-0.03692341870090625,-2.002931118045317,0.002947140166290504,0.002947140166290504
589.0,-0.03695,-1.999984,-0.16468436480067794,831.5533244078762,-0.03696141953246942,-2.0029309708002265,0.0029469929255275967,0.0029469929255275954
590.0,-0.036988,-1.999984,-0.16472236666550089,831.5532864060114,-0.03699942054602508,-2.0029308235353915,0.0029468456657261635,0.002946845665726163
591.0,-0.037026,-1.999984,-0.16476036841299901,831.5532484042639,-0.03703742144280064,-2.0029306762519687,0.00294669838688528,0.0029466983868852797
592.0,-0.037064,-1.999984,-0.16479837011968357,831.5532104025572,-0.03707542229969321,-2.0029305289496597,0.002946551089004437,0.002946551089004437
593.0,-0.037102,-1.999984,-0.1648363719355075,831.5531724007413,-0.03711342326649333,-2.002930381627881,0.0029464037720807845,0.0029464037720807845
594.0,-0.037141,-1.999984,-0.16487537398018048,831.5531333986967,-0.0371524244404426,-2.0029302304087078,0.0029462525585960656,0.002946252558596053
595.0,-0.037179,-1.999984,-0.1649133752441685,831.5530953974327,-0.03719042485698436,-2.0029300830504746,0.0029461052030860867,0.002946105203086079
596.0,-0.037217,-1.999984,-0.16495137722472464,831.5530573954521,-0.03722842599082801,-2.002929935670414,0.0029459578285311655,0.0029459578285311655
597.0,-0.037255,-1.999984,-0.1649893789460748,831.5530193937308,-0.03726642686628914,-2.002929788272309,0.0029458104349308514,0.0029458104349308514
598.0,-0.037293,-1.999984,-0.16502738069596035,831.5529813919809,-0.03730442777102916,-2.002929640855044,0.0029456630222847516,0.002945663022284752
599.0,-0.037331,-1.999984,-0.16506538244220792,831.5529433902346,-0.037342428672965645,-2.002929493418741,0.002945515590590553,0.0029455155905905536
600.0,-0.037369,-1.999984,-0.165103384206418,831.5529053884704,-0.03738042959378701,-2.0029293459633153,0.002945368139848039,0.002945368139848039
601.0,-0.037407,-1.999984,-0.16514138597221972,831.5528673867046,-0.03741843051693554,-2.002929198488831,0.0029452206700569233,0.0029452206700569233
602.0,-0.037446,-1.999984,-0.1651803877830389,831.5528283848938,-0.03745743146388547,-2.0029290471136303,0.0029450692996717005,0.0029450692996717005
603.0,-0.037484,-1.999984,-0.16521838953963197,831.5527903831372,-0.037495432379537466,-2.00292889960057,0.002944921791277059,0.002944921791277059
604.0,-0.037522,-1.999984,-0.16525639124290592,831.552752381434,-0.03753343324280525,-2.002928752068659,0.0029447742638296723,0.0029447742638296723
605.0,-0.03756,-1.999984,-0.16529439297414683,831.5527143797027,-0.0375714341349055,-2.0029286045175825,0.0029446267173290864,0.0029446267173290864
606.0,-0.037598,-1.999984,-0.16533239475700157,831.5526763779199,-0.03760943507948041,-2.0029284569472474,0.0029444791517747896,0.0029444791517747896
607.0,-0.037636,-1.999984,-0.1653703964551596,831.5526383762217,-0.03764743594029797,-2.0029283093581807,0.002944331567164415,0.002944331567164415
608.0,-0.037674,-1.999984,-0.1654083981736676,831.5526003745032,-0.03768543682232497,-2.002928161749975,0.002944183963498359,0.0029441839634983587
609.0,-0.037712,-1.999984,-0.1654463999309428,831.5525623727459,-0.03772343774406279,-2.0029280141225563,0.002944036340774371,0.0029440363407743707
610.0,-0.03775,-1.999984,-0.1654844016742345,831.5525243710026,-0.03776143865276344,-2.0029278664761296,0.002943888698992722,0.0029438886989927226
611.0,-0.037789,-1.999984,-0.16552340346993333,831.5524853692069,-0.03780043959281976,-2.002927714924423,0.0029437371520830593,0.002943737152083059
612.0,-0.037827,-1.999984,-0.16556140516979667,831.552447367507,-0.03783844046000359,-2.0029275672395346,0.002943589471680181,0.002943589471680181
613.0,-0.037865,-1.999983,-0.16559941082073237,831.5524093618561,-0.0378764452790393,-2.002927419520223,0.002944441764661495,0.002944441764661495
614.0,-0.037903,-1.999983,-0.16563741257186848,831.552371360105,-0.03791444619938731,-2.002927271797001,0.0029442940461332488,0.0029442940461332488
615.0,-0.037941,-1.999983,-0.165675414282191,831.5523333583947,-0.0379524470799413,-2.0029271240548696,0.002944146308541863,0.0029441463085418634
616.0,-0.037979,-1.999983,-0.16571341596579714,831.552295356711,-0.03799044793467872,-2.002926976293774,0.0029439985518865644,0.002943998551886564
617.0,-0.038017,-1.999983,-0.16575141775376778,831.5522573549231,-0.03802844889478539,-2.0029268285132025,0.0029438507761663634,0.0029438507761663634
618.0,-0.038055,-1.999983,-0.1657894194893288,831.5522193531875,-0.03806644980346491,-2.0029266807137645,0.002943702981380388,0.002943702981380388
619.0,-0.038093,-1.999983,-0.1658274211697517,831.5521813515071,-0.03810445065803885,-2.002926532895468,0.0029435551675265795,0.002943555167526579
620.0,-0.038132,-1.999983,-0.16586642294953435,831.5521423497273,-0.0381434515913014,-2.0029263811671703,0.0029434034440075454,0.002943403444007546
621.0,-0.03817,-1.999983,-0.16590442468088895,831.552104347996,-0.03818145249895859,-2.0029262333100273,0.0029432555915153134,0.002943255591515313
622.0,-0.038208,-1.999983,-0.1659424264419158,831.5520663462349,-0.03821945343721423,-2.002926085433694,0.002943107719952624,0.0029431077199526235
623.0,-0.038246,-1.999983,-0.1659804281173365,831.5520283445595,-0.038257454291013605,-2.0029259375386177,0.002942959829319356,0.0029429598293193564
624.0,-0.038284,-1.999983,-0.16601842986722204,831.5519903428096,-0.03829545522033152,-2.002925789624175,0.0029428119196141626,0.0029428119196141626
625.0,-0.038322,-1.999983,-0.1660564316084674,831.5519523410684,-0.03833345614208864,-2.0029256416906875,0.0029426639908361266,0.002942663990836126
626.0,-0.03836,-1.999983,-0.1660944332912777,831.5519143393856,-0.03837145700641455,-2.0029254937383487,0.002942516042983793,0.002942516042983793
627.0,-0.038398,-1.999983,-0.16613243502456498,831.5518763376523,-0.038409457922391095,-2.002925345766733,0.0029423680760564197,0.0029423680760564193
628.0,-0.038436,-1.999983,-0.16617043673045373,831.5518383359464,-0.038447458812079324,-2.0029251977761433,0.0029422200900538526,0.0029422200900538526
629.0,-0.038475,-1.999983,-0.16620943850432468,831.5517993341725,-0.03848645974933118,-2.0029250458711325,0.002942068189845745,0.002942068189845745
630.0,-0.038513,-1.999983,-0.16624744019441096,831.5517613324824,-0.0385244606254899,-2.002924897841937,0.00294192016518625,0.00294192016518625
631.0,-0.038551,-1.999983,-0.1662854419330415,831.5517233307438,-0.038562461551223094,-2.0029247497934684,0.0029417721214477395,0.0029417721214477395
632.0,-0.038589,-1.999983,-0.16632344361721607,831.5516853290596,-0.038600462423607165,-2.002924601726127,0.0029416240586293543,0.0029416240586293543
633.0,-0.038628,-1.999983,-0.1663624454301953,831.5516463272467,-0.038639463404814174,-2.0029244497421,0.0029414720795803264,0.0029414720795803264
634.0,-0.038666,-1.999983,-0.16640044709515678,831.5516083255817,-0.03867746426033766,-2.002924301636158,0.002941323978097329,0.002941323978097329
635.0,-0.038703,-1.999983,-0.16643744876114397,831.5515713239157,-0.038714465139383085,-2.0029241574092245,0.002941179755685919,0.002941179755685919
636.0,-0.038741,-1.999983,-0.16647545048647316,831.5515333221904,-0.03875246605762204,-2.0029240092653713,0.0029410316165381072,0.0029410316165381072
637.0,-0.038779,-1.999983,-0.16651345218792812,831.5514953204889,-0.03879046695322857,-2.0029238611025213,0.0029408834583061487,0.002940883458306149
638.0,-0.038818,-1.999983,-0.16655245394304075,831.5514563187338,-0.03882946788253546,-2.0029237090207626,0.0029407313813273935,0.0029407313813273935
639.0,-0.038856,-1.999983,-0.166590455681785,831.5514183169951,-0.03886746881777993,-2.0029235608190814,0.0029405831844206663,0.002940583184420666
640.0,-0.038895,-1.999983,-0.1666294573428786,831.551379315334,-0.03890646965563753,-2.0029234086979835,0.0029404310677478684,0.0029404310677478684
641.0,-0.038932,-1.999983,-0.1666664590200071,831.5513423136568,-0.03894347055277001,-2.002923264358981,0.0029402867333432024,0.0029402867333432024
642.0,-0.038971,-1.999983,-0.16670546077114068,831.5513033119057,-0.03898247148317657,-2.0029231121983373,0.002940134577487509,0.002940134577487509
643.0,-0.039009,-1.999983,-0.1667434624876023,831.5512653101893,-0.03902047240109948,-2.002922963919861,0.00293998630372181,0.00293998630372181
644.0,-0.039047,-1.999983,-0.16678146421929796,831.5512273084576,-0.03905847333563077,-2.002922815622228,0.002939838010864717,0.0029398380108647164
645.0,-0.039084,-1.999983,-0.16681846583753668,831.5511903068393,-0.039095474178844944,-2.0029226712090775,0.0029396936021053397,0.00293969360210534
646.0,-0.039122,-1.999983,-0.16685646753876426,831.5511523051381,-0.03913347508541114,-2.0029225228738676,0.0029395452715642607,0.0029395452715642602
647.0,-0.039161,-1.999983,-0.16689546927693755,831.5511133033999,-0.03917247600933582,-2.002922370615269,0.0029393930177328796,0.0029393930177328796
648.0,-0.039199,-1.999983,-0.16693347097179867,831.551075301705,-0.03921047691195683,-2.0029222222413807,0.0029392446484998143,0.002939244648499814
649.0,-0.039237,-1.999983,-0.1669714726120901,831.5510373000648,-0.03924847776155328,-2.0029220738486018,0.0029390962601699017,0.0029390962601699017
650.0,-0.039275,-1.999983,-0.1670094743012669,831.5509992983756,-0.03928647866114395,-2.002921925436529,0.002938947852742193,0.002938947852742193
651.0,-0.039313,-1.999983,-0.16704747594837954,831.5509612967285,-0.03932447952014105,-2.0029217770055157,0.002938799426216402,0.002938799426216402
652.0,-0.039352,-1.999983,-0.16708647774339624,831.5509222949335,-0.039363480507804784,-2.0029216246481476,0.0029386470738691447,0.0029386470738691447
653.0,-0.038757,-1.999983,-0.16649145119947661,831.5515173214774,-0.038768466431095445,-2.002923946883354,0.0029409692364509737,0.0029409692364509737
654.0,-0.03541,-1.999983,-0.16314429692988597,831.554864475747,-0.03542138666954435,-2.0029369228596763,0.002953944806045135,0.002953944806045135
655.0,-0.027063,-1.999983,-0.15479691042446575,831.5632118622524,-0.027074182997624006,-2.002968642628034,0.002985663571430832,0.0029856635714308292
656.0,-0.012847,-1.999983,-0.14058049142659002,831.5774282812503,-0.012857821133626393,-2.0030205847070848,0.003037603981701341,0.003037603981701341
657.0,0.00787,-1.999983,-0.11986294260429986,831.5981458300726,0.007859735260941605,-2.003091678322357,0.0031086952692020602,0.0031086952692020594
658.0,0.035641,-1.999983,-0.09209094972857201,831.6259178229483,0.03563152530957077,-2.003178667227333,0.0031956812728444785,0.003195681272844479
659.0,0.070376,-1.999984,-0.05735463351663839,831.6606541391602,0.070367567836719,-2.0032746043029497,0.0032906151066280373,0.0032906151066280373
660.0,0.11205,-1.999984,-0.0156799391960476,831.7023288334808,0.11204285868936198,-2.003371821377401,0.003387828904105759,0.0033878289041057072
661.0,0.160758,-1.999984,0.03303025857224963,0.03303025857224963,0.16075239628343263,-2.003462301206253,0.0034783057201835258,0.0034783057201834286
662.0,0.216359,-1.999985,0.08863310248509851,0.08863310248509851,0.21635519680067156,-2.0035367408997806,0.0035517429360104723,0.003551742936010472
663.0,0.279968,-1.999986,0.15224417723808645,0.15224417723808645,0.27996624958233135,-2.0035860704602673,0.0036000708858091495,0.00360007088580915
664.0,0.347436,-1.999986,0.21971426501949495,0.21971426501949495,0.3474363387005148,-2.00359907626411,0.0036130762799854014,0.0036130762799854014
665.0,0.4225,-1.999987,0.2947804049585091,0.2947804049585091,0.4225024699571075,-2.0035693495590725,0.003582350410565026,0.0035823504105650258
666.0,0.503536,-1.999988,0.37581843280616883,0.37581843280616883,0.5035404563490808,-2.003489417946696,0.003501420782552595,0.0035014207825525955
667.0,0.589973,-1.999988,0.4622572252040716,0.4622572252040716,0.589979143521989,-2.0033550240614555,0.00336702966623135,0.00336702966623135
668.0,0.681608,-1.999989,0.5538936743653788,0.5538936743653788,0.681615392985219,-2.0031640920797895,0.0031751006868086015,0.0031751006868086015
669.0,0.778279,-1.99999,0.6505656954164205,0.6505656954164205,0.7782870983509818,-2.0029170306266586,0.002927041829678293,0.0029270418296782927
670.0,0.87983,-1.999991,0.7521172345162194,0.7521172345162194,0.8798381964132149,-2.00261713892108,0.0026261517119160497,0.0026261517119160497
671.0,0.986108,-1.999992,0.8583952885948332,0.8583952885948332,0.9861156845811395,-2.002271005458297,0.002279018414084034,0.002279018414084034
672.0,1.096965,-1.999993,0.969251893838746,0.969251893838746,1.0969716327381416,-2.001888900575363,0.0018959121775221402,0.0018959121775221405
673.0,1.212259,-1.999995,1.084545154620752,1.084545154620752,1.2122641843711826,-2.0014851782394185,0.0014901872576764054,0.0014901872576763798
674.0,1.33185,-1.999996,1.2041352209644853,1.2041352209644853,1.33185356189826,-2.0010787069202474,0.0010827127792127115,0.0010827127792127113
675.0,1.455605,-1.999997,1.3278892489661651,1.3278892489661651,1.4556070239352767,-2.000693282520459,0.0006962854620131185,0.0006962854620131182
676.0,1.583382,-1.999999,1.4556655294038754,1.4556655294038754,1.5833828537992727,-2.000353687546552,0.0003546885741778936,0.0003546885741778936
677.0,1.715018,-2.0,1.5873011219996387,1.5873011219996387,1.7150181340945412,-2.000071205607717,7.120573398022508e-05,7.120573398022508e-05
678.0,1.850345,-2.000002,1.722628020540556,1.722628020540556,1.8503448014315458,-1.9998533187551906,0.00014868137740640017,-0.00014868137740640017
679.0,1.989031,-2.000003,1.8613140699043162,1.8613140699043162,1.9890307736838178,-1.9997075082098905,0.000295491876776853,-0.00029549187677685294
680.0,2.13086,-2.000005,2.0031431888705242,2.0031431888705242,2.130859935942029,-1.9996406445807213,0.00036435542490955634,-0.0003643554249095563
681.0,2.275566,-2.000007,2.147849482172823,2.147849482172823,2.2755661504806364,-1.999659156114496,0.0003478439180537072,-0.0003478439180537072
682.0,2.422981,-2.000009,2.295264552626769,2.295264552626769,2.422981253867409,-1.999768937943153,0.00024006219108031052,-0.00024006219108031052
683.0,2.572987,-2.000012,2.445270567221987,2.445270567221987,2.57298706195691,-1.999975486366459,3.6513686105651975e-05,-3.651368610565196e-05
684.0,2.725468,-2.000014,2.5977511834779423,2.5977511834779423,2.725467369207172,-2.000283868774717,0.00026986951192529485,0.00026986951190960336
685.0,2.880347,-2.000017,2.7526292636028047,2.7526292636028047,2.880344948331838,-2.0006987698390084,0.0006817729260711244,0.0006817729260711244
686.0,3.037549,-2.000019,2.9098297778117175,2.9098297778117175,3.0375445648965247,-2.001224417678392,0.0012054258374212758,0.0012054258374196293
687.0,3.197002,-2.000022,3.0692805595055224,3.0692805595055224,3.196993984301373,-2.001864534261724,0.0018425516972534668,0.0018425516972534666
688.0,3.358638,-2.000032,3.230913305739952,3.230913305739952,3.3586250062940888,-2.002621837445194,0.0025898700409330306,0.002589870040930034
689.0,3.522375,-2.000151,3.3946467002195453,3.3946467002195453,3.522356063347914,-2.0034962547926534,0.003345308390053737,0.0033453083900537085
690.0,3.687934,-2.000576,3.5602030251818286,3.5602030251818286,3.687909431218719,-2.0044853349856484,0.003909412187916133,0.00390941218791219
691.0,3.855308,-2.00161,3.727577844237441,3.727577844237441,3.855280618427384,-2.0055875494117865,0.003977643658464529,0.003977643658460791
692.0,4.024488,-2.003354,3.8967638675216065,3.8967638675216065,4.0244622868037965,-2.006801076369846,0.00344717227129854,0.0034471722712954827
693.0,4.195436,-2.005752,4.067723713282097,4.067723713282097,4.195417014595116,-2.0081235688595624,0.002371644851415146,0.002371644851403308
694.0,4.368167,-2.008587,4.240471371323258,4.240471371323258,4.368158758277967,-2.009552765180523,0.0009658003468073573,0.0009658003468072306
695.0,4.556514,-2.01182,4.428839436601334,4.428839436601334,4.556519522222826,-2.011211218503548,0.0006088065418238109,-0.0006088065418233724
696.0,4.711611,-2.01441,4.583954271860423,4.583954271860423,4.711627679822324,-2.012650421944462,0.0017596571114860532,-0.001759657111471758
697.0,4.896222,-2.017158,4.768584281644752,4.768584281644752,4.896248972327998,-2.0144442544122327,0.002713879625481339,-0.002713879625459493
698.0,5.074572,-2.019478,4.946949875729927,4.946949875729927,5.074605375495928,-2.016254771776088,0.0032234010155658766,-0.003223401015563898
699.0,5.253432,-2.021546,5.12582297891741,5.12582297891741,5.253468534382374,-2.0181409842808864,0.0034052117127287523,-0.0034052117127184676
700.0,5.432749,-2.023722,5.305154266517161,5.305154266517161,5.432789152337151,-2.020097001672249,0.003625220694851022,-0.003625220694845186
701.0,5.612728,-2.025794,5.485146342506425,5.485146342506425,5.612769861379428,-2.022119663506148,0.0036745749475471027,-0.0036745749475468993
702.0,5.793428,-2.027762,5.665858037455555,5.665858037455555,5.79346953373835,-2.0242042887072476,0.0035579537228581423,-0.0035579537228578855
703.0,5.978514,-2.029673,5.850954566713938,5.850954566713938,5.978553165304418,-2.0263891516473436,0.003284081899757295,-0.0032840818997484653
704.0,6.160796,-2.031516,6.033246215821975,6.033246215821975,6.160831604031007,-2.028583771117282,0.0029324450323356226,-0.0029324450323229855
705.0,6.343333,-2.033586,6.215795398613796,6.215795398613796,6.343367115070632,-2.0308178979754787,0.002768312239651365,-0.0027683122396337354
706.0,6.522697,-2.035613,6.39517114145871,6.39517114145871,6.5227290587804765,-2.0330426862310667,0.0025705136911081776,-0.0025705136911043443
707.0,6.706217,-2.037731,6.5787035569187,6.5787035569187,6.706247058210719,-2.035343147395694,0.0023880417827003,-0.0023880417826922986
708.0,6.893877,-2.039909,6.766376286764641,6.766376286764641,6.893904807051389,-2.0377142497679808,0.002194926379871613,-0.0021949263798523183
709.0,7.074584,-2.042016,6.947095572593062,6.947095572593062,7.074609521220283,-2.0400092129901624,0.002006949285741211,-0.0020069492857310045
710.0,7.259347,-2.044169,7.13187103804817,7.13187103804817,7.259370016357826,-2.0423612669783817,0.0018078795397307825,-0.0018078795397271433
711.0,7.448179,-2.046365,7.3207156609238355,7.3207156609238355,7.448199348258703,-2.0447643567150475,0.0016007726188613932,-0.0016007726188613507
712.0,7.629951,-2.048471,7.5024996664739465,7.5024996664739465,7.629968726147375,-2.0470705650882417,0.0014005470925222967,-0.0014005470925221905
713.0,7.815769,-2.050619,7.68832988434381,7.68832988434381,7.815784143585604,-2.049415747054607,0.0012033482367057038,-0.0012033482367056702
714.0,8.001915,-2.052768,7.874488117767895,7.874488117767895,8.00192771747591,-2.0517519268444357,0.0010161527403159732,-0.001016152740315925
715.0,8.188373,-2.054922,8.060958415655444,8.060958415655444,8.188383490044927,-2.0540793459705693,0.0008427193212204369,-0.0008427193212203366
716.0,8.375085,-2.057078,8.247682744396469,8.247682744396469,8.375093425466611,-2.0563977343017372,0.000680317873292184,-0.0006803178732921574
717.0,8.562028,-2.059237,8.434638113304718,8.434638113304718,8.562034528510106,-2.058707272974436,0.000529767253666229,-0.0005297672536661921
718.0,8.749193,-2.061398,8.621815508606801,8.621815508606801,8.749197779290975,-2.061008324204544,0.00038970510284916333,-0.0003897051028491215
719.0,8.936574,-2.063562,8.80920894141269,8.80920894141269,8.936577183086548,-2.0633012930733754,0.0002607263577586286,-0.0002607263577586254
720.0,9.124165,-2.065728,8.996812397083458,8.996812397083458,9.124166718961915,-2.0655865893937166,0.00014142105359349536,-0.00014142105359349208
721.0,9.311959,-2.067896,9.184618874371,9.184618874371,9.31195937995146,-2.067864615941791,3.138635806821562e-05,-3.138635806819989e-05
722.0,9.49995,-2.070067,9.372622383940762,9.372622383940762,9.499949170470742,-2.0701357926194426,6.87976206607326e-05,6.879762066071653e-05
723.0,9.68813,-2.07224,9.56081491260048,9.56081491260048,9.68812807170484,-2.0724005195864668,0.00016053116819398475,0.00016053116819398286
724.0,9.876496,-2.074414,9.749193447269327,9.749193447269327,9.876493064168569,-2.0746592615914907,0.00024527916211280424,0.00024527916211279974
725.0,10.06504,-2.076591,9.937750010758746,9.937750010758746,10.065036165040777,-2.0769124279039017,0.00032145078055412777,0.0003214507805541251
726.0,10.253757,-2.07877,10.126479590546783,10.126479590546783,10.253752355631965,-2.0791604674363198,0.0003904950562818607,0.00039049505628184966
727.0,10.442642,-2.08095,10.315377174024425,10.315377174024425,10.442636617427784,-2.0814038328697233,0.0004538647879323455,0.00045386478793234465
728.0,10.631689,-2.083132,10.504436772610195,10.504436772610195,10.631682955894272,-2.0836429689687677,0.000511004714515976,0.0005110047145159498
729.0,10.820894,-2.085317,10.69365439690873,10.69365439690873,10.820887375538192,-2.0858783476897655,0.0005613867760283497,0.000561386776028322
730.0,11.010236,-2.087502,10.883009012974366,10.883009012974366,11.010228837669974,-2.088110243533902,0.0006082857022029905,0.0006082857022029652
731.0,11.199663,-2.089689,11.072448647276856,11.072448647276856,11.199655365839648,-2.0903385720771412,0.0006496169362062341,0.000649616936206225
732.0,11.389151,-2.091876,11.261949277010848,11.261949277010848,11.389142932759297,-2.0925635833454836,0.0006876306692978066,0.0006876306692977937
733.0,11.58244,-2.094107,11.455251161340609,11.455251161340609,11.582431534368274,-2.094829627390599,0.0007226769766389443,0.0007226769766389382
734.0,11.768141,-2.09625,11.640964533614417,11.640964533614417,11.768132179379073,-2.0970038162912976,0.0007538678958407187,0.0007538678958407184
735.0,11.957573,-2.098437,11.830409164096968,11.830409164096968,11.957563854804807,-2.0992192961156446,0.0007823495683820682,0.000782349568382047
736.0,12.146945,-2.100623,12.019793785453476,12.019793785453476,12.146935547232331,-2.101432193847075,0.0008092490574354203,0.000809249057435394
737.0,12.336258,-2.102808,12.209119397203642,12.209119397203642,12.336248249759834,-2.1036430601655725,0.0008351170859880639,0.0008351170859880243
738.0,12.525514,-2.104992,12.398387999730108,12.398387999730108,12.525503956298651,-2.1058524564446692,0.0008605150603616648,0.0008605150603615868
739.0,12.714716,-2.107176,12.587602602285612,12.587602602285612,12.714705669751046,-2.1080609548706706,0.0008850151621114313,0.0008850151621114066
740.0,12.903864,-2.10936,12.776763207018096,12.776763207018096,12.903853385819678,-2.1102690916168347,0.0009091535781279649,0.0009091535781279459
741.0,13.09296,-2.111542,12.965871788459873,12.965871788459873,13.09294907287288,-2.112477425010828,0.0009354888310341508,0.0009354888310341508
742.0,13.282006,-2.113724,13.154930370704669,13.154930370704669,13.281994748380349,-2.114686513127535,0.0009625788900771042,0.000962578890077097
743.0,13.471004,-2.115906,13.343940952363653,13.343940952363653,13.470992404799976,-2.1168969129757906,0.0009909808142714888,0.0009909808142714574
744.0,13.659955,-2.118087,13.532904522371648,13.532904522371648,13.659943024529682,-2.119109169008844,0.001022239157208673,0.0010222391572086216
745.0,13.848861,-2.120268,13.721823091826742,13.721823091826742,13.848848612433674,-2.121323836936786,0.0010559096026087553,0.001055909602608753
746.0,14.037722,-2.122448,13.91069664882328,13.91069664882328,14.037709150202597,-2.1235414480579644,0.0010935235583926389,0.0010935235583924693
747.0,14.226541,-2.124627,14.099528191247522,14.099528191247522,14.226527629261664,-2.125762568343716,0.0011356470578018404,0.0011356470578017868
748.0,14.415318,-2.126806,14.288317731045623,14.288317731045623,14.415304055247708,-2.1279877280674078,0.0011818103407126327,0.0011818103407126288
749.0,14.604055,-2.128985,14.477067268359503,14.477067268359503,14.604040421707644,-2.1302174802937075,0.0012325665097612537,0.0012325665097612521
750.0,14.792754,-2.131163,14.665778789232233,14.665778789232233,14.792738708294248,-2.13245237744239,0.0012894681171743891,0.0012894681171743531
751.0,14.981415,-2.133341,14.85445230564293,14.85445230564293,14.981398920353845,-2.1346929480215198,0.0013520436412746675,0.0013520436412746083
752.0,15.173811,-2.135562,15.046861059860396,15.046861059860396,15.173794025387448,-2.1369847330096716,0.0014228342680298622,0.0014228342680298448
753.0,15.358628,-2.137695,15.231690295859993,15.231690295859993,15.358610065757507,-2.1391932790851165,0.0014983864167668977,0.001498386416766813
754.0,15.545977,-2.139858,15.419051698489449,15.419051698489449,15.545958001589272,-2.14143964344931,0.001581757547905435,0.0015817575479053884
755.0,15.728049,-2.14196,15.60113573942074,15.60113573942074,15.728028861397515,-2.14363052071073,0.001670642094611434,0.001670642094611395
756.0,15.904661,-2.144004,15.777759468616008,15.777759468616008,15.904639710921575,-2.1457634871585514,0.001759615948429675,0.001759615948429649
757.0,16.075985,-2.146002,15.949095017550398,15.949095017550398,16.07596267208587,-2.1478403377609867,0.0018384733501517956,0.0018384733501517485
758.0,16.242188,-2.147971,16.115309585227713,16.115309585227713,16.24216493504858,-2.149862784170559,0.0018919247712212857,0.001891924771221273
759.0,16.403429,-2.149928,16.276562370696887,16.276562370696887,16.403405690855244,-2.1518324231496275,0.0019045657901648333,0.00190456579016481
760.0,16.561053,-2.151896,16.434198561696217,16.434198561696217,16.56103002990732,-2.15376541080492,0.0018695519203031702,0.0018695519203031415
761.0,16.719198,-2.153925,16.592356463423766,16.592356463423766,16.719175944791722,-2.1557125854508854,0.0017877215041580048,0.0017877215041579876
762.0,16.878189,-2.156013,16.751361039190716,16.751361039190716,16.87816836950782,-2.1576782888157084,0.0016654166016137353,0.0016654166016135444
763.0,17.037999,-2.15815,16.911185172450843,16.911185172450843,17.03798018839086,-2.159662252801132,0.001512369799741418,0.0015123697997414048
764.0,17.19859,-2.160324,17.071790723337823,17.071790723337823,17.198573264283706,-2.161663989024128,0.0013400935299383136,0.0013400935299383047
765.0,17.359888,-2.162523,17.23310354918061,17.23310354918061,17.359873460203396,-2.1636825466053113,0.0011596377604984845,0.001159637760498421
766.0,17.521853,-2.164739,17.395083554867252,17.395083554867252,17.521840684265214,-2.1657173852955647,0.0009784628066005156,0.0009784628066004742
767.0,17.684413,-2.166967,17.557658682472855,17.557658682472855,17.68440288447221,-2.1677675500860567,0.0008006139920009642,0.000800613992000939
768.0,17.847546,-2.169205,17.72080690777977,17.72080690777977,17.847538038734832,-2.169832703755452,0.0006277542404094131,0.0006277542404093468
769.0,18.011234,-2.17145,17.884510193970595,17.884510193970595,18.011228112141605,-2.171912552901181,0.00046259037308128,0.00046259037308127527
770.0,18.178748,-2.173747,18.052039846602025,18.052039846602025,18.178744143855226,-2.1740488172606818,0.00030184189354345604,0.0003018418935434059
771.0,18.343503,-2.176006,18.216810254152886,18.216810254152886,18.34350105841653,-2.1761574433208994,0.00015145576645143042,0.0001514557664514241
772.0,18.508763,-2.17827,18.382085697176677,18.382085697176677,18.508762872642105,-2.178279899658432,9.900477620075964e-06,9.90047762007587e-06
773.0,18.67451,-2.180541,18.547848202097526,18.547848202097526,18.674511615206484,-2.180415870541408,0.00012513988292909447,-0.0001251398829290931
774.0,18.84073,-2.182819,18.714083769286727,18.714083769286727,18.84073328848442,-2.182565086082276,0.0002539352117051111,-0.0002539352117051089
775.0,19.004066,-2.185056,18.877435057274504,18.877435057274504,19.004070835227054,-2.1846838370607546,0.00037219434811440965,-0.00037219434811440173
776.0,19.171123,-2.187345,19.04450771617048,19.04450771617048,19.171129350894272,-2.1868577024117797,0.0004873389717060119,-0.00048733897170600784
777.0,19.338542,-2.189639,19.2119424182776,19.2119424182776,19.338549790621926,-2.1890430693110106,0.0005959816103451085,-0.0005959816103451038
778.0,19.506314,-2.191938,19.37973016375923,19.37973016375923,19.50632315655162,-2.191239706746251,0.0006983532849991787,-0.0006983532849991459
779.0,19.674427,-2.194241,19.54785893884528,19.54785893884528,19.67443743721101,-2.193447340759575,0.0007937278660128052,-0.0007937278660127979
780.0,19.846242,-2.196595,19.719690072239487,19.719690072239487,19.846253670316752,-2.1957101802032697,0.0008848967561126558,-0.0008848967561126156
781.0,20.015012,-2.198908,19.88847593449884,19.88847593449884,20.015024812944606,-2.197939240853712,0.0009688438754856221,-0.0009688438754855801
782.0,20.184091,-2.201225,20.057570827627845,20.057570827627845,20.184104878508755,-2.200178505801594,0.0010465862221061475,-0.0010465862221061056
783.0,20.353471,-2.203545,20.226966737927643,20.226966737927643,20.353485855498676,-2.2024277404159363,0.0011173583418149348,-0.0011173583418149244
784.0,20.526538,-2.205917,20.400050019026285,20.400050019026285,20.526553798210763,-2.2047319529848663,0.0011851523157553668,-0.0011851523157553564
785.0,20.689692,-2.208152,20.563219355236935,20.563219355236935,20.68970860242002,-2.2069095989633345,0.0012425119622193864,-0.0012425119622193465
786.0,20.859912,-2.210485,20.73345537408383,20.73345537408383,20.85992938716847,-2.20918699847231,0.0012981179759607258,-0.0012981179759606902
787.0,21.030396,-2.212821,20.903955412084258,20.903955412084258,21.030414095009398,-2.211473337712485,0.0013477837625358886,-0.0013477837625356526
788.0,21.201137,-2.21516,21.074712467347677,21.074712467347677,21.201155726405275,-2.2137683819814806,0.0013917440094077672,-0.0013917440094077535
789.0,21.372126,-2.217503,21.245717556174437,21.245717556174437,21.372145300235072,-2.216071867538499,0.0014312625969522836,-0.0014312625969522708
790.0,21.543356,-2.219849,21.41696366434436,21.41696366434436,21.54337580472291,-2.2183835547765276,0.0014655790425792535,-0.0014655790425792427
791.0,21.714819,-2.222199,21.588442806115133,21.588442806115133,21.714839256690524,-2.220703188747908,0.0014959484066624801,-0.0014959484066624643
792.0,21.886508,-2.224551,21.760147953598125,21.760147953598125,21.886528630778535,-2.2230305252729123,0.00152061468647884,-0.0015206146864788354
793.0,22.068736,-2.227049,21.942393114571214,21.942393114571214,22.06875698365519,-2.2255056207722537,0.0015435218671674804,-0.0015435218671674784
794.0,22.230535,-2.229266,22.104207337772877,22.104207337772877,22.23055622779555,-2.2277073079141094,0.0015588366296445957,-0.001558836629644593
795.0,22.402558,-2.231623,22.276246520999138,22.276246520999138,22.402579430532533,-2.2300521495341243,0.00157099664349298,-0.0015709966434929738
796.0,22.570633,-2.233926,22.444337333308486,22.444337333308486,22.57065457655062,-2.2323470291638032,0.0015791182505107354,-0.0015791182505107341
797.0,22.733686,-2.23616,22.607405669019904,22.607405669019904,22.73370766640664,-2.234576827297409,0.0015833209527465035,-0.0015833209527464968
798.0,22.891873,-2.238326,22.765607528076377,22.765607528076377,22.891894691558115,-2.2367432263276177,0.0015829223043723403,-0.0015829223043723336
799.0,23.045346,-2.240424,22.919094895068117,22.919094895068117,23.045367627861673,-2.238847899897271,0.0015762484887295873,-0.0015762484887295815
800.0,23.194254,-2.242454,23.06801675661167,23.06801675661167,23.194275452899333,-2.240892522520005,0.0015616248420861783,-0.0015616248420861625
801.0,23.341582,-2.244457,23.21535839440254,23.21535839440254,23.341603170667433,-2.242917814905973,0.001539330682743109,-0.0015393306827430956
802.0,23.481695,-2.246355,23.355484268154417,23.355484268154417,23.4817157773872,-2.2448460078096306,0.0015091352260199872,-0.0015091352260199282
803.0,23.617659,-2.248191,23.49146067786231,23.49146067786231,23.617679287409302,-2.246718957445287,0.0014721823466750138,-0.001472182346675008
804.0,23.749603,-2.24997,23.623416682078812,23.623416682078812,23.749622750380656,-2.2485381966237887,0.001431939588692713,-0.0014319395886927128
805.0,23.875129,-2.251659,23.748954052945095,23.748954052945095,23.87514816997587,-2.250270397385547,0.0013887349310938886,-0.001388734931093871
806.0,23.99948,-2.253331,23.87331629939375,23.87331629939375,23.999498558644884,-2.2519877148958605,0.0013434132998834222,-0.0013434132998833162
807.0,24.122552,-2.254986,23.996399430671236,23.996399430671236,24.122569936948373,-2.253688610848846,0.0012975131381412963,-0.0012975131381412785
808.0,24.237325,-2.256529,24.111182804557078,24.111182804557078,24.237342335742714,-2.2552758700258786,0.001253249879320569,-0.0012532498793205683
809.0,24.351043,-2.258057,24.224911070437482,24.224911070437482,24.351059714204915,-2.2568494954041296,0.0012076202688320553,-0.0012076202688320432
810.0,24.461436,-2.259542,24.335314058775076,24.335314058775076,24.461452121507158,-2.2583779740871166,0.0011641375472243253,-0.0011641375472243027
811.0,24.568608,-2.260983,24.442495744681878,24.442495744681878,24.56862352438832,-2.2598626269053725,0.0011204806458827224,-0.0011204806458827213
812.0,24.674708,-2.26241,24.54860533920414,24.54860533920414,24.674722928965448,-2.2613331375114973,0.0010769659665716394,-0.0010769659665715297
813.0,24.773685,-2.263742,24.647591298991728,24.647591298991728,24.77369937455797,-2.262705525835976,0.0010365738375081,-0.001036573837508096
814.0,24.871783,-2.265061,24.745698162345573,24.745698162345573,24.871796800773225,-2.2640662648560106,0.0009948308740834562,-0.0009948308740834497
815.0,24.967043,-2.266342,24.840966770972802,24.840966770972802,24.967056238550324,-2.2653881209108513,0.0009539709513028009,-0.0009539709513027926
816.0,25.059554,-2.267587,24.93348614416024,24.93348614416024,25.059566699583808,-2.266672259637545,0.0009148285140575773,-0.0009148285140575751
817.0,25.152249,-2.268833,25.026189512906463,25.026189512906463,25.15226113295397,-2.2679593488388217,0.0008737354061728674,-0.0008737354061728273
818.0,25.248035,-2.270122,25.121984179782526,25.121984179782526,25.248046561113508,-2.269289746452568,0.0008323338432138891,-0.000832333843213889
819.0,25.346821,-2.27145,25.220779098620483,25.220779098620483,25.346831946523558,-2.2706621950573145,0.0007878809898062499,-0.0007878809898062431
820.0,25.448557,-2.272819,25.322524302162982,25.322524302162982,25.44856732676955,-2.2720760021103756,0.0007430696509451647,-0.0007430696509451582
821.0,25.555533,-2.274257,25.42950995835713,25.42950995835713,25.55554264855805,-2.273562998750256,0.0006940683174722289,-0.000694068317472021
822.0,25.661394,-2.275681,25.535380526007653,25.535380526007653,25.661402984879192,-2.2750348312980386,0.0006462311656432253,-0.00064623116564322
823.0,25.774801,-2.277206,25.648797768793447,25.648797768793447,25.77480926248729,-2.276611903313101,0.0005941541400011556,-0.0005941541400011535
824.0,25.889152,-2.278744,25.763159100508396,25.763159100508396,25.88915953372247,-2.2782023941905214,0.0005416582038844715,-0.0005416582038844689
825.0,26.004166,-2.28029,25.878183478895888,25.878183478895888,26.004172784104917,-2.2798023512415586,0.00048769594594261077,-0.0004876959459426072
826.0,26.124442,-2.281908,25.99847034936199,25.99847034936199,26.124448014549596,-2.281475715730739,0.00043232610869271934,-0.00043232610869271696
827.0,26.250102,-2.283597,26.124141686239494,26.124141686239494,26.25010718806089,-2.283224150728903,0.0003728853643325572,-0.0003728853643325571
828.0,26.373661,-2.285259,26.247711850925718,26.247711850925718,26.37366539134285,-2.2849434536169912,0.00031557693788029673,-0.00031557693787995374
829.0,26.502524,-2.286991,26.376586475003236,26.376586475003236,26.502527540015656,-2.2867365988691972,0.0002544257594359619,-0.00025442575943596064
830.0,26.63411,-2.28876,26.508184350798167,26.508184350798167,26.634112677237354,-2.2885676024159487,0.00019241621020224233,-0.00019241621020222078
831.0,26.768334,-2.290565,26.64242047202903,26.64242047202903,26.768335806075584,-2.290435201270511,0.0001298112941387789,-0.00012981129413872436
832.0,26.905113,-2.292404,26.779211818951204,26.779211818951204,26.905113916088933,-2.29233815091794,6.585545404197115e-05,-6.585545404196967e-05
833.0,27.044367,-2.294275,26.918478371873896,26.918478371873896,27.044366996672053,-2.2942752394621664,2.394852906547962e-07,2.3948529063844483e-07
834.0,27.18602,-2.296179,27.060144152061525,27.060144152061525,27.186019077929153,-2.2962453021653046,6.630857666044703e-05,6.630857666041529e-05
835.0,27.329997,-2.298115,27.204134153121814,27.204134153121814,27.32999516240458,-2.2982471788511942,0.0001321916240157389,0.00013219162401573802
836.0,27.476224,-2.30008,27.350374340607097,27.350374340607097,27.476221224481662,-2.300279714026994,0.0001997333123950455,0.00019973331239504457
837.0,27.624632,-2.302074,27.498795721292325,27.498795721292325,27.62462827955398,-2.3023418135734732,0.0002678394143044892,0.0002678394143044852
838.0,27.775152,-2.304096,27.649329288166406,27.649329288166406,27.775147329201253,-2.3044323746171673,0.0003364070442714196,0.00033640704427141796
839.0,27.927719,-2.306146,27.801910047699348,27.801910047699348,27.927713388318498,-2.3065503416402655,0.0004043805794321199,0.0004043805794321182
840.0,28.088491,-2.308306,27.96269654478258,27.96269654478258,28.08848441170784,-2.308780965907779,0.0004750115989595601,0.00047501159895940785
841.0,28.241888,-2.310367,28.116107380317995,28.116107380317995,28.241880501638384,-2.3109079488755735,0.0005410008423388205,0.0005410008423388205
842.0,28.400256,-2.312494,28.27448965462219,28.27448965462219,28.400247572973047,-2.3131023797940866,0.0006084381551448426,0.0006084381551448426
843.0,28.560426,-2.314645,28.434674090434896,28.434674090434896,28.560416655855523,-2.3153201178621137,0.0006751825240487564,0.000675182524048756
844.0,28.725596,-2.316864,28.599858990886005,28.599858990886005,28.725585750345108,-2.317605191617541,0.0007412624834284542,0.0007412624834284542
845.0,28.882658,-2.318973,28.756935147253447,28.756935147253447,28.882646903214397,-2.3197761729208817,0.0008032495748445979,0.0008032495748445944
846.0,29.04787,-2.321192,28.922162048165685,28.922162048165685,29.047858051996812,-2.322057642414843,0.0008657248668923438,0.0008657248668923419
847.0,29.214456,-2.323428,29.08876305581402,29.08876305581402,29.214443209603573,-2.3243556880986778,0.0009277762675717718,0.0009277762675717674
848.0,29.377892,-2.325623,29.25221379978643,29.25221379978643,29.377878437552624,-2.3266077917867447,0.0009848851726055167,0.000984885172605515
849.0,29.536451,-2.327752,29.41078709954999,29.41078709954999,29.53643671864899,-2.3287901977860592,0.001038296007873151,0.0010382960078731429
850.0,29.690285,-2.329818,29.56463498137351,29.56463498137351,29.690270063381476,-2.3309050944395695,0.001087197048890386,0.0010871970488903716
851.0,29.83954,-2.331822,29.71390344602905,29.71390344602905,29.839524457252693,-2.3329545938235814,0.0011327004662349616,0.0011327004662349531
852.0,29.984361,-2.333767,29.85873751977161,29.85873751977161,29.984344911291302,-2.3349407993573763,0.0011739096123317022,0.001173909612331702
853.0,30.124886,-2.335654,29.999275203172942,29.999275203172942,30.124869411395174,-2.3368657211789876,0.0012118347236390935,0.0012118347236389389
854.0,30.261248,-2.337487,30.135649540103287,30.135649540103287,30.261230987262003,-2.3387313033671098,0.0012444196650065967,0.0012444196650065937
855.0,30.393578,-2.339266,30.26799151593794,30.26799151593794,30.393560610285338,-2.3405394624720937,0.0012735811988276878,0.0012735811988276874
856.0,30.522002,-2.340993,30.396427147157844,30.396427147157844,30.52198428340322,-2.3422920467121564,0.0012991675173608535,0.0012991675173608466
857.0,30.646641,-2.342669,30.521077435614227,30.521077435614227,30.64662299541302,-2.3439908346420912,0.0013219572558086335,0.0013219572558086196
858.0,30.767614,-2.344296,30.642061397127467,30.642061397127467,30.767595749307194,-2.3456375757850725,0.001341699919833362,0.0013416999198333592
859.0,30.888288,-2.34592,30.762746347093028,30.762746347093028,30.888269547963358,-2.347278145735572,0.001358271076298138,0.0013582710762981376
860.0,31.012002,-2.347584,30.88647156125946,30.88647156125946,31.011983360091136,-2.3489578212921662,0.0013739477388212443,0.001373947738821235
861.0,31.138669,-2.349288,31.013150046596326,31.013150046596326,31.1386502025413,-2.3506752816470446,0.0013874089925758697,0.0013874089925758652
862.0,31.268195,-2.351031,31.142687798736237,31.142687798736237,31.26817608112183,-2.3524291356301594,0.0013982636247406412,0.0013982636247406371
863.0,31.400492,-2.352811,31.274996799042363,31.274996799042363,31.400472986705477,-2.354218082224435,0.001407210677791393,0.0014072106777912262
864.0,31.535474,-2.354627,31.409991039367906,31.409991039367906,31.535454920371293,-2.35604085674333,0.0014139854747812707,0.001413985474781269
865.0,31.673056,-2.356477,31.547585502932463,31.547585502932463,31.67303687429922,-2.35789621723337,0.0014193460987107125,0.0014193460987107004
866.0,31.813156,-2.358362,31.687698209001493,31.687698209001493,31.81313687626038,-2.3597829721764607,0.0014211008562703535,0.0014211008562703465
867.0,31.955698,-2.36028,31.830253138207457,31.830253138207457,31.955678914877794,-2.3617000197659,0.0014201480125101032,0.0014201480125100986
868.0,32.100604,-2.362229,31.975172270291566,31.975172270291566,32.100584977780485,-2.3636462407044467,0.0014173683569120047,0.001417368356912002
869.0,32.2478,-2.364209,32.12238161192111,32.12238161192111,32.24778107912731,-2.3656205793451486,0.0014117061475654494,0.0014117061475654477
870.0,32.397216,-2.366219,32.27181115545971,32.27181115545971,32.39719721821263,-2.3676220429110137,0.0014031686162690724,0.001403168616269072
871.0,32.551833,-2.368299,32.42644216995653,32.42644216995653,32.55181439837477,-2.369690436360867,0.0013915606946172743,0.0013915606946172739
872.0,32.702428,-2.370325,32.577050820112554,32.577050820112554,32.702409608845464,-2.371702420551586,0.0013775433243629987,0.0013775433243629974
873.0,32.858094,-2.372419,32.73273092578713,32.73273092578713,32.85807585732645,-2.3737795294164488,0.0013606503774396062,0.001360650377439603
874.0,33.018886,-2.374582,32.89353749521273,32.89353749521273,33.01886814952058,-2.3759223177252706,0.0013404365871945456,0.001340436587194542
875.0,33.175438,-2.376688,33.050103679968046,33.050103679968046,33.175420467809126,-2.3780060296054604,0.0013181462053150682,0.0013181462053150266
876.0,33.337509,-2.378869,33.21218937275884,33.21218937275884,33.337491839680006,-2.3801606125589774,0.0012917265496576868,0.0012917265496576757
877.0,33.501883,-2.38108,33.37657825972845,33.37657825972845,33.50186623674261,-2.382343213905644,0.0012633251276733999,0.0012633251276733882
878.0,33.668489,-2.383321,33.54319934662597,33.54319934662597,33.668472671143086,-2.3845528778715646,0.0012319860884030046,0.001231986088403002
879.0,33.837257,-2.385592,33.71198264000763,33.71198264000763,33.83724115560114,-2.3867886726223424,0.0011967775106673814,0.001196777510667379
880.0,34.00812,-2.38789,33.88286110565328,33.88286110565328,34.008104661656745,-2.3890497160733037,0.0011598175009253171,0.0011598175009253132
881.0,34.181012,-2.390216,34.05576876254907,34.05576876254907,34.18099721382478,-2.391335150456359,0.001119248129302109,0.0011192481293021037
882.0,34.35587,-2.392569,34.23064260374588,34.23064260374588,34.35585581033333,-2.3936441675345885,0.0010752611655191274,0.0010752611655188535
883.0,34.532632,-2.394947,34.40742060561384,34.40742060561384,34.53261843248897,-2.395975982071486,0.0010290715139360657,0.0010290715139360648
884.0,34.71124,-2.39735,34.58604477572856,34.58604477572856,34.71122709229119,-2.3983298718115735,0.0009799568235709737,0.0009799568235709737
885.0,34.891635,-2.399777,34.766456105150134,34.766456105150134,34.89162278517828,-2.400705110687703,0.0009281910635738419,0.0009281910635738414
886.0,35.073761,-2.402227,34.948598585556944,34.948598585556944,35.0737495069601,-2.403101021570797,0.0008740971320081738,0.0008740971320081733
887.0,35.257565,-2.4047,35.13241922156383,35.13241922156383,35.257554265834024,-2.405516976107454,0.000817046621968248,0.0008170466219682456
888.0,35.442995,-2.407195,35.31786600457648,35.31786600457648,35.44298505668012,-2.407952367808315,0.000757433077361629,0.0007574330773616256
889.0,35.629998,-2.409711,35.50488592603903,35.50488592603903,35.629988874402166,-2.4104065857709474,0.0006956456290957651,0.0006956456290957625
890.0,35.818528,-2.412247,35.69343297702494,35.69343297702494,35.81851971275215,-2.4128791194109795,0.0006321737326196983,0.000632173732619692
891.0,36.008534,-2.414804,35.88345617478485,35.88345617478485,36.00852659205302,-2.415369401106577,0.0005654496343588921,0.0005654496343588849
892.0,36.203816,-2.417431,36.07875583562083,36.07875583562083,36.203809501418846,-2.4179272989075877,0.0004963414522581504,0.0004963414522580554
893.0,36.392798,-2.419974,36.26775493500059,36.26775493500059,36.392792407155945,-2.420401342965221,0.00042737956178172853,0.0004273795617816343
894.0,36.586966,-2.422586,36.46194049179401,36.46194049179401,36.58696134188394,-2.4229420635398613,0.00035609400790213554,0.0003560940079021346
895.0,36.782036,-2.42521,36.657028127765535,36.657028127765535,36.782032292781004,-2.425493499995319,0.0002835242332121175,0.0002835242332120956
896.0,36.972835,-2.427777,36.84784438240503,36.84784438240503,36.97283223945308,-2.4279881690714546,0.00021118711456520877,0.00021118711456520877
897.0,37.157903,-2.430267,37.0329291194929,37.0329291194929,37.157901167826296,-2.430407190537612,0.00014020250959379294,0.00014020250959379235
898.0,37.337418,-2.432682,37.21246035012193,37.21246035012193,37.33741707117415,-2.432753082610233,7.108867838831534e-05,7.108867838831326e-05
899.0,37.511554,-2.435025,37.386612098811085,37.386612098811085,37.51155395705396,-2.4350282844437565,3.2847245168551065e-06,3.284724516659902e-06
900.0,37.680477,-2.437298,37.55555037767656,37.55555037767656,37.680477821568196,-2.4372351066056788,6.289876011150833e-05,-6.289876011149863e-05
901.0,37.844352,-2.439502,37.71944018585197,37.71944018585197,37.844353648177645,-2.439375825275819,0.00012618548851491207,-0.00012618548851491126
902.0,38.003336,-2.441641,37.87843856221393,37.87843856221393,38.00333846103844,-2.441452593966247,0.00018842210662468433,-0.00018842210662467767
903.0,38.157581,-2.443715,38.03269749405532,38.03269749405532,38.15758423336061,-2.4434674837353367,0.0002475373828207018,-0.0002475373828207
904.0,38.307235,-2.445728,38.18236502080978,38.18236502080978,38.30723899095226,-2.4454224995823592,0.00030552648474157834,-0.00030552648474156154
905.0,38.452442,-2.447681,38.32758514353582,38.32758514353582,38.452446721923856,-2.4473195810408113,0.0003614498037434078,-0.00036144980374338745
906.0,38.59334,-2.449577,38.468495889464045,38.468495889464045,38.59334544100195,-2.4491605784713792,0.00041645707341957106,-0.000416457073419405
907.0,38.730065,-2.451416,38.60523324745524,38.60523324745524,38.73007112505847,-2.4509473058928704,0.0004687341276239077,-0.000468734127623801
908.0,38.862746,-2.4532,38.73792623269984,38.73792623269984,38.86275277783805,-2.4526814777521766,0.0005185665440193991,-0.0005185665440193978
909.0,38.991509,-2.454932,38.86670087288808,38.86670087288808,38.99151641598741,-2.4543647621236024,0.0005672863521090409,-0.0005672863521090337
910.0,39.116478,-2.456613,38.99168117125661,38.99168117125661,39.116486031970894,-2.455998794306699,0.0006142582081172806,-0.0006142582081172778
911.0,39.23777,-2.458244,39.11298413042689,39.11298413042689,39.237778618296744,-2.457585112654656,0.0006589437069228027,-0.000658943706922802
912.0,39.3555,-2.459828,39.23072477993177,39.23072477993177,39.355509194603165,-2.4591252250780133,0.0007028350672103623,-0.0007028350672103605
913.0,39.46978,-2.461365,39.34501511041734,39.34501511041734,39.469789741961,-2.460620595817188,0.0007444679262344156,-0.0007444679262344141
914.0,39.580716,-2.462857,39.45596113864727,39.45596113864727,39.58072626815621,-2.462072607647067,0.0007844595581493992,-0.0007844595581493978
915.0,39.688415,-2.464306,39.56366988132089,39.56366988132089,39.68842578078417,-2.4634826536773424,0.0008234169006896261,-0.0008234169006895359
916.0,39.792975,-2.465712,39.668239331267934,39.668239331267934,39.79298626438289,-2.464852006627881,0.0008600671406410349,-0.0008600671406410344
917.0,39.89449,-2.467078,39.76976351853962,39.76976351853962,39.89450174116861,-2.466181885438734,0.000896191476166244,-0.0008961914761662438
918.0,39.99304,-2.468403,39.86832242310719,39.86832242310719,39.99305218438741,-2.467473323414914,0.0009297564262501898,-0.0009297564262501286
919.0,40.088701,-2.46969,39.96399207889375,39.96399207889375,40.08871362162346,-2.468727300771478,0.0009627819638816798,-0.0009627819638816785
920.0,40.18502,-2.470985,40.06031978256051,40.06031978256051,40.18503304481866,-2.4699903181315817,0.0009947674032930788,-0.0009947674032929727
921.0,40.283509,-2.47231,40.15881769455625,40.15881769455625,40.28352248387676,-2.4712822403518944,0.001027848096367435,-0.001027848096367433
922.0,40.386475,-2.473695,40.26179300888016,40.26179300888016,40.386488933418875,-2.4726333971329533,0.0010616943003915352,-0.0010616943003915352
923.0,40.49393,-2.47514,40.36925772442312,40.36925772442312,40.493944390150574,-2.474044038141023,0.0010960563273693274,-0.0010960563273692595
924.0,40.608129,-2.476676,40.483467055414685,40.483467055414685,40.60814387236024,-2.475543888494332,0.0011322091893130111,-0.0011322091893130062
925.0,40.719744,-2.478178,40.59509216201348,40.59509216201348,40.71975934376734,-2.4770105038735797,0.0011675969494664123,-0.0011675969494661768
926.0,40.840141,-2.479797,40.71550005028231,40.71550005028231,40.840156828081504,-2.478593326216558,0.001203777847075662,-0.001203777847075552
927.0,40.964624,-2.481472,40.83999432308943,40.83999432308943,40.96464033169879,-2.480230790357658,0.0012413170830323748,-0.0012413170830323729
928.0,41.093064,-2.483199,40.968445938566084,40.968445938566084,41.09308082215003,-2.4819213324257916,0.0012777783121164015,-0.0012777783121163994
929.0,41.225338,-2.484978,41.10073190750724,41.10073190750724,41.2253553190173,-2.4836634750804323,0.0013146390046413397,-0.001314639004641339
930.0,41.364084,-2.486844,41.239490462169016,41.239490462169016,41.36410182325603,-2.4854921507720737,0.0013519667168612043,-0.0013519667168610183
931.0,41.503746,-2.488723,41.37916511146419,41.37916511146419,41.50376432418478,-2.487334291480609,0.0013888294090981872,-0.0013888294090981857
932.0,41.646933,-2.490649,41.522365074618556,41.522365074618556,41.64695181249394,-2.4892244363342924,0.0014246878772497433,-0.0014246878772497217
933.0,41.793546,-2.492621,41.668991349018526,41.668991349018526,41.7935652917497,-2.4911614535485946,0.001459673941473612,-0.0014596739414736084
934.0,41.943479,-2.494637,41.81893791624351,41.81893791624351,41.9434987504647,-2.493144125844736,0.0014930047971493147,-0.0014930047971493125
935.0,42.093533,-2.496655,41.96900550131417,41.96900550131417,42.09355319146292,-2.4951302828591815,0.0015248508303046212,-0.0015248508303046164
936.0,42.249735,-2.498756,42.125221648599386,42.125221648599386,42.24975562861293,-2.497199895562792,0.001556241163563721,-0.001556241163563718
937.0,42.408957,-2.500897,42.28445806283698,42.28445806283698,42.40897803765187,-2.4993117861373397,0.0015853534537026565,-0.0015853534537026547
938.0,42.571104,-2.503078,42.446619752539654,42.446619752539654,42.57112543254536,-2.5014649096035444,0.00161323277338939,-0.0016132327733893862
939.0,42.736086,-2.505296,42.61161668480057,42.61161668480057,42.73610778531324,-2.503658293103511,0.0016378517877636237,-0.0016378517877634103
940.0,42.903813,-2.507552,42.77935888374054,42.77935888374054,42.903835124927966,-2.505890970678929,0.001661176666671696,-0.0016611766666716943
941.0,43.074201,-2.509843,42.94976231411359,42.94976231411359,43.07422342037197,-2.508162061384207,0.0016810881306889656,-0.0016810881306889638
942.0,43.247165,-2.512169,43.122741984103975,43.122741984103975,43.247187684074625,-2.5104706773345993,0.0016984741514240401,-0.0016984741514240306
943.0,43.422626,-2.514528,43.29821887416926,43.29821887416926,43.42264890012122,-2.5128160159088035,0.0017121372445166403,-0.0017121372445165633
944.0,43.600506,-2.516919,43.476114978509315,43.476114978509315,43.60052906613908,-2.515197293520578,0.0017218609839518052,-0.0017218609839517868
945.0,43.780728,-2.519342,43.65635330351768,43.65635330351768,43.78075119173446,-2.5176137453089864,0.001728410290861949,-0.0017284102908619436
946.0,43.963221,-2.521795,43.83886282796556,43.83886282796556,43.96324425838495,-2.520064691502821,0.0017304648068888347,-0.0017304648068888343
947.0,44.147913,-2.524278,44.02357155888815,44.02357155888815,44.14793627577902,-2.5225494441875913,0.0017287125147056456,-0.00172871251470564
948.0,44.334734,-2.526789,44.21040947522022,44.21040947522022,44.33475722518333,-2.5250673464828446,0.0017218101644125364,-0.0017218101644125346
949.0,44.52362,-2.529328,44.39931258252877,44.39931258252877,44.523643114031245,-2.527617827150102,0.0017103290428945987,-0.0017103290428945976
950.0,44.714506,-2.531893,44.59021585986135,44.59021585986135,44.714528923078205,-2.530200305433719,0.0016928497754473825,-0.001692849775447381
951.0,44.907328,-2.534485,44.78305532564366,44.78305532564366,44.90735067240604,-2.5328142185414997,0.0016709352830269642,-0.0016709352830269568
952.0,45.105939,-2.537154,44.981684305070495,44.981684305070495,45.10596132663094,-2.535512274145848,0.0016418776625073692,-0.0016418776625073625
953.0,45.302492,-2.539795,45.17825509244017,45.17825509244017,45.30251389950726,-2.5381881926264658,0.0016069566030423924,-0.0016069566030423896
954.0,45.496821,-2.542406,45.372601676428005,45.372601676428005,45.49684239537506,-2.5408396807426006,0.0015664653772665825,-0.0015664653772665795
955.0,45.696805,-2.545093,45.572603770589,45.572603770589,45.69682578993444,-2.5435745603082855,0.00151858200922703,-0.0015185820092270296
956.0,45.898442,-2.547802,45.77425900926348,45.77425900926348,45.89846208452396,-2.546338614047318,0.0014635237731618175,-0.0014635237731618147
957.0,46.101681,-2.550532,45.97751638295404,45.97751638295404,46.10170026962783,-2.549131475541831,0.0014006570160059527,-0.0014006570160059364
958.0,46.306471,-2.553281,46.18232486811325,46.18232486811325,46.30648932145695,-2.55195278075363,0.0013283456034527581,-0.0013283456034526467
959.0,46.512763,-2.556039,46.38863528518453,46.38863528518453,46.51278009291747,-2.55479985236513,0.0012392655199075363,-0.0012392655199028023
960.0,46.720512,-2.558787,46.596402351909994,46.596402351909994,46.72052746559365,-2.557660472487882,0.0011266336672344076,-0.0011266336672306034
961.0,46.929672,-2.561508,46.8055798594751,46.8055798594751,46.929685433335685,-2.560519516848158,0.0009885744261224666,-0.0009885744261043368
962.0,47.140199,-2.564192,47.01612372348865,47.01612372348865,47.14021011752881,-2.5633613241176505,0.0008307502759334919,-0.0008307502759182774
963.0,47.352051,-2.566828,47.227991852626836,47.227991852626836,47.35205963212303,-2.566169713341128,0.0006583432530201355,-0.000658343253019316
964.0,47.569462,-2.569454,47.44541842927496,47.44541842927496,47.56946801273541,-2.5689825193472453,0.0004715189910375114,-0.0004715189910372679
965.0,47.779565,-2.571903,47.65553546233613,47.65553546233613,47.77956850362486,-2.5716189365137287,0.0002840850922164746,-0.0002840850922163956
966.0,47.995148,-2.574321,47.87113184737716,47.87113184737716,47.99514913620905,-2.5742249170033804,9.608971438390082e-05,-9.60897143823842e-05
967.0,48.212188,-2.576479,48.08818234771609,48.08818234771609,48.21218516470776,-2.576731048869826,0.0002520648163918921,0.0002520648163914724
968.0,48.432236,-2.57881,48.308242877700536,48.308242877700536,48.432232559175084,-2.5791350676535805,0.00032508586355077285,0.0003250858635504266
969.0,48.645492,-2.581034,48.52151069248304,48.52151069248304,48.64548920262063,-2.581317502467348,0.0002835162681819871,0.00028351626818139765
970.0,48.864739,-2.583242,48.740768951526064,48.740768951526064,48.8647376263243,-2.583393642556542,0.00015164877823286814,0.0001516487782325929
971.0,49.086898,-2.585564,48.96293966806435,48.96293966806435,49.08690009572715,-2.585307062359304,0.00025694618751547453,-0.0002569461875153605
972.0,49.301433,-2.58767,49.17748406234029,49.17748406234029,49.30143813984822,-2.5869567375350555,0.0007132809838616296,-0.0007132809838528879
973.0,49.52163,-2.589586,49.39768798731645,49.39768798731645,49.521637120776546,-2.5884309110166095,0.00115511093190615,-0.0011551109319057143
974.0,49.742428,-2.59111,49.61848960704971,49.61848960704971,49.74243525581914,-2.589669406884658,0.0014406113878772861,-0.0014406113878699847
975.0,49.959279,-2.592272,49.83534182965011,49.83534182965011,49.959285313696576,-2.5906356044285492,0.001636407751456773,-0.001636407751456504
976.0,50.174741,-2.5927,50.050802224997156,50.050802224997156,50.1747445637666,-2.5913339654661294,0.00136603918251233,-0.0013660391825080112
977.0,50.39838,-2.59314,50.27443979456242,50.27443979456242,50.39838169937117,-2.5917659170414398,0.0013740840093924395,-0.0013740840093906602
978.0,50.620539,-2.592919,50.49659693137142,50.49659693137142,50.6205387870776,-2.591882214727847,0.0010367852940168295,-0.0010367852940164034
979.0,50.843373,-2.592351,50.719430083131435,50.719430083131435,50.843371815015566,-2.591668078020746,0.0006829230073265027,-0.0006829230073196348
980.0,51.071458,-2.591486,50.94751568599649,50.94751568599649,51.07145665396847,-2.59108740158858,0.00039860068412824536,-0.00039860068412744934
981.0,51.290463,-2.590107,51.166524294755575,51.166524294755575,51.29046330964047,-2.5901682292671437,6.123005007478347e-05,6.123005005534725e-05
982.0,51.51585,-2.587899,51.39192133822014,51.39192133822014,51.51585637763841,-2.588834407865195,0.0009354296064053327,0.0009354296064049971
983.0,51.739756,-2.585034,51.61584564018261,51.61584564018261,51.73977394581277,-2.58710183605144,0.0020679139217657065,0.0020679139217110788
984.0,51.964585,-2.581679,51.84070174096926,51.84070174096926,51.96461957434909,-2.584935265855747,0.0032564494021740603,0.003256449402148722
985.0,52.189852,-2.578042,52.06600346377207,52.06600346377207,52.18990604848773,-2.5823172366596,0.004275578292420184,0.004275578292419075
986.0,52.415713,-2.573838,52.29191111999988,52.29191111999988,52.41579249122283,-2.5792243794642795,0.00538696599095645,0.005386965990950482
987.0,52.642641,-2.568879,52.518902677395445,52.518902677395445,52.64275548534252,-2.575626296532705,0.0067482677328262386,0.006748267732778141
988.0,52.869573,-2.563083,52.74591982159847,52.74591982159847,52.86973539538838,-2.571517470053043,0.00843603327031451,0.008436033270313214
989.0,53.097392,-2.556871,52.973840195040765,52.973840195040765,53.09760812507991,-2.5668600116630427,0.009991349461137167,0.009991349461131633
990.0,53.32331,-2.550577,53.19986890451091,53.19986890451091,53.323577778590774,-2.5616958429099945,0.01112206694058307,0.011122066940582912
991.0,53.551472,-2.543734,53.428160822964216,53.428160822964216,53.55179630198257,-2.555909804599602,0.012180122717919626,0.012180122717893944
992.0,53.780285,-2.536634,53.657116049744296,53.657116049744296,53.78066206864331,-2.549512366172081,0.012883885129260303,0.012883885129182038
993.0,54.009731,-2.529334,53.88671373289561,53.88671373289561,54.01015195127631,-2.5424797252718845,0.01315246337766774,0.013152463377660248
994.0,54.239638,-2.521704,54.116784421306654,54.116784421306654,54.24009412701335,-2.5347931483623327,0.013097093444862531,0.013097093444826471
995.0,54.468872,-2.513407,54.346206651669455,54.346206651669455,54.46936530636013,-2.526471473668537,0.01307378382109984,0.013073783821049501
996.0,54.699752,-2.50424,54.5773080838223,54.5773080838223,54.70028878938837,-2.517406262877997,0.01317720080366057,0.013177200803658926
997.0,54.929272,-2.49478,54.80706306769955,54.80706306769955,54.92983836794857,-2.507695280637085,0.012927693011045552,0.012927693011045181
998.0,55.159489,-2.48473,55.037539430650895,55.037539430650895,55.16007711971708,-2.497234489407149,0.012518312191950124,0.012518312191926404
999.0,55.390062,-2.474325,55.26838523380188,55.26838523380188,55.3906500299648,-2.4860152195478906,0.011704999458239735,0.011704999458236219
1000.0,55.621121,-2.463293,55.499743151622575,55.499743151622575,55.62169598246441,-2.474006658763331,0.010729076797724679,0.010729076797627657
1001.0,55.853039,-2.451606,55.73198767501574,55.73198767501574,55.85358496066845,-2.46116265337326,0.009572235723598199,0.00957223572359496
1002.0,56.084961,-2.439047,55.964278913987236,55.964278913987236,56.08547423520416,-2.447505076827805,0.008473634049204766,0.008473634049202117
1003.0,56.334367,-2.424968,56.214107468488905,56.214107468488905,56.33481406882795,-2.4318885175182294,0.006934942916639632,0.006934942916637366
1004.0,56.54695,-2.41246,56.42707328451126,56.42707328451126,56.547313201612056,-2.4177989769545167,0.005351316691419112,0.005351316691267735
1005.0,56.779113,-2.398323,56.6596733503875,56.6596733503875,56.77934657884434,-2.4015743146649267,0.0032596941768959393,0.00325969417689564
1006.0,57.011739,-2.383706,56.892752140184186,56.892752140184186,57.011793200946094,-2.3844213729626773,0.0007174233187506809,0.0007174233187345721
1007.0,57.244687,-2.367781,57.12623228667884,57.12623228667884,57.24457053061515,-2.3663209990755174,0.0014646391422794157,-0.0014646391422785641
1008.0,57.477946,-2.350878,57.360083031179556,57.360083031179556,57.477643146349436,-2.3472616742449093,0.0036289850234731765,-0.0036289850234709565
1009.0,57.711155,-2.33332,57.59392159232115,57.59392159232115,57.710628305705704,-2.3273035879880406,0.0060394221890253535,-0.006039422188917358
1010.0,57.944403,-2.315322,57.827818979866485,57.827818979866485,57.94359689772083,-2.306481343344761,0.008877331298330057,-0.008877331298287409
1011.0,58.177196,-2.29649,58.061320870740644,58.061320870740644,58.17609717231282,-2.284878013083975,0.011663861385666519,-0.011663861385664016
1012.0,58.410426,-2.276749,58.295327036540336,58.295327036540336,58.40902602520535,-2.262450612311261,0.014366760940558006,-0.014366760940556837
1013.0,58.643894,-2.256212,58.52963308096788,58.52963308096788,58.64218106740057,-2.2392556417610887,0.017042658912754624,-0.01704265891252183
1014.0,58.87777,-2.234717,58.76442843375926,58.76442843375926,58.87575227208033,-2.2153117024077043,0.019509915443265646,-0.019509915442672634
1015.0,59.112188,-2.212298,58.99984870161364,58.99984870161364,59.109876254880604,-2.190641285424003,0.02177974866070029,-0.021779748660655067
1016.0,59.346526,-2.188738,59.2353034558626,59.2353034558626,59.34396812169258,-2.1653448518678524,0.023532575740197483,-0.023532575739953383
1017.0,59.578903,-2.164385,59.468891723791785,59.468891723791785,59.57614153450051,-2.139674626349687,0.024864196299959854,-0.02486419629995982
1018.0,59.812995,-2.138716,59.70432975946476,59.70432975946476,59.8100934244176,-2.113263268573813,0.025617585325592114,-0.025617585325451966
1019.0,60.042695,-2.112564,59.93546160448968,59.93546160448968,60.03971098146203,-2.0868494504963886,0.025887109201466276,-0.02588710920096757
1020.0,60.28224,-2.084438,60.176602628113706,60.176602628113706,60.279217562777774,-2.0588213647867364,0.025794323530802788,-0.025794323530146566
1021.0,60.517356,-2.055975,60.413391568330134,60.413391568330134,60.51435139607684,-2.030873742550967,0.02528044244584536,-0.02528044244513791
1022.0,60.751591,-2.02657,60.649424289316734,60.649424289316734,60.74868909006512,-2.0026375962486416,0.024107696501079766,-0.024107696500880973
1023.0,60.987458,-1.995725,60.88725946277557,60.88725946277557,60.98477512595566,-1.9738461901395485,0.022042688902390646,-0.02204268890237009
1024.0,61.220948,-1.964744,61.122761156724046,61.122761156724046,61.218508727359556,-1.9450426231185594,0.019851808533203865,-0.019851808533141814
1025.0,61.451277,-1.933433,61.35517543483108,61.35517543483108,61.44914746987041,-1.916369243292822,0.017196124317257477,-0.017196124316924712
1026.0,61.674455,-1.902792,61.58041845047384,61.58041845047384,61.67264512067585,-1.8883832847796254,0.014521939865935259,-0.01452193986572177
1027.0,61.89059,-1.872752,61.79860511436518,61.79860511436518,61.889122119091574,-1.8611229115507608,0.011721363936059537,-0.011721363936059477
1028.0,62.10078,-1.843022,62.01085974184115,62.01085974184115,62.09969948471644,-1.8344921177171738,0.008598046582618719,-0.008598046582332212
1029.0,62.304281,-1.813775,62.21642126726285,62.21642126726285,62.303626952005615,-1.8086245985825997,0.00519176401036496,-0.005191764010360848
1030.0,62.502102,-1.784684,62.41633086332516,62.41633086332516,62.50194155883371,-1.7834221518821325,0.0012720070913353277,-0.0012720070912870982
1031.0,62.69505,-1.755687,62.61139544486578,62.61139544486578,62.69544728640294,-1.7588106861090638,0.003148849217399296,0.0031488492171590087
1032.0,62.890838,-1.726909,62.80924925200611,62.80924925200611,62.89172045153615,-1.7338512474291463,0.006998108321620998,0.006998108321608373
1033.0,63.088189,-1.698139,63.00865222298605,63.00865222298605,63.08953284525834,-1.708715580144779,0.010661611868629293,0.010661611868052227
1034.0,63.291038,-1.66943,63.21350321348155,63.21350321348155,63.29274942605735,-1.682890212825473,0.013568577982117302,0.013568577982112568
1035.0,63.487269,-1.64207,63.41162214787048,63.41162214787048,63.48928328244047,-1.6578791089234237,0.015936914968169468,0.015936914967328932
1036.0,63.688579,-1.614252,63.614841064515275,63.614841064515275,63.69086769320753,-1.6321564961508563,0.018050182797252592,0.018050182797216773
1037.0,63.890514,-1.586408,63.81868838244639,63.81868838244639,63.893062426117396,-1.6062524848272106,0.020007449955783997,0.02000744995535791
1038.0,64.094678,-1.558838,64.02471758992165,64.02471758992165,64.0974036699843,-1.5799335108772123,0.021270868718364675,0.02127086871802507
1039.0,64.298213,-1.531746,64.2300666516064,64.2300666516064,64.30104812069565,-1.5535294977153875,0.021967218350878972,0.021967218350358635
1040.0,64.503521,-1.504481,64.43720094208626,64.43720094208626,64.50643581785202,-1.526687292923323,0.02239677674369374,0.022396776743293254
1041.0,64.709978,-1.477225,64.64547809383183,64.64547809383183,64.7129243549268,-1.4994503642615724,0.022419808739465398,0.022419808739100988
1042.0,64.921851,-1.4492,64.85923006997103,64.85923006997103,64.92480164272405,-1.4712029916737754,0.022199953492770846,0.02219995349251885
1043.0,65.126652,-1.421904,65.06587762244723,65.06587762244723,65.12959395641255,-1.443574922389262,0.021869704724451832,0.021869704723714342
1044.0,65.336815,-1.39379,65.27795130816125,65.27795130816125,65.3397143093688,-1.4148577975909327,0.02126636052897902,0.02126636052873345
1045.0,65.547701,-1.365094,65.49082263502319,65.49082263502319,65.5505687865178,-1.385624660316275,0.020729983418563643,0.020729983417987468
1046.0,65.757475,-1.336455,65.70258548607177,65.70258548607177,65.76026335092529,-1.3561004775390109,0.019842371043258044,0.019842371043247053
1047.0,65.969068,-1.307138,65.91624395205001,65.91624395205001,65.97176597535619,-1.3258257544701395,0.018881505187851914,0.01888150518693326
1048.0,66.181939,-1.277186,66.13125729209477,66.13125729209477,66.18453297722624,-1.2948271373451687,0.017830828491165625,0.01783082849094068
1049.0,66.400123,-1.246216,66.35167271709554,66.35167271709554,66.40255812077326,-1.2624548577066756,0.016420423648556507,0.016420423648555806
1050.0,66.614939,-1.215242,66.56875184396335,66.56875184396335,66.61718875134372,-1.2299432366728735,0.014872381813965638,0.014872381813957985
1051.0,66.830522,-1.183731,66.78666292702928,66.78666292702928,66.83253955342569,-1.196638087410982,0.013063821311554868,0.013063821311554868
1052.0,67.04568,-1.15139,67.00427349303467,67.00427349303467,67.04748245050607,-1.162669487532548,0.011422594574951588,0.011422594574582695
1053.0,67.262128,-1.118181,67.22328525397018,67.22328525397018,67.26368840327676,-1.1277254274430697,0.009671140243121781,0.009671140243086228
1054.0,67.478296,-1.084101,67.44215061061476,67.44215061061476,67.47961908376801,-1.0920052669304257,0.00801423648045172,0.008014236480421539
1055.0,67.690787,-1.050157,67.65735382382908,67.65735382382908,67.69179960662373,-1.056063764345031,0.005992932270779924,0.005992932270618426
1056.0,67.908185,-1.014795,67.87761700598433,67.87761700598433,67.9088177953489,-1.0183953901211915,0.003655576422173885,0.0036555764221687433
1057.0,68.126287,-0.978377,68.09873673345793,68.09873673345793,68.12651670651897,-0.979652053640785,0.0012955797434870782,0.001295579743414389
1058.0,68.345476,-0.940934,68.32108737925942,68.32108737925942,68.34526033598252,-0.9397651664716333,0.001188563328339565,-0.001188563328338983
1059.0,68.564602,-0.902305,68.5435717186469,68.5435717186469,68.56396753480989,-0.8989439072781399,0.003420451777527902,-0.003420451777514029
1060.0,68.788423,-0.861937,68.77097345509762,68.77097345509762,68.78733510986353,-0.8563011404690943,0.0057398970026567514,-0.005739897002651525
1061.0,69.006547,-0.822211,68.99264046523916,68.99264046523916,69.00490117889267,-0.813860493084627,0.008511151089073049,-0.008511151089055136
1062.0,69.222301,-0.781526,69.2121494514896,69.2121494514896,69.22018577648348,-0.771003968500779,0.010732535459781374,-0.010732535459768806
1063.0,69.469744,-0.733821,69.46408579866292,69.46408579866292,69.46707434398469,-0.7208256260218561,0.013266755747805179,-0.013266755747581118
1064.0,69.669119,-0.694319,69.66728169157994,69.66728169157994,69.66604481774395,-0.679603241743366,0.015033433992639976,-0.015033433992573774
1065.0,69.886663,-0.650415,69.8891469891569,69.8891469891569,69.88314047947974,-0.6338469949555509,0.016938327602469175,-0.016938327602461476
1066.0,70.108323,-0.604862,70.11536816885938,70.11536816885938,70.10433223364794,-0.5864109427626514,0.018877704554650085,-0.01887770455464998
1067.0,70.331098,-0.558041,70.34293586310358,70.34293586310358,70.32667313312697,-0.5379183614569678,0.020603398476404435,-0.020603398476402152
1068.0,70.552657,-0.51065,70.56942901458429,70.56942901458429,70.54779948641689,-0.4889057330985752,0.022280228483802476,-0.022280228483632408
1069.0,70.774758,-0.46189,70.79674231202671,70.79674231202671,70.76956365142345,-0.43898633305865065,0.02348529787963074,-0.02348529787911365
1070.0,70.997158,-0.412205,71.02454614784739,71.02454614784739,70.99164516745594,-0.38824831737798937,0.024582798150547303,-0.02458279815054042
1071.0,71.219982,-0.361372,71.25301696936098,71.25301696936098,71.21421755901821,-0.3366691815898282,0.02536647427685787,-0.025366474276742768
1072.0,71.44342,-0.309357,71.48235303751474,71.48235303751474,71.43747533290411,-0.2842195778269137,0.025830777386461237,-0.025830777386101664
1073.0,71.666735,-0.25625,71.71182128513176,71.71182128513176,71.66070700491007,-0.23108520108409136,0.02587670437444501,-0.025876704374375854
1074.0,71.889715,-0.202538,71.94110730593634,71.94110730593634,71.88361013785979,-0.17736146441939968,0.02590612448036455,-0.025906124480363807
1075.0,72.111801,-0.147752,72.16978185992879,72.16978185992879,72.10577176246113,-0.1231744365877325,0.02530629029676475,-0.02530629029664261
1076.0,72.335044,-0.091484,72.39993955759192,72.39993955759192,72.32922973677668,-0.06804666906987619,0.024147756375243693,-0.024147756374922884
1077.0,72.558176,-0.034216,72.63024003426713,72.63024003426713,72.55268511789596,-0.01231538935876561,0.022578452842022433,-0.02257845284152549
1078.0,72.775921,0.022574,72.85521030929644,72.85521030929644,72.77083627034617,0.04265439254699899,0.02071416521354695,-0.020714165213543398
1079.0,72.986719,0.078451,73.07323473681961,73.07323473681961,72.9821309960004,0.09640540785821064,0.01853133946155344,-0.01853133946115702
1080.0,73.190411,0.133722,73.2842375505228,73.2842375505228,73.1865108869915,0.1488556973048076,0.01562816929754086,-0.015628169297350503
1081.0,73.389495,0.188325,73.49062528791349,73.49062528791349,73.38631932258458,0.20055168334922843,0.012632367662836043,-0.01263236766277498
1082.0,73.581091,0.240932,73.68927537506579,73.68927537506579,73.57854495747392,0.2506630831095713,0.010058643597920091,-0.0100586435979196
1083.0,73.770489,0.294053,73.88593989920928,73.88593989920928,73.76876153839186,0.30060883429925145,0.006779608172073236,-0.006779608172061964
1084.0,73.965127,0.349252,74.08821284461413,74.08821284461413,73.964312258646,0.35232198605084736,0.003176258463397054,-0.0031762584633885107
1085.0,74.153266,0.40305,74.28385749635791,74.28385749635791,74.15336838079944,0.40266683472158327,0.00039660743648690174,0.00039660743648655674
1086.0,74.34676,0.458733,74.4851745597997,74.4851745597997,74.34781768471633,0.45480145651613846,0.0040713303875576975,0.0040713303875411465
1087.0,74.541665,0.514959,74.68800742355906,74.68800742355906,74.54364131822899,0.5076622710802186,0.007559635353047336,0.007559635353046692
1088.0,74.737396,0.571636,74.89176687671903,74.89176687671903,74.74026956680996,0.5610966912191965,0.010924029283574157,0.01092402928356728
1089.0,74.933527,0.628264,75.09590955167566,75.09590955167566,74.93717800445943,0.6149603132123919,0.013795575946858606,0.013795575946858554
1090.0,75.130331,0.685211,75.30079451706469,75.30079451706469,75.13471305902387,0.6693454422342291,0.01645959794489762,0.01645959794488451
1091.0,75.328968,0.74252,75.50755041931103,75.50755041931103,75.3339620403822,0.7245526653786368,0.018648473201178826,0.018648473201177778
1092.0,75.528912,0.800249,75.71568439549638,75.71568439549638,75.53444876510504,0.7804527212287424,0.020555982608906634,0.020555982608893117
1093.0,75.734047,0.859538,75.92924387773171,75.92924387773171,75.74006847399082,0.8381430851265724,0.022226122726720792,0.022226122726717177
1094.0,75.93201,0.91681,76.13535606520101,76.13535606520101,75.93842924314376,0.8941362185440629,0.02356495380963481,0.023564953809580895
1095.0,76.134259,0.975541,76.34599370988043,76.34599370988043,76.14105645934171,0.9516724684748311,0.024817579468397147,0.024817579468396706
1096.0,76.338892,1.035248,76.55919511729046,76.55919511729046,76.34605958497396,1.0102262891656109,0.02602806730125517,0.026028067301227968
1097.0,76.542181,1.094348,76.77093931064769,76.77093931064769,76.54957266278514,1.0686901449512283,0.026701352108704036,0.026701352108703977
1098.0,76.746954,1.153936,76.98424570838529,76.98424570838529,76.75449881267949,1.1278922083517011,0.027114632245127494,0.027114632245091152
1099.0,76.952748,1.213651,77.1985681544842,77.1985681544842,76.9603129089204,1.1876806750641105,0.027049688061965612,0.027049688061959124
1100.0,77.159503,1.273646,77.41389028131722,77.41389028131722,77.1669992098233,1.2480494050496664,0.02667168601281905,0.02667168601275451
1101.0,77.367149,1.334081,77.6301893382186,77.6301893382186,77.37453593029223,1.308990229193566,0.02615556382116879,0.02615556382110385
1102.0,77.580119,1.396212,77.85207316285742,77.85207316285742,77.58734159041337,1.3718088131440274,0.025449584299295083,0.025449584299293684
1103.0,77.785333,1.456609,78.0660239759761,78.0660239759761,77.79245421335385,1.4326673015111777,0.02497832272513114,0.02497832272508581
1104.0,77.99342,1.518065,78.28302889545121,78.28302889545121,78.0004112881533,1.4946752308416311,0.024412279928844757,0.02441227992876543
1105.0,78.203025,1.580079,78.50164590373554,78.50164590373554,78.20982960971233,1.557423586873682,0.023655241644534367,0.023655241644530804
1106.0,78.413697,1.642176,78.72130541112966,78.72130541112966,78.42016347290725,1.6207478204493055,0.022382630558470756,0.02238263055846854
1107.0,78.62533,1.704466,78.9419370083714,78.9419370083714,78.6313451347383,1.6846273997750458,0.020730458383869655,0.020730458383840224
1108.0,78.837709,1.766864,79.16330979300218,79.16330979300218,78.84315075656818,1.7490034917227613,0.018671113262700333,0.018671113262693665
1109.0,79.050785,1.829322,79.38536116072285,79.38536116072285,79.05551703502697,1.8138677038475912,0.016162531517764915,0.01616253151773256
1110.0,79.263626,1.892097,79.6072742704245,79.6072742704245,79.26765981533036,1.8789895972169186,0.013714068464076233,0.013714068464053226
1111.0,79.477192,1.954879,79.8298751025559,79.8298751025559,79.48036570656913,1.944619817791132,0.010738865535133847,0.010738865535131016
1112.0,79.690752,2.018116,80.05259637514418,80.05259637514418,79.69308942089793,2.010599948715857,0.007871122115680218,0.00787112211567931
1113.0,79.904991,2.082133,80.27618961943101,80.27618961943101,79.90654533842745,2.0771619548925506,0.005208383377532174,0.005208383377520954
1114.0,80.119746,2.146783,80.50045631963015,80.50045631963015,80.12054007334362,2.144257381233471,0.002647508758980817,0.0026475087589790873
1115.0,80.33504,2.212141,80.7254417534716,80.7254417534716,80.33511296917145,2.211910224125916,0.00024203719557118326,0.00024203719556397434
1116.0,80.551171,2.27824,80.95144091138037,80.95144091138037,80.55054115665989,2.280220575742007,0.0020783125132914962,-0.002078312513282343
1117.0,80.767304,2.345082,81.17765985479102,81.17765985479102,80.76606389902801,2.348958818480561,0.004070328236387722,-0.00407032823638512
1118.0,80.982405,2.41174,81.40283244954553,81.40283244954553,80.9804725166928,2.417745663112402,0.0063089207597079346,-0.006308920759697711
1119.0,81.202384,2.480279,81.63321620753078,81.63321620753078,81.19971891446342,2.48851062019512,0.008652297495693346,-0.008652297495692754
1120.0,81.419022,2.548292,81.86025103850855,81.86025103850855,81.4156520996016,2.558636652789299,0.010879709096582802,-0.010879709096579511
1121.0,81.636285,2.616779,82.08801806494752,82.08801806494752,81.63215255027184,2.6293852136862887,0.013266264141051342,-0.013266264141051292
1122.0,81.853904,2.68587,82.31630212668843,82.31630212668843,81.84901137252466,2.700700352525149,0.01561656683245939,-0.015616566832456543
1123.0,82.067456,2.754105,82.54044690275204,82.54044690275204,82.0618051791706,2.7711252203430954,0.01793375801591847,-0.017933758015912304
1124.0,82.284786,2.824544,82.76886238920812,82.76886238920812,82.27851458790408,2.8433100551995367,0.019786243641197375,-0.019786243641185895
1125.0,82.502256,2.895854,82.99767922065807,82.99767922065807,82.49546080062339,2.9160525199593295,0.02131091136285202,-0.021310911362851636
1126.0,82.719266,2.968144,83.22636684248577,83.22636684248577,82.71213700071918,2.9891923527819126,0.02222286627727897,-0.022222866277228068
1127.0,82.936519,3.041046,83.45547649632549,83.45547649632549,82.92906160273719,3.062914345407321,0.02310491949324398,-0.023104919493209104
1128.0,83.153859,3.114578,83.68486726400724,83.68486726400724,83.14609683207803,3.1371828748331896,0.02390045223574223,-0.0239004522357365
1129.0,83.371422,3.189168,83.9148091781198,83.9148091781198,83.36349360298709,3.2120955434943634,0.024259672913709136,-0.024259672913702596
1130.0,83.593796,3.266294,84.15012365441805,84.15012365441805,83.58580010289722,3.2892492873245476,0.02430801486404611,-0.0243080148640412
1131.0,83.80755,3.341419,84.37664151018822,84.37664151018822,83.79963026822855,3.3639953863905725,0.023925203735562246,-0.023925203735541595
1132.0,84.023514,3.417761,84.6056476767439,84.6056476767439,84.01564000508496,3.4400453450615496,0.023634547398762574,-0.02363454739873123
1133.0,84.241137,3.495474,84.83667525903691,84.83667525903691,84.23337993712583,3.5172660845014834,0.023131514679188097,-0.0231315146791876
1134.0,84.459155,3.574061,85.06836981470799,85.06836981470799,84.45156636310226,3.595221368944238,0.022479960494225855,-0.02247996049422215
1135.0,84.677672,3.653374,85.30078115197149,85.30078115197149,84.67024038004175,3.673940354722877,0.02186787419460616,-0.02186787419460104
1136.0,84.896451,3.73342,85.53369008161854,85.53369008161854,84.88919002045742,3.753360742974445,0.021221570495385537,-0.021221570495367912
1137.0,85.114844,3.813899,85.76638688374456,85.76638688374456,85.10774342042055,3.833249327944297,0.02061197278079041,-0.020611972780789953
1138.0,85.334214,3.896016,86.00056865096374,86.00056865096374,85.32748846636048,3.9142010806253436,0.01938891332918452,-0.01938891332918292
1139.0,85.551591,3.978238,86.2329239234171,86.2329239234171,85.54531382780308,3.9950778751653973,0.017971763585577956,-0.017971763585533537
1140.0,85.769303,4.061305,86.46589503924164,86.46589503924164,85.76350620377289,4.076733237448272,0.016481303263358737,-0.01648130326335774
1141.0,85.987061,4.144836,86.69907902742774,86.69907902742774,85.98168247517161,4.159036676928171,0.015185116217792624,-0.01518511621778448
1142.0,86.209165,4.230749,86.93717670036504,86.93717670036504,86.2042289143724,4.243674433104401,0.013835886753633887,-0.013835886753633593
1143.0,86.422957,4.31439,87.16670747497292,87.16670747497292,86.41854593341203,4.325848403469542,0.012278131719208893,-0.012278131719203826
1144.0,86.640565,4.400572,87.40072075269923,87.40072075269923,86.63681913526459,4.410222507770381,0.01035199511409039,-0.01035199511407346
1145.0,86.85831,4.487558,87.63516314491268,87.63516314491268,86.85525563986059,4.4953617678989275,0.008380209381726926,-0.008380209381695055
1146.0,87.074212,4.574468,87.86787246121375,87.86787246121375,87.0718379256025,4.580483471292911,0.006467002715379831,-0.006467002715379733
1147.0,87.291555,4.662926,88.1025016776404,88.1025016776404,87.28996049128669,4.666932174290254,0.004311831453190181,-0.004311831453171377
1148.0,87.509218,4.752151,88.33772398480792,88.33772398480792,87.50838075800898,4.754236712532697,0.002247481016734681,-0.0022474810167346384
1149.0,87.727219,4.842088,88.57353683783818,88.57353683783818,87.72708918575762,4.842408619987813,0.00034590304148831246,-0.0003459030414872187
1150.0,87.94534,4.932643,88.80970372355502,88.80970372355502,87.94585949527276,4.931371017600678,0.0013739776426854584,0.001373977642681559
1151.0,88.162609,5.023921,89.0453665968481,89.0453665968481,88.16389168706357,5.020807650548603,0.003367228966011746,0.0033672289659880655
1152.0,88.380152,5.116126,89.28164843622596,89.28164843622596,88.38221902582417,5.111152751544546,0.005385702921391342,0.005385702921389729
1153.0,88.596701,5.208863,89.51722981073793,89.51722981073793,88.59961693767629,5.201908951128741,0.007540655690049961,0.0075406556900188635
1154.0,88.813366,5.302067,89.75311150567823,89.75311150567823,88.81700406307382,5.293467492239928,0.009337399886727299,0.009337399886716865
1155.0,89.03006,5.395604,89.98916004962578,89.98916004962578,89.03425084541743,5.38578598401301,0.010675046755567203,0.010675046755566629
1156.0,89.246739,5.489889,90.22549703686684,90.22549703686684,89.25146339030599,5.478919409034524,0.011943692465611123,0.01194369246561088
1157.0,89.463656,5.585213,90.46247201943778,90.46247201943778,89.46895942750331,5.573007500089173,0.013307913861910749,0.013307913861894225
1158.0,89.680623,5.68146,90.6998696319735,90.6998696319735,89.68653829202889,5.667965474441637,0.014734072751020186,0.014734072751019067
1159.0,89.895476,5.777528,90.93526746392075,90.93526746392075,89.90198190688184,5.762813473443971,0.0160886331340885,0.01608863313407817
1160.0,90.112032,5.874732,91.17268983870348,91.17268983870348,90.11897249897694,5.8591691715981105,0.01704030967780906,0.01704030967780898
1161.0,90.328801,5.972589,91.41057784419493,91.41057784419493,90.33607958981172,5.95640685872272,0.017743719056756823,0.017743719056756826
1162.0,90.545931,6.071114,91.64907253393706,91.64907253393706,90.55342893696478,6.054584920696838,0.018150193424259997,0.018150193424259966
1163.0,90.763225,6.1702,91.88794975497368,91.88794975497368,90.77081345789729,6.153611434500103,0.018241852937770364,0.018241852937770035
1164.0,90.979772,6.2697,92.12631987748776,92.12631987748776,90.9874229717831,6.253113133904135,0.018266403480380982,0.01826640348036883
1165.0,91.197413,6.370759,92.36633738413784,92.36633738413784,91.20521220010929,6.353990331357763,0.018493668386176644,0.01849366838617234
1166.0,91.412855,6.471301,92.60414267665821,92.60414267665821,91.42067930994735,6.454614569753996,0.018429779719437805,0.018429779719426075
1167.0,91.625238,6.571048,92.83883898498074,92.83883898498074,91.63302152199319,6.554580065966943,0.018214721132523728,0.018214721132523627
1168.0,91.83081,6.668132,93.06623563152338,93.06623563152338,91.83846685847182,6.652055253085536,0.017807000674150003,0.017807000674150003
1169.0,92.029782,6.762791,93.28662660241868,93.28662660241868,92.03730749628595,6.747105497790926,0.017397358244880524,0.01739735824486869
1170.0,92.223221,6.855193,93.50104819295241,93.50104819295241,92.23050182743636,6.840124532040748,0.016735267395445858,0.016735267395445803
1171.0,92.410284,6.945052,93.70861693597233,93.70861693597233,92.41727639066569,6.930678499818951,0.015984086920315044,0.015984086920314992
1172.0,92.591934,7.033055,93.91050129968868,93.91050129968868,92.59870407568137,7.019229443560775,0.015394152642666784,0.015394152642663191
1173.0,92.766335,7.118117,94.10457733821261,94.10457733821261,92.77289862732808,7.104796660010876,0.014849668721144753,0.014849668721134714
1174.0,92.936682,7.200757,94.29394062651458,94.29394062651458,92.94265876882952,7.188700967841188,0.013456213325290988,0.013456213325282242
1175.0,93.101818,7.281064,94.47759071049595,94.47759071049595,93.1071039602381,7.270463537907579,0.011845301693572174,0.011845301693569565
1176.0,93.262975,7.359981,94.65705179485859,94.65705179485859,93.26761417026658,7.350730219655047,0.010348856833146168,0.010348856833146059
1177.0,93.425141,7.440247,94.83801364469858,94.83801364469858,93.42928219941902,7.432035976403142,0.009196218849955919,0.009196218849955917
1178.0,93.588719,7.521865,95.02084028530543,95.02084028530543,93.5924278277173,7.514553068538235,0.008198764830033458,0.008198764830033345
1179.0,93.753255,7.604285,95.20487925225385,95.20487925225385,93.75646379147823,7.597994843312261,0.0070613323039683965,0.007061332303966593
1180.0,93.919827,7.68877,95.39166630646423,95.39166630646423,93.9227524463113,7.683068175504638,0.006408512986353495,0.006408512986351339
1181.0,94.086286,7.773428,95.57842815542195,95.57842815542195,94.0888202715133,7.7685167025549715,0.005526606073953214,0.005526606073952686
1182.0,94.254182,7.859259,95.76700075671671,95.76700075671671,94.2562966745764,7.85518425666339,0.0045907931584138586,0.004590793158407435
1183.0,94.423343,7.946327,95.95726181254308,95.95726181254308,94.4250671405659,7.9430237884698585,0.0037261061584226997,0.0037261061584133405
1184.0,94.59386,8.034557,96.14925852205054,96.14925852205054,94.59516769926613,8.032066025243996,0.0028133667741092744,0.002813366774109274
1185.0,94.76562,8.124054,96.34294062804574,96.34294062804574,94.76654793545009,8.122296596730166,0.001987342560395633,0.001987342560390525
1186.0,94.938906,8.214934,96.53861412155646,96.53861412155646,94.93947222934493,8.213867810512646,0.0012072181633817937,0.0012072181633816241
1187.0,95.113455,8.307033,96.73597113206037,96.73597113206037,95.11366206569086,8.306645353342669,0.00043948393744419595,0.0004394839374368654
1188.0,95.288416,8.400224,96.93420306414025,96.93420306414025,95.28839916788317,8.400255319950872,3.55564266985276e-05,-3.555642644127081e-05
1189.0,95.463431,8.494179,97.1328422789948,97.1328422789948,95.46326887451309,8.494479017746158,0.00034102099864242633,-0.00034102099862970826
1190.0,95.639068,8.589225,97.33254635609356,97.33254635609356,95.63884729637269,8.589631094571027,0.00046219356521195245,-0.0004621935651741674
1191.0,95.816275,8.685285,97.53411263814824,97.53411263814824,95.81583014432258,8.686098801536243,0.000927453240940994,-0.0009274532409391961
1192.0,95.991112,8.780126,97.73301144735488,97.73301144735488,95.99024133212696,8.78170976249153,0.0018073090977289877,-0.0018073090977266117
1193.0,96.174114,8.879404,97.94119704964957,97.94119704964957,96.17255149448883,8.882229552698469,0.0032288034198877796,-0.0032288034198861546
1194.0,96.357996,8.979424,98.15050399418293,98.15050399418293,96.35559129446507,8.983747072635145,0.004946874338252208,-0.004946874338249887
1195.0,96.535246,9.075788,98.35222895740446,98.35222895740446,96.53176094422683,9.082018109362457,0.00713861866261774,-0.007138618662611824
1196.0,96.716029,9.174783,98.55831101990606,98.55831101990606,96.71149254416636,9.182846420281304,0.009251928348380387,-0.009251928348380347
1197.0,96.890886,9.270722,98.75771999301443,98.75771999301443,96.8851701137861,9.280826126784863,0.01160882135682854,-0.011608821356827347
1198.0,97.06048,9.364099,98.95127643253585,98.95127643253585,97.0535298545814,9.376319988247248,0.014059056692362744,-0.014059056692362303
1199.0,97.224333,9.455592,99.13890288720431,99.13890288720431,97.21652404808052,9.46925311368863,0.015735493551031203,-0.015735493551030516
1200.0,97.382851,9.544798,99.32075715189761,99.32075715189761,97.37430873027787,9.559668576401613,0.017149472718476846,-0.017149472718469276
1201.0,97.536476,9.631915,99.49732381493857,99.49732381493857,97.52732174429048,9.647775294050938,0.01831254556246816,-0.0183125455624613
1202.0,97.685242,9.717044,99.66868557280564,99.66868557280564,97.67565078107262,9.733585198815524,0.019120741062199787,-0.019120741062191388
1203.0,97.829631,9.800242,99.8352905570915,99.8352905570915,97.81969853064874,9.817295762924243,0.019735368688984734,-0.019735368688976847
1204.0,97.968969,9.881119,99.99636219363808,99.99636219363808,97.958808404634,9.898490024824287,0.020124368353755633,-0.020124368353736516
1205.0,98.104076,9.960094,100.15282224536631,100.15282224536631,98.09379179811816,9.977605290281407,0.02030788259928233,-0.020307882599146718
1206.0,98.231324,10.034786,100.30033995394344,100.30033995394344,98.22093568679874,10.052411050979604,0.02045872608940053,-0.020458726089376787
1207.0,98.360387,10.110927,100.45015787842648,100.45015787842648,98.34994432526788,10.128583077224858,0.020513081643940802,-0.020513081643652818
1208.0,98.482459,10.183683,100.59223894100354,100.59223894100354,98.47218657075659,10.200997571859567,0.020132491183185885,-0.02013249118188909
1209.0,98.600319,10.254645,100.72978561728063,100.72978561728063,98.59043599307871,10.271255383168302,0.019328182915214657,-0.019328182915126634
1210.0,98.716441,10.325234,100.865652600416,100.865652600416,98.70715766018245,10.340795929133465,0.018120541838566394,-0.018120541836686196
1211.0,98.824252,10.391228,100.99203295580622,100.99203295580622,98.81565887929226,10.405599312141492,0.01674444194848085,-0.01674444194811785
1212.0,98.93083,10.45688,101.11718374408598,101.11718374408598,98.92304120682464,10.469878037195032,0.015153028411906994,-0.015153028411659226
1213.0,99.034151,10.520814,101.23866202787218,101.23866202787218,99.0272157091289,10.532365201383168,0.013473251755283739,-0.013473251753931492
1214.0,99.134369,10.583066,101.35661791216204,101.35661791216204,99.12831930780541,10.593124170968828,0.011737358258462395,-0.011737358257415833
1215.0,99.231583,10.643675,101.47115610463105,101.47115610463105,99.22644909276671,10.652196519852064,0.009948532759613668,-0.009948532759613354
1216.0,99.325709,10.702577,101.58217176013683,101.58217176013683,99.32152193629203,10.709516933011969,0.008105194180601122,-0.008105194179945005
1217.0,99.42053,10.762147,101.69413019483821,101.69413019483821,99.41736593112277,10.767384189734976,0.006118781592765027,-0.006118781592160982
1218.0,99.51735,10.823155,101.80854576817337,101.80854576817337,99.51527859250558,10.826579070623007,0.004001873141323496,-0.004001873141317076
1219.0,99.617121,10.886333,101.92661221635055,101.92661221635055,99.61628167178904,10.887718778445347,0.0016201400387918865,-0.0016201400387112154
1220.0,99.720105,10.951425,102.04842089931748,102.04842089931748,99.72045341433098,10.950850410935699,0.0006719710848255952,0.000671971084824884
1221.0,99.828361,11.01986,102.17647309569344,102.17647309569344,99.8299326043915,11.017270827094006,0.0030288210083326173,0.003028821008157543
1222.0,99.937749,11.088857,102.30578646092678,102.30578646092678,99.94046076756807,11.084393635140637,0.005222576874594792,0.005222576874590405
1223.0,100.048015,11.158127,102.43599310126304,102.43599310126304,100.05172695216675,11.152022069719784,0.00714484167875394,0.007144841678460491
1224.0,100.163572,11.230524,102.57234603984698,102.57234603984698,100.16822261044801,11.22288027535836,0.008947329430414845,0.008947329429502887
1225.0,100.282176,11.304608,102.71217942441511,102.71217942441511,100.28767276460948,11.29557852909983,0.010570986988403822,0.010570986988396166
1226.0,100.403741,11.380354,102.85540578628124,102.85540578628124,100.41000679416493,11.370064607305217,0.01204706514238059,0.012047065141305751
1227.0,100.528366,11.457829,103.00214459529379,103.00214459529379,100.53533162672363,11.446392613050946,0.013390702076493063,0.013390702075847805
1228.0,100.654719,11.536364,103.15090965395851,103.15090965395851,100.6623836937367,11.523780046650518,0.014734429475868994,0.014734429475658554
1229.0,100.783776,11.616498,103.30281449038084,103.30281449038084,100.79212047479737,11.602795532785112,0.016043312233419534,0.016043312233412495
1230.0,100.924533,11.703785,103.46843102369401,103.46843102369401,100.93357879619651,11.688925547094444,0.01739625734120314,0.017396257341199227
1231.0,101.049575,11.78103,103.61540166623655,103.61540166623655,101.05912426084753,11.765336972507942,0.018370070620453954,0.018370070620405687
1232.0,101.187802,11.86577,103.77753058880455,103.77753058880455,101.19763611885887,11.849599968985055,0.0189256386088946,0.01892563860881885
1233.0,101.323102,11.947871,103.93578660830615,103.93578660830615,101.33286077126928,11.931814693555477,0.018789321257736837,0.01878932125760353
1234.0,101.463119,12.032387,104.09932701027434,104.09932701027434,101.4726268271417,12.016731785430949,0.018316236517343834,0.01831623651719254
1235.0,101.602485,12.115914,104.26179733349024,104.26179733349024,101.61150833711896,12.101043895343293,0.017393694985937562,0.017393694985765387
1236.0,101.747022,12.201951,104.42999044775239,104.42999044775239,101.75531721852855,12.18826733745688,0.016001664633102517,0.016001664632956047
1237.0,101.893837,12.28891,104.60061010293262,104.60061010293262,101.90124190821284,12.276681426094113,0.014295827552549389,0.014295827552443387
1238.0,102.042329,12.376602,104.77304500211287,104.77304500211287,102.04876549744334,12.365959555397017,0.012437448551280704,0.012437448551218202
1239.0,102.192917,12.466226,104.9482742730388,104.9482742730388,102.19873208343904,12.456597955970112,0.011247863230166714,0.011247863230136008
1240.0,102.344403,12.554572,105.12361328448516,105.12361328448516,102.34884999551714,12.54719806874843,0.008611076078653366,0.008611076078651386
1241.0,102.498217,12.644347,105.30168685387193,105.30168685387193,102.50137265332208,12.639105813698714,0.006117857609813235,0.006117857609807532
1242.0,102.653857,12.735015,105.48178876225295,105.48178876225295,102.65570263553765,12.731944126649445,0.0035828248175125412,0.003582824817502001
1243.0,102.814541,12.828632,105.66773691206693,105.66773691206693,102.81512141637434,12.827664369217851,0.0011283583199309393,0.001128358319927338
1244.0,102.970802,12.919709,105.84858961232521,105.84858961232521,102.97025395519758,12.920624534435838,0.001067031587477865,-0.0010670315874646502
1245.0,103.131963,13.013666,106.03512991351012,106.03512991351012,103.13035550354404,13.016357369309546,0.0031348865396195495,-0.0031348865396125967
1246.0,103.294879,13.108613,106.22368886164931,106.22368886164931,103.29228823708101,13.112961010120166,0.005061348091907293,-0.00506134809186219
1247.0,103.458769,13.20447,106.41355439696505,106.41355439696505,103.45544888641086,13.210056430262028,0.006498565789256499,-0.006498565789178009
1248.0,103.623132,13.300389,106.60386184831862,106.60386184831862,103.6191015167737,13.307189011756945,0.007904742559508265,-0.007904742559479788
1249.0,103.788634,13.397072,106.79554225756071,106.79554225756071,103.78405408997787,13.404821093669657,0.009001334818344035,-0.009001334818343806
1250.0,103.956069,13.494652,106.98934668704996,106.98934668704996,103.95096204071488,13.503319253977063,0.010059936612261882,-0.010059936612170304
1251.0,104.125021,13.59305,107.18487673128419,107.18487673128419,104.11949200627714,13.602463808654129,0.01091739735303252,-0.010917397352794561
1252.0,104.295113,13.69254,107.3819450302978,107.3819450302978,104.2894919457356,13.70214293547905,0.011127111972927733,-0.011127111972916147
1253.0,104.466328,13.792375,107.58015827098137,107.58015827098137,104.46063161334116,13.802141411250817,0.011306264179078195,-0.011306264179031888
1254.0,104.638904,13.892707,107.77979723436167,107.77979723436167,104.63315765452559,13.902592762335225,0.01143454342157065,-0.011434543421423981
1255.0,104.812152,13.994415,107.98070513126214,107.98070513126214,104.8069197756956,14.003442666964284,0.010434315597561443,-0.010434315597031542
1256.0,104.986205,14.095423,108.18195463433617,108.18195463433617,104.98109497190094,14.104261118025361,0.01020905075917103,-0.010209050757126109
1257.0,105.178842,14.206996,108.40457889333629,108.40457889333629,105.1738792829901,14.215597394015484,0.00993038464159277,-0.009930384639814865
1258.0,105.337523,14.299134,108.58807469850035,108.58807469850035,105.33284585708164,14.307250753028043,0.009367889068359043,-0.009367889067430815
1259.0,105.514847,14.402171,108.79316320975924,108.79316320975924,105.5105670652944,14.409605376239645,0.008578332655992693,-0.008578332655976663
1260.0,105.696956,14.508161,109.00386926729745,109.00386926729745,105.69318550058175,14.51471270151803,0.007559196957641089,-0.007559196956412498
1261.0,105.873022,14.610841,109.20768511314247,109.20768511314247,105.8698366721508,14.616375193916834,0.006385422132957764,-0.0063854221329577646
1262.0,106.053674,14.716353,109.4168870933387,109.4168870933387,106.05113620918969,14.720758842450982,0.005084469480659728,-0.005084469480084636
1263.0,106.234783,14.822638,109.62687115428723,109.62687115428723,106.23306831526818,14.825611184499733,0.0034321960606810316,-0.0034321960606588276
1264.0,106.415028,14.928489,109.83589115467743,109.83589115467743,106.41409510622245,14.93010357363218,0.0018647087745649702,-0.0018647087742962151
1265.0,106.596655,15.035964,110.04692326226491,110.04692326226491,106.59676808551741,15.03576874948422,0.00022563487797972286,0.00022563487794866242
1266.0,106.779161,15.143942,110.25897269648448,110.25897269648448,106.78019798431383,15.14215685462628,0.002064480678629101,0.00206448067851944
1267.0,106.962504,15.252715,110.47215083541992,110.47215083541992,106.9644525489636,15.249372364909316,0.00386911519769854,0.0038691151975455054
1268.0,107.146189,15.362757,110.68627184986146,110.68627184986146,107.14934162075689,15.357371568111638,0.006240344081930809,0.006240344080283077
1269.0,107.33054,15.473362,110.90126214503749,110.90126214503749,107.33477140245503,15.46616774040981,0.008346384713604925,0.008346384712339356
1270.0,107.515155,15.584715,111.1168706053277,111.1168706053277,107.52049456656422,15.575684379245866,0.010491095381267098,0.01049109538126635
1271.0,107.70004,15.69599,111.33268326513054,111.33268326513054,107.70612407601263,15.685760555133148,0.011901996606090018,0.01190199660604715
1272.0,107.885403,15.8079,111.54924177179123,111.54924177179123,107.89209431954644,15.796722823408315,0.0130270117000943,0.013027011697239077
1273.0,108.07514,15.923013,111.77120866545249,111.77120866545249,108.08236465231266,15.911031448943302,0.013991181750054094,0.013991181749875717
1274.0,108.257868,16.034389,111.98525123211628,111.98525123211628,108.26548128021781,16.021857799338903,0.014662640474471241,0.01466264047387344
1275.0,108.444962,16.14908,112.20475530949678,112.20475530949678,108.4528701532299,16.136170517970772,0.015139141777869765,0.015139141777651813
1276.0,108.632998,16.264991,112.4257073862867,112.4257073862867,108.641052595785,16.251959664343637,0.015319667824350958,0.015319667823763237
1277.0,108.821016,16.381738,112.64708821086809,112.64708821086809,108.82912028021543,16.36874983471354,0.015309206227582153,0.015309206226555055
1278.0,109.008511,16.499001,112.8683019327291,112.8683019327291,109.01653079476276,16.486277402066932,0.015040181262177415,0.015040181262176898
1279.0,109.195717,16.616189,113.08922567373698,113.08922567373698,109.20315221852434,16.604513009065794,0.013842371140821408,0.013842371140740377
1280.0,109.387781,16.737618,113.31651444485011,113.31651444485011,109.39458156380401,16.727048312287447,0.012568451232879578,0.012568451232866684
1281.0,109.576657,16.857646,113.54034818977188,113.54034818977188,109.58254288606268,16.848588443304248,0.010801990003682786,0.010801990003682403
1282.0,109.761835,16.97667,113.76051736092838,113.76051736092838,109.76689245921521,16.968961297643645,0.009219652148120983,0.009219652148028985
1283.0,109.951033,17.099277,113.98599878991676,113.98599878991676,109.95514688733154,17.09306635915638,0.00744957238135539,0.00744957238135517
1284.0,110.139693,17.222301,114.21124434077466,114.21124434077466,110.14266223681449,17.217860089929967,0.005342101600557151,0.005342101600446845
1285.0,110.329056,17.346282,114.43758549208708,114.43758549208708,110.33055085298741,17.344066708889688,0.0026724707963644337,0.0026724707963644333
1286.0,110.517592,17.47106,114.66366488709484,114.66366488709484,110.51769028232849,17.470915654745557,0.00017462808644329406,0.00017462808642367827
1287.0,110.706259,17.597205,114.89060177155402,114.89060177155402,110.70501250215993,17.59901977819462,0.0022016304778448427,-0.0022016304778214326
1288.0,110.894871,17.724565,115.11816254629427,115.11816254629427,110.89232745350682,17.728236447339853,0.004466447618886022,-0.004466447618882122
1289.0,111.083458,17.853317,115.34647878193965,115.34647878193965,111.0797469514448,17.85862881793287,0.006479760113687684,-0.006479760113678997
1290.0,111.279777,17.988778,115.58495976596257,115.58495976596257,111.27496643793953,17.995604936806696,0.008351561141502907,-0.008351561141498556
1291.0,111.464419,18.117682,115.8101083741762,115.8101083741762,111.45877088616037,18.125634798128004,0.009754393267156826,-0.009754393267048134
1292.0,111.648231,18.247189,116.03492054755108,116.03492054755108,111.64182377691805,18.256141881413978,0.011009386596656958,-0.011009386596500708
1293.0,111.834796,18.379174,116.26340339391962,116.26340339391962,111.8273863390568,18.38944939375513,0.012668338174997094,-0.012668338174986932
1294.0,112.0222,18.513229,116.49376780852675,116.49376780852675,112.01399757023938,18.524519591331888,0.013955547520665619,-0.01395554752065804
1295.0,112.209788,18.648134,116.72477209983376,116.72477209983376,112.20065369117084,18.66061670516811,0.015467822280478561,-0.015467822280333264
1296.0,112.397361,18.783928,116.95627993242856,116.95627993242856,112.38725127942672,18.79764651018223,0.01704124325540235,-0.017041243255397666
1297.0,112.584817,18.92044,117.18811025760687,117.18811025760687,112.57365243197326,18.93548650305728,0.01873619047396078,-0.01873619047396075
1298.0,112.770966,19.05764,117.41929368408351,117.41929368408351,112.75908934557366,19.073540421387715,0.019846367946547847,-0.019846367946502214
1299.0,112.957416,19.19662,117.65177958271157,117.65177958271157,112.94513470257031,19.212956260306367,0.02043779996363792,-0.020437799963448928
1300.0,113.146198,19.338979,117.88815920987093,117.88815920987093,113.13385892484443,19.355288457109644,0.020451189865288644,-0.02045118986503367
1301.0,113.331001,19.479321,118.12015162553259,118.12015162553259,113.31866338026916,19.495530238854602,0.02037047581350224,-0.020370475813477812
1302.0,113.515469,19.620636,118.35247009219766,118.35247009219766,113.50332509909786,19.63649791280573,0.019976851778429422,-0.01997685177842733
1303.0,113.699787,19.763259,118.585468255486,118.585468255486,113.68813050350393,19.778396016757526,0.01910505657883636,-0.019105056578834895
1304.0,113.883689,19.907147,118.81891408165409,118.81891408165409,113.8728866313277,19.921091816089913,0.017639417924462643,-0.01763941792440567
1305.0,114.061081,20.047005,119.04475500806072,119.04475500806072,114.05122994813925,20.059647769230825,0.016027564898858045,-0.016027564898852657
1306.0,114.234997,20.18483,119.2666132647321,119.2666132647321,114.22604238926795,20.196255473722754,0.014516421843969026,-0.01451642184396864
1307.0,114.404523,20.319712,119.4832089434388,119.4832089434388,114.39633131420982,20.330103673308418,0.013232180101326851,-0.013232180101297064
1308.0,114.568688,20.451548,119.69371733280684,119.69371733280684,114.56147007727192,20.460652298413827,0.011618375881183857,-0.011618375881177862
1309.0,114.727662,20.579788,119.8979327810719,119.8979327810719,114.7213220820965,20.587739909342805,0.010169927296650257,-0.010169927296594689
1310.0,114.881507,20.704523,120.09596094736939,120.09596094736939,114.8759952420019,20.71139808833716,0.00881171469541001,-0.008811714695410009
1311.0,115.030367,20.825883,120.28799613055791,120.28799613055791,115.0256659172075,20.8317150863117,0.007490888476608481,-0.007490888476608223
1312.0,115.173946,20.944147,120.47398513661993,120.47398513661993,115.17031698940863,20.94862513317821,0.00576397385785618,-0.005763973857856118
1313.0,115.313656,21.059583,120.6551962485323,120.6551962485323,115.31095626450835,21.0628969332308,0.0042744268835776655,-0.004274426883576758
1314.0,115.448819,21.171586,120.83072099013748,120.83072099013748,115.44689926395723,21.17393035241313,0.0030300783341087783,-0.0030300783341054853
1315.0,115.579088,21.280216,121.00032878265912,121.00032878265912,115.57799075296444,21.28154917490458,0.0017266459924511145,-0.0017266459924144498
1316.0,115.707405,21.387947,121.1678648906443,121.1678648906443,115.70721754082393,21.38817361549372,0.0002941012150319879,-0.0002941012149819746
1317.0,115.826753,21.488778,121.32409894810368,121.32409894810368,115.82748716652198,21.487894664849446,0.0011485997867842477,0.001148599786767904
1318.0,115.944841,21.588977,121.47896667628653,121.47896667628653,115.94647361444227,21.58702199876147,0.0025470492260185325,0.002547049225964349
1319.0,116.059164,21.686536,121.62925879455517,121.62925879455517,116.06172128995769,21.683487975967555,0.003978716178628439,0.003978716178557032
1320.0,116.17339,21.784473,121.77972627536255,121.77972627536255,116.1768801319843,21.78033266947377,0.005415104628196603,0.005415104628167529
1321.0,116.286545,21.882008,121.92912258528446,121.92912258528446,116.29099516130685,21.87675366331371,0.0068856364752906945,0.006885636475284802
1322.0,116.402038,21.982069,122.08194319827469,122.08194319827469,116.40749180065158,21.97566100549824,0.008414650027289515,0.008414650027289129
1323.0,116.523693,22.087822,122.24315437526306,122.24315437526306,116.53012464981283,22.0803042787053,0.009893546016458714,0.009893546016457914
1324.0,116.637334,22.186877,122.39392706908374,122.39392706908374,116.64457212136544,22.178458092638113,0.011102630412156922,0.01110263041215281
1325.0,116.755114,22.289874,122.55041530485377,122.55041530485377,116.76310440891604,22.28062781565659,0.012220415686779985,0.012220415686767974
1326.0,116.876975,22.397427,122.71297865196547,122.71297865196547,116.8859609232326,22.387084868077967,0.013700602506274763,0.01370060250625292
1327.0,117.000648,22.506613,122.87798875689468,122.87798875689468,117.01037346225442,22.495481541853557,0.014781541750718637,0.014781541750690031
1328.0,117.131008,22.621678,123.05191017619265,123.05191017619265,117.1411806209786,22.610103210888596,0.015409671007126494,0.015409671007106066
1329.0,117.252923,22.729496,123.2147043255495,123.2147043255495,117.26331308103201,22.717739549777036,0.015689738866433316,0.015689738866407635
1330.0,117.384109,22.845923,123.39015139546504,123.39015139546504,117.39460219347431,22.83412177084601,0.015791647122273555,0.015791647122258605
1331.0,117.511078,22.959473,123.56053550486891,123.56053550486891,117.52176430954832,22.947526008327994,0.01602896820676408,0.016028968206752228
1332.0,117.642539,23.077223,123.73707027699525,123.73707027699525,117.65316001973883,23.065422867942093,0.01587605671685397,0.015876056716848237
1333.0,117.775061,23.19694,123.91571039964268,123.91571039964268,117.7857476589234,23.185142481626915,0.015918106630767655,0.015918106630764147
1334.0,117.907976,23.317235,124.09502956830721,124.09502956830721,117.9184541663325,23.305742319157858,0.015552288662144581,0.015552288662138088
1335.0,118.042162,23.439531,124.27663503776499,124.27663503776499,118.0524535180705,23.42831756944902,0.01522026178870743,0.015220261788695295
1336.0,118.180093,23.566263,124.46399962154209,124.46399962154209,118.19027492832912,23.555245552956908,0.0150018600128988,0.015001860012711338
1337.0,118.313604,23.689934,124.64603849827576,124.64603849827576,118.32375687069131,23.67902234326821,0.014904530717437046,0.014904530717250272
1338.0,118.450735,23.818033,124.83374584377931,124.83374584377931,118.46095310968015,23.807128567402888,0.014943775148890396,0.014943775148889827
1339.0,118.588809,23.948055,125.02345809062683,125.02345809062683,118.5991516345286,23.937097283746983,0.01506790079851169,0.015067900798455965
1340.0,118.727231,24.079784,125.21459812720792,125.21459812720792,118.73791217042174,24.068550651646753,0.01550082310083958,0.015500823100827224
1341.0,118.869052,24.215579,125.41100824922205,125.41100824922205,118.87999091671816,24.204162306799862,0.01581141304858496,0.01581141304858192
1342.0,119.004766,24.346637,125.59973246476417,125.59973246476417,119.01601759509036,24.334981010877495,0.01620063191672854,0.016200631916714087
1343.0,119.144656,24.482501,125.79480418549217,125.79480418549217,119.15610447948825,24.470732973364466,0.016418103833498125,0.016418103833279473
1344.0,119.288548,24.622626,125.99571784742909,125.99571784742909,119.29983100965508,24.61112147485046,0.016113981686501088,0.01611398168650098
1345.0,119.427203,24.758636,126.19000721544933,126.19000721544933,119.43827415740756,24.747436574331683,0.01574794150494067,0.01574794150489247
1346.0,119.568844,24.899132,126.38957455537867,126.38957455537867,119.57991200061761,24.888027437607953,0.015678390975810554,0.01567839097580733
1347.0,119.710617,25.04091,126.59014085439952,126.59014085439952,119.72167177587983,25.0299110179006,0.01559441172267092,0.015594411722668493
1348.0,119.852438,25.183491,126.79130926002513,126.79130926002513,119.86325672200263,25.172817884127525,0.015197373068966973,0.015197373068832277
1349.0,119.995161,25.328325,126.9947132604251,126.9947132604251,120.00579420555395,25.31792539962128,0.014873356997993938,0.014873356997993442
1350.0,120.136672,25.473186,127.19728686714095,127.19728686714095,120.1471196002849,25.46305684510578,0.014551705418401846,0.01455170541838717
1351.0,120.278461,25.619427,127.4010423927377,127.4010423927377,120.28862528745684,25.609659674399943,0.014096573657557874,0.014096573657548945
1352.0,120.420695,25.766683,127.60583192156805,127.60583192156805,120.43019087919099,25.75763895509844,0.013113598659078584,0.013113598659069622
1353.0,120.56357,25.914805,127.81167776640665,127.81167776640665,120.57182701407946,25.907009807573978,0.011355320623705785,0.011355320623632321
1354.0,120.709727,26.067122,128.0228100083224,128.0228100083224,120.71642274097537,26.060856579782456,0.009169974793407396,0.009169974793130368
1355.0,120.850486,26.214907,128.2269236852915,128.2269236852915,120.8555682721752,26.21019128889091,0.0069330672668891985,0.006933067266698227
1356.0,120.9936,26.366993,128.43577474708977,128.43577474708977,120.99729801350813,26.363590715838036,0.005025021534784833,0.00502502153478317
1357.0,121.136508,26.520284,128.645357106421,128.645357106421,121.13887772457441,26.51812191018041,0.0032078383604100752,0.00320783836039955
1358.0,121.278048,26.673335,128.85382479468683,128.85382479468683,121.2790721894929,26.67240811148786,0.0013813350177615626,0.0013813350177213997
1359.0,121.420545,26.828464,129.06445995783238,129.06445995783238,121.42009421914015,26.828868655735235,0.0006057636896230574,-0.0006057636895362933
1360.0,121.563348,26.984779,129.27616523710023,129.27616523710023,121.56120526784001,26.986687352995304,0.002869340039829272,-0.0028693400396673637
1361.0,121.706772,27.141614,129.488650570861,129.488650570861,121.70221481016031,27.145641030387427,0.006081525546785571,-0.006081525546770402
1362.0,121.849743,27.29975,129.70178806004452,129.70178806004452,121.84304302109364,27.305625252884486,0.008911134260151707,-0.008911134260119856
1363.0,121.991947,27.458709,129.91501920958052,129.91501920958052,121.98332922027387,27.466209357788276,0.011424600402646458,-0.011424600402639602
1364.0,122.137801,27.6226,130.13434679595946,130.13434679595946,122.127008493126,27.63192237019296,0.014261303960013627,-0.014261303959964732
1365.0,122.276323,27.78052,130.3443486629436,130.3443486629436,122.2640033044535,27.79108631900191,0.01623028020734085,-0.016230280207109725
1366.0,122.417615,27.94278,130.55943460757112,130.55943460757112,122.40374353342263,27.95459346459299,0.018220195682180067,-0.01822019568213228
1367.0,122.558769,28.106302,130.77537982286032,130.77537982286032,122.54347304420754,28.119238403781658,0.020032893111250685,-0.020032893111213944
1368.0,122.700051,28.270996,130.99229159976525,130.99229159976525,122.6832669145373,28.285094818518463,0.021919904389295614,-0.0219199043892951
1369.0,122.841301,28.437045,131.21021005298726,131.21021005298726,122.82315652198223,28.45218553918831,0.0236317161765752,-0.02363171617638249
1370.0,122.982519,28.604613,131.42926561297196,131.42926561297196,122.96323094187332,28.620603043366756,0.0250541548085099,-0.0250541548084859
1371.0,123.122873,28.7735,131.64878089676836,131.64878089676836,123.10306484147011,28.789817116880815,0.025663426264769206,-0.025663426264638422
1372.0,123.262495,28.943291,131.8685286516259,131.8685286516259,123.24252491300115,28.959640343943974,0.025809018232783983,-0.0258090182324736
1373.0,123.401043,29.113787,132.0881445243903,132.0881445243903,123.38139367397554,29.129777245507903,0.02533345544174176,-0.025333455441719187
1374.0,123.539508,29.286121,132.3091398929067,132.3091398929067,123.52063685313384,29.30138801934263,0.024273484785923533,-0.0242734847851829
1375.0,123.677463,29.459882,132.53093417867385,132.53093417867385,123.65989592059276,29.474013587002545,0.0225455989077888,-0.022545598907484088
1376.0,123.815748,29.634621,132.75370750320965,132.75370750320965,123.79929304832709,29.64778460207699,0.021072395549609678,-0.021072395549591685
1377.0,123.954434,29.809611,132.9769353759677,132.9769353759677,123.93851061607559,29.82228137718801,0.02034926567939941,-0.020349265678764807
1378.0,124.0929,29.985071,133.20039906966718,133.20039906966718,124.07742540986862,29.99732044948079,0.019736057162372686,-0.019736057162139706
1379.0,124.234672,30.165354,133.42969947522815,133.42969947522815,124.21951690330233,30.177288938524914,0.01929040470050168,-0.019290404700418273
1380.0,124.372721,30.341749,133.65364715187883,133.65364715187883,124.35786582267743,30.353391511631667,0.018873907130708207,-0.018873907130704578
1381.0,124.510575,30.5196,133.87862524518167,133.87862524518167,124.49644379124139,30.5306237555797,0.017922450950148106,-0.017922450950031456
1382.0,124.648199,30.69843,134.10423997036372,134.10423997036372,124.63501980247581,30.70866496980879,0.016686696928051366,-0.016686696927883674
1383.0,124.785727,30.878036,134.33041577748477,134.33041577748477,124.77356060607633,30.887443949829876,0.015379553345504166,-0.015379553345482824
1384.0,124.929266,31.066001,134.56688650905585,134.56688650905585,124.91801857407071,31.07466115762509,0.014195172423262155,-0.014195172423257397
1385.0,125.058598,31.236231,134.7806463379959,134.7806463379959,125.04827604054194,31.244149343840824,0.013009343420615755,-0.013009343420381146
1386.0,125.195985,31.417764,135.00828115519678,135.00828115519678,125.18666368161378,31.42488798680815,0.01173192927441612,-0.011731929274158375
1387.0,125.332384,31.599569,135.23553864541606,135.23553864541606,125.32450435453603,31.60556976140408,0.009904440926504691,-0.009904440926502426
1388.0,125.471857,31.786099,135.46842452977066,135.46842452977066,125.46544736005421,31.79096364553858,0.008046630378651479,-0.008046630378419063
1389.0,125.608336,31.969827,135.69727570968084,135.69727570968084,125.60365890533221,31.973365459147367,0.005864802440748047,-0.005864802440687085
1390.0,125.745188,32.154081,135.92677794794457,135.92677794794457,125.74199285556863,32.15649106279709,0.004002168240248195,-0.004002168240237982
1391.0,125.882522,32.338409,136.15663421915613,136.15663421915613,125.88028598351931,32.34009092313649,0.002797969824524292,-0.002797969824524284
1392.0,126.019928,32.522796,136.3865838774256,136.3865838774256,126.01839840983952,32.523943571463526,0.00191221503051222,-0.0019122150304884365
1393.0,126.15797,32.708192,136.6177244288162,136.6177244288162,126.15700523743976,32.70891409973671,0.0012050704657443358,-0.0012050704657078349
1394.0,126.302988,32.903825,136.86124265754873,136.86124265754873,126.30281481735754,32.903954321986994,0.00021613977877466377,-0.00021613977877391088
1395.0,126.429219,33.074753,137.07372721923727,137.07372721923727,126.42987468677352,33.07426426234257,0.0008177955996177763,0.0008177955996176546
1396.0,126.566528,33.261173,137.30525532494516,137.30525532494516,126.56816120044046,33.25995782845093,0.002035678160309655,0.0020356781602919693
1397.0,126.704,33.448022,137.53722659952626,137.53722659952626,126.70656196768081,33.44611877362874,0.0031915433598538956,0.0031915433598239413
1398.0,126.841997,33.635619,137.77011265088802,137.77011265088802,126.84537553705734,33.63311263420845,0.004206706803282885,0.004206706803232549
1399.0,126.979589,33.823312,138.00283544684834,138.00283544684834,126.98397726786096,33.820060377033215,0.005461679845768288,0.00546167984562935
1400.0,127.119227,34.014211,138.2393531483021,138.2393531483021,127.12474098201689,34.010129309527585,0.006860334889438777,0.0068603348894374205
1401.0,127.253369,34.198664,138.4674207682147,138.4674207682147,127.26039778906893,34.19346525570713,0.008742472075911379,0.008742472075902317
1402.0,127.393073,34.391185,138.70528394747646,138.70528394747646,127.40180610859598,34.38473098316259,0.010859167513519435,0.010859167513514699
1403.0,127.527455,34.576538,138.93422058210277,138.93422058210277,127.53783896525236,34.56886963758945,0.012908544318462521,0.01290854431845628
1404.0,127.668332,34.769229,139.17291953312596,139.17291953312596,127.67960463832152,34.76091047336703,0.014009648820405925,0.014009648820393444
1405.0,127.804484,34.954282,139.40266715940376,139.40266715940376,127.81599223342837,34.94579528944476,0.014299080134411496,0.014299080134411193
1406.0,127.943918,35.14337,139.63761002676964,139.63761002676964,127.95540500419328,35.13490433177584,0.014269506081781395,0.014269506081763802
1407.0,128.082745,35.331019,139.87103395627534,139.87103395627534,128.0938611748698,35.32283149665948,0.013805960838970904,0.013805960838967549
1408.0,128.222144,35.519185,140.10521278548686,140.10521278548686,128.23271352179646,35.511404425465216,0.013124485936499748,0.01312448593649148
1409.0,128.369911,35.719302,140.35397653379607,140.35397653379607,128.38016136409175,35.71176044843851,0.012725759858175034,0.01272575985816299
1410.0,128.501185,35.89717,140.57504425501793,140.57504425501793,128.511151453915,35.88984058087543,0.012371361620441617,0.012371361620440401
1411.0,128.643879,36.090353,140.815215413244,140.815215413244,128.6534203687789,36.08333926534644,0.011841882956935798,0.011841882956935765
1412.0,128.781556,36.276438,141.04669544307197,141.04669544307197,128.79050466550518,36.269862453431905,0.011104792973887204,0.011104792973885938
1413.0,128.922069,36.466275,141.28287779563368,141.28287779563368,128.93034083819052,36.460198861739265,0.010263662271032408,0.010263662271023273
1414.0,129.061348,36.654912,141.51736207222655,141.51736207222655,129.06914260016956,36.649188138525915,0.009670490265630119,0.009670490265624483
1415.0,129.201823,36.845046,141.75376049727683,141.75376049727683,129.20905202783106,36.83973883356393,0.008967990798536723,0.008967990798530142
1416.0,129.342411,37.035591,141.99055676761705,141.99055676761705,129.34917525266044,37.03062611821948,0.008390778578228156,0.008390778578217835
1417.0,129.483152,37.226724,142.2279173351573,142.2279173351573,129.48961458478456,37.22198137152677,0.008016079274359373,0.008016079274357383
1418.0,129.623889,37.418232,142.46557764108505,142.46557764108505,129.63021736096164,37.41358847044726,0.007849236852592718,0.007849236852583034
1419.0,129.764138,37.610092,142.70323291770896,142.70323291770896,129.77080722519736,37.60519880569126,0.008271754062843174,0.00827175406284079
1420.0,129.904299,37.802311,142.94112540851003,142.94112540851003,129.911531451323,37.79700477362704,0.008970194560899659,0.008970194560889625
1421.0,130.043371,37.993256,143.17734636490704,143.17734636490704,130.05126491888495,37.98746447616493,0.009790592612008275,0.009790592611998319
1422.0,130.183127,38.184722,143.414391796701,143.414391796701,130.19148806204848,38.17858749119965,0.010370128099491279,0.010370128099488365
1423.0,130.323303,38.376168,143.65166932910319,143.65166932910319,130.33185442798654,38.369893295259395,0.010606547043718577,0.01060654704371592
1424.0,130.463835,38.567554,143.88910884403163,143.88910884403163,130.47232651527852,38.56132243596691,0.010532721491815437,0.010532721491815424
1425.0,130.604659,38.759273,144.12698939293733,144.12698939293733,130.61307343233688,38.75309694127424,0.010437737922364855,0.010437737922361016
1426.0,130.745535,38.951237,144.36509799504603,144.36509799504603,130.75397321740718,38.94504213374036,0.010468040933518741,0.010468040933515228
1427.0,130.885214,39.141315,144.60097771739655,144.60097771739655,130.8935756959167,39.1351746962228,0.010374068106569484,0.010374068106561909
1428.0,131.026273,39.332649,144.83868647841638,144.83868647841638,131.03428639746113,39.326762674591855,0.009943005867473698,0.009943005867466782
1429.0,131.167534,39.524191,145.07668240545775,145.07668240545775,131.17519693781364,39.5185601740468,0.009509301596391304,0.009509301596386412
1430.0,131.309258,39.715916,145.31509990996818,145.31509990996818,131.31639103397018,39.710672467995764,0.008852954393825562,0.008852954393814614
1431.0,131.451535,39.907625,145.55383224919365,145.55383224919365,131.4578096468386,39.903010466090535,0.007788781429124143,0.007788781429122341
1432.0,131.594068,40.098975,145.79242743361277,145.79242743361277,131.5991890910467,40.09520701800448,0.006357929051759813,0.006357929051759543
1433.0,131.736224,40.291253,146.03154697314847,146.03154697314847,131.7409254786501,40.287791935208745,0.005838053698506524,0.0058380536985056675
1434.0,131.878132,40.481953,146.26924905805683,146.26924905805683,131.88187154988682,40.479198533360496,0.004644493494905844,0.004644493494890677
1435.0,132.020511,40.672913,146.50744041161343,146.50744041161343,132.02316159739107,40.67095943392487,0.0032927324427339216,0.003292732442730447
1436.0,132.16298,40.86377,146.74560301689726,146.74560301689726,132.16449248388355,40.86265452166764,0.0018793348312488344,0.001879334831248278
1437.0,132.303047,41.051886,146.98013472368152,146.98013472368152,132.30372915888043,41.05138255173408,0.0008478212633693256,0.00084782126336821
1438.0,132.439865,41.236103,147.20960053661315,147.20960053661315,132.44002003523477,41.23598849915836,0.0001927339273616436,0.00019273392736152684
1439.0,132.576218,41.420228,147.43871640517304,147.43871640517304,132.57616753927923,41.42026529595133,6.274768782858574e-05,-6.274768782780021e-05
1440.0,132.712216,41.603028,147.66655606873198,147.66655606873198,132.71162407518813,41.60346583788531,0.0007362587838094763,-0.0007362587838088362
1441.0,132.849353,41.786826,147.8958760536948,147.8958760536948,132.8480320803636,41.78780387240058,0.0016434911370867774,-0.001643491137085032
1442.0,132.987179,41.971022,148.12592675491896,148.12592675491896,132.9849502464565,41.972673394387655,0.0027738864038159418,-0.0027738864038124138
1443.0,133.125672,42.155582,148.3566681195192,148.3566681195192,133.12235901884404,42.1580389947756,0.004124641495590387,-0.004124641495587949
1444.0,133.26503,42.340291,148.58804597065793,148.58804597065793,133.26023043076572,42.34385391027915,0.0059774739223117795,-0.005977473922305033
1445.0,133.405065,42.525299,148.82006945009158,148.82006945009158,133.3985742601579,42.53012220847473,0.008086596545446818,-0.008086596545440035
1446.0,133.544206,42.710876,149.05201804071112,149.05201804071112,133.53696486185234,42.7162624484307,0.009024849492933935,-0.009024849492931036
1447.0,133.683492,42.89588,149.2835947168456,149.2835947168456,133.67522837904383,42.902033693780425,0.010303173222387869,-0.010303173222384714
1448.0,133.823029,43.081245,149.51561237120248,149.51561237120248,133.81385382122343,43.08808523888973,0.011444333691848841,-0.011444333691845707
1449.0,133.962818,43.266901,149.748015341653,149.748015341653,133.95281209516892,43.274369262354504,0.012485714800694799,-0.012485714800682241
1450.0,134.102622,43.452841,149.98065526740152,149.98065526740152,134.09201464667532,43.46076664292671,0.013241289980818308,-0.013241289980450736
1451.0,134.242244,43.63955,150.21380148744763,150.21380148744763,134.2316071492871,43.64750467463806,0.013282298057409072,-0.013282298057399798
1452.0,134.381849,43.827098,150.44760778478775,150.44760778478775,134.37166228949332,43.834720971687716,0.012723158739027487,-0.012723158738901393
1453.0,134.520975,44.015092,150.6814822485929,150.6814822485929,134.5118057214202,44.021956339988236,0.011454031305532627,-0.011454031305442716
1454.0,134.659517,44.201485,150.91372360569227,150.91372360569227,134.65099767782868,44.20786397096754,0.010642843645533674,-0.010642843645365599
1455.0,134.798806,44.389032,151.14733524792888,151.14733524792888,134.79101823245927,44.39486301789401,0.00972882793295242,-0.009728827932695392
1456.0,134.938355,44.576888,151.38134921568874,151.38134921568874,134.93126725045445,44.58219360825255,0.008853568351235533,-0.008853568351227113
1457.0,135.078432,44.76506,151.6159318243778,151.6159318243778,135.07182411722272,44.770004063919366,0.008252750016630206,-0.008252750016618703
1458.0,135.218816,44.953325,151.85077210995547,151.85077210995547,135.2124820214632,44.958060739223306,0.007908635160127693,-0.007908635160084325
1459.0,135.358698,45.141444,152.08519440541968,152.08519440541968,135.3528160278204,45.14583767733039,0.007341797954528135,-0.007341797954385499
1460.0,135.498403,45.330476,152.32024233966308,152.32024233966308,135.4934303964325,45.33418610259287,0.006204163721975702,-0.006204163721836392
1461.0,135.637893,45.519329,152.55501892787788,152.55501892787788,135.6337678898899,45.52240255333775,0.005144245672632923,-0.005144245672613415
1462.0,135.777352,45.708569,152.7900883446585,152.7900883446585,135.774145232813,45.71095448178384,0.00399673355788354,-0.003996733557882031
1463.0,135.916814,45.898091,153.02538723687854,153.02538723687854,135.91450355626426,45.89980655662386,0.002877722152259178,-0.0028777221522563023
1464.0,136.056421,46.087882,153.26099015612286,153.26099015612286,136.05486609480468,46.08903416805138,0.0019352574467099808,-0.0019352574466953805
1465.0,136.196354,46.278173,153.49719041117095,153.49719041117095,136.195385688483,46.278888846292105,0.0012041856617338394,-0.0012041856617325886
1466.0,136.335975,46.468562,153.73328562095554,153.73328562095554,136.33562287863336,46.468821655224346,0.00043750461982652015,-0.00043750461982620817
1467.0,136.475084,46.65763,153.96801478096188,153.96801478096188,136.47480986839167,46.657831582859515,0.0003402701690423929,-0.0003402701690062207
1468.0,136.614,46.847453,154.20323849426578,154.20323849426578,136.61403039135612,46.847430718518154,3.768420040413371e-05,3.768420039886307e-05
1469.0,136.753246,47.037888,154.43915162670473,154.43915162670473,136.75337676022366,47.03779243956862,0.0001619568835837503,0.0001619568835826332
1470.0,136.892764,47.228811,154.675619161498,154.675619161498,136.89274569525858,47.22882432853846,2.2643177686862497e-05,-2.264317760355928e-05
1471.0,137.032435,47.420196,154.91254915169972,154.91254915169972,137.03205951601456,47.420468439990934,0.0004639092281697409,-0.0004639092281664106
1472.0,137.171658,47.61141,155.14907566675572,155.14907566675572,137.17078734132963,47.61203922823033,0.0010742321379255072,-0.0010742321378839586
1473.0,137.309712,47.8039,155.38595163074757,155.38595163074757,137.30934916413779,47.804161131314416,0.0004470340325651267,-0.00044703403256476037
1474.0,137.447698,47.996579,155.62294312520342,155.62294312520342,137.44758519354895,47.99665982894715,0.00013877540883815137,-0.00013877540882761415
1475.0,137.585034,48.189662,155.85988632589815,155.85988632589815,137.5853777224603,48.18941687068131,0.00042217711044568947,0.00042217711044159915
1476.0,137.722047,48.38329,156.09708841194697,156.09708841194697,137.72288270110135,48.382696941895595,0.0010247508214209565,0.0010247508213904516
1477.0,137.858621,48.577527,156.334536429546,156.334536429546,137.86006891465922,48.576504776518455,0.0017723988565287155,0.0017723988565127072
1478.0,137.995263,48.772931,156.5729810631672,156.5729810631672,137.99734382440087,48.771469933047015,0.0025425473109444794,0.002542547310838432
1479.0,138.133847,48.972438,156.81590440936293,156.81590440936293,138.1366715897545,48.97046614014521,0.0034447842556819723,0.003444784255667345
1480.0,138.268998,49.167852,157.05351117910797,157.05351117910797,138.27241367293917,49.1654815978248,0.004157598838209793,0.004157598838184538
1481.0,138.40132,49.358777,157.28581872663707,157.28581872663707,138.4045934323352,49.356518958147866,0.003976696148699557,0.003976696148687899
1482.0,138.536363,49.554997,157.52402990597392,157.52402990597392,138.53956037029744,49.552805610907974,0.003876256308813786,0.0038762563088101253
1483.0,138.671249,49.75194,157.76274794497957,157.76274794497957,138.67421036970154,49.74992393795506,0.0035824874986952354,0.003582487498695077
1484.0,138.806044,49.949561,158.00197281716387,158.00197281716387,138.80851592341284,49.94788986684336,0.0029838048505403184,0.002983804850540275
1485.0,138.940333,50.147332,158.24103402096281,158.24103402096281,138.9420754451279,50.14616256070802,0.002098500245728829,0.0020985002456182563
1486.0,139.072799,50.345675,158.47955192088207,158.47955192088207,139.07465590994926,50.34443800970856,0.002231201367145339,0.0022312013671380347
1487.0,139.205851,50.54497,158.71918542287526,158.71918542287526,139.20715287999863,50.54410951092916,0.0015605553408576897,0.0015605553407336006
1488.0,139.33776,50.744105,158.95805041927494,158.95805041927494,139.338498908192,50.743620524686655,0.0008835732258567709,0.0008835732257840434
1489.0,139.469201,50.944071,159.19734859230397,159.19734859230397,139.46933195596802,50.94398584554314,0.00015620738485417598,0.00015620738485056735
1490.0,139.600191,51.144654,159.4369117641664,159.4369117641664,139.59953226215308,51.145078664295745,0.0007837571786224806,-0.0007837571786221012
1491.0,139.730932,51.346444,159.6773465144824,159.6773465144824,139.7293991140228,51.3474234023323,0.001819056994041939,-0.0018190569940086344
1492.0,139.860617,51.548681,159.91758130409747,159.91758130409747,139.85832535367018,51.550131808970214,0.002712284935063705,-0.0027122849350542395
1493.0,139.989345,51.75134,160.15765302331886,160.15765302331886,139.98630757491478,51.753244822223635,0.0035852892284898657,-0.0035852892283834816
1494.0,140.117112,51.953424,160.39671682865614,160.39671682865614,140.11287667224374,51.956054284854865,0.004985619281552586,-0.004985619281551357
1495.0,140.244004,52.157511,160.63701080420083,160.63701080420083,140.23919113393262,52.160469931466196,0.005649686292536178,-0.005649686292313298
1496.0,140.370235,52.362751,160.8779344934599,160.8779344934599,140.36489929038203,52.36599750418566,0.006245765489904563,-0.006245765489904099
1497.0,140.495628,52.569059,161.1193292335134,161.1193292335134,140.4898861598607,52.57251529255675,0.006701842017177252,-0.0067018420170082025
1498.0,140.619921,52.775816,161.3605364412417,161.3605364412417,140.61378318279418,52.779470199814654,0.007143246904423069,-0.007143246904418744
1499.0,140.742225,52.983357,161.60139932570954,161.60139932570954,140.7364872521761,52.986734582511644,0.0066580638111732125,-0.006658063811173073
1500.0,140.864732,53.192156,161.84344992082296,161.84344992082296,140.858751809774,53.195635872918174,0.006918973237840456,-0.006918973237840211
1501.0,140.985575,53.400959,162.08466574182881,162.08466574182881,140.97954755196392,53.40442606120964,0.006953462681225604,-0.006953462681225437
1502.0,141.10521,53.610702,162.32609523624058,162.32609523624058,141.0994018463886,53.6140042815665,0.006681295676602342,-0.006681295676544901
1503.0,141.22372,53.821334,162.5677453436667,162.5677453436667,141.21831353187628,53.82437221425362,0.006201664568774448,-0.0062016645687658955
1504.0,141.341358,54.033345,162.81017624236966,162.81017624236966,141.3365498661583,54.03601528713788,0.005499871311097584,-0.005499871311084121
1505.0,141.457467,54.245921,163.05236784019166,163.05236784019166,141.45360787787592,54.248039042952605,0.0044021505559965835,-0.004402150555963229
1506.0,141.572281,54.458823,163.2942335389617,163.2942335389617,141.5694474589006,54.46035976613322,0.0032234461853979336,-0.0032234461853961525
1507.0,141.685591,54.671546,163.53523687898382,163.53523687898382,141.68381747114395,54.672496499580255,0.002012176447345939,-0.0020121764472824538
1508.0,141.797955,54.885234,163.77665638370468,163.77665638370468,141.79732550841402,54.88556734649947,0.0007123057949605468,-0.0007123057948939071
1509.0,141.909656,55.100516,164.01918791004843,164.01918791004843,141.91028650734674,55.10018616001293,0.0007115714520311996,0.0007115714520100961
1510.0,142.020618,55.316648,164.26214347036597,164.26214347036597,142.02236761695139,55.315743831055386,0.001969436710568376,0.001969436710567424
1511.0,142.130402,55.533166,164.50491374274682,164.50491374274682,142.13328384717312,55.53169492686348,0.003235598754818201,0.003235598754817191
1512.0,142.238672,55.750553,164.747784980466,164.747784980466,142.24316416656154,55.74828817227523,0.005030805605410028,0.005030805605405864
1513.0,142.345479,55.965954,164.98823788735285,164.98823788735285,142.35088182581566,55.963263500224826,0.006035670288749149,0.0060356702887244176
1514.0,142.447442,56.175331,165.2211503150777,165.2211503150777,142.45420548844692,56.1720033367656,0.007537779419247122,0.007537779419235557
1515.0,142.545046,56.378264,165.44636911619992,165.44636911619992,142.5531631237837,56.37431697143016,0.009025892368661841,0.00902589236866095
1516.0,142.638873,56.575323,165.6646650478792,165.6646650478792,142.64818269397045,56.57084767612293,0.010329517202094098,0.010329517202087312
1517.0,142.729364,56.766766,165.87646259737784,165.87646259737784,142.73952850271897,56.761934245398834,0.011254464360852664,0.01125446436083918
1518.0,142.816294,56.953082,166.08210779675576,166.08210779675576,142.8274226438954,56.94784956830245,0.012297359733708586,0.012297359733705993
1519.0,142.899872,57.134265,166.281688755144,166.281688755144,142.91197121789028,57.12863685715494,0.013344177211100716,0.013344177211100492
1520.0,142.980237,57.30948,166.47450832403314,166.47450832403314,142.99294884231426,57.30362818280057,0.013994095167552113,0.01399409516754549
1521.0,143.057366,57.479391,166.66115992696413,166.66115992696413,143.07067323972646,57.473327027686445,0.014623761122125751,0.01462376112212036
1522.0,143.131962,57.643708,166.84167102855142,166.84167102855142,143.14521905004696,57.63772637245069,0.014544044969902916,0.014544044969887726
1523.0,143.20399,57.804392,167.0178132862018,167.0178132862018,143.2173702428381,57.79841323565303,0.014655255764490917,0.01465525576448623
1524.0,143.274845,57.963505,167.19204216312554,167.19204216312554,143.28816278406816,57.95761149799838,0.014563541407546895,0.014563541407536872
1525.0,143.340571,58.111945,167.3544304547969,167.3544304547969,143.35362843645154,58.10621897630175,0.014257769603929956,0.014257769603922013
1526.0,143.405369,58.259077,167.51524496820457,167.51524496820457,143.41796817978428,58.253601753588036,0.013737454440622066,0.013737454440617912
1527.0,143.467374,58.401644,167.67075536306493,167.67075536306493,143.47971978322207,58.39632597401698,0.013442461222637586,0.013442461222633989
1528.0,143.527837,58.540508,167.82225013920447,167.82225013920447,143.539435354134,58.53555492309604,0.012611692568184786,0.012611692568178082
1529.0,143.586347,58.674778,167.96874520575687,167.96874520575687,143.59676501307342,58.67036627205451,0.011313635130376705,0.011313635130371485
1530.0,143.642887,58.806141,168.11178736626607,168.11178736626607,143.652348807127,58.80216721163165,0.01026239680118151,0.010262396801180556
1531.0,143.698398,58.935722,168.25278100553888,168.25278100553888,143.70675432272358,58.93224116538421,0.009052311256423298,0.009052311256422958
1532.0,143.750528,59.058472,168.38616075091005,168.38616075091005,143.75787190514865,59.05543669705173,0.00794644617549651,0.00794644617548404
1533.0,143.800836,59.177601,168.5154912444868,168.5154912444868,143.80711214932904,59.17502668785269,0.006783592958911256,0.006783592958909766
1534.0,143.849467,59.293496,168.64118654130525,168.64118654130525,143.85466076384233,59.29138144245401,0.00560772114723679,0.0056077211472178295
1535.0,143.895461,59.403867,168.760764698349,168.760764698349,143.8996134529374,59.402188414117774,0.004478896734813843,0.004478896734813843
1536.0,143.94071,59.513318,168.87920514725786,168.87920514725786,143.94386703915583,59.51205084558573,0.003401848988576985,0.0034018489885400366
1537.0,143.984336,59.619684,168.99417271528057,168.99417271528057,143.98656427232012,59.618795786430354,0.0023987748701933364,0.0023987748701825187
1538.0,144.026344,59.72319,169.10588001062052,169.10588001062052,144.02780613324578,59.72261112205859,0.001572556294532466,0.0015725562945240216
1539.0,144.066609,59.823432,169.21390734664107,169.21390734664107,144.06745975546775,59.82309739717893,0.0009141903050121395,0.0009141903049058682
1540.0,144.10617,59.922771,169.3208338467104,169.3208338467104,144.10648662564802,59.92264726246308,0.0003399452588726004,0.0003399452585326389
1541.0,144.143599,60.01741,169.42260433855492,169.42260433855492,144.1434255480606,60.01747735216743,0.00018606958304889546,-0.00018606958304862438
1542.0,144.178621,60.106869,169.51867299492412,169.51867299492412,144.17811024624888,60.107066167713974,0.0005474892708634317,-0.0005474892706774027
1543.0,144.212854,60.19543,169.61361875100246,169.61361875100246,144.2122130713212,60.19567593855111,0.0006864949688231351,-0.0006864949688132368
1544.0,144.246365,60.282721,169.70711971710293,169.70711971710293,144.2456252801035,60.28300321279383,0.0007917257014137771,-0.0007917257012595941
1545.0,144.281158,60.374036,169.80483689601328,169.80483689601328,144.28036183033103,60.37433785250262,0.0008514699496360237,-0.0008514699494662235
1546.0,144.316945,60.468601,169.9059451471598,169.9059451471598,144.31610742426557,60.46891653781711,0.0008950403482206876,-0.0008950403481822675
1547.0,144.35444,60.568113,170.0122844715815,170.0122844715815,144.3534865414165,60.568469788196,0.001018028038563399,-0.0010180280385558966
1548.0,144.393142,60.67146,170.1226378412089,170.1226378412089,144.39204226851953,60.67186861523991,0.0011731904122694893,-0.0011731904122321488
1549.0,144.433118,60.779043,170.23740493575585,170.23740493575585,144.43188665241047,60.77949716936833,0.001312435408462628,-0.0013124354084617445
1550.0,144.475175,60.893029,170.35889866687322,170.35889866687322,144.4737856020759,60.893537503363866,0.0014795277160497887,-0.0014795277159056187
1551.0,144.516726,61.00649,170.47972459178604,170.47972459178604,144.5151690269645,61.00705538538503,0.0016564497176012306,-0.0016564497175537126
1552.0,144.560214,61.126131,170.60701941524624,170.60701941524624,144.55846169785266,61.12676214569115,0.0018625003889999516,-0.0018625003889855204
1553.0,144.60473,61.249561,170.73822611416864,170.73822611416864,144.60275723282044,61.25026556304649,0.0020948077313199358,-0.002094807731319929
1554.0,144.650907,61.378529,170.8752052054132,170.8752052054132,144.64864841440888,61.379328569470296,0.002395938273450938,-0.0023959382733657686
1555.0,144.696192,61.505918,171.01039639011222,171.01039639011222,144.69358862896703,61.506831601943965,0.0027590232415252844,-0.0027590232415211544
1556.0,144.743105,61.638988,171.15148476754894,171.15148476754894,144.74011818631305,61.640026641265514,0.0031622510461762165,-0.0031622510461698176
1557.0,144.791289,61.775595,171.29632761712764,171.29632761712764,144.78749380491183,61.77690245421739,0.004014092959544581,-0.004014092959544188
1558.0,144.83943,61.914712,171.44352580087929,171.44352580087929,144.83523500865047,61.9161434998047,0.004432509911258484,-0.004432509911238652
1559.0,144.887965,62.056545,171.5934192569346,171.5934192569346,144.88343339393904,62.05807640154087,0.004783371632140284,-0.0047833716321323905
1560.0,144.937011,62.201577,171.74650495664972,171.74650495664972,144.9322264764244,62.2031779183934,0.005045255746528739,-0.0050452557465278285
1561.0,144.986507,62.349731,171.90269263328156,171.90269263328156,144.98156129642666,62.35136917530908,0.005209952224205753,-0.005209952224190095
1562.0,145.036497,62.501149,172.06213311239594,172.06213311239594,145.0314608490262,62.50279995941984,0.005299856944951517,-0.005299856944918965
1563.0,145.087004,62.655675,172.2246871922771,172.2246871922771,145.081856698457,62.6573446690344,0.005411331431283546,-0.005411331431240551
1564.0,145.138433,62.815589,172.39265060365884,172.39265060365884,145.13342585506135,62.8171955594632,0.0052585676514989,-0.005258567651460719
1565.0,145.188039,62.971673,172.55641181505314,172.55641181505314,145.18321532398636,62.973204287409494,0.005060898281438349,-0.00506089828139515
1566.0,145.238791,63.133611,172.72610070225704,172.72610070225704,145.2343008015155,63.13502075669287,0.004706303896179446,-0.0047063038961467395
1567.0,145.289705,63.297606,172.89780261574148,172.89780261574148,145.2854717066011,63.298920305448966,0.0044326258373932,-0.004432625837374543
1568.0,145.340614,63.463398,173.0712209287472,173.0712209287472,145.3366266004647,63.46462203737876,0.004171045739203635,-0.004171045739198504
1569.0,145.392045,63.630932,173.24645764624063,173.24645764624063,145.3877835353149,63.63222529080351,0.004453389985707866,-0.004453389985707866
1570.0,145.44413,63.801298,173.42459115184613,173.42459115184613,145.439239988719,63.802764885938274,0.005105287913930384,-0.005105287913929356
1571.0,145.496761,63.973717,173.6048420922552,173.6048420922552,145.49075221458645,63.97549839578218,0.006267285941998054,-0.006267285941994567
1572.0,145.549487,64.148109,173.78700377788203,173.78700377788203,145.54224720151365,64.1502299574334,0.007544079967580714,-0.007544079967576495
1573.0,145.60333,64.32783,173.97458420993692,173.97458420993692,145.59468738484742,64.33033108351364,0.008997233764763975,-0.008997233764763529
1574.0,145.654597,64.502568,174.15665527237948,174.15665527237948,145.64502316913084,64.50530580812456,0.009957601660950933,-0.009957601660941515
1575.0,145.70732,64.683048,174.34463920791433,174.34463920791433,145.69641580526437,64.6861281736819,0.011330884023036005,-0.011330884023005236
1576.0,145.761015,64.864978,174.5342702698233,174.5342702698233,145.74766946819355,64.86870136951559,0.013855204789041793,-0.013855204788921221
1577.0,145.8135,65.048185,174.7247930459587,174.7247930459587,145.7985738243025,65.0522977888291,0.01548243368806162,-0.015482433688009362
1578.0,145.865555,65.23316,174.91689660625084,174.91689660625084,145.84930731860356,65.23758097871185,0.01683841451950618,-0.016838414519491772
1579.0,145.917186,65.420174,175.11084888562337,175.11084888562337,145.89993081022348,65.42481003130862,0.01786713072985574,-0.017867130729829254
1580.0,145.969337,65.613049,175.31058988980658,175.31058988980658,145.95144343213872,65.61779418844158,0.018512065907192735,-0.0185120659071886
1581.0,146.019031,65.800743,175.50469274667142,175.50469274667142,146.00090389723212,65.80548955950174,0.018738241162426825,-0.01873824116242207
1582.0,146.069927,65.997165,175.70754149375702,175.70754149375702,146.05196981981865,66.00180525302702,0.018547028555011797,-0.018547028554926296
1583.0,146.118077,66.187935,175.90423644892655,175.90423644892655,146.10088506323677,66.19232080314718,0.017742546573607305,-0.01774254657360637
1584.0,146.173213,66.411216,176.13415953276302,176.13415953276302,146.1573217854161,66.41520971431254,0.016385373201800963,-0.01638537320175625
1585.0,146.213906,66.579706,176.30744683351105,176.30744683351105,146.19933432284094,66.58332699068448,0.015014837620341477,-0.015014837620311179
1586.0,146.261611,66.777585,176.5109475168765,176.5109475168765,146.24810536636275,66.78089693293619,0.013905791589012914,-0.013905791588996227
1587.0,146.308517,66.977309,176.7160586843277,176.7160586843277,146.29665019243544,66.9801805481942,0.012209296081504492,-0.01220929608140563
1588.0,146.354898,67.178609,176.92258948636626,176.92258948636626,146.34491764131155,67.18099188734686,0.010260882596431042,-0.010260882596407676
1589.0,146.400701,67.381172,177.13022729798658,177.13022729798658,146.3928311506156,67.38302585715462,0.00808525297581641,-0.008085252975816352
1590.0,146.445916,67.584391,177.33838248050571,177.33838248050571,146.44025535661441,67.58570662522992,0.005811519016960905,-0.005811519016941355
1591.0,146.491157,67.789408,177.54830778546489,177.54830778546489,146.48747368529234,67.79025254167735,0.0037788963839101514,-0.0037788963838797395
1592.0,146.535712,67.995014,177.75866651973533,177.75866651973533,146.5341840554722,67.99535960607254,0.0015665433404135616,-0.0015665433403786776
1593.0,146.580215,68.201539,177.9699220769676,177.9699220769676,146.58049192350344,68.2014771978631,0.00028373602323261525,0.00028373602312914853
1594.0,146.624406,68.409365,178.18239008062048,178.18239008062048,146.62646589444967,68.40891156481932,0.0021092104226142915,0.002109210422614265
1595.0,146.668366,68.618287,178.39588875391232,178.39588875391232,146.67206571293724,68.6174836396335,0.0037859297004153593,0.0037859297004128913
1596.0,146.712349,68.828496,178.61065838499718,178.61065838499718,146.71734177661298,68.82742659147891,0.005106021238913922,0.005106021238858152
1597.0,146.756088,69.039988,178.8266384951949,178.8266384951949,146.76227991347483,69.03867985803628,0.006328588142463377,0.0063285881424622785
1598.0,146.798987,69.251967,179.04292883905117,179.04292883905117,146.80669555883196,69.2503605959642,0.007874161110357668,0.007874161110346077
1599.0,146.841091,69.465232,179.2603253727846,179.2603253727846,146.85075552926372,69.46324540928677,0.00986659356369361,0.00986659356361232
1600.0,146.885025,69.690404,179.48976562643944,179.48976562643944,146.89663279876243,69.6880521535497,0.011843655425350317,0.01184365542533353
1601.0,146.924183,69.891161,179.69433308928419,179.69433308928419,146.9370052835598,69.88859613577561,0.013076294741928462,0.013076294741905258
1602.0,146.965205,70.1059,179.91298555222818,179.91298555222818,146.97961269496983,70.10305704598133,0.014685505163120994,0.014685505163112837
1603.0,147.006122,70.321634,180.1326009400511,180.1326009400511,147.0218503347802,70.31857241613503,0.016023539269465047,0.016023539269464763
1604.0,147.047685,70.538159,180.3531197800194,180.3531197800194,147.06370922863596,70.53508192321615,0.016316994358981686,0.01631699435895364
1605.0,147.08887,70.754849,180.5737298105641,180.5737298105641,147.10504109488107,70.75178549526467,0.01645871717104618,0.01645871717104319
1606.0,147.130398,70.972918,180.7957572002713,180.7957572002713,147.14609857608048,70.9699836187076,0.015972435093861013,0.01597243509385971
1607.0,147.170652,71.191205,181.01776348725363,181.01776348725363,147.18662040357887,71.18826039220104,0.01623762999786856,0.01623762999783987
1608.0,147.211007,71.409932,181.2402201640889,181.2402201640889,147.22670098315163,71.40707652001684,0.015951641705417297,0.01595164170540739
1609.0,147.251215,71.629385,181.4633621832756,181.4633621832756,147.2663885953021,71.62666074630502,0.015416210707762664,0.015416210707761155
1610.0,147.291509,71.849655,181.68731939621762,181.68731939621762,147.30571117843365,71.84713874154204,0.0144233639934956,0.01442336399346493
1611.0,147.33177,72.070826,181.9121523344439,181.9121523344439,147.34468374779902,72.06856811686639,0.013109649822237432,0.013109649822206937
1612.0,147.371958,72.293105,182.13805712974542,182.13805712974542,147.38334404776384,72.29114021195906,0.011554327142943013,0.01155432714291496
1613.0,147.411155,72.51548,182.36388175198078,182.36388175198078,147.4215019957906,72.51371764026442,0.010496010371958327,0.010496010371927853
1614.0,147.44978,72.737849,182.58959954642833,182.58959954642833,147.45916404850325,72.73627117115997,0.009515771653406368,0.009515771653405806
1615.0,147.487714,72.960024,182.815007209908,182.815007209908,147.49630792564835,72.95859734927143,0.008711537771861209,0.008711537771856827
1616.0,147.525341,73.183548,183.04169184214302,183.04169184214302,147.5332025604966,73.18225935169386,0.007966476504611209,0.007966476504580537
1617.0,147.562215,73.407827,183.26899724848906,183.26899724848906,147.5697458697828,73.40660800368164,0.007628889284123342,0.007628889284122761
1618.0,147.598801,73.632925,183.49706337091402,183.49706337091402,147.605966825333,73.63177945533322,0.007256812336468567,0.007256812336465059
1619.0,147.635959,73.858,183.72519337804226,183.72519337804226,147.64176298810153,73.8570835156181,0.005875901760993626,0.005875901760993625
1620.0,147.673023,74.084089,183.9543045138952,183.9543045138952,147.67728602737282,74.08342399267599,0.004314584235168668,0.004314584235165088
1621.0,147.7097,74.310235,184.18340629966755,184.18340629966755,147.7123904221004,74.30982031701069,0.0027221926934048292,0.00272219269339403
1622.0,147.746009,74.536325,184.41239073449754,184.41239073449754,147.74707073779535,74.53616327341258,0.0010739844669229236,0.0010739844669153233
1623.0,147.781613,74.763239,184.64207852367,184.64207852367,147.78146052998017,74.7632619522918,0.0001541879199064338,-0.00015418791988883112
1624.0,147.816731,74.990797,184.87232691271043,184.87232691271043,147.8155460294428,74.9909733647335,0.0011980232638251981,-0.0011980232638178717
1625.0,147.851585,75.21895,185.10312147337945,185.10312147337945,147.84933325854888,75.21928136010273,0.0022759918893440704,-0.002275991889343761
1626.0,147.886175,75.448014,185.33477553829383,185.33477553829383,147.8828756792865,75.44849414534099,0.003334075091981096,-0.0033340750919758537
1627.0,147.920242,75.677376,185.56664631283124,185.56664631283124,147.91608874959815,75.67797385573229,0.00419606010170928,-0.004196060101691105
1628.0,147.953491,75.906366,185.7980305125748,185.7980305125748,147.94888345195804,75.9070222040799,0.004654041550476862,-0.0046540415504759125
1629.0,147.98688,76.135672,186.02974553567975,186.02974553567975,147.98138708910227,76.13644617023718,0.00554719836374007,-0.005547198363739964
1630.0,148.02007,76.366082,186.26252368832294,186.26252368832294,148.01371052275906,76.36696917435182,0.006421061369327296,-0.006421061369327222
1631.0,148.05173,76.587962,186.48664055307773,186.48664055307773,148.04452984782537,76.5889568569804,0.00726855774890139,-0.007268557748895698
1632.0,148.084367,76.819769,186.72072252377927,186.72072252377927,148.07641482871858,76.82085707136045,0.008026264845755644,-0.008026264845755644
1633.0,148.116053,77.046934,186.9500751165518,186.9500751165518,148.10736452039504,77.0481118221987,0.008767949759066668,-0.008767949759059352
1634.0,148.147541,77.275771,187.18105665594865,187.18105665594865,148.13825380400078,77.277018609983,0.00937062112121464,-0.009370621121171598
1635.0,148.178225,77.498959,187.40633148093042,187.40633148093042,148.16811951206893,77.5003049306201,0.010194724888840994,-0.010194724888787539
1636.0,148.209159,77.727291,187.63673682209065,187.63673682209065,148.1984100939209,77.7287104838448,0.010842228381794104,-0.010842228381794099
1637.0,148.239573,77.956352,187.8677963489141,187.8677963489141,148.22853827470206,77.95779735113292,0.011128980290152475,-0.011128980290071724
1638.0,148.269598,78.186006,188.09939341141686,188.09939341141686,148.25849794635627,78.1874484189522,0.011193380335150735,-0.011193380335123538
1639.0,148.299441,78.416128,188.33143148510234,188.33143148510234,148.28828620560466,78.4175664827547,0.011247162781689463,-0.011247162781655879
1640.0,148.329095,78.647088,188.56427703581522,188.56427703581522,148.31795944672365,78.64851354448052,0.011226429701214749,-0.011226429701191616
1641.0,148.358065,78.878445,188.7974305614308,188.7974305614308,148.34746370576312,78.87979273080845,0.010686618634030087,-0.01068661863402979
1642.0,148.386805,79.108304,189.0290704131981,189.0290704131981,148.37658123370912,79.10959522727399,0.010304982534863956,-0.010304982534800701
1643.0,148.414929,79.33987,189.2623281316181,189.2623281316181,148.40571678819526,79.34102616752212,0.009284480043304691,-0.009284480043279447
1644.0,148.447183,79.609141,189.53351307633773,189.53351307633773,148.43937088710743,79.61011476184143,0.007872567558937274,-0.00787256755887949
1645.0,148.470486,79.804659,189.73040810722733,189.73040810722733,148.46366777529428,79.80550491847958,0.0068704997061107805,-0.006870499706060585
1646.0,148.498858,80.037784,189.96524852188006,189.96524852188006,148.49250612292792,80.03856793279222,0.006400069762250965,-0.00640006976225094
1647.0,148.527247,80.270565,190.19975026354345,190.19975026354345,148.52115888678887,80.27131260841777,0.00613384388599341,-0.006133843885993238
1648.0,148.555975,80.504973,190.4359083039691,190.4359083039691,148.5498702205824,80.50571883216885,0.006150170514840212,-0.006150170514840107
1649.0,148.584393,80.737367,190.670029562109,190.670029562109,148.578190855642,80.73812086173797,0.006247791782510306,-0.006247791782510298
1650.0,148.612286,80.969213,190.90354353996486,190.90354353996486,148.60629551786255,80.96993739317497,0.006034121453137693,-0.006034121453137469
1651.0,148.639124,81.194531,191.1304505028115,191.1304505028115,148.63346807074944,81.1952114941967,0.005696719059172897,-0.00569671905917289
1652.0,148.665134,81.414706,191.35215289807704,191.35215289807704,148.65988648482164,81.41533422859271,0.0052849869168960706,-0.005284986916891276
1653.0,148.690984,81.63543,191.57438188846086,191.57438188846086,148.6862373058076,81.63599540979189,0.0047802504106842884,-0.00478025041068402
1654.0,148.716479,81.856761,191.79717239481985,191.79717239481985,148.71252320142483,81.85722981042763,0.003983481590807875,-0.003983481590807862
1655.0,148.742153,82.078464,192.02035415884467,192.02035415884467,148.7387227247356,82.07886844293937,0.0034540356803030342,-0.0034540356803029935
1656.0,148.767584,82.299517,192.24286258426238,192.24286258426238,148.76471064309285,82.29985402143967,0.002893054331781346,-0.002893054331760995
1657.0,148.793076,82.52225,192.46704735557864,192.46704735557864,148.79075997798907,82.5225202345281,0.002331734259163886,-0.002331734259163885
1658.0,148.818535,82.745752,192.69199277945415,192.69199277945415,148.81676161841776,82.74595782508715,0.0017852860282674425,-0.0017852860282615121
1659.0,148.84385,82.970098,192.9177606901209,192.9177606901209,148.84272075515176,82.97022835618168,0.0011367438855733312,-0.0011367438855732167
1660.0,148.868962,83.195124,193.14418172523878,193.14418172523878,148.8686160448603,83.19516371938083,0.0003482277816495286,-0.00034822778164904
1661.0,148.893673,83.419911,193.37032070061676,193.37032070061676,148.89433967491297,83.41983487759457,0.0006710067512206333,0.0006710067512186289
1662.0,148.918136,83.646612,193.59833467138404,193.59833467138404,148.92013501681416,83.64638502585747,0.0020118611991504364,0.0020118611991504333
1663.0,148.94231,83.87175,193.82476467429265,193.82476467429265,148.9456099723482,83.87137740594027,0.003320940203052826,0.003320940203052768
1664.0,148.96663,84.098178,194.05249448915566,194.05249448915566,148.97108874008552,84.09767742680849,0.004486751237833997,0.004486751237833851
1665.0,148.990989,84.325366,194.2809853444888,194.2809853444888,148.99650859059884,84.32474988291129,0.005553870780421054,0.005553870780420964
1666.0,149.015317,84.553247,194.51016285125795,194.51016285125795,149.02185936231908,84.5525209662178,0.0065825245739641,0.00658252457396306
1667.0,149.039745,84.781764,194.73998473457283,194.73998473457283,149.04713459474786,84.78094876393615,0.007434428046408765,0.007434428046408764
1668.0,149.063914,85.010896,194.9703907570441,194.9703907570441,149.07232596963576,85.00997349654325,0.008462401891922062,0.008462401891921956
1669.0,149.088013,85.239604,195.2003689362512,195.2003689362512,149.09732218101723,85.23858922311092,0.009364327169979824,0.009364327169979609
1670.0,149.112303,85.473156,195.4351847423584,195.4351847423584,149.12269070837183,85.47203064751928,0.010448488092744259,0.01044848809274423
1671.0,149.136347,85.703386,195.66667256222232,195.66667256222232,149.14754737855694,85.70218006620941,0.011265112344133254,0.011265112344133063
1672.0,149.160155,85.932602,195.8971280009041,195.8971280009041,149.1721424710116,85.93131930043891,0.012055902264775311,0.012055902264770673
1673.0,149.183212,86.155568,196.12128978509563,196.12128978509563,149.1959211274825,86.1542163157586,0.012780804812495744,0.012780804812495699
1674.0,149.205478,86.371847,196.33871908805892,196.33871908805892,149.21884880148798,86.3704333874736,0.013445320107969994,0.013445320107968116
1675.0,149.226228,86.577255,196.5451787935324,196.5451787935324,149.2404946647765,86.57575524550639,0.01434527752907261,0.014345277529070968
1676.0,149.24644,86.78198,196.75090425570212,196.75090425570212,149.26194200424146,86.78035968393161,0.015586454364722944,0.015586454364722818
1677.0,149.266502,86.979018,196.94896946445013,196.94896946445013,149.28247579284638,86.97735762647767,0.016059853614922674,0.016059853614922636
1678.0,149.286829,87.178089,197.14908474692749,197.14908474692749,149.3031072774437,87.17640653250093,0.016364993535566454,0.016364993535566284
1679.0,149.305323,87.359977,197.3319191414005,197.3319191414005,149.32185596818152,87.35827709567091,0.016620129711279193,0.016620129711278908
1680.0,149.32374,87.540243,197.513132277493,197.513132277493,149.34034284881372,87.53854477191511,0.01668947474787575,0.01668947474787575
1681.0,149.341251,87.711565,197.68535525419352,197.68535525419352,149.35782420128734,87.70987823458695,0.016658816838822376,0.016658816838822213
1682.0,149.3586,87.881139,197.8558226560625,197.8558226560625,149.37504234883505,87.87947384169213,0.016526451143665414,0.016526451143665376
1683.0,149.375584,88.045996,198.02155985568143,198.02155985568143,149.39170146065428,88.04437166709158,0.01619910476968926,0.01619910476968899
1684.0,149.392288,88.208644,198.1850706903756,198.1850706903756,149.4080581147049,88.20706233196051,0.015849233154704045,0.015849233154703792
1685.0,149.407692,88.359542,198.33675960520372,198.33675960520372,149.42316216193515,88.35799739856667,0.015547080236745628,0.015547080236745395
1686.0,149.423636,88.512594,198.4906451756494,198.4906451756494,149.4384159451364,88.51112509216708,0.01485275962429054,0.01485275962429034
1687.0,149.438877,88.655072,198.63393781979792,198.63393781979792,149.4525571218351,88.65371824987137,0.013746940489947809,0.013746940489947793
1688.0,149.454284,88.797529,198.77722488915626,198.77722488915626,149.4666372839417,88.79631184391769,0.012413101670135436,0.01241310167013543
1689.0,149.470123,88.942609,198.92316356452045,198.92316356452045,149.48091574701283,88.94155034464531,0.010844544215547045,0.010844544215518968
1690.0,149.486378,89.090485,199.07192408248505,199.07192408248505,149.49540551789133,89.08960350399138,0.009070452827252764,0.009070452827252759
1691.0,149.503043,89.241417,199.22376442822159,199.22376442822159,149.51012771216233,89.24072844285618,0.007118093660769907,0.007118093660769907
1692.0,149.520011,89.395394,199.37866305579595,199.37866305579595,149.5250759769648,89.39490410181251,0.005088613945671772,0.005088613945671705
1693.0,149.537495,89.555584,199.53979368837693,199.53979368837693,149.5405500054655,89.5552899951605,0.003069119945485891,0.0030691199454858722
1694.0,149.554698,89.718412,199.70352156055637,199.70352156055637,149.55619429837114,89.71826874145899,0.001503140653778417,0.0015031406537782564
1695.0,149.571359,89.873834,199.85982383919685,199.85982383919685,149.571054489781,89.87386301063691,0.000305889016681983,-0.00030588901668196787
1696.0,149.588898,90.037308,200.02422324837687,200.02422324837687,149.58660574992368,90.03752523391735,0.002302520572601151,-0.002302520572594573
1697.0,149.606282,90.20374,200.19155095687555,200.19155095687555,149.60235016353153,90.20411057243896,0.003949260936845451,-0.0039492609368454055
1698.0,149.623779,90.372671,200.36137535420042,200.36137535420042,149.6182390329213,90.37319004797735,0.005564229150198055,-0.005564229150198052
1699.0,149.641228,90.544267,200.53384668714966,200.53384668714966,149.6342773955059,90.54491404398826,0.0069806567567991685,-0.006980656756738541
1700.0,149.658932,90.722007,200.71245726007857,200.71245726007857,149.65077710033773,90.72276087580782,0.008189671375282311,-0.008189671375220807
1701.0,149.676179,90.898727,200.89000845042767,200.89000845042767,149.66706304061893,90.89956356862787,0.009154264716859331,-0.009154264716786147
1702.0,149.693396,91.078002,201.07009960716846,201.07009960716846,149.68345831220378,91.07890686632933,0.009978798615524333,-0.009978798615456287
1703.0,149.710422,91.258614,201.251503513958,201.251503513958,149.6998414715339,91.25956944729437,0.010623580477147683,-0.010623580477127434
1704.0,149.727218,91.441049,201.43470114517453,201.43470114517453,149.7162466594236,91.44203106018588,0.011015205683591258,-0.01101520568358952
1705.0,149.743663,91.620284,201.61467931484188,201.61467931484188,149.73222080163296,91.62129892300193,0.011487122014257495,-0.011487122014254062
1706.0,149.760569,91.80621,201.80136148071665,201.80136148071665,149.7486343724865,91.80725812219812,0.011980563176598754,-0.011980563176577736
1707.0,149.77766,91.994157,201.99007153480028,201.99007153480028,149.7650588266319,91.9952520566032,0.012648664720714848,-0.012648664720655806
1708.0,149.794855,92.184028,202.18070553521878,202.18070553521878,149.7814731838506,92.18517806432037,0.013431144828251251,-0.013431144828211332
1709.0,149.811948,92.375589,202.37301236781101,202.37301236781101,149.7978439343973,92.3767868153716,0.014154837624994001,-0.014154837624881459
1710.0,149.828953,92.568769,202.56692296017073,202.56692296017073,149.81415335965406,92.57001030539485,0.014851605753348946,-0.014851605753283556
1711.0,149.84597,92.763506,202.76238386280224,202.76238386280224,149.83038491724997,92.76479607860206,0.01563838569432601,-0.015638385694320054
1712.0,149.861268,92.960016,202.95946931732453,202.95946931732453,149.84653229369675,92.96121892516595,0.01478472418445078,-0.014784724184401079
1713.0,149.877388,93.156481,203.1565768410822,203.1565768410822,149.86245398601451,93.15768233463287,0.014982255458330748,-0.01498225545825893
1714.0,149.893324,93.354854,203.35557050051017,203.35557050051017,149.8782896341471,93.35604489151143,0.015081458125485793,-0.015081458125485791
1715.0,149.909087,93.554573,203.55589127533767,203.55589127533767,149.893981175671,93.55575013230353,0.015151619356311468,-0.015151619356220246
1716.0,149.924323,93.755854,203.75772808616213,203.75772808616213,149.9095301101009,93.75698711495606,0.014836223949189238,-0.01483622394918342
1717.0,149.939056,93.958846,203.96123296824834,203.96123296824834,149.92493378018875,93.9599081778023,0.014162108391081712,-0.014162108391062935
1718.0,149.95353,94.163682,204.16655853856471,204.16655853856471,149.94018828755307,94.16466628620954,0.013377971085290758,-0.013377971085212001
1719.0,149.967561,94.369271,204.3726045369178,204.3726045369178,149.9551980206234,94.37016483599237,0.012395249164373357,-0.01239524916428955
1720.0,149.981186,94.575962,204.5797228692198,204.5797228692198,149.9699760451738,94.57675526555428,0.011237987250617344,-0.01123798725061004
1721.0,149.994977,94.782224,204.78642734062063,204.78642734062063,149.98440615145532,94.78295541630536,0.010596122345767777,-0.0105961223457677
1722.0,150.00878,94.995058,204.99969024893085,204.99969024893085,149.99895152110872,94.99572169717845,0.009850862462800314,-0.00985086246279504
1723.0,150.02236,95.205113,205.21016716824866,205.21016716824866,150.01295649629694,95.20573213554498,0.009423863895262315,-0.00942386389525777
1724.0,150.035962,95.416411,205.42188626218467,205.42188626218467,150.02668362450686,95.41700572566879,0.009297416329984522,-0.009297416329978105
1725.0,150.049121,95.624508,205.63038264840546,205.63038264840546,150.0398393634097,95.62508662085865,0.009299654826538264,-0.009299654826526034
1726.0,150.062381,95.837769,205.84403821726625,205.84403821726625,150.0529381000093,95.83834025580359,0.009460163498971686,-0.009460163498963774
1727.0,150.074105,96.052363,206.05893278333008,206.05893278333008,150.06571253677598,96.05285476575247,0.008406858659567633,-0.008406858659567504
1728.0,150.085887,96.265281,206.27216027956885,206.27216027956885,150.07798144719385,96.26572896684176,0.007918234617790287,-0.007918234617788952
1729.0,150.097366,96.477982,206.48515529332164,206.48515529332164,150.08982318305218,96.47839451439462,0.007554088669990157,-0.007554088669969188
1730.0,150.108523,96.697386,206.70482694005977,206.70482694005977,150.10159274275094,96.69775060200855,0.006939841508470857,-0.006939841508470855
1731.0,150.119125,96.913552,206.92123817799512,206.92123817799512,150.11273723744458,96.9138746582397,0.00639590640989038,-0.006395906409888288
1732.0,150.129234,97.130695,207.13860243551923,207.13860243551923,150.1234706342638,97.1309737073525,0.0057701007267965876,-0.005770100726791796
1733.0,150.138835,97.34932,207.35742504329824,207.35742504329824,150.13379987824987,97.34955234679097,0.005040479746002656,-0.005040479746002641
1734.0,150.147707,97.568576,207.57684795854001,207.57684795854001,150.14366727179234,97.56875323748913,0.004043614363327303,-0.004043614363297914
1735.0,150.155957,97.781301,207.7897231386417,207.7897231386417,150.1527611587562,97.78143404356194,0.003198609361113608,-0.0031986093611089976
1736.0,150.16578,97.998429,208.00706213465622,208.00706213465622,150.16154889823042,97.99859526050575,0.004234367100335918,-0.004234367100330307
1737.0,150.174085,98.219767,208.22854575233154,208.22854575233154,150.1699772410783,98.21991840139279,0.0041105481070619005,-0.004110548107019208
1738.0,150.180991,98.444804,208.45367710465027,208.45367710465027,150.17798811861104,98.44490712504934,0.0030046516290574174,-0.0030046516290560673
1739.0,150.187162,98.66212,208.67107217340939,208.67107217340939,150.18518083753338,98.662183118664,0.0019821676732534,-0.001982167673253389
1740.0,150.192933,98.88496,208.89398072985372,208.89398072985372,150.19199124879327,98.88498755313476,0.0009421541862289191,-0.0009421541861929913
1741.0,150.197715,99.108007,209.11707377817044,209.11707377817044,150.19822379213235,99.10799346253376,0.0005089721966363613,0.000508972196583308
1742.0,150.202033,99.336781,209.3458873738406,209.3458873738406,150.2039981328073,99.33673411570099,0.001965692012452326,0.001965692012452316
1743.0,150.205758,99.560863,209.57000378404996,209.57000378404996,150.20903579841246,99.56079383211478,0.0032785281192995296,0.003278528119297864
1744.0,150.20878,99.781441,209.79060947063172,209.79060947063172,150.21338611115587,99.78135655315567,0.00460688520041886,0.004606885200365683
1745.0,150.211392,100.007297,210.0164924108023,210.0164924108023,150.2172037531696,100.00720715483914,0.00581244759609918,0.005812447596097741
1746.0,150.21346,100.233897,210.24311775011498,210.24311775011498,150.22037701110963,100.23381019930967,0.006917555713592913,0.006917555713589684
1747.0,150.214939,100.461847,210.47109199566702,210.47109199566702,150.2229038953118,100.46177036181639,0.00796526400938081,0.00796526400938056
1748.0,150.215549,100.689806,210.69907355614228,210.69907355614228,150.22476436399342,100.68974425241557,0.009215570861055577,0.009215570861054958
1749.0,150.215653,100.922017,210.93131107215382,210.93131107215382,150.22597508042034,100.92197852978768,0.010322152108991095,0.01032215210899092
1750.0,150.215347,101.149637,211.1589611237855,211.1589611237855,150.2264921926516,101.14962791636822,0.011145196353284143,0.011145196353272437
1751.0,150.214179,101.378921,211.38828001807195,211.38828001807195,150.22634357621186,101.37894668329645,0.012164603324639936,0.012164603324636657
1752.0,150.212561,101.609018,211.61841830984162,211.61841830984162,150.2255196640771,101.60908342024847,0.012958829209158078,0.01295882920915388
1753.0,150.210062,101.839824,211.8492753415924,211.8492753415924,150.22401485942007,101.83993546705454,0.013953304658773848,0.013953304658773846
1754.0,150.206808,102.075946,212.08546113746226,212.08546113746226,150.22177310038435,102.07611053771195,0.014966004883488053,0.014966004883487444
1755.0,150.203115,102.298034,212.30762150690728,212.30762150690728,150.2190170323773,102.29825373971411,0.015903550524050843,0.015903550524050715
1756.0,150.199397,102.5297,212.5393643934004,212.5393643934004,150.21547409475235,102.5299694611141,0.016079352753390588,0.016079352753388673
1757.0,150.194784,102.761379,212.771136903446,212.771136903446,150.21124931509928,102.76170338228314,0.016468510108211275,0.01646851010821104
1758.0,150.189303,102.993735,213.00360625359463,213.00360625359463,150.20632817927432,102.9941205576697,0.017029544446039872,0.017029544446039664
1759.0,150.183107,103.22655,213.23655406982195,213.23655406982195,150.20071098284032,103.22700055714726,0.01760974768657961,0.01760974768657798
1760.0,150.17611,103.459955,213.47011599059456,213.47011599059456,150.19439049669646,103.46047685996237,0.018287944042174525,0.01828794404217441
1761.0,150.168404,103.694094,213.70443594272015,213.70443594272015,150.18735763379843,103.69469116365853,0.01896303874909282,0.01896303874909087
1762.0,150.159448,103.937882,213.94844655035462,213.94844655035462,150.17929830946352,103.93856854751148,0.019862178462673314,0.019862178462671062
1763.0,150.150956,104.160999,214.17178117342334,214.17178117342334,150.1712649184166,104.16175857145042,0.02032311777360834,0.020323117773608332
1764.0,150.141534,104.395172,214.40620386565618,214.40620386565618,150.16215812751753,104.39600422550379,0.020640911684035267,0.020640911684027215
1765.0,150.131857,104.626101,214.63739560212088,214.63739560212088,150.15250103476237,104.62699410240829,0.02066334443360062,0.020663344433598425
1766.0,150.122321,104.850059,214.86161354596524,214.86161354596524,150.1424950003452,104.85098859700284,0.020195406421166923,0.02019540642115832
1767.0,150.11281,105.067197,215.07901232682556,215.07901232682556,150.132192066851,105.06814303819877,0.019405141166452682,0.019405141166452318
1768.0,150.103468,105.27739,215.28945904859683,215.28945904859683,150.1216554546336,105.27832576322177,0.018211511712572754,0.018211511712572737
1769.0,150.093047,105.485796,215.49817147788764,215.49817147788764,150.11065916048088,105.48674825699891,0.017637885082847884,0.01763788508284768
1770.0,150.083414,105.684129,215.69677592711705,215.69677592711705,150.09969065441152,105.68504954236519,0.016302664723226674,0.016302664723225214
1771.0,150.073533,105.87599,215.8889251511745,215.8889251511745,150.08861068936335,105.8768790025935,0.015103875070622757,0.015103875070617799
1772.0,150.063788,106.062116,216.0753339577328,216.0753339577328,150.07742240023174,106.06295170477028,0.013659987999359854,0.01365998799935477
1773.0,150.054305,106.242773,216.25625962471935,216.25625962471935,150.0661498805658,106.24352582847068,0.01186878032168485,0.011868780321684659
1774.0,150.044975,106.418013,216.4317602514396,216.4317602514396,150.05482673978028,106.41866076187145,0.009873012313403182,0.009873012313401043
1775.0,150.03592,106.58464,216.5986386362074,216.5986386362074,150.04370528399642,106.58516811651754,0.007803175889398864,0.007803175889397644
1776.0,150.026793,106.750053,216.76430160266068,216.76430160266068,150.03232324545883,106.75043958584605,0.005543740925698774,0.005543740925694594
1777.0,150.017621,106.909832,216.9243380836729,216.9243380836729,150.02100489367552,106.91007530338493,0.0033926292082149235,0.003392629208213302
1778.0,150.008326,107.065214,217.0799893309139,217.0799893309139,150.00969257790942,107.06531490946418,0.001370298472028597,0.0013702984720284504
1779.0,149.999153,107.215014,217.23005697250363,217.23005697250363,149.9985023830479,107.21496473602335,0.0006524793925907704,-0.0006524793925713434
1780.0,149.990312,107.359954,217.3752456353016,217.3752456353016,149.98741116853296,107.35972912237158,0.0029095348679611943,-0.0029095348679569573
1781.0,149.980866,107.500875,217.51646737433225,217.51646737433225,149.97637332535243,107.50051882706586,0.004506770977971352,-0.004506770977971191
1782.0,149.971333,107.637323,217.65323206230553,217.65323206230553,149.96544935886826,107.63684653073693,0.0059029023306884625,-0.005902902330687512
1783.0,149.961737,107.76993,217.78616924994319,217.78616924994319,149.9546101573559,107.76934107394968,0.007151134173450389,-0.007151134173447685
1784.0,149.951697,107.904164,217.9207603456522,217.9207603456522,149.9434143774375,107.90346569427328,0.008312007423037452,-0.00831200742303698
1785.0,149.941107,108.042005,218.05898764867916,218.05898764867916,149.93168409008098,108.04119435302403,0.009457715361621056,-0.009457715361620251
1786.0,149.929897,108.183384,218.2007888478788,218.2007888478788,149.91940638686643,108.18246300990153,0.010530963236096511,-0.010530963236096265
1787.0,149.918093,108.328223,218.3460845693674,218.3460845693674,149.90656987035317,108.32719056545737,0.011569288566826689,-0.011569288566826132
1788.0,149.905493,108.475686,218.49406126107084,218.49406126107084,149.8932301381881,108.47456473976546,0.012314016579956556,-0.012314016579955674
1789.0,149.892494,108.626715,218.64562184720157,218.64562184720157,149.87928893240183,108.62548275685485,0.01326243693447298,-0.013262436934466677
1790.0,149.878885,108.782241,218.8017121310923,218.8017121310923,149.86463684745084,108.78088380631462,0.014312645659126018,-0.014312645659125538
1791.0,149.864839,108.937406,218.95748086661385,218.95748086661385,149.84971758930925,108.93593640326138,0.015192655325917978,-0.015192655325916543
1792.0,149.849955,109.095455,219.11619771089957,219.11619771089957,149.83421071303528,109.0938938849366,0.015821493364046375,-0.015821493364037875
1793.0,149.834202,109.25637,219.27784981856766,219.27784981856766,149.81810063928674,109.25474120828815,0.01618353420175133,-0.016183534201743753
1794.0,149.817592,109.42013,219.44241721407226,219.44241721407226,149.80137233817413,109.418456152614,0.016305802489200234,-0.016305802489197822
1795.0,149.800568,109.583208,219.60634868555945,219.60634868555945,149.78438028966144,109.58150457846173,0.016277088527806044,-0.016277088527799504
1796.0,149.782467,109.752192,219.77626562606798,219.77626562606798,149.7664222458475,109.75046985755766,0.016136911427082058,-0.016136911427074685
1797.0,149.763701,109.923392,219.9484571901123,219.9484571901123,149.7478652907892,109.92165853655372,0.015930303880602088,-0.015930303880593733
1798.0,149.744059,110.096746,220.12288632111733,220.12288632111733,149.72869961027726,110.09503150893653,0.015454783475076148,-0.015454783475074866
1799.0,149.72414,110.271837,220.29907357258907,220.29907357258907,149.7089655736435,110.27011007432446,0.015272376617212053,-0.015272376617211602
1800.0,149.703734,110.447529,220.47591381778344,220.47591381778344,149.68877963530207,110.44579441836723,0.015054627094664319,-0.015054627094658816
1801.0,149.682523,110.626639,220.65624241859913,220.65624241859913,149.66780515839378,110.62489903354627,0.014820335515975811,-0.014820335515972406
1802.0,149.661204,110.804207,220.83505343501426,220.83505343501426,149.64661841018022,110.80245040447215,0.014690985611563142,-0.014690985611555239
1803.0,149.638465,110.991024,221.0232156369746,221.0232156369746,149.6239060846573,110.98923677920074,0.014668202825871583,-0.014668202825871581
1804.0,149.615653,111.175936,221.20949609496492,221.20949609496492,149.60099953925445,111.17410344760994,0.014767605089657215,-0.01476760508965684
1805.0,149.592185,111.362629,221.39762445371744,221.39762445371744,149.57744073996247,111.36075083620938,0.014863401470684517,-0.014863401470684498
1806.0,149.568048,111.550646,221.587150226215,221.587150226215,149.5532755437505,111.5487296824377,0.014896232296909647,-0.014896232296907798
1807.0,149.542528,111.740875,221.77904848306468,221.77904848306468,149.52836718701252,111.7390044807805,0.014283818348643508,-0.014283818348641678
1808.0,149.516751,111.932564,221.9724295595575,221.9724295595575,149.50281832288505,111.9306903695184,0.014058093141356613,-0.014058093141350142
1809.0,149.490458,112.124833,222.166455136639,222.166455136639,149.4767328212571,112.1229543927384,0.013853147540106574,-0.013853147540104306
1810.0,149.462806,112.322795,222.36630573299817,222.36630573299817,149.4493919309865,112.3209259006558,0.0135436619810616,-0.01354366198105742
1811.0,149.434831,112.518619,222.56408555587663,222.56408555587663,149.42186308318773,112.51678044629406,0.013097600779517752,-0.013097600779517334
1812.0,149.405995,112.716137,222.7636656838582,222.7636656838582,149.39360900268906,112.71435047425473,0.012514176106514901,-0.012514176106508526
1813.0,149.376318,112.915541,222.9652352810315,222.9652352810315,149.36458990730404,112.91382020981466,0.011853660917498503,-0.011853660917498425
1814.0,149.346196,113.111982,223.1639424117321,223.1639424117321,149.33550801282627,113.11038762604612,0.010806252733048277,-0.010806252733045002
1815.0,149.314449,113.31385,223.36826209494203,223.36826209494203,149.30511362343907,113.31243389256265,0.009442172197562155,-0.009442172197561282
1816.0,149.282141,113.515592,223.57254825206715,223.57254825206715,149.27422704689417,113.51437158890207,0.008007500047405098,-0.008007500047405091
1817.0,149.249254,113.718766,223.77834450740534,223.77834450740534,149.24261011653402,113.71772460133494,0.0067250054787464375,-0.0067250054787446265
1818.0,149.215589,113.923995,223.98629751504015,223.98629751504015,149.21015064090548,113.92312862807343,0.0055069365309601956,-0.0055069365309562725
1819.0,149.181129,114.130545,224.19568629857164,224.19568629857164,149.1769485083808,114.1298682199789,0.004234919287910108,-0.004234919287907645
1820.0,149.145908,114.338294,224.40638674409328,224.40638674409328,149.1430138246355,114.33781795487934,0.0029330649494006987,-0.0029330649493984687
1821.0,149.110004,114.547109,224.6182563796846,224.6182563796846,149.10836091968525,114.54683445051542,0.001665860240298065,-0.0016658602402968314
1822.0,149.073578,114.75619,224.83048067651052,224.83048067651052,149.07311797165426,114.75611193005363,0.0004666058244517155,-0.00046660582444874683
1823.0,149.036399,114.967538,225.04507165495463,225.04507165495463,149.03694127739348,114.96763145739686,0.000550271802403503,0.0005502718023654116
1824.0,148.999005,115.178148,225.25897655761997,225.25897655761997,149.0003398255145,115.17838158690307,0.001355109587962086,0.0013551095879512068
1825.0,148.961121,115.390157,225.47434732542777,225.47434732542777,148.9629431421837,115.39048069356743,0.0018506700578991842,0.0018506700578990111
1826.0,148.922876,115.603215,225.69081564746443,225.69081564746443,148.92480614902712,115.60356302289786,0.001961273872847147,0.001961273872839817
1827.0,148.884067,115.81743,225.90852275443208,225.90852275443208,148.88589576682844,115.81776465900384,0.0018591354877203416,0.001859135487715488
1828.0,148.844638,116.033008,226.1276811515398,226.1276811515398,148.84616443237954,116.03329145026065,0.0015525269271601102,0.0015525269271587194
1829.0,148.804272,116.24908,226.34749540250897,226.34749540250897,148.80574898258072,116.24935826800726,0.001502967274303732,0.001502967274298784
1830.0,148.762161,116.470471,226.5728600126277,226.5728600126277,148.76372613902655,116.47077023406197,0.0015934871183297557,0.0015934871183245912
1831.0,148.721264,116.681818,226.78813187281614,226.78813187281614,148.72303109648917,116.68216054354177,0.0017999905777691322,0.0017999905777329394
1832.0,148.67769,116.902297,227.01288041336474,227.01288041336474,148.679967612643,116.90274479920554,0.00232121594858343,0.0023212159485800263
1833.0,148.635314,117.112389,227.22720902663949,227.22720902663949,148.63835234732758,117.11299441350353,0.0030980768217283637,0.0030980768217181353
1834.0,148.593452,117.316183,227.4352647244007,227.4352647244007,148.59744369935953,117.31698861635829,0.004072183872753861,0.004072183872752497
1835.0,148.553003,117.509789,227.63305873520648,227.63305873520648,148.55808620633366,117.51082731560172,0.005188167876947557,0.0051881678769464395
1836.0,148.512395,117.701329,227.82886568378046,227.82886568378046,148.51867673506553,117.70262731111,0.006414499760062955,0.006414499760062902
1837.0,148.472282,117.88668,228.01851737945188,228.01851737945188,148.48008226733413,117.88831042382822,0.007968842597475564,0.00796884259747328
1838.0,148.433093,118.067769,228.2038136682214,228.2038136682214,148.44197177339143,118.06964517458778,0.009074835977577824,0.009074835977574532
1839.0,148.395779,118.242373,228.3823795648262,228.3823795648262,148.404869677276,118.24431401179486,0.009295587131752823,0.009295587131752124
1840.0,148.35799,118.414903,228.55901815911406,228.55901815911406,148.36780546435398,118.41702019702763,0.010041208280779835,0.010041208280779826
1841.0,148.322475,118.57548,228.72349443281382,228.72349443281382,148.33296940490345,118.5777649811188,0.01074028272397625,0.010740282723976246
1842.0,148.286296,118.73765,228.88967141411058,228.88967141411058,148.29745626804353,118.74010289390557,0.011426647422390971,0.011426647422390964
1843.0,148.251581,118.891853,229.04775429024335,229.04775429024335,148.26337757870846,118.8944687965633,0.012083114701339352,0.012083114701327806
1844.0,148.217684,119.041424,229.2011395394076,229.2011395394076,148.23003642495163,119.04418651827444,0.012657563328010121,0.012657563327953087
1845.0,148.185231,119.183984,229.3473684863758,229.3473684863758,148.1979979032833,119.18686249075422,0.013087380504420452,0.013087380504420192
1846.0,148.152908,119.324656,229.49172837080437,229.49172837080437,148.1661260099239,119.32766005455728,0.013555077651240366,0.013555077651240185
1847.0,148.121221,119.461642,229.63235394498756,229.63235394498756,148.1348458865053,119.4647625772993,0.013977679884856821,0.013977679884852705
1848.0,148.090584,119.593881,229.76811825131813,229.76811825131813,148.10442860531973,119.59707558580014,0.014208394522016441,0.014208394522004484
1849.0,148.060628,119.721452,229.8991812208235,229.8991812208235,148.07486047710546,119.7247596670064,0.014611778316906304,0.014611778316898645
1850.0,148.031556,119.846281,230.02737338621557,230.02737338621557,148.04574549074502,119.84960175093744,0.01457288696146436,0.014572886961462831
1851.0,148.002438,119.970937,230.15540733101346,230.15540733101346,148.0164739467046,119.97424470023572,0.01442042581698448,0.014420425816984085
1852.0,147.972422,120.099401,230.2873536883311,230.2873536883311,147.9861061454471,120.10264888441613,0.01406430196626624,0.014064301966259178
1853.0,147.941427,120.23178,230.4233346288497,230.4233346288497,147.95459490953348,120.2349283400363,0.013539050427045528,0.013539050427025967
1854.0,147.909431,120.368061,230.5633420430655,230.5633420430655,147.9219221250177,120.37107003414577,0.012848443123493144,0.012848443123491805
1855.0,147.876389,120.508162,230.7073062914625,230.7073062914625,147.8880835662204,120.51100091653305,0.01203421481297905,0.012034214812978502
1856.0,147.842281,120.65202,230.85517051278595,230.85517051278595,147.8530717736412,120.65466022472435,0.011109076575959262,0.011109076575958284
1857.0,147.80727,120.79932,231.00658949977668,231.00658949977668,147.81694807817564,120.8017070951646,0.00996812020889367,0.0099681202088916
1858.0,147.770756,120.949685,231.16134123342573,231.16134123342573,147.7797459847312,120.95192059844594,0.009263785720667472,0.009263785720662878
1859.0,147.733559,121.104004,231.32009154184362,231.32009154184362,147.74128417054257,121.1059411870763,0.00796435519550366,0.0079643551955027
1860.0,147.695382,121.262478,231.4831049759553,231.4831049759553,147.70147398371438,121.2640187637063,0.006283806042119738,0.006283806042117842
1861.0,147.656592,121.421388,231.64668498336587,231.64668498336587,147.6612030930285,121.42256423197689,0.004758749896871119,0.004758749896867522
1862.0,147.616632,121.583377,231.8135316681833,231.8135316681833,147.6197943331227,121.58419071913447,0.003265346782310217,0.003265346782303162
1863.0,147.576276,121.745084,231.9801979100175,231.9801979100175,147.57809289714612,121.74555557556542,0.0018770984932737977,0.00187709849326694
1864.0,147.532976,121.916782,232.15726853813084,232.15726853813084,147.53341749879274,121.9168976422436,0.0004563927174126938,0.0004563927174126829
1865.0,147.490097,122.084787,232.33065400488036,232.33065400488036,147.48930062368842,122.08457653190497,0.000823718428018068,-0.0008237184280101969
1866.0,147.445118,122.259061,232.51063122920291,232.51063122920291,147.44311668382215,122.2585271904706,0.00207128439800467,-0.0020712843979904263
1867.0,147.398944,122.435468,232.69297198278198,232.69297198278198,147.39591994894474,122.43465386201235,0.00313172563417779,-0.0031317256341653835
1868.0,147.351503,122.61445,232.87812376006806,232.87812376006806,147.34757577213674,122.613382723553,0.004069668009111968,-0.004069668009110484
1869.0,147.302346,122.797843,233.0679775071127,233.0679775071127,147.2975630946858,122.79653064279816,0.00495968392840691,-0.0049596839284063365
1870.0,147.253363,122.977441,233.25412225325292,233.25412225325292,147.24809268041975,122.97598127329087,0.005468735735381532,-0.005468735735381529
1871.0,147.200958,123.167101,233.45087440316482,233.45087440316482,147.1953336043406,123.16552775397352,0.005840285060987333,-0.005840285060984832
1872.0,147.149419,123.351611,233.64243223167327,233.64243223167327,147.14350212629998,123.34994001340272,0.006148299812978214,-0.006148299812977015
1873.0,147.095717,123.542048,233.84027965061557,233.84027965061557,147.08948525382604,123.54027066731832,0.0064802447359709435,-0.00648024473595904
1874.0,147.040786,123.734398,234.04030218221178,234.04030218221178,147.03437328308618,123.73255083227937,0.006673452390243625,-0.006673452390231126
1875.0,146.984409,123.927938,234.24186866688112,234.24186866688112,146.97832428641718,123.92616781196745,0.006336979174305001,-0.006336979174297812
1876.0,146.926493,124.12505,234.44729608364278,234.44729608364278,146.92067138620848,124.12333916309092,0.006067796145800687,-0.006067796145797571
1877.0,146.868277,124.321597,234.6522671263928,234.6522671263928,146.86261112685946,124.31991512730916,0.005910229622689749,-0.005910229622684898
1878.0,146.808646,124.520219,234.8596312248873,234.8596312248873,146.8033268325424,124.51862399830426,0.005553158817410286,-0.005553158817400191
1879.0,146.747994,124.720554,235.06893093676211,235.06893093676211,146.7429301227951,124.71902005416445,0.005291109729813468,-0.005291109729812827
1880.0,146.686013,124.922726,235.28037572442884,235.28037572442884,146.68134209826587,124.92129655898208,0.004884733834469154,-0.004884733834463433
1881.0,146.622764,125.126639,235.49385875447427,235.49385875447427,146.61857473169584,125.12534368912124,0.004384951447479268,-0.004384951447470545
1882.0,146.558306,125.33246,235.70952444490268,235.70952444490268,146.55456597482825,125.33129158785384,0.003918287282540075,-0.003918287282529581
1883.0,146.492519,125.539413,235.92667040860312,235.92667040860312,146.48950678240766,125.53846214013244,0.0031587322316498803,-0.003158732231649861
1884.0,146.426383,125.745657,236.14324952611048,236.14324952611048,146.4240044639829,125.74489839470344,0.0024965807778952005,-0.002496580777894815
1885.0,146.361304,125.945535,236.35344737859563,236.35344737859563,146.35984468405456,125.94506490080504,0.0015331654449809399,-0.001533165444957516
1886.0,146.298132,126.140086,236.55799352100706,236.55799352100706,146.29685261324772,126.13966987662894,0.0013453583618743149,-0.0013453583618616932
1887.0,146.236346,126.328683,236.75644993384256,236.75644993384256,146.23520873043088,126.32830962761348,0.0011969916507007274,-0.001196991650697863
1888.0,146.176464,126.51148,236.94880127637072,236.94880127637072,146.17496409835886,126.51098311270526,0.0015800638964338864,-0.0015800638964277953
1889.0,146.117977,126.688371,237.13510571320276,237.13510571320276,146.11614546244178,126.68775893830194,0.0019311005539325453,-0.0019311005539316278
1890.0,146.06055,126.859516,237.3156236176961,237.3156236176961,146.0587132298847,126.85889699947393,0.001938268843015126,-0.0019382688430116383
1891.0,146.003755,127.025387,237.490943520988,237.490943520988,146.0025186110172,127.02496692008876,0.0013058042918670455,-0.0013058042918538137
1892.0,145.948219,127.187135,237.6619570273675,237.6619570273675,145.94730816053476,127.18682306635526,0.0009627726264016084,-0.0009627726263776923
1893.0,145.894868,127.342346,237.82607910830464,237.82607910830464,145.89395371437897,127.34203050534987,0.0009671892633290898,-0.000967189263315525
1894.0,145.842502,127.492944,237.98551969627525,237.98551969627525,145.84177481668686,127.49269122889412,0.0007698628467870769,-0.0007698628467846215
1895.0,145.791557,127.638653,238.13987649968803,238.13987649968803,145.79093579501307,127.63843555249625,0.0006581633936127818,-0.000658163393608396
1896.0,145.741718,127.779918,238.2896741626593,238.2896741626593,145.74129536899855,127.7797690598002,0.0004481072935067736,-0.0004481072935067493
1897.0,145.693133,127.916903,238.43501911661636,238.43501911661636,145.69284669213042,127.91680144524244,0.0003037853929386672,-0.00030378539293643214
1898.0,145.645785,128.049764,238.57606426049125,238.57606426049125,145.64556540899278,128.04968563178608,0.00023315614382270233,-0.0002331561437254131
1899.0,145.598235,128.182639,238.71719058255766,238.71719058255766,145.59799609843563,128.18255321113023,0.000253837916058868,-0.0002538379159820686
1900.0,145.544186,128.332909,238.87688451489808,238.87688451489808,145.54385521345006,128.3327893817304,0.0003517502978540832,-0.000351750297854083
1901.0,145.497539,128.462009,239.01415251338977,239.01415251338977,145.49705313686007,128.46183225816392,0.0005170112835765497,-0.0005170112835325682
1902.0,145.444052,128.609177,239.1707373966734,239.1707373966734,145.4433682215383,128.60892660477458,0.0007281831868425024,-0.0007281831868144364
1903.0,145.391734,128.752339,239.32315764180117,239.32315764180117,145.39080908073478,128.75199812579118,0.000985733672672703,-0.000985733672666903
1904.0,145.334466,128.908807,239.48977277518853,239.48977277518853,145.3330161200855,128.90826893335776,0.0015465016902564154,-0.0015465016902544038
1905.0,145.280778,129.053897,239.64447353679532,239.64447353679532,145.279040628821,129.05324811779073,0.0018545907190268896,-0.0018545907190261302
1906.0,145.222057,129.211752,239.81289155828225,239.81289155828225,145.21993608845784,129.21095440150043,0.002265927875327157,-0.0022659278753265275
1907.0,145.161711,129.372912,239.98497303666713,239.98497303666713,145.15917871438495,129.3719530487847,0.002707777293195285,-0.002707777293195213
1908.0,145.099625,129.537563,240.16093330394202,240.16093330394202,145.09667045901776,129.53643624050804,0.0031621036302597223,-0.003162103630259522
1909.0,145.03581,129.705576,240.34064873592772,240.34064873592772,145.03243269265488,129.70427882006516,0.0036178558134308037,-0.0036178558134300942
1910.0,144.970494,129.876337,240.52346533345568,240.52346533345568,144.9666790213659,129.8748611984672,0.00409048311851877,-0.004090483118518755
1911.0,144.903053,130.050814,240.7105123584628,240.7105123584628,144.89898136815856,130.049227481869,0.004369808420542992,-0.004369808420533943
1912.0,144.834709,130.226543,240.89905223976044,240.89905223976044,144.83031398455293,130.22481808638037,0.0047213862133048245,-0.0047213862132678254
1913.0,144.76525,130.404813,241.09036210724204,241.09036210724204,144.76020015363986,130.40281667744173,0.005430124493760247,-0.005430124493751083
1914.0,144.693771,130.58591,241.28504086321283,241.28504086321283,144.6884023579409,130.58377212993688,0.005778650877632039,-0.005778650877631793
1915.0,144.620757,130.769703,241.4827902058769,241.4827902058769,144.61501150053886,130.76739828494428,0.006190514966141336,-0.006190514966138007
1916.0,144.546016,130.956116,241.68361224819657,241.68361224819657,144.54000868050227,130.9536885125246,0.006479242470477046,-0.006479242470476827
1917.0,144.469555,131.145181,241.88753616238472,241.88753616238472,144.4633647552246,131.1426611287146,0.006683478261695658,-0.006683478261678548
1918.0,144.391478,131.336771,242.09440686523823,242.09440686523823,144.38512020490248,131.3341637532621,0.006871629650563168,-0.006871629650554887
1919.0,144.311737,131.530255,242.30366097412266,242.30366097412266,144.30547290088202,131.5276671523067,0.006777602337374297,-0.006777602337373626
1920.0,144.230948,131.724231,242.51377112457396,242.51377112457396,144.22499655090053,131.72175426868648,0.006446234899779112,-0.00644623489977877
1921.0,144.148487,131.921238,242.7273231789387,242.7273231789387,144.14268935434595,131.9188075111784,0.006286491154989489,-0.006286491154972887
1922.0,144.06258,132.124525,242.94800007123263,242.94800007123263,144.05709774684755,132.12220942723073,0.005951216419974351,-0.005951216419974325
1923.0,143.978297,132.32212,243.1628042799167,243.1628042799167,143.97326276409927,132.31997827954984,0.005470877223151805,-0.005470877223148152
1924.0,143.890659,132.52573,243.38445946622278,243.38445946622278,143.88621954320715,132.52382741866174,0.004829968153553191,-0.0048299681535394655
1925.0,143.801425,132.731156,243.60841628027433,243.60841628027433,143.7977259384126,132.7295590592488,0.004029054031667281,-0.00402905403166728
1926.0,143.710671,132.93777,243.83407139117244,243.83407139117244,143.70801051147754,132.93661301914256,0.0029011728460383423,-0.0029011728460296114
1927.0,143.618157,133.146478,244.06235513525314,244.06235513525314,143.61669245921274,133.14583646717693,0.0015988883890384617,-0.0015988883890228787
1928.0,143.525026,133.355294,244.2909920761634,244.2909920761634,143.52467610566492,133.3551396249825,0.00038243651987799763,-0.00038243651986959507
1929.0,143.429902,133.566453,244.52258432803245,244.52258432803245,143.43090724817057,133.56689972922968,0.0011000413124456112,0.0011000413124440326
1930.0,143.331235,133.783629,244.76112242018013,244.76112242018013,143.33373912438026,133.78475000595606,0.0027435913080080462,0.002743591308003961
1931.0,143.234956,133.993675,244.99218582248525,244.99218582248525,143.23905317902253,133.995522011384,0.004494254887657174,0.0044942548876434054
1932.0,143.135103,134.209788,245.23025894758177,245.23025894758177,143.14092115128906,134.21242956149214,0.006389736421742821,0.006389736421740424
1933.0,143.03394,134.426739,245.46964727821756,245.46964727821756,143.04166560074873,134.43027142079657,0.008494875138153316,0.008494875138138886
1934.0,142.932292,134.643808,245.70935498847774,245.70935498847774,142.94169913801377,134.64813940895326,0.010356415843846637,0.010356415843846634
1935.0,142.828744,134.862776,245.95159293173955,245.95159293173955,142.84009518890207,134.86803898925538,0.01251193611687435,0.012511936116860262
1936.0,142.724114,135.083227,246.1956420648332,246.1956420648332,142.73714551520098,135.0893110171669,0.014381781993926271,0.014381781993923037
1937.0,142.618617,135.305157,246.4414066136603,246.4414066136603,142.63288376216673,135.31186363167782,0.015764498443776545,0.015764498443761356
1938.0,142.512369,135.528662,246.6889215699792,246.6889215699792,142.52728868425217,135.53572362959528,0.01650647117724584,0.01650647117724245
1939.0,142.405949,135.753031,246.93729243314647,246.93729243314647,142.42073869079027,135.76007859446946,0.016383026017137384,0.016383026017137384
1940.0,142.298511,135.979529,247.18802081512317,247.18802081512317,142.31258436573304,135.98628055853368,0.01560907318484387,0.015609073184842328
1941.0,142.191181,136.205196,247.43794765138287,247.43794765138287,142.20418912679435,136.2114779425955,0.014445558676321437,0.014445558676308505
1942.0,142.082311,136.432495,247.69000787043763,247.69000787043763,142.0942816846044,136.43831416936916,0.013310147333707075,0.013310147333703618
1943.0,141.972351,136.660969,247.9435947306123,247.9435947306123,141.98312099417853,136.66623863530265,0.011990072177788113,0.01199007217774983
1944.0,141.861519,136.89061,248.19860506563887,248.19860506563887,141.8707527194803,136.89515697889985,0.010292550342678524,0.010292550342676758
1945.0,141.749675,137.121433,248.45511333166897,248.45511333166897,141.75714575345535,137.12513505298028,0.00833770672664221,0.008337706726641355
1946.0,141.63698,137.352549,248.7122519338484,248.7122519338484,141.64268900956597,137.3553955189977,0.006379299383840771,0.006379299383839649
1947.0,141.523257,137.583457,248.9696541862631,248.9696541862631,141.52755464861175,137.58561273655954,0.004808012448424384,0.00480801244838552
1948.0,141.408401,137.816056,249.22906742950232,249.22906742950232,141.41096573883448,137.81735014372697,0.0028727501240330944,0.0028727501240256538
1949.0,141.292197,138.049532,249.4898621030301,249.4898621030301,141.29320657119553,138.0500443850294,0.0011321538840679214,0.0011321538840521873
1950.0,141.174735,138.283854,249.75197270714384,249.75197270714384,141.17431061812485,138.28363738926748,0.0004764663528442655,-0.0004764663527976401
1951.0,141.056111,138.519114,250.01543972629875,250.01543972629875,141.05426380458573,138.51816586044518,0.002076318740913848,-0.00207631874091206
1952.0,140.936634,138.755469,250.28026259972316,250.28026259972316,140.93307086937637,138.753630079807,0.0040096792037858375,-0.004009679203780935
1953.0,140.816471,138.989442,250.54327758652366,250.54327758652366,140.81219367278567,138.98722280350185,0.004818750999575568,-0.004818750999553752
1954.0,140.694692,139.224994,250.80843537320635,250.80843537320635,140.68982833873562,139.2224574758292,0.0054853583076882265,-0.005485358307685469
1955.0,140.571996,139.460755,251.0742003028662,251.0742003028662,140.56668854754201,139.45797300613012,0.0059923736103491484,-0.005992373610349126
1956.0,140.451388,139.69076,251.3338968743235,251.3338968743235,140.4458948034866,139.68786680612072,0.006208524684506215,-0.006208524684499155
1957.0,140.333693,139.914033,251.58627951719083,251.58627951719083,140.3280734611105,139.9110597979419,0.006357605509062957,-0.006357605509062316
1958.0,140.219562,140.129931,251.83047643691,251.83047643691,140.2136809092683,140.12680609485182,0.006659749273022768,-0.0066597492730067044
1959.0,140.107105,140.339383,252.06819702468405,252.06819702468405,140.1019608076268,140.3366386087166,0.005830471566584939,-0.005830471566556543
1960.0,139.998798,140.542953,252.29877571445581,252.29877571445581,139.9932652725124,140.53999003369347,0.006276164655726808,-0.006276164655718697
1961.0,139.893628,140.740452,252.522520333802,252.522520333802,139.88748687410563,140.73715132814337,0.006971933874882278,-0.006971933874882267
1962.0,139.789331,140.9358,252.7439551743665,252.7439551743665,139.7825127135881,140.9321226234319,0.007746749513088948,-0.007746749513087013
1963.0,139.687675,141.125578,252.9592323396616,252.9592323396616,139.68019025251849,141.12152791595358,0.008510265897445728,-0.00851026589742813
1964.0,139.584452,141.317438,253.17708452113953,253.17708452113953,139.5763824026608,141.31305727730108,0.009182000467299943,-0.00918200046729993
1965.0,139.481908,141.507659,253.3931708046221,253.3931708046221,139.47316300447085,141.50289676562116,0.009957601271585192,-0.00995760127156345
1966.0,139.376853,141.701678,253.61379173757328,253.61379173757328,139.36752459830265,141.69658237839164,0.010629413803346175,-0.010629413803294702
1967.0,139.270459,141.896781,253.83600485367182,253.83600485367182,139.26087274678903,141.8915286404328,0.010930852283687256,-0.010930852283676795
1968.0,139.161859,142.094144,254.06126017187225,254.06126017187225,139.15251111167547,142.0890070139044,0.010666379061063156,-0.010666379061012577
1969.0,139.051982,142.293319,254.2887193800243,254.2887193800243,139.04284192906445,142.28828158701094,0.010436303288489128,-0.010436303288462557
1970.0,138.940989,142.494325,254.5183214612037,254.5183214612037,138.9318954385065,142.48929896383353,0.010390086630184528,-0.01039008663018095
1971.0,138.828444,142.697451,254.7505302082636,254.7505302082636,138.8194480976719,142.69246513168272,0.010285190400454721,-0.010285190400454492
1972.0,138.714974,142.90146,254.9839604167918,254.9839604167918,138.70617305446277,142.89656907855618,0.010068652090474403,-0.01006865209046824
1973.0,138.599455,143.105677,255.2185701699909,255.2185701699909,138.59209547398018,143.1015764845231,0.008424775985907953,-0.008424775985870384
1974.0,138.482848,143.313145,255.4565522389082,255.4565522389082,138.47615113622768,143.30940422652688,0.007670812900987038,-0.007670812900955644
1975.0,138.364712,143.522674,255.69708118310717,255.69708118310717,138.35874268815982,143.5193314143466,0.006841459105744173,-0.00684145910572304
1976.0,138.245234,143.734384,255.9401705552974,255.9401705552974,138.23986566249582,143.7313707755856,0.0061561813594611095,-0.006156181359440337
1977.0,138.124141,143.947902,256.18562886583265,256.18562886583265,138.11961657853496,143.94535660532625,0.005191283428838543,-0.005191283428837162
1978.0,138.001891,144.163765,256.4336999599196,256.4336999599196,137.99787928754955,144.16150307245022,0.00460544818943975,-0.00460544818942289
1979.0,137.879647,144.379609,256.68175262297865,256.68175262297865,137.87595169314181,144.37752108405908,0.004244371066775029,-0.004244371066767005
1980.0,137.757082,144.595818,256.9302816833058,256.9302816833058,137.7536000120505,144.59384666345036,0.004001300772551275,-0.004001300772544847
1981.0,137.632329,144.814084,257.18167987896067,257.18167987896067,137.62965264824388,144.81256589065018,0.003076932680534835,-0.0030769326805333503
1982.0,137.503194,145.038013,257.440168030409,257.440168030409,137.50202842776807,145.0373506307154,0.001340631081643181,-0.001340631081640107
1983.0,137.377559,145.254452,257.690418025959,257.690418025959,137.37830702416406,145.25487780585854,0.0008607268900232205,0.0008607268900146816
1984.0,137.247951,145.476873,257.9478355167352,257.9478355167352,137.25088389799365,145.47854521272103,0.0033761199660948854,0.003376119966076071
1985.0,137.117892,145.698455,258.2047510970119,258.2047510970119,137.1235601807661,145.70169154189347,0.006527133875240436,0.0065271338752270185
1986.0,136.985767,145.92124,258.463740064251,258.463740064251,136.99506935326883,145.92655903722044,0.010715686319144406,0.010715686319107421
1987.0,136.853654,146.145947,258.72439528372155,258.72439528372155,136.8656216888898,146.15279883019886,0.013790328293297047,0.013790328293245174
1988.0,136.721396,146.372329,258.9865783503698,258.9865783503698,136.73529503985407,146.38029591492463,0.01602045699351684,0.016020456993493158
1989.0,136.586505,146.605023,259.25554807983633,259.25554807983633,136.6014817083471,146.61361695219472,0.01726724666065795,0.017267246660632046
1990.0,136.456482,146.830495,259.5158305399974,259.5158305399974,136.47189290788862,146.83934621695693,0.017771891389774447,0.017771891389762248
1991.0,136.321284,147.065972,259.7873658169698,259.7873658169698,136.33661185054433,147.07478292057226,0.01767979987557756,0.0176797998755754
1992.0,136.191501,147.290607,260.04680293864914,260.04680293864914,136.20727953273345,147.2996846124591,0.01820343767474957,0.018203437674606953
1993.0,136.059065,147.52262,260.3139594582195,260.3139594582195,136.07400544669522,147.5312242906837,0.01724096185316947,0.017240961853145102
1994.0,135.925992,147.755888,260.5825219550509,260.5825219550509,135.93991535518535,147.7639164920659,0.0160722277382272,0.0160722277382268
1995.0,135.792363,147.9904,260.8524397299764,260.8524397299764,135.80501343284098,147.99770501635484,0.014608104429010681,0.014608104428970911
1996.0,135.65818,148.226651,261.1241394042481,261.1241394042481,135.66906438787507,148.23294652488087,0.012573922734804744,0.012573922734749537
1997.0,135.523864,148.461422,261.3946230335905,261.3946230335905,135.53354812619835,148.46703354427785,0.01119248539904878,0.011192485398914724
1998.0,135.388374,148.698049,261.6672996546557,261.6672996546557,135.39673579477503,148.7029041043517,0.009669108031534044,0.009669108031529844
1999.0,135.252738,148.935765,261.9409888384194,261.9409888384194,135.25919602453837,148.93952315472285,0.007471934679793615,0.007471934679742629
2000.0,135.117833,149.172811,262.21372679319813,262.21372679319813,135.12189550642688,149.17518085791605,0.004703210075129427,0.004703210075081522
2001.0,134.986437,149.402838,262.47862829749596,262.47862829749596,134.9882927637195,149.4039233048616,0.0021498245568464156,0.002149824556839744
2002.0,134.858003,149.626494,262.7365296954924,262.7365296954924,134.85796882745854,149.62647396342413,3.961346946127744e-05,-3.9613469443075126e-05
2003.0,134.73122,149.847918,262.99166464659896,262.99166464659896,134.7287817711542,149.84648428133715,0.0028285171218770462,-0.0028285171218718572
2004.0,134.612683,150.054329,263.22967196038474,263.22967196038474,134.60801868055643,150.05157877322927,0.005414759751103366,-0.005414759751076815
2005.0,134.495001,150.258739,263.4655146379103,263.4655146379103,134.48810386472397,150.25466052628653,0.008012766241899541,-0.008012766241885553
2006.0,134.380426,150.456662,263.69418565814016,263.69418565814016,134.37158560403748,150.4514190675277,0.010278177935960982,-0.010278177935915154
2007.0,134.268862,150.648306,263.91591458427513,263.91591458427513,134.25835849370839,150.6420583381318,0.01222116701619074,-0.012221167016158732
2008.0,134.160103,150.834586,264.13159406320307,264.13159406320307,134.14797775457117,150.82735195245178,0.014119242920180634,-0.014119242920146489
2009.0,134.054324,151.014705,264.34045113125813,264.34045113125813,134.0408510276177,151.00664259101188,0.01570106440679204,-0.0157010644067678
2010.0,133.950045,151.191316,264.54552339829394,264.54552339829394,133.9354294421088,151.18254289762365,0.01704646173774126,-0.017046461737599383
2011.0,133.849044,151.360107,264.74220169616717,264.74220169616717,133.8340952639428,151.35110662938953,0.017449108310550854,-0.017449108310544352
2012.0,133.750638,151.52279,264.9323083947596,264.9323083947596,133.73592799995265,151.51390632189114,0.017184406831044642,-0.01718440683088357
2013.0,133.65429,151.679847,265.11653742213974,265.11653742213974,133.64058408954628,151.67154473254726,0.016024344798530814,-0.016024344798449025
2014.0,133.560335,151.8317,265.295079112484,265.295079112484,133.54797885272686,151.82419269603375,0.01445800775617842,-0.014458007756153548
2015.0,133.470627,151.975622,265.46464248710834,265.46464248710834,133.45983882117358,151.96904803422288,0.012633361723216474,-0.01263336172321533
2016.0,133.381565,152.117667,265.6322717233412,265.6322717233412,133.3725159446585,152.1121363723167,0.010605340406838717,-0.010605340406824119
2017.0,133.294799,152.255428,265.7950542561458,265.7950542561458,133.2875370529086,152.25097706346926,0.008517435738483929,-0.008517435738443782
2018.0,133.211069,152.389108,265.95277613358996,265.95277613358996,133.20503890021433,152.3854026665879,0.007077541884010564,-0.007077541883837678
2019.0,133.129666,152.517894,266.1051143613374,266.1051143613374,133.12521666419858,152.51515375275108,0.005225470702149546,-0.005225470701925166
2020.0,133.050938,152.642699,266.25266392636604,266.25266392636604,133.0477818889198,152.64075123882162,0.00370874786938016,-0.0037087478691246825
2021.0,132.969757,152.77051,266.40406301638643,266.40406301638643,132.9682119529912,152.76955460915272,0.0018165742292675258,-0.001816574229258764
2022.0,132.889036,152.89794,266.55489920397224,266.55489920397224,132.88883172194474,152.89781346271994,0.0002402940014011885,-0.00024029400139846067
2023.0,132.803917,153.032731,266.71431128541445,266.71431128541445,132.8048338180302,153.03329985607962,0.0010789590074666046,0.0010789590073942016
2024.0,132.715979,153.172229,266.879210964993,266.879210964993,132.71784330745743,153.1733875228411,0.0021949527259555505,0.0021949527257916143
2025.0,132.625304,153.316319,267.04945670523887,267.04945670523887,132.62793791913123,153.31795803279243,0.0031022505515414262,0.0031022505512862696
2026.0,132.531931,153.465088,267.2251012427301,267.2251012427301,132.53509519291705,153.46705944393682,0.003728097103404722,0.0037280971033831108
2027.0,132.436259,153.617179,267.40478129153195,267.40478129153195,132.44004435592953,153.61953979626378,0.0044611969820087475,0.004461196981986649
2028.0,132.338565,153.772187,267.58800652695277,267.58800652695277,132.34305669475,153.7749903683948,0.005294732862413941,0.005294732862020279
2029.0,132.236973,153.933981,267.7790523476805,267.7790523476805,132.24188173504132,153.9370463240562,0.005787217921891439,0.005787217921684736
2030.0,132.134737,154.096772,267.97128446734075,267.97128446734075,132.14004894145313,154.10009009092622,0.0062631022182458055,0.0062631022182218655
2031.0,132.030231,154.263276,268.1678674763651,268.1678674763651,132.0359012561772,154.26681783105207,0.0066855345572847235,0.006685534557175466
2032.0,131.923184,154.433084,268.3685979103134,268.3685979103134,131.92956769962092,154.43707023704712,0.007526068472051562,0.007526068471525543
2033.0,131.81396,154.606544,268.57357789696397,268.57357789696397,131.82101820176885,154.61094893369173,0.008319955110342328,0.008319955110135481
2034.0,131.705064,154.780181,268.7785325432511,268.7785325432511,131.71254154434465,154.78484321539236,0.00881191930234189,0.008811919302050768
2035.0,131.592558,154.961091,268.9915674742934,268.9915674742934,131.59987700821972,154.96564858881766,0.008622035557287796,0.008622035557228961
2036.0,131.478813,155.144485,269.20736479431366,269.20736479431366,131.48587112862077,155.14887287976705,0.008310876516795967,0.008310876516159965
2037.0,131.363391,155.33025,269.42606002942557,269.42606002942557,131.37048567481327,155.33465177922514,0.00834925571848916,0.008349255717956349
2038.0,131.245431,155.520007,269.64948370231565,269.64948370231565,131.25279309103294,155.52456383460878,0.008658240354093691,0.008658240354068142
2039.0,131.125863,155.713307,269.87676400295913,269.87676400295913,131.1332954654383,155.71789424085932,0.00873408960297917,0.008734089602295934
2040.0,131.002506,155.914105,270.1124135678191,270.1124135678191,131.00967361600024,155.91851414340638,0.008415180610347637,0.00841518061032376
2041.0,130.882426,156.110829,270.3428775722352,270.3428775722352,130.88906857117635,156.11490169803795,0.0077917020695850315,0.007791702069438074
2042.0,130.758334,156.314211,270.5811166419097,270.5811166419097,130.7646879133861,156.31809445635594,0.007446707231160061,0.00744670723092612
2043.0,130.634058,156.518117,270.819900299121,270.819900299121,130.6402966062662,156.52191896446405,0.007305829311611106,0.007305829311591001
2044.0,130.50749,156.725792,271.06309593803866,271.06309593803866,130.51386192982602,156.72966492682838,0.0074566112897032025,0.007456611289689402
2045.0,130.379983,156.936654,271.3095038856639,271.3095038856639,130.38599193175506,156.9402976280547,0.007027324258766293,0.0070273242587652
2046.0,130.251512,157.150624,271.55907146905383,271.55907146905383,130.25669422659226,157.15375975056836,0.006057095350131972,0.006057095350131969
2047.0,130.121885,157.367473,271.8117033540506,271.8117033540506,130.12599619370906,157.36995616622664,0.004802918719138041,0.0048029187191344575
2048.0,129.990724,157.587119,272.0675249448553,272.0675249448553,129.9938088149493,157.58897940870818,0.0036023886287910195,0.0036023886287461283
2049.0,129.859964,157.807506,272.323776242789,272.323776242789,129.86152996149397,157.80844929526637,0.0018281250942449102,0.001828125094229922
2050.0,129.724574,158.035065,272.5885617820137,272.5885617820137,129.72494909552285,158.03529075593352,0.00043779263673881407,0.00043779263672564264
2051.0,129.592483,158.256013,272.84598265529945,272.84598265529945,129.59223478699383,158.25586368721355,0.00028966187982455835,-0.00028966187981705404
2052.0,129.456226,158.483744,273.1113635571659,273.1113635571659,129.45545207835866,158.48327853586576,0.0009031121564751056,-0.0009031121564662233
2053.0,129.318723,158.713997,273.37954772633526,273.37954772633526,129.31722533126407,158.7130961053285,0.0017477479371304375,-0.0017477479371300893
2054.0,129.180149,158.946713,273.650393879119,273.650393879119,129.17759035721556,158.9451730578733,0.0029863145601099214,-0.0029863145600985876
2055.0,129.041187,159.178816,273.9209138460151,273.9209138460151,129.03804987415984,159.17692617087653,0.0036623780052075566,-0.0036623780051165834
2056.0,128.900577,159.412095,274.1932906764452,274.1932906764452,128.89743929159147,159.41020240117848,0.0036643068043160153,-0.003664306804197671
2057.0,128.758252,159.647818,274.46864549565936,274.46864549565936,128.75513800446174,159.64593660968688,0.0036382135344935475,-0.00363821353449269
2058.0,128.614362,159.885308,274.7463215391693,274.7463215391693,128.61144112685756,159.88353961275953,0.0034144828812749492,-0.003414482881165934
2059.0,128.466021,160.129512,275.03204604184384,275.03204604184384,128.4633313188332,160.12787947400014,0.0031463512072362255,-0.0031463512071308423
2060.0,128.318348,160.36937,275.3137106025917,275.3137106025917,128.3170376091326,160.36857235883215,0.0015340650761893236,-0.0015340650761693547
2061.0,128.169714,160.610353,275.59683972767164,275.59683972767164,128.1696520072041,160.61031513947586,7.263970011531779e-05,-7.263970010598122e-05
2062.0,128.019679,160.853088,275.882198559546,275.882198559546,128.02072657314676,160.85373013475527,0.0012287174377066288,0.0012287174377066047
2063.0,127.868872,161.097813,276.1696606571214,276.1696606571214,127.87027462417251,161.09867634427403,0.0016470330612369862,0.0016470330612347783
2064.0,127.720464,161.339592,276.45335619135193,276.45335619135193,127.72132877880534,161.34012668034688,0.0010167229000532798,0.0010167229000525929
2065.0,127.567875,161.588185,276.7450423143144,276.7450423143144,127.56766081002614,161.58805190024265,0.00025217630799193345,-0.0002521763079741792
2066.0,127.414872,161.83642,277.0366365784353,277.0366365784353,127.41346153682113,161.8355387844586,0.001663113709086752,-0.0016631137090815436
2067.0,127.260528,162.085223,277.3294158795036,277.3294158795036,127.25800610123535,162.08363811554105,0.0029785620905672726,-0.002978562090553252
2068.0,127.10403,162.335851,277.6248788410599,277.6248788410599,127.10043912298819,162.3335800107418,0.004248739804309133,-0.004248739804309027
2069.0,126.945806,162.587613,277.9222143018991,277.9222143018991,126.94112929769192,162.58463515959812,0.005544283356536668,-0.005544283356536667
2070.0,126.78611,162.840418,278.2212099014765,278.2212099014765,126.78012845586089,162.8365816192163,0.007106102152766856,-0.007106102152765166
2071.0,126.624907,163.093347,278.52111203477943,278.52111203477943,126.61778302401275,163.088742600111,0.008482424901201345,-0.008482424901110092
2072.0,126.459618,163.351932,278.82796712293026,278.82796712293026,126.4507348576387,163.34614276451697,0.01060308755454716,-0.010603087554434572
2073.0,126.299301,163.599622,279.1229655233247,279.1229655233247,126.28919775381196,163.59298221701192,0.012089760198821622,-0.012089760198821183
2074.0,126.134093,163.851758,279.42435221325076,279.42435221325076,126.12315865014801,163.84450721827443,0.013119978746826877,-0.01311997874678882
2075.0,125.967272,164.103756,279.72650441487673,279.72650441487673,125.95563061320435,164.0959633154341,0.014008847892301914,-0.014008847892236567
2076.0,125.799242,164.3542,280.0280294981016,280.0280294981016,125.7873364516764,164.34615183943916,0.014370628702279512,-0.014370628702273394
2077.0,125.630684,164.602436,280.32801644905663,280.32801644905663,125.61874892602631,164.59428537720197,0.014452634457197498,-0.014452634457034224
2078.0,125.459377,164.850263,280.62921727454227,280.62921727454227,125.44827597660218,164.84260116219096,0.01348838311627273,-0.013488383116259245
2079.0,125.285985,165.097117,280.9308124203703,280.9308124203703,125.27632476997103,165.09037568960665,0.011779868846134613,-0.011779868846127528
2080.0,125.110834,165.343175,281.2327785698037,281.2327785698037,125.10285711776713,165.33754428288668,0.00976399638300163,-0.009763996382548854
2081.0,124.931342,165.592323,281.53979264735574,281.53979264735574,124.9251033932521,165.58786609243245,0.007667088053529216,-0.007667088053529215
2082.0,124.756574,165.831863,281.836266479276,281.836266479276,124.75208100762693,165.8286144152919,0.005544392037926192,-0.00554439203792272
2083.0,124.577212,166.074029,282.1375860113708,282.1375860113708,124.57480600054318,166.07226737903414,0.002981969452153185,-0.0029819694521349303
2084.0,124.396524,166.315231,282.4389405204421,282.4389405204421,124.39603043519496,166.31486489059412,0.0006145260888316637,-0.0006145260887174429
2085.0,124.214387,166.556035,282.7408652304337,282.7408652304337,124.21538926167426,166.55678841306246,0.0012538579290995813,0.0012538579290976852
2086.0,124.031362,166.795098,283.0419551162249,283.0419551162249,124.03368308761864,166.79686686642006,0.002918276228432692,0.002918276228430978
2087.0,123.847369,167.032403,283.34225523775126,283.34225523775126,123.85085657480082,167.03509845697764,0.004407796083036101,0.004407796082812984
2088.0,123.664038,167.267735,283.64060106388814,283.64060106388814,123.66760136902191,167.27052872593697,0.004527969014606243,0.004527969014281982
2089.0,123.476968,167.50265,283.9409363301553,283.9409363301553,123.48145648360205,167.50622126557477,0.0057358890201452805,0.005735889020145251
2090.0,123.28851,167.736142,284.24103876526897,284.24103876526897,123.29375621459747,167.74037867651572,0.006743307460101532,0.0067433074600515425
2091.0,123.098643,167.968162,284.54089458807437,284.54089458807437,123.10452025395345,167.97297893789244,0.0075990134026032085,0.007599013402600772
2092.0,122.906585,168.19907,284.8412931215346,284.8412931215346,122.91326352218788,168.2046246957805,0.00868661636240733,0.00868661636240143
2093.0,122.713046,168.428622,285.1416104992923,285.1416104992923,122.7203947980896,168.4348241773108,0.009616227782046306,0.009616227782035188
2094.0,122.518092,168.656095,285.44126655966284,285.44126655966284,122.52630810111519,168.66313040361078,0.010816710290183974,0.010816710290180245
2095.0,122.321536,168.882203,285.7409443878115,285.7409443878115,122.3305813678596,168.89006095063883,0.01198190585665062,0.011981905856611325
2096.0,122.123259,169.107207,286.04093314735,286.04093314735,122.13303803496603,169.11582524104244,0.013034707650450164,0.013034707650449916
2097.0,121.924365,169.33056,286.3401015205609,286.3401015205609,121.9344420021374,169.33956831912104,0.013516500488810286,0.013516500488801125
2098.0,121.725605,169.551954,286.63771980342636,286.63771980342636,121.73531108141631,169.5607541282012,0.01310153704028272,0.013101537040276764
2099.0,121.525724,169.772908,286.9357523359391,286.9357523359391,121.53435427828205,169.78084364891606,0.011724172761635841,0.01172417276163584
2100.0,121.323319,169.992606,287.2345537099836,287.2345537099836,121.33133756235672,170.00008350808432,0.010964053512263015,0.010964053512231188
2101.0,121.119537,170.210718,287.53312340775574,287.53312340775574,121.12695075227519,170.21772895605298,0.010203784963170575,0.010203784963165846
2102.0,120.91402,170.427252,287.8317297154606,287.8317297154606,120.92102575765972,170.4339701872576,0.009706424697831369,0.009706424697830191
2103.0,120.705964,170.643169,288.13164246942614,288.13164246942614,120.71269070448261,170.64971032666574,0.009382830476161157,0.009382830476147987
2104.0,120.497145,170.855865,288.4297777679553,288.4297777679553,120.5041052124401,170.86272769934897,0.009774517868702285,0.009774517868698908
2105.0,120.286769,171.06715,288.7280070419365,288.7280070419365,120.29398620047606,171.0743650169329,0.010205118914219451,0.010205118914195805
2106.0,120.075168,171.277455,289.02641175103906,289.02641175103906,120.08228782270547,171.2846715113154,0.010137549552154583,0.01013754955214696
2107.0,119.862821,171.486478,289.32444166782017,289.32444166782017,119.86941528038685,171.49325427589298,0.009455286817336454,0.00945528681733641
2108.0,119.649916,171.69466,289.6222682284227,289.6222682284227,119.65526355701843,171.700230988919,0.007722194221914505,0.007722194221899117
2109.0,119.438695,171.900436,289.91717962679274,289.91717962679274,119.44181775124333,171.9037335581712,0.004541526749916796,0.004541526749864617
2110.0,119.22443,172.10715,290.2148992608273,290.2148992608273,119.22494912216192,172.10770571734577,0.0007604666905205311,0.0007604666904937249
2111.0,119.008018,172.311279,290.51238077533174,290.51238077533174,119.00687151607679,172.3100348428683,0.0016918487977909784,-0.0016918487977510485
2112.0,118.790537,172.513928,290.8096108165891,290.8096108165891,118.78761084269753,172.51070901341828,0.004350203578230206,-0.004350203578190052
2113.0,118.572046,172.715672,291.10693898036806,291.10693898036806,118.56692286394497,172.7099589116318,0.007673714989594488,-0.007673714989587778
2114.0,118.350899,172.916847,291.4058206056145,291.4058206056145,118.343728667844,172.90874080164068,0.010822389526709443,-0.010822389526697125
2115.0,118.130097,173.113906,291.7016807626128,291.7016807626128,118.1214669143572,173.10401656345869,0.013125522210814478,-0.01312552221080994
2116.0,117.906988,173.308607,291.9977066439018,291.9977066439018,117.89777454432098,173.2979049953224,0.014121638349303687,-0.014121638349303477
2117.0,117.685028,173.498763,292.28988934684804,292.28988934684804,117.67571685109449,173.48780183103096,0.014382097173509505,-0.014382097173488005
2118.0,117.4687,173.681481,292.5729646325451,292.5729646325451,117.4593888382156,173.67037658519135,0.014491575553320129,-0.01449157555331129
2119.0,117.258325,173.857243,292.8470089559293,292.8470089559293,117.24885468097487,173.84580584754457,0.014849087471178756,-0.014849087471168776
2120.0,117.050615,174.028891,293.1163728776367,293.1163728776367,117.04086339972991,174.01696755913585,0.015403316197104508,-0.015403316197088388
2121.0,116.849016,174.193404,293.37648621971397,293.37648621971397,116.83903268216176,174.18105023279642,0.015883393818052087,-0.01588339381805202
2122.0,116.652553,174.350846,293.6281624839746,293.6281624839746,116.64283732956181,174.3386832274363,0.015566865082592533,-0.015566865082574405
2123.0,116.461039,174.502381,293.8722921322959,293.8722921322959,116.45167540791991,174.49052610542842,0.01510679919592768,-0.015106799195927669
2124.0,116.274272,174.648363,294.10926273382114,294.10926273382114,116.26532519718296,174.63691099648412,0.014532503747614556,-0.014532503747606205
2125.0,116.09582,174.786228,294.334693702102,294.334693702102,116.08732891085278,174.77524515302736,0.013882417748020409,-0.01388241774801732
2126.0,115.920335,174.919087,294.5547287549548,294.5547287549548,115.91292033005469,174.90939796353047,0.012200604825400325,-0.012200604825392113
2127.0,115.743553,175.051457,294.7755135607828,294.7755135607828,115.73725407324531,175.0431410028238,0.010432271435096832,-0.010432271435082277
2128.0,115.575238,175.176679,294.985250428223,294.985250428223,115.56976678720646,175.1693847540981,0.00911812440744255,-0.009118124407441662
2129.0,115.411173,175.297678,295.1890662252049,295.1890662252049,115.40644104681603,175.2913089618811,0.007934483442243508,-0.007934483442234876
2130.0,115.24548,175.418427,295.3940514301796,295.3940514301796,115.24161841155006,175.41317923059924,0.006515439282221656,-0.0065154392821946735
2131.0,115.076755,175.539359,295.60160324428705,295.60160324428705,115.07416377937022,175.53580315678246,0.004399823330525391,-0.004399823330509279
2132.0,114.900785,175.66305,295.81665951727945,295.81665951727945,114.90005531429927,175.66203848032842,0.0012472422650974483,-0.0012472422650941929
2133.0,114.728779,175.782222,296.0258888122032,296.0258888122032,114.73008302084298,175.784047662209,0.002243549166008977,0.002243549166003764
2134.0,114.548725,175.906265,296.2445307149507,296.2445307149507,114.55185576437287,175.91069376309966,0.005423617625847901,0.0054236176258303185
2135.0,114.372357,176.026833,296.45818535472273,296.45818535472273,114.3770973369559,176.03360720225214,0.008268047569305709,0.00826804756928399
2136.0,114.189114,176.150315,296.67917505643805,296.67917505643805,114.19572314732096,176.1598599469255,0.011609773474136803,0.011609773474122908
2137.0,114.003092,176.274986,296.90315790124856,296.90315790124856,114.01125765453256,176.28690598308557,0.014448664668585387,0.014448664668573134
2138.0,113.815305,176.400642,297.12917800363783,297.12917800363783,113.82447128091249,176.41416883141733,0.016340008383090247,0.016340008383001325
2139.0,113.624822,176.528261,297.3585438902263,297.3585438902263,113.63426780554006,176.5423532281457,0.016965085806208646,0.016965085806188995
2140.0,113.432264,176.657798,297.590697689284,297.590697689284,113.44110656747092,176.67113217065435,0.015999722076231338,0.015999722076219653
2141.0,113.237233,176.787195,297.8248252637947,297.8248252637947,113.24567221973068,176.80005476167878,0.01538160915176679,0.015381609151751715
2142.0,113.039631,176.91737,298.0615197278259,298.0615197278259,113.04747888729605,176.92945172254358,0.014406850961654985,0.014406850961621406
2143.0,112.839269,177.048372,298.3009668715837,298.3009668715837,112.8463782627549,177.05942624780496,0.013142983354310526,0.013142983353979096
2144.0,112.636099,177.180435,298.5433348041896,298.5433348041896,112.64223633773013,177.1900715546899,0.011424977054906145,0.011424977054872387
2145.0,112.429973,177.313044,298.78847280096846,298.78847280096846,112.43518848779476,177.32131078761986,0.009774512289079449,0.009774512288900061
2146.0,112.220871,177.445739,299.03616035188764,299.03616035188764,112.2254319621416,177.4530348868225,0.008604204796718147,0.008604204796670489
2147.0,112.009712,177.578473,299.28560200361005,299.28560200361005,112.01365588661703,177.58483759050858,0.00748747313784682,0.007487473137728259
2148.0,111.796792,177.710992,299.5364178963148,299.5364178963148,111.80020280338285,177.7165430224514,0.006515169220537286,0.006515169220537239
2149.0,111.57623,177.847272,299.7957053814079,299.7957053814079,111.57903393123748,177.85187319622665,0.005388231351808039,0.005388231351675735
2150.0,111.361641,177.978695,300.04735562066907,300.04735562066907,111.36391791480801,177.98245988852386,0.0043998552976354105,0.004399855297630692
2151.0,111.140471,178.113653,300.3064578657674,300.3064578657674,111.14198783820027,178.11617958366696,0.0029469345347213254,0.002946934534636563
2152.0,110.917484,178.249303,300.56746290977827,300.56746290977827,110.91800415086176,178.2501754383062,0.0010157290569440633,0.0010157290569023953
2153.0,110.691943,178.385278,300.83081716397885,300.83081716397885,110.69160549587201,178.3847082081048,0.000662247567186476,-0.0006622475671775297
2154.0,110.465128,178.521617,301.09544288166273,301.09544288166273,110.46374240968657,178.51926356669222,0.0027310270688557198,-0.0027310270688543623
2155.0,110.235528,178.658334,301.36265129894304,301.36265129894304,110.23331031428397,178.6545460601664,0.004389375595453825,-0.004389375595397581
2156.0,110.003217,178.795166,301.6322519224205,301.6322519224205,110.00049687970123,178.7904959457113,0.005404485313056049,-0.005404485312719152
2157.0,109.767988,178.932583,301.90466615577634,301.90466615577634,109.76496260077118,178.9273648374326,0.006031770973223696,-0.006031770973207158
2158.0,109.530995,179.069708,302.1784600639482,302.1784600639482,109.52797453197996,179.0644769809442,0.006040429407104677,-0.006040429406651837
2159.0,109.287588,179.210117,302.4594516042472,302.4594516042472,109.2845200043706,179.2047842247034,0.006152323914269757,-0.006152323913920293
2160.0,109.047885,179.34732,302.73563580875305,302.73563580875305,109.04503220469573,179.3423462041111,0.005733854427213938,-0.005733854427194829
2161.0,108.805757,179.485983,303.0146519861479,303.0146519861479,108.80292410589668,179.48103177819826,0.0057043743154463495,-0.005704374315023455
2162.0,108.55663,179.627813,303.30131756439056,303.30131756439056,108.55404291782985,179.6232826243225,0.005217020024334687,-0.005217020023976483
2163.0,108.315702,179.76474,303.5784339734951,303.5784339734951,108.31335694003371,179.76062803743784,0.004733660566411806,-0.00473366056641058
2164.0,108.073571,179.902389,303.85695407025827,303.85695407025827,108.0713860397283,179.89855383777333,0.00441390084774975,-0.004413900847744957
2165.0,107.824847,180.044202,304.1432639008586,304.1432639008586,107.82258316753206,180.04022404783754,0.004577012218669058,-0.004577012218667767
2166.0,107.575689,180.186122,304.43000363173763,304.43000363173763,107.57333924467363,180.18198842491938,0.00475476529820119,-0.004754765298201024
2167.0,107.324521,180.328516,304.71872497546093,304.71872497546093,107.32230260072217,180.32460895639733,0.004492914985747267,-0.004492914985743985
2168.0,107.071642,180.471394,305.0091735063305,305.0091735063305,107.0696910499361,180.46795382598367,0.003954870846751767,-0.003954870846750919
2169.0,106.817091,180.61526,305.3015642253285,305.3015642253285,106.81531412864025,180.61212286723725,0.0036053950962809055,-0.0036053950962725025
2170.0,106.561271,180.759488,305.5952379256651,305.5952379256651,106.55974196898266,180.75678492623763,0.0031055665532777996,-0.003105566553277711
2171.0,106.300914,180.906062,305.8940161848628,305.8940161848628,106.29964403136012,180.90381386407546,0.0025820409527101133,-0.0025820409527101133
2172.0,106.042913,181.051255,306.19006438456177,306.19006438456177,106.04183748375992,181.04934845810146,0.0021889808572807183,-0.0021889808572799823
2173.0,105.788505,181.19403,306.4817956948774,306.4817956948774,105.78770509834088,181.19261005666527,0.0016297489800866074,-0.001629748980086596
2174.0,105.52733,181.34021,306.78109481632225,306.78109481632225,105.52689030196805,181.33942832252788,0.0008968578648510609,-0.0008968578648509316
2175.0,105.265286,181.487443,307.0816680623889,307.0816680623889,105.26487130885737,181.4867046628134,0.0008468237980391313,-0.0008468237980391268
2176.0,105.0024,181.635276,307.38326910616314,307.38326910616314,105.00185952396268,181.63431220783443,0.0011049930702686545,-0.001104993070268417
2177.0,104.738984,181.783434,307.6854908676504,307.6854908676504,104.73820689191143,181.7820460199908,0.0015907185443363424,-0.001590718544335886
2178.0,104.473873,181.931548,307.98916986325315,307.98916986325315,104.47318034876496,181.93030882742332,0.0014196176978988403,-0.0014196176978981982
2179.0,104.207262,182.079826,308.29423869995014,308.29423869995014,104.20683496729536,182.07906073141703,0.0008763520610488427,-0.0008763520610486184
2180.0,103.93919,182.228571,308.60081174499106,308.60081174499106,103.93906706667968,182.22835031286408,0.00025261712768204393,-0.00025261712768173504
2181.0,103.671493,182.376867,308.9068396032758,308.9068396032758,103.67166380610959,182.3771741747946,0.0003514698870503029,0.00035146988705030195
2182.0,103.402522,182.525062,309.2139331193514,309.2139331193514,103.4032150426323,182.52631063706679,0.0014280765437285174,0.0014280765437284344
2183.0,103.131668,182.673854,309.52296460258043,309.52296460258043,103.13295421130863,182.67617569536074,0.0026541682084015275,0.0026541682084014065
2184.0,102.859547,182.822948,309.8332528283068,309.8332528283068,102.86147286946213,182.82643100737272,0.003979989138627199,0.00397998913860688
2185.0,102.586695,182.972254,310.14428558567363,310.14428558567363,102.58921560951853,182.97682168201547,0.005217009808252025,0.005217009808250274
2186.0,102.311321,183.123067,310.4582564590328,310.4582564590328,102.31425767572479,183.12839951010125,0.006087670185917769,0.006087670185916074
2187.0,102.038672,183.272386,310.7691209773838,310.7691209773838,102.0418901916663,183.278241748526,0.006681807270537331,0.006681807270537136
2188.0,101.764088,183.423249,311.0824254381946,311.0824254381946,101.76725227854024,183.42901872137475,0.006580451612346877,0.006580451612346876
2189.0,101.488471,183.574316,311.39673357288285,311.39673357288285,101.49160111435582,183.58003538576858,0.006519891828106096,0.006519891828106089
2190.0,101.211576,183.725726,311.7123273829933,311.7123273829933,101.214688837056,183.7314257333019,0.006494360187885754,0.006494360187885702
2191.0,100.934807,183.877086,312.0277863092203,312.0277863092203,100.9377620775006,183.8825081536233,0.006175130196938686,0.006175130196938551
2192.0,100.653729,184.029672,312.3476156146898,312.3476156146898,100.65686412481459,184.03543662798825,0.006562007577402414,0.006562007577402202
2193.0,100.389871,184.173754,312.6482538867224,312.6482538867224,100.39269840547102,184.1789630656075,0.005926937337334592,0.0059269373373345225
2194.0,100.12915,184.316192,312.94534947481236,312.94534947481236,100.13152949575004,184.32058433625969,0.00499545972285194,0.004995459722831738
2195.0,99.876251,184.454459,313.2335788351023,313.2335788351023,99.8780450879374,184.45777695618793,0.0037719470823478598,0.003771947082347859
2196.0,99.629239,184.589197,313.5149492922436,313.5149492922436,99.63048934935519,184.59151358805343,0.002632480525903321,0.0026324805259031157
2197.0,99.390346,184.719722,313.7871719249225,313.7871719249225,99.39088542289119,184.7207231733045,0.0011372444949047803,0.0011372444949047493
2198.0,99.158477,184.845264,314.0508458431268,314.0508458431268,99.15871581046159,184.84570798591253,0.0005041368138657559,0.0005041368138657535
2199.0,98.933327,184.966385,314.3065076685639,314.3065076685639,98.93351686123788,184.96673855967896,0.00040131251691103055,0.00040131251691103055
2200.0,98.714927,185.083633,314.5543902518274,314.5543902518274,98.71509159934156,185.08394000118682,0.0003483427506843694,0.0003483427506841789
2201.0,98.502248,185.197459,314.7956138621679,314.7956138621679,98.50246007272084,185.19785515450204,0.0004493475585802158,0.0004493475585800654
2202.0,98.296224,185.30695,315.0289247868139,315.0289247868139,98.29673436363566,185.30790477295665,0.0010826183257994918,0.0010826183257994035
2203.0,98.096478,185.412099,315.25465335929323,315.25465335929323,98.0976302965144,185.4142577581024,0.0024470438904276117,0.002447043890427607
2204.0,97.901719,185.514438,315.4746607817277,315.4746607817277,97.9035121073446,185.51780191909182,0.003811979224168936,0.0038119792241625727
2205.0,97.713363,185.614164,315.6877897066126,315.6877897066126,97.71540635636838,185.6180025376091,0.004348525753028619,0.004348525753028513
2206.0,97.530755,185.711207,315.89458427569343,315.89458427569343,97.53283823530698,185.71512552144753,0.004437868821745781,0.004437868821745695
2207.0,97.353933,185.805591,316.09502152675185,316.09502152675185,97.35583305880418,185.80916943801392,0.004051597472467143,0.00405159747246711
2208.0,97.182702,185.897296,316.2892637130932,316.2892637130932,97.18425234343677,185.9002193381623,0.0033089984561690136,0.00330899845616901
2209.0,97.017125,185.986321,316.47725426623737,316.47725426623737,97.01815063855362,185.98825723372983,0.002191103717122523,0.0021911037170871594
2210.0,96.854653,186.072681,316.6612527886504,316.6612527886504,96.8555351123153,186.07434815242823,0.0018861387424532166,0.0018861387424531707
2211.0,96.696073,186.157946,316.8412983491095,316.8412983491095,96.69637403261613,186.1585155689997,0.000644227817913771,0.0006442278179134045
2212.0,96.547844,186.237589,317.0095643454009,317.0095643454009,96.54759129399272,186.23711036393485,0.000541251151492135,-0.0005412511514820981
2213.0,96.401171,186.316176,317.1759603658135,317.1759603658135,96.40042903263682,186.3147692594815,0.0015904195844088167,-0.0015904195844049552
2214.0,96.258789,186.392436,317.33747450911096,317.33747450911096,96.25755310770204,186.39009049301646,0.0026511945952730014,-0.002651194595272982
2215.0,96.120492,186.466293,317.49425370293085,317.49425370293085,96.11883640690495,186.46314795148342,0.003554197331053002,-0.0035541973310481614
2216.0,95.986265,186.537869,317.64636828142045,317.64636828142045,95.98421939881844,186.5339794830449,0.004394636087096752,-0.004394636087096638
2217.0,95.855992,186.607247,317.7939596382273,317.7939596382273,95.85357950208808,186.60265572171582,0.005186519300822813,-0.005186519300806962
2218.0,95.72931,186.674695,317.9374738913348,317.9374738913348,95.72652414554902,186.669388599805,0.0059932351907618355,-0.005993235190761206
2219.0,95.606727,186.739802,318.0762702540376,318.0762702540376,95.60362290246306,186.73388444906993,0.00668227734599454,-0.006682277345994423
2220.0,95.485156,186.804457,318.2139599757227,318.2139599757227,95.48167957806653,186.79782414664015,0.007488674993143327,-0.0074886749931433235
2221.0,95.370756,186.865403,318.3435760021025,318.3435760021025,95.36686668126737,186.85797656050448,0.008383245420741415,-0.0083832454207414
2222.0,95.258738,186.925062,318.470484297531,318.470484297531,95.25443358650122,186.91683668734788,0.009283520010936649,-0.009283520010936417
2223.0,95.147726,186.984351,318.5963291240187,318.5963291240187,95.14292445940806,186.97516879527706,0.010361837463991276,-0.010361837463990664
2224.0,95.028354,187.047997,318.7316002532196,318.7316002532196,95.02304268275552,187.0378316859598,0.011469250211230516,-0.011469250211230471
2225.0,94.902933,187.114547,318.87357662450813,318.87357662450813,94.89719611288169,187.10355786544002,0.012396489510554947,-0.012396489510554944
2226.0,94.771228,187.183914,319.0224265182698,319.0224265182698,94.76523238025698,187.17241905856727,0.012964610855881225,-0.0129646108558812
2227.0,94.633304,187.256097,319.1780922128181,319.1780922128181,94.62719928928769,187.2443820628591,0.013210119041719337,-0.01321011904171929
2228.0,94.489348,187.331,319.340363891872,319.340363891872,94.48327945960601,187.3193432536722,0.013141800388986302,-0.013141800388986245
2229.0,94.339507,187.408556,319.5090806265741,319.5090806265741,94.33361216804497,187.3972216077428,0.012775660124552557,-0.012775660124552508
2230.0,94.184495,187.487751,319.6831417733908,319.6831417733908,94.17917058418398,187.47750286075137,0.011548755856853771,-0.011548755856853745
2231.0,94.024394,187.56915,319.86273597255735,319.86273597255735,94.01978430668373,187.56026813392236,0.01000683853628382,-0.010006838536283813
2232.0,93.86113,187.652718,320.04613777352847,320.04613777352847,93.85698200901487,187.64471712419913,0.009012205212572939,-0.009012205212572937
2233.0,93.692223,187.738891,320.23574917936674,320.23574917936674,93.68862858822973,187.73195020478133,0.00781629287077369,-0.007816292870773617
2234.0,93.51837,187.827541,320.43089266988716,320.43089266988716,93.51532211829989,187.8216488598383,0.006633769557579201,-0.006633769557576592
2235.0,93.339609,187.918591,320.63149918775326,320.63149918775326,93.33712060395354,187.91377483103165,0.005421032965745607,-0.0054210329657454525
2236.0,93.156033,188.011965,320.8374513750107,320.8374513750107,93.15412496751969,188.00826768628343,0.004160614938279433,-0.004160614938279314
2237.0,92.967533,188.107842,321.04892830468634,321.04892830468634,92.96617287087497,188.10520323332742,0.002968676605683237,-0.0029686766056594835
2238.0,92.77561,188.205275,321.264161931842,321.264161931842,92.77483372320349,188.20376714121826,0.00169594922402307,-0.0016959492240230184
2239.0,92.580269,188.304267,321.4831493633378,321.4831493633378,92.5801090106141,188.3039558659197,0.0003498585707547653,-0.0003498585707545386
2240.0,92.381804,188.405036,321.70572879390494,321.70572879390494,92.38214168357567,188.40569346691785,0.0007391163273473207,0.0007391163273473159
2241.0,92.178403,188.5081,321.93374855114996,321.93374855114996,92.17928643618855,188.50982202863347,0.0019354178137186105,0.0019354178137177469
2242.0,91.970949,188.613229,322.1663180960069,322.1663180960069,91.9723339896524,188.61593176968745,0.0030369656436464235,0.0030369656436453115
2243.0,91.759549,188.720246,322.40326140558733,322.40326140558733,91.76143992904261,188.72394022399396,0.004150048621608075,0.004150048621607285
2244.0,91.544493,188.828991,322.6442474736048,322.6442474736048,91.54689812710606,188.8336949471961,0.005283157731891794,0.005283157731887934
2245.0,91.326141,188.938613,322.88856864425054,322.88856864425054,91.32933830692902,188.9448729943406,0.0070292461005974855,0.007029246100595341
2246.0,91.107864,189.049341,323.133326998349,323.133326998349,91.1113418773868,189.05615734983064,0.0076523366451904246,0.007652336645188831
2247.0,90.895434,189.157229,323.3715865502332,323.3715865502332,90.8990901382428,189.16440157650015,0.008050664599959295,0.008050664599958323
2248.0,90.689644,189.262212,323.6026109370013,323.6026109370013,90.6932445850112,189.2692818650391,0.007933927406634832,0.007933927406629598
2249.0,90.490157,189.364232,323.82667372889756,323.82667372889756,90.49356666564147,189.37093255511363,0.007518195170221186,0.007518195170213572
2250.0,90.296782,189.463313,324.0439557795581,324.0439557795581,90.29989989686246,189.46944484800485,0.006879014522415814,0.006879014522415615
2251.0,90.10851,189.559813,324.2555187291073,324.2555187291073,90.11130208666314,189.5653080177381,0.0061636813574806855,0.006163681357467156
2252.0,89.925694,189.652914,324.46067742770424,324.46067742770424,89.9283876842114,189.6582187961829,0.005949520751516784,0.005949520751511884
2253.0,89.749537,189.742687,324.65839171957873,324.65839171957873,89.75208774988852,189.74771334452458,0.005636529452923401,0.005636529452919514
2254.0,89.577507,189.829591,324.85112734819836,324.85112734819836,89.58020675262277,189.83491394748648,0.005968453247543721,0.005968453247541597
2255.0,89.410538,189.914196,325.03830940130376,325.03830940130376,89.41325999860342,189.91956559967406,0.006020122677871576,0.006020122677871564
2256.0,89.248389,189.995975,325.21991449220235,325.21991449220235,89.25127082909904,190.00166260263717,0.006376030325722643,0.00637603032572203
2257.0,89.091136,190.075325,325.3960543725173,325.3960543725173,89.09414183183367,190.08125993664396,0.006652706064464436,0.006652706064461231
2258.0,88.938713,190.152165,325.566751318162,325.566751318162,88.9418551987247,190.1583717293288,0.006956788180357573,0.006956788180353081
2259.0,88.791022,190.226654,325.73216453205526,325.73216453205526,88.79427076652631,190.2330735810792,0.007194824888411661,0.007194824888409849
2260.0,88.648008,190.298758,325.89232775298905,325.89232775298905,88.65136012133983,190.30538405605836,0.0074257212690452155,0.0074257212690419004
2261.0,88.507742,190.368224,326.04884818940315,326.04884818940315,88.51169057781145,190.37603153015587,0.008749216757401168,0.008749216757400079
2262.0,88.372832,190.435907,326.19978452376375,326.19978452376375,88.3769957564283,190.4441423377209,0.00922809053768871,0.009228090537688709
2263.0,88.241784,190.501874,326.346500063518,326.346500063518,88.24606028799336,190.51033412485774,0.00947947000685573,0.009479470006853914
2264.0,88.114812,190.565951,326.4887252526024,326.4887252526024,88.11912578575593,190.57448735194293,0.009564415927878784,0.009564415927867716
2265.0,87.991779,190.627992,326.62651646958926,326.62651646958926,87.99614290293249,190.63662936669837,0.009677176875840141,0.009677176875837955
2266.0,87.872469,190.688213,326.76016392240956,326.76016392240956,87.87685348187158,190.69689275239188,0.009724288296151243,0.009724288296144926
2267.0,87.751675,190.749291,326.89552235224363,326.89552235224363,87.75603224166183,190.75791842270212,0.009665297583652479,0.009665297583650138
2268.0,87.624264,190.813773,327.0383217779957,327.0383217779957,87.62856444479213,190.82228950901205,0.00954068923938983,0.0095406892393896
2269.0,87.490471,190.881546,327.1883014471223,327.1883014471223,87.49468253397805,190.88988784550125,0.009344699289716332,0.009344699289714153
2270.0,87.348177,190.953572,327.34778653192217,327.34778653192217,87.35231059114159,190.96176080393798,0.00917295403129546,0.00917295403129246
2271.0,87.206184,191.02537,327.50690007774887,327.50690007774887,87.21026586764387,191.0334575052886,0.009059215487834806,0.009059215487830929
2272.0,87.053221,191.102735,327.6783152798905,327.6783152798905,87.0572347956932,191.1106887330161,0.008909120313385675,0.008909120313384122
2273.0,86.89955,191.180495,327.85054039663675,327.85054039663675,86.90347680767691,191.18827721126723,0.00871680163472511,0.008716801634722713
2274.0,86.743884,191.259009,328.02488621750155,328.02488621750155,86.74782227690535,191.26681466924083,0.008742911258879943,0.00874291125887989
2275.0,86.5802,191.342195,328.20849493534257,328.20849493534257,86.58389517917404,191.34951937218833,0.008203705082537366,0.008203705082536965
2276.0,86.412009,191.428168,328.39738278640067,328.39738278640067,86.415252788117,191.43459794892019,0.007201833409918237,0.0072018334099160294
2277.0,86.239675,191.516987,328.5912513731393,328.5912513731393,86.24216230221671,191.52191754927946,0.005522407854773463,0.005522407854766092
2278.0,86.062907,191.608245,328.790177187003,328.790177187003,86.06455636353228,191.61151447986146,0.003661952843225335,0.003661952843224546
2279.0,85.882066,191.701824,328.993784860817,328.993784860817,85.88277119948776,191.7032218349296,0.0015656464505033217,0.0015656464505028776
2280.0,85.697381,191.796787,329.2014479665129,329.2014479665129,85.69736733507595,191.79675991554794,3.0336408690914646e-05,-3.033640869090699e-05
2281.0,85.510141,191.894376,329.4125752231689,329.4125752231689,85.50887403332052,191.89186508725956,0.002812452196391149,-0.0028124521963896125
2282.0,85.315095,191.995915,329.63245129582396,329.63245129582396,85.31257484457797,191.99092121178148,0.005593666429325742,-0.005593666429321246
2283.0,85.12389,192.095264,329.84791201929954,329.84791201929954,85.12022388903986,192.0880007320195,0.00813605748063999,-0.008136057480639657
2284.0,84.916743,192.202463,330.0811423837362,330.0811423837362,84.91201787158258,192.19310381070375,0.010484334163126729,-0.010484334163118603
2285.0,84.721805,192.3029,330.3004269112135,330.3004269112135,84.71627108700832,192.29194155793573,0.012276467141459517,-0.01227646714144834
2286.0,84.515,192.40909,330.53289835939034,330.53289835939034,84.50876475767897,192.39674660272283,0.013828872085018342,-0.013828872085012295
2287.0,84.305614,192.516293,330.7681296411828,330.7681296411828,84.29880602935752,192.502817750127,0.015097378030911076,-0.01509737803086097
2288.0,84.093854,192.624631,331.0059889782844,331.0059889782844,84.08649868814634,192.61006819149426,0.016314901288059153,-0.016314901287916007
2289.0,83.878704,192.733847,331.2472670382122,331.2472670382122,83.8711188384356,192.71881846582514,0.016834236406884442,-0.01683423640594712
2290.0,83.659609,192.844651,331.492779368238,331.492779368238,83.65191855153206,192.82939666138202,0.017083262109737714,-0.017083262109356664
2291.0,83.43705,192.956664,331.7419257565977,331.7419257565977,83.42941198033598,192.94148924148226,0.01698860325216006,-0.01698860325130433
2292.0,83.211212,193.069801,331.99450362114675,331.99450362114675,83.2037568345016,193.0549587494656,0.01660939172680393,-0.016609391726484367
2293.0,82.978711,193.185214,332.2540549113546,332.2540549113546,82.97176156856199,193.17134200757957,0.015515372087844528,-0.0155153720868599
2294.0,82.752087,193.296781,332.5066299677139,332.5066299677139,82.74587355482365,193.28434093102285,0.013905474357820285,-0.013905474357710574
2295.0,82.519047,193.41142,332.76631809400055,332.76631809400055,82.51347010959877,193.40021392233928,0.012517103622058042,-0.012517103622052555
2296.0,82.28351,193.526768,333.0285593552682,333.0285593552682,82.27860091784639,193.51686265391874,0.01105508790470062,-0.011055087904677123
2297.0,82.045452,193.642825,333.2933770080061,333.2933770080061,82.04121673153469,193.63423861958003,0.009574101926000212,-0.009574101925394074
2298.0,81.804831,193.759695,333.56085650489644,333.56085650489644,81.80121122587917,193.7523174607313,0.008217715640432898,-0.00821771564017908
2299.0,81.562431,193.876613,333.8299588435424,333.8299588435424,81.55948721874235,193.87057794119082,0.006714743697500965,-0.0067147436974564975
2300.0,81.313536,193.995714,334.1058618251985,334.1058618251985,81.31135648394397,193.99121604318785,0.004998190244720545,-0.004998190244719042
2301.0,81.072904,194.110636,334.3725134909462,334.3725134909462,81.07123568697023,194.10716892445626,0.0038475812130851633,-0.0038475812130646563
2302.0,80.824194,194.228054,334.64753351945404,334.64753351945404,80.82323587877528,194.2260472429556,0.0022237513612171373,-0.002223751361046239
2303.0,80.568045,194.348065,334.9303935592132,334.9303935592132,80.56777765078651,194.3475002078042,0.0006248726481390495,-0.0006248726481379079
2304.0,80.315259,194.465708,335.2092107768822,335.2092107768822,80.3155601774827,194.46635014673112,0.000709267439235087,0.0007092674390915514
2305.0,80.065853,194.580047,335.48357666291315,335.48357666291315,80.06694825950989,194.58240474551178,0.002599722541401702,0.002599722541399081
2306.0,79.808395,194.69722,335.7664536687457,335.7664536687457,79.81016316902203,194.70106691809968,0.0042338163111119405,0.004233816311111929
2307.0,79.550117,194.813825,336.0498518960079,336.0498518960079,79.55241216898911,194.8188754785199,0.005547534043931975,0.005547534043859121
2308.0,79.289647,194.930029,336.3350930121809,336.3350930121809,79.29246377893561,194.9363028660438,0.006877182468700856,0.0068771824686857195
2309.0,79.026803,195.046192,336.62249598751663,336.62249598751663,79.02999344585575,195.05339102697758,0.00787432118868144,0.007874321188460997
2310.0,78.757387,195.163883,336.9165383407674,336.9165383407674,78.76086345161237,195.17183832224313,0.008681754880510536,0.0086817548804867
2311.0,78.491663,195.278503,337.20597691012756,337.20597691012756,78.49533636278649,195.28703317549278,0.009287490947439074,0.009287490947416696
2312.0,78.225883,195.392536,337.49523690278676,337.49523690278676,78.22935140257889,195.40071316418155,0.008882332492156057,0.008882332492151923
2313.0,77.956833,195.505927,337.7872542524858,337.7872542524858,77.96020267675362,195.5139954752846,0.008743855833765737,0.008743855833724556
2314.0,77.685815,195.618765,338.0808713844825,338.0808713844825,77.68894982055264,195.6263907085951,0.008244909427918591,0.008244909427918376
2315.0,77.419379,195.728397,338.36902317067717,338.36902317067717,77.42213888825596,195.73521705491697,0.007357318278819357,0.007357318278796405
2316.0,77.13514,195.843546,338.6757395832159,338.6757395832159,77.13748491522543,195.84943968251673,0.0063430372080257105,0.006343037208006
2317.0,76.870784,195.948735,338.96028637210327,338.96028637210327,76.87281032138168,195.95390995573212,0.005557530492152335,0.005557530492150444
2318.0,76.596683,196.056225,339.25473771144993,339.25473771144993,76.59832646379684,196.06049314595163,0.004573624723978967,0.004573624723963722
2319.0,76.323129,196.161723,339.54795165308286,339.54795165308286,76.32440038768321,196.1650813687113,0.0035909702090245726,0.003590970208996149
2320.0,76.049939,196.265536,339.8402162659727,339.8402162659727,76.05077680882671,196.26778735079745,0.002402187345588742,0.0024021873455885526
2321.0,75.778102,196.366867,340.1303349126591,340.1303349126591,75.7785924196586,196.36820781961464,0.001427693482683412,0.0014276934826461182
2322.0,75.506902,196.46581,340.41902633473245,340.41902633473245,75.50719047976133,196.466612649132,0.0008529162923750175,0.0008529162923749038
2323.0,75.238685,196.562123,340.70401377269303,340.70401377269303,75.23873308407796,196.56225919939877,0.0001444380655296769,0.00014443806476623287
2324.0,74.971223,196.655875,340.98743182858846,340.98743182858846,74.97123114122677,196.65589842467696,2.4799094010390368e-05,2.479909043172769e-05
2325.0,74.706452,196.747102,341.2674783283355,341.2674783283355,74.70640591742182,196.74696681026762,0.0001428281056214291,-0.00014282810544652836
2326.0,74.444779,196.835528,341.5436877158001,341.5436877158001,74.44472356385633,196.83536244950744,0.00017458559967625085,-0.00017458559922807015
2327.0,74.186088,196.921346,341.81624125857803,341.81624125857803,74.1860382918389,196.92119478530563,0.00015917532809220307,-0.00015917532742310827
2328.0,73.929045,197.004337,342.08635021080494,342.08635021080494,73.92922223145519,197.00488581663697,0.000576724101916033,0.0005767241019160329
2329.0,73.670308,197.085915,342.3576471223798,342.3576471223798,73.67083095545729,197.08756465495802,0.0017305617269571458,0.0017305617268797231
2330.0,73.419525,197.163648,342.62021095721343,342.62021095721343,73.4203378686251,197.16625918490132,0.0027347837191617893,0.00273478371915313
2331.0,73.16557,197.241437,342.88582828423574,342.88582828423574,73.16651778405132,197.2445392537398,0.0032438053076630394,0.0032438053076499235
2332.0,72.923248,197.314661,343.13898884099825,343.13898884099825,72.92421924097054,197.3178983107773,0.0033798653955057715,0.0033798653954781105
2333.0,72.677424,197.388278,343.3956149575161,343.3956149575161,72.67822881359926,197.39101146185828,0.0028494804193343218,0.0028494804193341223
2334.0,72.432146,197.461077,343.65147728998903,343.65147728998903,72.43260009861761,197.4626489386991,0.0016362141755424063,0.0016362141754984452
2335.0,72.19378,197.531107,343.8999154478204,343.8999154478204,72.19374993228578,197.5310009086075,0.00011026990069908213,-0.00011026990052898542
2336.0,71.948456,197.601104,344.15502458694004,344.15502458694004,71.94813412813336,197.5999458900848,0.0012020066864218734,-0.0012020066864105224
2337.0,71.683139,197.674562,344.43031481519444,344.43031481519444,71.68269432467329,197.67292691522175,0.001694472890981009,-0.0016944728909758758
2338.0,71.452196,197.737051,344.66955388297697,344.66955388297697,71.45168892302003,197.73515012169833,0.00196734983707172,-0.001967349837066937
2339.0,71.206408,197.802254,344.9238325922281,344.9238325922281,71.20583378984202,197.80005602143842,0.0022717453780524313,-0.002271745378036738
2340.0,70.959981,197.865671,345.17827791335145,345.17827791335145,70.95948505762736,197.86373162688406,0.002001780937009348,-0.0020017809369579334
2341.0,70.712821,197.927695,345.4330921138918,345.4330921138918,70.71245152753545,197.92621817973048,0.001522336365761433,-0.0015223363657614133
2342.0,70.466805,197.987934,345.6863690144807,345.6863690144807,70.46658910119841,197.9870516886504,0.0009083422318335974,-0.0009083422316912968
2343.0,70.220747,198.047254,345.9394724854449,345.9394724854449,70.22058275972165,198.04656728873917,0.0007060787667095475,-0.0007060787666916766
2344.0,69.979792,198.104442,346.18711707368084,346.18711707368084,69.97958560452349,198.1035592540094,0.0009065536810551375,-0.0009065536809078262
2345.0,69.734051,198.161985,346.4394978195002,346.4394978195002,69.73368320891264,198.16037397351377,0.0016524759070042016,-0.0016524759069900833
2346.0,69.488343,198.218228,346.6915490020517,346.6915490020517,69.48780922064898,198.21583242710707,0.002454320655689491,-0.002454320655645407
2347.0,69.242701,198.273195,346.94324936284903,346.94324936284903,69.24199136952261,198.26992970229003,0.0033415182999798226,-0.003341518299957859
2348.0,68.99859,198.327569,347.19331303503725,347.19331303503725,68.99749463652624,198.32239921742428,0.005284550408501829,-0.005284550408489148
2349.0,68.752255,198.37969,347.4450718735893,347.4450718735893,68.75106712465359,198.37393417430746,0.00587712321136793,-0.005877123211344084
2350.0,68.505651,198.430323,347.6967880935393,347.6967880935393,68.5044130839637,198.42416062543063,0.006285482992259897,-0.0062854829922536016
2351.0,68.258742,198.479687,347.9485487874605,347.9485487874605,68.25745320535077,198.47309038257046,0.006721335667836673,-0.006721335667806025
2352.0,68.011982,198.527391,348.1998417416929,348.1998417416929,68.01069667354032,198.52062162269522,0.006890321705290351,-0.006890321705287603
2353.0,67.763957,198.573314,348.4520466232109,348.4520466232109,67.76279422297824,198.56700621187633,0.006414065903586347,-0.006414065903548205
2354.0,67.511174,198.618399,348.70878498245366,348.70878498245366,67.51018438173249,198.61286135331196,0.005625377779057374,-0.005625377779057347
2355.0,67.268626,198.659927,348.95483350619486,348.95483350619486,67.26786074169281,198.65551102621214,0.004481790353405766,-0.004481790353353953
2356.0,67.020571,198.700886,349.20622364922184,349.20622364922184,67.02004837004961,198.69777075066722,0.0031587846508481874,-0.003158784650844788
2357.0,66.772139,198.740615,349.45779580760336,349.45779580760336,66.77183226620433,198.73872398082878,0.001915734618179699,-0.0019157346180754822
2358.0,66.523317,198.779292,349.7095965349537,349.7095965349537,66.5231724483596,198.77836928447928,0.0009339695438893296,-0.0009339695438817154
2359.0,66.27394,198.816856,349.9617829291589,349.9617829291589,66.27391957727922,198.8167206926648,0.00013683991553198807,-0.0001368399142599653
2360.0,66.025161,198.853057,350.21318253297795,350.21318253297795,66.02523962238587,198.8535973593694,0.0005460491989173422,0.0005460491989150848
2361.0,65.775671,198.888035,350.4651167442811,350.4651167442811,65.7758325211796,198.88918935313322,0.001165598664903028,0.0011655986647789137
2362.0,65.51942,198.922412,350.7236713184699,350.7236713184699,65.5196721856784,198.9242917363583,0.0018965775473394895,0.0018965775473226319
2363.0,65.272845,198.954092,350.97228466501264,350.97228466501264,65.27317753245485,198.95667743323273,0.0026067302956773696,0.002606730295648574
2364.0,65.020752,198.984792,351.2262558264196,351.2262558264196,65.02119204124581,198.98837127850453,0.00360622668602739,0.003606226686014851
2365.0,64.768153,199.014666,351.4806366936386,351.4806366936386,64.76862622583565,199.01870226968396,0.004063916295041766,0.004063916295040994
2366.0,64.508516,199.043762,351.74192382164847,351.74192382164847,64.5090300372968,199.0483771132668,0.004643652098090613,0.004643652098075287
2367.0,64.260475,199.070021,351.991377950775,351.991377950775,64.26103365694925,199.07530298895213,0.005311450355356682,0.005311450355355715
2368.0,64.006978,199.095355,352.24616929647954,352.24616929647954,64.00758081735866,199.10138205584377,0.00605712728211066,0.006057127282084994
2369.0,63.748004,199.119969,352.50634703945605,352.50634703945605,63.748620897877025,199.12652229088363,0.006582262862887522,0.006582262862833664
2370.0,63.4988,199.1427,352.75662298177366,352.75662298177366,63.49938200845189,199.14927888686017,0.0066045806950292335,0.00660458069502593
2371.0,63.244281,199.164924,353.0121471813273,353.0121471813273,63.24478843616093,199.17106313582966,0.006160071443758772,0.0061600714436994474
2372.0,62.989281,199.185754,353.2680306309131,353.2680306309131,62.98971511181935,199.19140424337024,0.00566689537706924,0.005666895377066347
2373.0,62.735611,199.205312,353.5224830250987,353.5224830250987,62.735955478262476,199.21016307213802,0.004863287587798115,0.004863287587748562
2374.0,62.479705,199.223153,353.7790373942885,353.7790373942885,62.4799939028952,199.22758814944677,0.004444548964530185,0.0044445489645065376
2375.0,62.222991,199.239448,354.036293412472,354.036293412472,62.223234146819955,199.24355374417334,0.004112937586797066,0.00411293758678622
2376.0,61.966108,199.254192,354.29362281318265,354.29362281318265,61.96631137491827,199.2580078731254,0.003821288927386268,0.0038212889273198363
2377.0,61.708749,199.267605,354.5513524070295,354.5513524070295,61.708907735393105,199.27095852576886,0.0033572804481338974,0.003357280448122423
2378.0,61.450634,199.279595,354.8097639975584,354.8097639975584,61.450750116677895,199.2824040475453,0.0028114464594995066,0.002811446459499499
2379.0,61.191579,199.289893,355.0690395302262,355.0690395302262,61.19166512955948,199.29233244315458,0.0024409631716605343,0.0024409631716332436
2380.0,60.933565,199.298765,355.327218938785,355.327218938785,60.933620586488935,199.30066458347918,0.0019003966038952777,0.0019003966037776
2381.0,60.675241,199.306251,355.58566014697976,355.58566014697976,60.67526874105261,199.3074457032963,0.0011950253270142537,0.0011950253270125522
2382.0,60.416476,199.312643,355.84450555366647,355.84450555366647,60.416476397538084,199.31266741210996,2.4415346583653567e-05,2.441533780557758e-05
2383.0,60.157358,199.317554,356.1036636468544,356.1036636468544,60.1573443722103,199.31631526275513,0.001238812204692226,-0.0012388122045171451
2384.0,59.898154,199.321013,356.3628755061348,356.3628755061348,59.89814110247921,199.3183762198444,0.002636811698812922,-0.0026368116986545164
2385.0,59.63963,199.322984,356.6213828897327,356.6213828897327,59.639634543838405,199.31885824608204,0.0041257564200909425,-0.004125756420090521
2386.0,59.38587,199.323398,356.8751127856841,356.8751127856841,59.38590691547654,199.31786426628057,0.005533856849430003,-0.005533856848826797
2387.0,59.139212,199.322075,357.1217416493751,357.1217416493751,59.139288948670576,199.31557429930945,0.006501156094590258,-0.006501156094552222
2388.0,58.900039,199.319596,357.3608929900549,357.3608929900549,58.900162042341485,199.31217100392175,0.007426015498213941,-0.007426015497806391
2389.0,58.667528,199.315728,357.59340230101145,357.59340230101145,58.66769392431132,199.30780399389462,0.007925743096722756,-0.007925743096344156
2390.0,58.442321,199.310742,357.81863239675164,357.81863239675164,58.44252336488005,199.30263197722357,0.008112547132619774,-0.008112547132619441
2391.0,58.22308,199.305512,358.037903866727,358.037903866727,58.22333077952892,199.29675525937617,0.008760330857053699,-0.008760330856968519
2392.0,58.009668,199.298669,358.2513964168905,358.2513964168905,58.00993652915989,199.29028060328045,0.008392693693569698,-0.008392693693529227
2393.0,57.803196,199.291113,358.4579808957053,358.4579808957053,57.803468441140126,199.2833492835865,0.007768495138969325,-0.007768495138912465
2394.0,57.596474,199.282661,358.6648524945692,358.6648524945692,57.59673502268573,199.275791276766,0.006874680367412498,-0.006874680367343076
2395.0,57.387965,199.273332,358.8735499094402,358.8735499094402,57.38819924643285,199.26758060893505,0.005756159359627198,-0.005756159359514396
2396.0,57.177562,199.263143,359.0841822901983,359.0841822901983,57.17775262531284,199.25873774602934,0.0044093764361907905,-0.004409376435881115
2397.0,56.965904,199.252047,359.2961157926206,359.2961157926206,56.96602861461941,199.24931795698538,0.0027318866336370844,-0.0027318866336294265
2398.0,56.752366,199.239983,359.5099805546402,359.5099805546402,56.75239754340618,199.23932374682676,0.0006600073733677103,-0.0006600073732398558
2399.0,56.53778,199.22755,359.72491829068525,359.72491829068525,56.537716248884806,199.228828159116,0.001279747994917978,0.0012797479949179127
2400.0,56.323126,199.215072,359.93993266765864,359.93993266765864,56.32297878751751,199.21791977242034,0.0028515748759451215,0.002851574875856533
2401.0,56.106319,199.202727,360.15709406923173,360.15709406923173,56.10611622003349,199.20653157166888,0.003809971823826568,0.003809971823723448
2402.0,55.887733,199.189953,360.37605703711165,360.37605703711165,55.887472246216234,199.1947169139145,0.00477104478290992,0.004771044782860792
2403.0,55.667544,199.176873,360.59663866240646,360.59663866240646,55.66722786310827,199.18252430837254,0.005660143890025543,0.0056601438896086214
2404.0,55.446714,199.163913,360.817854074344,360.817854074344,55.446364407210154,199.17005080707654,0.0061477549420401985,0.006147754941913706
2405.0,55.223964,199.15153,361.0409524810772,361.0409524810772,55.22363241219787,199.1572697788591,0.005749348817199373,0.005749348817147354
2406.0,54.986718,199.138838,361.2785383911854,361.2785383911854,54.98644640281788,199.14349080538202,0.004660725582172084,0.004660725582054485
2407.0,54.775172,199.127072,361.49041190846515,361.49041190846515,54.77493531036909,199.13110352962454,0.004038471628590697,0.004038471628434536
2408.0,54.549035,199.114469,361.7168993422818,361.7168993422818,54.54883851899841,199.11780696208587,0.003343739773153311,0.003343739773153239
2409.0,54.321526,199.101873,361.94475516534305,361.94475516534305,54.32137610970172,199.10442306534125,0.0025544667439818427,0.002554466743981237
2410.0,54.092589,199.089128,362.174045196827,362.174045196827,54.09247986446089,199.0909907561274,0.0018659504163153655,0.0018659504163148198
2411.0,53.861995,199.076071,362.40500787688507,362.40500787688507,53.86191137725226,199.0775025318361,0.0014339721621002572,0.0014339721620989932
2412.0,53.630573,199.062474,362.6368287157415,362.6368287157415,53.630483941392704,199.06400278816102,0.001531379990981828,0.001531379990981823
2413.0,53.397736,199.048171,362.87010312317636,362.87010312317636,53.39760335845247,199.05045349803092,0.0022863488450575284,0.002286348845055496
2414.0,53.165301,199.033836,363.1029778874945,363.1029778874945,53.16511993285234,199.0369585905761,0.0031278358681052915,0.003127835868103858
2415.0,52.931613,199.019901,363.3370802896787,363.3370802896787,52.93140934340294,199.02341993982688,0.00352482815392417,0.0035248281539203446
2416.0,52.696036,199.005608,363.5730891921662,363.5730891921662,52.69579407070958,199.0097947670766,0.004193751105563461,0.004193751105560765
2417.0,52.45876,198.991187,363.81080158727957,363.81080158727957,52.45847699526605,198.99609117632545,0.004912335199330196,0.004912335199329439
2418.0,52.220588,198.977261,364.0493800142789,364.0493800142789,52.2202944116489,198.98235353987016,0.005100995633118373,0.005100995633114125
2419.0,51.980562,198.963998,364.28977129527135,364.28977129527135,51.980301302752835,198.96852329289015,0.004532795913818007,0.004532795913817983
2420.0,51.73865,198.951979,364.5319740655551,364.5319740655551,51.73849927042626,198.95459637251443,0.002621709038723612,0.002621709038721351
2421.0,51.498093,198.939445,364.77285377253656,364.77285377253656,51.49801793348873,198.9407486369129,0.0013057963783735017,0.0013057963783731923
2422.0,51.252251,198.926543,365.01903091027293,365.01903091027293,51.252248005892895,198.9265949868041,5.20729534154915e-05,5.207295341495127e-05
2423.0,51.014256,198.914276,365.2573374511455,365.2573374511455,51.014335984995725,198.9128881386041,0.0013901643261731629,-0.0013901643261726992
2424.0,50.765569,198.901244,365.50636216391484,365.50636216391484,50.765724150686246,198.8985541441495,0.0026943266750459223,-0.0026943266750179638
2425.0,50.525538,198.887901,365.74676298126707,365.74676298126707,50.525722768394786,198.88470172481587,0.0032046062259665333,-0.0032046062259629337
2426.0,50.279365,198.873198,365.9933739376785,365.9933739376785,50.279522706785755,198.87047170476637,0.0027308528212227202,-0.0027308528212217366
2427.0,50.032914,198.858592,366.24025686299166,366.24025686299166,50.03305255994925,198.8562012638998,0.002394747995144485,-0.002394747995143335
2428.0,49.786864,198.840634,366.4869338725176,366.4869338725176,49.78678969044599,198.84191329500408,0.0012814513714089148,0.0012814513714084915
2429.0,49.532821,198.825633,366.7414194999463,366.7414194999463,49.53273339401986,198.827137210527,0.001506759475597275,0.0015067594755960665
2430.0,49.292854,198.811978,366.9817746718408,366.9817746718408,49.29278592907744,198.81314354731637,0.0011675333816107236,0.0011675333816104705
2431.0,49.036346,198.797196,367.23870835693333,367.23870835693333,49.03629075265526,198.79813878802364,0.0009444053825478242,0.0009444053825470129
2432.0,48.783382,198.782453,367.49210177799966,367.49210177799966,48.78333281722716,198.783289260302,0.000837705340713752,0.0008377053407133885
2433.0,48.528829,198.767463,367.74709595282246,367.74709595282246,48.52878022216099,198.76828908687378,0.0008275257099455404,0.0008275257099455386
2434.0,48.272739,198.752334,368.003632646451,368.003632646451,48.2726914111715,198.75313666817536,0.0008040776681056141,0.0008040776681054902
2435.0,48.014843,198.737069,368.26198019916944,368.26198019916944,48.01479853155468,198.7378160826779,0.0007484049507282572,0.000748404950728217
2436.0,47.74981,198.721365,368.52747818732934,368.52747818732934,47.74977145693884,198.72201003536364,0.0006461858772197771,0.000646185877219686
2437.0,47.493258,198.706063,368.78448625144796,368.78448625144796,47.493222643008906,198.70665259889526,0.0005906580856223937,0.0005906580856223921
2438.0,47.22963,198.690129,369.0485954636041,369.0485954636041,47.229588708874346,198.6908151600477,0.0006874013151628084,0.0006874013151626716
2439.0,46.953561,198.673234,369.32518100929366,369.32518100929366,46.95350436355834,198.67417190055224,0.0009396090316714466,0.0009396090316713193
2440.0,46.691673,198.657108,369.58756507373766,369.58756507373766,46.691598895553,198.65833135431066,0.0012255966867179722,0.001225596686717833
2441.0,46.422722,198.64066,369.85701875614654,369.85701875614654,46.422639721205655,198.64201420700704,0.0013567042485063438,0.0013567042485061235
2442.0,46.157535,198.624537,370.12269566244555,370.12269566244555,46.157453230168215,198.62587904809178,0.00134453686673829,0.001344536866738274
2443.0,45.879889,198.607736,370.4008497095782,370.4008497095782,45.87981548133697,198.60893932615932,0.0012055699231215235,0.0012055699231213824
2444.0,45.600622,198.590858,370.680626369858,370.680626369858,45.60056089570126,198.5918555362132,0.0009994059395224135,0.000999405939521944
2445.0,45.336346,198.574869,370.94538563778514,370.94538563778514,45.33629806729077,198.575649754193,0.0007822241715021081,0.0007822241715020876
2446.0,45.054071,198.557776,371.2281776666336,371.2281776666336,45.054038675269204,198.55830135174327,0.0005263452691779246,0.0005263452691778328
2447.0,44.781472,198.541254,371.5012768183715,371.5012768183715,44.781456065790856,198.54151243857112,0.0002589293225145888,0.00025892932251281764
2448.0,44.501949,198.524296,371.7813136082199,371.7813136082199,44.50195096169917,198.52426423934872,3.1821175852000936e-05,-3.182117585199444e-05
2449.0,44.221093,198.507247,372.06268640894336,372.06268640894336,44.22111425626222,198.50690342738739,0.00034422952927776434,-0.00034422952927773464
2450.0,43.938947,198.49012,372.34535150475847,372.34535150475847,43.93898941463166,198.48943545470266,0.000685858050240007,-0.0006858580502398964
2451.0,43.655551,198.472915,372.6292689730779,372.6292689730779,43.65561610888234,198.47186564066624,0.001051377276677871,-0.001051377276667862
2452.0,43.370944,198.455635,372.9143997271063,372.9143997271063,43.371033170099686,198.4541993502285,0.0014384163420616523,-0.0014384163420614966
2453.0,43.085163,198.438285,373.2007065188717,373.2007065188717,43.0852775875748,198.4364419279384,0.001846630698478454,-0.0018466306984755054
2454.0,42.798246,198.420865,373.4881514509813,373.4881514509813,42.798386992576965,198.4185988485105,0.002270533303013462,-0.00227053330301322
2455.0,42.510229,198.403376,373.7766985306353,373.7766985306353,42.510397109573404,198.40067555483975,0.0027056727245233472,-0.002705672724523345
2456.0,42.215289,198.385468,374.0721812722192,374.0721812722192,42.21548549920592,198.38231274895531,0.0031613638026863934,-0.0031613638026859246
2457.0,41.930585,198.368181,374.3574092284458,374.3574092284458,41.93080916117582,198.36458227862153,0.0036056960205455325,-0.0036056960205411233
2458.0,41.638671,198.350453,374.64986069855627,374.64986069855627,41.638923376668814,198.3464012122942,0.004059640082032274,-0.004059640082031198
2459.0,41.345302,198.332637,374.94376986307145,374.94376986307145,41.34558259586746,198.32813147492527,0.00451425411778011,-0.0045142541177443304
2460.0,41.050485,198.314734,375.2391297391367,375.2391297391367,41.050793560717445,198.30977715285846,0.0049664417142283495,-0.004966441714227722
2461.0,40.754266,198.296743,375.53589445478093,375.53589445478093,40.75460182081032,198.29134485379512,0.005408581890456846,-0.005408581890455989
2462.0,40.456688,198.27867,375.83402074217315,375.83402074217315,40.457050320788035,198.27284112318657,0.005840126818801816,-0.005840126818800759
2463.0,40.157794,198.260517,376.13346558045936,376.13346558045936,40.158181753363465,198.25427258657461,0.006256440817103454,-0.0062564408171027356
2464.0,39.851608,198.241918,376.4402161916722,376.4402161916722,39.85202012720329,198.23527268898414,0.006658078351085245,-0.00665807835108499
2465.0,39.556219,198.223975,376.7361500263467,376.7361500263467,39.556652984075335,198.21696735619898,0.007021069278933627,-0.007021069278932716
2466.0,39.253617,198.205595,377.03931026681255,377.03931026681255,39.25407148257682,198.1982439413513,0.00736509454582719,-0.0073650945458258715
2467.0,38.949856,198.187141,377.34363202265837,377.34363202265837,38.950328619694915,198.17948216560612,0.007673403003159395,-0.007673403003159342
2468.0,38.644971,198.168619,377.6490800189647,377.6490800189647,38.64545933622452,198.16068859439318,0.00794542669445702,-0.007945426694456128
2469.0,38.338998,198.150032,377.95561812691045,377.95561812691045,38.339499422349796,198.14186991863795,0.008177468834165447,-0.00817746883416469
2470.0,38.031971,198.131377,378.26321259409787,378.26321259409787,38.03248229378582,198.1230327525227,0.00835989756501544,-0.008359897565015437
2471.0,37.723923,198.112661,378.57183005540105,378.57183005540105,37.72444097774142,198.10418375264888,0.00849305737604214,-0.008493057376041791
2472.0,37.414885,198.093886,378.8814394292972,378.8814394292972,37.415406220382536,198.08532949912748,0.00857236127729875,-0.008572361277297815
2473.0,37.104888,198.075049,379.192009938521,379.192009938521,37.10540846296817,198.06647661383894,0.00858817129519561,-0.008588171295194014
2474.0,36.793963,198.056157,379.5035101824284,379.5035101824284,36.79447876823479,198.04763181304415,0.008540774526028957,-0.008540774526028512
2475.0,36.482138,198.03721,379.8159122067873,379.8159122067873,36.48264475842875,198.02880165806943,0.008423598882089819,-0.008423598882088752
2476.0,36.131861,198.015924,380.16683757630307,380.16683757630307,36.13235214453937,198.0077374975247,0.008201222209955204,-0.008201222209954832
2477.0,35.855901,197.999155,380.44330833629647,380.44330833629647,35.856375724286934,197.99121187273798,0.007957300663498422,-0.007957300663498236
2478.0,35.541542,197.980052,380.75824915178595,380.75824915178595,35.54199333221913,197.97246545394773,0.0075999593272057875,-0.007599959327205786
2479.0,35.231517,197.961212,381.0688478520626,381.0688478520626,35.231940226699386,197.95406372214296,0.007160795846855297,-0.007160795846855048
2480.0,34.930935,197.94295,381.3699856599949,381.3699856599949,34.9313263152946,197.93630829984642,0.006653217912397581,-0.006653217912396441
2481.0,34.639509,197.925287,381.66194780200686,381.66194780200686,34.63986713761668,197.91917822319346,0.006119266020090239,-0.006119266020090009
2482.0,34.35695,197.908257,381.94502081826005,381.94502081826005,34.357276926928186,197.90265234074238,0.005614186193058678,-0.005614186193058192
2483.0,34.08298,197.891894,382.2194802960454,382.2194802960454,34.08328085229076,197.88671008560087,0.00519263715259115,-0.005192637152589802
2484.0,33.81733,197.876187,382.4855955321769,382.4855955321769,33.81761036166082,197.87133124309625,0.004863843929347267,-0.004863843929345416
2485.0,33.559157,197.86104,382.74421374975753,382.74421374975753,33.559419924080174,197.85646248647893,0.004585058244724729,-0.004585058244724612
2486.0,33.300754,197.845944,383.0030585291206,383.0030585291206,33.30099880143236,197.84165901857477,0.00429196849427449,-0.004291968494271947
2487.0,33.039809,197.830726,383.2644479892957,383.2644479892957,33.040032477964225,197.8267920304773,0.0039403119934938715,-0.003940311993493849
2488.0,32.776402,197.815368,383.528303215652,383.528303215652,32.77659948616778,197.81187094891166,0.0035026228887741133,-0.003502622888773491
2489.0,32.510611,197.799863,383.79454664587684,383.79454664587684,32.51077700876027,197.79690518945938,0.00296246554454496,-0.0029624655445447483
2490.0,32.242509,197.784212,384.0631052477594,384.0631052477594,32.24263770643254,197.7819039751953,0.0023116106603214373,-0.002311610660321218
2491.0,31.961312,197.767776,384.344781763391,384.344781763391,31.96139510767629,197.7662751834637,0.001503115817716086,-0.0015031158177160645
2492.0,31.699665,197.752461,384.6068755387495,384.6068755387495,31.699699575078018,197.75183238157595,0.0006295685499505695,-0.000629568549950478
2493.0,31.419547,197.736038,384.88747254981,384.88747254981,31.419522915595454,197.73647917247825,0.00044182939479523803,0.00044182939479512387
2494.0,31.148408,197.720117,385.1590756338813,385.1590756338813,31.148320678979495,197.72172854063476,0.001613904637249389,0.0016139046372491998
2495.0,30.869722,197.703727,385.438238953787,385.438238953787,30.869563065079987,197.7066835843918,0.0029608531835911595,0.0029608531835908277
2496.0,30.589061,197.687202,385.71938038641605,385.71938038641605,30.588823643579232,197.69165424318024,0.004458565622073973,0.004458565622073649
2497.0,30.306487,197.670546,386.0024376035697,386.0024376035697,30.306164401638984,197.67664958502664,0.006112104374101527,0.006112104374101526
2498.0,30.022059,197.653764,386.2873511827688,386.2873511827688,30.02164442939062,197.6616785619386,0.007925412258689295,0.007925412258688284
2499.0,29.735834,197.636873,386.57406311329197,386.57406311329197,29.73532141220181,197.6467500875741,0.009890379426353235,0.009890379426317516
2500.0,29.447865,197.619965,386.8625153989382,386.8625153989382,29.44725302655736,197.6318731059011,0.011923820597692668,0.011923820597690645
2501.0,29.1582,197.603217,387.1526510779237,387.1526510779237,29.157495922145763,197.61705653285128,0.013857431044982582,0.013857431044979976
2502.0,28.866884,197.58676,387.4444187326311,387.4444187326311,28.866101218339118,197.60230902557043,0.015568716816703255,0.015568716816702511
2503.0,28.573957,197.5707,387.7377734906627,387.7377734906627,28.573113504285693,197.58763894097603,0.016959929434111953,0.01695992943411185
2504.0,28.279468,197.555092,388.0326642262349,388.0326642262349,28.278583621763083,197.5730549773653,0.017984734657265116,0.01798473465726225
2505.0,27.983466,197.539952,388.3290419046239,388.3290419046239,27.982560332087246,197.55856574565826,0.018635765661718283,0.018635765661714796
2506.0,27.685997,197.525296,388.62686051133414,388.62686051133414,27.68508938835295,197.54417972463906,0.018905523403121963,0.018905523403120086
2507.0,27.387108,197.511126,388.9260737713612,388.9260737713612,27.38621681267535,197.52990541948276,0.018800553474762834,0.018800553474762224
2508.0,27.086845,197.497438,389.2266366767634,389.2266366767634,27.085987370944782,197.51575128368398,0.01833335449084034,0.018333354490838897
2509.0,26.785249,197.484269,389.5285074072008,389.5285074072008,26.78444265476074,197.50172562851608,0.01747524168053266,0.017475241680530572
2510.0,26.482362,197.471668,389.83164267077035,389.83164267077035,26.481625735902586,197.48783683950762,0.01618559408377026,0.016185594083767376
2511.0,26.172128,197.459418,390.14210294455427,390.14210294455427,26.171482060144253,197.47381976766667,0.014416246051658605,0.01441624605165657
2512.0,25.866734,197.448025,390.447692356497,390.447692356497,25.866194905071904,197.460231609392,0.012218507936333806,0.012218507936332196
2513.0,25.566801,197.437189,390.7478045966287,390.7478045966287,25.566370417035856,197.44709275171772,0.009913107473211447,0.009913107473211415
2514.0,25.254732,197.425972,391.06006072783833,391.06006072783833,25.25440409329865,197.43364284080275,0.007677846144971865,0.00767784614497131
2515.0,24.955072,197.415084,391.3599081742505,391.3599081742505,24.95482571486709,197.4209431333723,0.005864307311273854,0.005864307311273741
2516.0,24.649608,197.403816,391.66557266355073,391.66557266355073,24.64942620171563,197.40821862109695,0.004406373014107102,0.0044063730141061155
2517.0,24.344703,197.3924,391.97068656878116,391.97068656878116,24.344567417187054,197.395744152439,0.0033468997944860733,0.00334689979448164
2518.0,24.040516,197.380862,392.27508926508347,392.27508926508347,24.04040991656624,197.383528919152,0.0026690281861106295,0.002669028186110384
2519.0,23.73726,197.369234,392.5785660169216,392.5785660169216,23.737168353189865,197.37158368389788,0.0023514705096480794,0.002351470509647902
2520.0,23.435038,197.357546,392.8810120959254,392.8810120959254,23.434947488265287,197.35991428294716,0.0023700119180840194,0.0023700119180838594
2521.0,23.133831,197.345826,393.18244483392084,393.18244483392084,23.13373012921899,197.34852158964011,0.002697476306182766,0.0026974763061718312
2522.0,22.833607,197.334105,393.4828945370196,393.4828945370196,22.833486123978602,197.33740598651,0.0033031988967878972,0.0033031988967878972
2523.0,22.534336,197.322406,393.782389851094,393.782389851094,22.534186984109322,197.3265679440886,0.004164610946085546,0.004164610946078492
2524.0,22.236038,197.310741,394.08090990236894,394.08090990236894,22.235853715180866,197.31600969068091,0.005271912592754325,0.005271912592753902
2525.0,21.938699,197.299112,394.3784681915271,394.3784681915271,21.938472978582837,197.3057321466863,0.006624003912210825,0.006624003912210818
2526.0,21.642287,197.287522,394.6750961462743,394.6750961462743,21.642013524737482,197.29573561544754,0.008218166914790548,0.008218166914789028
2527.0,21.346775,197.275991,394.9708196710255,394.9708196710255,21.346449628470467,197.28602062200224,0.010034898312387807,0.010034898312387063
2528.0,21.052127,197.264756,395.26566682789473,395.26566682789473,21.051753412589733,197.2765876504202,0.011837547010201259,0.01183754701020075
2529.0,20.758309,197.254061,395.55966434171364,395.55966434171364,20.75789834090241,197.26743726349002,0.01338256574236727,0.013382565742367252
2530.0,20.465292,197.244091,395.8528365328976,395.8528365328976,20.464860285053483,197.25857013180155,0.014485566454982845,0.014485566454981759
2531.0,20.167208,197.234803,396.1510512830608,396.1510512830608,20.166774001111577,197.24981807471897,0.01502134560721932,0.015021345607216225
2532.0,19.875717,197.22661,396.44264387329645,396.44264387329645,19.87529937678998,197.2415249214274,0.014920767082547373,0.014920767082537811
2533.0,19.590755,197.219473,396.7276814730192,396.7276814730192,19.5903699496623,197.23367319209385,0.014205411618987949,0.014205411618982094
2534.0,19.294874,197.212987,397.02361808347877,397.02361808347877,19.294538503303134,197.22578478504826,0.012802181852136364,0.012802181852128332
2535.0,19.011261,197.207649,397.30726443915256,397.30726443915256,19.010986447207674,197.2184716558863,0.010826137800206437,0.01082613780020642
2536.0,18.722504,197.202977,397.59604006430584,397.59604006430584,18.72230062046439,197.2112709453538,0.008296438559229574,0.00829643855922409
2537.0,18.434387,197.198744,397.8841696350835,397.8841696350835,18.434254720264743,197.2043280162506,0.005585582817868059,0.005585582817867711
2538.0,18.146901,197.194713,398.1716681130348,398.1716681130348,18.146834131972245,197.19763654477183,0.0029243093827362957,0.00292430938272165
2539.0,17.860029,197.19074,398.45855562662524,398.45855562662524,17.86001905938684,197.1911902021296,0.00045031186225281765,0.0004503118622519079
2540.0,17.573754,197.186744,398.744850487263,398.744850487263,17.57379150729636,197.1849828206727,0.0017615786727253533,-0.0017615786727239885
2541.0,17.288056,197.182698,399.03057270532173,399.03057270532173,17.28813176696551,197.17900831120696,0.003690466640207138,-0.003690466640206303
2542.0,17.002918,197.178595,399.3157388543836,399.3157388543836,17.003023551353067,197.17326076771917,0.00533527647962019,-0.005335276479618322
2543.0,16.718323,197.174439,399.60036530430057,399.60036530430057,16.718450763463554,197.16773438976284,0.006705827460866751,-0.006705827460866016
2544.0,16.434254,197.17024,399.8844683583681,399.8844683583681,16.434397359741762,197.16242347634784,0.007817838193544594,-0.007817838193544589
2545.0,16.150694,197.166009,400.1680643514053,400.1680643514053,16.150847252522507,197.15732242117414,0.008687930595574522,-0.00868793059557232
2546.0,15.867627,197.161761,400.4511686571632,400.4511686571632,15.867785302977808,197.1524257268052,0.009336615310404011,-0.009336615310396769
2547.0,15.585038,197.157511,400.73379562519557,400.73379562519557,15.585197384762282,197.14772799975046,0.009784298512666805,-0.009784298512665913
2548.0,15.302912,197.153267,401.01595988499696,401.01595988499696,15.303069080516885,197.14322392417196,0.01004430417582429,-0.010044304175822727
2549.0,15.021233,197.149031,401.2976771359749,401.2976771359749,15.02138489241542,197.13890824854354,0.01012389096914859,-0.010123890969145339
2550.0,14.7399,197.144798,401.5790482193068,401.5790482193068,14.740044179369784,197.13477457742164,0.010024459480454087,-0.010024459480452523
2551.0,14.458536,197.140566,401.8604499113789,401.8604499113789,14.458670378491108,197.1308129980689,0.009753927631829007,-0.009753927631827268
2552.0,14.177047,197.136338,402.1419759752705,402.1419759752705,14.177169894870444,197.1270182506958,0.009320559545542142,-0.009320559545539243
2553.0,13.895436,197.13216,402.4236226685311,402.4236226685311,13.89554662134969,197.12338651857462,0.00877417878803948,-0.008774178788038512
2554.0,13.613705,197.128126,402.7053867813716,402.7053867813716,13.613803911479337,197.11991395935607,0.008212636301363216,-0.008212636301363093
2555.0,13.331861,197.124378,402.98725977156613,402.98725977156613,13.331950444343734,197.11659677450538,0.007781739554163436,-0.007781739554159245
2556.0,13.049905,197.121044,403.2692395363217,403.2692395363217,13.049988453692361,197.11343106650068,0.0076133908991990245,-0.007613390899196948
2557.0,12.767804,197.118214,403.55135868663035,403.55135868663035,12.767885455050964,197.1104125616221,0.007801863603616891,-0.0078018636036168735
2558.0,12.485523,197.115873,403.8336529656137,403.8336529656137,12.485605825079544,197.10753701181872,0.008336399639659636,-0.008336399639657367
2559.0,12.203071,197.11386,404.1161154896497,404.1161154896497,12.20315655861432,197.10480062985397,0.009059774153866662,-0.009059774153863857
2560.0,11.920456,197.112033,404.39873984799556,404.39873984799556,11.920544171996017,197.10219959604703,0.009833799245618072,-0.009833799245616889
2561.0,11.637622,197.110315,404.68158279471334,404.68158279471334,11.637712013517344,197.09972952729612,0.010585855411736973,-0.010585855411735819
2562.0,11.354637,197.108655,404.9645767492639,404.9645767492639,11.35472775570042,197.09738712982136,0.011268235663132547,-0.011268235663132547
2563.0,11.071747,197.107172,405.24747474287904,405.24747474287904,11.071838449770857,197.09517034061238,0.012002007795228802,-0.012002007795225108
2564.0,10.78884,197.105785,405.5303894223241,405.5303894223241,10.788931538598307,197.09307407981524,0.012711249791357633,-0.012711249791357283
2565.0,10.505401,197.104125,405.8138383111663,405.8138383111663,10.505489590854452,197.0910907068817,0.013034594179868833,-0.01303459417986544
2566.0,10.221982,197.102428,406.09726746588984,406.09726746588984,10.222066609878414,197.08922025164043,0.01320801936557563,-0.013208019365573085
2567.0,9.938508,197.100804,406.3807510859511,406.3807510859511,9.938588468466627,197.08745807702957,0.013346165558210051,-0.013346165558210011
2568.0,9.655075,197.099389,406.66419236870945,406.66419236870945,9.655152033319572,197.08580062442456,0.013588593926947657,-0.013588593926944142
2569.0,9.371331,197.098138,406.94794372649375,406.94794372649375,9.371404958727549,197.08424180589208,0.013896390919178058,-0.013896390919174316
2570.0,9.081461,197.097013,407.2378204704981,407.2378204704981,9.081532061111439,197.08274877089613,0.014264406107837963,-0.014264406107835349
2571.0,8.797631,197.095622,407.5216583964335,407.5216583964335,8.797697436919506,197.08137995883015,0.014242196127971205,-0.014242196127970208
2572.0,8.513546,197.094325,407.8057506498858,407.8057506498858,8.51360807711235,197.08009796340423,0.014227172026276177,-0.014227172026271837
2573.0,8.22935,197.093019,408.08995371631556,408.08995371631556,8.22940753896725,197.07889940578661,0.014119711451844956,-0.014119711451842413
2574.0,7.950737,197.091719,408.3685734373599,408.3685734373599,7.950789980553542,197.0778018419889,0.013917258855294955,-0.01391725885529406
2575.0,7.666327,197.09038,408.65299000105074,408.65299000105074,7.666375339051485,197.07675639530171,0.013623690455942049,-0.013623690455939233
2576.0,7.381697,197.089042,408.9376261988092,408.9376261988092,7.381740810613344,197.07578176774405,0.01326030462892244,-0.013260304628919124
2577.0,7.096697,197.087708,409.2226320085305,409.2226320085305,7.096736448950091,197.07487344163414,0.012834618991857451,-0.01283461899185703
2578.0,6.811123,197.08637,409.50821144306,409.50821144306,6.811158269797333,197.07402685473696,0.012343195653593835,-0.012343195653591729
2579.0,6.524739,197.085028,409.7946004645822,409.7946004645822,6.52477033659434,197.07323749131888,0.011790550323951118,-0.011790550323947721
2580.0,6.237426,197.083684,410.08191811221576,410.08191811221576,6.237453632665059,197.0725012499557,0.011182784184514863,-0.011182784184513062
2581.0,5.949148,197.082335,410.3702003831192,410.3702003831192,5.949172180744455,197.07181423044742,0.010520797340838708,-0.010520797340838706
2582.0,5.659929,197.08098,410.6594232862833,410.6594232862833,5.65994998958688,197.07117260111693,0.00980742134379175,-0.009807421343787802
2583.0,5.3698,197.079623,410.9495558012607,410.9495558012607,5.369818095580719,197.07057244420147,0.009050573888557326,-0.009050573888554656
2584.0,5.07879,197.078262,411.2405689938952,411.2405689938952,5.078805447168576,197.07000973717555,0.00825227728197999,-0.008252277281978101
2585.0,4.781078,197.076868,411.53828393281344,411.53828393281344,4.781090997525691,197.06947007788315,0.007397933534607026,-0.007397933534607013
2586.0,4.494231,197.075526,411.82513346597693,411.82513346597693,4.494241882961656,197.06898008722303,0.006545921823744258,-0.0065459218237433
2587.0,4.200732,197.074153,412.1186348022502,412.1186348022502,4.200740931887341,197.06850462413863,0.005648382923449211,-0.005648382923447537
2588.0,3.906403,197.072776,412.41296592420935,412.41296592420935,3.9064101618557263,197.06804950379527,0.004726501630761647,-0.004726501630760825
2589.0,3.611255,197.071395,412.70811586860503,412.70811586860503,3.6112605443573003,197.06761024495262,0.0037847591083904034,-0.0037847591083900777
2590.0,3.315313,197.070012,413.00405968720247,413.00405968720247,3.315317035177552,197.0671823063172,0.002829696559903137,-0.0028296965598783945
2591.0,3.018601,197.068624,413.30077339386753,413.30077339386753,3.0186036275302013,197.06676106534036,0.0018629365126079014,-0.0018629365126059637
2592.0,2.721145,197.067233,413.5982310615638,413.5982310615638,2.7211462552685077,197.06634182578344,0.0008911751006054089,-0.0008911751006048762
2593.0,2.422966,197.065839,413.8964117305763,413.8964117305763,2.422965884895319,197.06591981138575,8.081146771845377e-05,8.081146771843372e-05
2594.0,2.118104,197.064414,414.20127548344345,414.20127548344345,2.118102447165956,197.06548147728128,0.0010674784107169279,0.0010674784107169216
2595.0,1.824533,197.063041,414.4948482637087,414.4948482637087,1.8245299869223603,197.06504802190815,0.0020070241698731998,0.0020070241698729916
2596.0,1.524322,197.061638,414.79506120975026,414.79506120975026,1.524317392829575,197.06458836004586,0.0029503636430616236,0.0029503636430515488
2597.0,1.223414,197.060235,415.0959713497023,415.0959713497023,1.223407639470833,197.06410605673597,0.003871061961445906,0.003871061961443485
2598.0,0.921857,197.058888,415.39753062059657,415.39753062059657,0.9218487999667211,197.06359604782403,0.004708054965055428,0.004708054965054374
2599.0,0.619973,197.057459,415.6994172831844,415.6994172831844,0.6199626246638457,197.06305372873908,0.00559473835952393,0.005594738359523886
2600.0,0.317702,197.055986,416.0016913464196,416.0016913464196,0.3176891178758039,197.06247383970074,0.006487852489984206,0.006487852489983198
2601.0,0.014409,197.05459,416.3049875938498,416.3049875938498,0.014393512642719042,197.06184982690772,0.007259843427264819,0.007259843427263362
2602.0,-0.289253,197.053108,416.6086533956874,416.6086533956874,-0.28927154487863804,197.06117763693038,0.008069658239389857,0.008069658239387415
2603.0,-0.593354,197.051613,416.9127586058155,416.9127586058155,-0.5933758883670159,197.06045179524202,0.008838822344116362,0.00883882234408346
2604.0,-0.897753,197.050386,417.2171615795164,417.2171615795164,-0.8977778506967877,197.05966730036764,0.00928133363646349,0.009281333636462179
2605.0,-1.203023,197.048905,417.5224366070445,417.5224366070445,-1.2030516938737965,197.05881715606773,0.009912197599405658,0.00991219759940523
2606.0,-1.51482,197.047416,417.83423911367646,417.83423911367646,-1.5148527850570517,197.0578778879814,0.010461939351533956,0.01046193935153248
2607.0,-1.814135,197.045879,418.133560176554,418.133560176554,-1.8141722617480205,197.0569036624375,0.011024725406929947,0.011024725406926845
2608.0,-2.112486,197.04437,418.4319175692308,418.4319175692308,-2.112527817345529,197.0558569000836,0.011486976200081827,0.011486976200081813
2609.0,-2.401746,197.042883,418.7211842733609,418.7211842733609,-2.4017924609557837,197.05476530421535,0.011882395048424633,0.011882395048422133
2610.0,-2.682202,197.041406,419.0016472726985,419.0016472726985,-2.6822531639147256,197.05363057683599,0.012224683904510624,0.01222468390450909
2611.0,-2.954127,197.039902,419.27357968139984,419.27357968139984,-2.9541830295323086,197.05245473173187,0.012552856776068922,0.012552856776042813
2612.0,-3.217785,197.038339,419.53724574627375,419.53724574627375,-3.2178462954074174,197.05124001582053,0.012901161433305771,0.012901161433304057
2613.0,-3.473436,197.036734,419.7929053171704,419.7929053171704,-3.473502803819947,197.04998883351976,0.013255001862960815,0.01325500186295789
2614.0,-3.721331,197.035128,420.0408092189436,420.0408092189436,-3.7214033737545638,197.04870371954362,0.01357591245875848,0.013575912458756355
2615.0,-3.961712,197.033557,420.281199223165,420.281199223165,-3.9617897726385687,197.047387300758,0.01383051942770417,0.013830519427703197
2616.0,-4.194811,197.03204,420.5143071979363,420.5143071979363,-4.194893866153106,197.04604226917814,0.0140025143790924,0.014002514379092378
2617.0,-4.420858,197.030575,420.74036308206803,420.74036308206803,-4.420945592213525,197.04467130717808,0.014096579317502094,0.014096579317498005
2618.0,-4.640074,197.029152,420.9595878602273,420.9595878602273,-4.640165936190901,197.04327710110232,0.014125400292155955,0.014125400292153005
2619.0,-4.85267,197.02775,421.1721926338288,421.1721926338288,-4.852766001730133,197.04186233019917,0.014112656730132274,0.014112656730132121
2620.0,-5.062913,197.026335,421.3824445973664,421.3824445973664,-5.063012884602127,197.04040079102637,0.014066145674334804,0.0140661456743319
2621.0,-5.258824,197.024993,421.5783642136971,421.5783642136971,-5.258927359418985,197.0389815060218,0.01398888787186189,0.01398888787185769
2622.0,-5.452776,197.023656,421.77232481243135,421.77232481243135,-5.4528824549636745,197.03752050590248,0.013864914589692164,0.013864914589692013
2623.0,-5.640899,197.022361,421.9604561671718,421.9604561671718,-5.641008054199025,197.0360490045333,0.013688438951266601,0.013688438951263949
2624.0,-5.823373,197.021117,422.1429381122657,422.1429381122657,-5.82348399960903,197.0345693366167,0.013452794555855872,0.01345279455585098
2625.0,-6.000375,197.019924,422.3199476718909,422.3199476718909,-6.000487324274132,197.0330837193215,0.013160198682506062,0.013160198682505193
2626.0,-6.172076,197.018777,422.4916557868726,422.4916557868726,-6.172188978671615,197.03159427426087,0.012817772180006844,0.012817772180005488
2627.0,-6.338642,197.017669,422.6582285251952,422.6582285251952,-6.338755041045452,197.03010301588546,0.012434529718388812,0.012434529718387507
2628.0,-6.500233,197.016591,422.8198259445684,422.8198259445684,-6.500345579921743,197.02861186126609,0.012021388431339,0.012021388431338263
2629.0,-6.657003,197.015539,422.97660205112095,422.97660205112095,-6.657114612720998,197.0271226324149,0.011584170118007883,0.011584170118005492
2630.0,-6.809104,197.01451,423.1287088554518,423.1287088554518,-6.809214161538659,197.02563701913442,0.011127564440719136,0.011127564440718447
2631.0,-6.956681,197.013505,423.27629128521534,423.27629128521534,-6.956789168980549,197.02415693655527,0.010652485761816273,0.010652485761801002
2632.0,-7.099876,197.012527,423.41949127237274,423.41949127237274,-7.0999815939303215,197.0226853156008,0.010158864401269683,0.010158864401254828
2633.0,-7.238825,197.011577,423.55844481464874,423.55844481464874,-7.238927462581841,197.0212250341699,0.009648578233319912,0.00964857823330807
2634.0,-7.373661,197.010657,423.6932849286069,423.6932849286069,-7.373759817958911,197.01977858521323,0.009122120465718388,0.009122120465716024
2635.0,-7.504513,197.009768,423.8241405685409,423.8241405685409,-7.504607638872526,197.01834812571948,0.008580647637457558,0.008580647637455837
2636.0,-7.631504,197.008909,423.9511348355473,423.9511348355473,-7.631594049128108,197.0169355317827,0.008027036894425086,0.008027036894396055
2637.0,-7.754756,197.008078,424.0743896700659,424.0743896700659,-7.754841009831656,197.01554237866634,0.007464862727860478,0.007464862727851857
2638.0,-7.874384,197.007273,424.19402021221975,424.19402021221975,-7.874463680150369,197.01417003256665,0.006897492816369567,0.006897492816368472
2639.0,-7.990503,197.006493,424.3101414370891,424.3101414370891,-7.990577052243601,197.01281960178673,0.006327035158948744,0.006327035158942695
2640.0,-8.103222,197.005735,424.4228624216368,424.4228624216368,-8.103290218650185,197.0114920260119,0.005757430180731692,0.005757430180731686
2641.0,-8.212646,197.004998,424.53228817526934,424.53228817526934,-8.21270820283154,197.01018807797553,0.005190450711094733,0.0051904507110917255
2642.0,-8.31888,197.004282,424.6385236992975,424.6385236992975,-8.318936018441542,197.0089083345377,0.004626673677767624,0.004626673677764847
2643.0,-8.422021,197.003586,424.74166606013534,424.74166606013534,-8.422070743203308,197.00765328964798,0.00406759381781242,0.004067593817799776
2644.0,-8.522168,197.002909,424.8418142297798,424.8418142297798,-8.522211358750626,197.00642325217547,0.003514519644859963,0.003514519644859963
2645.0,-8.624356,197.002217,424.94400330478277,424.94400330478277,-8.624392587701049,197.00515696168247,0.002940189339867593,0.0029401893398639948
2646.0,-8.733718,197.001476,425.0533663163575,425.0533663163575,-8.73374705254245,197.00378973488216,0.0023139172749191946,0.002313917274916444
2647.0,-8.850086,197.000687,425.1697352371384,425.1697352371384,-8.850106714564276,197.00232182286985,0.001634954099950601,0.0016349540999501119
2648.0,-8.973257,196.999851,425.2929070485038,425.2929070485038,-8.973268548088315,197.00075406538647,0.0009031392199315298,0.0009031392199301183
2649.0,-9.105729,196.998951,425.4253797385198,425.4253797385198,-9.105730311534277,196.99905265229953,0.00010166075998082904,0.00010166075998082865
2650.0,-9.242102,196.998023,425.56175327755517,425.56175327755517,-9.242092401218143,196.99728555640604,0.0007375060615807896,-0.0007375060615794647
2651.0,-9.384711,196.99705,425.7043626893856,425.7043626893856,-9.384689634209051,196.9954218319542,0.001628308227095375,-0.0016283082270938678
2652.0,-9.533426,196.996033,425.8530779549099,425.8530779549099,-9.533391989380217,196.99346230499938,0.002570919973183233,-0.0025709199731828794
2653.0,-9.688122,196.994972,426.0077741001012,426.0077741001012,-9.68807449393865,196.9914080162227,0.0035643003788549416,-0.0035643003788540938
2654.0,-9.848645,196.993866,426.1682971445891,426.1682971445891,-9.848583175437998,196.98926070210433,0.00460571286385562,-0.004605712863855547
2655.0,-10.011646,196.992737,426.3312981324077,426.3312981324077,-10.011569382075896,196.98706560279246,0.005671914720101089,-0.005671914720100927
2656.0,-10.183935,196.991536,426.5035870987302,426.5035870987302,-10.183842533973454,196.98473128564686,0.006805342562564982,-0.006805342562564962
2657.0,-10.362256,196.990281,426.68190814727006,426.68190814727006,-10.362147035380218,196.9823020641111,0.007979679893801746,-0.00797967989379835
2658.0,-10.546527,196.988969,426.86617934836676,426.86617934836676,-10.54640097723614,196.9797800693152,0.009189794821801761,-0.009189794821798273
2659.0,-10.736771,196.987592,427.05642383035513,427.05642383035513,-10.736627504937093,196.9771664363859,0.010426551083898712,-0.010426551083866073
2660.0,-10.933043,196.986143,427.2526968374811,427.2526968374811,-10.932881883466601,196.9744623224087,0.011681788712746213,-0.011681788712746211
2661.0,-11.135187,196.984611,427.45484253550234,427.45484253550234,-11.135008326652331,196.9716723056264,0.01293992798505027,-0.012939927985039328
2662.0,-11.343084,196.982983,427.6627421704212,427.6627421704212,-11.342888132935535,196.96880100992172,0.014183342571027132,-0.0141833425710268
2663.0,-11.58261,196.981021,427.90227276597267,427.90227276597267,-11.582395914312878,196.96549512675585,0.015527349183767787,-0.015527349183745529
2664.0,-11.775609,196.979354,428.09527690888325,428.09527690888325,-11.775381747620608,196.96283668412423,0.016518879120086524,-0.016518879120079755
2665.0,-11.999893,196.977322,428.31956864619394,428.31956864619394,-11.999652344967716,196.95975730408693,0.017566344450754147,-0.017566344450750632
2666.0,-12.229301,196.975126,428.5489867059985,428.5489867059985,-12.229048995251414,196.95662314175033,0.01850457429395151,-0.018504574293928558
2667.0,-12.463674,196.972717,428.7833727473775,428.7833727473775,-12.463413452752294,196.953442354146,0.019276406762276783,-0.019276406762259515
2668.0,-12.702864,196.970073,429.0225791435521,429.0225791435521,-12.702598191563174,196.95022356305842,0.019851216613184508,-0.019851216613179522
2669.0,-12.94673,196.96722,429.26646459864446,429.26646459864446,-12.946462022183656,196.94697591674426,0.02024585683479704,-0.02024585683476801
2670.0,-13.195124,196.964187,429.51488062415507,429.51488062415507,-13.194856568356593,196.94370926712278,0.020479479082117426,-0.02047947908211312
2671.0,-13.447899,196.960979,429.76768029072605,429.76768029072605,-13.4476350170092,196.9404340432941,0.020546652600059213,-0.02054665260003507
2672.0,-13.704913,196.957597,430.0247213391037,430.0247213391037,-13.70465522781207,196.93716120243624,0.020437423236979006,-0.020437423236965912
2673.0,-13.96603,196.954042,430.2858678679666,430.2858678679666,-13.965781419613496,196.93390220078675,0.020141333236858346,-0.02014133323684293
2674.0,-14.231121,196.950313,430.5509906138382,430.5509906138382,-14.230884448961213,196.9306689837097,0.019645440499198065,-0.019645440499171996
2675.0,-14.50007,196.946419,430.8199732996916,430.8199732996916,-14.499848156755702,196.92747390540524,0.01894639342010181,-0.018946393420100807
2676.0,-14.772767,196.942376,431.09270556007664,431.09270556007664,-14.77256229231744,196.9243298154294,0.018047345588527365,-0.01804734558852122
2677.0,-15.049091,196.938222,431.3690657229459,431.3690657229459,-15.048905294489295,196.92125024328757,0.01697277267986464,-0.01697277267983808
2678.0,-15.328925,196.93397,431.6489364165483,431.6489364165483,-15.328759895331235,196.91824919390243,0.01572167306328402,-0.01572167306328163
2679.0,-15.612156,196.929622,431.9322042925209,431.9322042925209,-15.61201284110864,196.9153411383902,0.01428157914189378,-0.014281579141873614
2680.0,-15.90444,196.925087,432.2245256715989,432.2245256715989,-15.904320275166363,196.91248618788353,0.012601380877908604,-0.012601380877905856
2681.0,-16.19421,196.920544,432.51433148991214,432.51433148991214,-16.194113732586146,196.9098099183652,0.0107345133079103,-0.010734513307903485
2682.0,-16.490124,196.915851,432.8102802934539,432.8102802934539,-16.490051330305242,196.90723493849617,0.008616367954208422,-0.008616367954208337
2683.0,-16.766425,196.911439,433.08661186989764,433.08661186989764,-16.76637364301327,196.90497260695375,0.006466596985178118,-0.006466596985177602
2684.0,-17.045256,196.906997,433.36547140703584,433.36547140703584,-17.045224918677416,196.902826449255,0.004170666561250165,-0.004170666561250072
2685.0,-17.299788,196.902993,433.62002706957065,433.62002706957065,-17.29977392308451,196.9009856156425,0.002007433714555289,-0.0020074337145551337
2686.0,-17.559586,196.899,433.8798465930583,433.8798465930583,-17.55958745496869,196.89922142806864,0.0002214328487742238,0.0002214328487739692
2687.0,-17.822677,196.895089,434.1429565291824,434.1429565291824,-17.822692088108614,196.89755127776914,0.002462323996421941,0.002462323996421889
2688.0,-18.089691,196.891259,434.40998691229834,434.40998691229834,-18.08971781191611,196.89597418814677,0.004715264376293009,0.0047152643762926804
2689.0,-18.360506,196.887519,434.6808157332931,434.6808157332931,-18.360542586668185,196.89449415722902,0.0069752531820615775,0.0069752531820614205
2690.0,-18.635004,196.8839,434.95532489136144,434.95532489136144,-18.635048277374537,196.89311486085407,0.00921496722976009,0.009214967229759136
2691.0,-18.913069,196.880479,435.2333981627884,435.2333981627884,-18.913118622694984,196.89183966580154,0.011360774175467759,0.011360774175466834
2692.0,-19.194593,196.877328,435.51492742633883,435.51492742633883,-19.19464546091658,196.89067160589903,0.01334370902471426,0.013343709024713893
2693.0,-19.479465,196.874495,435.7998018287876,435.7998018287876,-19.479517895881028,196.88961343475316,0.01511852728806158,0.015118527288061413
2694.0,-19.76758,196.872032,436.0879165149197,436.0879165149197,-19.767631027294716,196.88866759092028,0.016635669179566145,0.01663566917955532
2695.0,-20.058838,196.869981,436.37917183578355,436.37917183578355,-20.0588851594178,196.88783621144418,0.017855273723112346,0.017855273723108956
2696.0,-20.353141,196.868366,436.6734701684301,436.6734701684301,-20.353182621211467,196.88712114907065,0.018755195253243005,0.018755195253242728
2697.0,-20.65039,196.867214,436.9707129180929,436.9707129180929,-20.650424768885962,196.8865239814878,0.019310012789624804,0.019310012789624693
2698.0,-20.950495,196.866564,437.27081053300003,437.27081053300003,-20.9505220010403,196.88604599555785,0.01948201426885471,0.01948201426885141
2699.0,-21.253363,196.866454,437.5736705563972,437.5736705563972,-21.253381811047593,196.88568821825922,0.019234227457805567,0.019234227457804072
2700.0,-21.558909,196.86688,437.8792084906533,437.8792084906533,-21.558919651478412,196.88545140546552,0.018571408520042063,0.018571408520039807
2701.0,-21.867056,196.867722,438.1873479588971,438.1873479588971,-21.867059096149983,196.8853360593078,0.017614059579933623,0.017614059579932367
2702.0,-22.177724,196.868911,438.49800931805913,438.49800931805913,-22.177720453286142,196.88534244323017,0.01643144361295276,0.016431443612952578
2703.0,-22.490832,196.870392,438.8111118301834,438.8111118301834,-22.49082293729493,196.88547057854475,0.015078581268232055,0.015078581268231816
2704.0,-22.8063,196.872126,439.1265756673126,439.1265756673126,-22.80628667376072,196.88572024648593,0.013594253017678984,0.013594253017678616
2705.0,-23.124048,196.87408,439.44432095407524,439.44432095407524,-23.12403174244752,196.8860909912593,0.012011002262053245,0.0120110022620372
2706.0,-23.44401,196.876219,439.7642817952051,439.7642817952051,-23.443992204853732,196.88658214702957,0.010363162308094646,0.010363162308092633
2707.0,-23.766124,196.878509,440.08639615698087,440.08639615698087,-23.76610598602488,196.8871928452912,0.008683863975476738,0.008683863975473887
2708.0,-24.11635,196.881089,440.4366241606595,440.4366241606595,-24.116333090858088,196.8879854228943,0.006896443623789653,0.006896443623783077
2709.0,-24.416543,196.883347,440.7368201055272,440.7368201055272,-24.416528013590224,196.88876833740778,0.0054213581215085535,0.005421358121508401
2710.0,-24.744711,196.885855,441.0649924986739,441.0649924986739,-24.74469899524097,196.88973034013372,0.0038753587274407185,0.0038753587274396287
2711.0,-25.074766,196.888418,441.39505308757,441.39505308757,-25.074757828841093,196.8908063351294,0.002388349107273285,0.002388349107273285
2712.0,-25.453258,196.891393,441.77355278032394,441.77355278032394,-25.45325506432426,196.89216964953684,0.0007766550851406188,0.0007766550851405809
2713.0,-25.740312,196.893671,442.06061344308097,442.06061344308097,-25.740313529292237,196.89329273821872,0.00037826487270398206,-0.00037826487270396515
2714.0,-26.075695,196.896348,442.3960050206686,442.3960050206686,-26.07570215774411,196.894698940999,0.0016490745350109597,-0.001649074535010958
2715.0,-26.419501,196.899109,442.73982061094677,442.73982061094677,-26.41951428408823,196.89624200712183,0.002867023653643013,-0.0028670236536427825
2716.0,-26.751404,196.901799,443.07173360292023,443.07173360292023,-26.75142349761737,196.89782553008214,0.003973517754493376,-0.003973517754492466
2717.0,-27.091627,196.904577,443.4119674878928,443.4119674878928,-27.091653058182942,196.89954073168354,0.005036335729886073,-0.005036335729885724
2718.0,-27.433363,196.907391,443.75371504961964,443.75371504961964,-27.433395811102294,196.90135350265834,0.006037586497838562,-0.006037586497827312
2719.0,-27.776568,196.910227,444.09693210811804,444.09693210811804,-27.77660756855049,196.90326091025923,0.006966202117830904,-0.006966202117830445
2720.0,-28.121194,196.913081,444.44157064182565,444.44157064182565,-28.121240304316846,196.90525985947426,0.00782127759469473,-0.007821277594672488
2721.0,-28.467198,196.915954,444.7875875236171,444.7875875236171,-28.467250889722376,196.90734714591102,0.008607016592974918,-0.008607016592974826
2722.0,-28.814536,196.918839,445.1349387098103,445.1349387098103,-28.81459528262843,196.909519428232,0.009319760317143183,-0.009319760317143181
2723.0,-29.162496,196.92173,445.4829121016057,445.4829121016057,-29.162561403209786,196.91176885050518,0.009961364205663495,-0.009961364205663428
2724.0,-29.502482,196.924559,445.8229113415041,445.8229113415041,-29.502553099443475,196.91403364278653,0.010525597351297837,-0.01052559735129755
2725.0,-29.832078,196.927279,446.15252008667323,446.15252008667323,-29.83215412965292,196.91628875070177,0.010990512970800349,-0.010990512970799947
2726.0,-30.15161,196.929824,446.47206382911276,446.47206382911276,-30.15169002824689,196.9185276438528,0.011296639620907246,-0.011296639620907234
2727.0,-30.467493,196.932152,446.7879570493222,446.7879570493222,-30.467575155487076,196.92078879083402,0.011363506152320475,-0.011363506152320183
2728.0,-30.761733,196.93409,447.0822048061986,447.0822048061986,-30.761815084258807,196.92293509705527,0.011155204952477146,-0.011155204952467164
2729.0,-31.052921,196.935804,447.37339877865736,447.37339877865736,-31.053001047948744,196.9250947316674,0.010709567493298584,-0.010709567493298506
2730.0,-31.340802,196.937369,447.6612845904616,447.6612845904616,-31.340878694860955,196.92726290767948,0.010106383333933999,-0.010106383333933837
2731.0,-31.608977,196.93877,447.9294635490861,447.9294635490861,-31.60904981851973,196.92931283537973,0.009457444961074143,-0.009457444961074061
2732.0,-31.874388,196.940132,448.19487816149405,448.19487816149405,-31.874456448157193,196.93137132274683,0.008760944645675083,-0.008760944645674854
2733.0,-32.131739,196.941417,448.45223225376304,448.45223225376304,-32.131802572276115,196.93339644703062,0.008020804907799947,-0.008020804907799932
2734.0,-32.381281,196.942589,448.7017765229427,448.7017765229427,-32.38133889098984,196.93538839542023,0.00720083729026265,-0.007200837290262477
2735.0,-32.623255,196.943644,448.94375189598617,448.94375189598617,-32.623306334591845,196.9373473099106,0.0062968993419335595,-0.006296899341933541
2736.0,-32.857901,196.944609,449.1783985647558,449.1783985647558,-32.85794509821576,196.939273367903,0.005335814326527963,-0.00533581432652772
2737.0,-33.086116,196.945535,449.406613913869,449.406613913869,-33.086152546757056,196.94117230321442,0.00436284986086632,-0.004362849860865985
2738.0,-33.31668,196.946491,449.63717822240807,449.63717822240807,-33.31670865254742,196.94311714074774,0.003373980916152332,-0.003373980916149459
2739.0,-33.556941,196.947529,449.87743967060214,449.87743967060214,-33.556961307515294,196.94517266642228,0.002356421083906747,-0.002356421083906697
2740.0,-33.797319,196.948619,450.1178183112426,450.1178183112426,-33.797330890041586,196.9472594355792,0.0013596164118535035,-0.001359616411853503
2741.0,-34.04233,196.949785,450.3628301885273,450.3628301885273,-34.04233325560072,196.94941832463982,0.0003666898126363058,-0.0003666898126362978
2742.0,-34.291827,196.951039,450.61232840450344,450.61232840450344,-34.291821484625544,196.95165064548573,0.0006116703520329305,0.0006116703520329304
2743.0,-34.54571,196.952392,450.8662130577894,450.8662130577894,-34.545695650961044,196.95395818210196,0.0015662478320490544,0.0015662478320490462
2744.0,-34.798718,196.953825,451.1192232044404,451.1192232044404,-34.79869500812933,196.9562947314327,0.002469838451364669,0.002469838451364669
2745.0,-35.061099,196.955408,451.381607050779,451.381607050779,-35.0610672936906,196.95875774847036,0.0033498985215537334,0.003349898521552535
2746.0,-35.327762,196.957129,451.64827371175306,451.64827371175306,-35.32772180176195,196.96130358101036,0.004174774546042796,0.0041747745460427406
2747.0,-35.598741,196.959012,451.9192574471169,451.9192574471169,-35.59869275356092,196.96393567511984,0.0049239114943936775,0.004923911494393576
2748.0,-35.874006,196.96107,452.1945284191015,452.1945284191015,-35.873950273447974,196.96665699552543,0.005587273436091939,0.00558727343609098
2749.0,-36.153526,196.963328,452.4740559159837,452.4740559159837,-36.15346360918534,196.9694706155442,0.006142932389150956,0.006142932389147798
2750.0,-36.437218,196.965859,452.75775774592483,452.75775774592483,-36.43715052857298,196.97237919468444,0.006520543774600279,0.006520543774600205
2751.0,-36.724948,196.968646,453.04549985015444,453.04549985015444,-36.72487693308558,196.975384925762,0.006739300477941766,0.006739300477941587
2752.0,-37.016585,196.971693,453.3371513818885,453.3371513818885,-37.01651193396896,196.97849007208976,0.006797464794935734,0.006797464794935267
2753.0,-37.312002,196.974984,453.6325852674645,453.6325852674645,-37.311928413263104,196.98169697117032,0.006713374482429884,0.006713374482429872
2754.0,-37.611079,196.978497,453.93168138178567,453.93168138178567,-37.61100619895112,196.98500806840053,0.006511475386505528,0.006511475386505502
2755.0,-37.913703,196.982211,454.2343265889326,454.2343265889326,-37.91363210547758,196.98842591945976,0.006215323798845849,0.006215323798844737
2756.0,-38.225925,196.986205,454.5465724431727,454.5465724431727,-38.22585721729239,196.9920248909025,0.005820285612619262,0.005820285612619239
2757.0,-38.529209,196.990212,454.8498812655048,454.8498812655048,-38.52914504970203,196.99559308354037,0.005381463528530923,0.005381463528530815
2758.0,-38.841949,196.994458,455.1626484252226,455.1626484252226,-38.84188965963974,196.99934869632798,0.004891056312376283,0.00489105631237538
2759.0,-39.157882,196.998865,455.4786105171415,455.4786105171415,-39.157827998551916,197.00322284263254,0.004358177206862114,0.004358177206862087
2760.0,-39.476902,197.003439,455.79766170223223,455.79766170223223,-39.47685416366942,197.0072183526378,0.003779655364649975,0.003779655364649945
2761.0,-39.798915,197.008176,456.11970800126295,456.11970800126295,-39.798874108256285,197.0113382244021,0.0031624887832155304,0.003162488783215509
2762.0,-40.123835,197.013075,456.4446634878795,456.4446634878795,-40.1238018348785,197.01558558431148,0.0025108033595655247,0.0025108033595539524
2763.0,-40.458159,197.018195,456.779025406974,456.779025406974,-40.45813391362789,197.0200524908822,0.0018576602766729087,0.0018576602766601246
2764.0,-40.782047,197.023211,457.10295124016227,457.10295124016227,-40.78202955025315,197.02447530205646,0.0012644224703880793,0.001264422470388077
2765.0,-41.115157,197.028424,457.4361012500997,457.4361012500997,-41.11514712567159,197.02912387285681,0.0006999425105434666,0.0006999425105434647
2766.0,-41.450822,197.033738,457.771807763805,457.771807763805,-41.450819482858265,197.0339125094087,0.00017452756152052016,0.00017452756152051832
2767.0,-41.788962,197.039154,458.1099908122956,458.1099908122956,-41.78896656444046,197.03884449822397,0.00030953543170780855,-0.0003095354317078083
2768.0,-42.129503,197.044677,458.45057648492275,458.45057648492275,-42.1295143670859,197.04392322541332,0.0007538602908847056,-0.0007538602908847012
2769.0,-42.479253,197.050411,458.8003735910864,458.8003735910864,-42.47927078505945,197.04925823891494,0.0011528982728541803,-0.0011528982728541558
2770.0,-42.817495,197.056028,459.1386625108573,459.1386625108573,-42.81751855352091,197.0545345308245,0.0014936548953880067,-0.0014936548953879763
2771.0,-43.171766,197.062004,459.49298436946805,459.49298436946805,-43.171795331111,197.06018634260036,0.0018178940388657201,-0.0018178940388656666
2772.0,-43.521222,197.068001,459.84249242268277,459.84249242268277,-43.52125684904509,197.06588944618738,0.002111841367043416,-0.002111841367043416
2773.0,-43.858625,197.073896,460.1799476238813,460.1799476238813,-43.858665091942754,197.0715187634249,0.0023775746250747336,-0.002377574625074716
2774.0,-44.219119,197.080295,460.5404993093636,460.5404993093636,-44.21916431355514,197.07766916963408,0.0026262213213882743,-0.002626221321387249
2775.0,-44.574487,197.086699,460.89592602763855,460.89592602763855,-44.57453690180664,197.08387190598404,0.0028275343968623213,-0.002827534396861964
2776.0,-44.931731,197.093246,461.25323115156795,461.25323115156795,-44.93178509680049,197.0902497646452,0.002996723671808476,-0.0029967236718084706
2777.0,-45.290841,197.099929,461.61240457288426,461.61240457288426,-45.29089864878931,197.0968073217636,0.003122210498109193,-0.003122210498109166
2778.0,-45.651762,197.106754,461.9733914259557,461.9733914259557,-45.651822552648085,197.10354838501053,0.003206186844819872,-0.0032061868448182945
2779.0,-46.01444,197.113709,462.3361375713396,462.3361375713396,-46.01450247033208,197.11047954154367,0.0032300626098518428,-0.0032300626098470085
2780.0,-46.378821,197.12078,462.7005887963745,462.7005887963745,-46.37888376272802,197.11761860810367,0.0031620148453467022,-0.00316201484534301
2781.0,-46.752188,197.12812,463.0740296704761,463.0740296704761,-46.75224895253734,197.1251364312197,0.0029841913274187065,-0.0029841913274178296
2782.0,-47.119845,197.135423,463.4417608167553,463.4417608167553,-47.11990106119863,197.13275998970676,0.0026636003228587063,-0.0026636003228586416
2783.0,-47.481652,197.142672,463.80364171673756,463.80364171673756,-47.48169926694508,197.14049558749502,0.0021769257120835004,-0.0021769257120826556
2784.0,-47.85233,197.150127,464.1743952983371,464.1743952983371,-47.852362473077584,197.14868092415347,0.0014464404082734869,-0.0014464404082733607
2785.0,-48.22481,197.157352,464.54694378886364,464.54694378886364,-48.22481373172711,197.1571915334566,0.00016050992910053975,-0.00016050992910019736
2786.0,-48.603099,197.165084,464.92530942548694,464.92530942548694,-48.60307330140631,197.16614944000366,0.0010657498858130546,0.0010657498858130357
2787.0,-48.974905,197.172758,465.29719011921725,465.29719011921725,-48.97484179104622,197.17528350353447,0.002526294415648613,0.0025262944156482533
2788.0,-49.339869,197.180495,465.6622296301723,465.6622296301723,-49.339762702215324,197.18458744411214,0.004093824377028206,0.00409382437702404
2789.0,-49.71046,197.188731,466.03290384930864,466.03290384930864,-49.710307063867724,197.19439770030448,0.005668763692502818,0.005668763692495422
2790.0,-50.080415,197.197309,466.4029479298096,466.4029479298096,-50.08021112017322,197.2045759996884,0.00726985910832786,0.007269859108321814
2791.0,-50.447108,197.210363,466.76985764605627,466.76985764605627,-50.44697078866078,197.2150675063831,0.00470650690641861,0.004706506906417675
2792.0,-50.822316,197.223466,467.1452849403918,467.1452849403918,-50.82223193565879,197.22623479741458,0.0027700732727528455,0.0027700732727512184
2793.0,-51.199746,197.234036,467.5228570849363,467.5228570849363,-51.19962294955443,197.2379278930452,0.0038938378095875973,0.003893837809587544
2794.0,-51.574779,197.244357,467.8980216442033,467.8980216442033,-51.57459235396344,197.25002634778883,0.0056724193333721005,0.005672419333371588
2795.0,-51.948257,197.256095,468.27167497777367,468.27167497777367,-51.94803497550499,197.26257230491544,0.006481108998010454,0.006481108998010053
2796.0,-52.320382,197.270273,468.6440599030361,468.6440599030361,-52.3201923081046,197.27558882690656,0.005319210346998675,0.0053192103469950945
2797.0,-52.687697,197.285777,469.01168969595943,469.01168969595943,-52.68757877245906,197.28896146286152,0.0031866567853904497,0.0031866567853844068
2798.0,-53.056423,197.302627,469.38078666847747,469.38078666847747,-53.05641132531689,197.30292921030158,0.0003024357197970695,0.00030243571979134034
2799.0,-53.42417,197.320059,469.7489366939705,469.7489366939705,-53.42427596480837,197.31742133659213,0.002639791051151878,-0.0026397910511509835
2800.0,-53.793977,197.336797,470.1191244830237,470.1191244830237,-53.7941533272787,197.33257741583407,0.004223266726424884,-0.004223266726419779
2801.0,-54.164868,197.354382,470.49043643801986,470.49043643801986,-54.16512850996651,197.348387229636,0.006000428081371888,-0.006000428081371654
2802.0,-54.537309,197.372681,470.863334381749,470.863334381749,-54.5376607517601,197.36489695668396,0.007791986886966609,-0.007791986886961466
2803.0,-54.908588,197.392743,471.23515978015683,471.23515978015683,-54.90909208571616,197.3820099433575,0.010744887495930729,-0.010744887495915746
2804.0,-55.281742,197.412452,471.6088472098968,471.6088472098968,-55.28235352516858,197.39984714803825,0.012619677333812567,-0.012619677333499398
2805.0,-55.655992,197.432591,471.9836484201748,471.9836484201748,-55.656703972506364,197.41822314298022,0.014385486442612921,-0.014385486441129433
2806.0,-56.031782,197.452404,472.35996673776765,472.35996673776765,-56.03255507026387,197.436969477904,0.015453870387861475,-0.01545387038653163
2807.0,-56.407011,197.470988,472.7356559829045,472.7356559829045,-56.40777275128237,197.45578704123062,0.015220033262930567,-0.015220033262814405
2808.0,-56.783417,197.488389,473.11245418027227,473.11245418027227,-56.78410254847647,197.4745690071817,0.013836985878846957,-0.013836985878335314
2809.0,-57.168794,197.504659,473.4981524405271,473.4981524405271,-57.169336061360866,197.49349716064467,0.011174993884263658,-0.011174993884263656
2810.0,-57.547751,197.520407,473.87741357020207,473.87741357020207,-57.548164143944085,197.51161510169842,0.008801600062709082,-0.00880160006228796
2811.0,-57.926538,197.536355,474.25651667840623,474.25651667840623,-57.926866704818984,197.52903594924138,0.007326428247457269,-0.007326428247421219
2812.0,-58.306248,197.550727,474.6364760873876,474.6364760873876,-58.306464580818705,197.54560470843492,0.005126868257391294,-0.005126868257006045
2813.0,-58.701734,197.56382,475.03215584448634,475.03215584448634,-58.70181689952553,197.56169427976118,0.002127336095922162,-0.0021273360958928038
2814.0,-59.060138,197.574292,475.3906990480424,475.3906990480424,-59.060110719155794,197.57505992758152,0.0007684120085598852,0.0007684120085598116
2815.0,-59.441056,197.583409,475.7717201757105,475.7717201757105,-59.44091843890177,197.58780230089332,0.004395453991916154,0.00439545399189997
2816.0,-59.821171,197.591337,476.1519339304877,476.1519339304877,-59.82097225669305,197.5988171782381,0.007482818010332966,0.007482818010310856
2817.0,-60.202453,197.596053,476.53327153508565,476.53327153508565,-60.20219996722826,197.60795315299885,0.011902842810825808,0.011902842810299819
2818.0,-60.584222,197.599111,476.91511389538726,476.91511389538726,-60.58397719958407,197.61497620533038,0.015867093855489952,0.01586709385546998
2819.0,-60.966114,197.600339,477.29710518312635,477.29710518312635,-60.965939055115435,197.61966599454544,0.01932778631588614,0.01932778631372386
2820.0,-61.34812,197.600876,477.6792493164737,477.6792493164737,-61.34807641346136,197.62181037988069,0.020934425255430454,0.020934425253752383
2821.0,-61.730437,197.599083,478.06173085934086,478.06173085934086,-61.730556575477316,197.62119496680816,0.022112290121552032,0.02211229012146192
2822.0,-62.136562,197.594735,478.46807125893645,478.46807125893645,-62.13687686497089,197.6172781333177,0.022545332105130735,0.022545332103503422
2823.0,-62.496401,197.588289,478.8281521061202,478.8281521061202,-62.49689842042772,197.610797919483,0.02251441501290979,0.022514415012766735
2824.0,-62.877267,197.579149,479.2093289583601,479.2093289583601,-62.87793892663433,197.60065262092658,0.021514116257842976,0.021514116257464383
2825.0,-63.25985,197.565634,479.5923598041198,479.5923598041198,-63.26071940350089,197.58684714673743,0.02123095515871643,0.021230955158682993
2826.0,-63.642488,197.548535,479.9755968324502,479.9755968324502,-63.64354824932239,197.5692002322446,0.020692412917538296,0.020692412917334778
2827.0,-64.024873,197.528373,480.3587279397447,480.3587279397447,-64.02606325936739,197.54751405245977,0.019178024054369656,0.01917802405433501
2828.0,-64.407896,197.50561,480.74260856733946,480.74260856733946,-64.4090648026094,197.52157772147814,0.016010441241372863,0.0160104412413547
2829.0,-64.789547,197.47895,481.1253289385474,481.1253289385474,-64.79060822440655,197.4916085496248,0.0127029553980426,0.012702955397918785
2830.0,-65.171568,197.448682,481.50864163632025,481.50864163632025,-65.17240938563819,197.45761984536102,0.00897736094238663,0.008977360941835964
2831.0,-65.55329,197.415066,481.8918873176438,481.8918873176438,-65.55378327751927,197.41980410660028,0.004763714608022385,0.004763714608021851
2832.0,-65.932133,197.378908,482.2724407161778,482.2724407161778,-65.9320983098854,197.37860260050928,0.0003073633891311617,-0.0003073633885445901
2833.0,-66.312846,197.340898,482.65494968167366,482.65494968167366,-66.31195705043119,197.33366437209048,0.007288045284531493,-0.0072880452844353944
2834.0,-66.693032,197.296625,483.0376021169902,483.0376021169902,-66.6915414633718,197.28531527232713,0.011407525563185143,-0.011407525563166198
2835.0,-67.072414,197.249558,483.4197525417096,483.4197525417096,-67.07020036533514,197.23378335545652,0.01592920553269101,-0.01592920553267464
2836.0,-67.453111,197.199162,483.80359825762594,483.80359825762594,-67.45010101290025,197.1788994358127,0.02048490980662087,-0.02048490980659696
2837.0,-67.831162,197.145585,484.1852346546644,484.1852346546644,-67.82737527257419,197.1213688207422,0.024510459857871474,-0.02451045985786199
2838.0,-68.208965,197.087602,484.56726619102864,484.56726619102864,-68.20459962751501,197.06095986612743,0.026997403101349373,-0.026997403101341994
2839.0,-68.59416,197.025003,484.9573128768672,484.9573128768672,-68.58928529904843,196.99651823460758,0.02889886795063971,-0.02889886794939917
2840.0,-68.962295,196.962267,485.33056328863034,485.33056328863034,-68.9569814085542,196.93237021619552,0.030365308098294568,-0.03036530809725007
2841.0,-69.337157,196.897497,485.71077096554455,485.71077096554455,-69.33111177695547,196.86466579319935,0.03338312240705469,-0.03338312240696502
2842.0,-69.712495,196.827168,486.0924458389352,486.0924458389352,-69.70626959358555,196.7944382361288,0.033316559367525506,-0.033316559366707944
2843.0,-70.086713,196.753925,486.4735829801093,486.4735829801093,-70.08049449982256,196.72218259205485,0.03234579117309948,-0.03234579117309925
2844.0,-70.46238,196.677434,486.8567916041096,486.8567916041096,-70.45636008901457,196.64752615245766,0.03050768219463374,-0.03050768219422621
2845.0,-70.834761,196.599182,487.2371581035288,487.2371581035288,-70.82906409371911,196.57156481317182,0.02819864800795695,-0.02819864800781209
2846.0,-71.205872,196.518896,487.6167256286005,487.6167256286005,-71.20063156019744,196.49404778124372,0.025394806254128537,-0.025394806252978165
2847.0,-71.577012,196.435298,487.9970435424079,487.9970435424079,-71.57259863368367,196.41478864111724,0.02097883705126324,-0.020978837050604295
2848.0,-71.947153,196.34897,488.37700611902926,488.37700611902926,-71.94390424439625,196.33414414042096,0.01517763239871568,-0.015177632398699334
2849.0,-72.313698,196.261166,488.7538218586585,488.7538218586585,-72.31184679058508,196.25285299527897,0.008516632185893472,-0.008516632185749735
2850.0,-72.683007,196.172107,489.13365220337545,489.13365220337545,-72.68246618608981,196.16971309853008,0.00245422980447782,-0.0024542298044778195
2851.0,-73.05133,196.08275,489.5126207511029,489.5126207511029,-73.05200231829754,196.08568858352183,0.003014512399701951,0.0030145123996722306
2852.0,-73.419707,195.992359,489.8918995162818,489.8918995162818,-73.42162421294012,196.00064759943234,0.008507442977043941,0.008507442977043823
2853.0,-73.78848,195.901992,490.2715816103445,490.2715816103445,-73.79144142414165,195.91466121251568,0.013010725526044214,0.013010725525902978
2854.0,-74.155177,195.811925,490.6491957258625,490.6491957258625,-74.15903873922153,195.82826351320352,0.016788687962934673,0.01678868796276721
2855.0,-74.522292,195.719775,491.02772065393964,491.02772065393964,-74.52729966246564,195.74071392320886,0.02152940288341375,0.02152940288338241
2856.0,-74.888865,195.626399,491.4060341636252,491.4060341636252,-74.89511406451662,195.65220639012878,0.02655319552506807,0.026553195524971013
2857.0,-75.252725,195.533214,491.78169702434417,491.78169702434417,-75.26009511151852,195.56326080269176,0.03093749983100997,0.030937499830929527
2858.0,-75.618675,195.439368,492.1595771791341,492.1595771791341,-75.62695409400895,195.4726639998927,0.03430986747953003,0.034309867479263886
2859.0,-75.984397,195.345943,492.5371566541032,492.5371566541032,-75.99322507436534,195.38094868837265,0.03610170515977079,0.03610170515975239
2860.0,-76.350009,195.253312,492.9144469800462,492.9144469800462,-76.35890000519643,195.28805255799656,0.03586023345317329,0.0358602334529393
2861.0,-76.717613,195.160055,493.29382268053445,493.29382268053445,-76.72625727177915,195.19331925545552,0.034369086772882064,0.034369086772882015
2862.0,-77.081797,195.068193,493.66952385379875,493.66952385379875,-77.08970038165822,195.0981336130436,0.030966171075237064,0.03096617107509054
2863.0,-77.446737,194.974987,494.04627633563024,494.04627633563024,-77.45378283196044,195.0012511419181,0.027192809687643076,0.027192809687641043
2864.0,-77.818986,194.87857,494.4308945678684,494.4308945678684,-77.82505291781615,194.90080471482867,0.023047560289546378,0.023047560289329312
2865.0,-78.175161,194.784979,494.7992256754602,494.7992256754602,-78.18018659247137,194.80309251220123,0.018797763269940645,0.018797763269820224
2866.0,-78.537422,194.690519,495.17361005711507,495.17361005711507,-78.54071742105116,194.70219180607654,0.012129064333452245,0.01212906433343015
2867.0,-78.900679,194.591979,495.5500114981757,495.5500114981757,-78.90271965303867,194.59907938721585,0.007387811816712981,0.00738781181670553
2868.0,-79.263429,194.492191,495.92622407379093,495.92622407379093,-79.26404264828788,194.49428760033427,0.0021845588073882666,0.0021845588073508195
2869.0,-79.627404,194.390246,496.3041662538057,496.3041662538057,-79.62649910886577,194.38721144165484,0.0031666026455676255,-0.003166602645535819
2870.0,-79.996649,194.283797,496.6883938951545,496.6883938951545,-79.99441271376594,194.2764408920625,0.007688517419409733,-0.00768851741939397
2871.0,-80.358038,194.176605,497.06527737619786,497.06527737619786,-80.35470593937491,194.16585332956276,0.011256155880230304,-0.011256155880221129
2872.0,-80.719486,194.066237,497.4431215134755,497.4431215134755,-80.71530322779337,194.05300200685298,0.013880224311383735,-0.01388022431137065
2873.0,-81.080233,193.953234,497.8210624927515,497.8210624927515,-81.07534709547201,193.9380785220859,0.015923585458735647,-0.015923585458689417
2874.0,-81.430862,193.841403,498.1889892797609,498.1889892797609,-81.42520053447782,193.82418242130916,0.01812734184337896,-0.018127341843366892
2875.0,-81.790928,193.724157,498.56754013318096,498.56754013318096,-81.78445458106026,193.70486419403858,0.020349877509067516,-0.02034987750902824
2876.0,-82.14997,193.603649,498.94613381008554,498.94613381008554,-82.14300436856902,193.5833127309828,0.021496135903255102,-0.021496135903255095
2877.0,-82.508277,193.480879,499.32474678271814,499.32474678271814,-82.50079295381728,193.4594796895171,0.02267027649605857,-0.02267027649597245
2878.0,-82.867927,193.354451,499.7058206910645,499.7058206910645,-82.86008774246251,193.33249912308113,0.02330963017725726,-0.023309630177257054
2879.0,-83.223561,193.22666,500.0835647032988,500.0835647032988,-83.21541289806237,193.2043036663963,0.023794898978278592,-0.023794898978278578
2880.0,-83.579138,193.094233,500.4628481094137,500.4628481094137,-83.57133900182583,193.07326167112507,0.022374561611378248,-0.022374561611378227
2881.0,-83.933437,192.957909,500.8423209864217,500.8423209864217,-83.92657766197706,192.9398276024497,0.01933875527238046,-0.019338755272374396
2882.0,-84.285067,192.81962,501.2200375211879,501.2200375211879,-84.27929681299463,192.80470365342936,0.015993512844026583,-0.015993512844024015
2883.0,-84.637334,192.678569,501.59938698671573,501.59938698671573,-84.63264573614295,192.66668174877518,0.012778362949753437,-0.01277836294974273
2884.0,-84.988925,192.534622,501.979215050286,501.979215050286,-84.98552535159175,192.5261654809997,0.009114292232654045,-0.009114292232648726
2885.0,-85.346646,192.385466,502.3667212714275,502.3667212714275,-85.34457748021073,192.3804188454291,0.005454589203721663,-0.005454589203718006
2886.0,-85.690623,192.238738,502.7406415468238,502.7406415468238,-85.69010454607164,192.2374960212559,0.001345847568131201,-0.0013458475681199238
2887.0,-86.038949,192.087463,503.1203809698229,503.1203809698229,-86.04005032870485,192.09005294808347,0.00281438376756082,0.0028143837675533084
2888.0,-86.386706,191.933239,503.5008087288837,503.5008087288837,-86.3896445715573,191.94002421613223,0.00739421130064566,0.007394211300628452
2889.0,-86.733898,191.77648,503.8817867692479,503.8817867692479,-86.73873789687545,191.787454274091,0.0119941358000348,0.01199413580002309
2890.0,-87.080034,191.617801,504.26263246798317,504.26263246798317,-87.08668517561264,191.63261369350246,0.016237426699714508,0.016237426699713724
2891.0,-87.424355,191.45846,504.64213469384237,504.64213469384237,-87.43238732819246,191.47605223353463,0.019339208280801972,0.019339208277983
2892.0,-87.776933,191.295078,505.03084043099284,505.03084043099284,-87.78550585934252,191.313574386258,0.020386520593583396,0.020386520593352064
2893.0,-88.115379,191.137127,505.4044265030492,505.4044265030492,-88.12407142584509,191.15565145396732,0.020462494028344325,0.020462494025322592
2894.0,-88.461509,190.974832,505.78679782449245,505.78679782449245,-88.46988002852748,190.99248272357022,0.01953515193594427,0.019535151931943637
2895.0,-88.806802,190.813884,506.16780632236066,506.16780632236066,-88.81384763531278,190.8286119612833,0.0163264760595359,0.01632647605916249
2896.0,-89.152104,190.652969,506.5487738708091,506.5487738708091,-89.15728906877713,190.663735724583,0.011950200687422554,0.01195020068651115
2897.0,-89.497707,190.490812,506.93052338990844,506.93052338990844,-89.50106547604288,190.49775248653887,0.0077103641111662185,0.007710364111166001
2898.0,-89.842741,190.327788,507.31212017569607,507.31212017569607,-89.84445675678721,190.33132376239777,0.003930068331003963,0.003930068330634978
2899.0,-90.185163,190.165035,507.6912404529101,507.6912404529101,-90.18549658085092,190.1657217657177,0.0007634941618191499,0.000763494161811495
2900.0,-90.530182,190.001225,508.07315806359236,508.07315806359236,-90.52905264168608,189.99889762868023,0.002586910795011632,-0.0025869107945280887
2901.0,-90.875208,189.838077,508.454800282023,508.454800282023,-90.87248485714319,189.83244919454856,0.0062520157723600315,-0.006252015771284231
2902.0,-91.227075,189.671796,508.8439802300188,508.8439802300188,-91.22295577458088,189.66324185931413,0.009494279379037879,-0.009494279379029587
2903.0,-91.566238,189.511461,509.21914706034136,509.21914706034136,-91.56114559844306,189.50082959416463,0.011788101783298503,-0.01178810178313148
2904.0,-91.911079,189.348568,509.60054498661174,509.60054498661174,-91.90527529534467,189.33639392529517,0.013486700213364183,-0.013486700213348923
2905.0,-92.255826,189.18385,509.9826416904906,509.9826416904906,-92.2503159904459,189.17224527300903,0.012846396141388949,-0.012846396141286298
2906.0,-92.600801,189.018241,510.36531960529317,510.36531960529317,-92.59611702537066,189.00834283153475,0.010950495755656115,-0.010950495755592832
2907.0,-92.943687,188.853348,510.74579487671474,510.74579487671474,-92.94011624827499,188.8457822135449,0.00836608585695056,-0.008366085856879606
2908.0,-93.301312,188.680202,511.1431137048539,511.1431137048539,-93.29949671375039,188.6763480835564,0.0042600394507909985,-0.00426003945074929
2909.0,-93.639663,188.519363,511.51774662307355,511.51774662307355,-93.6384555870789,188.51679651463888,0.0028363168142620924,-0.0028363168142548946
2910.0,-93.984775,188.355169,511.89992377033656,511.89992377033656,-93.9842939912716,188.35414606283558,0.001130384819042844,-0.0011303848190139265
2911.0,-94.331518,188.190614,512.2837299795227,512.2837299795227,-94.3316165701944,188.19082358311158,0.00023160562143107713,0.0002316056214259662
2912.0,-94.676924,188.027835,512.6655707159688,512.6655707159688,-94.67712586021237,188.02826381798212,0.0004739540137195849,0.00047395401371910887
2913.0,-95.022414,187.863399,513.0481943684048,513.0481943684048,-95.02326417030785,187.86520209672992,0.0019934762024773987,0.0019934762024395765
2914.0,-95.361143,187.701458,513.4236417300447,513.4236417300447,-95.36278983928102,187.70494282962318,0.0038543633871343744,0.003854363387133521
2915.0,-95.706063,187.536145,513.8061326881915,513.8061326881915,-95.70851415738463,187.54131517247853,0.0057217878309099,0.005721787830802195
2916.0,-96.05036,187.372557,514.1873264161944,514.1873264161944,-96.05283090222066,187.3777468218749,0.005748009122923064,0.005748009122861815
2917.0,-96.396032,187.207151,514.5705463628658,514.5705463628658,-96.39867291472035,187.21266872394867,0.006117165040581855,0.0061171650404946015
2918.0,-96.741624,187.04246,514.9533862130501,514.9533862130501,-96.7437972745997,187.04697185257152,0.005007987231687603,0.005007987231523146
2919.0,-97.088321,186.877081,515.3375137476813,515.3375137476813,-97.08963530355183,186.87978956004125,0.003010596506239856,0.0030105965062398534
2920.0,-97.440603,186.708154,515.7282024662718,515.7282024662718,-97.44084661964885,186.70865176805037,0.000554187301617071,0.0005541873015734244
2921.0,-97.784892,186.540106,516.1113133681474,516.1113133681474,-97.78464875742002,186.53961364903287,0.0005491597468466746,-0.0005491597467971135
2922.0,-98.142206,186.362398,516.5103774267221,516.5103774267221,-98.14205779759718,186.36210123489354,0.00033171294913112283,-0.00033171294912368986
2923.0,-98.471087,186.196249,516.878844539598,516.878844539598,-98.47134763639927,186.19676520975685,0.0005782766169381662,0.0005782766168448252
2924.0,-98.803604,186.027703,517.2516407581548,517.2516407581548,-98.8037341277777,186.02795769870474,0.00028601515470739726,0.00028601515463283803
2925.0,-99.145644,185.852148,517.6361036309798,517.6361036309798,-99.14563197907604,185.8521247977209,2.613136751297532e-05,-2.6131366436409747e-05
2926.0,-99.485514,185.674068,518.0198034504746,518.0198034504746,-99.48586851576002,185.67474315637483,0.0007625729831116683,0.0007625729830008412
2927.0,-99.824617,185.494467,518.4035374083688,518.4035374083688,-99.82508131111383,185.4953385970577,0.0009875556902957218,0.0009875556902692777
2928.0,-100.164368,185.313424,518.7885159810451,518.7885159810451,-100.16430714616261,185.31331142768127,0.00012796763836140157,-0.00012796763806463855
2929.0,-100.501138,185.1314,519.1713248905213,519.1713248905213,-100.50052445539488,185.1302809810097,0.001276181994533294,-0.0012761819945197024
2930.0,-100.837042,184.945287,519.555336610959,519.555336610959,-100.83668212506211,184.9446399957654,0.0007403542736422129,-0.0007403542736382884
2931.0,-101.171424,184.756689,519.9392361809334,519.9392361809334,-101.17160673991793,184.75701288814005,0.00037188359049134147,0.000371883590470214
2932.0,-101.555789,184.537581,520.3816714579626,520.3816714579626,-101.55616880134436,184.53824317155514,0.0007633611397100996,0.0007633611397086488
2933.0,-101.842603,184.373045,520.7123300099435,520.7123300099435,-101.84255901573191,184.37296924459082,8.759850374255147e-05,-8.759850372460536e-05
2934.0,-102.167198,184.182817,521.0885604683758,521.0885604683758,-102.16734615284732,184.18306862511335,0.0002920007942392323,0.000292000794223901
2935.0,-102.497272,183.987187,521.4722551427325,521.4722551427325,-102.49738201167087,183.987371238541,0.000214584267155377,0.00021458426699185644
2936.0,-102.828038,183.788393,521.8581650212047,521.8581650212047,-102.82808709954756,183.78847404102228,9.475448728397579e-05,9.475448680390405e-05
2937.0,-103.155378,183.589412,522.2412368649716,522.2412368649716,-103.1551146798343,183.58898337914263,0.0005030440826045681,-0.0005030440825611632
2938.0,-103.488416,183.383184,522.6329543583289,522.6329543583289,-103.48821943945632,183.3828686334704,0.0003716074478924481,-0.00037160744775225057
2939.0,-103.807343,183.182359,523.0098427429587,523.0098427429587,-103.80745009805872,183.18252845665884,0.0002004633468021065,0.00020046334648828957
2940.0,-104.130091,182.976325,523.3927510482575,523.3927510482575,-104.13049034369482,182.97694810715905,0.0007400931821375705,0.0007400931821195183
2941.0,-104.451745,182.769059,523.7754047343883,523.7754047343883,-104.45199713312995,182.7694469419916,0.0004626771056107527,0.0004626771055348546
2942.0,-104.773527,182.559658,524.1593209535896,524.1593209535896,-104.7732190780886,182.559190863237,0.0005594932161095128,-0.0005594932160936769
2943.0,-105.093567,182.34915,524.5423748456305,524.5423748456305,-105.09235502073798,182.3473370781448,0.0021807290947461516,-0.0021807290947446437
2944.0,-105.413449,182.135955,524.9267683612027,524.9267683612027,-105.41121528733312,182.13266061459493,0.003980257212205366,-0.003980257212197273
2945.0,-105.730598,181.922366,525.3090930799717,525.3090930799717,-105.72695467826527,181.91706768486927,0.006430080597272236,-0.006430080597268901
2946.0,-106.045342,181.70541,525.6913221741088,525.6913221741088,-106.04119256080229,181.6994599840604,0.007254001332845862,-0.0072540013328458615
2947.0,-106.358093,181.484061,526.0744328420764,526.0744328420764,-106.35470544773892,181.47927160993444,0.005866324873507645,-0.005866324873507571
2948.0,-106.668646,181.259936,526.4573768844353,526.4573768844353,-106.66660866032153,181.2570960343856,0.0034951620358006524,-0.003495162035770944
2949.0,-106.97556,181.035464,526.8375970709961,526.8375970709961,-106.97481310686332,181.03443737416586,0.0012695707782233946,-0.0012695707781727374
2950.0,-107.284112,180.808065,527.2208857747372,527.2208857747372,-107.28398858843411,180.8078977591835,0.0002078458690832111,-0.00020784586907021942
2951.0,-107.591048,180.579474,527.6035917523191,527.6035917523191,-107.59115126923896,180.57961198505024,0.0001723496730575242,0.0001723496726989044
2952.0,-107.903417,180.343935,527.994813730021,527.994813730021,-107.90354554680233,180.34410430697267,0.0002125773538907855,0.0002125773536982372
2953.0,-108.201566,180.115992,528.3701169032402,528.3701169032402,-108.20175325550933,180.11623551068348,0.00030718411212424755,0.00030718411208612674
2954.0,-108.503735,179.881492,528.7526075732686,528.7526075732686,-108.5042508347751,179.88215455275073,0.0008396794999860743,0.0008396794998987101
2955.0,-108.804291,179.643841,529.1357740998998,529.1357740998998,-108.80591226971185,179.64589922784742,0.0026200796458168527,0.0026200796457815172
2956.0,-109.102733,179.403691,529.5188509959087,529.5188509959087,-109.10620209790862,179.40804720313616,0.005568765218882879,0.005568765218824094
2957.0,-109.398226,179.163308,529.8997945718418,529.8997945718418,-109.40360112588601,179.16998936725236,0.008575117879737483,0.008575117879708622
2958.0,-109.694894,178.921159,530.2827810820122,530.2827810820122,-109.70144376869624,178.9292235745306,0.010389265245139058,0.010389265245109478
2959.0,-109.990998,178.678273,530.6658035102931,530.6658035102931,-109.9982352162203,178.68710626054911,0.011419447909069153,0.011419447908951478
2960.0,-110.286576,178.43487,531.0487479705931,531.0487479705931,-110.2939643365876,178.4438151634996,0.01160187345072833,0.011601873450727777
2961.0,-110.582927,178.190733,531.4327482760369,531.4327482760369,-110.58958148553546,178.19873032890857,0.010403818886043177,0.010403818885837534
2962.0,-110.878286,177.948136,531.814982670318,531.814982670318,-110.88299621359614,177.95375930852083,0.00733537394013778,0.007335373940115321
2963.0,-111.172691,177.703139,532.1980090111991,532.1980090111991,-111.17625558972631,177.70736934967064,0.005531921750429531,0.005531921750237189
2964.0,-111.466459,177.456603,532.581529389335,532.581529389335,-111.46920913680387,177.45984961750162,0.004254853421893233,0.004254853421728495
2965.0,-111.758368,177.210689,532.963221062577,532.963221062577,-111.76016784871655,177.212804073723,0.0027772274404754545,0.002777227440475454
2966.0,-112.050315,176.963096,533.3460234737917,533.3460234737917,-112.05145658058406,176.9644323435261,0.001757560880786229,0.001757560880713622
2967.0,-112.343438,176.716537,533.7290407209756,533.7290407209756,-112.34247409344493,176.71541228664373,0.001481248115834705,-0.001481248115756808
2968.0,-112.635843,176.469119,534.1120638409706,534.1120638409706,-112.63314498104072,176.46597867420158,0.004140163333117824,-0.004140163333097299
2969.0,-112.929083,176.220494,534.4965025027292,534.4965025027292,-112.92462173756488,176.21531081606196,0.0068387322107748335,-0.006838732210654007
2970.0,-113.221262,175.974237,534.8785897747208,534.8785897747208,-113.21413352918525,175.9659644663527,0.010920160672006723,-0.010920160672006721
2971.0,-113.512809,175.725846,535.2615923130899,535.2615923130899,-113.50424098448224,175.71590725663054,0.013122100048254572,-0.01312210004805078
2972.0,-113.803517,175.475706,535.6451052896191,535.6451052896191,-113.79472159175288,175.46550114682915,0.013472128060263513,-0.01347212806018188
2973.0,-114.09292,175.225086,536.0279472126226,536.0279472126226,-114.08476499544473,175.2156156540286,0.012497661865915726,-0.012497661865788247
2974.0,-114.380668,174.974282,536.409657165539,536.409657165539,-114.37410534505548,174.96664850205704,0.010066714000396458,-0.010066714000112227
2975.0,-114.671132,174.724799,536.792566736775,536.792566736775,-114.66459389249044,174.71717680404313,0.010042147231106368,-0.01004214723110437
2976.0,-114.961506,174.475021,537.1755999253377,537.1755999253377,-114.9554775945064,174.46797592542512,0.009272256929182125,-0.009272256929106864
2977.0,-115.253029,174.224395,537.5600538332363,537.5600538332363,-115.24772009215148,174.21817777302425,0.008175476366050188,-0.008175476365947074
2978.0,-115.543625,173.976547,537.9419963157593,537.9419963157593,-115.53828756945903,173.97028547308096,0.008227690085175755,-0.008227690085165627
2979.0,-115.834878,173.728398,538.3246325520275,538.3246325520275,-115.82957333939893,173.7221663809308,0.008183672788931695,-0.008183672788890449
2980.0,-116.126128,173.479555,538.7077145549684,538.7077145549684,-116.12134615179728,173.4739317263789,0.007381549867846169,-0.007381549867845956
2981.0,-116.416821,173.230308,539.0906316603116,539.0906316603116,-116.41309781573159,173.2259267369574,0.005749571022694793,-0.005749571022674595
2982.0,-116.709818,172.979117,539.4765615272286,539.4765615272286,-116.70720682508306,172.9760432588947,0.004033127673321791,-0.004033127673301659
2983.0,-116.988496,172.740876,539.8431932960103,539.8431932960103,-116.98662659173083,172.73867551092866,0.0028873585558226744,-0.0028873585557949244
2984.0,-117.263745,172.507215,540.2042460645977,540.2042460645977,-117.26177361986029,172.5048952415948,0.003044276385902176,-0.003044276385902175
2985.0,-117.531155,172.279775,540.555296476397,540.555296476397,-117.52924382698934,172.2775275240178,0.0029502085633331004,-0.0029502085632965224
2986.0,-117.793523,172.058009,540.8988293770744,540.8988293770744,-117.7909022017649,172.05492979968267,0.0040435204937465845,-0.004043520493714043
2987.0,-118.046196,171.842729,541.2307745896607,541.2307745896607,-118.04362599752336,171.83971292220562,0.0039625292417324025,-0.003962529241699455
2988.0,-118.291838,171.630911,541.5551236059262,541.5551236059262,-118.29043602676754,171.6292679416542,0.00215990038478955,-0.0021599003847632705
2989.0,-118.53802,171.417193,541.8811197705116,541.8811197705116,-118.53834264984505,171.41757051647613,0.0004966101209818251,0.0004966101209750279
2990.0,-118.784765,171.201669,542.2087226345102,542.2087226345102,-118.78728567382565,171.2046127751802,0.003875514010671391,0.0038755140106543364
2991.0,-119.030292,170.987187,542.5347295026116,542.5347295026116,-119.03480429321299,170.9924453852187,0.006929026277055632,0.0069290262770548335
2992.0,-119.278954,170.769461,542.8652360123989,542.8652360123989,-119.28549591492613,170.77706606664103,0.010031634438868594,0.01003163443886854
2993.0,-119.533291,170.546041,543.2037678859499,543.2037678859499,-119.54199134161695,170.5561273694885,0.013320315075484035,0.01332031507547865
2994.0,-119.778817,170.330568,543.5304465409752,543.5304465409752,-119.78920546362647,170.34257619715248,0.015878191816808697,0.015878191816808572
2995.0,-120.031992,170.10915,543.8668084792497,543.8668084792497,-120.04340947465349,170.1223044336634,0.017418319450159515,0.01741831945015015
2996.0,-120.285192,169.889362,544.2021251265537,544.2021251265537,-120.29645229531567,169.90228953303767,0.017143959899519324,0.01714395989944094
2997.0,-120.538949,169.667397,544.53929446526,544.53929446526,-120.55048885308581,169.68059479551138,0.017531400845409793,0.017531400845349102
2998.0,-120.793484,169.443361,544.8784177563301,544.8784177563301,-120.80555725945428,169.4571117422602,0.018298811615953262,0.018298811615773874
2999.0,-121.048499,169.217982,545.2187935940641,545.2187935940641,-121.06109172526159,169.23226112075193,0.019038645407741393,0.01903864540758217
3000.0,-121.303093,168.992984,545.5586058004634,545.5586058004634,-121.31569503462916,169.00720681815483,0.019002627004166776,0.019002627004036217
3001.0,-121.559448,168.767044,545.9003603465663,545.9003603465663,-121.57120878912004,168.7802512453333,0.017684668219098833,0.01768466821901202
3002.0,-121.817104,168.539459,546.244175174386,546.244175174386,-121.82767788214694,168.55127051982362,0.015853043373475675,0.015853043373432484
3003.0,-122.075529,168.310548,546.5894386431294,546.5894386431294,-122.08460259323408,168.32062689991858,0.013561501308705256,0.01356150130869281
3004.0,-122.334627,168.080584,546.9358938467037,546.9358938467037,-122.34174934244763,168.0884487959363,0.010610503148351273,0.01061050314834801
3005.0,-122.594844,167.850081,547.2835198456005,547.2835198456005,-122.59905984217487,167.85470738649943,0.006259135506251736,0.006259135506242994
3006.0,-122.854187,167.617774,547.6316909122445,547.6316909122445,-122.85602916892279,167.61978239533994,0.002725295980550048,0.0027252959805129304
3007.0,-123.129694,167.36926,548.0027052034126,548.0027052034126,-123.12899628074902,167.3685048370582,0.00102814552562163,-0.0010281455256021801
3008.0,-123.373931,167.147459,548.332599122318,548.332599122318,-123.37092721090366,167.14422973394335,0.004410318378521077,-0.004410318378505969
3009.0,-123.632693,166.910629,548.6833386486904,548.6833386486904,-123.62730002112579,166.90487422880915,0.007886799895822928,-0.007886799895822926
3010.0,-123.891395,166.673323,549.0343286996105,549.0343286996105,-123.88294536280611,166.66437615490003,0.012306193804402161,-0.012306193804401618
3011.0,-124.149794,166.431974,549.3878444682123,549.3878444682123,-124.13946951339422,166.42113020823646,0.014972736673162559,-0.014972736673153318
3012.0,-124.407232,166.188653,549.7420023595058,549.7420023595058,-124.39545187698468,166.17638409665983,0.01700874150035897,-0.01700874150035351
3013.0,-124.664095,165.942561,550.0976481574445,550.0976481574445,-124.65145290726937,165.92950921501986,0.018170624639177776,-0.01817062463914173
3014.0,-124.92073,165.694743,550.4543169393353,550.4543169393353,-124.90708412997981,165.68078229208754,0.019522067872660993,-0.01952206787263383
3015.0,-125.175142,165.444494,550.8110875275238,550.8110875275238,-125.1616368505955,165.43080642376734,0.019228593384916864,-0.019228593384831627
3016.0,-125.428807,165.191412,551.1693197592137,551.1693197592137,-125.4160296588956,165.1785875093077,0.01810325957433083,-0.018103259574233532
3017.0,-125.68119,164.936219,551.52814526553,551.52814526553,-125.66959073610487,164.92469332581425,0.01635188332715862,-0.016351883327148584
3018.0,-125.931691,164.680251,551.8862097369208,551.8862097369208,-125.92131875971332,164.67005066191575,0.014547517506353254,-0.0145475175063269
3019.0,-126.182712,164.423341,552.2453186093664,552.2453186093664,-126.17243564517422,164.41334228724514,0.014337981910271509,-0.014337981910266567
3020.0,-126.432291,164.162431,552.606298850752,552.606298850752,-126.42345649487768,164.15392960193745,0.01226059744768831,-0.012260597447685033
3021.0,-126.681105,163.900457,552.9675325661408,552.9675325661408,-126.67319634841769,163.8929325575745,0.01091622662208588,-0.010916226622077401
3022.0,-126.934968,163.630616,553.3379564596819,553.3379564596819,-126.92772571815541,163.62380757351977,0.009940086390626789,-0.009940086390624433
3023.0,-127.18169,163.36444,553.7008330852001,553.7008330852001,-127.17548359596486,163.35867536601882,0.008470564088917413,-0.008470564088812468
3024.0,-127.421654,163.101328,554.0568872172655,554.0568872172655,-127.41701004490615,163.09706661535472,0.006302834125115778,-0.006302834125060405
3025.0,-127.665064,162.830212,554.4211981453025,554.4211981453025,-127.66248088428048,162.82787135284124,0.0034858450829266274,-0.0034858450829247972
3026.0,-127.9072,162.557059,554.7861985426472,554.7861985426472,-127.9067136954934,162.55662388798814,0.0006525446620904346,-0.0006525446619922801
3027.0,-128.147107,162.28446,555.1493291943765,555.1493291943765,-128.14798687151173,162.28523727645663,0.0011740240913982861,0.0011740240913975207
3028.0,-128.388093,162.009086,555.5152690958264,555.5152690958264,-128.38938468468092,162.01021244630675,0.0017138642294338604,0.0017138642294088672
3029.0,-128.623301,161.735826,555.8758288957947,555.8758288957947,-128.62550533011378,161.73772394760474,0.0029088273171235034,0.00290882731711731
3030.0,-128.850617,161.469677,556.2258594473844,556.2258594473844,-128.85307269107773,161.47176511632614,0.003223452878632319,0.0032234528786175463
3031.0,-129.071386,161.208234,556.5680660938234,556.5680660938234,-129.07395821417103,161.21039445824914,0.0033591465564864497,0.003359146556462924
3032.0,-129.284328,160.950922,556.9020843959403,556.9020843959403,-129.28802201013997,160.9539873728002,0.004800231381779631,0.004800231381773812
3033.0,-129.495494,160.691764,557.2364098384112,557.2364098384112,-129.50074761915792,160.69607074211828,0.006793271813323705,0.0067932718133213625
3034.0,-129.705831,160.430013,557.5722410662011,557.5722410662011,-129.71286977265174,160.4357123972108,0.009056900629332542,0.00905690062933169
3035.0,-129.915332,160.166166,557.9092027024964,557.9092027024964,-129.92411709337776,160.17319122122396,0.011248626533997502,0.011248626533997278
3036.0,-130.123314,159.902303,558.2452498386732,558.2452498386732,-130.13318996097644,159.9101021337342,0.01258416036977993,0.012584160369779598
3037.0,-130.332264,159.63707,558.5829771166775,558.5829771166775,-130.3416806656365,159.644412495744,0.011940931096865446,0.011940931096854073
3038.0,-130.54801,159.357344,558.936317373414,558.936317373414,-130.55804511230116,159.36506444958556,0.012661311965975532,0.01266131196594776
3039.0,-130.746824,159.097903,559.2632518005081,559.2632518005081,-130.75661613192528,159.10534277200887,0.012297806925870802,0.012297806925857266
3040.0,-130.953821,158.82561,559.6053646009449,559.6053646009449,-130.96271705011802,158.83228015770976,0.011118934821964244,0.011118934821935784
3041.0,-131.159642,158.550763,559.9488028146437,559.9488028146437,-131.1678608319378,158.55684334811926,0.010223494102959191,0.010223494102929392
3042.0,-131.399047,158.224986,560.353164338258,560.353164338258,-131.40711523240626,158.23086053649956,0.009980308274101277,0.009980308274084401
3043.0,-131.568063,157.990608,560.642183014037,560.642183014037,-131.57659543817067,157.99674934332694,0.010512782647598033,0.010512782647590355
3044.0,-131.76355,157.715309,560.9798987580192,560.9798987580192,-131.7730006307589,157.72201940822302,0.011590685927096714,0.011590685927067293
3045.0,-131.965843,157.42726,561.3319658872837,561.3319658872837,-131.97586158503015,157.43427258649146,0.012228998949483419,0.012228998949482883
3046.0,-132.161353,157.1458,561.6747484784925,561.6747484784925,-132.17149830554487,157.15280188214135,0.012326945206343583,0.012326945206339007
3047.0,-132.358695,156.860231,562.0219465564758,562.0219465564758,-132.36774889620656,156.866390007399,0.010950178476164606,0.010950178476159077
3048.0,-132.550501,156.579375,562.3621119615729,562.3621119615729,-132.55814342788952,156.58449994692583,0.009201727285631641,0.009201727285631029
3049.0,-132.745377,156.290948,562.7102492450219,562.7102492450219,-132.75105097696064,156.29469694498835,0.006800632549678158,0.006800632549632871
3050.0,-132.944359,155.993392,563.068228726564,563.068228726564,-132.94734549388033,155.99533552165374,0.0035632039116353206,0.0035632039116339385
3051.0,-133.132067,155.708123,563.4097174261636,563.4097174261636,-133.1326796212239,155.70851607434048,0.0007278819966922077,0.0007278819966889786
3052.0,-133.322595,155.414015,563.760133024861,563.760133024861,-133.3209602828458,155.41298085223562,0.001934363402486578,-0.0019343634023721197
3053.0,-133.511366,155.117731,564.1114174433657,564.1114174433657,-133.50782776469168,155.11552347344343,0.0041704055672089355,-0.004170405567064782
3054.0,-133.698688,154.819563,564.4635068486689,564.4635068486689,-133.693286373145,154.81623819188817,0.006342863837489254,-0.006342863837346351
3055.0,-133.883402,154.522106,564.81359778754,564.81359778754,-133.87592101755615,154.517561258377,0.00875327223071647,-0.008753272230714874
3056.0,-134.068235,154.22049,565.1672787406768,565.1672787406768,-134.0586889065644,154.21476465489997,0.01113137351791491,-0.011131373517792222
3057.0,-134.250487,153.916655,565.5215181526243,565.5215181526243,-134.2400480604374,153.91047185588852,0.012132713228897926,-0.012132713228828296
3058.0,-134.431458,153.610471,565.8771191741922,565.8771191741922,-134.42045255519596,153.60403097755594,0.012751223643807756,-0.01275122364378379
3059.0,-134.615966,153.295455,566.2421212300495,566.2421212300495,-134.60396575921357,153.28851694512252,0.01386154336338488,-0.013861543363384745
3060.0,-134.793861,152.987032,566.5981017633596,566.5981017633596,-134.7813825261871,152.97989876499918,0.014373425140734914,-0.014373425140727166
3061.0,-134.970909,152.67609,566.9558477654034,566.9558477654034,-134.95818680461517,152.66889681116197,0.01461493144251399,-0.0146149314424827
3062.0,-135.146777,152.363288,567.3146339991101,567.3146339991101,-135.13406345340422,152.35617528990008,0.014567941241242376,-0.014567941241242378
3063.0,-135.321233,152.048938,567.6740867167184,567.6740867167184,-135.3088808151385,152.04209735669426,0.014119875059254081,-0.014119875059212268
3064.0,-135.489649,151.742035,568.0241073908594,568.0241073908594,-135.47783733138067,151.73555534224198,0.013472248521810911,-0.0134722485217804
3065.0,-135.662002,151.425111,568.3848135872292,568.3848135872292,-135.65069894414714,151.4189678208593,0.012864591776167061,-0.012864591776166234
3066.0,-135.832275,151.107096,568.7454959474206,568.7454959474206,-135.8223409498032,151.10174449280876,0.011283792914216028,-0.01128379291420845
3067.0,-136.001706,150.78796,569.1067794160307,569.1067794160307,-135.9931224115889,150.78337473098955,0.009731530296391048,-0.00973153029634216
3068.0,-136.170552,150.467654,569.4688312139458,569.4688312139458,-136.16318109137322,150.46374771006487,0.008342025835585937,-0.008342025835582042
3069.0,-136.341978,150.141508,569.8372592216399,569.8372592216399,-136.3351865504382,150.13793609448743,0.007673480054131482,-0.0076734800540706125
3070.0,-136.508836,149.820351,570.1991531754664,570.1991531754664,-136.50317907396553,149.81739646024016,0.006382015148205876,-0.006382015148205202
3071.0,-136.677967,149.491541,570.5688924386687,570.5688924386687,-136.6738976231512,149.48942966816605,0.00458449016256659,-0.0045844901625663416
3072.0,-136.839373,149.175153,570.9240588319234,570.9240588319234,-136.83708122267814,149.17397092314042,0.0025786719440311174,-0.0025786719440307176
3073.0,-137.005884,148.846087,571.2928435399394,571.2928435399394,-137.0057541792505,148.8460204139279,0.0001459011035086805,-0.00014590110350863597
3074.0,-137.163,148.53495,571.64139672982,571.64139672982,-137.16451781449157,148.53572475463426,0.0017041143078129453,0.0017041143078129445
3075.0,-137.325955,148.210118,572.0048100874733,572.0048100874733,-137.3294286660648,148.21188275619434,0.003896244391125303,0.0038962443911192504
3076.0,-137.489276,147.884421,572.369167326497,572.369167326497,-137.49415546951013,147.88688854082724,0.005467904574379192,0.00546790457437717
3077.0,-137.652474,147.558579,572.7336030275148,572.7336030275148,-137.6583212843455,147.56152270099457,0.006546457802692571,0.006546457802692199
3078.0,-137.816121,147.233385,573.0976629454731,573.0976629454731,-137.82173915874807,147.23620103130136,0.0062844045070880325,0.006284404507085362
3079.0,-137.979138,146.906708,573.4627661393736,573.4627661393736,-137.9850615537605,146.9096645008956,0.006620376628174376,0.006620376628167014
3080.0,-138.141514,146.578717,573.8287604887846,573.8287604887846,-138.1482331713276,146.58205672182382,0.007503399575531973,0.0075033995755293
3081.0,-138.302704,146.251189,574.193815150898,574.193815150898,-138.3104551318115,146.25502627371046,0.008648971839932552,0.008648971839924757
3082.0,-138.466453,145.915569,574.5672617518213,574.5672617518213,-138.47587584868802,145.9202153991905,0.010506145955335907,0.010506145955334684
3083.0,-138.624849,145.592316,574.9272517801944,574.9272517801944,-138.6348452784591,145.59722698130682,0.01113747370041172,0.01113747370039879
3084.0,-138.786011,145.261626,575.2951384121673,575.2951384121673,-138.79682176915017,145.26691778179975,0.012036431540714609,0.012036431540698594
3085.0,-138.947648,144.928843,575.6651156879743,575.6651156879743,-138.95924722730584,144.93450067450104,0.01290547770725625,0.012905477707242475
3086.0,-139.109455,144.597975,576.033445906413,576.033445906413,-139.12049786901335,144.60334306776647,0.012278481485574524,0.012278481485572902
3087.0,-139.271419,144.266102,576.4027461185831,576.4027461185831,-139.28173871518763,144.27110216452908,0.01146726501270475,0.011467265012696352
3088.0,-139.433117,143.933072,576.7729692078923,576.7729692078923,-139.44296404218704,143.93782823405485,0.010935538496919694,0.010935538496903837
3089.0,-139.594139,143.599395,577.1434795546071,577.1434795546071,-139.60391330239733,143.60410194341463,0.01084860837448292,0.010848608374466821
3090.0,-139.753053,143.268046,577.5109774431527,577.5109774431527,-139.7631756103115,143.27290683224217,0.011229199864861093,0.01122919986484915
3091.0,-139.913253,142.933469,577.8819420634483,577.8819420634483,-139.92357646170512,142.93841273135052,0.011446149625239163,0.011446149625238834
3092.0,-140.074436,142.599922,578.2524003072859,578.2524003072859,-140.0834119620067,142.60420933251734,0.009947316927698405,0.009947316927691872
3093.0,-140.235041,142.266136,578.6228218540606,578.6228218540606,-140.24290396872613,142.26988252852965,0.008709922686893112,0.008709922686879609
3094.0,-140.396431,141.931105,578.9947017914149,578.9947017914149,-140.40271293061295,141.93409126258575,0.006955603241766972,0.006955603241757792
3095.0,-140.557795,141.597748,579.3650543770623,579.3650543770623,-140.56157440526414,141.59954072591054,0.004183033628953976,0.004183033628953809
3096.0,-140.718475,141.263598,579.735826066308,579.735826066308,-140.72034318681688,141.26448235403583,0.002066931068855178,0.0020669310688486917
3097.0,-140.878752,140.928688,580.1071092106507,580.1071092106507,-140.87907641578445,140.92884128200978,0.00035880492713108995,0.00035880492713042934
3098.0,-141.038267,140.594484,580.4774261638142,580.4774261638142,-141.0371614056432,140.59396253281267,0.0012224021062024195,-0.0012224021062006477
3099.0,-141.200946,140.255246,580.8536432125373,580.8536432125373,-141.1975436998488,140.2536438839245,0.003760641200394372,-0.0037606412003917777
3100.0,-141.360744,139.919814,581.2251864684899,581.2251864684899,-141.35571883661967,139.9174519568882,0.0055526133181748,-0.005552613318158885
3101.0,-141.517058,139.591284,581.5889973739339,581.5889973739339,-141.51034298175557,139.5881348752516,0.007416768616042751,-0.007416768615950366
3102.0,-141.680124,139.248476,581.9685961764105,581.9685961764105,-141.67133297533536,139.24436539182526,0.009704597581599183,-0.009704597581404933
3103.0,-141.842433,138.906648,582.3469787245343,582.3469787245343,-141.83138474325753,138.90149987416385,0.012188813587560283,-0.01218881358751682
3104.0,-141.994379,138.584273,582.7033442108572,582.7033442108572,-141.98167194027806,138.57837436282233,0.014009399963270016,-0.014009399963268988
3105.0,-142.151664,138.247361,583.0751349426386,583.0751349426386,-142.13792951378775,138.2410141913342,0.015130039383797996,-0.015130039383664834
3106.0,-142.307551,137.90982,583.4469048229456,583.4469048229456,-142.29356316236542,137.90338870482114,0.015395491527352183,-0.015395491527351974
3107.0,-142.461629,137.574614,583.8157932368117,583.8157932368117,-142.44731326205795,137.56806868058578,0.015741078713331854,-0.01574107871311704
3108.0,-142.616037,137.236211,584.1877219947113,584.1877219947113,-142.60157744166875,137.2296406947472,0.015882308970990407,-0.015882308970974743
3109.0,-142.767561,136.896737,584.5594342471829,584.5594342471829,-142.7549256975408,136.89103437837701,0.013862566919951008,-0.013862566919890702
3110.0,-142.918605,136.557215,584.9309992259076,584.9309992259076,-142.90731684432396,136.552157725435,0.012369255619997892,-0.012369255619810268
3111.0,-143.069704,136.215634,585.3044709241807,585.3044709241807,-143.05951503393268,136.21110535542135,0.01115005162502032,-0.011150051624847706
3112.0,-143.221987,135.868653,585.6833624570148,585.6833624570148,-143.2128486569537,135.8646266829136,0.009986017369916991,-0.009986017369902405
3113.0,-143.369409,135.526986,586.0554410242624,586.0554410242624,-143.36229980988486,135.52388237565933,0.007757130148518434,-0.007757130148498037
3114.0,-143.512365,135.190936,586.4206012625483,586.4206012625483,-143.50781747563715,135.18896974121867,0.004954407272893855,-0.00495440727285813
3115.0,-143.656246,134.848149,586.7923334028244,586.7923334028244,-143.65470769559036,134.84749077521897,0.0016732125743953762,-0.0016732125743725045
3116.0,-143.799501,134.507543,587.1618325038955,587.1618325038955,-143.79939769786824,134.50749928735314,0.00011217007586235651,-0.00011217007574796648
3117.0,-143.942058,134.162236,587.5354057337942,587.5354057337942,-143.94427390037973,134.16316276698404,0.0024018974864807854,0.002401897486476896
3118.0,-144.082082,133.817115,587.907855185151,587.907855185151,-144.08722985745817,133.8192413146985,0.005569708305337332,0.005569708305216517
3119.0,-144.221771,133.470459,588.2816217600678,588.2816217600678,-144.22912649482,133.47345735173545,0.007943136482318952,0.00794313648230982
3120.0,-144.360287,133.124672,588.6541601457034,588.6541601457034,-144.3689221645824,133.1281433605372,0.009306793827310825,0.009306793827284804
3121.0,-144.497332,132.778529,589.0264938567647,589.0264938567647,-144.50693549828532,132.78233355379027,0.010329656763859617,0.010329656763857498
3122.0,-144.632715,132.431088,589.3994356249252,589.3994356249252,-144.6433897541191,132.4352521764178,0.011458217171201815,0.01145821717118314
3123.0,-144.768897,132.076095,589.7797192158639,589.7797192158639,-144.7806129850731,132.08059033070123,0.01254879692824427,0.012548796928232015
3124.0,-144.897838,131.737376,590.1422180945195,590.1422180945195,-144.90955893866794,131.74180121263075,0.012528483949972281,0.012528483949922144
3125.0,-145.029366,131.388433,590.5151922598131,590.5151922598131,-145.04034416484527,131.39250962476345,0.011710635031100054,0.011710635031088443
3126.0,-145.158112,131.038689,590.8879436568232,590.8879436568232,-145.16916438972805,131.0427259408034,0.011766571707642065,0.011766571707641988
3127.0,-145.286025,130.688862,591.2604805945875,591.2604805945875,-145.2960513689911,130.69246439949885,0.01065388930368124,0.010653889303676755
3128.0,-145.413439,130.336553,591.6351689284977,591.6351689284977,-145.4218223567659,130.33951583129183,0.008891515052440239,0.00889151505240384
3129.0,-145.538924,129.986489,592.0070741643492,592.0070741643492,-145.5448515264434,129.9885499747431,0.006275602491308717,0.006275602491306522
3130.0,-145.662323,129.634675,592.3799236540565,592.3799236540565,-145.6664112982404,129.63607348613067,0.004320873286769656,0.004320873286762584
3131.0,-145.783761,129.281629,592.7532862110813,592.7532862110813,-145.78637677665623,129.28250934481963,0.002759944658267411,0.002759944658262455
3132.0,-145.903042,128.928848,593.1256946072745,593.1256946072745,-145.9043058026367,128.9292665253579,0.0013313003341740583,0.0013313003341642923
3133.0,-146.021499,128.576663,593.497258601318,593.497258601318,-146.02027173208376,128.57626305888402,0.0012907902364443981,-0.0012907902364316035
3134.0,-146.137951,128.221359,593.8711473163881,593.8711473163881,-146.13527988071485,128.2205024063921,0.0028051079916064604,-0.0028051079915845396
3135.0,-146.252647,127.865274,594.2452302935642,594.2452302935642,-146.2486844627104,127.86402347612506,0.004155178905082186,-0.004155178905073557
3136.0,-146.365957,127.506617,594.6213383740305,594.6213383740305,-146.36105262859974,127.5050939013984,0.005135434566035393,-0.005135434565998346
3137.0,-146.477316,127.149085,594.9957831596488,594.9957831596488,-146.47128538920992,127.14724283385792,0.006305699215505956,-0.006305699215500569
3138.0,-146.586431,126.791106,595.3699893961542,595.3699893961542,-146.57973349370698,126.7890961655185,0.006992569283753745,-0.006992569283736674
3139.0,-146.692854,126.431696,595.7447893075527,595.7447893075527,-146.6865320085286,126.4298347901793,0.006590271478583957,-0.006590271478479764
3140.0,-146.796755,126.071632,596.119510198121,596.119510198121,-146.79138092819522,126.07008195838344,0.005593145517133718,-0.005593145516924384
3141.0,-146.898028,125.71394,596.4912323712601,596.4912323712601,-146.89338307179494,125.71262907732233,0.0048263729960535675,-0.004826372995994643
3142.0,-146.99907,125.35266,596.8663464142006,596.8663464142006,-146.99418304489586,125.35131275767567,0.005069259518924768,-0.005069259518924584
3143.0,-147.097121,124.991044,597.2409892281565,597.2409892281565,-147.09261086703665,124.98983145110124,0.004670286305873742,-0.004670286305852079
3144.0,-147.193024,124.629101,597.6153923251677,597.6153923251677,-147.18862582965065,124.62794984457118,0.004546323926352414,-0.0045463239261736305
3145.0,-147.286744,124.264289,597.9920205880904,597.9920205880904,-147.28273144380776,124.2632685945038,0.004140269867115398,-0.004140269867072789
3146.0,-147.377467,123.901939,598.3655264421838,598.3655264421838,-147.37349082137862,123.9009582821031,0.004095339304910107,-0.004095339304894435
3147.0,-147.46512,123.537861,598.7399792815329,598.7399792815329,-147.46180485863462,123.53706968900555,0.003408274543295732,-0.0034082745432942353
3148.0,-147.549953,123.172747,599.1147956701599,599.1147956701599,-147.54741066948512,123.17216111828333,0.0026089656633952025,-0.0026089656633943867
3149.0,-147.63376,122.801457,599.4954077004014,599.4954077004014,-147.63140735449528,122.80093432436698,0.0024100063668399067,-0.0024100063668322422
3150.0,-147.711957,122.44365,599.8616430290296,599.8616430290296,-147.70953477630945,122.44313011954249,0.0024773863843195756,-0.0024773863840545003
3151.0,-147.790333,122.069876,600.2435303085791,600.2435303085791,-147.78832748177894,122.06946048391534,0.0020481105809126835,-0.002048110580912478
3152.0,-147.864083,121.702947,600.6177866524333,600.6177866524333,-147.86303950719537,121.70273793686475,0.0010642295935678894,-0.0010642295935560393
3153.0,-147.933897,121.340974,600.9864262341723,600.9864262341723,-147.93434387366915,121.34106071242034,0.0004552088751541021,0.0004552088750852442
3154.0,-148.002865,120.97382,601.3600063888202,601.3600063888202,-148.00442957272745,120.97411419866911,0.001591992674709736,0.0015919926746993196
3155.0,-148.069686,120.605537,601.7343124130819,601.7343124130819,-148.07259906711354,120.60606856941189,0.0029611697093756047,0.0029611697093029415
3156.0,-148.134452,120.236507,602.1089983598091,602.1089983598091,-148.13892480171864,120.23730012251937,0.004542576201336483,0.004542576201264164
3157.0,-148.19713,119.867189,602.4836179658116,602.4836179658116,-148.20347060840552,119.86828326085612,0.006434339264727075,0.006434339264724269
3158.0,-148.257975,119.500123,602.855719338386,602.855719338386,-148.26597615193532,119.5014695609834,0.008113671103407102,0.00811367110330843
3159.0,-148.318731,119.130578,603.2302570613623,603.2302570613623,-148.32741929183763,119.13200632904903,0.008804915611627282,0.008804915611135384
3160.0,-148.378252,118.760935,603.6046921506598,603.6046921506598,-148.3875153924824,118.76242553782188,0.009382544605895741,0.009382544605332336
3161.0,-148.437417,118.390981,603.9793752954382,603.9793752954382,-148.4464662166026,118.39240911271739,0.009161213186810215,0.009161213186753414
3162.0,-148.496072,118.020328,604.3546632083479,604.3546632083479,-148.50447067418332,118.02163098327082,0.008499146630203236,0.00849914663005788
3163.0,-148.555221,117.651931,604.727786932404,604.727786932404,-148.5612528278773,117.65285321171466,0.0061019195330742826,0.006101919532707093
3164.0,-148.613351,117.282353,605.1019128514122,605.1019128514122,-148.61744433212203,117.2829712303649,0.0041397556262893565,0.004139755626054895
3165.0,-148.671778,116.904808,605.4839532354787,605.4839532354787,-148.6742079839114,116.90517139212496,0.0024570054225010844,0.002457005422498156
3166.0,-148.726784,116.543862,605.8490663604825,605.8490663604825,-148.72801625892546,116.54404502564883,0.0012457770456591349,0.00124577704564045
3167.0,-148.782323,116.174013,606.2230620393824,606.2230620393824,-148.78283113166896,116.17408814585693,0.0005136581478169007,0.0005136581477850329
3168.0,-148.84052,115.796874,606.6046568680777,606.6046568680777,-148.8385940701838,115.79658965939846,0.0019468064193941858,-0.001946806419307764
3169.0,-148.898682,115.419747,606.986235279017,606.986235279017,-148.8943406780274,115.41910535618469,0.004388483024424605,-0.004388483024423952
3170.0,-148.953484,115.062897,607.3472664674373,607.3472664674373,-148.94721220010112,115.06196656254954,0.006340440664563846,-0.006340440664453618
3171.0,-149.011158,114.694766,607.7198843023391,607.7198843023391,-149.00205090174512,114.6934061771807,0.009208059335375026,-0.009208059334803688
3172.0,-149.068379,114.325335,608.0937296264776,608.0937296264776,-149.05748922930252,114.32369426522796,0.011012679802652494,-0.011012679802584037
3173.0,-149.124568,113.95533,608.4679918465008,608.4679918465008,-149.11351081645483,113.95364863361469,0.011184288125463394,-0.011184288125407253
3174.0,-149.17966,113.585303,608.8421061759528,608.8421061759528,-149.16995791771268,113.58381726190855,0.009815183054154448,-0.009815183054062383
3175.0,-149.233143,113.218108,609.2131708547887,609.2131708547887,-149.2262715539194,113.21705062736133,0.006952323937786682,-0.006952323937527339
3176.0,-149.288925,112.847997,609.587462525711,609.587462525711,-149.2832881131521,112.8471271692901,0.005703604018501554,-0.005703604018290289
3177.0,-149.345724,112.478522,609.9612783948523,609.9612783948523,-149.3403292716423,112.47768893342,0.00545867144824961,-0.005458671448210836
3178.0,-149.407414,112.078524,610.3660041883362,610.3660041883362,-149.40206104851507,112.07769873987644,0.005416192746891754,-0.005416192746733265
3179.0,-149.459922,111.73898,610.7095813493492,610.7095813493492,-149.45433725203486,111.73812185372864,0.005650294227491956,-0.005650294227285848
3180.0,-149.516741,111.370146,611.0827611838446,611.0827611838446,-149.51087177405617,111.36924920830792,0.005937343557406227,-0.005937343557176695
3181.0,-149.571522,111.000502,611.4564335356765,611.4564335356765,-149.5671108399265,110.99983321175998,0.004461570452645954,-0.004461570452606141
3182.0,-149.624992,110.630071,611.830691324318,611.830691324318,-149.6229495494737,110.62976442678071,0.0020653307946008424,-0.002065330794592059
3183.0,-149.677353,110.262539,612.2019249462944,612.2019249462944,-149.67773820189075,110.2625961143511,0.0003894130785271208,0.0003894130785047893
3184.0,-149.730006,109.892243,612.5759439403447,612.5759439403447,-149.7322178044888,109.89256621090425,0.002235295145018847,0.00223529514498783
3185.0,-149.781074,109.521965,612.949726892492,612.949726892492,-149.78582342490236,109.52264721307692,0.00479817169196738,0.0047981716919281
3186.0,-149.832169,109.151866,613.323348496505,613.323348496505,-149.83844928274738,109.15275055794342,0.00634227042488331,0.00634227042486988
3187.0,-149.883218,108.780005,613.6987171883983,613.6987171883983,-149.89023906603364,108.78097190970583,0.0070873325467349976,0.0070873325464781995
3188.0,-149.933432,108.410103,614.0720362954003,614.0720362954003,-149.94055172559226,108.41105886469181,0.007183604235892641,0.0071836042356486106
3189.0,-149.981164,108.039271,614.4459544960187,614.4459544960187,-149.9896324146964,108.04037605044962,0.008540209831502657,0.00854020983143484
3190.0,-150.028172,107.660134,614.8280297474,614.8280297474,-150.03830296452017,107.66141368850892,0.010211466338805356,0.010211466338769825
3191.0,-150.071622,107.296416,615.19437726035,615.19437726035,-150.08344739250424,107.29785863006659,0.011913063811992078,0.011913063811704377
3192.0,-150.118477,106.904973,615.5886735791745,615.5886735791745,-150.13023982129488,106.90634905839528,0.011843035992606494,0.011843035992369078
3193.0,-150.158021,106.554945,615.9409850403516,615.9409850403516,-150.17036290655668,106.5563300903044,0.012419385355373895,0.012419385355367957
3194.0,-150.198584,106.182762,616.3154388155466,616.3154388155466,-150.2111459847132,106.18410429192285,0.012633495460105539,0.012633495460102555
3195.0,-150.238551,105.809762,616.6906406074837,616.6906406074837,-150.24996799155358,105.81091684868937,0.011475250395076948,0.011475250395074804
3196.0,-150.277461,105.437359,617.0651252524609,617.0651252524609,-150.28655655017826,105.43822445796708,0.009136632341200185,0.009136632340936706
3197.0,-150.314092,105.065023,617.4393018112453,617.4393018112453,-150.32084035023092,105.06562243718778,0.006774921090424131,0.0067749210904223135
3198.0,-150.348265,104.691815,617.8141011852008,617.8141011852008,-150.35281202367085,104.69218982333115,0.004562446360546232,0.0045624463605458175
3199.0,-150.380809,104.310877,618.1964415818536,618.1964415818536,-150.38301622052325,104.31104495970371,0.0022136017935272317,0.0022136017934880955
3200.0,-150.410323,103.947917,618.560592398967,618.560592398967,-150.40957883452288,103.94786473889111,0.0007459983115627228,-0.0007459983115108313
3201.0,-150.439594,103.57395,618.9356648970154,618.9356648970154,-150.4347499513381,103.57363834081461,0.004854064161789921,-0.004854064161781132
3202.0,-150.464643,103.200199,619.3102157321968,619.3102157321968,-150.45773113469747,103.1997936924783,0.006923738596121803,-0.006923738596106762
3203.0,-150.487528,102.826572,619.6844943951968,619.6844943951968,-150.47860600616374,102.82609808428613,0.00893457162476146,-0.008934571624645525
3204.0,-150.508187,102.450266,620.0613111377538,620.0613111377538,-150.4975744991628,102.44975951894207,0.010624579854354539,-0.010624579854298813
3205.0,-150.526971,102.077493,620.4344924828755,620.4344924828755,-150.51439623595644,102.07695790901647,0.012586143695030376,-0.012586143695017968
3206.0,-150.543143,101.703329,620.808938220005,620.808938220005,-150.5293722571318,101.7028121634416,0.01378043827931003,-0.013780438279309516
3207.0,-150.556952,101.328618,621.1838349037337,621.1838349037337,-150.54251848204382,101.32814640865574,0.014441220134991875,-0.014441220134987104
3208.0,-150.56841,100.954891,621.5576700671714,621.5576700671714,-150.5538476774712,100.95448328843317,0.014568028904235041,-0.014568028904119274
3209.0,-150.578086,100.581822,621.9307990325251,621.9307990325251,-150.56344410572962,100.5814780591324,0.01464593333133495,-0.014645933331311277
3210.0,-150.585403,100.207164,622.3054657732936,622.3054657732936,-150.5714208507296,100.20689653419525,0.013984707225286518,-0.013984707225286174
3211.0,-150.590606,99.84006,622.6725500580374,622.6725500580374,-150.57768257193828,99.83986591452432,0.012924885378155502,-0.01292488537815538
3212.0,-150.593996,99.456113,623.0564589348521,623.0564589348521,-150.58264912150287,99.4559894346176,0.011347551279130398,-0.011347551279066248
3213.0,-150.59495,99.077433,623.4350929632678,623.4350929632678,-150.58602607088687,99.07737070355394,0.008924146550987366,-0.008924146550980231
3214.0,-150.59402,98.706114,623.8063749278292,623.8063749278292,-150.5879312503845,98.70609383279182,0.006088783014422125,-0.006088783014405568
3215.0,-150.591847,98.340462,624.1720069108372,624.1720069108372,-150.5885045298354,98.34046247885858,0.003342470198898797,-0.00334247019885578
3216.0,-150.588012,97.96769,624.5447795147938,624.5447795147938,-150.5878166672395,97.96769068341727,0.00019533395602756262,-0.00019533395599993905
3217.0,-150.582958,97.601622,624.9108730348364,624.9108730348364,-150.58594811164136,97.60160208139264,0.0029901779844612912,0.0029901779844153215
3218.0,-150.576646,97.235123,625.2774254635044,625.2774254635044,-150.5829495908096,97.23506205334297,0.006303885435953205,0.006303885435953204
3219.0,-150.569851,96.861391,625.6512321408419,625.6512321408419,-150.57878820254646,96.86127866957267,0.008937908451164779,0.008937908451141164
3220.0,-150.561379,96.482268,626.030465884791,626.030465884791,-150.57348867906006,96.48208207656306,0.0121111062443698,0.01211110624436852
3221.0,-150.55268,96.111572,626.401289646075,626.401289646075,-150.5673165894414,96.11130978404151,0.014638938065461403,0.01463893806545574
3222.0,-150.545208,95.744101,626.7688748901792,626.7688748901792,-150.56026521612435,95.74379228023479,0.01506038064953014,0.0150603806494989
3223.0,-150.537105,95.376772,627.136336218342,627.136336218342,-150.55221985525606,95.37641915867418,0.015118973060787098,0.015118973060699587
3224.0,-150.528481,95.017061,627.4961958876135,627.4961958876135,-150.5432860182969,95.01667053760734,0.014810166361372995,0.014810166361050467
3225.0,-150.518515,94.650538,627.8629031293959,627.8629031293959,-150.53301748577283,94.65010726137352,0.014508881051110577,0.014508881051110575
3226.0,-150.507942,94.287982,628.2256624923414,628.2256624923414,-150.52161308686323,94.2875273948223,0.013678643276622087,0.013678643276381842
3227.0,-150.497629,93.921623,628.5922052590377,628.5922052590377,-150.50873971134467,93.92121098212155,0.01111834813796855,0.011118348137933413
3228.0,-150.487393,93.556111,628.95787524387,628.95787524387,-150.49445411544767,93.55582040022206,0.007067092725884865,0.007067092725884846
3229.0,-150.47605,93.190466,629.3236897020646,629.3236897020646,-150.47863034106683,93.19034862231715,0.0025830093963599703,0.002583009396262738
3230.0,-150.463094,92.823321,629.6910363326114,629.6910363326114,-150.46110705457102,92.82342049863226,0.0019894351247598647,-0.0019894351247582666
3231.0,-150.448127,92.458874,630.055747704651,630.055747704651,-150.44200100281964,92.45921026758741,0.006135219421027362,-0.006135219420841353
3232.0,-150.429649,92.093524,630.4215192921371,630.4215192921371,-150.42104077884966,92.09404011195691,0.008623679198895659,-0.008623679198887938
3233.0,-150.40746,91.720381,630.7952700823736,630.7952700823736,-150.3976709238108,91.72102112306787,0.009809983189566015,-0.009809983189552712
3234.0,-150.382247,91.36396,631.1525306534187,631.1525306534187,-150.3734020031215,91.36458624278073,0.008867138760684639,-0.00886713875829313
3235.0,-150.353586,90.999608,631.5179479227415,631.5179479227415,-150.34637185935466,91.00017083157401,0.0072360627852122395,-0.007236062783943056
3236.0,-150.318687,90.634839,631.8843052466384,631.8843052466384,-150.3160890926286,90.63506882630253,0.002608053457994966,-0.002608053446782778
3237.0,-150.279403,90.270315,632.2509105810472,632.2509105810472,-150.2814707502397,90.27010435933212,0.0020784514775903117,0.0020784514775891156
3238.0,-150.234508,89.897284,632.6266874308004,632.6266874308004,-150.24032256991407,89.89659167729585,0.005855641212731528,0.005855641210105021
3239.0,-150.186889,89.541367,632.985908570017,632.985908570017,-150.19450946618284,89.54030945018067,0.0076934983241683345,0.007693498287216316
3240.0,-150.131644,89.171668,633.3598957702868,633.3598957702868,-150.13891729290657,89.17048563574826,0.007368770245340196,0.007368770245024905
3241.0,-150.072252,88.816473,633.7201562014011,633.7201562014011,-150.0770716159142,88.81558071425866,0.004901517255377242,0.00490151721625932
3242.0,-150.004538,88.447663,634.0951663838168,634.0951663838168,-150.0052219941641,88.44752319960267,0.0006981347775371382,0.000698134777513564
3243.0,-149.934942,88.088284,634.4611374649076,634.4611374649076,-149.929377255457,88.08950031596186,0.005696122044676172,-0.005696122042396752
3244.0,-149.860901,87.735543,634.8214655302836,634.8214655302836,-149.85072855483477,87.73786155439973,0.010433328095303866,-0.010433328024217108
3245.0,-149.781487,87.375826,635.1897673560554,635.1897673560554,-149.7678340284928,87.37900996340977,0.014019317172056987,-0.014019317166855843
3246.0,-149.700295,87.016452,635.5581831198876,635.5581831198876,-149.68395840237275,87.02026904016242,0.016776597319971054,-0.016776597319495358
3247.0,-149.617899,86.656019,635.9279395133265,635.9279395133265,-149.6001266441458,86.66014129038608,0.018244174704139523,-0.018244174704135904
3248.0,-149.533679,86.289769,636.3037737469431,636.3037737469431,-149.51547150207816,86.29396530130107,0.018684804660030058,-0.018684804659818834
3249.0,-149.450303,85.930168,636.6729344525527,636.6729344525527,-149.4327797629292,85.93418524626412,0.01797782258746192,-0.01797782258744607
3250.0,-149.36613,85.569999,637.0428201081273,637.0428201081273,-149.35029952721774,85.57361292438495,0.016237743623110545,-0.016237743622828198
3251.0,-149.281389,85.210397,637.4122723216623,637.4122723216623,-149.26820658799744,85.21339676435645,0.013519414647061205,-0.013519414647026865
3252.0,-149.193804,84.844275,637.7887060757705,637.7887060757705,-149.18477531325428,84.84632512132366,0.009258519416954247,-0.009258519416895632
3253.0,-149.110002,84.491991,638.1508025779578,638.1508025779578,-149.10464344539412,84.49320650112494,0.005494683835223193,-0.005494683835120118
3254.0,-149.026113,84.13919,638.5134204741411,638.5134204741411,-149.02443669005615,84.1395702259001,0.0017188911434393589,-0.0017188911434393452
3255.0,-148.941134,83.779096,638.8833920994961,638.8833920994961,-148.94256402766825,83.77877129268681,0.0014664289860721077,0.0014664289860527712
3256.0,-148.856347,83.418934,639.2533898588986,639.2533898588986,-148.86056333860816,83.41797463712925,0.004324105500149402,0.004324105500147432
3257.0,-148.771409,83.058373,639.6238143826876,639.6238143826876,-148.77826241855672,83.05680863503076,0.0070296929997352015,0.007029692999673056
3258.0,-148.686075,82.697449,639.9946868203306,639.9946868203306,-148.69557241582635,82.69527202708414,0.009743722002150092,0.009743722002094307
3259.0,-148.600551,82.335901,640.3662176233512,640.3662176233512,-148.6123613306426,82.33317944529071,0.01211985024344985,0.0121198502432304
3260.0,-148.514091,81.976009,640.7363546530031,640.7363546530031,-148.52900655554524,81.97255029959437,0.015311316263428782,0.01531131626337871
3261.0,-148.428082,81.615113,641.1073790964318,641.1073790964318,-148.44491184890217,81.61118180555566,0.01728288470797789,0.017282884707916803
3262.0,-148.341883,81.25394,641.478726493769,641.478726493769,-148.3601188879442,81.24964480241718,0.018734896086952453,0.018734896086580202
3263.0,-148.255741,80.892372,641.8504533634948,641.8504533634948,-148.27452913035938,80.88790565623232,0.019311708082202412,0.019311708082076953
3264.0,-148.170321,80.530151,642.2226521458862,642.2226521458862,-148.18803474102702,80.52589654989829,0.018217490684515468,0.018217490684391074
3265.0,-148.084125,80.169533,642.5934726834618,642.5934726834618,-148.10098497415342,80.16543831908184,0.017350076088464176,0.017350076088452928
3266.0,-147.997567,79.810536,642.9628021669082,642.9628021669082,-148.0133337507565,79.80666060960834,0.016236042624507382,0.016236042624249485
3267.0,-147.912322,79.462075,643.3215831864668,643.3215831864668,-147.9271986653454,79.45837268588375,0.015330437097969048,0.015330437097894275
3268.0,-147.828673,79.122758,643.6711011157025,643.6711011157025,-147.84227940225318,79.11932783791094,0.014032112963926974,0.014032112963924705
3269.0,-147.745077,78.793499,644.0108509301452,644.0108509301452,-147.7587133481903,78.79001558964335,0.014074236735241535,0.01407423673510819
3270.0,-147.664244,78.471166,644.3432017380134,644.3432017380134,-147.6759324211117,78.46813940144897,0.012073917627411994,0.012073917627283617
3271.0,-147.585741,78.159571,644.6645588174754,644.6645588174754,-147.59486024617354,78.15717705574403,0.00942823524706858,0.00942823524706858
3272.0,-147.508743,77.857681,644.976128286694,644.976128286694,-147.51525438131236,77.85594897607763,0.006737803311354084,0.006737803311298481
3273.0,-147.433168,77.56313,645.2802197707128,645.2802197707128,-147.43663187022082,77.56219727684073,0.003587250952827754,0.00358725095282426
3274.0,-147.358398,77.277638,645.5753370927379,645.5753370927379,-147.35949082816717,77.27734040726739,0.0011326229899968404,0.0011326229899882815
3275.0,-147.285654,77.000191,645.8621443525748,645.8621443525748,-147.28376431061665,77.00071095823583,0.0019599190117296646,-0.001959919011729259
3276.0,-147.213714,76.731775,646.140017720864,646.140017720864,-147.20971533092407,76.73288579161553,0.004150085829476032,-0.004150085829476029
3277.0,-147.142834,76.471822,646.4094448916893,646.4094448916893,-147.13730510423588,76.47337138172975,0.0057418875045511806,-0.0057418875045353365
3278.0,-147.073057,76.219003,646.6716995226355,646.6716995226355,-147.06626969169034,76.22092052152837,0.007052974046617254,-0.007052974046601547
3279.0,-147.004186,75.975381,646.9248552627648,646.9248552627648,-146.99720496380766,75.97736791434211,0.007258284571556351,-0.00725828457155381
3280.0,-146.936526,75.736944,647.1726922694563,647.1726922694563,-146.9291429729928,75.73905985559173,0.0076802299883563085,-0.007680229988309564
3281.0,-146.870885,75.505754,647.4130054792175,647.4130054792175,-146.86274353175259,75.50810198109659,0.008473282743624347,-0.008473282743624203
3282.0,-146.807062,75.281851,647.6458115827693,647.6458115827693,-146.7980574482943,75.28446302665225,0.009375747151716832,-0.009375747151686879
3283.0,-146.744126,75.065115,647.8714869741385,647.8714869741385,-146.73503014449665,75.06776754236068,0.009474733152598856,-0.009474733152543043
3284.0,-146.682575,74.855057,648.0903646448814,648.0903646448814,-146.6736130459157,74.8576833494698,0.009338861415990309,-0.00933886141597764
3285.0,-146.622674,74.65044,648.3035578639616,648.3035578639616,-146.61353188358004,74.65313116252761,0.009529986798835002,-0.009529986798683663
3286.0,-146.564177,74.452976,648.5094936646088,648.5094936646088,-146.55526569270475,74.4556100224465,0.00929244165755392,-0.009292441657428357
3287.0,-146.507577,74.262276,648.7084064211981,648.7084064211981,-146.49878301438588,74.26488511976706,0.009172877898467094,-0.009172877898421816
3288.0,-146.452382,74.076652,648.9020540725218,648.9020540725218,-146.44361358441606,74.07926253438028,0.009148770496814444,-0.009148770496811303
3289.0,-146.397964,73.896996,649.089761630312,649.089761630312,-146.38997467473774,73.89938203911284,0.00833801539901057,-0.008338015398992999
3290.0,-146.34491,73.722681,649.2719631967107,649.2719631967107,-146.33776542285167,73.72482086596997,0.00745815050785596,-0.007458150507806083
3291.0,-146.293438,73.553666,649.4486354293736,649.4486354293736,-146.2870132261153,73.5555953032962,0.006708198765560423,-0.006708198765493123
3292.0,-146.241538,73.384068,649.6259905272127,649.6259905272127,-146.2359463594736,73.3857512432455,0.005839499259356935,-0.005839499259278929
3293.0,-146.189811,73.21599,649.8018417920259,649.8018417920259,-146.1852027138093,73.21738037641788,0.004813465300453142,-0.004813465300377413
3294.0,-146.135263,73.040384,649.9857166053933,649.9857166053933,-146.13203490522122,73.04136012154524,0.0033724485425179473,-0.0033724485425179434
3295.0,-146.078628,72.858868,650.1758544612346,650.1758544612346,-146.0769478855667,72.8593770906647,0.0017555505728562874,-0.0017555505728257608
3296.0,-146.019737,72.671709,650.3720491377604,650.3720491377604,-146.02000046272758,72.67162901151698,0.0002753375496449704,0.00027533754964054137
3297.0,-145.958875,72.478646,650.5744679485069,650.5744679485069,-145.96114471122274,72.47795564054961,0.0023723796503430103,0.0023723796503426643
3298.0,-145.896544,72.279902,650.782751118415,650.782751118415,-145.90048769319964,72.27870051690456,0.004122654203477112,0.004122654203436567
3299.0,-145.832979,72.075086,650.9972034187368,650.9972034187368,-145.8379449648045,72.07357081251733,0.005191974532611331,0.005191974532587803
3300.0,-145.768276,71.864492,651.2175145519348,651.2175145519348,-145.77361328575856,71.8628614629514,0.005580794776328898,0.005580794776310405
3301.0,-145.70256,71.648138,651.4436299604149,651.4436299604149,-145.70751713908555,71.64662206552394,0.005183752043565804,0.00518375204349134
3302.0,-145.63606,71.429968,651.6717107608445,651.6717107608445,-145.64079077898526,71.42852015313136,0.004947376108865739,0.004947376108777679
3303.0,-145.569126,71.206995,651.9045107288459,651.9045107288459,-145.57264267683232,71.20591812893358,0.0036778617750790727,0.003677861775078372
3304.0,-145.50027,70.979078,652.1426002152181,652.1426002152181,-145.5029208058188,70.97826606063963,0.002772366681001097,0.002772366680999282
3305.0,-145.430107,70.746139,652.3858739969523,652.3858739969523,-145.4316730812081,70.74565932252497,0.0016378952440257717,0.001637895244022492
3306.0,-145.359037,70.508418,652.6339857574302,652.6339857574302,-145.35902043082223,70.50842307311382,1.7328419888924487e-05,-1.7328419888335555e-05
3307.0,-145.286708,70.265778,652.8871700857903,652.8871700857903,-145.284916116239,70.26632628563405,0.0018738902180888484,-0.0018738902180871996
3308.0,-145.213674,70.02111,653.1425009289865,653.1425009289865,-145.21024008046209,70.0221596852201,0.003590771846577019,-0.0035907718465742543
3309.0,-145.138986,69.771617,653.4029309243593,653.4029309243593,-145.1341544013265,69.7730919210812,0.005051706438168745,-0.005051706438167883
3310.0,-145.06322,69.517579,653.6680245333504,653.6680245333504,-145.05681540087906,69.51953068745081,0.006695369579464619,-0.006695369579369717
3311.0,-144.986143,69.259333,653.9375279194643,653.9375279194643,-144.97832852775204,69.26170926902903,0.008167780054116445,-0.008167780054045174
3312.0,-144.907809,68.996849,654.2114544254407,654.2114544254407,-144.89872382380156,68.99960467402438,0.009493901510185754,-0.00949390151016654
3313.0,-144.827727,68.729466,654.4905791766892,654.4905791766892,-144.81781364170348,68.7324639529843,0.010356755998451081,-0.01035675599840041
3314.0,-144.74846,68.4622,654.7693592793568,654.7693592793568,-144.73723917956656,68.46558177651954,0.011719352525953936,-0.011719352525849665
3315.0,-144.668391,68.1928,655.0504175739269,655.0504175739269,-144.65627454641023,68.19643778917344,0.01265076905424181,-0.012650769054232413
3316.0,-144.587557,67.91851,655.3363836041367,655.3363836041367,-144.574203503695,67.92250183872065,0.013937382822444357,-0.013937382822269114
3317.0,-144.50747,67.646687,655.6197761786378,655.6197761786378,-144.49320781467983,67.65093041396678,0.014880070302270605,-0.014880070302055588
3318.0,-144.429699,67.383188,655.8945326578547,655.8945326578547,-144.41502967797135,67.38753092565379,0.015298693147279897,-0.015298693147279843
3319.0,-144.354092,67.127174,656.1614994375685,656.1614994375685,-144.33942433379823,67.13149365949774,0.015290516341283809,-0.015290516341071193
3320.0,-144.279976,66.878454,656.4210472861065,656.4210472861065,-144.26628149444505,66.88246514965309,0.014269856479096727,-0.014269856479085411
3321.0,-144.208061,66.636028,656.6739325449945,656.6739325449945,-144.19537363120796,66.63972450920451,0.013214897168121985,-0.013214897167879984
3322.0,-144.137575,66.398727,656.9214925389828,656.9214925389828,-144.12628283055662,66.40200113303497,0.011757254690986554,-0.011757254690898916
3323.0,-144.063913,66.152548,657.1784582185524,657.1784582185524,-144.05487894948627,66.155155355081,0.009402785183307007,-0.009402785183158551
3324.0,-143.991039,65.911767,657.4300111938378,657.4300111938378,-143.98526026867387,65.9134279621528,0.0060126974822154195,-0.006012697482147964
3325.0,-143.915257,65.661881,657.6911100121004,657.6911100121004,-143.9132655507762,65.66245117504106,0.0020714655653430317,-0.002071465565327081
3326.0,-143.83929,65.411288,657.9529313536763,657.9529313536763,-143.8413142932498,65.41071038189882,0.002105090456965165,0.0021050904569100953
3327.0,-143.763589,65.157247,658.2179892431476,658.2179892431476,-143.76869081040059,65.15579566896375,0.005304227666714774,0.005304227666714018
3328.0,-143.686956,64.898132,658.4881786061821,658.4881786061821,-143.6948544937823,64.89589090297508,0.008210281353510172,0.008210281353290027
3329.0,-143.609539,64.634944,658.7624976539473,658.7624976539473,-143.62005575990239,64.63196650582972,0.010930128561833969,0.010930128561690549
3330.0,-143.530076,64.361965,659.0467934352423,659.0467934352423,-143.542676968093,64.35840369307147,0.01309455245205329,0.01309455245204387
3331.0,-143.45172,64.092739,659.3271769832097,659.3271769832097,-143.46646620133689,64.08857624379938,0.015322499569387275,0.015322499569077207
3332.0,-143.37326,63.820127,659.6108484312485,659.6108484312485,-143.38942857221033,63.81556581571739,0.016799616941499423,0.01679961694116262
3333.0,-143.282365,63.504349,659.9394427144765,659.9394427144765,-143.30022551162008,63.499311144738215,0.018557420644310648,0.018557420643968387
3334.0,-143.214948,63.268656,660.1845882604106,660.1845882604106,-143.23366692178521,63.26337409218136,0.01944984789158756,0.01944984789140987
3335.0,-143.134295,62.98478,660.4797036734732,660.4797036734732,-143.15349244034914,62.979357967487026,0.019948437345572168,0.019948437345437855
3336.0,-143.053233,62.697337,660.778366490349,660.778366490349,-143.0722589055936,62.69195478407088,0.019772539846059065,0.01977253984563694
3337.0,-142.971946,62.409857,661.0771288087083,661.0771288087083,-142.9908583566445,62.40449544564921,0.019657657513180212,0.019657657513045157
3338.0,-142.888629,62.112437,661.3860106352937,661.3860106352937,-142.90650649965835,62.107354498279314,0.018585930640533523,0.01858593064053128
3339.0,-142.808049,61.823502,661.6859828403785,661.6859828403785,-142.82435303699765,61.81885124584883,0.016954383993378876,0.01695438399325756
3340.0,-142.725476,61.525594,661.9951296647738,661.9951296647738,-142.7393971840549,61.521606812383055,0.014480919535144464,0.014480919534892996
3341.0,-142.642394,61.224471,662.3075031427863,662.3075031427863,-142.6532065131193,61.221359671754776,0.011251257858776353,0.011251257858681534
3342.0,-142.559666,60.924085,662.6190631097422,662.6190631097422,-142.566841700199,60.922009181024066,0.007469919528814423,0.00746991952876941
3343.0,-142.474639,60.619958,662.934846791347,662.934846791347,-142.47884849852355,60.618732889597815,0.004384150238907129,0.004384150238805358
3344.0,-142.388324,60.313481,663.253237136686,663.253237136686,-142.38960993802837,60.31310425106585,0.0013399911836153035,0.0013399911836070178
3345.0,-142.300381,60.004665,663.5743192601733,663.5743192601733,-142.29903512452879,60.00506220861682,0.0014032660008911674,-0.001403266000889653
3346.0,-142.21164,59.693669,663.8977053040064,663.8977053040064,-142.20716461302587,59.6950004378129,0.004669241396389602,-0.004669241396377939
3347.0,-142.121579,59.38233,664.2217818483529,664.2217818483529,-142.11439190428592,59.384486697539856,0.007503711687002377,-0.007503711686993739
3348.0,-142.028147,59.069138,664.5485914943802,664.5485914943802,-142.02006414789787,59.07158613627987,0.008445464424740118,-0.00844546442472764
3349.0,-141.931472,58.754344,664.8778725425009,664.8778725425009,-141.92418030766828,58.756574661550005,0.007625262488027416,-0.007625262488026087
3350.0,-141.831992,58.437622,665.2098244863239,665.2098244863239,-141.8266031394908,58.43928818472275,0.005640566382739922,-0.005640566382735905
3351.0,-141.729888,58.120482,665.54296638348,665.54296638348,-141.72769180756387,58.121168743104235,0.002301060039995876,-0.0023010600399931435
3352.0,-141.627186,57.803252,665.876392378759,665.876392378759,-141.6276483010136,57.803105720622554,0.0004848916203169893,0.0004848916203100968
3353.0,-141.521815,57.483653,666.2129042779344,666.2129042779344,-141.52555462158432,57.48245479318187,0.0039268905221409725,0.0039268905221364865
3354.0,-141.415634,57.16225,666.5514039257567,666.5514039257567,-141.42165608756437,57.16029494523163,0.0063314909602849205,0.006331490960266973
3355.0,-141.308464,56.839132,666.891856844834,666.891856844834,-141.3158789863408,56.83669142572801,0.0078063067587446034,0.007806306758744424
3356.0,-141.200698,56.51544,667.2330509417582,667.2330509417582,-141.2085210630612,56.512828007688825,0.008247594770191732,0.008247594770190542
3357.0,-141.091224,56.190276,667.5761864838453,667.5761864838453,-141.09912447902403,56.18759856267511,0.00834183669449381,0.008341836694480305
3358.0,-140.980016,55.863709,667.9212083822787,667.9212083822787,-140.98761801634794,55.861092513181006,0.008039692520748744,0.008039692520645726
3359.0,-140.867463,55.535342,668.2683641280553,668.2683641280553,-140.8738297034712,55.53311524741005,0.00674487510537037,0.006744875105321845
3360.0,-140.753316,55.206019,668.6169339808896,668.6169339808896,-140.75790499590204,55.204387191217265,0.0048704910730042105,0.004870491073004209
3361.0,-140.639133,54.87848,668.9638096504546,668.9638096504546,-140.6408144439544,54.877871883179296,0.0017880323933025296,0.0017880323932964676
3362.0,-140.52039,54.549097,669.3139467355832,669.3139467355832,-140.52080798891492,54.54894315501177,0.00044540208060932603,0.00044540208060927047
3363.0,-140.400151,54.2186,669.6656248337131,669.6656248337131,-140.39837209311685,54.21926666935314,0.0018997256973882477,-0.0018997256972701662
3364.0,-140.278593,53.887411,670.0183785535665,670.0183785535665,-140.27358176995654,53.8893239773264,0.005363945264433518,-0.005363945264399326
3365.0,-140.15479,53.555025,670.3730034803766,670.3730034803766,-140.14606493525883,53.55841934050896,0.009362067198442367,-0.009362067198438287
3366.0,-140.029355,53.222581,670.7282152442805,670.7282152442805,-140.01619659134198,53.227799980188095,0.014155616292321635,-0.01415561629229647
3367.0,-139.900525,52.88971,671.085012277534,671.085012277534,-139.88352704761834,52.89658641101047,0.01833617772474661,-0.018336177724599532
3368.0,-139.765243,52.549588,671.4508905710094,671.4508905710094,-139.74510140115825,52.557905597144654,0.02179143010824664,-0.021791430108243505
3369.0,-139.631301,52.223708,671.8030563627854,671.8030563627854,-139.60952551893138,52.232883440224725,0.023629648306475907,-0.02362964830481915
3370.0,-139.489752,51.886976,672.1681349733277,672.1681349733277,-139.46646968658138,51.89700139377818,0.025349055969230063,-0.025349055968493645
3371.0,-139.344073,51.555861,672.5296714850485,672.5296714850485,-139.32210815387714,51.56553851577784,0.024002266077011714,-0.024002266076979323
3372.0,-139.193568,51.225688,672.8923148764928,672.8923148764928,-139.17441255938962,51.234335621513466,0.021016951796534306,-0.021016951795652838
3373.0,-139.0391,50.896602,673.2556472716617,673.2556472716617,-139.02333253648652,50.90390524405139,0.017376716586360533,-0.01737671658440642
3374.0,-138.882829,50.573266,673.6145887672658,673.6145887672658,-138.87083332708815,50.57897158928183,0.013283445248154925,-0.013283445248083465
3375.0,-138.720001,50.246694,673.9793530565695,673.9793530565695,-138.71235890424734,50.25043314404257,0.008507809686627614,-0.008507809684537137
3376.0,-138.551759,49.92069,674.3461014725467,674.3461014725467,-138.54926452257342,49.92194708751723,0.002793328956227486,-0.0027933289560744673
3377.0,-138.37882,49.595408,674.7144571680071,674.7144571680071,-138.38146118582858,49.59403519305735,0.0029766527313321942,0.002976652729670249
3378.0,-138.201735,49.272448,675.0828159233125,675.0828159233125,-138.2094536243559,49.26830582093708,0.008759840714097765,0.008759840711925551
3379.0,-138.021923,48.950845,675.4514050745062,675.4514050745062,-138.03293450369014,48.944736975562485,0.012592107688850888,0.012592107687826811
3380.0,-137.835135,48.630418,675.8224909455074,675.8224909455074,-137.8505738095633,48.621554605034255,0.01780215186571386,0.01780215186546421
3381.0,-137.644357,48.311482,676.194420497593,676.194420497593,-137.662928503979,48.3004345279584,0.02160896569832738,0.021608965698200464
3382.0,-137.449146,47.992916,676.568406613538,676.568406613538,-137.4691406105729,47.98057704056373,0.023495411720836468,0.023495411718440395
3383.0,-137.250446,47.677609,676.9414778367528,676.9414778367528,-137.2706737594376,47.6646811666088,0.024006064401647324,0.02400606440075905
3384.0,-137.048542,47.364737,677.3141713517756,677.3141713517756,-137.06773739273936,47.35208709888432,0.022988760311396683,0.02298876030527788
3385.0,-136.825833,47.028428,677.7178244988454,677.7178244988454,-136.84336050715052,47.016544927032314,0.021175951692126643,0.021175951683219348
3386.0,-136.633068,46.743743,678.0618223305937,678.0618223305937,-136.64891871863927,46.732773879212964,0.019276070455918237,0.019276070442646058
3387.0,-136.422744,46.4373,678.4336417334271,678.4336417334271,-136.43595605108172,46.427985893718656,0.016165112731009325,0.01616511273100903
3388.0,-136.209758,46.129664,678.8078814858753,678.8078814858753,-136.2192184055556,46.12289635298499,0.011631866548258043,0.0116318665393946
3389.0,-135.99542,45.822701,679.1822808690201,679.1822808690201,-136.00054101021885,45.81899705315159,0.006320124042888623,0.006320124042881901
3390.0,-135.7801,45.516153,679.5568595709204,679.5568595709204,-135.78045386054754,45.51589523028948,0.0004377927714843793,0.000437792771221581
3391.0,-135.563826,45.208467,679.9328873718074,679.9328873718074,-135.55874393318862,45.212182236434366,0.006295266859999403,-0.006295266859938471
3392.0,-135.349141,44.901627,680.307295696228,680.307295696228,-135.33775583809845,44.909947469206465,0.014101493514534007,-0.014101493506126848
3393.0,-135.133634,44.59433,680.6825961692878,680.6825961692878,-135.11654183103948,44.606772986448156,0.021141668607843254,-0.021141668607638234
3394.0,-134.91752,44.286645,681.0586400066348,681.0586400066348,-134.89572837408576,44.30238798353996,0.026883386890889684,-0.02688338689056659
3395.0,-134.701554,43.979606,681.4341281331137,681.4341281331137,-134.6765021524845,43.99754214463172,0.030810718073261533,-0.030810718073155653
3396.0,-134.484995,43.67409,681.8087286037326,681.8087286037326,-134.459020855057,43.69253848552623,0.03185910896010394,-0.031859108958909754
3397.0,-134.268168,43.366879,682.1848576009082,682.1848576009082,-134.2417438758848,43.385514695715024,0.03233455566478446,-0.03233455566466994
3398.0,-134.04998,43.060182,682.5613307534954,682.5613307534954,-134.0252209584128,43.077537804980075,0.0302363044504997,-0.03023630444848835
3399.0,-133.830812,42.752672,682.9390040010124,682.9390040010124,-133.8088211237424,42.76800892748506,0.02681081839965775,-0.026810818397284386
3400.0,-133.608677,42.440812,683.3219141565687,683.3219141565687,-133.5901028202177,42.4537121803952,0.02261448228046725,-0.022614482280207203
3401.0,-133.394716,42.140433,683.6907046136886,683.6907046136886,-133.37995721269453,42.15065244606271,0.01795157042033284,-0.017951570420112757
3402.0,-133.161829,41.815808,684.0901823275761,684.0901823275761,-133.15272659902044,41.822097004683414,0.011063692127899653,-0.011063692127899136
3403.0,-132.94971,41.52226,684.4522699317317,684.4522699317317,-132.9469828247808,41.52414242713114,0.0033137616963641527,-0.0033137616961486267
3404.0,-132.733892,41.224572,684.8198607692267,684.8198607692267,-132.73818653496372,41.221607911357204,0.005218127253811885,0.005218127253757173
3405.0,-132.513694,40.918352,685.1969668893962,685.1969668893962,-132.52392155997882,40.911286233072886,0.012430930994452723,0.012430930994134354
3406.0,-132.293889,40.611672,685.5742427484266,685.5742427484266,-132.30934960824752,40.6009703594401,0.018803072037734864,0.0188030720372355
3407.0,-132.074298,40.30496,685.9514465418887,685.9514465418887,-132.09446117743215,40.29096126056201,0.024546250834156513,0.024546250832651627
3408.0,-131.849909,39.990791,686.337541579741,686.337541579741,-131.87398417393726,39.97400822938525,0.02934749375358792,0.029347493753574816
3409.0,-131.631663,39.683465,686.7145393730281,686.7145393730281,-131.65804205490264,39.66498351724672,0.03220900095184538,0.03220900094986149
3410.0,-131.412711,39.375745,687.092292695504,687.092292695504,-131.44086557962942,39.3559012353527,0.034444961162508725,0.034444961161443584
3411.0,-131.19761,39.073749,687.4631747354014,687.4631747354014,-131.22671773508702,39.053090950074285,0.035693350481982876,0.03569335048069279
3412.0,-130.974649,38.761166,687.8472653437185,687.8472653437185,-131.0038329395772,38.74028464689371,0.03588500016434317,0.03588500016395426
3413.0,-130.755318,38.453503,688.2252527425738,688.2252527425738,-130.78324105901154,38.43334250072649,0.03444042618087029,0.03444042617788945
3414.0,-130.539121,38.152637,688.5958938686646,688.5958938686646,-130.56559419604113,38.13333509731385,0.032762685420127245,0.03276268541740183
3415.0,-130.318919,37.845127,688.9742521550829,688.9742521550829,-130.34190440980743,37.82818341443322,0.028555457549728897,0.02855545754933122
3416.0,-130.097722,37.536887,689.3537470550378,689.3537470550378,-130.11586768265707,37.52335003862017,0.022638796842805255,0.022638796842311883
3417.0,-129.876913,37.230646,689.7313395510047,689.7313395510047,-129.88915964366754,37.221391252738286,0.01535026475334734,0.015350264753127688
3418.0,-129.652986,36.925768,690.1096444851994,690.1096444851994,-129.66008123690054,36.920331158562874,0.008938771251531641,0.008938771251480973
3419.0,-129.426039,36.622157,690.4886992887932,690.4886992887932,-129.42849457696644,36.62024849300616,0.003110025270581986,0.0031100252705755123
3420.0,-129.196885,36.320759,690.8672850943273,690.8672850943273,-129.19516903426347,36.32211114990594,0.002184684823287841,-0.0021846848232075613
3421.0,-128.968104,36.021877,691.2435864419416,691.2435864419416,-128.96130450801806,36.02730681249569,0.008701491535990194,-0.008701491535990194
3422.0,-128.733606,35.723292,691.6231544874821,691.6231544874821,-128.72350252904695,35.731466251128275,0.012996095829414312,-0.012996095829405982
3423.0,-128.491633,35.421404,692.0099463463192,692.0099463463192,-128.47926523495195,35.43154027178091,0.01599079791318472,-0.01599079791317456
3424.0,-128.256487,35.131837,692.3828516197045,692.3828516197045,-128.24202913267635,35.1438303972105,0.01878487434605166,-0.018784874346042035
3425.0,-128.016145,34.839178,692.7614216089553,692.7614216089553,-127.99947161021814,34.85317479277121,0.021769523070065654,-0.02176952306993893
3426.0,-127.774015,34.547722,693.1401884512261,693.1401884512261,-127.75511274295954,34.563774236193304,0.024798580766435874,-0.024798580766422152
3427.0,-127.529502,34.25786,693.5192567783454,693.5192567783454,-127.50893822023374,34.27551993979994,0.027106134213722453,-0.027106134213697182
3428.0,-127.282512,33.969717,693.8986191111676,693.8986191111676,-127.26100509132435,33.988388259012886,0.028480924035375166,-0.028480924035373736
3429.0,-127.035679,33.685931,694.2745838485123,694.2745838485123,-127.01379973055249,33.70512392202625,0.029104478821354998,-0.029104478821225056
3430.0,-126.779687,33.395453,694.66161592157,694.66161592157,-126.75782152124886,33.41483327951616,0.02921804913304129,-0.029218049133022887
3431.0,-126.531533,33.119151,695.0328577476557,695.0328577476557,-126.5109136934735,33.137602759053266,0.027669897249418755,-0.027669897249285792
3432.0,-126.276503,32.838433,695.4119940726339,695.4119940726339,-126.25742056542025,32.855671337475485,0.02571574592364345,-0.025715745923527808
3433.0,-126.019325,32.558503,695.7920093462333,695.7920093462333,-126.00203894760078,32.57426132875654,0.023390864300995372,-0.023390864300958783
3434.0,-125.763174,32.281091,696.1694936762875,696.1694936762875,-125.74712076008332,32.2958535048645,0.021809127944443008,-0.021809127944435285
3435.0,-125.504052,32.004835,696.5481605365654,696.5481605365654,-125.49021623523268,32.01766570960319,0.01886943283774412,-0.018869432837630727
3436.0,-125.242585,31.730035,696.9273862138879,696.9273862138879,-125.23179122279244,31.740125738596745,0.014775947747418068,-0.01477594774741367
3437.0,-124.981169,31.45843,697.3042805097757,697.3042805097757,-124.97387310380518,31.46530328279529,0.010023578087170342,-0.010023578087167723
3438.0,-124.717718,31.186504,697.6828404591885,697.6828404591885,-124.7137789293518,31.19024238884566,0.005430637967392619,-0.0054306379673731316
3439.0,-124.453892,30.91503,698.0613618734693,698.0613618734693,-124.45272186455351,30.916148383439342,0.0016186409362532515,-0.0016186409362532513
3440.0,-124.189028,30.644616,698.4398612317,698.4398612317,-124.19073927155358,30.642969408374896,0.002374808268046788,0.002374808268012382
3441.0,-123.922177,30.373716,698.8201138480161,698.8201138480161,-123.92664425516298,30.369389891061182,0.006218648345235069,0.00621864834523299
3442.0,-123.652017,30.100007,699.2047071675076,699.2047071675076,-123.65866712361162,30.093527310658306,0.009284961928555224,0.00928496192848636
3443.0,-123.390933,29.83646,699.5757023714093,699.5757023714093,-123.39938428129558,29.828178935901107,0.011832167094279006,0.01183216709427764
3444.0,-123.123588,29.56782,699.9547317043595,699.9547317043595,-123.13372829898339,29.557827241523018,0.014236603718998398,0.014236603718990649
3445.0,-122.856196,29.300205,700.3330784170287,700.3330784170287,-122.8677697438069,29.288732129970736,0.016296573026751478,0.016296573026738686
3446.0,-122.588535,29.033758,700.7107988796259,700.7107988796259,-122.60144429248363,29.02088256113215,0.01823257410427533,0.018232574104256508
3447.0,-122.320061,28.766886,701.0894059568665,701.0894059568665,-122.33365582153161,28.753240012507767,0.019262194763695582,0.019262194763643218
3448.0,-122.050793,28.500545,701.4682086653158,701.4682086653158,-122.06486104891589,28.486330415357777,0.019999110401483063,0.01999911040148039
3449.0,-121.780214,28.233407,701.8485083539025,701.8485083539025,-121.79410231442138,28.219277199170538,0.01981253514690521,0.019812535146897015
3450.0,-121.500533,27.958492,702.2407522349031,702.2407522349031,-121.51386337078598,27.944830070947624,0.019087878109518504,0.01908787810944529
3451.0,-121.240912,27.704593,702.603952087032,702.603952087032,-121.25346442143251,27.691637681182343,0.018038945908412513,0.01803894590841223
3452.0,-120.969386,27.441198,702.9823073454459,702.9823073454459,-120.98124188500542,27.42886891447745,0.0171046297558289,0.01710462975582811
3453.0,-120.69658,27.178506,703.3610927114411,703.3610927114411,-120.70770416725341,27.166847366637462,0.01611430510335344,0.01611430510335065
3454.0,-120.424726,26.918457,703.7373575939265,703.7373575939265,-120.4349639028626,26.90764122261717,0.014892806834810248,0.0148928068347629
3455.0,-120.151159,26.6572,704.1156840540723,704.1156840540723,-120.15967537849366,26.648128335585838,0.01244282113872546,0.012442821138722134
3456.0,-119.876443,26.397571,704.493716631856,704.493716631856,-119.88351925392188,26.38996905629243,0.01038570737600444,0.010385707375996565
3457.0,-119.603868,26.14257,704.8670132854827,704.8670132854827,-119.60973699562474,26.136210402097547,0.008653877461812778,0.008653877461812523
3458.0,-119.340973,25.89851,705.2257604207566,705.2257604207566,-119.34558630564868,25.89346829676784,0.006833839366658935,0.006833839366646197
3459.0,-119.067392,25.645943,705.5981170953038,705.5981170953038,-119.07031439901579,25.64272014054469,0.004350544687295363,0.004350544687294166
3460.0,-118.797516,25.399326,705.9637110792872,705.9637110792872,-118.79892926521575,25.39775311596518,0.0021145407910519334,0.0021145407910484956
3461.0,-118.525828,25.153371,706.3301902397247,706.3301902397247,-118.5257587046915,25.15344884022841,0.00010421583823967889,-0.00010421583806047782
3462.0,-118.254372,24.910104,706.6946886363511,706.6946886363511,-118.25292287711503,24.911747691412838,0.0021912732819990214,-0.0021912732819772294
3463.0,-117.980559,24.666508,707.0611500517157,707.0611500517157,-117.97744901357305,24.670070520129514,0.0047290131369024675,-0.0047290131368795014
3464.0,-117.704453,24.425057,707.4279091491397,707.4279091491397,-117.70055767850674,24.42956449807676,0.005957438077552526,-0.005957438077503371
3465.0,-117.426328,24.185101,707.7952082806179,707.7952082806179,-117.4220417249682,24.190112574055536,0.006594545334015275,-0.006594545334010337
3466.0,-117.146132,23.944939,708.1642039142021,708.1642039142021,-117.14099331591773,23.951011635124907,0.007955059487998437,-0.007955059487998435
3467.0,-116.866739,23.709263,708.5296789719272,708.5296789719272,-116.8613763110722,23.715669253089498,0.008354550327991109,-0.008354550327980772
3468.0,-116.584822,23.473563,708.8970973885487,708.8970973885487,-116.57899997392644,23.480595721330317,0.009129904540088418,-0.009129904540079205
3469.0,-116.301385,23.23911,709.2648833061173,709.2648833061173,-116.29506042395299,23.246834113249683,0.009983095094623739,-0.009983095094592487
3470.0,-116.010616,23.000945,709.6406852536709,709.6406852536709,-116.00366829018047,23.009521216761375,0.011037307899774241,-0.011037307899772718
3471.0,-115.72494,22.769932,710.0080236902851,710.0080236902851,-115.71767629579833,22.778987385907882,0.01160867833433745,-0.01160867833429442
3472.0,-115.437127,22.539854,710.3764431899572,710.3764431899572,-115.42975932135043,22.54912544785737,0.011842399843585066,-0.011842399843561644
3473.0,-115.147632,22.311115,710.7453494474348,710.7453494474348,-115.14044451720004,22.320239965103777,0.011615717676704664,-0.011615717676590313
3474.0,-114.862776,22.087611,711.1073769884097,711.1073769884097,-114.8556009682515,22.096794389802458,0.011654000551567149,-0.011654000551549344
3475.0,-114.570823,21.861443,711.476642198425,711.476642198425,-114.56418738410221,21.870002061112697,0.010830001176079802,-0.010830001176032928
3476.0,-114.278177,21.636786,711.845539191912,711.845539191912,-114.27224811063401,21.644488608063664,0.009720180044451838,-0.009720180044190698
3477.0,-113.983587,21.41325,712.2153057095355,712.2153057095355,-113.97886823166907,21.419421042909928,0.007768432606205565,-0.007768432605996134
3478.0,-113.687194,21.190817,712.5858507754998,712.5858507754998,-113.68418068637692,21.194781777342783,0.004979911482037258,-0.004979911482036753
3479.0,-113.390521,20.970967,712.9550759115751,712.9550759115751,-113.38992060963545,20.971761307195045,0.0009956869537895434,-0.0009956869537846276
3480.0,-113.092437,20.750763,713.3256594451597,713.3256594451597,-113.09401767042534,20.748661458911904,0.0026296376059255595,0.0026296376058914752
3481.0,-112.794685,20.529691,713.6965112369801,713.6965112369801,-112.79740247145058,20.526062210259155,0.004533515861665881,0.004533515861665879
3482.0,-112.496862,20.307843,714.0678887368567,714.0678887368567,-112.49993102083043,20.303729248531898,0.005132430223486701,0.005132430223368942
3483.0,-112.199046,20.084591,714.44009808339,714.44009808339,-112.20141904930068,20.081399823314445,0.003976804197080219,0.003976804197078362
3484.0,-111.902475,19.862744,714.8104653510292,714.8104653510292,-111.90407501851455,19.860586729449636,0.0026858658705100863,0.0026858658704808185
3485.0,-111.60487,19.639933,715.1822332041646,715.1822332041646,-111.60535843964752,19.639273080679544,0.0008210157116471712,0.00082101571164045
3486.0,-111.30637,19.417677,715.5543873140482,715.5543873140482,-111.30614472080093,19.41798181040366,0.0003790251966727368,-0.00037902519666090854
3487.0,-111.006984,19.195692,715.9270918318507,715.9270918318507,-111.00636342391482,19.19653242665554,0.001044716057520925,-0.0010447160575151587
3488.0,-110.689373,18.963226,716.3206836317978,716.3206836317978,-110.68971455583484,18.962763311544048,0.0005751008568771897,0.0005751008568666907
3489.0,-110.40705,18.755509,716.6711864243073,716.6711864243073,-110.40773151090694,18.754586056164147,0.0011472935284495935,0.001147293528416216
3490.0,-110.107127,18.533617,717.0442674922136,717.0442674922136,-110.10764459705236,18.53291665057825,0.0008708593578448775,0.0008708593578139511
3491.0,-109.806758,18.310149,717.4186445655623,717.4186445655623,-109.80663957627812,18.310309002833073,0.00019906050461355107,-0.0001990605046106573
3492.0,-109.508225,18.087711,717.7909349380758,717.7909349380758,-109.50749829911295,18.08869084731002,0.0012199159520979899,-0.0012199159520905735
3493.0,-109.209292,17.864595,718.1639529860292,718.1639529860292,-109.20802108776107,17.866304143870906,0.0021298804404307537,-0.0021298804404283654
3494.0,-108.91561,17.64644,718.5297976514403,718.5297976514403,-108.91458608335363,17.647813411074413,0.001713085893365543,-0.0017130858933636257
3495.0,-108.609075,17.419642,718.911110195751,718.911110195751,-108.6090008185344,17.419741294629162,0.00012394479908437668,-0.00012394479908388252
3496.0,-108.309406,17.199795,719.2827580567592,719.2827580567592,-108.31134946970494,17.197197362705367,0.0032441938919395797,0.003244193891931828
3497.0,-108.008246,16.97799,719.6567701015665,719.6567701015665,-108.01192914687516,16.9730713313504,0.006144824829769261,0.006144824829611446
3498.0,-107.701886,16.750911,720.0381059772619,720.0381059772619,-107.70670848308022,16.744472564386065,0.008044239940091309,0.008044239939847032
3499.0,-107.401502,16.527431,720.4125034328306,720.4125034328306,-107.40703823872138,16.520037275091497,0.009236726000204113,0.009236726000147499
3500.0,-107.101574,16.302632,720.7873292006528,720.7873292006528,-107.10695771020598,16.295435337556054,0.00898756284617941,0.008987562846128703
3501.0,-106.80277,16.078878,721.1606312247022,721.1606312247022,-106.80796644412627,16.071921092092687,0.008683409421896,0.008683409421636538
3502.0,-106.503211,15.854095,721.5351551621499,721.5351551621499,-106.50780189823081,15.847935795097301,0.007681936708872808,0.0076819367086432624
3503.0,-106.203137,15.629066,721.9102385035069,721.9102385035069,-106.20692998992871,15.623963501735934,0.006357850354805713,0.006357850354770957
3504.0,-105.908879,15.409632,722.2773149550493,722.2773149550493,-105.91216872403798,15.405192180973108,0.005525782952455038,0.005525782952439747
3505.0,-105.608345,15.186228,722.6517963281538,722.6517963281538,-105.61108131461252,15.182520605266648,0.00460784042340615,0.004607840423263754
3506.0,-105.306669,14.963379,723.026865421172,723.026865421172,-105.30907439954194,14.960105241206989,0.004062443056978245,0.004062443056863523
3507.0,-105.004649,14.740322,723.4023315885809,723.4023315885809,-105.00623735860529,14.738149163629505,0.002691486754927133,0.0026914867549148996
3508.0,-104.69668,14.511862,723.7857776604234,723.7857776604234,-104.69637266312716,14.512284898198553,0.0005227799152069471,-0.000522779915206578
3509.0,-104.401095,14.294197,724.1528421110748,724.1528421110748,-104.39912643764218,14.296922654874065,0.0033622064554580267,-0.0033622064554052295
3510.0,-104.097667,14.073091,724.5282627242303,724.5282627242303,-104.09442680634356,14.077608621832866,0.005559474971254985,-0.005559474971251759
3511.0,-103.792595,13.853744,724.9039813101707,724.9039813101707,-103.7887309482161,13.859172479250773,0.006663278709823255,-0.006663278709819987
3512.0,-103.485582,13.635718,725.2805081049288,725.2805081049288,-103.4815614388262,13.64141310861987,0.006971310805314435,-0.006971310805291181
3513.0,-103.179603,13.420221,725.6547272678365,725.6547272678365,-103.17540768308274,13.426216311431007,0.007317406862477385,-0.007317406862333318
3514.0,-102.869921,13.20692,726.0307265438372,726.0307265438372,-102.86687083003852,13.211320440850873,0.005354196155910121,-0.005354196155720655
3515.0,-102.559775,12.994066,726.4068639733081,726.4068639733081,-102.55723581208176,12.997766560403349,0.004487941909494276,-0.004487941909461396
3516.0,-102.249159,12.781599,726.7831709728259,726.7831709728259,-102.24642146032657,12.785631928707296,0.004874283272621152,-0.004874283272616601
3517.0,-101.938286,12.570325,727.1590110422619,727.1590110422619,-101.93490221708399,12.575367354630421,0.006072505828869753,-0.006072505828846198
3518.0,-101.625884,12.360969,727.5350401000445,727.5350401000445,-101.62209042806093,12.366689891516133,0.006864385463845593,-0.006864385463791936
3519.0,-101.311864,12.153728,727.9112423574019,727.9112423574019,-101.30797626336805,12.159663177406907,0.0070951269876511,-0.007095126987649075
3520.0,-100.996124,11.94808,728.2880077955132,728.2880077955132,-100.99221551400178,11.954122533163476,0.007196420626250127,-0.007196420626248625
3521.0,-100.674493,11.741164,728.6704052102856,728.6704052102856,-100.67051584592951,11.74739402380877,0.007391275340440878,-0.007391275340440822
3522.0,-100.356541,11.540741,729.046212607414,729.046212607414,-100.3531495641742,11.54612449098951,0.006362689069463629,-0.006362689069398086
3523.0,-100.042376,11.347873,729.41481397618,729.41481397618,-100.04068984062364,11.350585524534775,0.0031938883503110794,-0.0031938883503051345
3524.0,-99.720811,11.15226,729.7911830516641,729.7911830516641,-99.7204281601086,11.15288453552476,0.0007325373738834457,-0.0007325373738521152
3525.0,-99.398384,10.957624,730.1678005234952,730.1678005234952,-99.39871158937743,10.957081848070374,0.0006334378540982484,0.0006334378540982063
3526.0,-99.075287,10.764978,730.5439775971976,730.5439775971976,-99.07611778462068,10.763582661262491,0.0016239375844963155,0.0016239375844888406
3527.0,-98.750218,10.574876,730.920565734151,730.920565734151,-98.75190570278588,10.571998119980115,0.0033362455098945422,0.0033362455098944694
3528.0,-98.423092,10.386824,731.2979166971313,731.2979166971313,-98.42575624231489,10.382209448778045,0.005328439742787253,0.005328439742724815
3529.0,-98.095314,10.201631,731.6744322044555,731.6744322044555,-98.09904162366408,10.195070649044405,0.007545421316372369,0.007545421316370949
3530.0,-97.767441,10.017881,732.0503400416308,732.0503400416308,-97.77156284289462,10.010506898663524,0.008447896742298464,0.00844789674229046
3531.0,-97.436515,9.836679,732.4276913596682,732.4276913596682,-97.44152073292518,9.827570789935537,0.010393115639530798,0.01039311563949143
3532.0,-97.1042,9.65732,732.8053987210977,732.8053987210977,-97.10984992100956,9.646859153299667,0.01188910934856009,0.011889109348469928
3533.0,-96.769862,9.479598,733.1841291828448,733.1841291828448,-96.77595116886052,9.468119879475251,0.012993276268611867,0.012993276268607166
3534.0,-96.441919,9.306917,733.5548540074677,733.5548540074677,-96.4478158539471,9.295598908900681,0.012762134328003293,0.012762134328003133
3535.0,-96.123273,9.141519,733.9139597017132,733.9139597017132,-96.12873983470504,9.130835974888582,0.012000554454837066,0.012000554454836915
3536.0,-95.813712,8.982484,734.2620590653032,734.2620590653032,-95.81828989249104,8.973376513961044,0.010193301801148741,0.010193301801064498
3537.0,-95.511448,8.829542,734.6008731836763,734.6008731836763,-95.51502879331883,8.82228967502552,0.008088157906944409,0.008088157906829064
3538.0,-95.218877,8.684279,734.9275668243478,734.9275668243478,-95.22159518722353,8.678675514610664,0.0062279683919096,0.006227968391800592
3539.0,-94.930228,8.542369,735.2492355321091,735.2492355321091,-94.9316952264726,8.539289870120998,0.003410834844090914,0.0034108348440768095
3540.0,-94.650283,8.407664,735.5599117175713,735.5599117175713,-94.65077971776553,8.40660301695944,0.001171500555248569,0.0011715005552198066
3541.0,-94.378247,8.278413,735.8610786685786,735.8610786685786,-94.37759826212306,8.279823322084393,0.0015523753459480657,-0.001552375345817633
3542.0,-94.113929,8.154476,736.1529745722305,736.1529745722305,-94.11201575718466,8.158708292939822,0.004644653011678334,-0.004644653011678328
3543.0,-93.854356,8.034642,736.4388169288901,736.4388169288901,-93.8511757621133,8.041797728664228,0.007830604429546686,-0.007830604428919818
3544.0,-93.603606,7.920861,736.7141038667,736.7141038667,-93.59928252042452,7.930746035826934,0.010789180179203786,-0.010789180179163799
3545.0,-93.359338,7.812887,736.9811018041612,736.9811018041612,-93.3543638657406,7.824432465192216,0.012571387279660222,-0.012571387279656423
3546.0,-93.121722,7.709699,737.2400843178339,737.2400843178339,-93.11625257839424,7.7225756363532385,0.013990079930979057,-0.01399007993097652
3547.0,-92.890797,7.610996,737.4911467699133,737.4911467699133,-92.88493600129576,7.624980150295816,0.015162709695406713,-0.015162709695348053
3548.0,-92.665349,7.516163,737.7356569595614,737.7356569595614,-92.65921823270092,7.530976828257257,0.016032336551826662,-0.01603233655182465
3549.0,-92.446892,7.42648,737.9717399852732,737.9717399852732,-92.44088986462873,7.441155667357062,0.015855624913268702,-0.015855624913109687
3550.0,-92.233829,7.340511,738.2014321084824,738.2014321084824,-92.22812196469776,7.354621119656714,0.01522056926227629,-0.01522056926221502
3551.0,-92.026827,7.258387,738.424073911893,738.424073911893,-92.02157165817434,7.2715170203322135,0.014142703123125572,-0.014142703123067247
3552.0,-91.821753,7.17799,738.6442946671812,738.6442946671812,-91.81697889892051,7.190037341927352,0.012958799660143374,-0.012958799660138975
3553.0,-91.630404,7.103937,738.849431363869,738.849431363869,-91.62615412811402,7.1147582643896685,0.011625883796008906,-0.011625883796008894
3554.0,-91.440466,7.031821,739.0525583527456,739.0525583527456,-91.43697669250137,7.0407822991394085,0.009616659975580437,-0.009616659975551101
3555.0,-91.241319,6.956756,739.2653483594112,739.2653483594112,-91.23857440850945,6.963866177985657,0.007621509918496141,-0.007621509918487965
3556.0,-91.068984,6.89275,739.4491574995624,739.4491574995624,-91.06701687667695,6.897882864542556,0.00549689663176701,-0.005496896631729232
3557.0,-90.877847,6.822541,739.6527542179721,739.6527542179721,-90.87680929709528,6.82526965111313,0.0029193088592438265,-0.0029193088592173394
3558.0,-90.68213,6.750898,739.8611542345808,739.8611542345808,-90.68192710105583,6.751435546589211,0.0005745644586260146,-0.0005745644586258081
3559.0,-90.480204,6.677858,740.0758690096199,740.0758690096199,-90.48095288911192,6.675859235718851,0.0021344539239689427,0.0021344539239656463
3560.0,-90.273071,6.603388,740.2959742439134,740.2959742439134,-90.274748227034,6.598879174353165,0.004810675548934552,0.00481067554890219
3561.0,-90.061055,6.527397,740.521197762341,740.521197762341,-90.06356726731114,6.520596258876588,0.00724993564594332,0.007249935645705155
3562.0,-89.843895,6.449508,740.7519130937434,740.7519130937434,-89.84706007591211,6.440883148832246,0.009187260919082544,0.009187260918965925
3563.0,-89.623097,6.37043,740.9864598179738,740.9864598179738,-89.62678781119364,6.360308481537442,0.010773449923537444,0.010773449923322838
3564.0,-89.399276,6.291243,741.2238893672825,741.2238893672825,-89.40364817789329,6.279182168517734,0.012828857921661422,0.01282885792165954
3565.0,-89.171083,6.209498,741.4663045858174,741.4663045858174,-89.17567161697517,6.196769724980621,0.013530128998415353,0.013530128998075697
3566.0,-88.938485,6.126425,741.7133140501265,741.7133140501265,-88.94323254226445,6.113188991446532,0.014061688375876432,0.014061688375872282
3567.0,-88.701708,6.042049,741.9646976724276,741.9646976724276,-88.70654362720826,6.028500912998255,0.014385199056813923,0.01438519905681301
3568.0,-88.456113,5.954697,742.2253880350753,742.2253880350753,-88.46095267992833,5.941067868430124,0.014462908737789573,0.01446290873778947
3569.0,-88.216119,5.869186,742.4801831278432,742.4801831278432,-88.22077883683085,5.855997008892218,0.013987979329810364,0.01398797932981036
3570.0,-87.964234,5.77983,742.7474703556732,742.7474703556732,-87.96868487374435,5.767165258844695,0.013424080810952017,0.013424080810951616
3571.0,-87.716116,5.691506,743.0108581553186,743.0108581553186,-87.7201240248027,5.680041082649547,0.012145311551038806,0.012145311551038766
3572.0,-87.463002,5.601832,743.2794036545673,743.2794036545673,-87.46654841033045,5.591632506391304,0.010798458042966636,0.010798458042965422
3573.0,-87.205788,5.511302,743.5520987425399,743.5520987425399,-87.20890267349314,5.502294566129363,0.009530742673201689,0.009530742673201647
3574.0,-86.949907,5.421634,743.8232477824316,743.8232477824316,-86.95256641280908,5.413900528109437,0.008177962091574604,0.008177962091574419
3575.0,-86.685318,5.329248,744.1035108418015,744.1035108418015,-86.68745602041189,5.32299484980777,0.006608556469323846,0.006608556469322285
3576.0,-86.408611,5.234351,744.3960493393457,744.3960493393457,-86.41056310786051,5.228607012956407,0.006066639288441717,0.0060666392884417076
3577.0,-86.149343,5.144584,744.6704207790668,744.6704207790668,-86.1507076575799,5.140545594197565,0.004262746970618077,0.004262746970618076
3578.0,-85.875709,5.050382,744.9598157847252,744.9598157847252,-85.87645834230219,5.048151008645353,0.002353473244027947,0.0023534732440259644
3579.0,-85.598295,4.955753,745.2529235277142,745.2529235277142,-85.59851838161791,4.955083812468467,0.0007054865693837955,0.0007054865693819671
3580.0,-85.31699,4.860535,745.5499026464679,745.5499026464679,-85.31673125922937,4.861315006566111,0.0008218010888067625,-0.0008218010888066771
3581.0,-85.033102,4.764838,745.8494780086886,745.8494780086886,-85.03230176365881,4.767265907545633,0.0025563867571060323,-0.002556386757103262
3582.0,-84.748982,4.670364,746.1488855132033,746.1488855132033,-84.74785275417203,4.673812239581132,0.0036284366259955354,-0.003628436625995535
3583.0,-84.460723,4.574527,746.4526452831741,746.4526452831741,-84.45908687807243,4.579556002568379,0.005288455520721775,-0.0052884555207202266
3584.0,-84.127832,4.465543,746.802907699902,746.802907699902,-84.1258871153844,4.471566984812031,0.006330163440509578,-0.006330163440508702
3585.0,-83.873618,4.383475,747.0700293668809,747.0700293668809,-83.87161548582213,4.389714029153796,0.006552522248299165,-0.006552522248299115
3586.0,-83.576714,4.28898,747.3815951254849,747.3815951254849,-83.57486085564034,4.294793644210658,0.006101852425767656,-0.006101852425767413
3587.0,-83.27684,4.195597,747.6956572735393,747.6956572735393,-83.27553649794427,4.1997151044825465,0.004319479382804135,-0.004319479382803545
3588.0,-82.974375,4.100428,748.0127325585746,748.0127325585746,-82.97314569744196,4.104339501540462,0.004100125495666863,-0.004100125495664948
3589.0,-82.669225,4.004506,748.3325947328599,748.3325947328599,-82.66789974876521,4.008753490701476,0.004449434581431307,-0.0044494345814309715
3590.0,-82.361357,3.908109,748.6551908268877,748.6551908268877,-82.35984499548638,3.912990911220658,0.005110696118492466,-0.005110696118492348
3591.0,-82.051215,3.810815,748.9802197998453,748.9802197998453,-82.04926504782085,3.8171582925287026,0.0066362394174451595,-0.006636239417443741
3592.0,-81.747078,3.716187,749.2987195899747,749.2987195899747,-81.74472830244275,3.7238874433083544,0.008050956822373627,-0.008050956822373626
3593.0,-81.427222,3.617799,749.6333451743335,749.6333451743335,-81.42456504176079,3.6265749338072903,0.0091693206550358,-0.0091693206550358
3594.0,-81.110707,3.522268,749.9639428271099,749.9639428271099,-81.1080477028509,3.531120544785443,0.009243344119177387,-0.009243344119177387
3595.0,-80.791174,3.427558,750.297196204068,750.297196204068,-80.78877967163766,3.4355920455990465,0.008383239051481117,-0.008383239051481117
3596.0,-80.471225,3.335225,750.6301767404656,750.6301767404656,-80.46956547770233,3.3408381927061725,0.0058533705344100745,-0.00585337053441004
3597.0,-80.148146,3.242056,750.9664053975328,750.9664053975328,-80.14702806922874,3.2458682780134556,0.003972811707242589,-0.003972811707241163
3598.0,-79.810103,3.14445,751.3182481586493,751.3182481586493,-79.80928834051105,3.147252104910529,0.0029181264558876922,-0.002918126455887562
3599.0,-79.496002,3.053992,751.6451091761363,751.6451091761363,-79.495324876191,3.0563399103738775,0.002443599757831422,-0.0024435997578314064
3600.0,-79.166247,2.958804,751.9883215954866,751.9883215954866,-79.16544482353213,2.96160941989869,0.002917853302270819,-0.00291785330227055
3601.0,-78.830931,2.863142,752.3370094192829,752.3370094192829,-78.83008263935513,2.866135074440501,0.003110982222733622,-0.0031109822227329475
3602.0,-78.506374,2.770693,752.6744677495923,752.6744677495923,-78.50531146884535,2.774473934126149,0.003927395488217,-0.003927395488216375
3603.0,-78.172737,2.67731,753.0209180145871,753.0209180145871,-78.17167353258681,2.6811280114574076,0.00396335393673246,-0.003963353936731988
3604.0,-77.836661,2.584723,753.3695054533291,753.3695054533291,-77.83576111994182,2.5879829653306796,0.0033818867627927528,-0.0033818867627923273
3605.0,-77.500271,2.494224,753.717845661359,753.717845661359,-77.49987155993952,2.4956842645540673,0.0015139104761441996,-0.0015139104761434385
3606.0,-77.161256,2.403563,754.0687686400975,754.0687686400975,-77.16127525268138,2.4034919550670253,7.360739257606679e-05,7.360739255699685e-05
3607.0,-76.820543,2.312643,754.4214042306403,754.4214042306403,-76.82080926504574,2.3116512561784774,0.0010268655618483362,0.0010268655618480154
3608.0,-76.478127,2.221517,754.7757411139172,754.7757411139172,-76.478482857504,2.220178860888738,0.0013846482745613633,0.0013846482745608689
3609.0,-76.133669,2.1296,755.1322538327007,755.1322538327007,-76.13383552090663,2.1289677212090496,0.0006538391865214346,0.0006538391865209454
3610.0,-75.790359,2.038896,755.4873440326649,755.4873440326649,-75.79034670564607,2.0389431440355343,4.872074737574266e-05,-4.872074735988988e-05
3611.0,-75.444923,1.947461,755.8446700511014,755.8446700511014,-75.44447843289899,1.9491825719334168,0.0017780466330305808,-0.001778046633028706
3612.0,-75.097702,1.856606,756.2035713079608,756.2035713079608,-75.09686824082642,1.8598673767149703,0.00336626386910904,-0.0033662638691090026
3613.0,-74.748474,1.766161,756.5643077334063,756.5643077334063,-74.74726292867979,1.7709470170435098,0.004936866707073263,-0.004936866707073141
3614.0,-74.399998,1.6777,756.9238228739215,756.9238228739215,-74.39862575282307,1.683179183531284,0.00564840813717363,-0.005648408137173578
3615.0,-74.048577,1.591154,757.2857301116952,757.2857301116952,-74.04745331365912,1.5956880346157944,0.004671203366359975,-0.004671203366358274
3616.0,-73.695684,1.505332,757.6488968612049,757.6488968612049,-73.69484106778637,1.5087707049142884,0.003540512138706262,-0.003540512138689889
3617.0,-73.341076,1.419775,758.0136708655594,758.0136708655594,-73.3404406562797,1.4223974289982646,0.0026982949234413806,-0.002698294923437021
3618.0,-72.979025,1.332413,758.386104834665,758.386104834665,-72.97835256377277,1.335224163044692,0.002890468498966628,-0.0028904684989660605
3619.0,-72.631152,1.250209,758.7435505433772,758.7435505433772,-72.63059380679158,1.2525731406323597,0.0024291440030390337,-0.0024291440030379512
3620.0,-72.273938,1.167506,759.1102060688523,759.1102060688523,-72.2736189931839,1.168876382273277,0.0014070227161029744,-0.001407022716100356
3621.0,-71.907847,1.085149,759.4854392633764,759.4854392633764,-71.90801577116059,1.084412765831227,0.0007553306930841608,0.0007553306930839671
3622.0,-71.555492,1.007768,759.8461883024595,759.8461883024595,-71.55625249203958,1.0043981299335978,0.0034546161012029308,0.003454616101202323
3623.0,-71.194158,0.930978,760.2155903692458,760.2155903692458,-71.19576716840005,0.9237255101555611,0.007428864777569475,0.007428864777568179
3624.0,-70.831635,0.854559,760.5861006415562,760.5861006415562,-70.83390388741734,0.8441474559874009,0.010655895027579994,0.010655895027579722
3625.0,-70.467866,0.778561,760.9577624329758,760.9577624329758,-70.4706108125936,0.7657226341167825,0.013128504664483752,0.013128504664475165
3626.0,-70.102075,0.702385,761.3314558687221,761.3314558687221,-70.10501741879915,0.6883400782004615,0.014349831244469374,0.014349831244453458
3627.0,-69.738563,0.627779,761.702606725441,761.702606725441,-69.74159382584851,0.6130005328089307,0.015086053090239306,0.015086053090238598
3628.0,-69.365572,0.551896,762.0833060543307,762.0833060543307,-69.36848652036879,0.5373521643938358,0.014832989689176774,0.014832989689176665
3629.0,-69.005803,0.480503,762.4501568664293,762.4501568664293,-69.00862732943622,0.4660734311938033,0.014703376914745792,0.014703376914672552
3630.0,-68.637039,0.408873,762.8258825897807,762.8258825897807,-68.63972897754749,0.3947743243941468,0.01435300083763259,0.014353000837617255
3631.0,-68.269202,0.339428,763.200287616431,763.200287616431,-68.27178897626564,0.32549948523496386,0.014166720501187889,0.01416672050118744
3632.0,-67.899182,0.271212,763.5766140415345,763.5766140415345,-67.90161843386332,0.25771270410338093,0.01371740499055217,0.013717404990495324
3633.0,-67.528119,0.203839,763.953810018915,763.953810018915,-67.53024706516227,0.19168399887092005,0.01233988305385392,0.01233988305380077
3634.0,-67.154898,0.137341,764.3329641889175,764.3329641889175,-67.15659893555117,0.12730534602333998,0.010178778536174516,0.01017877853617225
3635.0,-66.783205,0.07194,764.710399279802,764.710399279802,-66.7842983216787,0.06526392651304312,0.006765006245110546,0.006765006245026305
3636.0,-66.410439,0.009161,765.0884357221898,765.0884357221898,-66.41105961671481,0.005230315314060027,0.0039793777411785474,0.003979377741158898
3637.0,-66.035914,-0.051065,765.4677833775685,765.4677833775685,-66.03618209909138,-0.05283065774500967,0.0017858959643011025,0.001785895964300495
3638.0,-65.659701,-0.108856,765.8484108043391,765.8484108043391,-65.65969715385933,-0.1088296007634415,2.6677940117968156e-05,-2.667794004674979e-05
3639.0,-65.284652,-0.163273,766.22738311663,766.22738311663,-65.2845131618259,-0.16227609494525366,0.0010065265653547814,-0.0010065265653528834
3640.0,-64.907107,-0.216023,766.6085825689335,766.6085825689335,-64.90679202803169,-0.21364996288619176,0.0023938488850240996,-0.002393848885022949
3641.0,-64.528649,-0.266775,766.9904038263043,766.9904038263043,-64.52812988308371,-0.26265964438077105,0.004147967483660147,-0.004147967483656722
3642.0,-64.14858,-0.315654,767.3735639405962,767.3735639405962,-64.14783041571637,-0.3093874522723831,0.006311219931261912,-0.006311219931228316
3643.0,-63.768835,-0.363112,767.7561994624879,767.7561994624879,-63.76776101082911,-0.3536220888214904,0.00955049040181668,-0.00955049040181668
3644.0,-63.388955,-0.407503,768.1385879917659,768.1385879917659,-63.38766513828399,-0.395426867535214,0.012144822705724768,-0.012144822705721843
3645.0,-63.00744,-0.448472,768.5222142869868,768.5222142869868,-63.00608382071004,-0.43497887153069015,0.013561111243398379,-0.01356111124338864
3646.0,-62.624621,-0.486253,768.9068079761039,768.9068079761039,-62.62330136738287,-0.4722539721934205,0.014061088498888215,-0.01406108849886755
3647.0,-62.242405,-0.520922,769.2905083438862,769.2905083438862,-62.24118674489125,-0.5070955555311794,0.013880011244929429,-0.013880011244929226
3648.0,-61.858265,-0.552876,769.675893013832,769.675893013832,-61.85718902203755,-0.5397550587753285,0.013164984891634519,-0.013164984891634233
3649.0,-61.473498,-0.582507,770.0617223886976,770.0617223886976,-61.47255796063753,-0.5701328716147013,0.012409783531506352,-0.01240978353148154
3650.0,-61.08767,-0.61032,770.4484791448527,770.4484791448527,-61.086827338321584,-0.598279622049043,0.01206982932382096,-0.012069829323820848
3651.0,-60.701329,-0.636587,770.835640292637,770.835640292637,-60.700533421192226,-0.6241704713951131,0.01244199052544877,-0.012441990525445338
3652.0,-60.315607,-0.660497,771.222029874053,771.222029874053,-60.31486483480666,-0.6477551124891919,0.012763483322051534,-0.01276348332202448
3653.0,-59.928747,-0.681308,771.6093775393181,771.6093775393181,-59.92810971558016,-0.6691626405039934,0.012162067616939396,-0.012162067616939356
3654.0,-59.540945,-0.69867,771.9975000085572,771.9975000085572,-59.54046447189336,-0.6883931643446898,0.010288063877500427,-0.010288063877498489
3655.0,-59.153284,-0.713682,772.3853945907822,772.3853945907822,-59.152944170767775,-0.7054175665222084,0.008271417328119582,-0.008271417328100206
3656.0,-58.764321,-0.72644,772.7745211417966,772.7745211417966,-58.76410345962141,-0.7203167488748516,0.00612711417862835,-0.006127114178623178
3657.0,-58.374804,-0.737312,773.1641571370138,773.1641571370138,-58.37467684997197,-0.7330738281994997,0.004240078695045998,-0.0042400786950452666
3658.0,-57.984395,-0.746549,773.554654002255,773.554654002255,-57.984325464474445,-0.743714409645788,0.0028354431162528437,-0.0028354431162458636
3659.0,-57.593556,-0.754296,773.9455562323947,773.9455562323947,-57.59351671369839,-0.7522411829672149,0.002055192558306333,-0.0020551925583063204
3660.0,-57.195614,-0.760047,774.3435304484481,774.3435304484481,-57.19559645037952,-0.758764568199516,0.0012825518750022333,-0.0012825518749880666
3661.0,-56.812332,-0.762687,774.7268160947756,774.7268160947756,-56.812334784658184,-0.7630141156502492,0.00032712750260286875,0.00032712750259609406
3662.0,-56.420439,-0.762681,775.11871043932,775.11871043932,-56.42044767491463,-0.7653217112488682,0.002640725497669594,0.002640725497651965
3663.0,-56.021745,-0.761083,775.5174225043953,775.5174225043953,-56.02173614705875,-0.7655813654487125,0.004498374160153791,0.004498374160153681
3664.0,-55.636591,-0.756788,775.9026212276465,775.9026212276465,-55.6365416817408,-0.7638568237518549,0.007068995793284842,0.0070689957932825705
3665.0,-55.243751,-0.75073,776.2955424197534,776.2955424197534,-55.24363856309355,-0.7601304105343903,0.00940108293086547,0.009401082930856884
3666.0,-54.850017,-0.742682,776.6894027715656,776.6894027715656,-54.8498193314135,-0.754465349807362,0.011785007660275371,0.011785007660254834
3667.0,-54.456341,-0.732953,777.083252802104,777.083252802104,-54.45604152839762,-0.7469410713951511,0.013991276732181321,0.013991276732175558
3668.0,-54.062646,-0.721891,777.4771656620381,777.4771656620381,-54.062239080465005,-0.7376287000594616,0.015742959908147496,0.01574295990814539
3669.0,-53.668223,-0.709229,777.8718593911657,777.8718593911657,-53.66770035339518,-0.7265788565987271,0.017357726909648017,0.017357726909548968
3670.0,-53.273156,-0.695119,778.2672500391981,778.2672500391981,-53.27251466240942,-0.7138580650614039,0.018750036620780713,0.01875003662062199
3671.0,-52.87946,-0.680378,778.6612956277959,778.6612956277959,-52.87872700777519,-0.6996097088875999,0.01924567235351941,0.019245672353515028
3672.0,-52.483118,-0.663834,779.0580554800166,779.0580554800166,-52.48228435989354,-0.6837532652983522,0.019936701980348488,0.019936701980262712
3673.0,-52.087621,-0.647738,779.4539467598652,779.4539467598652,-52.086769595921034,-0.6664959186773719,0.01877723094635027,0.018777230946270967
3674.0,-51.690938,-0.630811,779.8510470481598,779.8510470481598,-51.69010889443293,-0.6478202507846672,0.017029445918674214,0.017029445918616586
3675.0,-51.295664,-0.613529,780.2467398894993,780.2467398894993,-51.29491669530595,-0.6279249698376226,0.014415353338419815,0.01441535333838553
3676.0,-50.908497,-0.595784,780.6343401689651,780.6343401689651,-50.90786761519955,-0.6072638580308363,0.011497098139756428,0.011497098139747228
3677.0,-50.504671,-0.577757,781.0385672717289,781.0385672717289,-50.504278964549414,-0.5845560852604791,0.00681037826950766,0.00681037826894434
3678.0,-50.100302,-0.558611,781.4433732717702,781.4433732717702,-50.10017370480363,-0.5607493016980573,0.0021421470092703706,0.0021421470090167436
3679.0,-49.707306,-0.539334,781.8368148249573,781.8368148249573,-49.70745788286522,-0.5368639220898562,0.0024747430749326236,-0.002474743074835781
3680.0,-49.317356,-0.519179,782.2272621698769,782.2272621698769,-49.3177567307557,-0.5127364529412431,0.006454997888679751,-0.00645499788867551
3681.0,-48.912808,-0.499811,782.6322333382201,782.6322333382201,-48.91356734520132,-0.4875851543050247,0.012249404397443986,-0.012249404397224878
3682.0,-48.515717,-0.480799,783.0297550825153,783.0297550825153,-48.5168010819459,-0.46308905873801154,0.017743090293646763,-0.01774309029109204
3683.0,-48.125997,-0.462082,783.4199277274257,783.4199277274257,-48.12733994232952,-0.43953740663752905,0.02258455631575682,-0.022584556311918313
3684.0,-47.727821,-0.443122,783.8185927369655,783.8185927369655,-47.72935354324709,-0.41628797833696335,0.026877749299681623,-0.026877749299553583
3685.0,-47.329333,-0.424489,784.2175942975808,784.2175942975808,-47.3309662190871,-0.3941600424230867,0.030372900294319716,-0.03037290029235915
3686.0,-46.930577,-0.406165,784.6168937299457,784.6168937299457,-46.93220301694962,-0.3734784800487129,0.0327269387148622,-0.032726938713238146
3687.0,-46.531395,-0.388019,785.0166495388505,785.0166495388505,-46.5328954674615,-0.3545609352889212,0.03349169295233893,-0.033491692948386824
3688.0,-46.123781,-0.369851,785.4248593316622,785.4248593316622,-46.12504608610669,-0.33742467863240916,0.032450990128062684,-0.032450990123750335
3689.0,-45.723732,-0.352698,785.8254688144337,785.8254688144337,-45.72469416769254,-0.3230812391671796,0.029632385811761013,-0.029632385811735402
3690.0,-45.323253,-0.336538,786.2264355143499,786.2264355143499,-45.32389738667797,-0.311435642233375,0.0251106272250293,-0.025110627225023344
3691.0,-44.922354,-0.321633,786.6277131988061,786.6277131988061,-44.92272084418706,-0.3024582089667195,0.01917829986801637,-0.019178299868014906
3692.0,-44.521038,-0.308195,787.029291451029,787.029291451029,-44.52119449388329,-0.29604242084698146,0.012153586730092881,-0.012153586729951923
3693.0,-44.12736,-0.296491,787.4231153078396,787.4231153078396,-44.1273905662723,-0.29213632517203025,0.0043547821018226985,-0.00435478210167443
3694.0,-43.725266,-0.286182,787.8252494924576,787.8252494924576,-43.72526036019986,-0.29047313186955426,0.0042911355757246665,0.004291135575657624
3695.0,-43.322808,-0.277683,788.2276478166749,788.2276478166749,-43.32286293133138,-0.29104650683201744,0.01336361973046761,0.013363619730467425
3696.0,-42.920017,-0.271536,788.6302978902528,788.6302978902528,-42.92022233964364,-0.2937452083863965,0.022210157620323932,0.022210157620317438
3697.0,-42.508844,-0.268314,789.0412754542268,789.0412754542268,-42.50927352983887,-0.2985714970550385,0.030260545664580165,0.030260545664384915
3698.0,-42.113529,-0.268691,789.4363948780567,789.4363948780567,-42.11420789121717,-0.3050709660352677,0.03638629992197584,0.03638629992170859
3699.0,-41.709888,-0.273018,789.8398744657095,789.8398744657095,-41.71081611175931,-0.31347358449872087,0.0404662292358815,0.04046622923529956
3700.0,-41.305993,-0.28152,790.2436913928426,790.2436913928426,-41.30712527391979,-0.32355344123931334,0.04204868876253143,0.042048688761752
3701.0,-40.90187,-0.294386,790.6478637059835,790.6478637059835,-40.90312097257726,-0.33519809793049365,0.04083126583731226,0.04083126583718581
3702.0,-40.497536,-0.311486,791.0524064951993,791.0524064951993,-40.49879042920149,-0.34829474100111696,0.03683011005561718,0.036830110055612125
3703.0,-40.092964,-0.332134,791.4573517928799,791.4573517928799,-40.0941026976276,-0.36273084897426844,0.03061803062643456,0.030618030626424746
3704.0,-39.688137,-0.355047,791.8626850933841,791.8626850933841,-39.6890721959121,-0.3783918664844691,0.023363590960545754,0.023363590959954564
3705.0,-39.283055,-0.37913,792.2683658043992,792.2683658043992,-39.28373834179017,-0.39516139939404277,0.016045956578948764,0.01604595657885344
3706.0,-38.877705,-0.403728,792.6743751170106,792.6743751170106,-38.878117812905714,-0.41292311308019203,0.00920437499522069,0.009204374995058748
3707.0,-38.47208,-0.428478,793.0806961556156,793.0806961556156,-38.47222448382919,-0.4315601345715989,0.0030855192584623692,0.003085519258425754
3708.0,-38.066179,-0.453184,793.4873127638057,793.4873127638057,-38.066070739259864,-0.45095505835729466,0.0022315692313796412,-0.002231569231366511
3709.0,-37.660005,-0.477771,793.8942109019811,793.8942109019811,-37.659666178533946,-0.47099005948014744,0.006789400144315832,-0.006789400144153344
3710.0,-37.253566,-0.502217,794.301375394461,794.301375394461,-37.253020966204176,-0.49154677154290094,0.010684139514498916,-0.010684139514486003
3711.0,-36.84687,-0.526526,794.7087934350274,794.7087934350274,-36.84614243273636,-0.5125064865294878,0.014038379966114395,-0.014038379966114184
3712.0,-36.43992,-0.550598,795.1164528923345,795.1164528923345,-36.43903687083247,-0.5337500955062155,0.016871034436519647,-0.016871034436513537
3713.0,-36.032712,-0.574233,795.5243442014107,795.5243442014107,-36.0317077503263,-0.5551582030262114,0.019101214542493805,-0.019101214542483248
3714.0,-35.625246,-0.597288,795.9324603066873,795.9324603066873,-35.62415688480427,-0.5766302117321677,0.02068647838633132,-0.020686478386331142
3715.0,-35.217524,-0.619691,796.3407976637466,796.3407976637466,-35.216386545994446,-0.5981417879061904,0.021579210909547474,-0.021579210909546717
3716.0,-34.809554,-0.641411,796.7493464715762,796.7493464715762,-34.808406254221794,-0.6196873182476332,0.021753980538041725,-0.02175398053804128
3717.0,-34.40134,-0.662428,797.158101561351,797.158101561351,-34.40022090203144,-0.6412614150833889,0.021196148171196943,-0.021196148171196454
3718.0,-33.992894,-0.682847,797.5670564372732,797.5670564372732,-33.991836705491345,-0.6628586034093185,0.020016340073659843,-0.02001634007365919
3719.0,-33.584237,-0.702929,797.9762039205847,797.9762039205847,-33.58326056132174,-0.6844733555161322,0.018481456809660127,-0.01848145680965991
3720.0,-33.175383,-0.722833,798.3855384695273,798.3855384695273,-33.17449773041543,-0.7061002144115878,0.016756187388100245,-0.01675618738809953
3721.0,-32.766345,-0.742668,798.7950529352842,798.7950529352842,-32.765555077608,-0.7277336232999949,0.014955252749553945,-0.014955252749553897
3722.0,-32.348944,-0.762884,799.2129387191995,799.2129387191995,-32.348252349847805,-0.7498008340397808,0.013101435473858364,-0.01310143547385768
3723.0,-31.947746,-0.782322,799.6146029994289,799.6146029994289,-31.94714779920348,-0.770998321077412,0.01133946861783293,-0.01133946861783284
3724.0,-31.538199,-0.802177,800.0246266585144,800.0246266585144,-31.537694546037464,-0.7926185533138306,0.009571748892060456,-0.009571748892060453
3725.0,-31.128493,-0.822048,800.4348100199999,800.4348100199999,-31.12808055721305,-0.8142234170465004,0.0078354455807378,-0.007835445580737774
3726.0,-30.718632,-0.841926,800.8451486759715,800.8451486759715,-30.718309959680266,-0.8358074364837771,0.00612703268063651,-0.006127032680636191
3727.0,-30.308622,-0.861812,801.2556367544622,801.2556367544622,-30.308388342966165,-0.8573650481007846,0.004453086211089569,-0.004453086211089458
3728.0,-29.898467,-0.881705,801.6662702615939,801.6662702615939,-29.898319421895426,-0.8788907770165197,0.00281808983137479,-0.0028180898313746854
3729.0,-29.479965,-0.902002,802.0852607892404,802.0852607892404,-29.47990254951948,-0.9008084175290669,0.0011952151176402644,-0.0011952151176402514
3730.0,-29.069532,-0.921909,802.4961733378135,802.4961733378135,-29.06954994783142,-0.9222528721575914,0.0003443402175455181,0.0003443402175455047
3731.0,-28.658967,-0.941821,802.9072183808893,802.9072183808893,-28.659062139138786,-0.9436488082001069,0.001830282566192113,0.0018302825661920487
3732.0,-28.256489,-0.961342,803.3101674709096,803.3101674709096,-28.25665624386416,-0.9645644553298011,0.0032267923488602302,0.0032267923488601582
3733.0,-27.845699,-0.981265,803.721438714256,803.721438714256,-27.845936026544766,-0.9858468024068164,0.004587929258176548,0.004587929258176399
3734.0,-27.435107,-1.001179,804.1325122733956,804.1325122733956,-27.435409550178278,-1.0070478111656007,0.005876604556021787,0.005876604556021709
3735.0,-27.0248,-1.021079,804.5433010297809,804.5433010297809,-27.02516356639492,-1.0281578714261697,0.007088201548471633,0.007088201548471353
3736.0,-26.61477,-1.040966,804.9538130337013,804.9538130337013,-26.615189789593007,-1.0491723215187705,0.008217051549785456,0.008217051549785385
3737.0,-26.205006,-1.060839,805.3640592340448,805.3640592340448,-26.205477043149077,-1.0700866621416425,0.009259651004992472,0.009259651004992342
3738.0,-25.770939,-1.081892,805.7986377198278,805.7986377198278,-25.77145855206833,-1.0921413392393542,0.010262499169065646,0.010262499169065485
3739.0,-25.386248,-1.10055,806.1837825303821,806.1837825303821,-25.386805423555632,-1.1115962920949207,0.01106034764673721,0.01106034764673721
3740.0,-24.977237,-1.120387,806.5932765272012,806.5932765272012,-24.977829207794397,-1.1321823910554616,0.011810248101670359,0.011810248101670348
3741.0,-24.568462,-1.140214,807.0025348276492,807.0025348276492,-24.569083027119486,-1.1526498108874748,0.012451307847458083,0.012451307847457948
3742.0,-24.159915,-1.160029,807.4115652962159,807.4115652962159,-24.160558806354302,-1.1729939544195676,0.012980929462996975,0.012980929462996671
3743.0,-23.751589,-1.179834,807.8203749681767,807.8203749681767,-23.752249303142698,-1.1932101927834393,0.013392480487945094,0.013392480487944591
3744.0,-23.343476,-1.199627,808.2289716752166,808.2289716752166,-23.34414648446739,-1.2132939453882507,0.013683382098971084,0.013683382098970425
3745.0,-22.935572,-1.219412,808.6373595673176,808.6373595673176,-22.936245999547097,-1.2332404598140374,0.013844875449708294,0.01384487544970794
3746.0,-22.527868,-1.239186,809.0455473878791,809.0455473878791,-22.528538914807594,-1.2530452170724533,0.013875446823091187,0.013875446823090757
3747.0,-22.120358,-1.258952,809.4535411938724,809.4535411938724,-22.12101898508004,-1.2727035737693835,0.013767450105623321,0.013767450105622924
3748.0,-21.713038,-1.278708,809.8613447853172,809.8613447853172,-21.71368222498727,-1.2922107862919847,0.013518145711643791,0.01351814571164322
3749.0,-21.3059,-1.298455,810.2689660848305,810.2689660848305,-21.306520536867247,-1.3115623159324978,0.0131219966833529,0.013121996683352882
3750.0,-20.898938,-1.318194,810.6764110144426,810.6764110144426,-20.89952782700838,-1.3307535334094773,0.012573375655073271,0.012573375655073271
3751.0,-20.492149,-1.337924,811.0836823863966,811.0836823863966,-20.49270111398505,-1.3497796702555984,0.011868519160450017,0.011868519160449864
3752.0,-20.077394,-1.358042,811.4989287821857,811.4989287821857,-20.077900317952384,-1.3690115814126282,0.010981260138854023,0.010981260138854
3753.0,-19.671711,-1.377717,811.905091648094,811.905091648094,-19.672165546891602,-1.3876547257943224,0.009948115743184981,0.009948115743184927
3754.0,-19.283675,-1.39654,812.2935860432369,812.2935860432369,-19.284073295519576,-1.4053266642321742,0.008795686877662665,0.008795686877662358
3755.0,-18.899738,-1.415184,812.677976584927,812.677976584927,-18.90007346180063,-1.4226533524654013,0.007476881761274456,0.007476881761274112
3756.0,-18.527567,-1.433326,813.0505892587842,813.0505892587842,-18.52783258033305,-1.4392945340828938,0.005974439891066452,0.0059744398910662406
3757.0,-18.166795,-1.451009,813.4117924566198,813.4117924566198,-18.166983160031872,-1.4552771553721953,0.0042723008413258256,0.004272300841325819
3758.0,-17.817066,-1.468234,813.7619417189316,813.7619417189316,-17.81717052619934,-1.4706272504203566,0.0023955319452859136,0.0023955319452858745
3759.0,-17.47136,-1.485319,814.1080640995153,814.1080640995153,-17.47137470306553,-1.4856588628069591,0.00034018069858535155,0.0003401806985853277
3760.0,-17.149364,-1.501274,814.4304481216325,814.4304481216325,-17.149289230103136,-1.4995298579846066,0.001745743940942488,-0.001745743940942448
3761.0,-16.830733,-1.517105,814.7494632107623,814.7494632107623,-16.830564183139952,-1.5131302343146098,0.00397834907794563,-0.00397834907794563
3762.0,-16.521828,-1.532501,815.0587408191191,815.0587408191191,-16.521562596696928,-1.526193823614605,0.006312757944810103,-0.00631275794480893
3763.0,-16.203708,-1.548398,815.3772439067218,815.3772439067218,-16.20333823172765,-1.539515561175732,0.008890132059879522,-0.008890132059855404
3764.0,-15.921068,-1.562541,815.6602223226155,815.6602223226155,-15.920602047672839,-1.5512216553034657,0.01132893092617948,-0.01132893092617562
3765.0,-15.617333,-1.5777,815.9643156720016,815.9643156720016,-15.616762503444175,-1.563643172271688,0.014068399770537338,-0.01406839977048762
3766.0,-15.31054,-1.592849,816.2714595971067,816.2714595971067,-15.30986726382628,-1.5760003275485621,0.016862097655252463,-0.016862097655233915
3767.0,-15.00078,-1.607884,816.5815583163275,816.5815583163275,-15.00001097909629,-1.5882597767937414,0.01963928536376529,-0.01963928536376516
3768.0,-14.688141,-1.622702,816.8945192975763,816.8945192975763,-14.687285064350446,-1.6003871259971103,0.02233128360844991,-0.022331283608432163
3769.0,-14.372708,-1.637179,817.2102526621028,817.2102526621028,-14.371778307789498,-1.6123469412698455,0.02484945609835573,-0.024849456098296422
3770.0,-14.054565,-1.651148,817.5286683632426,817.5286683632426,-14.05357970175936,-1.6241026804220078,0.02706326151258823,-0.0270632615124839
3771.0,-13.73379,-1.664388,817.8496811812715,817.8496811812715,-13.73277346500303,-1.6356169187729577,0.028789033647782156,-0.02878903364764128
3772.0,-13.410461,-1.676608,818.173204786481,818.173204786481,-13.409444990268264,-1.6468511696902675,0.029774170447842942,-0.029774170447800404
3773.0,-13.084655,-1.687439,818.4991524765677,818.4991524765677,-13.083680121961626,-1.6577659664108368,0.029689043594789362,-0.029689043594788484
3774.0,-12.756436,-1.696611,818.8274565831226,818.8274565831226,-12.755545775227374,-1.6683215294861338,0.028303474028831006,-0.028303474028831006
3775.0,-12.42588,-1.703977,819.158043012679,819.158043012679,-12.425115395676547,-1.678476920531433,0.02551153999026089,-0.025511539990260887
3776.0,-12.093071,-1.709369,819.4908307083342,819.4908307083342,-12.092469515818117,-1.6881901194417304,0.021187419968521515,-0.02118741996852151
3777.0,-11.758055,-1.712846,819.825784547201,819.825784547201,-11.757642895409022,-1.6974195461757273,0.015431957354345086,-0.015431957354345079
3778.0,-11.420903,-1.714947,820.1628568101142,820.1628568101142,-11.420683040908122,-1.706122252073915,0.008827488768672617,-0.008827488768670939
3779.0,-11.081709,-1.716294,820.5019753928223,820.5019753928223,-11.081662012749522,-1.7142537824143336,0.002040758584098075,-0.0020407585840980366
3780.0,-10.740555,-1.717259,820.8430704285925,820.8430704285925,-10.740649833224156,-1.7217690094782816,0.004511006410391445,0.0045110064103772145
3781.0,-10.397501,-1.718082,821.1860883800489,821.1860883800489,-10.397700416143257,-1.7286224332419955,0.010542319466187354,0.010542319466154259
3782.0,-10.052571,-1.718884,821.5310073210213,821.5310073210213,-10.052836303773686,-1.7347683134048482,0.015886528835329903,0.015886528835293928
3783.0,-9.705931,-1.719549,821.8776583311139,821.8776583311139,-9.70622726886129,-1.7401577762228038,0.020610905672477683,0.020610905672453776
3784.0,-9.357948,-1.720577,822.2256793218903,822.2256793218903,-9.358236530986984,-1.7447400633859158,0.024164785997857163,0.024164785997851275
3785.0,-9.008272,-1.721776,822.5754130816689,822.5754130816689,-9.008522793509435,-1.7484736023998904,0.026698780333322493,0.02669878033332066
3786.0,-8.656992,-1.723002,822.9267648107738,822.9267648107738,-8.657182610333892,-1.751309336010374,0.028307977750160924,0.028307977750121196
3787.0,-8.304353,-1.724188,823.2794846894856,823.2794846894856,-8.30446789699289,-1.753197513982372,0.02900974151578056,0.029009741515635203
3788.0,-7.950512,-1.725434,823.6333919038426,823.6333919038426,-7.950562080296628,-1.7541653056326838,0.028731349279050637,0.02873134925984106
3789.0,-7.594871,-1.726758,823.9890661387855,823.9890661387855,-7.594888063856455,-1.754544384964533,0.027786390204062546,0.027786390203204493
3790.0,-7.238123,-1.728134,824.3458111952685,824.3458111952685,-7.2381430678425325,-1.7547486297004975,0.026614637266228227,0.026614637252080166
3791.0,-6.880072,-1.729657,824.7038304835974,824.7038304835974,-6.880124092030574,-1.7552033377611393,0.025546390872016805,0.025546390866828816
3792.0,-6.4991,-1.731331,825.084737775118,825.084737775118,-6.499218935443279,-1.756443631355535,0.02511291299787157,0.02511291299495829
3793.0,-6.152849,-1.732907,825.4308990046057,825.4308990046057,-6.153065089433087,-1.7586753913099764,0.025769297339026557,0.02576929733198955
3794.0,-5.798223,-1.73454,825.7853902451583,825.7853902451583,-5.798594549843796,-1.7624738008523086,0.027936271750948902,0.02793627173557994
3795.0,-5.435189,-1.736229,826.1482166335811,826.1482166335811,-5.435816895233143,-1.7683845706417423,0.032161700448202026,0.03216170044818066
3796.0,-5.071009,-1.737951,826.5120696045938,826.5120696045938,-5.072062606047215,-1.7768215124457063,0.03888478910183948,0.03888478908072261
3797.0,-4.705719,-1.739688,826.8768484220776,826.8768484220776,-4.707464518409333,-1.788265518029773,0.04860886845474041,0.04860886844996442
3798.0,-4.317339,-1.741554,827.264374204761,827.264374204761,-4.3202691328634355,-1.8042192789966314,0.06273374586554696,0.06273374584557788
3799.0,-3.964589,-1.743245,827.6159567836033,827.6159567836033,-3.9691657094995336,-1.8225356094696208,0.07942258507444246,0.07942258507273216
3800.0,-3.596152,-1.745012,827.9829975466738,827.9829975466738,-3.602842087346607,-1.8454494448594625,0.10066000992749206,0.1006600099259365
3801.0,-3.226739,-1.746789,828.3511889339836,828.3511889339836,-3.235527205644484,-1.8708355607830613,0.12435747585310461,0.12435747585310276
3802.0,-2.856379,-1.748564,828.7207966275585,828.7207966275585,-2.8668490954129546,-1.8970323455107196,0.1488370670117051,0.14883706701170452
3803.0,-2.498586,-1.750285,829.07857665525,829.07857665525,-2.509909144249525,-1.9215326101895034,0.1716215533996579,0.17162155339965762
3804.0,-2.144541,-1.751978,829.433479409602,829.433479409602,-2.155697096114165,-1.9436488238279757,0.19199521657427657,0.19199521657427387
3805.0,-1.794568,-1.753601,829.7852000621899,829.7852000621899,-1.8044713794034672,-1.9622690048271778,0.20890287973640798,0.20890287973607558
3806.0,-1.468597,-1.755022,830.1131089552663,830.1131089552663,-1.4768573334016528,-1.976140720724143,0.22127295759443355,0.22127295759443252
3807.0,-1.146032,-1.756301,830.437644672338,830.437644672338,-1.15249569108687,-1.9867333632131334,0.23052299954333402,0.23052299953325325
3808.0,-0.833313,-1.757426,830.7522833366817,830.7522833366817,-0.837946773582232,-1.9942115724690406,0.23683090842857207,0.2368309084267441
3809.0,-0.530131,-1.758441,831.0571516681326,831.0571516681326,-0.5331176065224119,-1.9990459149134896,0.24062345043458944,0.2406234504345893
3810.0,-0.230404,-1.7594,831.358233883191,831.358233883191,-0.23204910183477373,-2.0019020105740335,0.24250759058737809,0.24250759058737786
3811.0,0.049479,-1.760267,831.6390825767687,831.6390825767687,0.04879634932974605,-2.003216675251884,0.2429506343209118,0.2429506343209118
3812.0,0.347391,-1.761153,831.9377003814049,0.21969160872799876,0.34741368240942505,-2.003599078385901,0.2424460794469435,0.24244607944694438
3813.0,0.625612,-1.761943,832.2163896450517,0.49838087237480977,0.6261027255111594,-2.003285303312551,0.2413428022124014,0.24134280221240217
3814.0,0.918022,-1.76274,832.5090838077368,0.7910750350599756,0.9187957996402873,-2.0024934225210136,0.23975467122961883,0.2397546712296196
3815.0,1.212491,-1.763516,832.8036083781768,1.085599605499965,1.213318628896985,-2.0014815104706205,0.23796694968657642,0.23796694968657742
3816.0,1.50802,-1.764417,833.0989489166598,1.3809401439829116,1.508657654487194,-2.0005445421259083,0.23612840310658875,0.23612840310658875
3817.0,1.80258,-1.76546,833.3932302462567,1.6752214735798816,1.802938340803119,-1.9999212062096283,0.234461480046094,0.23446148004609418
3818.0,2.095687,-1.76655,833.6860542055887,1.968045432911822,2.0957621701629363,-1.9996493904263317,0.2330994025468122,0.2330994025468122
3819.0,2.387947,-1.767654,833.9780283969113,2.2600196242344737,2.387736332383652,-1.9997343062212491,0.23208040183650458,0.23208040183650433
3820.0,2.678836,-1.768861,834.2686318304387,2.550623057761868,2.678339407140152,-2.0001779486342928,0.2313174816782088,0.23131748167820887
3821.0,2.96847,-1.770188,834.5579832131895,2.8399744405126057,2.9676896643984145,-2.000977865889352,0.23079118510219568,0.2307911851021961
