elapsed_s,publish_time_s,odometry_time_s,commissioned_delay_ms,x_m,y_m,yaw_rad,speed_mps,yaw_rate_radps,progress_m,lateral_error_m,yaw_error_rad,reference_speed_mps,published_speed_command_mps,published_steering_command_rad,next_speed_command_mps,next_steering_command_rad,solver_success,solver_status,solver_iterations,solver_time_s,mpc_total_compute_s,cycle_compute_s,deadline_met,constraint_violation,fallback_reason
0.0,15.378,15.356,4.3,0.12005909194944608,-1.5106111958376816,0.6961872541574263,0.00022083602388802404,7.962419673063075e-07,-0.008666188359592066,0.49277617299067816,0.6982219354680907,0.5,0.0,0.0,0.08956317156839834,-0.09705657354145801,True,Maximum_CpuTime_Exceeded,8,0.07284813399746781,0.0759187590010697,0.07617681499687023,True,4.8436154230419026e-05,
0.1,15.478,15.458,4.3,0.11999713003001755,-1.5106629401765268,0.6961872450949446,0.0002208218876664689,8.113204966369427e-07,-0.008728365696544142,0.49272430266625705,0.6982225734711319,0.5,0.08956317156839834,-0.09705657354145801,0.07888391856968938,-0.1431105487092652,True,Solve_Succeeded,6,0.057421257995883934,0.0609756429985282,0.06123687500075903,True,1.3231377532180264e-06,
0.2,15.578,15.56,4.3,0.12006211873839756,-1.5106085909190896,0.6961862059153334,0.004457018374577725,-1.8997243748053657e-05,-0.008663151204431008,0.49277878406237696,0.6982208556207798,0.5,0.07888391856968938,-0.1431105487092652,0.0922386033016671,-0.20217506996510753,True,Solve_Succeeded,6,0.057812738996290136,0.060518012003740296,0.06074931500188541,True,1.2386313377355396e-06,
0.3,15.678,15.662,4.3,0.12052549802883028,-1.5102211688235796,0.6961641080554009,0.009256067614179108,-0.00041159063623985966,-0.008198160337767225,0.4931671470509628,0.6981939209224659,0.5,0.0922386033016671,-0.20217506996510753,0.11302011673885827,-0.2509139550217818,True,Solve_Succeeded,6,0.05815975900623016,0.06147831400448922,0.06173010799830081,True,1.1200565169513458e-06,
0.4,15.778,15.764,4.3,0.12136527399928276,-1.5095193335089394,0.6960859176986036,0.014317143609564133,-0.001149575671374288,-0.007355456397871297,0.49387068183550487,0.6981069746056139,0.5,0.11302011673885827,-0.2509139550217818,0.12382493325010034,-0.3000000097164952,True,Solve_Succeeded,6,0.060849487002997193,0.0648209040009533,0.06514133299788227,True,9.166350533175525e-07,
0.5,15.878,15.866,4.3,0.12263440077181154,-1.5084591903646885,0.6959138264501403,0.02024384413095611,-0.002271571510964944,-0.006081887060732445,0.49493337941961796,0.6979216746688306,0.5,0.12382493325010034,-0.3000000097164952,0.134895102385002,-0.30000000986779246,True,Solve_Succeeded,6,0.06078995399730047,0.06422503900103038,0.0644542790032574,True,6.492467925940919e-07,
0.6,15.978,15.968,4.3,0.12437950581240576,-1.5070025485664336,0.6956028393818696,0.026363369682223258,-0.003880824466348682,-0.004330638361709062,0.4963935063971706,0.6975925720842528,0.5555555555599999,0.134895102385002,-0.30000000986779246,0.16538527320645405,-0.30000000952906225,True,Solve_Succeeded,6,0.05647770100040361,0.05990786400070647,0.06031192800583085,True,3.122987448883445e-07,
0.7,16.078,16.07,4.3,0.12661620338261947,-1.5051371865357503,0.6951180070448492,0.03281475170065895,-0.005572042962344803,-0.0020860074936958715,0.49826328931139896,0.6970846007458397,0.6481481481533332,0.16538527320645405,-0.30000000952906225,0.23174038125460267,-0.3000000094211108,True,Solve_Succeeded,6,0.056647362995136064,0.05982975699589588,0.060083996002504136,True,9.865025551872644e-09,
0.8,16.178,16.172,4.3,0.12941938849462953,-1.5028016789299325,0.694463539724999,0.04092298778741295,-0.007245003659938443,0.0007271673280794082,0.5006042646879768,0.6964012579179741,0.7407407407466666,0.23174038125460267,-0.3000000094211108,0.32267131879641864,-0.3000000094406951,True,Solve_Succeeded,6,0.05794625700218603,0.061273487997823395,0.061686793000262696,True,7.005008563075628e-08,
0.9,16.278,16.274,4.3,0.13300124847069872,-1.4998214324150214,0.6936175255684821,0.052762793525522426,-0.009361514771423902,0.00432177308451083,0.5035913804540073,0.6955184709528739,0.8333333333399999,0.32267131879641864,-0.3000000094406951,0.43069430370645956,-0.3000000091182241,True,Solve_Succeeded,6,0.06327966599928914,0.06636437900306191,0.06661542000074405,True,1.5198684279649124e-07,
1.0,16.378,16.376,4.3,0.1377149820942276,-1.4959068237935482,0.6925160833494456,0.06968238400295734,-0.012265035562162479,0.009052538559871839,0.5075148289902666,0.6943688035913939,0.9259259259333332,0.43069430370645956,-0.3000000091182241,0.5493807818135965,-0.30000000857087955,True,Solve_Succeeded,6,0.06102541099971859,0.06477819500287296,0.06519549900258426,True,2.6424555107647067e-07,
1.1,16.478,16.444,4.3,0.14170052477289297,-1.492603603459448,0.6915943656330745,0.08487961893610657,-0.014864023992420069,0.013052709469409843,0.5108253468661943,0.6934064598280949,1.0185185185266667,0.5493807818135965,-0.30000000857087955,0.6781460805778667,-0.3000000099994541,True,Solve_Succeeded,7,0.06550057500135154,0.06904505299462471,0.06947399899945594,True,4.0197395369777345e-07,
1.2,16.578,16.546,4.3,0.14929746946717382,-1.4863243265709114,0.6898504908580635,0.1119204448465412,-0.019554617077754438,0.020678109232674807,0.5171180872278905,0.6915855260054747,1.1111111111199998,0.6781460805778667,-0.3000000099994541,0.8077228719887969,-0.3000000099994668,True,Solve_Succeeded,7,0.06738401799520943,0.07124739199934993,0.07151896399591351,True,5.894486711409885e-07,
1.3,16.678,16.648,4.3,0.15928992622738225,-1.4780987911614036,0.6875677795367906,0.14544293299737895,-0.02543097078490521,0.030709119616380627,0.5253604448862512,0.6892022167149258,1.2037037037133334,0.8077228719887969,-0.3000000099994668,0.9346628654249577,-0.3000000099994743,True,Solve_Succeeded,7,0.06566018800367601,0.06877357100165682,0.06904954300262034,True,8.027794465771025e-07,
1.4,16.778,16.75,4.3,0.1722062056546,-1.4675229039096953,0.6846250879625583,0.18537357204223387,-0.032469892393940006,0.04367709148495942,0.5359565968938332,0.6861307760716145,1.2962962963066664,0.9346628654249577,-0.3000000099994743,1.0565209680485899,-0.3000000091626707,True,Solve_Succeeded,6,0.057818165005301125,0.06084151200047927,0.06109883599856403,True,1.0332844059944167e-06,
1.5,16.878,16.852,4.3,0.18855989549883634,-1.454223131884095,0.6809084997275131,0.2312794850881707,-0.04057266236370733,0.060099132307659474,0.5492796598995652,0.6822532627159709,1.3888888889,1.0565209680485899,-0.3000000091626707,1.1715871550651333,-0.3000000099994969,True,Solve_Succeeded,7,0.06599246899713762,0.06940476900490467,0.0697177219990408,True,1.270861100499004e-06,
1.6,16.978,16.954,4.3,0.20883436858539395,-1.4378741865080076,0.6763155540756978,0.28256240248808284,-0.049617758147458224,0.08046260618540037,0.565653861383639,0.6774640701497112,1.4814814814933333,1.1715871550651333,-0.3000000099994969,1.2789831251125483,-0.3000000099995242,True,Solve_Succeeded,7,0.06697645299573196,0.0703950539973448,0.07063671800278826,True,1.4766872597197665e-06,
1.7,17.078,17.056,4.3,0.2334744675300121,-1.4182103994476951,0.6707566754993693,0.33852324937558603,-0.05947644427566679,0.10521684886967707,0.5853430483452039,0.6716715835111412,1.5740740740866666,1.2789831251125483,-0.3000000099995242,1.3785893247320113,-0.3000000089961284,True,Solve_Succeeded,6,0.05712022800435079,0.059973364004690666,0.06027339799766196,True,1.6134876449118364e-06,
1.8,17.178,17.158,4.3,0.26288249486115167,-1.3950328382073853,0.6641554715709936,0.39842341537166515,-0.07002048885025122,0.13476900632319935,0.6085434938105222,0.6647986651115303,1.6666666666799999,1.3785893247320113,-0.3000000089961284,1.470971668884165,-0.30000000902552754,True,Solve_Succeeded,6,0.05557850100012729,0.05853926499548834,0.058776951002073474,True,1.6250823771802442e-06,
1.9,17.278,17.26,4.3,0.2974183761211613,-1.3682120921266374,0.656448418718364,0.4615411977241407,-0.0811270035325772,0.1694840404253015,0.6353810807473432,0.6567824887823303,1.7592592592733332,1.470971668884165,-0.30000000902552754,1.5574406611169844,-0.3000000093314686,True,Solve_Succeeded,6,0.05740308999520494,0.06027972899755696,0.060631032996752765,True,1.4416005116794133e-06,
2.0,17.378,17.362,4.3,0.3374033272402389,-1.337687264319431,0.6475840473394283,0.5272193324381891,-0.09268366750270915,0.2096880494400933,0.6659123338623211,0.6475738435264791,1.8518518518666665,1.5574406611169844,-0.3000000093314686,1.639886514018425,-0.3000000094165641,True,Solve_Succeeded,6,0.05636299199977657,0.05891220000194153,0.05929225400177529,True,1.0059563667752644e-06,
2.1,17.478,17.464,4.3,0.3831266329178683,-1.3034616718907537,0.6375214934688522,0.5949108236092575,-0.10459597635873198,0.25567460727258023,0.7001287997430155,0.6371357841954939,1.9444444444600002,1.639886514018425,-0.3000000094165641,1.720643599527021,-0.3000000095494933,True,Solve_Succeeded,6,0.05697134300135076,0.0603949799988186,0.060741084002074786,True,2.854315165377137e-07,
2.2,17.578,17.566,4.3,0.43485540517418375,-1.26559575811013,0.6262283085847244,0.6642145807851396,-0.11679386976088034,0.3077139531468532,0.7379642715212984,0.6254415339445403,2.0370370370533335,1.720643599527021,-0.3000000095494933,1.802427829891846,-0.3000000095413478,True,Solve_Succeeded,6,0.05650532000436215,0.05971831500210101,0.06001104800088797,True,6.88087320941267e-07,
2.3,17.678,17.668,4.3,0.492846573995414,-1.224198352744053,0.6136776873570817,0.7348993348098829,-0.12923649726506528,0.3660642770861009,0.7793037208344504,0.6124718218700089,2.1296296296466664,1.802427829891846,-0.3000000095413478,1.8881298197420335,-0.3000000095438875,True,Solve_Succeeded,6,0.059787183003209066,0.06300562300020829,0.06333312400238356,True,1.74545195547938e-06,
2.4,17.778,17.77,4.3,0.5573606512998378,-1.179417277894324,0.5998452854565312,0.8069209571269087,-0.14191561731654057,0.4309846204765295,0.823992941669585,0.5982118537993292,2.2222222222399997,1.8881298197420335,-0.3000000095438875,1.9803972341092828,-0.3000000095513268,True,Solve_Succeeded,6,0.05893368200486293,0.06271479400311364,0.06299750800098991,True,2.5161123815215566e-06,
2.5,17.878,17.872,4.3,0.6286768232620229,-1.1314303174954583,0.5847058128789401,0.8804266705488415,-0.15485649016424477,0.5027489634742776,0.8718478965276945,0.5826481327539644,2.3148148148333334,1.9803972341092828,-0.3000000095513268,2.081858240967712,-0.30000000954813766,True,Solve_Succeeded,6,0.05879872100194916,0.062318256997969,0.06260111099982169,True,2.2506479004087525e-06,
2.6,17.978,17.974,4.3,0.7071079275119766,-1.0804381822705418,0.5682297721369551,0.9557329942950492,-0.16811417084332292,0.5816599367672842,0.9226621558122845,0.5657655400778717,2.4074074074266667,2.081858240967712,-0.30000000954813766,2.1952414939004385,-0.30000000951494565,True,Solve_Succeeded,6,0.06228086299961433,0.06600911200075643,0.06625392199930502,True,3.4189479991867874e-07,
2.7,18.078,18.076,4.3,0.7930113836239927,-1.026662391954408,0.5503813242795289,1.033191196901654,-0.18174821360135,0.6680581960605125,0.9762095591449476,0.5475457107095357,2.50000000002,2.1952414939004385,-0.30000000951494565,2.3233050576301797,-0.30000000937323307,True,Solve_Succeeded,6,0.05612691900023492,0.058781804000318516,0.059156078001251444,True,5.9995026919423475e-06,
2.8,18.178,18.178,4.3,0.8867859568081049,-0.9703536245032088,0.5311185091215246,1.113172179285927,-0.19582954950059317,0.7623171382583863,1.032236651491025,0.5279679731561381,2.592592592613333,2.3233050576301797,-0.30000000937323307,2.468913595628484,-0.3000000093857903,True,Solve_Succeeded,6,0.058522856001218315,0.06165592800243758,0.06188562900206307,True,1.0320406584393184e-05,
2.9,18.278,18.246,4.3,0.9539017219056379,-0.9315408856561895,0.5174651779340657,1.1691093477189989,-0.2056605618593226,0.8297326298070277,1.0708318850908853,0.5141486247838091,2.6851851852066666,2.468913595628484,-0.3000000093857903,2.647993237412765,-0.3000000099996745,True,Solve_Succeeded,7,0.06690730300033465,0.07042167700274149,0.07085622900194721,True,4.171045636571641e-06,
3.0,18.378,18.348,4.3,1.061865020369923,-0.8716304737147955,0.4957212687050379,1.2551726852189895,-0.22082556350596405,0.9380754539207555,1.13037402446824,0.4922442153242606,2.7777777778,2.647993237412765,-0.3000000099996745,2.8489846729314494,-0.3000000093399745,True,Solve_Succeeded,6,0.061693194998952094,0.0658302809970337,0.06614979699952528,True,2.3637672289865234e-05,
3.1,18.478,18.45,4.3,1.1791409704321274,-0.8099674378017476,0.4723865866320032,1.3464586752053405,-0.23691709596316762,1.0555907107111935,1.1916260700077006,0.468888042079327,2.7777777778,2.8489846729314494,-0.3000000093399745,3.009616382867547,-0.3000000089925169,True,Solve_Succeeded,6,0.06162324499746319,0.06546943399735028,0.06610704400372924,True,4.368993825974721e-05,
3.2,18.578,18.552,4.3,1.306505458551361,-0.7468830814936771,0.4473529177890635,1.4442155745232976,-0.25418013480489643,1.1829712839497963,1.2542727288239355,0.44401688925491956,2.7777777778,3.009616382867547,-0.3000000089925169,3.1416060885069106,-0.3000000084179474,True,Solve_Succeeded,6,0.060678535999613814,0.06366253300075186,0.06391735299985157,True,1.764596695216867e-05,
3.3,18.678,18.654,4.3,1.4447628322416592,-0.6828141219734634,0.42050735286222274,1.5467396140327594,-0.27234062589078223,1.320911122359085,1.3179052085614895,0.41757382592756276,2.7777777778,3.1416060885069106,-0.3000000084179474,3.2552209422579863,-0.30000000748778133,True,Solve_Succeeded,6,0.056833258997357916,0.060270367001066916,0.06065111000498291,True,4.024284910560984e-05,
3.4,18.778,18.756,4.3,1.5944845118979978,-0.6184237156983292,0.3917782172968327,1.6515871016767294,-0.29105088566340287,1.4700154557556422,1.3818996531309484,0.3894277141653115,2.7777777778,3.2552209422579863,-0.30000000748778133,3.3601702917868788,-0.3000000099398866,True,Solve_Succeeded,7,0.06709999599843286,0.07062066199432593,0.07087771599617554,True,9.197071032807091e-07,
3.5,18.878,18.858,4.3,1.756046792905448,-0.5545561726538464,0.3611213446977576,1.7571694120212715,-0.3101134600650116,1.6307988160159035,1.44543903170302,0.35941323951667653,2.7777777778,3.3601702917868788,-0.3000000099398866,3.4652182995492344,-0.30000000981797104,True,Solve_Succeeded,7,0.06670714500069153,0.06966409099550219,0.06988776000071084,True,1.171962809372101e-05,
3.6,18.978,18.96,4.3,1.9296670065754702,-0.49219745412797367,0.3285076886597997,1.862345028381921,-0.3294411917271977,1.8034645431540732,1.5075620280516098,0.3275032270136055,2.7777777778,3.4652182995492344,-0.30000000981797104,3.5774816928773028,-0.30000000908962343,True,Solve_Succeeded,7,0.06664491000265116,0.06911612700059777,0.06937929300329415,True,1.4660826832233755e-06,
3.7,19.078,19.062,4.3,2.115514304167554,-0.4324159090941705,0.2939838045557655,1.9683475010856304,-0.3452529482917501,1.9881712926944046,1.5672278812376013,0.2937453718678747,2.7777777778,3.5774816928773028,-0.30000000908962343,3.7001076276673133,-0.3000000096818319,True,Maximum_CpuTime_Exceeded,7,0.06569098000181839,0.06923899699904723,0.06949950799753424,True,2.418368327974582e-06,
3.8,19.178,19.164,4.3,2.3136944215458666,-0.37632499336828373,0.25762213898120134,2.0730499337787474,-0.36502381906576853,2.1850203333917784,1.6233534459040417,0.25821191557857903,2.7777777778,3.7001076276673133,-0.3000000096818319,3.836260697012743,-0.300000009843114,True,Solve_Succeeded,7,0.06477948300016578,0.06875155000307132,0.06909928199456772,True,8.119660151032805e-07,
3.9,19.278,19.266,4.3,2.52424899648654,-0.325134373801643,0.21934886458001654,2.178374599885742,-0.38366137573747183,2.394056721713906,1.6747616403502101,0.22082712046426772,2.7777777778,3.836260697012743,-0.300000009843114,3.9830972058652008,-0.30000000994896553,True,Solve_Succeeded,7,0.06440226399718085,0.06769307800277602,0.06814085499354405,True,6.663338022062232e-08,
4.0,19.378,19.368,4.3,2.7472455359623207,-0.2800986625334335,0.17917638615270262,2.28507541023742,-0.4022553223993621,2.6153605404457725,1.7202322701542079,0.1815998081115312,2.7777777778,3.9830972058652008,-0.30000000994896553,4.136237036756005,-0.3000000099393996,True,Solve_Succeeded,7,0.07014789499953622,0.07341868300136412,0.07369346100313123,True,9.358732834374023e-07,
4.1,19.478,19.47,4.3,2.9827588378374914,-0.24254068068184959,0.1370731034086433,2.3939025269912713,-0.4213413513392942,2.8490303813539475,1.758478260454822,0.14049273963306982,2.7777777778,4.136237036756005,-0.3000000099393996,4.288719221970765,-0.30000000995779574,True,Solve_Succeeded,7,0.0755877689953195,0.07907233099831501,0.07947585100191645,True,4.187864534960228e-06,
4.2,19.578,19.572,4.3,3.2308342390459464,-0.21387269071631898,0.09299266024874474,2.5053204085866305,-0.44092302896508684,3.095148324051853,1.7881235538351679,0.09745136823285837,2.7777777778,4.288719221970765,-0.30000000995779574,4.430998435197995,-0.30000000595440557,True,Maximum_CpuTime_Exceeded,6,0.062067440994724166,0.06509610899956897,0.06537710999691626,True,9.441335320613947e-07,
4.3,19.678,19.674,4.3,3.4914219070882706,-0.19561212390426158,0.04688735053516603,2.619222508202598,-0.4609384254135634,3.353765615301456,1.8076833154427798,0.05238960970156449,2.7777777778,4.430998435197995,-0.30000000595440557,4.550204077699284,-0.29999996684793945,True,Solve_Succeeded,6,0.06419312099751551,0.06741294899984496,0.06780420600262005,True,1.4235946508255048e-07,
4.4,19.778,19.776,4.3,3.7642917385564414,-0.18938291643398597,-0.0012817831688614017,2.7348078164322707,-0.4812675520487694,3.6247531820398513,1.8155541584012422,0.005236093397589684,2.7777777778,4.550204077699284,-0.29999996684793945,4.631453345238922,-0.300000009951221,True,Solve_Succeeded,7,0.07034378899697913,0.0738784540008055,0.07431047499994747,True,1.7306340768449835e-07,
4.5,19.878,19.878,4.3,4.048940953453772,-0.1968949536115448,-0.051532824651997176,2.8505221855570473,-0.5016428290221722,3.907678496396286,1.8100385457235857,-0.04403880152765174,2.7777777778,4.631453345238922,-0.300000009951221,4.6627691251076895,-0.3000000097579189,True,Solve_Succeeded,7,0.07260550100181717,0.07637965900357813,0.0766705499991076,True,7.2766084881562e-08,
4.6,19.978,19.946,4.3,4.244834898995444,-0.2104004412690791,-0.08618333574172703,2.926893923311643,-0.5152186915196919,4.102548487372751,1.7980631346408587,-0.07806660092087285,2.7777777778,4.6627691251076895,-0.3000000097579189,4.653862932137194,-0.3000000032390529,True,Solve_Succeeded,6,0.06245785099599743,0.06669921400316525,0.06696035700588254,True,1.0381069170950497e-07,
4.7,20.078,20.048,4.3,4.546937971792377,-0.2446810490124561,-0.13984387330322579,3.0368199993145555,-0.5345888803295276,4.403361250871049,1.7663715170105692,-0.1308447405093528,2.7777777778,4.653862932137194,-0.3000000032390529,4.585125664589353,-0.30000000977577745,True,Solve_Succeeded,6,0.058134667997364886,0.06208131300081732,0.062392261999775656,True,9.775777465304003e-09,
4.8,20.178,20.15,4.3,4.857451033741665,-0.2972206810591452,-0.1954346935600383,3.139858828641114,-0.5528132779048777,4.712945841486925,1.7167566864462445,-0.18562663105770427,2.7777777778,4.585125664589353,-0.30000000977577745,4.45956489327819,-0.278730324875085,True,Solve_Succeeded,4,0.04070140299882041,0.043782473003375344,0.04411102699668845,True,6.818896943205921e-07,
4.9,20.278,20.252,4.3,5.17429328902807,-0.3694383514279368,-0.25281471962260266,3.2330423867305345,-0.5693597584932552,5.029289120003289,1.6477676468621478,-0.24228321057191943,2.7777777778,4.45956489327819,-0.278730324875085,4.2869395568106174,-0.17369224935971697,True,Solve_Succeeded,4,0.044127658002253156,0.04737117699551163,0.04761891299858689,True,7.631458320833673e-08,
5.0,20.378,20.354,4.3,5.49514741662206,-0.4624367447105326,-0.31090219392408935,3.319524217401531,-0.5584304419782075,5.350126322705963,1.5582573109532218,-0.29974270874279985,2.7777777778,4.2869395568106174,-0.17369224935971697,4.069951131769795,-0.06967725627419635,True,Solve_Succeeded,5,0.052662226000393275,0.0556352449930273,0.055984093000006396,True,6.03331254955819e-08,
5.1,20.478,20.456,4.3,5.8180487338936056,-0.5763673199898482,-0.36620159531022023,3.3981311174238065,-0.5041286079860863,5.673517460880837,1.448025287768027,-0.35451624370473783,2.7777777778,4.069951131769795,-0.06967725627419635,3.8149100075559605,0.02136144191077447,True,Solve_Succeeded,6,0.06132756899751257,0.06419530599669088,0.06446637699991697,True,2.691508083074723e-08,
5.2,20.578,20.558,4.3,6.141852841123918,-0.7096588939728437,-0.41252511728128805,3.4683627503643426,-0.39379610435269424,5.998302566681057,1.3185978036353951,-0.4004192981020045,2.7777777778,3.8149100075559605,0.02136144191077447,3.534468227601107,0.0932318206449717,True,Solve_Succeeded,6,0.06216963499900885,0.06516298300266499,0.06542571799946018,True,2.4937654202056292e-08,
5.3,20.678,20.66,4.3,6.465586096167158,-0.8583255486263567,-0.44624762195300754,3.5131968738016703,-0.2746575377042152,6.32344399132195,1.1739149083566898,-0.4338284892244253,2.7777777778,3.534468227601107,0.0932318206449717,3.2496923428873283,0.15225108909121532,True,Solve_Succeeded,7,0.07226737000019057,0.07548535899695707,0.07574121100333286,True,6.266116931233356e-08,
5.4,20.778,20.762,4.3,6.787550364790748,-1.017424053426375,-0.4697055235859627,3.528981769873297,-0.16920894108183335,6.64715005944321,1.0188632053547595,-0.45708107362428474,2.7777777778,3.2496923428873283,0.15225108909121532,2.9772738642938625,0.2006720004612633,True,Solve_Succeeded,7,0.0706001010039472,0.07391253700188827,0.07431079700472765,True,1.2842255539720349e-07,
5.5,20.878,20.864,4.3,7.107013489944608,-1.182503834658335,-0.4825687330460606,3.5216474958009463,-0.07505780963773227,6.968586910438542,0.8578482110327184,-0.46984542784713734,2.7777777778,2.9772738642938625,0.2006720004612633,2.7329476743659145,0.23880230304968544,True,Solve_Succeeded,6,0.058367521000036504,0.06100014300318435,0.06124107499636011,True,3.498589102868266e-07,
5.6,20.978,20.966,4.3,7.423634192631738,-1.3492397606804891,-0.4851224647280141,3.4942956297860164,0.025105731989181358,7.287306959476802,0.6951560369355747,-0.4724043382718655,2.7777777778,2.7329476743659145,0.23880230304968544,2.525625090365074,0.26982368470030904,True,Solve_Succeeded,6,0.05894726800033823,0.06280873099603923,0.0631913310062373,True,7.630917553402838e-08,
5.7,21.078,21.068,4.3,7.737378167298109,-1.5133991041524069,-0.4771776007225758,3.449122908896031,0.12802727930395255,7.603167272613212,0.5349861291182938,-0.4645603512523974,2.7777777778,2.525625090365074,0.26982368470030904,2.362438765226625,0.2949986630420837,True,Solve_Succeeded,6,0.0606991120002931,0.06440015800035326,0.06468499600305222,True,9.834236380790173e-08,
5.8,21.178,21.17,4.3,8.048481289606373,-1.6709801954063064,-0.45864154687384995,3.3899748415895363,0.23204356781868293,7.916278470578617,0.38132421181123877,-0.4461413903789727,2.7777777778,2.362438765226625,0.2949986630420837,2.2483680644454043,0.3000000098467571,True,Solve_Succeeded,7,0.06923882899718592,0.07303467499878025,0.07332007400691509,True,9.857742289121063e-09,
5.9,21.278,21.272,4.3,8.35724118104991,-1.8182438778196386,-0.42947996877311695,3.318842870143174,0.3362658088324417,8.226880830211732,0.23791443211712154,-0.41708833301581233,2.7777777778,2.2483680644454043,0.3000000098467571,2.1831221864859747,0.3000000098778355,True,Solve_Succeeded,7,0.07404467999731423,0.07739379599661333,0.07789341500028968,True,9.877835493998788e-09,
6.0,21.378,21.374,4.3,8.663745279855505,-1.9516819056545303,-0.3897245253312791,3.238395295445522,0.4390816171554744,8.535025713396884,0.10826901759930206,-0.37743303483470303,2.7777777778,2.1831221864859747,0.3000000098778355,2.1574873558583065,0.2999999647006683,True,Solve_Succeeded,6,0.06146956299926387,0.06528788799914764,0.06561798599432223,True,8.823753344655572e-08,
6.1,21.478,21.476,4.3,8.968250201609841,-2.0683835602997385,-0.3407498625632799,3.1610801008928857,0.5103574452003335,8.84094160255941,-0.004695358526722216,-0.3285503836705177,2.7777777778,2.1574873558583065,0.2999999647006683,2.16165136307314,0.29999996427328546,True,Solve_Succeeded,5,0.05135959199833451,0.05478243000106886,0.055180585994094145,True,6.333885527176619e-09,
6.2,21.578,21.578,4.3,9.271463693083833,-2.1668981339352835,-0.286786250229053,3.095809948151268,0.5393483231443719,9.14532594670503,-0.09951665020459867,-0.27467099225309366,2.7777777778,2.16165136307314,0.29999996427328546,2.188136155778111,0.3000000062232184,True,Solve_Succeeded,5,0.051681347998965066,0.054365843992854934,0.05463380499713821,True,6.223218385059681e-09,
6.3,21.678,21.646,4.3,9.47313557626733,-2.222372822885,-0.24998382641101083,3.059802807374168,0.5392367101541746,9.347647180707597,-0.15254932920744557,-0.23792050266409895,2.7777777778,2.188136155778111,0.3000000062232184,2.222423488073086,0.29999918039899176,True,Solve_Succeeded,3,0.034650642999622505,0.03811739499360556,0.03834396499587456,True,7.18967332015083e-08,
6.4,21.778,21.748,4.3,9.774877263913075,-2.290671321793526,-0.19512166237005474,3.010596907965857,0.5350330250330578,9.650175242384034,-0.2172139564897094,-0.18312996457207925,2.7777777778,2.222423488073086,0.29999918039899176,2.2706294593478322,0.2694272510560807,True,Solve_Succeeded,3,0.03277148499910254,0.03555786800279748,0.03585579900391167,True,2.4066785786480693e-09,
6.5,21.878,21.85,4.3,10.07527759733023,-2.3416417146478006,-0.14099522367137018,2.9675540253820003,0.5267715465966692,9.951148228501872,-0.26458828468551626,-0.1290676095543316,2.7777777778,2.2706294593478322,0.2694272510560807,2.326970503955766,0.2250380445188429,True,Solve_Succeeded,3,0.03183992199774366,0.03514403500594199,0.03549514100450324,True,2.9353984520863463e-10,
6.6,21.978,21.951999999999998,4.3,10.374107404792229,-2.37601726809639,-0.08859250403704386,2.936144375752984,0.49323110436196127,10.250350064572952,-0.29540579682511586,-0.07672150168720333,2.7777777778,2.326970503955766,0.2250380445188429,2.3840399325508694,0.17732704131900823,True,Solve_Succeeded,3,0.03298621199792251,0.036326326997368596,0.036646333006501663,True,4.177811568917278e-11,
6.7,22.078,22.054,4.3,10.671625983822222,-2.3951627210373814,-0.040892379952766546,2.9144262586057716,0.4359900259196972,10.548059615520536,-0.31102565367634716,-0.029070683965353207,2.7777777778,2.3840399325508694,0.17732704131900823,2.4381184896883625,0.13182419252861252,True,Solve_Succeeded,3,0.03323937799723353,0.03685609099920839,0.03710582599887857,True,1.5191126134794786e-11,
6.8,22.178,22.156,4.3,10.967811699781844,-2.4009989538500123,0.0003057800632300597,2.8992951698833385,0.36358283251265106,10.844280433734035,-0.31336655047449463,0.012085371107903914,2.7777777778,2.4381184896883625,0.13182419252861252,2.4874550654085703,0.09125490854791288,True,Solve_Succeeded,3,0.031627470001694746,0.03477746700082207,0.03509789200325031,True,1.7887830106033675e-11,
6.9,22.278,22.258,4.3,11.262737535647245,-2.3958233033942022,0.033407127430690076,2.8882436673508773,0.28005276077312624,11.139114171904117,-0.30472256496017064,0.04515170109823264,2.7777777778,2.4874550654085703,0.09125490854791288,2.5309657965021555,0.05727189728219163,True,Solve_Succeeded,3,0.035635061001812574,0.038236769993091,0.03847543399751885,True,2.5772905511145527e-11,
7.0,22.378,22.36,4.3,11.556318805852849,-2.3821632781219417,0.0581635699747781,2.87798279476771,0.19864335086668597,11.432506707982972,-0.28761985133509804,0.06988012279686648,2.7777777778,2.5309657965021555,0.05727189728219163,2.5687913071676123,0.02837420318447343,True,Solve_Succeeded,2,0.025348675000714138,0.02819728200120153,0.028444101997592952,True,5.982216565291604e-07,
7.1,22.478,22.462,4.3,11.848538857431924,-2.3624784705759705,0.07503412585885681,2.8679707146112214,0.1250438527636831,11.724470481701147,-0.2645159094727223,0.08672955454104035,2.7777777778,2.5687913071676123,0.02837420318447343,2.6011427952898813,0.0038471985781018203,True,Solve_Succeeded,2,0.025021185996592976,0.028659802999754902,0.028975569002795964,True,1.455164998220848e-07,
7.2,22.578,22.564,4.3,12.139503856826883,-2.3389873478865733,0.08490786665764001,2.85854269726188,0.061743981161694404,12.015137444049001,-0.23762575517787382,0.09658896500441055,2.7777777778,2.6011427952898813,0.0038471985781018203,2.6281848214079657,-0.016694122600369433,True,Solve_Succeeded,2,0.02497085600043647,0.027811021005618386,0.028213438999955542,True,2.0843393830349832e-08,
7.3,22.678,22.666,4.3,12.429407147681303,-2.313588587395373,0.08884769030760466,2.85007810060009,0.008926180618840755,12.304722684965972,-0.20884368031573777,0.10052116036846649,2.7777777778,2.6281848214079657,-0.016694122600369433,2.650362079864722,-0.03322574861854426,True,Solve_Succeeded,2,0.023812965999240987,0.027089012997748796,0.027328718999342527,True,3.638784232262715e-09,
7.4,22.778,22.768,4.3,12.718490847993717,-2.287856691676887,0.08784748218042635,2.8428869182425194,-0.0325114572390838,12.593486135764666,-0.1797393074159542,0.09951995446970638,2.7777777778,2.650362079864722,-0.03322574861854426,2.668892660207121,-0.04570028980353122,True,Solve_Succeeded,2,0.022367887999280356,0.025330185002530925,0.025617284001782537,True,5.878906250700311e-10,
7.5,22.878,22.87,4.3,13.006992418479614,-2.2630365146392446,0.0830945735653573,2.8370583773831757,-0.06377962497275468,12.881679192928823,-0.15155272422227592,0.09477263059781944,2.7777777778,2.668892660207121,-0.04570028980353122,2.6843831497464996,-0.05396379081372365,True,Solve_Succeeded,2,0.023308078001718968,0.02661359799822094,0.026847462002479006,True,9.523526967036844e-10,
7.6,22.978,22.972,4.3,13.2951283078087,-2.2400488621282895,0.07562890386027125,2.832768666848884,-0.08394179028976223,13.169528509955777,-0.1252002582993513,0.08731910171272986,2.7777777778,2.6843831497464996,-0.05396379081372365,2.6968513533094716,-0.05857429226806065,True,Solve_Succeeded,2,0.024465313996188343,0.02810397500434192,0.028397586997016333,True,1.442472544188611e-09,
7.7,23.078,23.074,4.3,13.583082233773645,-2.2195130872772726,0.06644455376814996,2.8299205110967973,-0.09557542539953154,13.457224591438358,-0.10129719379174627,0.07815343986987446,2.7777777778,2.6968513533094716,-0.05857429226806065,2.7064318822082076,-0.05978769658106407,True,Solve_Succeeded,2,0.025236752997443546,0.028135830005339812,0.02838078600325389,True,2.07843232208349e-09,
7.8,23.178,23.176,4.3,13.870992792842578,-2.201789783565766,0.056349459535744176,2.8282443135016493,-0.10152590797307677,13.744909923610237,-0.08020059664849895,0.06808358512703501,2.7777777778,2.7064318822082076,-0.05978769658106407,2.71343715074058,-0.05803698163499806,True,Solve_Succeeded,2,0.025435477997234557,0.028904267004691064,0.029205106002336834,True,2.3715256425305142e-09,
7.9,23.278,23.278,4.3,14.158954340048329,-2.1870365153991442,0.0459956541256696,2.827575607622835,-0.1012041853411759,14.03268050747654,-0.06206502618169018,0.05776158142457351,2.7777777778,2.71343715074058,-0.05803698163499806,2.7181893765857383,-0.054345020659801284,True,Solve_Succeeded,2,0.024276798001665156,0.02812426700256765,0.02854174599633552,True,3.915760160566606e-09,
8.0,23.378,23.346,4.3,14.350985632411607,-2.178853532709647,0.039212059158628756,2.827629804751402,-0.09732762400827279,14.224603512695085,-0.05162089747274442,0.05100284000651152,2.7777777778,2.7181893765857383,-0.054345020659801284,2.7210270733217286,-0.04905076786152181,True,Solve_Succeeded,2,0.02311768000072334,0.026439714994921815,0.026674331005779095,True,5.2643036596577986e-09,
8.1,23.478,23.448,4.3,14.639138317317606,-2.1689632154064844,0.029525300622279232,2.8279952425298736,-0.08967151523901014,14.512621195411377,-0.03832779977652864,0.041358850216153396,2.7777777778,2.7210270733217286,-0.04905076786152181,2.722356927238682,-0.0430447147837712,True,Solve_Succeeded,2,0.023061738997057546,0.026533566000580322,0.02713288299855776,True,4.615968940413495e-09,
8.2,23.578,23.55,4.3,14.927421131784039,-2.161745225732654,0.020677377703978726,2.8285669717809863,-0.08120977006930705,14.800799780228274,-0.027692031119456565,0.032560291711172605,2.7777777778,2.722356927238682,-0.0430447147837712,2.7225064093469524,-0.03642495828404169,True,Solve_Succeeded,2,0.02335938499891199,0.02681771499919705,0.02707030599412974,True,4.064959036043092e-09,
8.3,23.678,23.652,4.3,15.215825165942174,-2.156928281468931,0.012899511166838542,2.8292661527480667,-0.07057770712090362,15.089127302975038,-0.01944051679992706,0.024838393268489602,2.7777777778,2.7225064093469524,-0.03642495828404169,2.7217448948354135,-0.03007220540041862,True,Solve_Succeeded,2,0.024307089996000286,0.02751446199545171,0.027762754005379975,True,2.2210779881959297e-09,
8.4,23.778,23.754,4.3,15.504324520183461,-2.154201357491801,0.006167856660602719,2.8298564208265673,-0.06196478733819189,15.377574370867093,-0.01326064277891218,0.018169313333541,2.7777777778,2.7217448948354135,-0.03007220540041862,2.7204249708801003,-0.023539459795904227,True,Solve_Succeeded,2,0.023647245005122386,0.026889095999649726,0.027231072999711614,True,2.0335746420130363e-09,
8.5,23.878,23.856,4.3,15.792897199828966,-2.1532624360206616,0.0006024890969588193,2.830431336780868,-0.04870009634722274,15.666115612730302,-0.00884875704067476,0.012673127791900224,2.7777777778,2.7204249708801003,-0.023539459795904227,2.71868469858383,-0.01842336915548545,True,Solve_Succeeded,2,0.023311974997341167,0.02648414500436047,0.026842498002224602,True,2.000992874135821e-10,
8.6,23.978,23.958,4.3,16.081510214827194,-2.153760114405389,-0.0038460412258201244,2.8307057601018815,-0.037153498949493276,15.954714053393559,-0.005851963137668881,0.008300382269210465,2.7777777778,2.71868469858383,-0.01842336915548545,2.7168767691327713,-0.013734434503673766,True,Solve_Succeeded,2,0.025865226998575963,0.028536557001643814,0.028827223999542184,True,5.280669235219193e-10,
8.7,24.078,24.06,4.3,16.370134120902904,-2.15537612912022,-0.00721365808964965,2.830702526052679,-0.028394463461994347,16.243336622663335,-0.003950466704794168,0.005015145942222448,2.7777777778,2.7168767691327713,-0.013734434503673766,2.7151978518240747,-0.009634079525150482,True,Solve_Succeeded,2,0.023807153003872372,0.02886939499876462,0.029298626999661792,True,5.041385817106895e-10,
8.8,24.178,24.162,4.3,16.658740660942378,-2.157835726103387,-0.009709868372910076,2.8304659375649845,-0.020742162574200036,16.531951916048435,-0.002867974810897456,0.002607902252363207,2.7777777778,2.7151978518240747,-0.009634079525150482,2.7137969785904246,-0.006340546439527297,True,Solve_Succeeded,1,0.014724114997079596,0.017718884999339934,0.018088879995048046,True,1.489925043943706e-07,
8.9,24.278,24.264,4.3,16.947305633564135,-2.1609077031477675,-0.01146506325706818,2.829995611683025,-0.014075413627749677,16.82053305634997,-0.0023719280766457797,0.0009453102542128673,2.7777777778,2.7137969785904246,-0.006340546439527297,2.7127750639267156,-0.0037843163467939154,True,Solve_Succeeded,1,0.016642675996990874,0.019458568000118248,0.019701871002325788,True,1.2750637878866655e-07,
9.0,24.378,24.366,4.3,17.23580327550926,-2.164394072700002,-0.012603642974575897,2.8292123434872307,-0.008799502294978284,17.109051952013576,-0.0022647068084444945,-0.00010326563387658834,2.7777777778,2.7127750639267156,-0.0037843163467939154,2.712217226200198,-0.0018568225176462342,True,Solve_Succeeded,1,0.016324784002790693,0.023155159993621055,0.023552366998046637,True,1.616449649688434e-07,
9.1,24.478,24.468,4.3,17.52420189623077,-2.168134490209674,-0.013255137747683225,2.828257848179278,-0.004686298979045605,17.397475004452716,-0.00238719313512183,-0.0006675657133882774,2.7777777778,2.712217226200198,-0.0018568225176462342,2.712106653768199,-0.0005205449668908829,True,Solve_Succeeded,1,0.01484797499870183,0.017425888996513095,0.017666916995949578,True,7.27559934543022e-08,
9.2,24.578,24.57,4.3,17.812524760108133,-2.1720049217040547,-0.013524987462888017,2.8277666789590636,-0.0014325977972365492,17.685823965848037,-0.002615894696843971,-0.0008530203199155431,2.7777777778,2.712106653768199,-0.0005205449668908829,2.712145425261319,0.00027600563478728324,True,Solve_Succeeded,1,0.015976892005710397,0.019561495006200857,0.019797342996753287,True,8.927523875712495e-08,
9.3,24.678,24.672,4.3,18.10081797391156,-2.175907263032752,-0.013525590942679869,2.827622042382747,-0.0006055566626809669,17.974143715247298,-0.0028529466935713938,-0.0007720131495847077,2.7777777778,2.712145425261319,0.00027600563478728324,2.712172700622365,0.0009036267768384249,True,Solve_Succeeded,1,0.01808092899591429,0.021809054000186734,0.022141002002172172,True,4.458412496965991e-07,
9.4,24.778,24.774,4.3,18.38909959597458,-2.1798056254476075,-0.013514581799534266,2.8275115307144727,-0.0005799033985592496,18.262451851071585,-0.0030630390004384826,-0.0006821717654689438,2.7777777778,2.712172700622365,0.0009036267768384249,2.712208956896743,0.001315056722034785,True,Solve_Succeeded,1,0.015954930997395422,0.018894432003435213,0.019283804002043325,True,2.5599559627664803e-07,
9.5,24.878,24.876,4.3,18.677370552556276,-2.1836998682967597,-0.013500564431631997,2.827409803634567,-0.00036842258900396786,18.550749291448856,-0.0032468217778863556,-0.000592099534279019,2.7777777778,2.712208956896743,0.001315056722034785,2.7122653146179125,0.0015258492183127395,True,Solve_Succeeded,1,0.016010361003282014,0.020834468996326905,0.021538298002269585,True,1.8599953088838106e-07,
9.6,24.978,24.978,4.3,18.965631394673306,-2.1875896742118868,-0.013485521478979605,2.8273101888944274,-0.00023144665229501976,18.839036577456138,-0.003404772762837685,-0.0005037782141451268,2.7777777778,2.7122653146179125,0.0015258492183127395,2.7123406038318314,0.0016511368629671618,True,Solve_Succeeded,1,0.015196070999081712,0.017895049997605383,0.01829036899289349,True,3.3226416462639463e-07,
9.7,25.078,25.046,4.3,19.15779989823416,-2.1901804258084026,-0.013475342883018285,2.82724949508774,-0.00012557885424195652,19.03122268559628,-0.003496128038699923,-0.00044628946410014964,2.7777777778,2.7123406038318314,0.0016511368629671618,2.7124157035584995,0.0017129668190280852,True,Solve_Succeeded,1,0.015475279993552249,0.01910571700136643,0.019326154004374985,True,3.331801852191063e-07,
9.8,25.178,25.148,4.3,19.44604530160924,-2.194062634982914,-0.01345976253514777,2.8271625445211273,-5.146467354933884e-05,19.31949445190922,-0.0036125872750691667,-0.00036205634602978423,2.7777777778,2.7124157035584995,0.0017129668190280852,2.7125041852098177,0.001724255539559223,True,Solve_Succeeded,1,0.014855606001219712,0.019138110998028424,0.019382365004275925,True,3.2242901326640094e-07,
9.9,25.278,25.25,4.3,19.73428253596235,-2.1979402919738695,-0.01344524096344037,2.827084525663766,-1.659484313014935e-05,19.607757994340446,-0.0037052112247490834,-0.0002816562437605481,2.7777777778,2.7125041852098177,0.001724255539559223,2.71259971065253,0.001706306869314858,True,Solve_Succeeded,1,0.015139849005208816,0.018209130001196172,0.01845029799733311,True,3.348071508924022e-07,
10.0,25.378,25.352,4.3,20.022512358163524,-2.201815307962131,-0.013440394063175602,2.827018056718597,8.445494844292846e-05,19.896014090821843,-0.0037767015989805274,-0.00021370428459028046,2.7777777778,2.71259971065253,0.001706306869314858,2.712696210583004,0.0016583388570371124,True,Solve_Succeeded,1,0.015963413003191818,0.018950839003082365,0.019176316003722604,True,3.009167532930235e-07,
10.1,25.478,25.454,4.3,20.310736013135944,-2.2056883993243885,-0.013433418469508863,2.8269632320650087,9.626557330237931e-05,20.184263992314694,-0.003828558498452346,-0.00014639628912639473,2.7777777778,2.712696210583004,0.0016583388570371124,2.712789361969155,0.00161097668834551,True,Solve_Succeeded,1,0.015451222003321163,0.01857954300066922,0.018815821000316646,True,3.4552741645654805e-07,
10.2,25.578,25.556,4.3,20.59895459179013,-2.2095594567591808,-0.013427365618935639,2.826916769260224,6.2612004495417e-05,20.472508785311984,-0.0038614579658038948,-8.278297972673723e-05,2.7777777778,2.712789361969155,0.00161097668834551,2.7128772053411225,0.0015589502387281162,True,Solve_Succeeded,1,0.01582402100029867,0.018980893000843935,0.019376478005142417,True,3.204777723198049e-07,
10.3,25.678,25.658,4.3,20.88716856564367,-2.2134291359214813,-0.013423747306741578,2.826873239147888,1.6449956353121835e-05,20.760748947551754,-0.003876848798774688,-2.437561235548065e-05,2.7777777778,2.7128772053411225,0.0015589502387281162,2.712960540028591,0.0015037053375946965,True,Solve_Succeeded,1,0.01498883400199702,0.018036811001366004,0.018442902000970207,True,3.082964958878165e-07,
10.4,25.778,25.76,4.3,21.175378568103508,-2.217297772521836,-0.013420404030605822,2.826838577608216,6.136407835879106e-05,21.048985114825204,-0.003875857432858031,3.098584376506723e-05,2.7777777778,2.712960540028591,0.0015037053375946965,2.7130368268595384,0.0014285934777207476,True,Solve_Succeeded,1,0.015272692005964927,0.018975767998199444,0.01923615600389894,True,2.506486773690142e-07,
10.5,25.878,25.862,4.3,21.46358536494542,-2.2211653623479446,-0.013416744836177759,2.826809870407451,5.7304078872137214e-05,21.33721805107615,-0.003859268343523062,8.389284801265003e-05,2.7777777778,2.7130368268595384,0.0014285934777207476,2.7131054284718092,0.0013583125502267719,True,Solve_Succeeded,1,0.01627703999838559,0.018925541000498924,0.019397577998461202,True,2.777114644914036e-07,
10.6,25.978,25.964,4.3,21.75178965479854,-2.2250319356078037,-0.013413859667447103,2.8267890881175988,5.299188364522464e-05,21.625448453870746,-0.0038279010515564903,0.00013325590140114175,2.7777777778,2.7131054284718092,0.0013583125502267719,2.7131650587528435,0.0012825152964660363,True,Solve_Succeeded,1,0.015838289000384975,0.01945351600443246,0.01976403199660126,True,2.3922461434011666e-07,
10.7,26.078,26.066,4.3,22.039992118242473,-2.228897656220716,-0.013410887103765801,2.8267736502904035,5.570114142148597e-05,21.91367700483211,-0.003782708779236641,0.00017993682014573115,2.7777777778,2.7131650587528435,0.0012825152964660363,2.713215930715137,0.001202514021000622,True,Solve_Succeeded,1,0.014584340999135748,0.01750739999988582,0.017762146002496593,True,2.2044697178813522e-07,
10.8,26.178,26.168,4.3,22.32819327798481,-2.232762524318934,-0.013408134576377111,2.826763090178733,5.090498631758026e-05,22.201904225784034,-0.0037244829140858043,0.00022362850015435545,2.7777777778,2.713215930715137,0.001202514021000622,2.713258289695607,0.0011212058250000784,True,Solve_Succeeded,1,0.015426472993567586,0.018774919997667894,0.019307239999761805,True,2.0523557653362445e-07,
10.9,26.278,26.27,4.3,22.61639357265292,-2.2366266402564463,-0.01340548428617875,2.8267563721211015,5.140260198997241e-05,22.49013055609634,-0.0036541160395665586,0.0002644490168034127,2.7777777778,2.713258289695607,0.0011212058250000784,2.713292724786445,0.0010365736076130008,True,Solve_Succeeded,1,0.01730454299831763,0.020656061999034137,0.020909535000100732,True,1.813991041821339e-07,
11.0,26.378,26.372,4.3,22.904593389873273,-2.2404899799276703,-0.013403315847356306,2.8267527234956074,-1.9180719706898905e-05,22.778356382688152,-0.0035723768564720542,0.0003020189887970211,2.7777777778,2.713292724786445,0.0010365736076130008,2.713320054936735,0.0009623712547964437,True,Solve_Succeeded,1,0.016632686005323194,0.019374384006368928,0.01963070299825631,True,1.8897696474340364e-07,
11.1,26.478,26.474,4.3,23.19279302604565,-2.2443527221636055,-0.01340088982121093,2.8267527097021143,4.730627616598814e-05,23.0665820042621,-0.003480238127402691,0.0003370780429741999,2.7777777778,2.713320054936735,0.0009623712547964437,2.71334046697982,0.0008635407147471617,True,Solve_Succeeded,1,0.0155303939973237,0.0190704300039215,0.019433706998825073,True,1.1158514290343646e-07,
11.2,26.578,26.576,4.3,23.480992653804385,-2.2482147764630844,-0.013398597413256677,2.8267528464031915,5.033797394172897e-05,23.354807592282565,-0.0033784049305218247,0.00036923511758278627,2.7777777778,2.71334046697982,0.0008635407147471617,2.7133557876263104,0.0007767136894809518,True,Solve_Succeeded,1,0.018022312004177365,0.02203697599907173,0.022350498002197128,True,1.4370786649564593e-07,
11.3,26.678,26.678,4.3,23.769192417346552,-2.2520761968415983,-0.013396678520848745,2.8267551064966314,3.064065367029768e-05,23.643033291947113,-0.003267727185390133,0.00039825042975955363,2.7777777778,2.7133557876263104,0.0007767136894809518,2.713366262241254,0.0006904060117902742,True,Solve_Succeeded,1,0.01690904999850318,0.022166978997120168,0.022419007997086737,True,1.1179481429479665e-07,
11.4,26.778,26.746,4.3,23.961325752569273,-2.2546502233318235,-0.013395667171099189,2.8267574107805813,4.37751614995046e-05,23.835183906058003,-0.0031895196358268482,0.0004157881903769107,2.7777777778,2.713366262241254,0.0006904060117902742,2.7133732092421696,0.0005984968406381004,True,Solve_Succeeded,1,0.01706335399649106,0.02193183200142812,0.02227448099438334,True,8.558748287867957e-08,
11.5,26.878,26.848,4.3,24.2495260547491,-2.258510874936742,-0.013394121283635877,2.826760853678534,4.555574584695681e-05,24.12341010914695,-0.0030661574039484436,0.0004398169362827519,2.7777777778,2.7133732092421696,0.0005984968406381004,2.7133770845904026,0.000510101267056802,True,Solve_Succeeded,1,0.01744880899786949,0.022042380995117128,0.022441553002863657,True,8.015799890515041e-08,
11.6,26.978,26.95,4.3,24.537726753277845,-2.2623711222197547,-0.013392937083505868,2.82676504411833,4.233473600549468e-05,24.411636689130656,-0.002936304171322667,0.00046071591885532033,2.7777777778,2.7133770845904026,0.000510101267056802,2.713378358577814,0.0004233130435595705,True,Solve_Succeeded,1,0.016497242002515122,0.01881044999754522,0.019170385006873403,True,6.343895986304915e-08,
11.7,27.078,27.052,4.3,24.825927882361324,-2.266230986737382,-0.013391474270601092,2.826769086682562,4.959663177484033e-05,24.69986368133946,-0.002800778832850831,0.0004791254551717774,2.7777777778,2.713378358577814,0.0004233130435595705,2.7133778112587734,0.0003359435373461024,True,Solve_Succeeded,1,0.01645282299432438,0.020037114001752343,0.020288021994929295,True,5.5532243488105176e-08,
11.8,27.178,27.154,4.3,25.114129394869604,-2.270090484969867,-0.01339012758051979,2.8267724695263956,1.9981462787379135e-05,24.988091039813828,-0.002660396336791392,0.0004946508012605816,2.7777777778,2.7133778112587734,0.0003359435373461024,2.7133762954011913,0.00025713193049667327,True,Solve_Succeeded,1,0.015334871000959538,0.01857092099817237,0.01881275000050664,True,5.463747103427556e-08,
11.9,27.278,27.256,4.3,25.40233129812536,-2.2739497280969423,-0.013389789383956184,2.826776644608935,1.8532915333644182e-05,25.276318774449514,-0.002516065575503308,0.0005063995613759937,2.7777777778,2.7133762954011913,0.00025713193049667327,2.713373697830521,0.00017599390838208152,True,Solve_Succeeded,1,0.017973054003959987,0.021132210997166112,0.021431333996588364,True,4.5488737017711396e-08,
12.0,27.378,27.358,4.3,25.690533582287053,-2.277808852526241,-0.013389266536514776,2.8267800280159667,2.074859949827966e-05,25.56454687841562,-0.002368720918536041,0.000515564833670502,2.7777777778,2.713373697830521,0.00017599390838208152,2.7133707538769603,9.795967673529919e-05,True,Solve_Succeeded,1,0.017145507998066023,0.0203083219967084,0.020553479000227526,True,4.30055026199791e-08,
12.1,27.478,27.46,4.3,25.978736200311506,-2.281667843333852,-0.013388810415063979,2.826783025024069,2.668787894172739e-05,25.852775305641863,-0.0022191459556312547,0.0005218951742848362,2.7777777778,2.7133707538769603,9.795967673529919e-05,2.7133677097447517,2.2202665282089918e-05,True,Solve_Succeeded,1,0.016826885999762453,0.02059581700450508,0.02102041900070617,True,3.8289983655091786e-08,
12.2,27.578,27.562,4.3,26.26693912164218,-2.2855267255760374,-0.01338849428144869,2.826785990632333,3.212222246803954e-05,26.141004027141694,-0.0020681640492156033,0.0005253172358545085,2.7777777778,2.7133677097447517,2.2202665282089918e-05,2.713364664864406,-5.0020607604090616e-05,True,Solve_Succeeded,1,0.01628798100136919,0.01973400700080674,0.02013213800091762,True,3.4562175360211946e-08,
12.3,27.678,27.664,4.3,26.555142325089918,-2.2893855374737915,-0.013388457167945149,2.82678819552817,-3.1463686501716056e-05,26.429233023505574,-0.001916611625178766,0.0005256918812533723,2.7777777778,2.713364664864406,-5.0020607604090616e-05,2.713362141149845,-0.00010636650442335908,True,Solve_Succeeded,1,0.01657013200019719,0.02042892600002233,0.020785303000593558,True,3.6662216092831585e-08,
12.4,27.778,27.766,4.3,26.84334575525879,-2.2932443513152023,-0.01338853260814246,2.826790279918599,-3.4237521405576935e-05,26.717462241605638,-0.0017653596845589173,0.000523185452826232,2.7777777778,2.713362141149845,-0.00010636650442335908,2.7133599633059236,-0.00016889301420798332,True,Solve_Succeeded,1,0.0167551429985906,0.020119968001381494,0.020476584999414627,True,2.559397275711528e-08,
12.5,27.878,27.868,4.3,27.131549397616155,-2.297103236741187,-0.01338882262057375,2.8267922594790367,-3.441685325510303e-05,27.005691669130403,-0.001615276053354033,0.0005176957886662038,2.7777777778,2.7133599633059236,-0.00016889301420798332,2.7133583196214532,-0.00022485404747726154,True,Solve_Succeeded,1,0.019633137999335304,0.02336763000494102,0.02364658300211886,True,2.8176281534027844e-08,
12.6,27.978,27.97,4.3,27.419753226292094,-2.3009622245096435,-0.013389360787137383,2.826793977119234,-2.3264593637429113e-05,27.29392128186833,-0.0014671898816829786,0.0005091891439448111,2.7777777778,2.7133583196214532,-0.00022485404747726154,2.7133571090930406,-0.000277828049634083,True,Solve_Succeeded,1,0.016370556004403625,0.01914179800223792,0.0193845190005959,True,2.5735746891214495e-08,
12.7,28.078,28.072,4.3,27.707957142463147,-2.304821184974686,-0.013388725544967037,2.826794099591793,-2.9483093329898604e-05,27.582150980394648,-0.0013217709953165858,0.0004990869022735399,2.7777777778,2.7133571090930406,-0.000277828049634083,2.7133569993719058,-0.0003232230957921058,True,Solve_Succeeded,1,0.015839152001717594,0.019123065001622308,0.0193885320040863,True,2.582619007540643e-08,
12.8,28.178,28.174,4.3,27.996161141450997,-2.308680179700383,-0.013389262614586794,2.8267956040170783,-3.536172129440234e-05,27.87038076202655,-0.0011798791573885308,0.0004850431422747555,2.7777777778,2.7133569993719058,-0.0003232230957921058,2.713357106968669,-0.00036262305387362536,True,Solve_Succeeded,1,0.016221634999965318,0.019075831994996406,0.019320947998494375,True,2.8454923750587113e-08,
12.9,28.278,28.276,4.3,28.284365275822413,-2.312539363207334,-0.013389928770461645,2.8267970816970074,1.6527177603413146e-05,28.15861068253782,-0.0010424663467469898,0.00046810086473213566,2.7777777778,2.713357106968669,-0.00036262305387362536,2.713357367953929,-0.0004045379646600161,True,Solve_Succeeded,1,0.0178045810025651,0.02110483699652832,0.021642861000145786,True,3.220241762136311e-08,
13.0,28.378,28.378,4.3,28.57256953753499,-2.316398726584217,-0.01339064359076454,2.8267983076003573,1.7493011763409884e-05,28.446840734741805,-0.0009103220363488978,0.0004483402486181055,2.7777777778,2.713357367953929,-0.0004045379646600161,2.713358048728029,-0.0004307172152938884,True,Solve_Succeeded,1,0.017635372998483945,0.02223351599968737,0.02290461699885782,True,2.955957523198549e-08,
13.1,28.478,28.446,4.3,28.764705784221217,-2.318971753827169,-0.013391248180622898,2.826799019393674,-3.114960188678382e-05,28.638994178216002,-0.0008255653909062592,0.00043349962420721923,2.7777777778,2.713358048728029,-0.0004307172152938884,2.713359188946692,-0.0004429038131996783,True,Solve_Succeeded,1,0.019294584999443032,0.025182375000440516,0.02562444200157188,True,3.026358186275502e-08,
13.2,28.578,28.548000000000002,4.3,29.052910252007276,-2.322831522912505,-0.013392047431507128,2.8268003932203256,1.259682926837892e-05,28.927224447094307,-0.000704082055687908,0.0004090378583524439,2.7777777778,2.713359188946692,-0.0004429038131996783,2.713360157451075,-0.00046415111987180275,True,Solve_Succeeded,1,0.017293280994636007,0.02139553799497662,0.021653700001479592,True,3.5102987627766424e-08,
13.3,28.678,28.65,4.3,29.34111484537024,-2.3266915263852517,-0.013393152521379754,2.826801479419328,-2.806450942056338e-05,29.215454848714288,-0.0005900508601676254,0.0003814998310698141,2.7777777778,2.713360157451075,-0.00046415111987180275,2.713361554407002,-0.000461356578466989,True,Solve_Succeeded,1,0.016228542997851036,0.019466206002107356,0.019702985999174416,True,2.9363994791253845e-08,
13.4,28.778,28.752,4.3,29.629319568604988,-2.3305518772049223,-0.013394041922311806,2.826802926934588,1.9085017433900797e-05,29.503685389448147,-0.0004843832664173905,0.00035140675155481693,2.7777777778,2.713361554407002,-0.000461356578466989,2.7133624871585065,-0.00046964650307785167,True,Solve_Succeeded,1,0.01617884199367836,0.01969488999748137,0.02008847999968566,True,3.565026451823883e-08,
13.5,28.878,28.854,4.3,29.917524410937855,-2.3344124663375188,-0.013395048327423088,2.8268039745941955,-3.349981694467838e-05,29.791916057383045,-0.000387769066975612,0.00031842558941255067,2.7777777778,2.7133624871585065,-0.00046964650307785167,2.7133638445696664,-0.00045234653276265404,True,Solve_Succeeded,1,0.01755006000166759,0.02136195699858945,0.021807856996019837,True,2.9137320556316126e-08,
13.6,28.978,28.956,4.3,30.20572937527745,-2.3382733618291707,-0.013396090564510963,2.8268054136031653,1.276199379257812e-05,30.08014685654781,-0.00030107503078546005,0.0002826371576174508,2.7777777778,2.7133638445696664,-0.00045234653276265404,2.7133646400679865,-0.00044869871031062296,True,Solve_Succeeded,1,0.01638933699723566,0.020183904001896735,0.020445123001991306,True,3.5679652565789866e-08,
13.7,29.078,29.058,4.3,30.493934468241616,-2.3421345471060153,-0.013397034422125908,2.826806681276965,1.5553956508193433e-05,30.368377793325262,-0.00022508337202281772,0.00024417528751198396,2.7777777778,2.7133646400679865,-0.00044869871031062296,2.7133655826194647,-0.0004302401066850291,True,Solve_Succeeded,1,0.016942112997639924,0.019829582000966184,0.020065258999238722,True,3.152297756159328e-08,
13.8,29.178,29.16,4.3,30.782139688302422,-2.3459959993949133,-0.013397946045277118,2.8268079727625794,1.2294583136788204e-05,30.656608865664595,-0.00016057033128054647,0.00020297343454966053,2.7777777778,2.7133655826194647,-0.0004302401066850291,2.7133662704457637,-0.0004077918242588015,True,Solve_Succeeded,1,0.015812392004590947,0.019609308998042252,0.0198594250032329,True,3.2799365889957244e-08,
13.9,29.278,29.262,4.3,31.070345037326337,-2.349857729887965,-0.013398939137819667,2.826809296078408,1.3618687594430438e-05,30.944840075274804,-0.00010829206671892224,0.0001598120605107202,2.7777777778,2.7133662704457637,-0.0004077918242588015,2.7133668448644457,-0.0003813694034542568,True,Solve_Succeeded,1,0.01631622700369917,0.019505784002831206,0.019755759996769484,True,3.237595480598543e-08,
14.0,29.378,29.364,4.3,31.358550515669286,-2.353719702822358,-0.01339988540485134,2.826810503864147,-3.1224795464437e-05,31.233071421439902,-6.823610117762378e-05,0.00011812817889115396,2.7777777778,2.7133668448644457,-0.0003813694034542568,2.7133674541054984,-0.00034260619298339464,True,Solve_Succeeded,1,0.01662945799762383,0.020533994000288658,0.02079182599845808,True,2.9491846298412838e-08,
14.1,29.478,29.466,4.3,31.646756127922085,-2.357581979993875,-0.013400696334539762,2.8268119054748664,1.3521612604598728e-05,31.521302908459983,-3.997356921578963e-05,7.832014411136673e-05,2.7777777778,2.7133674541054984,-0.00034260619298339464,2.7133676514273524,-0.00031559886574488675,True,Solve_Succeeded,1,0.017610439004783984,0.020810613001231104,0.021079997000924777,True,3.3507299601609475e-08,
14.2,29.578,29.568,4.3,31.93496187167662,-2.3614444636163197,-0.013401477772653526,2.8268130575156656,-2.4052212740200384e-05,31.80953453155189,-2.2905015563617783e-05,4.028246439071598e-05,2.7777777778,2.7133676514273524,-0.00031559886574488675,2.71336805243802,-0.00026963542863130835,True,Solve_Succeeded,1,0.017098256001190748,0.020416908999322914,0.020806214997719508,True,2.5161510652793595e-08,
14.3,29.678,29.67,4.3,32.22316774011838,-2.3653071613335594,-0.013402212767896163,2.826814330957062,-2.5845149697333245e-05,32.09776628309196,-1.653636439781872e-05,4.032424796459461e-06,2.7777777778,2.71336805243802,-0.00026963542863130835,2.713368096229929,-0.00022860889548439079,True,Solve_Succeeded,1,0.01655711099738255,0.020118453998293262,0.02037690600263886,True,3.044596530443755e-08,
14.4,29.778,29.772,4.3,32.51137373143893,-2.369170054225608,-0.013402708457458256,2.8268154441282394,-1.2207648548855879e-05,32.38599816024124,-2.0346816830417278e-05,-3.0236799268478984e-05,2.7777777778,2.713368096229929,-0.00022860889548439079,2.7133681303407213,-0.00018603171189135042,True,Solve_Succeeded,1,0.016238415002590045,0.019761834002565593,0.020069111997145228,True,2.7587929274375256e-08,
14.5,29.878,29.874,4.3,32.799579839401105,-2.3730330877839827,-0.01340324004778149,2.826816643608549,-2.4166102861609518e-05,32.674230155378574,-3.377995970152261e-05,-6.280012165760934e-05,2.7777777778,2.7133681303407213,-0.00018603171189135042,2.7133680486364287,-0.00013690136233215217,True,Solve_Succeeded,1,0.01604479800153058,0.019797820001258515,0.020053676998941228,True,2.385082753519896e-08,
14.6,29.978,29.976,4.3,33.08778605673745,-2.3768962635125823,-0.01340359604074223,2.8268179180059603,4.384644375139335e-06,32.96246226072128,-5.6335318310011584e-05,-9.344577228217674e-05,2.7777777778,2.7133680486364287,-0.00013690136233215217,2.713367681955152,-9.292828809798057e-05,True,Solve_Succeeded,1,0.016572792002989445,0.019691399997100234,0.020008126994071063,True,2.6038529554739398e-08,
14.7,30.078,30.078,4.3,33.37599237768327,-2.380759538484609,-0.01340436165950492,2.826819059747455,-2.2086532065756987e-05,33.2506944695101,-8.74678945425934e-05,-0.00012275872308802754,2.7777777778,2.713367681955152,-9.292828809798057e-05,2.713367374956681,-3.712244464915287e-05,True,Solve_Succeeded,1,0.016526480998436455,0.019897928003047127,0.02014245199825382,True,2.8490088209930618e-08,
14.8,30.178,30.146,4.3,33.56813000816931,-2.3833351935596956,-0.013404530632588875,2.8268198828310434,1.961840014006751e-05,33.4428493594344,-0.0001128230026727327,-0.00014099118021874274,2.7777777778,2.713367374956681,-3.712244464915287e-05,2.71336687650186,7.44716607253181e-06,True,Solve_Succeeded,1,0.01716240200039465,0.021031763004430104,0.02135653699951945,True,2.4449581470520343e-08,
14.9,30.278,30.248,4.3,33.85633653504374,-2.3871987032705255,-0.013404677749944461,2.8268206585193747,-1.1589133185788443e-05,33.731081774135795,-0.00015720374844130868,-0.00016678125533108393,2.7777777778,2.71336687650186,7.44716607253181e-06,2.7133666343200313,6.74721237891844e-05,True,Solve_Succeeded,1,0.017179285998281557,0.02097955199860735,0.021442785997351166,True,3.523971084731792e-08,
15.0,30.378,30.35,4.3,34.14454314838606,-2.391062257379759,-0.013404718193268729,2.8268216661062735,1.3389464514582357e-05,34.0193142737837,-0.0002087677018375656,-0.00019072176109470425,2.7777777778,2.7133666343200313,6.74721237891844e-05,2.7133660304874962,0.00011692184323457792,True,Solve_Succeeded,1,0.022788689995650202,0.027361258995370008,0.02776382400043076,True,2.7587373663696263e-08,
15.1,30.478,30.452,4.3,34.432749842096044,-2.39492578915725,-0.013404652927159805,2.826822425634916,8.286963269859428e-06,34.30754685133416,-0.00026694583831942645,-0.00021281348651707756,2.7777777778,2.7133660304874962,0.00011692184323457792,2.7133655649352426,0.0001738431460298439,True,Solve_Succeeded,1,0.01784510400466388,0.02128197099955287,0.021558729000389576,True,3.789824568924127e-08,
15.2,30.578,30.554,4.3,34.720956613515966,-2.398789294163339,-0.013404396873703357,2.8268230760963724,1.0245208978910563e-05,34.59577950409283,-0.00033123132455278306,-0.00023297119902669465,2.7777777778,2.7133655649352426,0.0001738431460298439,2.713365018735555,0.00022898988341316735,True,Solve_Succeeded,1,0.018007253005634993,0.02153045099839801,0.021810815000208095,True,3.7617039569219635e-08,
15.3,30.678,30.656,4.3,35.00916345113866,-2.4026527031367975,-0.013404114493870477,2.8268236028677847,-1.0705273218709631e-05,34.884012219739105,-0.0004010525854436564,-0.000251359224880187,2.7777777778,2.713365018735555,0.00022898988341316735,2.7133645869476473,0.0002888227379480174,True,Solve_Succeeded,1,0.01659588300390169,0.019881129999703262,0.020268676002160646,True,4.412988672554928e-08,
15.4,30.778,30.758,4.3,35.29737034968048,-2.406515995163736,-0.013403637259598896,2.82682418518486,-1.7163459106633744e-05,35.172244992887336,-0.00047588627041584295,-0.00026780892245589945,2.7777777778,2.7133645869476473,0.0002888227379480174,2.7133640832739214,0.0003459117686378561,True,Solve_Succeeded,1,0.015863653999986127,0.019143056000757497,0.01938563500152668,True,4.461967831651502e-08,
15.5,30.878,30.86,4.3,35.585577306736646,-2.4103791568693045,-0.01340299631362404,2.8268247942148563,1.7779882864560034e-05,35.460477821193365,-0.0005552164991527454,-0.0002823513416834976,2.7777777778,2.7133640832739214,0.0003459117686378561,2.7133634333668724,0.00039593069037238205,True,Solve_Succeeded,1,0.017124236997915432,0.02123559899337124,0.021766767000372056,True,4.535762307823592e-08,
15.6,30.978,30.962,4.3,35.8737843243614,-2.414242125516233,-0.013402395850789933,2.826825376991362,1.093093143057059e-05,35.74871070617575,-0.0006384779505024336,-0.00029519060529624094,2.7777777778,2.7133634333668724,0.00039593069037238205,2.7133627601747086,0.00045262655095695484,True,Solve_Succeeded,1,0.015157488000113517,0.018840299002476968,0.01930747300502844,True,5.4798029088540604e-08,
15.7,31.078,31.064,4.3,36.16199139151715,-2.418104889815122,-0.013401533919524733,2.8268256923080584,2.5106093447640386e-05,36.03694363698811,-0.000725156900130044,-0.0003060247095831078,2.7777777778,2.7133627601747086,0.00045262655095695484,2.7133620045886437,0.000503433838147068,True,Solve_Succeeded,1,0.015122126998903695,0.018540024997491855,0.018847382998501416,True,5.284080508653061e-08,
15.8,31.178,31.166,4.3,36.45019849593195,-2.4219673659190892,-0.013400496196697382,2.8268260424894494,2.1092088024467107e-05,36.325176600642955,-0.0008146670758780666,-0.00031493929993644046,2.7777777778,2.7133620045886437,0.000503433838147068,2.7133612697696994,0.0005566054893182366,True,Solve_Succeeded,1,0.01542990199959604,0.01880868500302313,0.01904329899844015,True,6.023884968077951e-08,
15.9,31.278,31.268,4.3,36.738405635184435,-2.425829539677046,-0.013399397654161403,2.8268263037866928,2.028098577237069e-05,36.61340959495263,-0.0009064917599262217,-0.0003220493377914281,2.7777777778,2.7133612697696994,0.0005566054893182366,2.7133604780568317,0.0006073112495225317,True,Solve_Succeeded,1,0.015451444996870123,0.01868982400628738,0.019132134002575185,True,6.222215320067503e-08,
16.0,31.378,31.37,4.3,37.026612806413425,-2.4296913966636273,-0.013398188378941987,2.826826605588745,1.9508294529119013e-05,36.90164261731538,-0.0010001139656755226,-0.00032730492026430275,2.7777777778,2.7133604780568317,0.0006073112495225317,2.7133596297570524,0.0006565152134763489,True,Solve_Succeeded,1,0.01658891599799972,0.020716859005915467,0.020950420999724884,True,7.01326556828974e-08,
16.1,31.478,31.472,4.3,37.31482005971741,-2.43355276236158,-0.013394895411537662,2.826828524445556,7.027808090111386e-05,37.189875716015806,-0.0010948559420022388,-0.0003287331191525536,2.7777777778,2.7133596297570524,0.0006565152134763489,2.7133578135454335,0.0006936439146938598,True,Solve_Succeeded,1,0.016132420998474117,0.01991266199911479,0.02020706499752123,True,6.37030087727395e-08,
16.2,31.578,31.574,4.3,37.603027850148344,-2.43741199359518,-0.01338208308347008,2.826837248082296,0.0001955409782986643,37.478109325090955,-0.0011885661270008246,-0.0003188983193848898,2.7777777778,2.7133578135454335,0.0006936439146938598,2.7133518620564034,0.0007084923503525277,True,Solve_Succeeded,1,0.01486107699747663,0.01844525599881308,0.01872536000155378,True,5.748662186815662e-08,
16.3,31.678,31.676,4.3,37.89123699832603,-2.4412655713758387,-0.013355840092836345,2.826852866353697,0.0002958896788573189,37.76634421962999,-0.0012772125501984497,-0.0002938892828513885,2.7777777778,2.7133518620564034,0.0007084923503525277,2.7133394226992267,0.0007091390694977618,True,Solve_Succeeded,1,0.015511583005718421,0.018979401000251528,0.019227591998060234,True,6.0009425363345e-08,
16.4,31.778,31.778,4.3,38.179447930369776,-2.445110130863914,-0.013320437346630127,2.8268685777407345,0.00037034488540314516,38.054580782246525,-0.0013569225467318477,-0.0002579769839202664,2.7632188182125326,2.7133394226992267,0.0007091390694977618,2.704492164143551,0.0007121111976098611,True,Solve_Succeeded,2,0.02693546600494301,0.030004256004758645,0.03026673499698518,True,1.128119819782114e-11,
16.5,31.878,31.846,4.3,38.37158937724987,-2.447667022763809,-0.013290896667697748,2.82687434865935,0.000519106679604344,38.24673923717661,-0.0014037143610115396,-0.00022712802986498554,2.7187376943857675,2.704492164143551,0.0007121111976098611,2.6707716858277264,0.000722291268843288,True,Solve_Succeeded,2,0.023701074002019595,0.02734456600592239,0.02759138499823166,True,1.938906812881669e-10,
16.6,31.978,31.948,4.3,38.659790333928754,-2.4514884169927154,-0.01322087419571921,2.826520100208321,0.000839768102183636,38.53496552709268,-0.0014594487013683292,-0.0001536905495858592,2.652018645793551,2.6707716858277264,0.000722291268843288,2.6047266481028064,0.0007043673916373254,True,Solve_Succeeded,2,0.025471376997302286,0.030114919994957745,0.030510842996591236,True,7.679359370627026e-10,
16.7,32.078,32.05,4.3,38.94789278523753,-2.4552843532260096,-0.013126640703648034,2.824607904118064,0.0009744416130129481,38.823092990284806,-0.0014897793853011789,-5.4301068475853115e-05,2.5853224737578033,2.6047266481028064,0.0007043673916373254,2.514582530823147,0.0006846313276885816,True,Solve_Succeeded,2,0.024660828996275086,0.02806136400613468,0.02831518599850824,True,9.015921342836464e-10,
16.8,32.178,32.152,4.3,39.235649375415925,-2.459047604723459,-0.013028653986642026,2.81934123864796,0.0009278944431988225,39.11087419738767,-0.0014902150981943886,5.0573988738165925e-05,2.51870645359457,2.514582530823147,0.0006846313276885816,2.4072744387469855,0.000661051205818609,True,Solve_Succeeded,2,0.02387319500121521,0.02655755500018131,0.026813570999365766,True,1.7657471040877226e-09,
16.9,32.278,32.254,4.3,39.52263372402176,-2.462773655603618,-0.012938418478716828,2.8092249235444404,0.000844212030767454,39.397882744737956,-0.0014613277432941418,0.00014940966716533478,2.452269289855547,2.4072744387469855,0.000661051205818609,2.288692906802451,0.000630518764198268,True,Solve_Succeeded,2,0.023564814997371286,0.027520519004610833,0.02780425099626882,True,2.578469882053014e-09,
17.0,32.378,32.356,4.3,39.808297157536785,-2.4664578632730683,-0.012855294169054088,2.793320055178334,0.0007900383410736091,39.68356994413529,-0.0014051855171456264,0.00024281043311444837,2.386137993698227,2.288692906802451,0.000630518764198268,2.163750598747547,0.0005989449847411161,True,Solve_Succeeded,2,0.026977104003890418,0.029911077006545383,0.030306568995001726,True,3.380714375111893e-09,
17.1,32.478,32.458,4.3,40.092017608560006,-2.470094133869665,-0.012777185586704804,2.771107424497759,0.000739818781669864,39.96731370057635,-0.0013234018413139012,0.0003328198360189761,2.3204565685956053,2.163750598747547,0.0005989449847411161,2.0364593594448426,0.000580345292020367,True,Solve_Succeeded,2,0.024309147003805265,0.027530174003914,0.027787120998254977,True,4.2212011663878e-09,
17.2,32.578,32.56,4.3,40.3731431836858,-2.4736759724621025,-0.012704928743247013,2.7424910125985433,0.0006782287763162959,40.248462090174236,-0.0012176274943313601,0.0004185338044617841,2.255375922854833,2.0364593594448426,0.000580345292020367,1.9099940495578451,0.0005857668849214174,True,Solve_Succeeded,2,0.027362176006135996,0.031874349995632656,0.03211239099618979,True,5.153907132017868e-09,
17.3,32.678,32.662,4.3,40.65102377721489,-2.477197260606892,-0.01263863389510432,2.7076065292475087,0.0006297005866970818,40.52636498144118,-0.0010899244183464843,0.0004997591064017787,2.1910465498758582,1.9099940495578451,0.0005857668849214174,1.7868229776244278,0.0006179323108160125,True,Solve_Succeeded,2,0.025957076002669055,0.02954291599598946,0.029875182997784577,True,5.789774562342184e-09,
17.4,32.778,32.764,4.3,40.92503852817736,-2.48065183601971,-0.012574645515416297,2.666826874455574,0.0006339200661870213,40.80040148455616,-0.0009419932066974257,0.0005800555477149163,2.127612174154291,1.7868229776244278,0.0006179323108160125,1.6687951696653298,0.0006703127594095876,True,Solve_Succeeded,2,0.02491667800495634,0.028879701996629592,0.0291349370017997,True,5.989199498108652e-09,
17.5,32.878,32.866,4.3,41.194606785069475,-2.484032771842261,-0.0125071734593663,2.62058840472622,0.0006935517017672664,41.069990905423985,-0.0007743135676184489,0.000665106872264903,2.0652072156195733,1.6687951696653298,0.0006703127594095876,1.5572727642161723,0.000733842486349405,True,Solve_Succeeded,2,0.024445467002806254,0.028213686993694864,0.028499291998741683,True,5.8668183666212015e-09,
17.6,32.978,32.968,4.3,41.45920244769779,-2.4873324819789597,-0.012431468293130838,2.5695074748780877,0.0007882589839955994,41.33460708800144,-0.0005860634041738715,0.00075954815333819,2.0039534696520795,1.5572727642161723,0.000733842486349405,1.4531722104309424,0.0007979019718815832,True,Solve_Succeeded,2,0.02352900899859378,0.027059271997131873,0.027569541001867037,True,5.4325187555902266e-09,
17.7,33.078,33.07,4.3,41.718366412471774,-2.4905434925900294,-0.012345242596304491,2.5142662407754828,0.0008944594987051758,41.59379086816066,-0.0003757255631246448,0.0008655475389420172,1.943957224244373,1.4531722104309424,0.0007979019718815832,1.3570392895556698,0.0008515847622865248,True,Solve_Succeeded,2,0.024641134004923515,0.02850413000123808,0.02874054700077977,True,4.817679575587486e-09,
17.8,33.178,33.172,4.3,41.97171644194545,-2.4936592598877763,-0.012248470364260773,2.4556334983571735,0.0009927808871207139,41.847159953495655,-0.0001417715119491322,0.0009830100429498983,1.8853069730089511,1.3570392895556698,0.0008515847622865248,1.269091243338923,0.0008850758354100426,True,Solve_Succeeded,2,0.024294527000165544,0.028207742994709406,0.02849620400229469,True,4.149524575943614e-09,
17.9,33.278,33.274,4.3,42.218931888437325,-2.496674484895141,-0.012142744356335474,2.3941884988759536,0.0010687493634791655,42.094393652282335,0.00011682788560492639,0.001110221369539392,1.8280769501412064,1.269091243338923,0.0008850758354100426,1.189362434382086,0.0008901055398611548,True,Solve_Succeeded,2,0.02504736799892271,0.028811491996748373,0.029088339004374575,True,3.434486251928555e-09,
18.0,33.378,33.376,4.3,42.459767378543894,-2.4995856418277627,-0.012031272607259497,2.3306772565267617,0.001108423599702175,42.335246563888816,0.00040026213735423955,0.0012438547338289917,1.7723239613429635,1.189362434382086,0.0008901055398611548,1.1176552638853932,0.0008620025465615951,True,Solve_Succeeded,2,0.023559303997899406,0.02630931799649261,0.026531157003773842,True,2.779124629373724e-09,
18.1,33.478,33.478,4.3,42.694041971330606,-2.502391104927404,-0.011918328054162495,2.265637675034478,0.001102273265557175,42.56953773968817,0.0007076194237955868,0.0013795224287026422,1.7180898928704569,1.1176552638853932,0.0008620025465615951,1.0536658894785234,0.000798757426430035,True,Solve_Succeeded,2,0.025057021994143724,0.02761521199863637,0.027853432999108918,True,2.1931111437930055e-09,
18.2,33.578,33.546,4.3,42.846512996583975,-2.504202684432788,-0.011844788773264392,2.2212690232639307,0.0010617355472588598,42.7220193593667,0.0009248456080520437,0.0014684676397354601,1.6827932216482935,1.0536658894785234,0.000798757426430035,0.9981429620797085,0.0006938944063216355,True,Solve_Succeeded,2,0.024967520002974197,0.028876906995719764,0.029132092000509147,True,1.5679238929335731e-09,
18.3,33.678,33.648,4.3,43.06958986733612,-2.506833238991196,-0.011740643185784981,2.15480614118573,0.0009668316854299768,42.945111451588986,0.0012669087065319178,0.001596030012668238,1.6311515336334619,0.9981429620797085,0.0006938944063216355,0.9494826559016722,0.0005439734100733873,True,Solve_Succeeded,2,0.02621720900060609,0.030658962998131756,0.030891784001141787,True,1.404837801644021e-09,
18.4,33.778,33.75,4.3,43.28586804797564,-2.5093622770106183,-0.011648534390820446,2.088100290198263,0.0008227382044346042,43.16140408764326,0.0016249866480980112,0.0017118361592764215,1.5810837938056825,0.9494826559016722,0.0005439734100733873,0.9069803458137754,0.000372525133139888,True,Solve_Succeeded,2,0.02515557099832222,0.02877383200393524,0.029077193001285195,True,1.191716725301717e-09,
18.5,33.878,33.852,4.3,43.49535234054187,-2.511794244302693,-0.01157355033169796,2.021687744885614,0.0006310604694588212,43.37090212746641,0.0019944269205557958,0.0018107061914987878,1.5325888771795664,0.9069803458137754,0.000372525133139888,0.8697721417929044,0.0001910414571725821,True,Solve_Succeeded,2,0.025260344002163038,0.02867659299954539,0.02898844000446843,True,1.1226517493412302e-09,
18.6,33.978,33.954,4.3,43.69809084957559,-2.5141347760721375,-0.011519804491354781,1.9559258560310777,0.0004118594119776216,43.57365374614864,0.0023699455549250265,0.0018884429140587945,1.4856556321138588,0.8697721417929044,0.0001910414571725821,0.8373972654714845,3.229231718745983e-06,True,Solve_Succeeded,2,0.024917615999584086,0.028297525001107715,0.02870024900039425,True,1.0890450251668793e-09,
18.7,34.078,34.056,4.3,43.894169118358775,-2.5163900873660574,-0.011488850929525165,1.8911653980952738,0.00019133428074120845,43.76974456250935,0.0027461661111422894,0.0019434169355484008,1.4402642394374054,0.8373972654714845,3.229231718745983e-06,0.8093484054210808,-0.00018736008602668412,True,Solve_Succeeded,2,0.024343623001186643,0.027666344998579007,0.02801448299578624,True,1.095519439053838e-09,
18.8,34.178,34.158,4.3,44.08370373941663,-2.5185663789350436,-0.011480224661640306,1.8276786389297348,-2.013206894929622e-05,43.9592912422718,0.003118135192501759,0.0019760261396426816,1.3963876931957464,0.8093484054210808,-0.00018736008602668412,0.7851091253565309,-0.00037648539576955664,True,Solve_Succeeded,2,0.024309213004016783,0.027709561996744014,0.02800798099633539,True,1.088762397946641e-09,
18.9,34.278,34.26,4.3,44.266836690009974,-2.520669515105026,-0.01149258823070118,1.7656909408573533,-0.0002164024994017705,44.142435829411504,0.003481574595141116,0.001987548836598933,1.353993112838995,0.7851091253565309,-0.00037648539576955664,0.7641694849805645,-0.0005606362264077887,True,Solve_Succeeded,2,0.025749085005372763,0.02953995799907716,0.029784721999021713,True,9.517245949663966e-10,
19.0,34.378,34.362,4.3,44.44373057542128,-2.522704924077885,-0.011524442349722086,1.705381944676838,-0.00039761564154359573,44.31934098881343,0.0038329222085821874,0.001979432782080093,1.313042844458592,0.7641694849805645,-0.0005606362264077887,0.746039191505999,-0.0007357064030898885,True,Solve_Succeeded,2,0.024479352003254462,0.02813902500201948,0.02850858600140782,True,9.327848641063619e-10,
19.1,34.479,34.464,4.3,44.61456408077554,-2.524677574183356,-0.011574019247602327,1.6468881442215193,-0.0005606757551401898,44.490185457735556,0.004169298801557011,0.001953401373861843,1.2734955136892647,0.746039191505999,-0.0007357064030898885,0.7302577959440836,-0.0008986503742264477,True,Solve_Succeeded,2,0.025761801000044215,0.029277624002133962,0.029668027003936004,True,9.098376435937028e-10,
19.2,34.578,34.566,4.3,44.77952773043344,-2.526591942788614,-0.011639317746591748,1.5903062498606548,-0.000703426761723291,44.655159805224145,0.004488485355140879,0.001911418032759871,1.23530700732586,0.7302577959440836,-0.0008986503742264477,0.7164022546502424,-0.0010455991155171678,True,Solve_Succeeded,2,0.026976288005243987,0.030181496003933717,0.030425689998082817,True,8.867757266342591e-10,
19.3,34.678,34.668,4.3,44.9388200239987,-2.528452001859909,-0.011718134023184565,1.5356971306020177,-0.0008243360329699178,44.814462568184986,0.004788887955009672,0.001855654847405233,1.1984313677512963,0.7164022546502424,-0.0010455991155171678,0.7040916296831938,-0.0011741141946024403,True,Solve_Succeeded,2,0.024211163996369578,0.027757643001677934,0.028022988000884652,True,8.602838224777698e-10,
19.4,34.778,34.77,4.3,45.09264399576501,-2.5302612200112984,-0.011808115833949421,1.483090092454737,-0.0009219391538828216,44.96829681111365,0.005069491133792518,0.0017884377293566033,1.1628215892953013,0.7040916296831938,-0.0011741141946024403,0.6929896888908657,-0.0012817121041007991,True,Solve_Succeeded,2,0.024714144004974514,0.02796837000641972,0.028406761994119734,True,8.306618205777827e-10,
19.5,34.878,34.872,4.3,45.2412042208794,-2.5320225738742193,-0.011906810355730458,1.4324872947787104,-0.0009957960703363925,45.116867132511835,0.005329807249546226,0.0017121979525567595,1.1284303111935952,0.6929896888908657,-0.0012817121041007991,0.6828055385160797,-0.0013662522439098932,True,Solve_Succeeded,2,0.027418115998443682,0.03099383899825625,0.031311156002630014,True,7.240861651588992e-10,
19.6,34.978,34.974,4.3,45.384704579436395,-2.5337385793595524,-0.012011759773712737,1.3838714197479525,-0.001046059405770668,45.26037742955047,0.005569815684443286,0.0016293760103426105,1.095210335026978,0.6828055385160797,-0.0013662522439098932,0.673291209910933,-0.0014259581490329398,True,Solve_Succeeded,2,0.026758305997645948,0.029778238997096196,0.03011801100365119,True,2.271232909617461e-09,
19.7,35.078,35.076,4.3,45.52334525447872,-2.535411317600516,-0.012120544152289352,1.3371965584760332,-0.00107323339181426,45.39902789683602,0.00578989640755833,0.001542378035807708,1.0631153194513638,0.673291209910933,-0.0014259581490329398,0.6642442573694758,-0.001459514319405579,True,Solve_Succeeded,2,0.0240323760008323,0.027115026998217218,0.02736651399754919,True,1.4235865429052452e-09,
19.8,35.178,35.144,4.3,45.61316935298167,-2.536503288020784,-0.012194030334922303,1.3070805060542814,-0.0010851587090066636,45.48885844564439,0.005925891741952198,0.00148322124258091,1.0423212109307411,0.6642442573694758,-0.001459514319405579,0.655355188091113,-0.0014400081661325303,True,Solve_Succeeded,2,0.02436246300203493,0.02747411200107308,0.027891978999832645,True,5.284149321609696e-09,
19.9,35.278,35.246,4.3,45.74414225704912,-2.5381075131646877,-0.012304047584948526,1.2635197714344357,-0.0010722875933133526,45.61984091065492,0.0061144943670815586,0.0013943994880436447,1.012001195881764,0.655355188091113,-0.0014400081661325303,0.6471480465074432,-0.0014195359800323378,True,Solve_Succeeded,2,0.023759636002068873,0.02678717399976449,0.027092137999716215,True,1.0071469284004078e-08,
20.0,35.378,35.348,4.3,45.8707630460256,-2.539672239550727,-0.01241147266952646,1.221730905512076,-0.0010270528932568887,45.746471122501504,0.00628568413686889,0.0013078058828729453,0.9826886468429691,0.6471480465074432,-0.0014195359800323378,0.6392418055982492,-0.0013747985979768356,True,Solve_Succeeded,2,0.02473918999749003,0.028522792999865487,0.02875921099621337,True,5.443302310628728e-10,
20.1,35.478,35.45,4.3,45.9932090697078,-2.5411982112396148,-0.012513455268995097,1.1816557881967762,-0.0009695169115185288,45.868926425839305,0.00644092416161032,0.0012262860631305356,0.9543425118108437,0.6392418055982492,-0.0013747985979768356,0.6312198641187541,-0.001300660566252438,True,Solve_Succeeded,2,0.024517771002138034,0.027805120997072663,0.028182727997773327,True,2.5917019364524066e-08,
20.2,35.578,35.552,4.3,46.11165235406446,-2.542686022106643,-0.012609230099802974,1.1432350526916906,-0.0009041442650533089,45.98737883974005,0.006581769666816053,0.001150602663036012,0.9269229715558217,0.6312198641187541,-0.001300660566252438,0.6230471374056186,-0.0011993508761278112,True,Solve_Succeeded,2,0.025609649004763924,0.029148798996175174,0.0294053370016627,True,3.332544802615823e-08,
20.3,35.678,35.654,4.3,46.22625766178102,-2.544136202190657,-0.012697778916076334,1.1063858313896773,-0.0008266138521598334,46.10199311962183,0.006709754391033983,0.0010817727614863947,0.9003918882496423,0.6230471374056186,-0.0011993508761278112,0.6147033286935005,-0.0010730145946025208,True,Solve_Succeeded,2,0.024056749003648292,0.02747209900553571,0.027732071997888852,True,4.2212770431926394e-10,
20.4,35.778,35.756,4.3,46.33718072000485,-2.545549149713267,-0.012777707228136505,1.0710193122213807,-0.0007357830522323942,46.21292498942454,0.006826425855180701,0.001020451187240732,0.8747132146839942,0.6147033286935005,-0.0010730145946025208,0.6061840412984727,-0.0009241946811568427,True,Solve_Succeeded,2,0.02533817799849203,0.028398053997079842,0.028704370000923518,True,1.2651719205755089e-08,
20.5,35.878,35.858,4.3,46.444568429341565,-2.5469251289444554,-0.012847718720103814,1.0370508249170503,-0.0006337353313347644,46.320321430339746,0.006932687473585701,0.0009549219562353696,0.8498529274349058,0.6061840412984727,-0.0009241946811568427,0.5974972601134148,-0.0007556675912133777,True,Solve_Succeeded,2,0.02396216100169113,0.026940171999740414,0.02723597599833738,True,1.0336678455969686e-08,
20.6,35.978,35.96,4.3,46.54855894950054,-2.5482643027630862,-0.01290681421259789,1.0043957016921137,-0.0005239704023801997,46.424320620519595,0.007028407938990476,0.000882749287545153,0.8257790408190075,0.5974972601134148,-0.0007556675912133777,0.5886617937096301,-0.0005702541660185913,True,Solve_Succeeded,2,0.02643557300325483,0.029316426000150386,0.029571940998721402,True,2.0930588118001515e-09,
20.7,36.078,36.062,4.3,46.64928231903813,-2.549566778095786,-0.012954318704415305,0.9729776305981422,-0.0004090581380054403,46.525052580074075,0.007113617872929188,0.0008062411102872837,0.8024614575886172,0.5886617937096301,-0.0005702541660185913,0.5797025111066563,-0.0003708888334604688,True,Solve_Succeeded,2,0.025182188997860067,0.029154366005968768,0.0294858419947559,True,3.2549896091595447e-09,
20.8,36.178,36.164,4.3,46.74686094608361,-2.5508326430407156,-0.012989852650807968,0.9427240026037232,-0.0002917566959338593,46.62263969946384,0.007188570584860604,0.0007272783277970843,0.7798718466185837,0.5797025111066563,-0.0003708888334604688,0.570648701498963,-0.00016034433007685027,True,Solve_Succeeded,2,0.024481588996422943,0.02723206399969058,0.02761845300119603,True,3.808156373493474e-09,
20.9,36.278,36.266,4.3,46.841410099763735,-2.5520619956833377,-0.013013283494989994,0.9135674466247157,-0.000174191846110276,46.71719723064031,0.00725367774238442,0.000647375361227373,0.7579835292164478,0.570648701498963,-0.00016034433007685027,0.5615321140509184,5.87112696748821e-05,True,Solve_Succeeded,2,0.025123063001956325,0.02768066999851726,0.02790627599461004,True,2.0019563042093878e-09,
21.0,36.378,36.368,4.3,46.933038448761344,-2.553254965615888,-0.013024684668629521,0.8854458785650626,-5.8129221320700094e-05,46.808833825394316,0.007309458662878188,0.0005677319468468667,0.7367713545047025,0.5615321140509184,5.87112696748821e-05,0.5523852888904449,0.0002837962707672226,True,Solve_Succeeded,2,0.026894921000348404,0.032273525997879915,0.03252443300152663,True,2.3848200757931037e-10,
21.1,36.478,36.47,4.3,47.02184859771283,-2.5544117292186095,-0.013024305044433217,0.8583024113984042,5.453577038106358e-05,46.897652073154745,0.00735650066803775,0.0004892733024106401,0.7162115749303647,0.5523852888904449,0.0002837962707672226,0.5432402478388954,0.0005127318970662464,True,Solve_Succeeded,2,0.02545642200129805,0.028158135995909106,0.02839264799695229,True,7.912373781887062e-10,
21.2,36.578,36.572,4.3,47.10793814566977,-2.555532533498764,-0.0130125341173575,0.8321032903439989,0.00016352171832220447,46.98374955955271,0.007395422033598405,0.00041269290838183946,0.6962816012269719,0.5432402478388954,0.0005127318970662464,0.5341196412188801,0.0007435412298288185,True,Solve_Succeeded,2,0.029078313993522897,0.032611483002256136,0.032862038002349436,True,7.619976505519616e-10,
21.3,36.678,36.674,4.3,47.19140274161644,-2.5566177217887662,-0.01298985841535363,0.8068282172809835,0.000267104703131269,47.067221921921494,0.007426862920518771,0.0003385001971838199,0.676959295122933,0.5341196412188801,0.0007435412298288185,0.5250341125896216,0.0009749535272634812,True,Solve_Succeeded,2,0.028110105005907826,0.03207102399755968,0.03260880300513236,True,4.165265744078203e-10,
21.4,36.778,36.776,4.3,47.27233415622394,-2.557667715594823,-0.012956859191254435,0.7824290469151123,0.00036478571791538286,47.14816092102552,0.007451455604412178,0.00026703088800340315,0.6582234157005544,0.5250341125896216,0.0009749535272634812,0.5159985043315263,0.0012055843315082202,True,Solve_Succeeded,2,0.027548064004804473,0.03059178399416851,0.03150747899780981,True,1.293487532794818e-10,
21.5,36.878,36.878,4.3,47.35081938160567,-2.5586829962708757,-0.012914166111833781,0.7588605479648234,0.00045625170374975164,47.2266535407391,0.007469812237965747,0.00019850097244560223,0.6400538278037473,0.5159985043315263,0.0012055843315082202,0.5070296669161364,0.001434198195057763,True,Solve_Succeeded,2,0.028450678000808693,0.03184062299988,0.03256129100191174,True,6.050580735359823e-10,
21.6,36.978,36.946,4.3,47.40182473000012,-2.559340831658124,-0.01288058325982169,0.7435340946633587,0.0005298340000496346,47.27766370947074,0.007478870956915921,0.00015457067508748215,0.6282459183750333,0.5070296669161364,0.001434198195057763,0.49842795910122395,0.0016745752644725393,True,Solve_Succeeded,2,0.027360881998902187,0.03186645899404539,0.03236056100286078,True,6.812955062303686e-10,
21.7,37.078,37.048,4.3,47.47641467591212,-2.560299479127361,-0.012823200518084664,0.7212595010647801,0.0006092287375867557,47.35226071901939,0.007488118890041181,9.117672540543027e-05,0.6109780920904844,0.49842795910122395,0.0016745752644725393,0.4900794964145407,0.0018959260282924986,True,Solve_Succeeded,2,0.024822307997965254,0.02876310600549914,0.029013491999648977,True,4.3351910209983406e-10,
21.8,37.178,37.15,4.3,47.54877015948545,-2.5612249635185558,-0.012757744837162311,0.699718956145571,0.0006862372006290586,47.42462306173173,0.00749261808127455,3.105014213210417e-05,0.5942275497958276,0.4900794964145407,0.0018959260282924986,0.4818806522001522,0.0021111540134580715,True,Solve_Succeeded,2,0.025339831998280715,0.028706233999400865,0.028947450999112334,True,4.311439140680098e-10,
21.9,37.278,37.252,4.3,47.61896530607401,-2.562117944325395,-0.012684612659407216,0.6788954214856826,0.0007551381099431727,47.49482486017009,0.007492888189644032,-2.557839244619366e-05,0.5779771334905214,0.4818806522001522,0.0021111540134580715,0.47367788262529614,0.002323111816222675,True,Solve_Succeeded,2,0.02704153100057738,0.030765625997446477,0.031011873004899826,True,1.3953514811150015e-10,
22.0,37.378,37.354,4.3,47.68707191028075,-2.5629791407060125,-0.012604818933848584,0.6587617514631114,0.000814798620849481,47.562937908138906,0.007489401529922309,-7.914768556306455e-05,0.5622102242383548,0.47367788262529614,0.002323111816222675,0.465503675852305,0.0025304018195113223,True,Solve_Succeeded,2,0.026880463999987114,0.030746074000489898,0.03104702899872791,True,2.8018003115335994e-10,
22.1,37.478,37.456,4.3,47.753158725426175,-2.5638093259915884,-0.012519223915307005,0.6392844815923987,0.0008675528932990611,47.62903095850236,0.007482570933787083,-0.00012998760936842706,0.5469109070244693,0.465503675852305,0.0025304018195113223,0.45738526011894376,0.0027323824926250703,True,Solve_Succeeded,2,0.027467122999951243,0.030294561001937836,0.030537601000105496,True,3.751623193825942e-10,
22.2,37.578,37.558,4.3,47.81729095054568,-2.5646092970628436,-0.012428377312724557,0.6204356794639247,0.0009156350818745805,47.69316921142513,0.007472766973654189,-0.00017815822620331594,0.5320640892181545,0.45738526011894376,0.0027323824926250703,0.4493444001575198,0.002928417123155692,True,Solve_Succeeded,2,0.02962424699944677,0.03348835999349831,0.033844313002191484,True,4.738190646043014e-10,
22.3,37.678,37.66,4.3,47.87953230922547,-2.565379876445989,-0.012332818062241449,0.602203576339023,0.0009585637188358941,47.755416392855984,0.007460335402325691,-0.00022375045952987245,0.5176550194423782,0.4493444001575198,0.002928417123155692,0.4413925845816462,0.0031184475150265274,True,Solve_Succeeded,2,0.028156930005934555,0.03183809199981624,0.032178705994738266,True,1.7538687277669773e-10,
22.4,37.778,37.762,4.3,47.93994395242983,-2.5661218990875483,-0.012233090350090152,0.5845556284250276,0.0009960999780825102,47.81583365588081,0.007445591127096789,-0.00026689677619753764,0.5036695418902237,0.4413925845816462,0.0031184475150265274,0.4335433726444709,0.003302335918529613,True,Solve_Succeeded,2,0.029013270999712404,0.03387133900105255,0.03418780399806565,True,2.5795483182486107e-10,
22.5,37.878,37.864,4.3,47.99858438836288,-2.566836207037332,-0.012129744685638648,0.5674686828289761,0.0010286044194554526,47.87447951241368,0.007428818203805636,-0.00030776901048434196,0.5,0.4335433726444709,0.003302335918529613,0.4317853078558217,0.0033490279511341372,True,Solve_Succeeded,2,0.025685705993964802,0.029438646000926383,0.02977812599419849,True,1.8630420036552797e-10,
22.6,37.978,37.966,4.3,48.05550890035368,-2.567523635655539,-0.012023248626689041,0.5509099239751177,0.0010567913853642042,47.93140924955977,0.00741027315871961,-0.00034648464257393957,0.5,0.4317853078558217,0.0033490279511341372,0.4367150408458345,0.0032694012956471417,True,Solve_Succeeded,2,0.025889897995512,0.02915082099934807,0.029596621003292967,True,3.2629005066960905e-10,
22.7,38.078,38.068,4.3,48.11078381858823,-2.5681851993199043,-0.011915587942715886,0.5351697792086528,0.0010494967279436503,47.98668920258655,0.007390161288436907,-0.0003847432363079141,0.5,0.4367150408458345,0.0032694012956471417,0.4464773910565247,0.0031185604573441207,True,Solve_Succeeded,2,0.030689776998769958,0.033514283000840805,0.03378383500239579,True,6.318298744037486e-10,
22.8,38.178,38.17,4.3,48.16451219470558,-2.5688225277111956,-0.011811214181361848,0.5206224219706158,0.000996755627126502,48.04042243521286,0.007368480280121568,-0.00042684832230540336,0.5,0.4464773910565247,0.0031185604573441207,0.45952426091490256,0.0029320711565341715,True,Solve_Succeeded,2,0.028055367001798004,0.032944328006124124,0.03327549200184876,True,6.727976120831074e-10,
22.9,38.278,38.272,4.3,48.21682998284116,-2.5694378298627387,-0.011713920347367254,0.5075233511811758,0.0009167414293254429,48.09274491801883,0.007344982459256622,-0.00047658569995175613,0.5,0.45952426091490256,0.0029320711565341715,0.4745675940576537,0.0027372055446621326,True,Solve_Succeeded,2,0.029287406003277283,0.03351713799929712,0.03377194100175984,True,3.5259345929886023e-10,
23.0,38.378,38.374,4.3,48.26789319750656,-2.570033623731192,-0.011625357321625028,0.4960142075194434,0.0008294944585035223,48.14381268474554,0.007319275128243019,-0.000535713058389252,0.5,0.4745675940576537,0.0027372055446621326,0.49055704077947165,0.002555463567248068,True,Solve_Succeeded,2,0.02641764099826105,0.0298413749987958,0.03032548500050325,True,1.3466525594293954e-10,
23.1,38.478,38.476,4.3,48.317867463740576,-2.5706125018327017,-0.011545493063520729,0.4861452350881238,0.0007482728924476868,48.19379138049292,0.007290922655020437,-0.0006043927563196497,0.5,0.49055704077947165,0.002555463567248068,0.506661324755725,0.002403021437596,True,Solve_Succeeded,2,0.027450991001387592,0.0312889670021832,0.031600181995599996,True,1.2971678700797462e-10,
23.2,38.578,38.578,4.3,48.36691872250646,-2.5711769601969148,-0.011473289461283663,0.4778849293409968,0.0006795631727223839,48.24284696560188,0.00725950716541142,-0.000681840785709863,0.5,0.506661324755725,0.002403021437596,0.5222500109203951,0.0022914708280602756,True,Solve_Succeeded,2,0.028691339000943117,0.03215814400027739,0.03243987099995138,True,2.848664773036705e-10,
23.3,38.678,38.646,4.3,48.399186365377204,-2.571546403484668,-0.011428694227674802,0.4733300898464812,0.000636346907587386,48.275117443908165,0.007236675697388141,-0.0007377722558258477,0.5,0.5222500109203951,0.0022914708280602756,0.535972253266413,0.0022564760841527675,True,Solve_Succeeded,1,0.019569133000914007,0.025531593993946444,0.02587040300568333,True,5.428820494752032e-08,
23.4,38.778,38.748,4.3,48.44703462073906,-2.5720916531967024,-0.01136527007441599,0.46724149999668385,0.0006060244275154006,48.32296988915538,0.007199364597343623,-0.0008264544657945235,0.5,0.535972253266413,0.0022564760841527675,0.548966386594642,0.0022480808121191002,True,Solve_Succeeded,2,0.02798602000257233,0.03334748100314755,0.033644356997683644,True,7.383718445149422e-10,
23.5,38.878,38.85,4.3,48.49434537574439,-2.5726278510275797,-0.011305021325783862,0.4627532047063448,0.000581294494548819,48.37028476996981,0.007158158233465139,-0.0009201736155408004,0.5,0.548966386594642,0.0022480808121191002,0.5607756108392563,0.0022902414265411385,True,Solve_Succeeded,2,0.03212225299648708,0.036470072001975495,0.03680741800053511,True,7.16018885255445e-10,
23.6,38.978,38.952,4.3,48.54125769313557,-2.573156742649965,-0.01124613226331006,0.4593988532862939,0.0005768791446316896,48.417201161199316,0.0071128137545553045,-0.0010174613564185588,0.5,0.5607756108392563,0.0022902414265411385,0.5711902569134374,0.002382369153831891,True,Solve_Succeeded,2,0.03291805500339251,0.03750489999947604,0.03788309700030368,True,5.092314042909026e-10,
23.7,39.078,39.054,4.3,48.58788019547267,-2.5736796200824443,-0.011186991532345458,0.4570387931941357,0.0005871926237808851,48.46382769379444,0.007063155947402991,-0.0011169913239372547,0.5,0.5711902569134374,0.002382369153831891,0.580210086279012,0.0025239412534681254,True,Solve_Succeeded,1,0.018784411004162394,0.022101950002252124,0.022364108001056593,True,3.687387302268863e-08,
23.8,39.178,39.156,4.3,48.63430755472743,-2.57419752606056,-0.011126048002349028,0.45553734614097147,0.0006121388745899533,48.51025904601296,0.007009057385922557,-0.0012174810021766316,0.5,0.580210086279012,0.0025239412534681254,0.5877778958870128,0.0027104081189086183,True,Solve_Succeeded,1,0.016324882999469992,0.019463731994619593,0.02007706199947279,True,2.6088093019183134e-08,
23.9,39.278,39.258,4.3,48.680619877299364,-2.5747112549233044,-0.01106181920400655,0.4547520382865887,0.000651065504684657,48.55657532846635,0.006950440082698187,-0.001317692426115279,0.5,0.5877778958870128,0.0027104081189086183,0.593952983977757,0.0029376068642676324,True,Solve_Succeeded,1,0.02178650199493859,0.026638626994099468,0.026949020000756718,True,2.7913896194498022e-08,
24.0,39.378,39.36,4.3,48.72688330120825,-2.5752213657415406,-0.010992902851568228,0.4545494254031696,0.000702886073710685,48.602842681440634,0.006887277515631048,-0.001416440323938225,0.5,0.593952983977757,0.0029376068642676324,0.5988314024710994,0.003200500841597897,True,Solve_Succeeded,1,0.022658583999145776,0.026692138002545107,0.027229398001509253,True,2.9215788677205978e-08,
24.1,39.478,39.462,4.3,48.77315076839976,-2.5757281985246236,-0.010918033211114408,0.45480565332875056,0.0007662431624574464,48.64911404740469,0.006819595116907136,-0.0015126461477782509,0.5,0.5988314024710994,0.003200500841597897,0.6025336559025437,0.0034936134161662725,True,Solve_Succeeded,1,0.025282251001044642,0.030118452006718144,0.03057946100307163,True,3.005619675366944e-08,
24.2,39.578,39.564,4.3,48.81946316601811,-2.57623189541051,-0.010836094143777548,0.45540895981094953,0.000839638659075794,48.69543031254782,0.00674746893603229,-0.0016053505979938664,0.5,0.6025336559025437,0.0034936134161662725,0.6051949060039586,0.0038112890203166627,True,Solve_Succeeded,1,0.023978383993380703,0.029939492997073103,0.030565193002985325,True,3.045644303423245e-08,
24.3,39.678,39.666,4.3,48.865850731969424,-2.5767324249573975,-0.010746126914853538,0.4562620657904477,0.0009216272156240285,48.74182171235808,0.006671022966094893,-0.0016937224771328314,0.5,0.6051949060039586,0.0038112890203166627,0.6069561536961668,0.004147902604310005,True,Solve_Succeeded,1,0.0229341860031127,0.0270825830011745,0.027727939996111672,True,3.042665264185729e-08,
24.4,39.778,39.768,4.3,48.912334781489506,-2.577229610882685,-0.010647335293033314,0.45728658507682773,0.0010107129821275572,48.788309558577815,0.006590423924688354,-0.0017770667330147122,0.5,0.6069561536961668,0.004147902604310005,0.6079555616186739,0.004498116108577534,True,Solve_Succeeded,1,0.019471126004646067,0.024859634999302216,0.025367180998728145,True,3.002208970315223e-08,
24.5,39.878,39.87,4.3,48.958929681709314,-2.5777231616060914,-0.010539091083337417,0.4584272796756997,0.0011049260122717307,48.834908214055126,0.006505876013607447,-0.001854834692079723,0.5,0.6079555616186739,0.004498116108577534,0.6083200151842739,0.004857202814460471,True,Solve_Succeeded,1,0.018694432998017874,0.0227958459945512,0.023356448000413366,True,2.9374923493641347e-08,
24.6,39.978,39.972,4.3,49.00564462813851,-2.5782126979800886,-0.010421009273057922,0.45963188310037156,0.0012024124215765672,48.881626869486986,0.006417614046396544,-0.0019267039557014122,0.5,0.6083200151842739,0.004857202814460471,0.6081675787199867,0.005220904766139041,True,Solve_Succeeded,1,0.021487562997208443,0.025967476001824252,0.026445880001119804,True,2.8475646618453254e-08,
24.7,40.078,40.074,4.3,49.052483697929496,-2.5786977640224564,-0.010292659722434705,0.4608548137140841,0.0013035705139188875,48.92846959681105,0.006325897595560735,-0.001992288418425636,0.5,0.6081675787199867,0.005220904766139041,0.6076072388481822,0.005584940516366156,True,Solve_Succeeded,1,0.017100878001656383,0.020600180003384594,0.021075459000712726,True,2.70201273577797e-08,
24.8,40.178,40.176,4.3,49.099446824683376,-2.57917784079985,-0.010153865975848097,0.46206035261342826,0.0014056007556843642,48.97543632415448,0.006231009691685529,-0.0020514393346478966,0.5,0.6076072388481822,0.005584940516366156,0.6067367230028785,0.005946041657659444,True,Solve_Succeeded,1,0.017666038998868316,0.0211096670027473,0.021529775993258227,True,2.570296808723782e-08,
24.9,40.278,40.278,4.3,49.14653079149178,-2.5796523698611766,-0.010004598886609982,0.46322200169051886,0.0015074990219480931,49.022523829111826,0.006133245239808058,-0.0021041417001272916,0.5,0.6067367230028785,0.005946041657659444,0.6056416328537858,0.006301248470019358,True,Solve_Succeeded,1,0.017295374993409496,0.022221088998776395,0.022646188001090195,True,2.413776600818096e-08,
25.0,40.378,40.346,4.3,49.177984571182506,-2.5799653562559666,-0.009899238082706105,0.46395626770424386,0.0015899790630401083,49.05397993052782,0.0060666165218404055,-0.0021356650699873112,0.5,0.6056416328537858,0.006301248470019358,0.6045526876295421,0.006647186227162319,True,Solve_Succeeded,1,0.017974602997128386,0.022236987002543174,0.02263987300102599,True,2.3937921533878637e-08,
25.1,40.478,40.448,4.3,49.22525697813733,-2.5804293383751453,-0.009732676873461481,0.46500576248113007,0.0016890723721090584,49.1012557599282,0.005964728821951063,-0.0021777843845970524,0.5,0.6045526876295421,0.006647186227162319,0.6033159568621305,0.006983362892175128,True,Solve_Succeeded,1,0.016523031998076476,0.021361712999350857,0.02165409000008367,True,2.077972260927652e-08,
25.2,40.578,40.55,4.3,49.27263280148647,-2.5808862037486002,-0.009556012421888705,0.46598362399760396,0.0017856130805278024,49.14863492953266,0.005860767820246742,-0.002213817724683721,0.5,0.6033159568621305,0.006983362892175128,0.6019951156228591,0.007308791473658523,True,Solve_Succeeded,1,0.017901253995660227,0.02148242400289746,0.021743668999988586,True,1.9559547204117678e-08,
25.3,40.678,40.652,4.3,49.32010465273055,-2.581335373749918,-0.009369530475353958,0.4668864180415501,0.001879216249802103,49.196110046498,0.0057550246258395,-0.0022440405200586863,0.5,0.6019951156228591,0.007308791473658523,0.6006445796226068,0.0076216237090790855,True,Solve_Succeeded,1,0.019086436994257383,0.02319909200014081,0.023465837999538053,True,1.7675356289714728e-08,
25.4,40.778,40.754,4.3,49.367664746020694,-2.5817762815727763,-0.009173544693228966,0.46771221065466095,0.0019697538458366332,49.24367332087539,0.005647779932755003,-0.0022687520828564983,0.5,0.6006445796226068,0.0076216237090790855,0.5992989295123481,0.007921036841355016,True,Solve_Succeeded,1,0.017048699999577366,0.020794705000298563,0.021124646002135705,True,1.6102022382114e-08,
25.5,40.878,40.856,4.3,49.41530517620385,-2.5822083772554376,-0.00896842590770616,0.4684610848005987,0.0020566534130402477,49.29131684384186,0.005539301584390266,-0.0022883060285739643,0.5,0.5992989295123481,0.007921036841355016,0.5979851080779502,0.008206538320579836,True,Solve_Succeeded,1,0.016370851000829134,0.019882481996319257,0.020184216999041382,True,1.4622911548300976e-08,
25.6,40.978,40.958,4.3,49.463018238610374,-2.582631132638694,-0.008754513217767894,0.4691363568420261,0.002139946819552861,49.33903290754215,0.00542984211642419,-0.0023030228584269992,0.5,0.5979851080779502,0.008206538320579836,0.5967228050766743,0.008477806050064323,True,Solve_Succeeded,1,0.017238254004041664,0.02051094500347972,0.020846706996962894,True,1.318371567471388e-08,
25.7,41.078,41.06,4.3,49.51079670688129,-2.583044043834657,-0.008532209446725754,0.46974363523186824,0.0022193805141846107,49.386814282927965,0.005319638088697504,-0.002313286845785163,0.5,0.5967228050766743,0.008477806050064323,0.5955251275568524,0.008734839316119613,True,Solve_Succeeded,1,0.01780478999717161,0.021897318998526316,0.02222979899670463,True,1.1885979978032424e-08,
25.8,41.178,41.162,4.3,49.558633961283064,-2.583446635326311,-0.008301947613910914,0.47028925102530733,0.002294643337596051,49.4346543480908,0.005208906485583407,-0.002319513320018134,0.5,0.5955251275568524,0.008734839316119613,0.5943998878005008,0.008977895468218035,True,Solve_Succeeded,1,0.015140819996304344,0.018328630001633428,0.018600998002511915,True,1.0769007019462151e-08,
25.9,41.278,41.264,4.3,49.606524064777716,-2.58383846104257,-0.008064157851295151,0.4707801495056193,0.0023658462254916614,49.482547164402725,0.005097843627221231,-0.0023221161911081596,0.5,0.5943998878005008,0.008977895468218035,0.5933505958738214,0.009207364996911925,True,Solve_Succeeded,1,0.016281980999337975,0.019111481997242663,0.01944227499916451,True,1.0603130817798956e-08,
26.0,41.378,41.366,4.3,49.654461803212584,-2.5842191039958107,-0.007819260144853441,0.4712234782289703,0.0024330970799029943,49.530487516733174,0.004986625173586621,-0.0023215011510682015,0.5,0.5933505958738214,0.009207364996911925,0.5923773394460594,0.009423788582935489,True,Solve_Succeeded,1,0.015381735996925272,0.017983593003009446,0.018240860001242254,True,1.0454506593760016e-08,
26.1,41.478,41.468,4.3,49.702442702259575,-2.5845881759774856,-0.007567684381241612,0.47162643518634684,0.0024963416348914784,49.5784709300559,0.0048754058484311805,-0.0023180860793579608,0.5,0.5923773394460594,0.009423788582935489,0.5914775246565563,0.00962786925437147,True,Solve_Succeeded,1,0.01688408799964236,0.019623911997769028,0.019865608999680262,True,1.0320064802726847e-08,
26.2,41.578,41.57,4.3,49.75046296637334,-2.584945315367064,-0.0073097825216893765,0.47199542111325044,0.0025562989631614593,49.626493608556586,0.004764320592261386,-0.0023122131722556373,0.5,0.5914775246565563,0.00962786925437147,0.590646848521702,0.009820235321018927,True,Solve_Succeeded,1,0.017041215003700927,0.020267549996788148,0.020492935000220314,True,1.0197148014867707e-08,
26.3,41.678,41.672,4.3,49.79851974833927,-2.5852901878828933,-0.007045910714205308,0.4723450955910627,0.002612900051860485,49.67455270518003,0.0046534843916396906,-0.002304232756623572,0.5,0.590646848521702,0.009820235321018927,0.5898760053344997,0.010001801360069394,True,Solve_Succeeded,1,0.01951879599801032,0.023431390000041574,0.02372167299472494,True,1.0078977652483445e-08,
26.4,41.778,41.774,4.3,49.84661195467035,-2.5856224872802676,-0.006776422759332284,0.4726895737422465,0.0026661989988605176,49.7226471270214,0.004542994103449696,-0.00229450149646922,0.5,0.5898760053344997,0.010001801360069394,0.5891523128459432,0.010173585523273531,True,Solve_Succeeded,1,0.021852131001651287,0.026460275999852456,0.026809775998117402,True,9.959649105439894e-09,
26.5,41.878,41.876,4.3,49.89473925329233,-2.5859419297574786,-0.006501632783364525,0.4730324781512521,0.002716619594407643,49.77077654296208,0.004432927659096969,-0.0022833402618896497,0.5,0.5891523128459432,0.010173585523273531,0.58846518244702,0.010336484037485322,True,Solve_Succeeded,1,0.02122666299692355,0.02545578200079035,0.025775542999326717,True,9.838913683779538e-09,
26.6,41.978,41.978,4.3,49.942901637983205,-2.586248247746122,-0.006221821414042013,0.4733765194348005,0.0027644660029433063,49.818940948233084,0.004323347575092238,-0.002271038159647661,0.5,0.58846518244702,0.010336484037485322,0.587805652028008,0.01049136955845382,True,Solve_Succeeded,1,0.021934682998107746,0.02697578300285386,0.027406613000493962,True,9.716217164168484e-09,
26.7,42.078,42.046,4.3,49.975029447538375,-2.586445043628941,-0.006032589267449193,0.4736028533882384,0.0028018828216991886,49.85107005199402,0.004250587726290111,-0.0022623059255607453,0.5,0.587805652028008,0.01049136955845382,0.5872181437797507,0.010639255920024049,True,Solve_Succeeded,1,0.021806175995152444,0.02625922000152059,0.026602908001223113,True,9.65296464983112e-09,
26.8,42.178,42.148,4.3,50.02325074511714,-2.5867289278619676,-0.005744937642769503,0.47395153648236005,0.00284554066269205,49.89929321242854,0.004141921529422928,-0.0022486525655168663,0.5,0.5872181437797507,0.010639255920024049,0.5866300523004003,0.010780510972668507,True,Solve_Succeeded,1,0.02113676599401515,0.026719591005530674,0.027130081994982902,True,9.516917032215133e-09,
26.9,42.278,42.25,4.3,50.071507944490655,-2.5869990346894833,-0.005452868948080022,0.4743063254377354,0.002887402001787601,49.947552182756844,0.004033846258561756,-0.002234490226627658,0.5,0.5866300523004003,0.010780510972668507,0.5860402410142788,0.0109163580151735,True,Solve_Succeeded,1,0.022664294003334362,0.028238646002137102,0.02865606999694137,True,9.383427368447883e-09,
